schema_version,protocol_hash,scenario,seed,sample,dimension,rank,statistic,log_information_volume,objective,parameter_error,wall_seconds
2.0,70c7d5be4c9850c2,regular_sir_full,0,calibration,2,2,0.04138769443525424,22.018746640906393,-284.0124916628081,0.0010258966181278632,6.970921300002374
2.0,70c7d5be4c9850c2,regular_sir_full,1,calibration,2,2,0.6646023028246658,22.020553886879625,-282.3429454853341,0.005675979072972932,6.9750797000015154
2.0,70c7d5be4c9850c2,regular_sir_full,2,calibration,2,2,4.0684000004111285,22.019992746179927,-280.5065281063879,0.014203133988699936,6.9204634000052465
2.0,70c7d5be4c9850c2,regular_sir_full,3,calibration,2,2,5.287855040705072,22.025418378942938,-272.1653568228833,0.015779764536538135,6.845976199998404
2.0,70c7d5be4c9850c2,regular_sir_full,4,calibration,2,2,5.1225848096602045,22.008980501276923,-277.59642392217444,0.010606131598505864,6.920279300000402
2.0,70c7d5be4c9850c2,regular_sir_full,5,calibration,2,2,1.557184105506429,22.022328094333666,-281.68547628995367,0.008126599189046343,6.945084999999381
2.0,70c7d5be4c9850c2,regular_sir_full,6,calibration,2,2,4.999809560596706,22.009119120180053,-280.83648511106986,0.011056102216679856,6.8487354000099
2.0,70c7d5be4c9850c2,regular_sir_full,7,calibration,2,2,0.3422700144169526,22.015816912468928,-280.00767413384557,0.003674843002015172,6.834070800003246
2.0,70c7d5be4c9850c2,regular_sir_full,8,calibration,2,2,2.469338054851563,22.022635430693967,-273.811733275026,0.011198507653818827,2.552527199994074
2.0,70c7d5be4c9850c2,regular_sir_full,9,calibration,2,2,1.7408152607183853,22.013765129729542,-270.303315510944,0.003007244129637346,2.6679767000023276
2.0,70c7d5be4c9850c2,regular_sir_full,10,calibration,2,2,0.906073509669714,22.01694819035661,-275.15565878534215,0.004932894665221022,2.619747099990491
2.0,70c7d5be4c9850c2,regular_sir_full,11,calibration,2,2,0.31139394362713496,22.0200544545001,-282.38457934883326,0.0032702446596067996,2.606697199997143
2.0,70c7d5be4c9850c2,regular_sir_full,12,calibration,2,2,0.35455843598483666,22.020120253564667,-281.42627504659714,0.0015453985555663036,2.643224500003271
2.0,70c7d5be4c9850c2,regular_sir_full,13,calibration,2,2,0.693431366398571,22.01784575893849,-271.1608547789704,0.005383927160966504,2.625538399996003
2.0,70c7d5be4c9850c2,regular_sir_full,14,calibration,2,2,0.2337483900828305,22.016041045804005,-293.2148763759904,0.0022549145536859354,2.6113596000068355
2.0,70c7d5be4c9850c2,regular_sir_full,15,calibration,2,2,0.003597953269995793,22.01776918247033,-281.99766848241524,0.0004291004244073214,2.6531460999976844
2.0,70c7d5be4c9850c2,regular_sir_full,16,calibration,2,2,2.971728917888767,22.024668981550803,-281.3242158696637,0.006554531627418139,2.698019099989324
2.0,70c7d5be4c9850c2,regular_sir_full,17,calibration,2,2,0.6973329020555031,22.014891773278762,-270.30826170555395,0.002178072612326054,2.737646900000982
2.0,70c7d5be4c9850c2,regular_sir_full,18,calibration,2,2,3.444477090479407,22.012967884863805,-273.6719601449798,0.01370205568335623,2.7589576999889687
2.0,70c7d5be4c9850c2,regular_sir_full,19,calibration,2,2,1.4386689535160784,22.01472347065705,-286.0940095102705,0.008831279801387523,2.686380500002997
2.0,70c7d5be4c9850c2,regular_sir_full,20,calibration,2,2,0.4301633806154874,22.019475813058293,-272.6460036491194,0.0021952802914999717,2.7085495999926934
2.0,70c7d5be4c9850c2,regular_sir_full,21,calibration,2,2,1.6527213816980826,22.02187680638866,-274.8008750936143,0.0030048154042459055,2.6677459000056842
2.0,70c7d5be4c9850c2,regular_sir_full,22,calibration,2,2,4.184408127544673,22.012992049988597,-270.28058032701307,0.015263713951199983,2.620924600007129
2.0,70c7d5be4c9850c2,regular_sir_full,23,calibration,2,2,1.4047553179987202,22.01965499554374,-273.4342156859644,0.008601490875094852,2.810901599994395
2.0,70c7d5be4c9850c2,regular_sir_full,24,calibration,2,2,1.7289613118183678,22.021959741164075,-285.9931497148246,0.009311704893668836,3.604053400005796
2.0,70c7d5be4c9850c2,regular_sir_full,25,calibration,2,2,0.08346999457167004,22.019028583553634,-272.77404760916517,0.0008217183271588867,3.7214902999985497
2.0,70c7d5be4c9850c2,regular_sir_full,26,calibration,2,2,1.4489404881655232,22.01546157174659,-285.75769307280495,0.008978768508801617,4.0311699000012595
2.0,70c7d5be4c9850c2,regular_sir_full,27,calibration,2,2,1.8985459697561866,22.021996145726185,-268.265286785648,0.003385813704397009,3.9032028000074206
2.0,70c7d5be4c9850c2,regular_sir_full,28,calibration,2,2,3.7506507890141076,22.024467182700004,-281.43116360497385,0.004326993298639316,3.9641042000002926
2.0,70c7d5be4c9850c2,regular_sir_full,29,calibration,2,2,1.8115982517952531,22.021067485905483,-287.43127759807385,0.0045186945107467255,3.955270299993572
2.0,70c7d5be4c9850c2,regular_sir_full,30,calibration,2,2,5.636111056389392,22.025246197925394,-280.71822293073996,0.005481350290012693,3.8952830000052927
2.0,70c7d5be4c9850c2,regular_sir_full,31,calibration,2,2,2.844237454859139,22.01159860580415,-265.60717162431445,0.00488186744261484,4.329497400001856
2.0,70c7d5be4c9850c2,regular_sir_full,32,calibration,2,2,1.0654939272540287,22.021281946764063,-282.06290407007356,0.007143240117847003,6.141760699989391
2.0,70c7d5be4c9850c2,regular_sir_full,33,calibration,2,2,3.108273503947795,22.015893534707793,-278.5571369279306,0.012716461570474758,6.1625319000013405
2.0,70c7d5be4c9850c2,regular_sir_full,34,calibration,2,2,6.1987195480430035,22.023288424964907,-277.09071615920044,0.009010357046652385,6.279449299996486
2.0,70c7d5be4c9850c2,regular_sir_full,35,calibration,2,2,0.5390435086923314,22.01510136200147,-271.06553321115314,0.0025523099909802375,6.19498700000986
2.0,70c7d5be4c9850c2,regular_sir_full,36,calibration,2,2,3.775323346627429,22.010271799489203,-268.42628313079433,0.007915777552170438,6.100465000010445
2.0,70c7d5be4c9850c2,regular_sir_full,37,calibration,2,2,1.3305835362386371,22.020923842254003,-277.84504849076825,0.003406058339301812,6.078578999993624
2.0,70c7d5be4c9850c2,regular_sir_full,38,calibration,2,2,0.4517173692467932,22.01837686759695,-273.424032643862,0.003826865763400398,6.160150900002918
2.0,70c7d5be4c9850c2,regular_sir_full,39,calibration,2,2,0.3118502493777143,22.01604149894134,-273.5690700628405,0.0012628141584183075,6.28127159998985
2.0,70c7d5be4c9850c2,regular_sir_full,40,calibration,2,2,0.40185628136167556,22.018118222372923,-262.54107593208585,0.0038612726296390087,6.045321600002353
2.0,70c7d5be4c9850c2,regular_sir_full,41,calibration,2,2,3.8913010198980413,22.015814735843037,-283.2547897176859,0.014153133019359361,6.180467700003646
2.0,70c7d5be4c9850c2,regular_sir_full,42,calibration,2,2,0.18874633317527809,22.019342223789295,-277.3469552990994,0.0030244182633519063,6.036676900010207
2.0,70c7d5be4c9850c2,regular_sir_full,43,calibration,2,2,1.4335105386366784,22.016462894917254,-278.3444787959687,0.0059124454340570625,6.13342769999872
2.0,70c7d5be4c9850c2,regular_sir_full,44,calibration,2,2,2.08705640073137,22.022814599484523,-287.8207076974545,0.00972917494810867,6.067338799999561
2.0,70c7d5be4c9850c2,regular_sir_full,45,calibration,2,2,2.4306720302515745,22.02017133437517,-275.51643277271785,0.011291847818207825,6.115048200008459
2.0,70c7d5be4c9850c2,regular_sir_full,46,calibration,2,2,1.8995119873356259,22.01781003038107,-273.9215711167384,0.008896075491307949,6.223725500007276
2.0,70c7d5be4c9850c2,regular_sir_full,47,calibration,2,2,1.645779544768998,22.022982623002328,-278.2697840925143,0.0052365920224018364,6.099737500000629
2.0,70c7d5be4c9850c2,regular_sir_full,48,calibration,2,2,1.7389837951020832,22.017917805779415,-268.3782796732868,0.00829978683752095,6.095279399989522
2.0,70c7d5be4c9850c2,regular_sir_full,49,calibration,2,2,3.3864009246438687,22.017542885175445,-279.5361289931549,0.01122392196904557,6.061144899998908
2.0,70c7d5be4c9850c2,regular_sir_full,50,calibration,2,2,3.8285460958599247,22.021818815144464,-269.3868204883138,0.014415546853481303,6.125895199991646
2.0,70c7d5be4c9850c2,regular_sir_full,51,calibration,2,2,3.6529030589368974,22.012288536665174,-282.6579636523747,0.013829695936609184,6.12262739999278
2.0,70c7d5be4c9850c2,regular_sir_full,52,calibration,2,2,2.272167653414217,22.016424534982704,-268.7552889943203,0.007881376031990978,6.098872499991558
2.0,70c7d5be4c9850c2,regular_sir_full,53,calibration,2,2,0.4904695978233769,22.020351575314848,-275.52869956947785,0.004666800587470502,6.167365500004962
2.0,70c7d5be4c9850c2,regular_sir_full,54,calibration,2,2,0.5823027922084406,22.019108427324866,-279.5649998718522,0.005567613873406041,6.1087725999968825
2.0,70c7d5be4c9850c2,regular_sir_full,55,calibration,2,2,0.0841690663467532,22.017905605934843,-283.0272030252836,0.0018796215209099603,6.131065499997931
2.0,70c7d5be4c9850c2,regular_sir_full,56,calibration,2,2,4.564391375747485,22.025218608136928,-275.37289047539014,0.004815418955792935,5.863232500007143
2.0,70c7d5be4c9850c2,regular_sir_full,57,calibration,2,2,2.614412694773238,22.022415043649147,-276.307192091277,0.011730241478868784,6.055333500000415
2.0,70c7d5be4c9850c2,regular_sir_full,58,calibration,2,2,3.343311055344668,22.024973412782845,-272.9766830138159,0.006175657630827312,6.0814174999977695
2.0,70c7d5be4c9850c2,regular_sir_full,59,calibration,2,2,5.133343711568094,22.019949514782212,-263.2985357152047,0.015773668196435935,6.0958191999961855
2.0,70c7d5be4c9850c2,regular_sir_full,60,calibration,2,2,0.481139067469967,22.01761694207716,-272.4190025776875,0.0046849204220947935,6.0752966000000015
2.0,70c7d5be4c9850c2,regular_sir_full,61,calibration,2,2,2.0355023566446544,22.01242603350223,-293.9929742695946,0.004835141366258976,6.093822800001362
2.0,70c7d5be4c9850c2,regular_sir_full,62,calibration,2,2,7.674768593710052,22.022457071421613,-286.7111443136487,0.012218557216208797,6.173358700005338
2.0,70c7d5be4c9850c2,regular_sir_full,63,calibration,2,2,2.209098695883075,22.01556857359791,-279.2779419505591,0.006610899776832907,6.09164939999755
2.0,70c7d5be4c9850c2,regular_sir_full,64,calibration,2,2,0.3204369404790746,22.018161519666396,-279.78683267634926,0.0037628551213562556,6.206235099991318
2.0,70c7d5be4c9850c2,regular_sir_full,65,calibration,2,2,0.48760330352162606,22.016130184844886,-278.78377315526245,0.0020494296542815683,6.269535700004781
2.0,70c7d5be4c9850c2,regular_sir_full,66,calibration,2,2,2.8878019686190948,22.01774550060383,-276.4268459085624,0.011007676235860204,6.024782400010736
2.0,70c7d5be4c9850c2,regular_sir_full,67,calibration,2,2,2.599176184691194,22.013472400953567,-270.1075796704418,0.011826323063357444,6.3075116999971215
2.0,70c7d5be4c9850c2,regular_sir_full,68,calibration,2,2,1.8905183332803248,22.02205116781937,-276.74107379514754,0.009804848837916713,6.18704410000646
2.0,70c7d5be4c9850c2,regular_sir_full,69,calibration,2,2,0.6180377078478485,22.015845438121545,-278.3706604684135,0.005783516491955693,6.272418100008508
2.0,70c7d5be4c9850c2,regular_sir_full,70,calibration,2,2,0.4375853726960213,22.017951987479076,-276.67041832837305,0.004187550169784041,6.2823955999920145
2.0,70c7d5be4c9850c2,regular_sir_full,71,calibration,2,2,2.713812708341639,22.022195955998576,-267.2364112585164,0.004856388512783411,6.262746199994581
2.0,70c7d5be4c9850c2,regular_sir_full,72,calibration,2,2,8.191713864706784,22.007854419481134,-267.15742558716056,0.018899162906112668,6.0866004999988945
2.0,70c7d5be4c9850c2,regular_sir_full,73,calibration,2,2,2.3314326220034203,22.02377885857024,-278.1845216331378,0.00859209920068362,6.069159499995294
2.0,70c7d5be4c9850c2,regular_sir_full,74,calibration,2,2,1.1862046662636772,22.01742992459468,-271.69519792456265,0.006368970879747062,6.152201999997487
2.0,70c7d5be4c9850c2,regular_sir_full,75,calibration,2,2,0.3316907813290409,22.018002917743647,-280.88949572767604,0.003605868431912336,6.065285100004985
2.0,70c7d5be4c9850c2,regular_sir_full,76,calibration,2,2,1.2346527679565233,22.022314718768605,-284.7540610826287,0.004616698880852154,6.137237899994943
2.0,70c7d5be4c9850c2,regular_sir_full,77,calibration,2,2,0.7854663375722823,22.021243593613576,-276.8052187509863,0.0024816985851497182,5.930407699997886
2.0,70c7d5be4c9850c2,regular_sir_full,78,calibration,2,2,1.0805730888398306,22.022035648834198,-277.4010966686548,0.004923255497190911,6.161487000004854
2.0,70c7d5be4c9850c2,regular_sir_full,79,calibration,2,2,0.5043157288189365,22.017558333144745,-277.3247425109828,0.004834447605561521,6.1948181000043405
2.0,70c7d5be4c9850c2,regular_sir_full,80,calibration,2,2,5.568887750890481,22.024915289725662,-267.07095211233013,0.016815742561616717,6.141639200010104
2.0,70c7d5be4c9850c2,regular_sir_full,81,calibration,2,2,5.519178996510736,22.01791496467239,-267.53950464044306,0.014766304426850087,5.917393600000651
2.0,70c7d5be4c9850c2,regular_sir_full,82,calibration,2,2,0.17494225377946712,22.019594358302644,-281.2991571938534,0.0020156264935613155,6.0391144000022905
2.0,70c7d5be4c9850c2,regular_sir_full,83,calibration,2,2,3.0917223271231196,22.012457075453625,-284.47709602376926,0.012489093852729869,6.170665600002394
2.0,70c7d5be4c9850c2,regular_sir_full,84,calibration,2,2,0.6936980639098977,22.021129578066926,-277.85838738098903,0.004714197281374631,5.923828500002855
2.0,70c7d5be4c9850c2,regular_sir_full,85,calibration,2,2,2.4043658476700647,22.013224208678615,-277.7196911793025,0.003687481673347092,6.069538499999908
2.0,70c7d5be4c9850c2,regular_sir_full,86,calibration,2,2,0.34109214460232173,22.01572796943927,-282.22650481297956,0.0033803927937922883,6.091483399999561
2.0,70c7d5be4c9850c2,regular_sir_full,87,calibration,2,2,3.4282309331647856,22.024405008980587,-276.4519663555268,0.01209808528391224,6.151718799999799
2.0,70c7d5be4c9850c2,regular_sir_full,88,calibration,2,2,4.031993162860515,22.025832185792353,-284.3694839810157,0.009282576024966762,6.049400799995055
2.0,70c7d5be4c9850c2,regular_sir_full,89,calibration,2,2,2.8961131244188874,22.024472327557547,-278.12928882812577,0.005652491275390962,6.162640499998815
2.0,70c7d5be4c9850c2,regular_sir_full,90,calibration,2,2,1.9552953553222863,22.022542906712097,-287.41368579664,0.009570530647418063,6.072287000002689
2.0,70c7d5be4c9850c2,regular_sir_full,91,calibration,2,2,1.495133478865073,22.013616410376635,-279.3357612382141,0.007975645258509129,6.174232299992582
2.0,70c7d5be4c9850c2,regular_sir_full,92,calibration,2,2,3.460584430652853,22.02229110012963,-275.4131622303761,0.013708067954019734,6.191275399993174
2.0,70c7d5be4c9850c2,regular_sir_full,93,calibration,2,2,0.061687296987293035,22.017720516349847,-269.3252932689988,0.0013282793514835087,6.053562100001727
2.0,70c7d5be4c9850c2,regular_sir_full,94,calibration,2,2,3.0458494958500086,22.022682681006643,-280.54477659908014,0.004795040055930057,5.952012699999614
2.0,70c7d5be4c9850c2,regular_sir_full,95,calibration,2,2,1.5603379008414846,22.013185696949606,-282.873756147143,0.007216615392552729,6.178241400004481
2.0,70c7d5be4c9850c2,regular_sir_full,96,calibration,2,2,1.0730092235995066,22.01436765410264,-281.49799373239716,0.0023714598542944167,6.072419200005243
2.0,70c7d5be4c9850c2,regular_sir_full,97,calibration,2,2,0.46804547915504524,22.020643729907256,-279.74899759928417,0.0031519975940590738,5.85235630000534
2.0,70c7d5be4c9850c2,regular_sir_full,98,calibration,2,2,1.5371409481167986,22.02197254020524,-267.08069554718037,0.0027612958497170437,6.111214899996412
2.0,70c7d5be4c9850c2,regular_sir_full,99,calibration,2,2,0.2253683798175433,22.019712930961603,-269.1381247393311,0.001321006046145229,6.108678600008716
2.0,70c7d5be4c9850c2,regular_sir_full,100,calibration,2,2,0.9129530370821073,22.014286521393814,-281.7223523070328,0.0030618433007212425,8.450731099990662
2.0,70c7d5be4c9850c2,regular_sir_full,101,calibration,2,2,0.4689420571801805,22.02063162732353,-269.6769479150032,0.002677317375561259,8.51491490000626
2.0,70c7d5be4c9850c2,regular_sir_full,102,calibration,2,2,0.9932508393943515,22.014286666744702,-280.6420185087921,0.0061980218569908305,8.356066700012889
2.0,70c7d5be4c9850c2,regular_sir_full,103,calibration,2,2,5.936572236650789,22.025404163500852,-279.8068355476278,0.017159290835967157,8.266121099994052
2.0,70c7d5be4c9850c2,regular_sir_full,104,calibration,2,2,2.887063600645153,22.01422677731547,-272.88415820718194,0.012701034225133733,8.468085300002713
2.0,70c7d5be4c9850c2,regular_sir_full,105,calibration,2,2,1.03410786361966,22.019788067923127,-271.8698580284769,0.004214866085134033,8.470144099992467
2.0,70c7d5be4c9850c2,regular_sir_full,106,calibration,2,2,3.430506655976484,22.02059877897735,-270.40928031646087,0.008691110994560809,6.7268469000118785
2.0,70c7d5be4c9850c2,regular_sir_full,107,calibration,2,2,5.232238943450896,22.01967491056256,-264.895389686205,0.015742823996904003,6.665745899983449
2.0,70c7d5be4c9850c2,regular_sir_full,108,calibration,2,2,1.005107162792181,22.02188512721224,-279.22738026330745,0.004089193993339103,6.635088300012285
2.0,70c7d5be4c9850c2,regular_sir_full,109,calibration,2,2,0.6873870302152373,22.018529796357285,-281.4128506190832,0.004661232374938703,6.735337399994023
2.0,70c7d5be4c9850c2,regular_sir_full,110,calibration,2,2,3.021893652767598,22.021261541512096,-273.38498672708556,0.012801752577813293,6.541746499977307
2.0,70c7d5be4c9850c2,regular_sir_full,111,calibration,2,2,1.454145530685458,22.013555078632162,-276.07195267355127,0.0030888097776886163,6.72398440001416
2.0,70c7d5be4c9850c2,regular_sir_full,112,calibration,2,2,2.339179066007584,22.01746375769045,-274.72424524619,0.00918829065185671,7.49042630000622
2.0,70c7d5be4c9850c2,regular_sir_full,113,calibration,2,2,5.418187758392817,22.020422821370794,-276.3150841255291,0.012082361754079014,7.561133500013966
2.0,70c7d5be4c9850c2,regular_sir_full,114,calibration,2,2,1.382571215005502,22.0218900338799,-277.5881165215769,0.0026227936486696813,7.5986195000004955
2.0,70c7d5be4c9850c2,regular_sir_full,115,calibration,2,2,0.4684980333464172,22.02017037607051,-278.3519721756228,0.0015271484505646347,7.5688300000038
2.0,70c7d5be4c9850c2,regular_sir_full,116,calibration,2,2,1.303282437493901,22.01489023625267,-281.8220424257523,0.0032322264677305894,7.7609016000060365
2.0,70c7d5be4c9850c2,regular_sir_full,117,calibration,2,2,2.469130446085636,22.015048614433862,-278.7064753733643,0.011695279855745148,7.574942599982023
2.0,70c7d5be4c9850c2,regular_sir_full,118,calibration,2,2,1.2559293535663147,22.01840771474246,-274.28169181535736,0.006667669699854325,4.539469299983466
2.0,70c7d5be4c9850c2,regular_sir_full,119,calibration,2,2,0.6327158911413471,22.016440937869216,-280.0524941953054,0.0031965568548919334,4.607509800000116
2.0,70c7d5be4c9850c2,regular_sir_full,120,calibration,2,2,2.211964322773861,22.02352995203178,-280.41989896090513,0.004373661205276313,4.5950167999835685
2.0,70c7d5be4c9850c2,regular_sir_full,121,calibration,2,2,2.7175013520504545,22.02056035638134,-278.7632327430015,0.0073748766098044,4.362292899983004
2.0,70c7d5be4c9850c2,regular_sir_full,122,calibration,2,2,0.013252274360239125,22.017580945238116,-270.95635366810103,0.00025930561144102947,4.2475940999866
2.0,70c7d5be4c9850c2,regular_sir_full,123,calibration,2,2,0.6069730437373188,22.01804423521245,-278.6538544491067,0.005012214101044325,4.37176140001975
2.0,70c7d5be4c9850c2,regular_sir_full,124,calibration,2,2,5.723439346764907,22.01002326985591,-275.67707708821314,0.005360346793338942,4.071130299998913
2.0,70c7d5be4c9850c2,regular_sir_full,125,calibration,2,2,0.12613442167709268,22.017685678028307,-273.1329109847423,0.00246241726397347,4.080216999980621
2.0,70c7d5be4c9850c2,regular_sir_full,126,calibration,2,2,8.63738065110653,22.017749627647845,-266.30903757655267,0.018967050662869016,4.074288900010288
2.0,70c7d5be4c9850c2,regular_sir_full,127,calibration,2,2,0.43739665040995046,22.016331399594478,-269.29498485852264,0.002099976202347473,4.023942100000568
2.0,70c7d5be4c9850c2,regular_sir_full,128,calibration,2,2,0.9367163199065008,22.020696011214042,-271.7985555481667,0.007001225813577849,4.254195199988317
2.0,70c7d5be4c9850c2,regular_sir_full,129,calibration,2,2,2.5643217407915526,22.02304137038261,-278.1213864553356,0.0035987314207202195,4.093432299996493
2.0,70c7d5be4c9850c2,regular_sir_full,130,calibration,2,2,0.44971532897093935,22.016698663027825,-279.7559673887125,0.0027258857319143633,4.369470000005094
2.0,70c7d5be4c9850c2,regular_sir_full,131,calibration,2,2,4.3265304526085195,22.025584474949298,-272.0800782548815,0.012734265140689528,4.1739789999846835
2.0,70c7d5be4c9850c2,regular_sir_full,132,calibration,2,2,1.7697836281473278,22.022521554487902,-277.50361514147886,0.00882530700328926,4.559989900008077
2.0,70c7d5be4c9850c2,regular_sir_full,133,calibration,2,2,0.18761392959504686,22.0185643027789,-280.56196943140174,0.0031484912240933188,4.0028328000043985
2.0,70c7d5be4c9850c2,regular_sir_full,134,calibration,2,2,0.28858993667984084,22.01875154944205,-278.58213870087036,0.0024723315646540387,4.719282500009285
2.0,70c7d5be4c9850c2,regular_sir_full,135,calibration,2,2,1.5773621098654376,22.021922857809624,-278.95275255282843,0.008768173494799,4.193244299996877
2.0,70c7d5be4c9850c2,regular_sir_full,136,calibration,2,2,0.22773025567682653,22.019578000814857,-266.0250918057303,0.003195943479545397,8.299966799997492
2.0,70c7d5be4c9850c2,regular_sir_full,137,calibration,2,2,0.30581878715113275,22.019842140401842,-291.761346871095,0.0036939208462770747,8.210534099984216
2.0,70c7d5be4c9850c2,regular_sir_full,138,calibration,2,2,3.156926536215341,22.015870504504953,-277.5575903472951,0.008933598631728087,8.257876899995608
2.0,70c7d5be4c9850c2,regular_sir_full,139,calibration,2,2,0.7654626389708967,22.016237682805833,-280.5815703712741,0.0065098312663950135,8.229863500018837
2.0,70c7d5be4c9850c2,regular_sir_full,140,calibration,2,2,0.23003069763207518,22.018866765566536,-276.94368374736285,0.0019133821195659797,8.118483600002946
2.0,70c7d5be4c9850c2,regular_sir_full,141,calibration,2,2,1.1274765757284353,22.01780167147252,-278.1736548875194,0.0068834113369665335,8.16734639997594
2.0,70c7d5be4c9850c2,regular_sir_full,142,calibration,2,2,0.3567743435470204,22.02023366047827,-284.49930027848154,0.0019253616015950479,7.2135833999782335
2.0,70c7d5be4c9850c2,regular_sir_full,143,calibration,2,2,0.2468619621716353,22.019038080383197,-284.61979747812387,0.001769352571020648,7.092039000010118
2.0,70c7d5be4c9850c2,regular_sir_full,144,calibration,2,2,1.3088871933400268,22.02213719440622,-271.16073946231256,0.0030232796594308565,7.175775599986082
2.0,70c7d5be4c9850c2,regular_sir_full,145,calibration,2,2,0.9181136892392354,22.015227483761358,-274.6005080145573,0.0024974722518720256,7.074788800004171
2.0,70c7d5be4c9850c2,regular_sir_full,146,calibration,2,2,0.8595032885358774,22.01713762279453,-277.57326893197614,0.00651840988441388,7.139072399993893
2.0,70c7d5be4c9850c2,regular_sir_full,147,calibration,2,2,1.9485232153617449,22.022128349115007,-277.66696296776024,0.00334303436444336,7.111027599981753
2.0,70c7d5be4c9850c2,regular_sir_full,148,calibration,2,2,0.3293284400715314,22.0161173667705,-280.3821887617497,0.0012973926219014239,7.086322499992093
2.0,70c7d5be4c9850c2,regular_sir_full,149,calibration,2,2,0.036085795408063885,22.017536263434835,-274.3490805451296,0.0014122175096717754,7.155015700001968
2.0,70c7d5be4c9850c2,regular_sir_full,150,calibration,2,2,1.3168948338683766,22.01634601178201,-280.45874403609406,0.008378036030703582,7.155863299994962
2.0,70c7d5be4c9850c2,regular_sir_full,151,calibration,2,2,2.018042317697069,22.020976047270047,-284.44896610121015,0.005183048161077344,7.10757459999877
2.0,70c7d5be4c9850c2,regular_sir_full,152,calibration,2,2,1.3950245731079343,22.01551933248726,-267.721540600236,0.008808758641999717,7.055376899981638
2.0,70c7d5be4c9850c2,regular_sir_full,153,calibration,2,2,2.4123988059919643,22.012058716435078,-279.4707109392307,0.004659781341659978,7.1858266000053845
2.0,70c7d5be4c9850c2,regular_sir_full,154,calibration,2,2,2.0591542127620444,22.012372228656545,-280.11521283101433,0.007780100789768535,7.04669589997502
2.0,70c7d5be4c9850c2,regular_sir_full,155,calibration,2,2,2.3022517856227434,22.013173480169733,-283.2995834706784,0.0034839983626400203,7.196208800014574
2.0,70c7d5be4c9850c2,regular_sir_full,156,calibration,2,2,4.393051572343311,22.02227167522802,-275.6690834205418,0.015448048163333894,7.203100799990352
2.0,70c7d5be4c9850c2,regular_sir_full,157,calibration,2,2,0.9317888577726415,22.017181031503423,-279.7917405366564,0.006739650760254813,7.157127899990883
2.0,70c7d5be4c9850c2,regular_sir_full,158,calibration,2,2,5.0451612880941115,22.026682663172796,-281.2502607285812,0.008424259101541796,7.39968649999355
2.0,70c7d5be4c9850c2,regular_sir_full,159,calibration,2,2,1.408701626461023,22.02250164460962,-273.643457722044,0.003929043103561597,7.332071299984818
2.0,70c7d5be4c9850c2,regular_sir_full,160,calibration,2,2,0.0002593119999093481,22.01798954205333,-276.2025389391164,0.00011904423691473324,6.788955900003202
2.0,70c7d5be4c9850c2,regular_sir_full,161,calibration,2,2,1.199519119874254,22.019888317635488,-274.1760290676122,0.008057568830761683,6.695433999993838
2.0,70c7d5be4c9850c2,regular_sir_full,162,calibration,2,2,1.639607700612835,22.012885895120057,-286.4939237667078,0.005478990117158868,6.807454099995084
2.0,70c7d5be4c9850c2,regular_sir_full,163,calibration,2,2,0.3637226726555515,22.02032579965027,-280.78942808434465,0.0027215997606066158,6.781220200005919
2.0,70c7d5be4c9850c2,regular_sir_full,164,calibration,2,2,0.0780973165343338,22.017568681682697,-274.1466963916497,0.0013359067540258615,6.678795499989064
2.0,70c7d5be4c9850c2,regular_sir_full,165,calibration,2,2,0.3270832260299965,22.02019979896204,-272.36459732655106,0.0027149280346630265,6.67346630000975
2.0,70c7d5be4c9850c2,regular_sir_full,166,calibration,2,2,1.8181523572395057,22.019185495349312,-277.23948281191076,0.00944234890460837,6.894089100009296
2.0,70c7d5be4c9850c2,regular_sir_full,167,calibration,2,2,0.5599548481544856,22.01752149224486,-271.7930197673575,0.005106300261884733,6.842609099985566
2.0,70c7d5be4c9850c2,regular_sir_full,168,calibration,2,2,0.15338998291572276,22.019069446517868,-279.0351624870015,0.0010043259654610402,6.990901899989694
2.0,70c7d5be4c9850c2,regular_sir_full,169,calibration,2,2,0.9332634838763424,22.020160203184744,-282.28081159366957,0.007146461240084189,6.952262100006919
2.0,70c7d5be4c9850c2,regular_sir_full,170,calibration,2,2,5.7051060005148955,22.02636308428235,-279.27884356704146,0.005689432325831226,7.047650699998485
2.0,70c7d5be4c9850c2,regular_sir_full,171,calibration,2,2,0.7120861041972952,22.018268028671088,-272.52199971561464,0.005606630310268757,6.84735150000779
2.0,70c7d5be4c9850c2,regular_sir_full,172,calibration,2,2,4.394020282372631,22.018245490871927,-276.9259228357861,0.013078719898844314,6.829747500014491
2.0,70c7d5be4c9850c2,regular_sir_full,173,calibration,2,2,2.741736156005482,22.01270039023853,-276.80542240727004,0.011683266549638258,6.7511477999796625
2.0,70c7d5be4c9850c2,regular_sir_full,174,calibration,2,2,0.1763543242902558,22.01644126780702,-278.5924556124099,0.0010357735219619693,6.874026900011813
2.0,70c7d5be4c9850c2,regular_sir_full,175,calibration,2,2,2.5442064079678506,22.02293318863096,-284.6928098046926,0.003635671874107024,6.632934399996884
2.0,70c7d5be4c9850c2,regular_sir_full,176,calibration,2,2,0.26017587497629746,22.01727548320685,-270.3703656418144,0.0024663271248785397,6.751644300005864
2.0,70c7d5be4c9850c2,regular_sir_full,177,calibration,2,2,4.07275367007468,22.024459340863636,-276.2744299170556,0.0044931177407527565,6.764352600002894
2.0,70c7d5be4c9850c2,regular_sir_full,178,calibration,2,2,0.011998153959529483,22.017862130512178,-274.730686969884,0.000602274535000389,6.8761432000028435
2.0,70c7d5be4c9850c2,regular_sir_full,179,calibration,2,2,1.4608902097152991,22.01323064589223,-280.30421402525354,0.00639171680556532,6.816947199986316
2.0,70c7d5be4c9850c2,regular_sir_full,180,calibration,2,2,0.6665927733135716,22.01861531738843,-273.5606018578792,0.004478935186620952,6.820558899984462
2.0,70c7d5be4c9850c2,regular_sir_full,181,calibration,2,2,0.15087270621220622,22.017148571568935,-267.27523479660584,0.0014629736464341796,6.685526499990374
2.0,70c7d5be4c9850c2,regular_sir_full,182,calibration,2,2,0.4878105116883607,22.018336110805574,-281.19761265479184,0.00473513009337853,6.823934799991548
2.0,70c7d5be4c9850c2,regular_sir_full,183,calibration,2,2,4.223962555039867,22.009937582861774,-275.93989299024867,0.011069955570378097,6.849779499985743
2.0,70c7d5be4c9850c2,regular_sir_full,184,calibration,2,2,1.171257331603456,22.013682159048038,-277.0197069904126,0.005279261087370716,6.670684599986998
2.0,70c7d5be4c9850c2,regular_sir_full,185,calibration,2,2,1.102907937177124,22.022070314860887,-276.25180149676544,0.005112703111659929,6.778173800004879
2.0,70c7d5be4c9850c2,regular_sir_full,186,calibration,2,2,1.3418569212113256,22.021714083617603,-280.7006203689456,0.007984251731603557,6.583483900001738
2.0,70c7d5be4c9850c2,regular_sir_full,187,calibration,2,2,6.662911885408761,22.011156601194408,-271.45215583324784,0.00753517312071821,6.686249399994267
2.0,70c7d5be4c9850c2,regular_sir_full,188,calibration,2,2,0.0782121622981946,22.018709750708105,-282.2327415513025,0.000771160528095813,6.715596900001401
2.0,70c7d5be4c9850c2,regular_sir_full,189,calibration,2,2,1.4944792963147417,22.01785902024939,-276.8677350238775,0.007857408444592224,6.745191499998327
2.0,70c7d5be4c9850c2,regular_sir_full,190,calibration,2,2,1.4084040276027725,22.013948839460852,-273.82895738607186,0.0026610519214550605,6.6985946999921
2.0,70c7d5be4c9850c2,regular_sir_full,191,calibration,2,2,0.5838931261562692,22.020649299243157,-279.4244574812393,0.001821266970962779,6.742226200003643
2.0,70c7d5be4c9850c2,regular_sir_full,192,calibration,2,2,2.025272926029996,22.014717378036888,-280.44128032720425,0.0049137902700867086,6.645741999993334
2.0,70c7d5be4c9850c2,regular_sir_full,193,calibration,2,2,2.873766693567582,22.019019547518802,-274.29675935443834,0.011550131192380223,6.710547700000461
2.0,70c7d5be4c9850c2,regular_sir_full,194,calibration,2,2,0.4254797407715657,22.015493517192432,-284.88348023187535,0.003871613577958253,6.578759399999399
2.0,70c7d5be4c9850c2,regular_sir_full,195,calibration,2,2,0.48043357245044155,22.015423025887635,-271.89796303744697,0.0017825448908736247,6.932275799976196
2.0,70c7d5be4c9850c2,regular_sir_full,196,calibration,2,2,3.264143170893117,22.010799701911854,-281.98905005461046,0.008532600596001149,7.110769799997797
2.0,70c7d5be4c9850c2,regular_sir_full,197,calibration,2,2,0.24596480884909638,22.01659041430845,-284.9495580992482,0.0036314162534734815,7.126081499998691
2.0,70c7d5be4c9850c2,regular_sir_full,198,calibration,2,2,3.2508824255435567,22.015654862406016,-276.37886805823564,0.008826005792475897,7.034561100008432
2.0,70c7d5be4c9850c2,regular_sir_full,199,calibration,2,2,1.2517394760156417,22.01355709482512,-278.16396545193237,0.00428940428176095,7.1428304000000935
2.0,70c7d5be4c9850c2,regular_sir_full,0,evaluation,2,2,0.0770781335852872,22.018005429052266,-275.1010359195493,0.0017075462129035868,6.023309399999562
2.0,70c7d5be4c9850c2,regular_sir_full,1,evaluation,2,2,0.4110127243606078,22.01719271466482,-269.29552366298105,0.004610712031775341,6.126503399995272
2.0,70c7d5be4c9850c2,regular_sir_full,2,evaluation,2,2,1.3700744138485823,22.01499791498925,-276.3986078899284,0.008681167266401517,6.107588200000464
2.0,70c7d5be4c9850c2,regular_sir_full,3,evaluation,2,2,1.541893793302528,22.020764228486257,-275.253394280274,0.004267053988415146,6.157337299999199
2.0,70c7d5be4c9850c2,regular_sir_full,4,evaluation,2,2,0.1057210992070478,22.017470922156473,-297.0809610978116,0.0023761043164801936,6.098726500000339
2.0,70c7d5be4c9850c2,regular_sir_full,5,evaluation,2,2,0.12981037955391,22.01684646265249,-276.6542157399679,0.0008470010535380949,6.1005480000021635
2.0,70c7d5be4c9850c2,regular_sir_full,6,evaluation,2,2,0.7863819191276519,22.02119984607851,-268.640501474318,0.0023503298329331226,6.15142090000154
2.0,70c7d5be4c9850c2,regular_sir_full,7,evaluation,2,2,1.1217248512204752,22.019124284261352,-277.57968464575583,0.00542487293118445,6.17089219999616
2.0,70c7d5be4c9850c2,regular_sir_full,8,evaluation,2,2,0.11053621317334614,22.01668915583779,-272.0431493256057,0.0019376852805604104,6.076556400003028
2.0,70c7d5be4c9850c2,regular_sir_full,9,evaluation,2,2,1.684940481815131,22.01976597264926,-280.6910410057137,0.006145368252584799,6.069342000002507
2.0,70c7d5be4c9850c2,regular_sir_full,10,evaluation,2,2,0.2269679148913323,22.0196957549241,-272.35859378879593,0.002950657814275084,6.147619299998041
2.0,70c7d5be4c9850c2,regular_sir_full,11,evaluation,2,2,3.3209226957393496,22.015100095909904,-272.050908232449,0.008203385411270235,6.143958000000566
2.0,70c7d5be4c9850c2,regular_sir_full,12,evaluation,2,2,0.36683043864530585,22.018811420474574,-277.4029306477618,0.002846502075151503,6.071175400007633
2.0,70c7d5be4c9850c2,regular_sir_full,13,evaluation,2,2,0.6948847793618217,22.014769539289425,-265.90074339338395,0.002600582787324887,5.96120659999724
2.0,70c7d5be4c9850c2,regular_sir_full,14,evaluation,2,2,3.4168632764620464,22.0236160580898,-262.87844967018776,0.004291281988563584,6.163866400005645
2.0,70c7d5be4c9850c2,regular_sir_full,15,evaluation,2,2,0.3042379082166899,22.01776365291181,-280.3392383998698,0.003662264007764514,5.908698500003084
2.0,70c7d5be4c9850c2,regular_sir_full,16,evaluation,2,2,1.703768181970546,22.019440035688383,-270.60801968426944,0.00663218565274942,6.03107139999338
2.0,70c7d5be4c9850c2,regular_sir_full,17,evaluation,2,2,1.8961251204991199,22.012540751179074,-271.91332551269005,0.0052749232052472055,5.956057600007625
2.0,70c7d5be4c9850c2,regular_sir_full,18,evaluation,2,2,0.03499452692439092,22.018637751739938,-279.6484072250373,0.0005000211696387076,6.153606100007892
2.0,70c7d5be4c9850c2,regular_sir_full,19,evaluation,2,2,1.6970730722223695,22.01333216971351,-261.9837793067096,0.008498678280795108,6.090674899998703
2.0,70c7d5be4c9850c2,regular_sir_full,20,evaluation,2,2,0.31011606816402715,22.017235368340902,-281.3327106306931,0.002721539711411463,6.12406820000615
2.0,70c7d5be4c9850c2,regular_sir_full,21,evaluation,2,2,1.0053755353247924,22.016821188040534,-273.44325580384077,0.00719247030456833,6.062722200003918
2.0,70c7d5be4c9850c2,regular_sir_full,22,evaluation,2,2,2.057485077010951,22.012799447353203,-273.94732982373654,0.003518018167481843,6.083436200002325
2.0,70c7d5be4c9850c2,regular_sir_full,23,evaluation,2,2,3.5111183085861106,22.012804667510096,-267.7387988566554,0.01378612975480277,6.095080400002189
2.0,70c7d5be4c9850c2,regular_sir_full,24,evaluation,2,2,0.9642593772505065,22.018516191066354,-262.6404728267538,0.0066680987622606686,6.040826199998264
2.0,70c7d5be4c9850c2,regular_sir_full,25,evaluation,2,2,0.6472312086153755,22.020485393282218,-273.70341185510074,0.005635826748032497,5.894410599998082
2.0,70c7d5be4c9850c2,regular_sir_full,26,evaluation,2,2,0.3443685387347409,22.0169726699946,-281.01645150082265,0.002557502880115408,5.964227499993285
2.0,70c7d5be4c9850c2,regular_sir_full,27,evaluation,2,2,0.6223791993417337,22.0210343952732,-272.04821123790714,0.003034627525691543,5.503689100005431
2.0,70c7d5be4c9850c2,regular_sir_full,28,evaluation,2,2,1.6568982767960252,22.01623988420178,-284.9126043410643,0.006209004166503487,3.1241481000033673
2.0,70c7d5be4c9850c2,regular_sir_full,29,evaluation,2,2,2.5792821958201246,22.016678262706307,-270.4890370791292,0.008819296005492241,3.038719099989976
2.0,70c7d5be4c9850c2,regular_sir_full,30,evaluation,2,2,0.6045734903942498,22.020252659713236,-268.67731658835856,0.001894544628924872,2.621882399995229
2.0,70c7d5be4c9850c2,regular_sir_full,31,evaluation,2,2,0.7722545811560011,22.020783146924153,-279.47141178949425,0.006088896845597184,2.694329799996922
2.0,70c7d5be4c9850c2,regular_sir_full,32,evaluation,2,2,9.168543211796736,22.019673376773618,-275.63904391668643,0.02041662867754529,2.571515800009365
2.0,70c7d5be4c9850c2,regular_sir_full,33,evaluation,2,2,0.8076304047912508,22.014802300940044,-279.4722552294168,0.005922714003429082,2.6345493999979226
2.0,70c7d5be4c9850c2,regular_sir_full,34,evaluation,2,2,0.9425808628869599,22.017085550913833,-287.70312661148023,0.0068355394596923994,2.940268999998807
2.0,70c7d5be4c9850c2,regular_sir_full,35,evaluation,2,2,2.6591887991103693,22.02095786741373,-279.51170657962894,0.006665474581358186,3.213518100004876
2.0,70c7d5be4c9850c2,regular_sir_full,36,evaluation,2,2,1.2190757705438615,22.021661321991324,-263.5103161688302,0.002466811938815907,5.529582000002847
2.0,70c7d5be4c9850c2,regular_sir_full,37,evaluation,2,2,3.319104686833006,22.011308863672408,-283.82465812173876,0.011519225309527497,5.711523899997701
2.0,70c7d5be4c9850c2,regular_sir_full,38,evaluation,2,2,2.262496154531754,22.014961800424604,-273.96980972282665,0.005847261202356745,5.803744100005133
2.0,70c7d5be4c9850c2,regular_sir_full,39,evaluation,2,2,6.032916494876262,22.027263180909998,-281.35798146334093,0.007720396814809766,5.9528125999931945
2.0,70c7d5be4c9850c2,regular_sir_full,40,evaluation,2,2,7.614862782450643,22.025463490051884,-280.00621272765176,0.01998165792600342,5.972655599995051
2.0,70c7d5be4c9850c2,regular_sir_full,41,evaluation,2,2,1.2496396272103618,22.02186621341599,-278.9320505572791,0.007295039274973918,5.957802599994466
2.0,70c7d5be4c9850c2,regular_sir_full,42,evaluation,2,2,0.4112646189023389,22.01981440589183,-272.05047209768117,0.0016038225211004195,6.157075299997814
2.0,70c7d5be4c9850c2,regular_sir_full,43,evaluation,2,2,1.5684369619886032,22.013015777518525,-268.5411553966353,0.004989431604757554,6.099609100012458
2.0,70c7d5be4c9850c2,regular_sir_full,44,evaluation,2,2,0.8166388280826228,22.018207356159877,-284.2312761248969,0.0054904033700980855,5.920919299998786
2.0,70c7d5be4c9850c2,regular_sir_full,45,evaluation,2,2,6.998051941979751,22.011357009349936,-275.26573128721316,0.008273482832168886,6.082546199992066
2.0,70c7d5be4c9850c2,regular_sir_full,46,evaluation,2,2,4.892281066074624,22.024580710590193,-272.61208803729613,0.0052646784728739215,6.087091800000053
2.0,70c7d5be4c9850c2,regular_sir_full,47,evaluation,2,2,0.09273281096859787,22.016793707529075,-279.4134529224291,0.0017689648003820547,6.076400999998441
2.0,70c7d5be4c9850c2,regular_sir_full,48,evaluation,2,2,0.9121182678578456,22.016012429824933,-268.62222365270236,0.007114966541055532,6.094483399996534
2.0,70c7d5be4c9850c2,regular_sir_full,49,evaluation,2,2,1.9424908717624627,22.02052500025611,-285.0655766766324,0.010263793751687943,6.000601100007771
2.0,70c7d5be4c9850c2,regular_sir_full,50,evaluation,2,2,0.5716195539821209,22.020458880965375,-287.3357181571582,0.005156320333732796,6.046386999994866
2.0,70c7d5be4c9850c2,regular_sir_full,51,evaluation,2,2,0.23253333058637532,22.019057287818143,-277.7463581499659,0.0016373279027018912,6.084529500003555
2.0,70c7d5be4c9850c2,regular_sir_full,52,evaluation,2,2,0.7085467980305001,22.01726351225168,-274.09154021618065,0.005884822889161212,5.996426600002451
2.0,70c7d5be4c9850c2,regular_sir_full,53,evaluation,2,2,0.27981877065917027,22.018164410531064,-271.78271317066503,0.0031443871140890275,6.0767524000111734
2.0,70c7d5be4c9850c2,regular_sir_full,54,evaluation,2,2,1.4175924951346404,22.0187367251221,-277.4449674246358,0.006751847079465347,6.0287795000040205
2.0,70c7d5be4c9850c2,regular_sir_full,55,evaluation,2,2,4.2317776893477514,22.024103715625888,-269.1473302979097,0.004913834723943878,6.070709599996917
2.0,70c7d5be4c9850c2,regular_sir_full,56,evaluation,2,2,1.2893462414149437,22.014324208899026,-277.40465284688486,0.002572878456209131,6.094977500004461
2.0,70c7d5be4c9850c2,regular_sir_full,57,evaluation,2,2,2.410594188379781,22.012404738690748,-277.61632252280805,0.0037569910562501602,6.039420300003258
2.0,70c7d5be4c9850c2,regular_sir_full,58,evaluation,2,2,0.7238619160807314,22.019459504804225,-270.92304515575114,0.003568829201162593,6.175802300000214
2.0,70c7d5be4c9850c2,regular_sir_full,59,evaluation,2,2,1.444000611903281,22.018969114115407,-287.610603438015,0.006548754492380948,6.118223700003
2.0,70c7d5be4c9850c2,regular_sir_full,60,evaluation,2,2,0.09215201868790052,22.01892736008837,-268.8467137724009,0.0021093348025870563,5.9834609999961685
2.0,70c7d5be4c9850c2,regular_sir_full,61,evaluation,2,2,1.3175978053151904,22.014925816043167,-273.4994378908684,0.008473680895261614,6.024443800008157
2.0,70c7d5be4c9850c2,regular_sir_full,62,evaluation,2,2,1.6716384714157186,22.019997474819395,-275.67692156534054,0.00578371482636715,6.034419500007061
2.0,70c7d5be4c9850c2,regular_sir_full,63,evaluation,2,2,1.3419632759788556,22.02141229541033,-277.0450914092546,0.0027831680579723257,5.962819000007585
2.0,70c7d5be4c9850c2,regular_sir_full,64,evaluation,2,2,1.595600359984518,22.013355511238416,-290.61655781141314,0.00798832573994474,6.082317899999907
2.0,70c7d5be4c9850c2,regular_sir_full,65,evaluation,2,2,3.2979824140783927,22.011746708530914,-286.2895727879828,0.004106028280060736,6.0303144000063185
2.0,70c7d5be4c9850c2,regular_sir_full,66,evaluation,2,2,2.276012245230869,22.023648567136817,-273.2884828663843,0.008747838609317018,5.93239889999677
2.0,70c7d5be4c9850c2,regular_sir_full,67,evaluation,2,2,1.7106343345542143,22.02288127695502,-275.6678852510522,0.007629667610630268,6.088132699995185
2.0,70c7d5be4c9850c2,regular_sir_full,68,evaluation,2,2,1.1855178536243633,22.01407775246719,-275.18579115587676,0.007071373531850957,6.259808400005568
2.0,70c7d5be4c9850c2,regular_sir_full,69,evaluation,2,2,3.1726648488290268,22.011507134255403,-283.09600850710336,0.01137675664370202,6.260791699998663
2.0,70c7d5be4c9850c2,regular_sir_full,70,evaluation,2,2,7.143230760350312,22.02553992249471,-268.54786622144627,0.006839686050623675,6.198327399994014
2.0,70c7d5be4c9850c2,regular_sir_full,71,evaluation,2,2,1.3626094879321022,22.017338269866606,-279.24280036891554,0.006766614186863866,6.174802900000941
2.0,70c7d5be4c9850c2,regular_sir_full,72,evaluation,2,2,1.2141563648420997,22.0175686705276,-281.25679054056917,0.007336066159489913,6.2074374000076205
2.0,70c7d5be4c9850c2,regular_sir_full,73,evaluation,2,2,3.5221441946197314,22.024235373993804,-286.6459058078907,0.004182103505097196,6.204001799997059
2.0,70c7d5be4c9850c2,regular_sir_full,74,evaluation,2,2,0.28360411348534037,22.019787195879452,-286.7088576311932,0.001218195964594341,6.034468999991077
2.0,70c7d5be4c9850c2,regular_sir_full,75,evaluation,2,2,0.15368076556200536,22.018610276538062,-277.26196070890313,0.0028834660862271833,6.144633100004285
2.0,70c7d5be4c9850c2,regular_sir_full,76,evaluation,2,2,1.8235685201801823,22.01338306456755,-279.17638307836063,0.0030329449703479596,6.038682800004608
2.0,70c7d5be4c9850c2,regular_sir_full,77,evaluation,2,2,1.500752155702307,22.01649887711333,-286.19487440065694,0.006140842282699305,6.0459133999975165
2.0,70c7d5be4c9850c2,regular_sir_full,78,evaluation,2,2,0.16912857479588023,22.016982689987362,-278.23571558585706,0.0013655563467545935,5.985771299994667
2.0,70c7d5be4c9850c2,regular_sir_full,79,evaluation,2,2,1.2019941618229644,22.017918914689254,-276.9296863266305,0.00690049811041512,6.069221999990987
2.0,70c7d5be4c9850c2,regular_sir_full,80,evaluation,2,2,2.559876239854958,22.019468441230458,-284.160559671939,0.008526382153073385,6.1187362000055145
2.0,70c7d5be4c9850c2,regular_sir_full,81,evaluation,2,2,1.0934749132016743,22.018210714180626,-272.80599962203786,0.0063933017201068835,6.161806600008276
2.0,70c7d5be4c9850c2,regular_sir_full,82,evaluation,2,2,2.4530003936097713,22.01739840074579,-272.7886405478826,0.010450128309912833,6.089651499991305
2.0,70c7d5be4c9850c2,regular_sir_full,83,evaluation,2,2,0.31151624550811197,22.019232595348214,-285.26795870439355,0.004134484659858949,6.099326099996688
2.0,70c7d5be4c9850c2,regular_sir_full,84,evaluation,2,2,1.601789309553273,22.013033766098864,-276.5235995755632,0.004401295545977718,5.899527200002922
2.0,70c7d5be4c9850c2,regular_sir_full,85,evaluation,2,2,0.6183869973163642,22.01974867622298,-276.32053057664734,0.005821113071548767,6.023608999996213
2.0,70c7d5be4c9850c2,regular_sir_full,86,evaluation,2,2,0.4981066370953046,22.017837878138586,-266.8116745794013,0.004359873706787864,6.072917700003018
2.0,70c7d5be4c9850c2,regular_sir_full,87,evaluation,2,2,1.2480784725471643,22.020489481005995,-273.9323420631383,0.003828346972370564,6.05543839999882
2.0,70c7d5be4c9850c2,regular_sir_full,88,evaluation,2,2,1.759889777387218,22.012748026775036,-280.347553796215,0.006846748145364019,6.151990800004569
2.0,70c7d5be4c9850c2,regular_sir_full,89,evaluation,2,2,0.4236113746302722,22.016782699002725,-274.82921177685535,0.004821414873886833,5.969698400003836
2.0,70c7d5be4c9850c2,regular_sir_full,90,evaluation,2,2,3.4093661008507783,22.01065019482389,-277.24083843103676,0.007609169774380703,6.090832199988654
2.0,70c7d5be4c9850c2,regular_sir_full,91,evaluation,2,2,2.8357105879894857,22.019776399610016,-295.92533798736173,0.011935069776180677,6.094138100001146
2.0,70c7d5be4c9850c2,regular_sir_full,92,evaluation,2,2,0.2540064718416583,22.018006274382152,-280.11884161374155,0.0031452662532556273,6.088175999990199
2.0,70c7d5be4c9850c2,regular_sir_full,93,evaluation,2,2,0.5690802346803199,22.0160403849325,-282.778485730453,0.005584572348558592,5.99896450000233
2.0,70c7d5be4c9850c2,regular_sir_full,94,evaluation,2,2,6.0269853311788495,22.027563576202567,-283.2074510350226,0.011713863085979112,6.069061600006535
2.0,70c7d5be4c9850c2,regular_sir_full,95,evaluation,2,2,2.501710139481825,22.017461566266203,-286.7961427593207,0.009515522820659966,6.01382979999471
2.0,70c7d5be4c9850c2,regular_sir_full,96,evaluation,2,2,9.294228147830717,22.02568886376209,-292.36781259951135,0.009118517747250568,6.1226107999973465
2.0,70c7d5be4c9850c2,regular_sir_full,97,evaluation,2,2,0.8217697482859564,22.01437618660998,-277.0203525436399,0.003685919371543038,6.0777432000031695
2.0,70c7d5be4c9850c2,regular_sir_full,98,evaluation,2,2,0.7740505137094951,22.01597464129151,-281.47271402028366,0.006555094753417836,6.090895900008036
2.0,70c7d5be4c9850c2,regular_sir_full,99,evaluation,2,2,3.196030228419689,22.020279119239895,-272.116502465593,0.01285047724831442,6.063164399995003
2.0,70c7d5be4c9850c2,regular_sir_full,100,evaluation,2,2,0.41817930603904124,22.020137608212405,-289.4044489598768,0.004355306597049524,6.923590600024909
2.0,70c7d5be4c9850c2,regular_sir_full,101,evaluation,2,2,2.075079801033446,22.02350801376548,-271.22997021201166,0.004991868185166924,7.061736100004055
2.0,70c7d5be4c9850c2,regular_sir_full,102,evaluation,2,2,0.16288114353228653,22.018822295345863,-273.6508922314462,0.0029938942505985553,6.909041300008539
2.0,70c7d5be4c9850c2,regular_sir_full,103,evaluation,2,2,0.9052690635841433,22.01529617207676,-274.8993236928361,0.002545846182112949,7.071596699999645
2.0,70c7d5be4c9850c2,regular_sir_full,104,evaluation,2,2,4.912826887141288,22.01373140561587,-283.8553473596463,0.016556577415277544,6.974351299984846
2.0,70c7d5be4c9850c2,regular_sir_full,105,evaluation,2,2,0.0543857172119916,22.018770257455174,-285.9009155912459,0.0005504422156099699,7.041066200006753
2.0,70c7d5be4c9850c2,regular_sir_full,106,evaluation,2,2,0.89065574149071,22.02165956065944,-285.64236789962814,0.00394594965717719,7.0683397999964654
2.0,70c7d5be4c9850c2,regular_sir_full,107,evaluation,2,2,0.0332561892911079,22.018080208616464,-281.65541807088186,0.0012590522108566786,7.110497599991504
2.0,70c7d5be4c9850c2,regular_sir_full,108,evaluation,2,2,2.5172192687173287,22.013488721474733,-281.47090498737646,0.004209650636663425,6.781743700004881
2.0,70c7d5be4c9850c2,regular_sir_full,109,evaluation,2,2,0.5583246151867327,22.018815796607697,-276.3430341519601,0.0053406721381224365,6.920482000015909
2.0,70c7d5be4c9850c2,regular_sir_full,110,evaluation,2,2,2.0315400862278303,22.016150262363702,-271.7689350705498,0.010333929994026133,6.884232700016582
2.0,70c7d5be4c9850c2,regular_sir_full,111,evaluation,2,2,0.8961455127130926,22.014754239661396,-273.12559463573103,0.006430572460370761,6.831320900004357
2.0,70c7d5be4c9850c2,regular_sir_full,112,evaluation,2,2,0.5003592368370445,22.020670174796578,-282.03471379218786,0.0023688104860750026,6.906633699982194
2.0,70c7d5be4c9850c2,regular_sir_full,113,evaluation,2,2,1.7962495322200889,22.013348153840713,-272.2725892131585,0.00900425490435616,6.915913500008173
2.0,70c7d5be4c9850c2,regular_sir_full,114,evaluation,2,2,1.342909646907961,22.014390164649022,-270.06757543794606,0.002724944249498732,7.361663299991051
2.0,70c7d5be4c9850c2,regular_sir_full,115,evaluation,2,2,0.258297625310501,22.015963059288154,-274.86644832936895,0.002643045340061097,7.405283000000054
2.0,70c7d5be4c9850c2,regular_sir_full,116,evaluation,2,2,0.48347375518796043,22.018690985833032,-274.77325253266207,0.004937702721049728,7.2843997000018135
2.0,70c7d5be4c9850c2,regular_sir_full,117,evaluation,2,2,2.2879619860964153,22.012626324115594,-280.694827858052,0.009949397001101654,7.37259919999633
2.0,70c7d5be4c9850c2,regular_sir_full,118,evaluation,2,2,2.2962002842757228,22.02048192738848,-280.25440992681024,0.01109591017197678,7.434005999995861
2.0,70c7d5be4c9850c2,regular_sir_full,119,evaluation,2,2,1.0417393903706031,22.013981052684628,-280.7033395318256,0.0035926380573066173,7.637072799989255
2.0,70c7d5be4c9850c2,regular_sir_full,120,evaluation,2,2,4.777144522013249,22.010317543830276,-284.37299778743443,0.0050618043186407,7.3898927999835
2.0,70c7d5be4c9850c2,regular_sir_full,121,evaluation,2,2,8.462047492309525,22.018702784757984,-266.3033448543469,0.01893838508458731,7.319804400001885
2.0,70c7d5be4c9850c2,regular_sir_full,122,evaluation,2,2,0.9403264043324069,22.018806779918982,-274.4586008806407,0.0052406756457933495,7.395162300002994
2.0,70c7d5be4c9850c2,regular_sir_full,123,evaluation,2,2,0.5052322455963272,22.02068461135801,-280.0533651123383,0.002387572735764874,7.47166089998791
2.0,70c7d5be4c9850c2,regular_sir_full,124,evaluation,2,2,0.43157376911340933,22.020525042532892,-277.81467462263925,0.002598202724336397,7.597446200001286
2.0,70c7d5be4c9850c2,regular_sir_full,125,evaluation,2,2,0.8821148707027805,22.0152706518843,-274.80856476896645,0.0068355089223955424,7.543892299989238
2.0,70c7d5be4c9850c2,regular_sir_full,126,evaluation,2,2,7.414256563544743,22.017112578160443,-272.2525943898993,0.016341227146349693,7.669037499988917
2.0,70c7d5be4c9850c2,regular_sir_full,127,evaluation,2,2,0.8900779154560051,22.01877580974186,-278.85061237283486,0.00659253128230574,7.643649200006621
2.0,70c7d5be4c9850c2,regular_sir_full,128,evaluation,2,2,0.8759491057266282,22.015452414766838,-286.68108084226594,0.006892130427059286,7.626030200015521
2.0,70c7d5be4c9850c2,regular_sir_full,129,evaluation,2,2,4.394212163802965,22.024214415004657,-275.26724272799,0.014898136953889198,7.585418000002392
2.0,70c7d5be4c9850c2,regular_sir_full,130,evaluation,2,2,0.6979584320024319,22.01757095244721,-271.6427312252671,0.005628338592884357,7.506437400006689
2.0,70c7d5be4c9850c2,regular_sir_full,131,evaluation,2,2,2.898954210444971,22.023966939227996,-273.6848627453587,0.00407506908773031,7.3194882000098005
2.0,70c7d5be4c9850c2,regular_sir_full,132,evaluation,2,2,0.7662336930178453,22.01510117816187,-279.05014420941063,0.0060794587149722735,6.7336515999922995
2.0,70c7d5be4c9850c2,regular_sir_full,133,evaluation,2,2,1.1680422725568314,22.014315510641346,-287.38152515880586,0.007365138259675736,6.739468100015074
2.0,70c7d5be4c9850c2,regular_sir_full,134,evaluation,2,2,5.462681441840305,22.023298724293014,-274.8772180496038,0.01720363826830779,6.697403199999826
2.0,70c7d5be4c9850c2,regular_sir_full,135,evaluation,2,2,0.14887134291024715,22.019332627039645,-281.31912541954955,0.0024648440525011704,6.784997800015844
2.0,70c7d5be4c9850c2,regular_sir_full,136,evaluation,2,2,1.5082275544535246,22.015548572658467,-273.4992850344624,0.004830136245491145,6.697727299993858
2.0,70c7d5be4c9850c2,regular_sir_full,137,evaluation,2,2,4.026364410263478,22.01827909257395,-274.7569249471935,0.012938790101289496,6.712571900017792
2.0,70c7d5be4c9850c2,regular_sir_full,138,evaluation,2,2,0.9513930923064401,22.0217702347797,-281.3911631056059,0.0038503841332217007,7.436290399986319
2.0,70c7d5be4c9850c2,regular_sir_full,139,evaluation,2,2,0.9186656866822632,22.014228130767073,-287.59139868998585,0.0033409851693057516,7.61522719997447
2.0,70c7d5be4c9850c2,regular_sir_full,140,evaluation,2,2,1.9963639498085448,22.01585755484507,-283.1862353487332,0.006523367668598413,7.54848209998454
2.0,70c7d5be4c9850c2,regular_sir_full,141,evaluation,2,2,1.9034718517358207,22.02264006568359,-269.50596528726476,0.0031068274081697423,7.635059400025057
2.0,70c7d5be4c9850c2,regular_sir_full,142,evaluation,2,2,7.61034233778469,22.013029509112755,-283.88888171753644,0.011560904284067282,7.550047500000801
2.0,70c7d5be4c9850c2,regular_sir_full,143,evaluation,2,2,1.6578326206749212,22.0176628858134,-281.73680731496125,0.008445421978511648,7.650434899987886
2.0,70c7d5be4c9850c2,regular_sir_full,144,evaluation,2,2,2.032292349940592,22.012544038556463,-280.49421204616715,0.0042775955507079865,6.605259699979797
2.0,70c7d5be4c9850c2,regular_sir_full,145,evaluation,2,2,1.1657883353875123,22.01698247292666,-281.5572352500821,0.0076084620992763405,6.436379199993098
2.0,70c7d5be4c9850c2,regular_sir_full,146,evaluation,2,2,0.8059972720644676,22.014445090813915,-283.7325249431698,0.004732189545605733,6.561562999995658
2.0,70c7d5be4c9850c2,regular_sir_full,147,evaluation,2,2,4.320994689505416,22.02085371196837,-283.2144704272475,0.009851927213836003,6.714616300014313
2.0,70c7d5be4c9850c2,regular_sir_full,148,evaluation,2,2,1.7212122810335346,22.02288221528949,-271.3197313886669,0.007705367549071717,6.721452099998714
2.0,70c7d5be4c9850c2,regular_sir_full,149,evaluation,2,2,6.198352530559735,22.016522883733906,-293.58577008859766,0.017086404614756367,6.68964899997809
2.0,70c7d5be4c9850c2,regular_sir_full,150,evaluation,2,2,4.754351059554011,22.02648492041593,-283.0485558627272,0.008870397158947396,6.947240400011651
2.0,70c7d5be4c9850c2,regular_sir_full,151,evaluation,2,2,0.28739675241373575,22.01814598148773,-272.5963479932663,0.0035605084127266744,6.975287199980812
2.0,70c7d5be4c9850c2,regular_sir_full,152,evaluation,2,2,1.8761960484440614,22.017602071466325,-281.52364848554504,0.008319766094918992,6.8690479999931995
2.0,70c7d5be4c9850c2,regular_sir_full,153,evaluation,2,2,0.1062657028083544,22.018969169472,-287.81157537828255,0.0007465733127513964,6.817661900015082
2.0,70c7d5be4c9850c2,regular_sir_full,154,evaluation,2,2,0.9209463143781482,22.016978105625384,-277.66266377229186,0.005020616109060533,6.957449400011683
2.0,70c7d5be4c9850c2,regular_sir_full,155,evaluation,2,2,3.715437965976396,22.01752667549215,-266.0954914538948,0.012661935289376822,7.035465499997372
2.0,70c7d5be4c9850c2,regular_sir_full,156,evaluation,2,2,1.1582931378205514,22.016587214202197,-272.1063289915913,0.007795163672004461,6.799311100010527
2.0,70c7d5be4c9850c2,regular_sir_full,157,evaluation,2,2,0.357796995845551,22.019782059567312,-275.4935986417266,0.004241085180683292,6.7595918999868445
2.0,70c7d5be4c9850c2,regular_sir_full,158,evaluation,2,2,1.4283249903401836,22.01751097137263,-271.57047405231646,0.00712518416838949,6.764768799999729
2.0,70c7d5be4c9850c2,regular_sir_full,159,evaluation,2,2,0.24515038389415383,22.017389493157758,-282.9875077857082,0.0025176489054681258,6.6960502000001725
2.0,70c7d5be4c9850c2,regular_sir_full,160,evaluation,2,2,0.18214695824712995,22.019602339318553,-286.01927104154726,0.0023013961074989596,6.685022699995898
2.0,70c7d5be4c9850c2,regular_sir_full,161,evaluation,2,2,0.49944759852288534,22.01515888504391,-283.832098524963,0.0030080024277643865,6.6934293000085745
2.0,70c7d5be4c9850c2,regular_sir_full,162,evaluation,2,2,0.6120911580357525,22.020962357500032,-278.6024500060605,0.00430228291237272,6.614706899999874
2.0,70c7d5be4c9850c2,regular_sir_full,163,evaluation,2,2,0.7837191152114996,22.01992099550383,-278.4719394890855,0.0031000712421942263,6.722346599999582
2.0,70c7d5be4c9850c2,regular_sir_full,164,evaluation,2,2,3.004654089397664,22.01123873994136,-280.26113986946626,0.009581946364176053,6.563552800012985
2.0,70c7d5be4c9850c2,regular_sir_full,165,evaluation,2,2,1.121551916326536,22.019398731104992,-287.4119067346005,0.007660206246331302,6.650842900009593
2.0,70c7d5be4c9850c2,regular_sir_full,166,evaluation,2,2,0.9402828409933681,22.0182090340113,-272.3968386607109,0.005909873270463373,6.647304200014332
2.0,70c7d5be4c9850c2,regular_sir_full,167,evaluation,2,2,2.2891204660812305,22.02132984843746,-283.61926737971805,0.011175648049679899,6.612211300001945
2.0,70c7d5be4c9850c2,regular_sir_full,168,evaluation,2,2,0.5016552639852582,22.015939469047314,-280.2851777837042,0.0018464280566666993,7.00059200002579
2.0,70c7d5be4c9850c2,regular_sir_full,169,evaluation,2,2,2.4056826673643323,22.016906529354923,-273.4755753314001,0.010721994103663257,6.978586200013524
2.0,70c7d5be4c9850c2,regular_sir_full,170,evaluation,2,2,0.25658869109258103,22.019376749527765,-277.8199464840876,0.0036761450461326485,7.018027499987511
2.0,70c7d5be4c9850c2,regular_sir_full,171,evaluation,2,2,0.3760256452406487,22.020161041598175,-282.62126686432697,0.0015386378032999984,7.039114199986216
2.0,70c7d5be4c9850c2,regular_sir_full,172,evaluation,2,2,0.9447212052168665,22.01412492407988,-287.75014161359786,0.0038438537309431237,7.076950699993176
2.0,70c7d5be4c9850c2,regular_sir_full,173,evaluation,2,2,1.0913314674707144,22.01604368158474,-275.89953961349283,0.004310858680477018,6.844448899995768
2.0,70c7d5be4c9850c2,regular_sir_full,174,evaluation,2,2,0.5657779097880051,22.01531805905281,-274.59024159818773,0.004958734056753919,6.7453282000205945
2.0,70c7d5be4c9850c2,regular_sir_full,175,evaluation,2,2,0.4153818216214629,22.01810659744922,-279.0957850363816,0.003940414217518415,6.582254000008106
2.0,70c7d5be4c9850c2,regular_sir_full,176,evaluation,2,2,3.72827114409729,22.021195298985234,-280.63565185889206,0.008363899298614459,6.605281800002558
2.0,70c7d5be4c9850c2,regular_sir_full,177,evaluation,2,2,0.7413774057116193,22.020746306149242,-273.4046398625058,0.00594361035780308,6.725209700001869
2.0,70c7d5be4c9850c2,regular_sir_full,178,evaluation,2,2,1.2070343111652697,22.013619019671225,-292.7284356591402,0.004433697104554745,6.706814800010761
2.0,70c7d5be4c9850c2,regular_sir_full,179,evaluation,2,2,1.5406359161518057,22.013974040289586,-283.3970390943898,0.0028074740484427927,6.665427600004477
2.0,70c7d5be4c9850c2,regular_sir_full,180,evaluation,2,2,3.5141791965138065,22.020553661026256,-281.50670118852196,0.013536804455578904,6.764452400006121
2.0,70c7d5be4c9850c2,regular_sir_full,181,evaluation,2,2,1.6242414021553402,22.022186439856714,-284.576073638216,0.008663791821589814,6.815498799987836
2.0,70c7d5be4c9850c2,regular_sir_full,182,evaluation,2,2,0.7519009710836276,22.014757957343164,-277.92776651518733,0.0023023720688001947,6.780007400026079
2.0,70c7d5be4c9850c2,regular_sir_full,183,evaluation,2,2,0.08281290318889914,22.01897962595127,-272.835007489145,0.0018424014244737329,6.908695099991746
2.0,70c7d5be4c9850c2,regular_sir_full,184,evaluation,2,2,2.8902817998956296,22.02302346264697,-284.49452144294355,0.004081210115738919,6.885839599999599
2.0,70c7d5be4c9850c2,regular_sir_full,185,evaluation,2,2,0.61697020534013,22.02084943110586,-278.2791322287773,0.00479926804661596,6.884014800016303
2.0,70c7d5be4c9850c2,regular_sir_full,186,evaluation,2,2,3.718510297260123,22.010850937203355,-285.3741716159766,0.00508313315491848,6.691358600015519
2.0,70c7d5be4c9850c2,regular_sir_full,187,evaluation,2,2,0.20391750957615432,22.016275538764667,-269.8877338983262,0.0012359526364381455,6.740534100012155
2.0,70c7d5be4c9850c2,regular_sir_full,188,evaluation,2,2,3.479662633979774,22.014075175734536,-272.5333745411893,0.007000274948497174,6.731561199994758
2.0,70c7d5be4c9850c2,regular_sir_full,189,evaluation,2,2,1.5054783245682946,22.013429947480493,-275.36536222439463,0.00325822522813552,6.7706297999829985
2.0,70c7d5be4c9850c2,regular_sir_full,190,evaluation,2,2,1.1509578037292136,22.018658254401245,-278.1414244175231,0.007345432033864803,6.817308199999388
2.0,70c7d5be4c9850c2,regular_sir_full,191,evaluation,2,2,1.4925393387141428,22.013235983193987,-283.2022765486452,0.004058419825312954,6.803392899979372
2.0,70c7d5be4c9850c2,regular_sir_full,192,evaluation,2,2,0.19683804485469955,22.01705115984045,-276.359975028392,0.003298980363201288,8.59206979998271
2.0,70c7d5be4c9850c2,regular_sir_full,193,evaluation,2,2,1.1779300026943809,22.014450504513782,-270.67315726968883,0.002443550073263953,8.447620199993253
2.0,70c7d5be4c9850c2,regular_sir_full,194,evaluation,2,2,1.0799752498063442,22.013926539229992,-287.14842717529723,0.0035410465085603925,8.690636499988614
2.0,70c7d5be4c9850c2,regular_sir_full,195,evaluation,2,2,1.7073136086034195,22.01386747226112,-282.16689141533544,0.003019008613471303,9.11258590000216
2.0,70c7d5be4c9850c2,regular_sir_full,196,evaluation,2,2,4.59964522254983,22.011513173650535,-272.98732502214733,0.015472339968784707,8.959830199979478
2.0,70c7d5be4c9850c2,regular_sir_full,197,evaluation,2,2,4.4423146423647495,22.009891162338228,-279.83582776535013,0.006554489319229444,9.322037100006128
2.0,70c7d5be4c9850c2,regular_sir_full,198,evaluation,2,2,3.6641559259424032,22.025208968844133,-275.47981738163895,0.005980367304846584,8.574476300011156
2.0,70c7d5be4c9850c2,regular_sir_full,199,evaluation,2,2,0.8484351797228107,22.014312402620632,-279.5406182467166,0.003869330569485364,8.438103199994657
2.0,13066be19a18391e,early_seir_infected_only,0,calibration,3,3,13.08803760198413,5.431850845640598,-39.02956062937627,0.8111511040554429,4.346509200011496
2.0,13066be19a18391e,early_seir_infected_only,1,calibration,3,2,8.104574090241547,5.400632002231949,-44.96598098594331,1.1584742489695703,4.309385399988969
2.0,13066be19a18391e,early_seir_infected_only,2,calibration,3,3,5.6657428104864564,3.4883782406429553,-38.8765993425368,0.72931565669281,4.361855600000126
2.0,13066be19a18391e,early_seir_infected_only,3,calibration,3,3,63.83509647500077,7.680144650690621,-42.54794488225507,1.2369431968503772,4.376712600002065
2.0,13066be19a18391e,early_seir_infected_only,4,calibration,3,3,34.95006953555195,9.071028367723484,-44.83561740259593,1.1894456568577825,4.360794899999746
2.0,13066be19a18391e,early_seir_infected_only,5,calibration,3,2,11.76075226236474,6.21846651180057,-45.73252786430994,1.176516325826551,4.357809699999052
2.0,13066be19a18391e,early_seir_infected_only,6,calibration,3,2,25.094245023842195,5.0582676715530575,-42.726233896241474,1.4122897803339651,4.3116163999948185
2.0,13066be19a18391e,early_seir_infected_only,7,calibration,3,2,50.70860968836828,6.0063464280533605,-39.77316396996789,1.9095307316403056,4.338574299996253
2.0,13066be19a18391e,early_seir_infected_only,8,calibration,3,3,15.685035854647303,7.399763810247079,-37.43411332260516,0.9434461826042636,4.390524399990682
2.0,13066be19a18391e,early_seir_infected_only,9,calibration,3,2,12.791949495450272,6.311907318640943,-42.41928050664638,0.9645184557726519,4.278408300000592
2.0,13066be19a18391e,early_seir_infected_only,10,calibration,3,2,55.41002866850586,9.092385268599624,-39.29767172745796,1.7161018293754065,4.372181200000341
2.0,13066be19a18391e,early_seir_infected_only,11,calibration,3,2,87.672122245347,8.585016795863412,-43.511928725311186,1.697303036929241,4.3477984000055585
2.0,13066be19a18391e,early_seir_infected_only,12,calibration,3,2,42.61090099983063,6.068906493577036,-42.06592737309937,1.671544193848938,4.335480399997323
2.0,13066be19a18391e,early_seir_infected_only,13,calibration,3,2,44.62921832865795,4.397663661482022,-41.20121854014941,1.7607829143186078,4.382734400001937
2.0,13066be19a18391e,early_seir_infected_only,14,calibration,3,3,0.12267186200150071,4.933976638718678,-43.699039344123676,0.19902771414247591,4.2680942000006326
2.0,13066be19a18391e,early_seir_infected_only,15,calibration,3,2,12.303144445823094,4.222292323176214,-39.5516113387496,1.2217287499697396,4.2592542999918805
2.0,13066be19a18391e,early_seir_infected_only,16,calibration,3,1,74.89230994882678,6.337353357846888,-45.20846927156592,2.1132390676001886,4.370629500001087
2.0,13066be19a18391e,early_seir_infected_only,17,calibration,3,3,9.864390844312457,5.648571885418686,-35.33694568000294,0.5837295459810669,4.3498664000071585
2.0,13066be19a18391e,early_seir_infected_only,18,calibration,3,3,27.69555600144453,6.255391294104505,-43.101834925155174,1.2853751308628547,4.381960300001083
2.0,13066be19a18391e,early_seir_infected_only,19,calibration,3,2,142.65323165126182,5.313059399798455,-42.24830070910576,2.3054556746916472,4.379906000001938
2.0,13066be19a18391e,early_seir_infected_only,20,calibration,3,2,0.18243721523946288,5.802331352754753,-34.92202967081071,0.6910948666734665,4.397851600006106
2.0,13066be19a18391e,early_seir_infected_only,21,calibration,3,3,22.980136155853913,7.972201157468658,-42.90026543022965,1.0798151275351364,4.3274944000004325
2.0,13066be19a18391e,early_seir_infected_only,22,calibration,3,2,45.011446323051025,6.673359494155627,-42.606061826840104,1.4480805379494617,4.3870730999915395
2.0,13066be19a18391e,early_seir_infected_only,23,calibration,3,1,49.52314861922744,6.531608483556507,-40.89066753454482,1.8765960553359398,4.3463275999965845
2.0,13066be19a18391e,early_seir_infected_only,24,calibration,3,3,48.65052565155838,8.10774487611357,-41.97818113117568,1.324989273420564,4.3692349000048125
2.0,13066be19a18391e,early_seir_infected_only,25,calibration,3,3,21.66836534424693,8.176074734624311,-44.23175463603843,1.1240289820964158,4.360448699997505
2.0,13066be19a18391e,early_seir_infected_only,26,calibration,3,2,11.402422060515732,6.559587955017613,-44.435800206380776,1.1664623208184908,4.291976300009992
2.0,13066be19a18391e,early_seir_infected_only,27,calibration,3,3,36.68111372851416,7.4541493902599685,-43.84721004502572,1.2942568780116785,4.268843099998776
2.0,13066be19a18391e,early_seir_infected_only,28,calibration,3,2,42.48363968445218,4.364628901708148,-40.069397890140515,1.7400241104189833,4.328839499998139
2.0,13066be19a18391e,early_seir_infected_only,29,calibration,3,2,30.178406427680574,4.220902650020763,-44.218037658126875,1.6227487697774918,4.362901699991198
2.0,13066be19a18391e,early_seir_infected_only,30,calibration,3,2,6.09124105685858,5.2499823565334465,-43.296550878733186,0.7223036709099196,4.290213499989477
2.0,13066be19a18391e,early_seir_infected_only,31,calibration,3,2,45.567201050815335,7.326459720984829,-38.80791692630625,1.7724658068387107,4.291516400000546
2.0,13066be19a18391e,early_seir_infected_only,32,calibration,3,2,39.93548192277021,8.402243974518269,-44.66841643986073,1.5590225446608492,4.362831400008872
2.0,13066be19a18391e,early_seir_infected_only,33,calibration,3,2,0.2475719544130015,6.499935232615939,-42.74490434824951,1.1416000468401275,4.370259300005273
2.0,13066be19a18391e,early_seir_infected_only,34,calibration,3,2,35.65316784283283,9.033252543049999,-39.37262358002424,1.4384189988145388,4.347664900007658
2.0,13066be19a18391e,early_seir_infected_only,35,calibration,3,2,8.083771457839838,6.016974252995324,-39.78314420023473,1.1222920560190346,4.324168400009512
2.0,13066be19a18391e,early_seir_infected_only,36,calibration,3,2,6.129953254809756,7.151764822305731,-31.974771275958048,1.0980253605675108,4.292552799990517
2.0,13066be19a18391e,early_seir_infected_only,37,calibration,3,2,84.48375398535484,4.038282325766254,-37.66255096779605,2.303002810532782,4.360980199999176
2.0,13066be19a18391e,early_seir_infected_only,38,calibration,3,2,2.247411730513152,6.126547181914665,-43.07324610801858,0.2482702809009272,4.2799314000003505
2.0,13066be19a18391e,early_seir_infected_only,39,calibration,3,2,15.965369462160755,4.92660140821909,-43.17879679729155,1.1151199372970408,4.361228599998867
2.0,13066be19a18391e,early_seir_infected_only,40,calibration,3,3,36.97065437005629,5.761025766754081,-40.60713226341201,1.2406153505956272,4.263424200005829
2.0,13066be19a18391e,early_seir_infected_only,41,calibration,3,2,2.8238095421455576,5.891521471470727,-45.60785448659782,0.6536122528439385,4.327390199992806
2.0,13066be19a18391e,early_seir_infected_only,42,calibration,3,2,18.89350703422801,7.5004341846161715,-41.55726354190362,1.5016210217369503,4.3645051999919815
2.0,13066be19a18391e,early_seir_infected_only,43,calibration,3,3,38.38022185201224,8.738666791479034,-43.82541133031343,1.1283436430019822,4.295874199990067
2.0,13066be19a18391e,early_seir_infected_only,44,calibration,3,2,54.789462968949906,7.671777971906462,-41.148452629450105,1.83801577620977,4.400038899999345
2.0,13066be19a18391e,early_seir_infected_only,45,calibration,3,2,12.364404832723004,6.187903329245116,-42.478633631080584,1.2286276981724806,4.270128000003751
2.0,13066be19a18391e,early_seir_infected_only,46,calibration,3,2,0.23921589746457217,6.598617522296278,-38.791698665472666,0.1324407534671943,4.272692500002449
2.0,13066be19a18391e,early_seir_infected_only,47,calibration,3,2,60.64733467292395,5.768420096533976,-38.71748475945893,1.770753432113392,4.3180174000008265
2.0,13066be19a18391e,early_seir_infected_only,48,calibration,3,2,9.844405410328127,6.93350214490281,-33.55127301688407,0.7295613809336875,4.385306900003343
2.0,13066be19a18391e,early_seir_infected_only,49,calibration,3,3,11.618173529461572,7.372915491324876,-41.24156647702887,0.8340140734926363,4.348783800000092
2.0,13066be19a18391e,early_seir_infected_only,50,calibration,3,3,59.9200036018198,5.992654077740554,-36.071786545312435,1.2728705594914984,4.328732200010563
2.0,13066be19a18391e,early_seir_infected_only,51,calibration,3,2,4.602864517050346,5.465844006527509,-41.11246098479338,0.640446945770572,4.282485500007169
2.0,13066be19a18391e,early_seir_infected_only,52,calibration,3,2,233.64295737980416,5.02835053107743,-40.0869664218499,2.803826603104633,4.338845999998739
2.0,13066be19a18391e,early_seir_infected_only,53,calibration,3,2,1.1853513127908695,6.110644090995445,-42.081420252913894,0.7415698949349694,4.294839700000011
2.0,13066be19a18391e,early_seir_infected_only,54,calibration,3,2,9.372219275142855,4.484896044153434,-39.4258182226505,1.0538730674881056,4.365660700001172
2.0,13066be19a18391e,early_seir_infected_only,55,calibration,3,3,116.9190567455237,9.143737456078574,-43.42143673437806,1.6415362932319435,4.377208999998402
2.0,13066be19a18391e,early_seir_infected_only,56,calibration,3,2,79.22814500496051,8.186582630020267,-37.7652403628657,1.852812855947173,4.357405300004757
2.0,13066be19a18391e,early_seir_infected_only,57,calibration,3,2,19.740665549472038,7.10354107298885,-42.99914628138742,1.1976916474191306,4.363152500009164
2.0,13066be19a18391e,early_seir_infected_only,58,calibration,3,2,38.660094326777234,7.074995109504604,-39.57682505711587,1.6807274251445465,4.31408620000002
2.0,13066be19a18391e,early_seir_infected_only,59,calibration,3,2,13.328946797054094,6.2981751768444285,-39.39417323023888,1.5161423974204207,4.358797299995786
2.0,13066be19a18391e,early_seir_infected_only,60,calibration,3,2,67.22196539344506,3.36544602167262,-42.29642154769379,2.0001784031258243,4.372888600002625
2.0,13066be19a18391e,early_seir_infected_only,61,calibration,3,2,38.94340302562548,5.942661766289705,-43.05039371925318,1.8260836377514906,4.333477299995138
2.0,13066be19a18391e,early_seir_infected_only,62,calibration,3,2,15.112060094871154,4.085067735926841,-41.68360078058677,1.264298496189534,4.299436100001913
2.0,13066be19a18391e,early_seir_infected_only,63,calibration,3,2,54.1165465878958,7.057831615204042,-44.5133105809611,1.4444118368098209,4.3758945999870775
2.0,13066be19a18391e,early_seir_infected_only,64,calibration,3,2,10.336952403773562,6.972826471448792,-41.506035663415716,0.9311850107977031,4.287811400005012
2.0,13066be19a18391e,early_seir_infected_only,65,calibration,3,2,32.24857572533173,5.9151944549720925,-43.91521804348666,1.3185601277264478,4.374726800000644
2.0,13066be19a18391e,early_seir_infected_only,66,calibration,3,3,78.6422510305216,9.202294895287569,-35.7663517465535,1.375669940617227,4.36503790000279
2.0,13066be19a18391e,early_seir_infected_only,67,calibration,3,2,5.045058978345075,6.123175454393295,-41.3851461599513,0.5740113633856899,4.354912599999807
2.0,13066be19a18391e,early_seir_infected_only,68,calibration,3,2,82.00339061986124,8.582978553328122,-40.04704327002708,1.793443310793519,4.386168199998792
2.0,13066be19a18391e,early_seir_infected_only,69,calibration,3,2,24.224422025366913,5.437554335040205,-45.064109053582875,1.6041035728040316,4.399811400013277
2.0,13066be19a18391e,early_seir_infected_only,70,calibration,3,3,0.21862131507688032,6.078316147290695,-40.44192764091202,0.41023861039512544,4.279766899999231
2.0,13066be19a18391e,early_seir_infected_only,71,calibration,3,1,61.39736598999134,6.3237790099330216,-35.417509759375605,1.947220104770366,4.392753599997377
2.0,13066be19a18391e,early_seir_infected_only,72,calibration,3,2,98.18794909500055,5.539353928605708,-37.28571077493872,2.154153308034257,4.3549316999997245
2.0,13066be19a18391e,early_seir_infected_only,73,calibration,3,2,0.5734293169461195,7.285808138470122,-38.86882031098375,0.2546580093012796,4.267744699987816
2.0,13066be19a18391e,early_seir_infected_only,74,calibration,3,2,21.228042170111813,6.897155101973711,-36.35438404851142,1.01320642409477,4.367559300007997
2.0,13066be19a18391e,early_seir_infected_only,75,calibration,3,3,77.2749777722949,7.048682145550346,-38.05157984441952,1.6018173524033492,4.358223200004431
2.0,13066be19a18391e,early_seir_infected_only,76,calibration,3,2,17.959891377515994,5.152624072352326,-42.191487648551366,1.4481564275596852,4.337027999994461
2.0,13066be19a18391e,early_seir_infected_only,77,calibration,3,3,4.834456716578254,6.345047966630661,-44.707868931948724,0.6761189446185492,4.3070984999940265
2.0,13066be19a18391e,early_seir_infected_only,78,calibration,3,2,10.237759014165484,6.089793228129862,-44.78448861397527,1.1820812221693149,4.33501549999346
2.0,13066be19a18391e,early_seir_infected_only,79,calibration,3,2,25.53336828307394,5.9275261761627345,-43.13232264313871,1.4383051879888804,4.36846240000159
2.0,13066be19a18391e,early_seir_infected_only,80,calibration,3,2,61.03163599283869,8.63867118442921,-41.83137514973842,1.5920334281876172,4.365158899992821
2.0,13066be19a18391e,early_seir_infected_only,81,calibration,3,2,62.21985947264516,5.805322949330047,-36.31492101908052,2.282715659257532,4.346288900007494
2.0,13066be19a18391e,early_seir_infected_only,82,calibration,3,2,7.455348611941147,4.830120882257644,-40.735242559879545,1.1784272820862494,4.271607800008496
2.0,13066be19a18391e,early_seir_infected_only,83,calibration,3,3,0.5471621131476616,4.973177971548605,-43.088884535244254,0.4094017148284878,4.344901900010882
2.0,13066be19a18391e,early_seir_infected_only,84,calibration,3,3,131.16824249347138,9.645367262382589,-44.95556529812509,1.470720743957704,4.3732715000078315
2.0,13066be19a18391e,early_seir_infected_only,85,calibration,3,2,48.836527962478094,7.457912495473528,-38.07655486380011,1.7219535927787466,4.364106699998956
2.0,13066be19a18391e,early_seir_infected_only,86,calibration,3,3,23.093501941525307,5.534961674301563,-40.60583370917152,1.1909743249678495,4.374984199996106
2.0,13066be19a18391e,early_seir_infected_only,87,calibration,3,3,67.4079356050243,7.121673204563478,-40.057506823156025,1.3277554239637317,4.315329700009897
2.0,13066be19a18391e,early_seir_infected_only,88,calibration,3,3,15.726542856065862,8.855025974818815,-43.309801627836855,1.0445127517480328,4.309739300006186
2.0,13066be19a18391e,early_seir_infected_only,89,calibration,3,2,144.23991732683305,4.994767659722314,-37.88485074687917,2.363341220920971,4.338951400000951
2.0,13066be19a18391e,early_seir_infected_only,90,calibration,3,3,11.656127098907561,6.946872873045185,-42.467578103385016,0.85073825663261,4.293016600000556
2.0,13066be19a18391e,early_seir_infected_only,91,calibration,3,2,19.343978443384483,5.766406582169496,-41.016195787093565,1.3348629688932492,4.341230199992424
2.0,13066be19a18391e,early_seir_infected_only,92,calibration,3,2,68.6144687535772,5.78446295882563,-39.97598400274015,1.8727659537224717,4.348185399998329
2.0,13066be19a18391e,early_seir_infected_only,93,calibration,3,2,35.039895100598315,5.339133973240506,-44.05722486385746,1.7201666325426646,4.313677199999802
2.0,13066be19a18391e,early_seir_infected_only,94,calibration,3,3,4.365510466100542,6.348599116815771,-36.01696049065048,0.6161153700532555,4.357467900001211
2.0,13066be19a18391e,early_seir_infected_only,95,calibration,3,2,7.6845379494292665,6.364457395438721,-44.46837521712734,0.8192454411350263,4.276519899998675
2.0,13066be19a18391e,early_seir_infected_only,96,calibration,3,2,34.90182468698878,4.288786338280209,-44.208057386315744,1.6424378311586254,4.310481499996968
2.0,13066be19a18391e,early_seir_infected_only,97,calibration,3,1,84.37822607213712,6.29574863008207,-43.068523025717646,2.218203002288713,4.328031400000327
2.0,13066be19a18391e,early_seir_infected_only,98,calibration,3,3,56.5252235308364,9.084222134396978,-42.82267038836348,1.2433333948370733,4.311013599988655
2.0,13066be19a18391e,early_seir_infected_only,99,calibration,3,2,68.07964777255722,4.0424906560659615,-41.59452239722369,2.0565362416504525,4.328083300002618
2.0,13066be19a18391e,early_seir_infected_only,100,calibration,3,2,136.69647504998693,9.090856855851843,-37.026543828926364,1.9791662640367975,6.193361500016181
2.0,13066be19a18391e,early_seir_infected_only,101,calibration,3,1,73.68801581171286,6.31513838022402,-41.71702063062735,2.1074824304226656,5.670189600001322
2.0,13066be19a18391e,early_seir_infected_only,102,calibration,3,2,26.874010200965337,7.005131434069426,-44.218365596227336,1.2591910902609527,5.684774499997729
2.0,13066be19a18391e,early_seir_infected_only,103,calibration,3,2,23.808197911414627,5.7995637989599995,-42.71800689689758,1.63696502358285,5.527445899992017
2.0,13066be19a18391e,early_seir_infected_only,104,calibration,3,1,73.91625773884834,6.318439671315504,-38.43709632386993,2.1252293548338437,5.118975899997167
2.0,13066be19a18391e,early_seir_infected_only,105,calibration,3,2,34.61361161989588,8.041864267728776,-38.145249383963645,1.5520916985916233,4.9869187000149395
2.0,13066be19a18391e,early_seir_infected_only,106,calibration,3,2,1.7940871048049942,6.47744359433705,-42.8805753681093,0.6520858252615827,4.984656800021185
2.0,13066be19a18391e,early_seir_infected_only,107,calibration,3,2,13.29396237005082,5.810195604873337,-44.389806894068755,1.2238011461797382,4.986818400007905
2.0,13066be19a18391e,early_seir_infected_only,108,calibration,3,3,42.105235893214626,7.51757638341136,-40.76307751517335,1.055096085613203,4.958446199976606
2.0,13066be19a18391e,early_seir_infected_only,109,calibration,3,3,80.91396108180359,7.889918416233945,-40.86862416109636,1.5943707163543759,4.8737831999897026
2.0,13066be19a18391e,early_seir_infected_only,110,calibration,3,2,76.37736351934879,5.460612004684712,-42.293001093800946,2.0248197033765525,5.050114500016207
2.0,13066be19a18391e,early_seir_infected_only,111,calibration,3,2,44.429869493792495,3.6075359162900837,-43.13963627555182,1.7708984303268551,4.946618299989495
2.0,13066be19a18391e,early_seir_infected_only,112,calibration,3,1,107.16142469341192,5.892443729077614,-35.48875202174319,2.5369110230152754,5.111069300008239
2.0,13066be19a18391e,early_seir_infected_only,113,calibration,3,2,42.373551337895336,5.166462766260102,-38.25158512640314,1.8561496797177521,5.116521499992814
2.0,13066be19a18391e,early_seir_infected_only,114,calibration,3,2,20.106578459110725,3.962822320444479,-41.592145048889336,1.352933382318629,5.069861399999354
2.0,13066be19a18391e,early_seir_infected_only,115,calibration,3,3,0.04489810040842129,5.646959054856405,-39.15227664654659,0.3475583481630151,5.034302000014577
2.0,13066be19a18391e,early_seir_infected_only,116,calibration,3,3,2.404785392155178,5.565858712911436,-41.53768390851621,0.7575315161661834,5.029438700003084
2.0,13066be19a18391e,early_seir_infected_only,117,calibration,3,3,12.16668821862956,6.030607216516411,-42.984367235791034,0.9502375377812277,5.006858999986434
2.0,13066be19a18391e,early_seir_infected_only,118,calibration,3,2,42.28571491934444,8.346096545760258,-42.78498818982766,1.485933975684951,5.088378799991915
2.0,13066be19a18391e,early_seir_infected_only,119,calibration,3,2,75.84218057896173,8.081663284067996,-42.339738348233496,1.9030820679822762,5.064814600016689
2.0,13066be19a18391e,early_seir_infected_only,120,calibration,3,3,5.596917092621581,6.373885321337705,-43.864662109644975,0.9847224885183677,5.06319670000812
2.0,13066be19a18391e,early_seir_infected_only,121,calibration,3,3,0.2506534179334676,4.659491729607301,-42.659476143922525,0.7380109557688765,5.04088079999201
2.0,13066be19a18391e,early_seir_infected_only,122,calibration,3,2,3.058225784867496,6.179991943686211,-36.120021065259365,0.16995999182940655,4.947042100015096
2.0,13066be19a18391e,early_seir_infected_only,123,calibration,3,3,47.904501355604225,7.3514830824991195,-43.52338818853733,1.2430222695871163,5.007248699985212
2.0,13066be19a18391e,early_seir_infected_only,124,calibration,3,2,6.669061679537828,6.116183684139839,-40.38061053886214,0.8625089530352159,5.0068349999783095
2.0,13066be19a18391e,early_seir_infected_only,125,calibration,3,2,42.124210478153664,6.727580426702713,-40.32058035374209,1.741947345715468,5.015110700012883
2.0,13066be19a18391e,early_seir_infected_only,126,calibration,3,2,78.42025822207356,8.05631148364224,-40.48881962002649,1.9192236986061253,5.030640199984191
2.0,13066be19a18391e,early_seir_infected_only,127,calibration,3,2,1.3503128494016763,5.968091205170109,-40.71653443912567,0.449109867979151,4.904255899979034
2.0,13066be19a18391e,early_seir_infected_only,128,calibration,3,2,17.56981338974422,6.781615623590669,-39.12312839493768,1.2329543333330382,5.118437400000403
2.0,13066be19a18391e,early_seir_infected_only,129,calibration,3,2,24.70886928755975,6.271306435842391,-37.445231252055954,1.6869205269784555,5.199671000009403
2.0,13066be19a18391e,early_seir_infected_only,130,calibration,3,2,51.094802959292906,4.4711207702029,-40.72713507252001,1.8360398435988912,5.099736900010612
2.0,13066be19a18391e,early_seir_infected_only,131,calibration,3,2,25.232285756861305,5.73027037053558,-40.893961362114645,1.5507853900147763,5.130509999988135
2.0,13066be19a18391e,early_seir_infected_only,132,calibration,3,2,23.748212385241008,5.827233175137643,-42.77035756266069,1.571800958504114,5.110150299995439
2.0,13066be19a18391e,early_seir_infected_only,133,calibration,3,2,27.621529761880733,5.177502048178742,-42.42030379245719,1.4981447988309156,5.043763800000306
2.0,13066be19a18391e,early_seir_infected_only,134,calibration,3,2,41.925638438949186,4.936413598568256,-41.685630505090984,1.75011786663396,4.817633900005603
2.0,13066be19a18391e,early_seir_infected_only,135,calibration,3,2,83.68744310412131,3.452212483644183,-42.65904146132355,2.227776036252708,4.752729400002863
2.0,13066be19a18391e,early_seir_infected_only,136,calibration,3,1,58.500294524820305,5.984751426026551,-44.92192184120409,1.8873692054985853,4.807401900005061
2.0,13066be19a18391e,early_seir_infected_only,137,calibration,3,1,38.39625653515124,6.448281139229745,-45.818471651247165,1.6801057176134289,4.682976000010967
2.0,13066be19a18391e,early_seir_infected_only,138,calibration,3,3,2.4327013622083733,7.652803579862061,-42.060722731559466,0.7806360581308223,4.631320400018012
2.0,13066be19a18391e,early_seir_infected_only,139,calibration,3,1,231.67994391907456,6.439695523749512,-43.45844214617093,2.9984446528901962,4.802046900003916
2.0,13066be19a18391e,early_seir_infected_only,140,calibration,3,2,79.77834419283492,4.182185929110757,-37.22275355178475,2.2655543418549566,4.875249200005783
2.0,13066be19a18391e,early_seir_infected_only,141,calibration,3,2,6.378124384566412,6.260268054157026,-38.54470338391436,1.1799202244790583,4.834296400018502
2.0,13066be19a18391e,early_seir_infected_only,142,calibration,3,2,29.413052634084146,5.97488840938659,-42.29742235675262,1.6009604757935552,4.88220769999316
2.0,13066be19a18391e,early_seir_infected_only,143,calibration,3,2,6.100443342320922,6.695432584373151,-43.74654838966197,0.9082922265619577,4.808881700009806
2.0,13066be19a18391e,early_seir_infected_only,144,calibration,3,2,28.416272078353295,4.326423373778231,-39.19068267256229,1.5949242014819842,4.961050800018711
2.0,13066be19a18391e,early_seir_infected_only,145,calibration,3,2,8.308906823051037,6.999200753593794,-41.75644433474987,0.8043206418949607,4.787764700013213
2.0,13066be19a18391e,early_seir_infected_only,146,calibration,3,2,28.93206042176351,5.767770820637592,-44.05917030038636,1.5999872767209629,4.994089499989059
2.0,13066be19a18391e,early_seir_infected_only,147,calibration,3,2,129.70102974788256,4.113619802152494,-37.19258624806497,2.9632559964116707,4.916206599998986
2.0,13066be19a18391e,early_seir_infected_only,148,calibration,3,2,81.52996893819514,8.58831995800824,-43.373234424251976,1.6956611145546618,4.8702128999866545
2.0,13066be19a18391e,early_seir_infected_only,149,calibration,3,2,24.86083204769309,5.66220691555362,-40.89188949655943,1.6806699910579739,4.74574169999687
2.0,13066be19a18391e,early_seir_infected_only,150,calibration,3,2,38.94952416186938,6.1586674762102875,-39.19772691830654,1.6841350667792285,4.799863699998241
2.0,13066be19a18391e,early_seir_infected_only,151,calibration,3,3,1.1181870324491108,6.603376011524758,-43.25826373149232,0.6182622939048749,4.713430400006473
2.0,13066be19a18391e,early_seir_infected_only,152,calibration,3,2,96.73090522328977,4.172250223598017,-32.64765238535368,2.684591226325436,4.817246699996758
2.0,13066be19a18391e,early_seir_infected_only,153,calibration,3,3,2.6282298617271334,2.4891100652336693,-43.494552105354714,1.0426606918272885,4.716127499996219
2.0,13066be19a18391e,early_seir_infected_only,154,calibration,3,2,29.37682028941564,5.69469501708657,-37.76708997577147,1.3254062802545534,4.486864799982868
2.0,13066be19a18391e,early_seir_infected_only,155,calibration,3,3,13.813698397142922,7.511455929150467,-44.20712454436883,1.032749155321794,4.297810999996727
2.0,13066be19a18391e,early_seir_infected_only,156,calibration,3,3,0.4546634834793555,5.797515942215883,-42.18307482289164,0.44011342317152335,4.2624743999913335
2.0,13066be19a18391e,early_seir_infected_only,157,calibration,3,2,83.5627397517334,7.310898636616137,-40.70364883894399,1.9532943797597508,4.2532622999860905
2.0,13066be19a18391e,early_seir_infected_only,158,calibration,3,3,10.185277099342116,7.163270692677835,-42.30369810138811,1.207207655305125,3.237609400006477
2.0,13066be19a18391e,early_seir_infected_only,159,calibration,3,3,55.96972868408892,8.033643107981584,-43.29908625808542,1.1360971581941313,3.0909882000123616
2.0,13066be19a18391e,early_seir_infected_only,160,calibration,3,2,11.270945229845033,4.497485491419694,-38.46199429286436,1.310719996939745,3.069778499979293
2.0,13066be19a18391e,early_seir_infected_only,161,calibration,3,2,11.852166463900467,6.38990248388452,-40.83546690473446,1.3822820948896526,3.181721800006926
2.0,13066be19a18391e,early_seir_infected_only,162,calibration,3,3,0.25052718740021573,6.298472190794777,-41.57402007008621,0.5433669246696208,3.070013199991081
2.0,13066be19a18391e,early_seir_infected_only,163,calibration,3,2,10.254828364432136,8.472418502437252,-38.748854278946986,1.2314095781750072,2.98511530001997
2.0,13066be19a18391e,early_seir_infected_only,164,calibration,3,3,37.41478998643767,7.363640238903038,-40.7038166478701,1.1650726395000643,3.085594599979231
2.0,13066be19a18391e,early_seir_infected_only,165,calibration,3,2,43.65324441076126,8.499851353710582,-38.963727971854226,1.4839930960421472,3.1535294000059366
2.0,13066be19a18391e,early_seir_infected_only,166,calibration,3,2,12.354868781762221,6.8020954893323635,-41.68908373530889,1.2070798685919295,2.960275699995691
2.0,13066be19a18391e,early_seir_infected_only,167,calibration,3,2,34.24722710658435,4.57382336134239,-38.87477436402429,1.7312467345611864,3.0477811000018846
2.0,13066be19a18391e,early_seir_infected_only,168,calibration,3,2,14.569034021311648,5.982118713299559,-42.691573148332445,1.4066837973084423,3.0266501999867614
2.0,13066be19a18391e,early_seir_infected_only,169,calibration,3,2,39.87990956834403,8.401989244557615,-43.98605903877367,1.4904472816078715,3.3159738999966066
2.0,13066be19a18391e,early_seir_infected_only,170,calibration,3,2,21.740940743487272,6.134577493970924,-38.567502841433566,1.3201281611232447,3.8004739999887533
2.0,13066be19a18391e,early_seir_infected_only,171,calibration,3,2,10.85663693820883,5.867671370278334,-40.84533791289755,1.1809152578537077,3.7186151000205427
2.0,13066be19a18391e,early_seir_infected_only,172,calibration,3,3,18.65577040586175,8.261528882498595,-43.07525149697895,1.0550156634119296,3.782979300012812
2.0,13066be19a18391e,early_seir_infected_only,173,calibration,3,3,131.59834690261724,9.413804791160809,-43.46803200016671,1.4899873225930864,4.3208088999963365
2.0,13066be19a18391e,early_seir_infected_only,174,calibration,3,2,3.466462710768596,5.312249582368735,-42.34043452897886,0.8313185382373444,3.6373099999909755
2.0,13066be19a18391e,early_seir_infected_only,175,calibration,3,2,58.78542330060172,3.9033433234423436,-42.804732917426485,1.8895942960693677,4.338137100014137
2.0,13066be19a18391e,early_seir_infected_only,176,calibration,3,2,57.485145713518094,4.731619565989021,-42.86420128738869,1.982986653168674,3.135596300009638
2.0,13066be19a18391e,early_seir_infected_only,177,calibration,3,2,4.154770524985905,5.7167190023959344,-34.43988152126369,1.0023104591694445,3.040997400006745
2.0,13066be19a18391e,early_seir_infected_only,178,calibration,3,3,54.51755468403806,7.679381100025537,-41.09695119905035,1.3164004555803948,3.1355295999965165
2.0,13066be19a18391e,early_seir_infected_only,179,calibration,3,2,1.1916118920431833,6.742057077466949,-42.43775750446576,0.7719459049538338,2.989924199995585
2.0,13066be19a18391e,early_seir_infected_only,180,calibration,3,2,41.07643205526245,4.6558253625202735,-41.88231168987912,1.843693831557365,2.883482399978675
2.0,13066be19a18391e,early_seir_infected_only,181,calibration,3,2,36.841889383788185,4.655373717732024,-39.434897216357946,1.6586419471041383,2.820919199992204
2.0,13066be19a18391e,early_seir_infected_only,182,calibration,3,3,9.697757104120114,8.397773071629425,-45.65707487602524,1.117364534365816,3.913677500007907
2.0,13066be19a18391e,early_seir_infected_only,183,calibration,3,2,5.140731915431059,7.053149908163031,-42.94625053651004,0.7992677505277661,4.018717800005106
2.0,13066be19a18391e,early_seir_infected_only,184,calibration,3,1,73.37902677250459,6.303228806406148,-41.483313221956124,2.0928299657750724,3.891379400010919
2.0,13066be19a18391e,early_seir_infected_only,185,calibration,3,2,14.194510918694526,6.547160810291457,-36.71809909905274,1.1573823303155535,4.180713000008836
2.0,13066be19a18391e,early_seir_infected_only,186,calibration,3,1,65.52878531858053,6.452425965080096,-39.361441130782495,2.0258512001751576,4.637541800009785
2.0,13066be19a18391e,early_seir_infected_only,187,calibration,3,3,29.29536939529683,7.140742377016115,-42.05880750322989,1.2422374562714438,4.859026399994036
2.0,13066be19a18391e,early_seir_infected_only,188,calibration,3,2,46.42702890283331,4.543114556899787,-44.147690743353564,1.7707961254871487,5.070991900021909
2.0,13066be19a18391e,early_seir_infected_only,189,calibration,3,3,85.43745733524844,8.626001047023237,-39.232597379084325,1.2785483144252474,5.044307999982266
2.0,13066be19a18391e,early_seir_infected_only,190,calibration,3,3,148.3709644756772,9.615320169703814,-36.478046439122124,1.6080657446227447,5.027272599982098
2.0,13066be19a18391e,early_seir_infected_only,191,calibration,3,2,156.41255080818183,5.357355549843109,-39.37544585805746,2.6929559701901904,5.048407299997052
2.0,13066be19a18391e,early_seir_infected_only,192,calibration,3,2,5.312911836447563,6.127146634181854,-44.86231769529444,0.9358618740313928,5.078726599982474
2.0,13066be19a18391e,early_seir_infected_only,193,calibration,3,2,29.855469633465567,6.478099679052539,-40.50318268358705,1.0824565017672023,4.971697300003143
2.0,13066be19a18391e,early_seir_infected_only,194,calibration,3,2,0.21166220040187533,6.984824504157073,-44.191550737516856,0.46799490750700595,4.86230449998402
2.0,13066be19a18391e,early_seir_infected_only,195,calibration,3,3,69.40095965970139,5.433249604623359,-43.70454989103516,1.551651380462601,4.923726700013503
2.0,13066be19a18391e,early_seir_infected_only,196,calibration,3,2,12.876396670355136,7.410323011617621,-44.54623546113889,1.1981362852639719,4.93087340000784
2.0,13066be19a18391e,early_seir_infected_only,197,calibration,3,2,5.859651633631415,5.8655572180146835,-45.56005433103192,0.7939917207474528,4.897485399997095
2.0,13066be19a18391e,early_seir_infected_only,198,calibration,3,2,0.614191874170547,6.627564402909424,-36.101725623120345,0.595403859312557,4.714870099996915
2.0,13066be19a18391e,early_seir_infected_only,199,calibration,3,2,4.670714028764346,5.539334101358055,-42.64984520145036,0.6938193106363136,4.7287905999983195
2.0,13066be19a18391e,early_seir_infected_only,0,evaluation,3,2,104.0805013067251,3.8404306783945414,-37.919659246597234,2.5327547870256906,4.333384099998511
2.0,13066be19a18391e,early_seir_infected_only,1,evaluation,3,2,31.16778899368406,7.244546493585271,-33.20872539761211,1.6761294651662555,4.243874200008577
2.0,13066be19a18391e,early_seir_infected_only,2,evaluation,3,3,19.42810443710337,7.108086424887343,-42.1479001847956,1.1302923044213622,4.339784600000712
2.0,13066be19a18391e,early_seir_infected_only,3,evaluation,3,2,28.6198314142101,6.52493048379092,-37.04434731510682,1.7326480433291338,4.355063599999994
2.0,13066be19a18391e,early_seir_infected_only,4,evaluation,3,2,10.253064357575754,4.702506487540175,-43.33423840035768,1.1007637442868514,4.273094299991499
2.0,13066be19a18391e,early_seir_infected_only,5,evaluation,3,2,10.751533054311967,4.488559164419637,-37.251768660282835,1.2332616730344026,4.3135881999915
2.0,13066be19a18391e,early_seir_infected_only,6,evaluation,3,2,3.731901278600882,6.213921221894179,-39.16558594405858,0.11173345140557328,4.2355949000047985
2.0,13066be19a18391e,early_seir_infected_only,7,evaluation,3,3,121.82811711463756,9.330518484839347,-43.03199352949189,1.4106043555712438,4.3378693999984534
2.0,13066be19a18391e,early_seir_infected_only,8,evaluation,3,3,1.8706791540253391,6.313199333554369,-42.38637415553854,0.702002267749911,4.2454896999988705
2.0,13066be19a18391e,early_seir_infected_only,9,evaluation,3,3,114.09303347990584,7.530304101787336,-40.93118241544208,1.4092692244807108,4.306130099997972
2.0,13066be19a18391e,early_seir_infected_only,10,evaluation,3,2,38.874336328536685,5.064855103616919,-34.653236102577196,1.7935162826284057,4.34654889999365
2.0,13066be19a18391e,early_seir_infected_only,11,evaluation,3,2,51.411253152255796,7.051431548994142,-35.880587339376774,1.8718948906785458,4.349634399986826
2.0,13066be19a18391e,early_seir_infected_only,12,evaluation,3,3,44.60283714953792,8.077779224653288,-39.63092989354043,1.1712374654221005,4.2443792999984
2.0,13066be19a18391e,early_seir_infected_only,13,evaluation,3,3,14.65347092444592,6.328410175248011,-35.34009246847107,0.7401770942967254,4.3597135999880265
2.0,13066be19a18391e,early_seir_infected_only,14,evaluation,3,2,31.777860445342498,8.217658403293482,-34.14997665810185,1.5050937944725347,4.363872999994783
2.0,13066be19a18391e,early_seir_infected_only,15,evaluation,3,3,21.55843785564751,5.973232179993378,-41.85801698045778,1.1766697621349131,4.393097399995895
2.0,13066be19a18391e,early_seir_infected_only,16,evaluation,3,2,13.612983714524331,6.940802565421661,-39.5179667248917,1.1364846238374986,4.318658799995319
2.0,13066be19a18391e,early_seir_infected_only,17,evaluation,3,2,28.184519682309638,5.658132112463339,-39.9839657193303,1.6826646926684166,4.3831988999882014
2.0,13066be19a18391e,early_seir_infected_only,18,evaluation,3,3,84.0956966720675,8.048432905472586,-44.47699544230905,1.5721466897847771,4.393617900001118
2.0,13066be19a18391e,early_seir_infected_only,19,evaluation,3,2,4.441804822321847,6.131061776512247,-36.404515830053136,0.7544559095490913,4.402872300008312
2.0,13066be19a18391e,early_seir_infected_only,20,evaluation,3,2,11.724935799047433,7.251093307883892,-40.86877843276698,1.110536425553038,4.299547599992366
2.0,13066be19a18391e,early_seir_infected_only,21,evaluation,3,2,42.53909876738288,7.631411132789152,-38.551040244123485,1.5044462646470582,4.286826399998972
2.0,13066be19a18391e,early_seir_infected_only,22,evaluation,3,2,80.03654255629176,9.083378053487767,-39.38765102892923,1.7371048989175628,4.379283999995096
2.0,13066be19a18391e,early_seir_infected_only,23,evaluation,3,2,38.18849838859863,5.2560080875410025,-40.22658111686377,1.8294160526403462,4.308934999993653
2.0,13066be19a18391e,early_seir_infected_only,24,evaluation,3,3,57.615596621397216,9.188213145678358,-43.07434231624306,1.2352954125861475,4.366626899995026
2.0,13066be19a18391e,early_seir_infected_only,25,evaluation,3,3,40.106556470640015,7.331557981437326,-40.61498835423314,1.4455957789948544,4.366927399998531
2.0,13066be19a18391e,early_seir_infected_only,26,evaluation,3,2,27.536303036718948,4.035531131901044,-39.76796074645359,1.4872809642049685,4.252226399999927
2.0,13066be19a18391e,early_seir_infected_only,27,evaluation,3,3,12.784137083270423,7.089665130857903,-36.22152855086229,1.0940268265629682,4.329225399997085
2.0,13066be19a18391e,early_seir_infected_only,28,evaluation,3,3,184.96330906768947,9.63887405454904,-43.810158240891006,1.6922140819483205,4.397663499999908
2.0,13066be19a18391e,early_seir_infected_only,29,evaluation,3,2,0.7976250260492139,6.309779088088485,-38.82046995362156,0.4889910690567815,4.358318799990229
2.0,13066be19a18391e,early_seir_infected_only,30,evaluation,3,2,12.337077212301686,4.294037822052268,-40.80829477386963,1.1042958353080614,4.318703400000231
2.0,13066be19a18391e,early_seir_infected_only,31,evaluation,3,2,20.868019929070385,6.455548617167062,-41.49948375716949,1.5651911940808683,4.353747100001783
2.0,13066be19a18391e,early_seir_infected_only,32,evaluation,3,2,29.683860570747402,4.704262721318933,-44.441503127648865,1.6505945874827812,4.371433099993737
2.0,13066be19a18391e,early_seir_infected_only,33,evaluation,3,3,48.26278076413308,8.211441255919125,-37.178608144647015,1.2769617465651062,4.3692934999999125
2.0,13066be19a18391e,early_seir_infected_only,34,evaluation,3,2,68.46082524352751,5.39139424240537,-42.75672867661787,2.111204165738869,4.361804400003166
2.0,13066be19a18391e,early_seir_infected_only,35,evaluation,3,2,0.14790328739452874,6.723598211168153,-40.0556174022701,0.4483235823288649,4.263695400004508
2.0,13066be19a18391e,early_seir_infected_only,36,evaluation,3,2,11.93264288879876,7.874943695952769,-39.537622175448725,1.2602596529581278,4.342303500001435
2.0,13066be19a18391e,early_seir_infected_only,37,evaluation,3,2,26.386806255223327,8.068555083641229,-42.90530009164111,1.4034395518516294,4.362082599996938
2.0,13066be19a18391e,early_seir_infected_only,38,evaluation,3,1,41.94958463935768,6.379473126494912,-37.06169864617293,1.7234192059876257,4.3065219999989495
2.0,13066be19a18391e,early_seir_infected_only,39,evaluation,3,1,81.96174648232181,6.45639841694625,-40.96921441270416,2.21021256648649,4.367377100003068
2.0,13066be19a18391e,early_seir_infected_only,40,evaluation,3,2,2.5470204054423364,6.449140702368593,-44.81402598652927,0.5887983369648147,4.26489340000262
2.0,13066be19a18391e,early_seir_infected_only,41,evaluation,3,2,29.195359077731005,5.5708211418044575,-41.54023734677099,1.703843654399608,4.379789400001755
2.0,13066be19a18391e,early_seir_infected_only,42,evaluation,3,2,50.152625627276436,8.999669495575567,-37.58860331847262,1.6967614550733203,4.362411900001462
2.0,13066be19a18391e,early_seir_infected_only,43,evaluation,3,2,29.978383886537486,8.216261259449679,-39.884625199236574,1.587185892020514,4.370118099992396
2.0,13066be19a18391e,early_seir_infected_only,44,evaluation,3,3,122.42642451451948,9.05312460459268,-42.67831736696635,1.4223818652548275,4.361479500003043
2.0,13066be19a18391e,early_seir_infected_only,45,evaluation,3,2,48.36975861843145,4.440018586195739,-36.733600265194895,1.8394527028630914,4.319234599999618
2.0,13066be19a18391e,early_seir_infected_only,46,evaluation,3,2,34.06752043613491,7.87635679773311,-40.907596522900484,1.3806007042541373,4.296712199997273
2.0,13066be19a18391e,early_seir_infected_only,47,evaluation,3,2,29.993641609447238,5.71506897110404,-37.81411765292337,1.6431865416464806,4.378054399989196
2.0,13066be19a18391e,early_seir_infected_only,48,evaluation,3,3,138.14990684405393,10.080336183182222,-42.59406631532747,1.4805019531211252,4.383832000006805
2.0,13066be19a18391e,early_seir_infected_only,49,evaluation,3,1,29.676856862112675,6.505903140811937,-44.559571221283974,1.5320846756721787,4.311481500000809
2.0,13066be19a18391e,early_seir_infected_only,50,evaluation,3,2,20.822441101305195,5.258319779607497,-44.03440614455136,1.3230469967797525,4.376469100010581
2.0,13066be19a18391e,early_seir_infected_only,51,evaluation,3,2,76.97936631830022,5.522958509683686,-43.5894042132054,2.016362793556371,4.328934899996966
2.0,13066be19a18391e,early_seir_infected_only,52,evaluation,3,2,54.134067755205464,7.129470805238755,-44.729512035000894,1.4155031304189452,4.35161739999603
2.0,13066be19a18391e,early_seir_infected_only,53,evaluation,3,1,83.59317386885937,6.318989508595686,-39.308155772210135,2.22045406316947,4.227127999998629
2.0,13066be19a18391e,early_seir_infected_only,54,evaluation,3,3,34.47443636211804,5.474287516477796,-37.001662565114756,1.2918747544846143,4.356337199991685
2.0,13066be19a18391e,early_seir_infected_only,55,evaluation,3,1,69.49641419830982,5.918471599467891,-38.58854163515413,2.0555236631396205,4.247754399999394
2.0,13066be19a18391e,early_seir_infected_only,56,evaluation,3,2,17.02906710997309,6.171525545225111,-38.27474959320639,1.2680935546921897,4.343641500003287
2.0,13066be19a18391e,early_seir_infected_only,57,evaluation,3,2,21.17836923497051,5.779505117486224,-41.14366441938649,1.5392563814273854,4.318244900001446
2.0,13066be19a18391e,early_seir_infected_only,58,evaluation,3,2,13.64511313348931,5.287379894359889,-35.54193475842891,1.1633730947479421,4.335730199993122
2.0,13066be19a18391e,early_seir_infected_only,59,evaluation,3,2,7.294571021812565,5.1708636927933505,-43.044683554706474,1.1229895337243605,4.313058899992029
2.0,13066be19a18391e,early_seir_infected_only,60,evaluation,3,3,64.05835050534316,7.6233378007681605,-42.20630813357315,1.5785489636320267,4.320623399995384
2.0,13066be19a18391e,early_seir_infected_only,61,evaluation,3,1,91.60789693010923,6.374305469713762,-35.349154196477954,2.3034821501910945,4.29423769999994
2.0,13066be19a18391e,early_seir_infected_only,62,evaluation,3,2,0.9084649465775783,7.269957897318555,-42.03896625756267,0.4999344542203098,4.243385099995066
2.0,13066be19a18391e,early_seir_infected_only,63,evaluation,3,2,230.89442214920786,5.148494050079986,-42.678274051404244,2.8322768557742815,4.2716777000023285
2.0,13066be19a18391e,early_seir_infected_only,64,evaluation,3,2,12.665903712607125,6.976891747399347,-43.63995024717589,1.2339244791633788,4.34097789999214
2.0,13066be19a18391e,early_seir_infected_only,65,evaluation,3,3,14.672938948053883,8.042626942667349,-41.201929049920686,1.0186502731701481,4.325809099987964
2.0,13066be19a18391e,early_seir_infected_only,66,evaluation,3,2,0.34340539084496924,6.7443790627585525,-35.09793915217711,0.41422472987859266,4.214843700014171
2.0,13066be19a18391e,early_seir_infected_only,67,evaluation,3,2,52.87201075252467,6.471995541188824,-41.887244142795154,1.5631336683498043,4.3457554999913555
2.0,13066be19a18391e,early_seir_infected_only,68,evaluation,3,2,0.44312380001996754,7.005578257418365,-42.63484134801792,0.7943330388976702,4.302972999998019
2.0,13066be19a18391e,early_seir_infected_only,69,evaluation,3,2,9.05679105435161,7.516483936101426,-40.338480976052324,1.2828788604107875,4.1800109000032535
2.0,13066be19a18391e,early_seir_infected_only,70,evaluation,3,2,0.3466300972207419,6.8625297558162925,-35.019344282411346,0.6803379987563081,4.2200207999994745
2.0,13066be19a18391e,early_seir_infected_only,71,evaluation,3,2,24.342609902628258,5.629070766627099,-41.460313873496666,1.5586909678448895,4.310259399993811
2.0,13066be19a18391e,early_seir_infected_only,72,evaluation,3,2,40.70385151839846,5.847250229040144,-43.31971161537423,1.7549961364581492,4.271784500000649
2.0,13066be19a18391e,early_seir_infected_only,73,evaluation,3,1,57.29799450536423,6.483438986131971,-39.517119076375195,1.9327642488898316,4.313141700011329
2.0,13066be19a18391e,early_seir_infected_only,74,evaluation,3,3,46.41297752665949,8.353814200773835,-41.063599340221224,1.15446566379968,4.307820200003334
2.0,13066be19a18391e,early_seir_infected_only,75,evaluation,3,3,36.11192222610306,9.440729739245452,-40.00615867924012,1.199103585958553,4.3135674000077415
2.0,13066be19a18391e,early_seir_infected_only,76,evaluation,3,2,0.1295976570930192,6.084775465706166,-39.954699050665,0.4951123358913333,4.256970700007514
2.0,13066be19a18391e,early_seir_infected_only,77,evaluation,3,3,2.387182538628152,3.6035805852697065,-41.42889427686059,0.8718711858131881,4.297517400002107
2.0,13066be19a18391e,early_seir_infected_only,78,evaluation,3,2,35.56886151356415,5.015976919670839,-38.007742896606004,1.7519067306570442,4.316593399998965
2.0,13066be19a18391e,early_seir_infected_only,79,evaluation,3,2,8.250987364080586,4.798072677976293,-40.70798831953483,0.9067563694478069,4.289132200006861
2.0,13066be19a18391e,early_seir_infected_only,80,evaluation,3,2,0.6996149926375246,6.442922278665961,-42.75044746254205,0.31503932014123937,4.222358699989854
2.0,13066be19a18391e,early_seir_infected_only,81,evaluation,3,3,7.460688581405886,5.513552028493257,-38.42243922842133,0.5235290453312745,4.250114299997222
2.0,13066be19a18391e,early_seir_infected_only,82,evaluation,3,2,48.13881777571349,6.317347770274068,-40.78009540723933,1.5241883946975492,4.363111200000276
2.0,13066be19a18391e,early_seir_infected_only,83,evaluation,3,2,62.8983533875657,5.7213025331962815,-40.779503509552484,1.9402261244159074,4.325162900000578
2.0,13066be19a18391e,early_seir_infected_only,84,evaluation,3,2,124.06978122772793,7.106140738665094,-39.26960664187101,1.8286112359445448,4.317684200010262
2.0,13066be19a18391e,early_seir_infected_only,85,evaluation,3,3,28.992420370451114,8.787575903698759,-38.229295678647745,1.1130903091740538,4.292911600001389
2.0,13066be19a18391e,early_seir_infected_only,86,evaluation,3,3,103.75497170198372,9.645027134475374,-39.63086207865204,1.5526061279649441,4.314746500007459
2.0,13066be19a18391e,early_seir_infected_only,87,evaluation,3,3,2.021625025866602,5.188040485734544,-42.77560391288917,0.492536879882432,4.250216700005694
2.0,13066be19a18391e,early_seir_infected_only,88,evaluation,3,2,30.933373538892404,5.356516778772695,-42.90763319760764,1.6344602816879208,4.313832200001343
2.0,13066be19a18391e,early_seir_infected_only,89,evaluation,3,2,36.17467442332759,5.399779007257199,-43.11882191712264,1.7662090863494175,4.2352068000036525
2.0,13066be19a18391e,early_seir_infected_only,90,evaluation,3,2,80.98205956000061,5.612864173950775,-40.92192608651915,1.937451057537591,4.297423099997104
2.0,13066be19a18391e,early_seir_infected_only,91,evaluation,3,2,18.79736643943027,4.086339672394744,-44.555213142819895,1.2706412726326946,4.200849200002267
2.0,13066be19a18391e,early_seir_infected_only,92,evaluation,3,2,20.879458455917025,6.393228255814368,-42.893630259051655,1.3848981663701931,4.305556699997396
2.0,13066be19a18391e,early_seir_infected_only,93,evaluation,3,3,3.16320304937506,6.026059532281032,-41.6088116339662,0.7894598097463554,4.309126299995114
2.0,13066be19a18391e,early_seir_infected_only,94,evaluation,3,2,53.913045848497404,5.219822642947261,-42.97947610109687,2.113919996405623,4.333072199995513
2.0,13066be19a18391e,early_seir_infected_only,95,evaluation,3,3,0.18681779795167808,5.984464706545199,-42.38083404047009,0.38501449116861075,4.25217999999586
2.0,13066be19a18391e,early_seir_infected_only,96,evaluation,3,2,31.652779543899225,4.960394938267116,-38.596580891043956,1.739567975884414,4.304308899998432
2.0,13066be19a18391e,early_seir_infected_only,97,evaluation,3,2,55.56984479228021,8.258272049950307,-43.896456970269135,1.705564896667026,4.338673400008702
2.0,13066be19a18391e,early_seir_infected_only,98,evaluation,3,2,5.967067360594493,5.220737392429586,-42.817536091103605,0.8428468862333466,4.248319899998023
2.0,13066be19a18391e,early_seir_infected_only,99,evaluation,3,2,50.548853218839824,8.756991191335633,-39.4932283608267,1.5551016535690672,4.494994900000165
2.0,13066be19a18391e,early_seir_infected_only,100,evaluation,3,2,4.210518122647457,6.070304192505863,-41.60147537860685,0.8444495121584392,5.089786800002912
2.0,13066be19a18391e,early_seir_infected_only,101,evaluation,3,2,35.743168228226594,4.004270907628601,-43.746975894190115,1.6913298072217495,5.211118400009582
2.0,13066be19a18391e,early_seir_infected_only,102,evaluation,3,3,0.5016756347313134,5.559772377691745,-39.01118507803993,0.2796269718943572,5.088832799985539
2.0,13066be19a18391e,early_seir_infected_only,103,evaluation,3,2,20.949726320040746,7.3774429663666075,-37.48608195529707,1.4387291484686577,5.420172100013588
2.0,13066be19a18391e,early_seir_infected_only,104,evaluation,3,2,46.67510259658809,3.9659321527259155,-42.26059140875448,1.8517841770466932,5.4499406999966595
2.0,13066be19a18391e,early_seir_infected_only,105,evaluation,3,3,7.429231424575896,6.158896744894993,-44.32376484095921,0.8058787830124613,5.684135000017704
2.0,13066be19a18391e,early_seir_infected_only,106,evaluation,3,3,87.91918154380733,8.73562738898234,-46.06652942694049,1.3185395251958454,5.584302699979162
2.0,13066be19a18391e,early_seir_infected_only,107,evaluation,3,3,69.13632729944877,8.890740449583058,-40.274089536647814,1.4891203359999503,5.559522700001253
2.0,13066be19a18391e,early_seir_infected_only,108,evaluation,3,3,127.77478061033077,8.741743735684105,-41.325961211525815,1.4182071822499374,5.583551499992609
2.0,13066be19a18391e,early_seir_infected_only,109,evaluation,3,2,23.554095333405197,3.8716955148714893,-41.59978337391921,1.2855754136115902,5.274928899976658
2.0,13066be19a18391e,early_seir_infected_only,110,evaluation,3,2,52.607967016983636,9.807885155695104,-40.298150623329455,1.5484059359151217,5.399150799989002
2.0,13066be19a18391e,early_seir_infected_only,111,evaluation,3,3,1.4909614776747504,3.70973347904667,-38.07810242443108,0.5934477473329977,5.333587700006319
2.0,13066be19a18391e,early_seir_infected_only,112,evaluation,3,2,5.338058389756737,4.89994707389314,-43.11573270846104,0.9504061316815312,5.257097599998815
2.0,13066be19a18391e,early_seir_infected_only,113,evaluation,3,2,185.7517084857676,4.838822405732548,-39.606602671431574,2.590647472831769,5.30534219997935
2.0,13066be19a18391e,early_seir_infected_only,114,evaluation,3,2,26.335385810964866,5.292450470825489,-40.60575435306196,1.5560058696367798,5.268669599987334
2.0,13066be19a18391e,early_seir_infected_only,115,evaluation,3,1,40.95690537453351,6.386874986140331,-35.34007256074118,1.715131800906392,5.208065000013448
2.0,13066be19a18391e,early_seir_infected_only,116,evaluation,3,2,24.280120354020784,4.44338036642675,-40.63256048647805,1.5540386502763008,5.285139900021022
2.0,13066be19a18391e,early_seir_infected_only,117,evaluation,3,2,13.041311450561723,4.889299313208873,-37.88433886911395,0.8950860011041997,5.212771000020439
2.0,13066be19a18391e,early_seir_infected_only,118,evaluation,3,2,17.920626790605418,5.362775935755836,-43.0934606484776,1.2751816265681462,5.40865309999208
2.0,13066be19a18391e,early_seir_infected_only,119,evaluation,3,2,34.50770755005736,5.984295534631513,-40.541688696478666,1.6737156729080023,5.321842200006358
2.0,13066be19a18391e,early_seir_infected_only,120,evaluation,3,3,35.4486600227394,8.158910303868883,-44.982160254232355,1.105836055736257,5.318289799994091
2.0,13066be19a18391e,early_seir_infected_only,121,evaluation,3,2,20.795376197111956,7.253921558160847,-39.71710301214812,1.087452519900725,5.469539899990195
2.0,13066be19a18391e,early_seir_infected_only,122,evaluation,3,2,15.841833643796555,5.569070251314904,-39.821747204812226,1.3212187725412057,5.545438700006343
2.0,13066be19a18391e,early_seir_infected_only,123,evaluation,3,2,37.66641738878885,6.151641095799235,-44.571082682556074,1.6886901163865036,5.538841300003696
2.0,13066be19a18391e,early_seir_infected_only,124,evaluation,3,2,1.0695871851455876,6.076215666299602,-42.65461180813366,0.46649866317614325,5.302591899991967
2.0,13066be19a18391e,early_seir_infected_only,125,evaluation,3,2,27.21462004809179,5.029008491710567,-41.58241280676138,1.4441073442857637,5.371955699985847
2.0,13066be19a18391e,early_seir_infected_only,126,evaluation,3,2,70.3578073100863,9.067569660767457,-36.83352526598216,1.6760730669782158,5.315323599992553
2.0,13066be19a18391e,early_seir_infected_only,127,evaluation,3,2,27.68776479425201,5.275991301752274,-41.76971595630988,1.5262321479407748,5.27306039998075
2.0,13066be19a18391e,early_seir_infected_only,128,evaluation,3,1,58.28755047370991,6.41726688743484,-43.58444338553517,1.9686172601123284,5.190043699985836
2.0,13066be19a18391e,early_seir_infected_only,129,evaluation,3,2,30.211636159219807,7.5648386376609515,-40.5313851868126,1.6130009574068054,5.16416690000915
2.0,13066be19a18391e,early_seir_infected_only,130,evaluation,3,3,1.2286705398388866,5.823483635989175,-35.439415606472565,0.43698414193048973,4.98853770000278
2.0,13066be19a18391e,early_seir_infected_only,131,evaluation,3,3,312.8649479594651,7.586213562993982,-44.84815178119973,1.9764891826121578,4.877025699999649
2.0,13066be19a18391e,early_seir_infected_only,132,evaluation,3,2,35.179735895348,6.043686760998718,-42.45719893708791,1.9519557481928222,4.884870199981378
2.0,13066be19a18391e,early_seir_infected_only,133,evaluation,3,3,27.695337677112832,8.38709016298907,-42.347069250870675,1.0649575899875166,4.811957800004166
2.0,13066be19a18391e,early_seir_infected_only,134,evaluation,3,2,1.4248574488413386,6.051596013273138,-44.569201463451414,0.6380288218669075,4.736724099988351
2.0,13066be19a18391e,early_seir_infected_only,135,evaluation,3,2,22.06215821673294,6.341649845791917,-39.006821886058944,1.2751179774495494,4.656149300019024
2.0,13066be19a18391e,early_seir_infected_only,136,evaluation,3,2,28.731919117056055,5.412000508743332,-44.7879027407353,1.6972289144635,5.197876799997175
2.0,13066be19a18391e,early_seir_infected_only,137,evaluation,3,2,1.5804138336447577,6.819873854983844,-35.23908076215985,0.8051074537781368,5.058601600001566
2.0,13066be19a18391e,early_seir_infected_only,138,evaluation,3,2,15.28801122855576,5.716470115154268,-41.45195226451212,1.3052495517827039,5.22248589998344
2.0,13066be19a18391e,early_seir_infected_only,139,evaluation,3,2,3.1869614752996123,5.704279704549872,-42.014275767328215,0.6302628735666385,5.097282700007781
2.0,13066be19a18391e,early_seir_infected_only,140,evaluation,3,2,70.30291056456753,5.267301749393874,-38.703780291870046,2.3277591794500334,5.264700900006574
2.0,13066be19a18391e,early_seir_infected_only,141,evaluation,3,2,70.19951283466901,3.936928797490082,-33.37371525492098,2.0684048368817307,5.272794599994086
2.0,13066be19a18391e,early_seir_infected_only,142,evaluation,3,3,38.94959572842353,8.600217398367624,-45.14886523121232,1.1463911334115366,5.0359052999992855
2.0,13066be19a18391e,early_seir_infected_only,143,evaluation,3,3,1.458477061318943,6.906238477639984,-41.58441032582729,0.7357301253355669,4.931206100009149
2.0,13066be19a18391e,early_seir_infected_only,144,evaluation,3,2,99.83843311267646,8.569256250904559,-40.78744633983312,1.9503428536438208,5.008340999978827
2.0,13066be19a18391e,early_seir_infected_only,145,evaluation,3,1,17.146562612594273,6.7364424465916635,-41.40176371478143,1.4182045173840647,4.955988400004571
2.0,13066be19a18391e,early_seir_infected_only,146,evaluation,3,2,91.19666014736657,8.247141605956287,-42.630664540485775,1.895630096271823,4.92294670001138
2.0,13066be19a18391e,early_seir_infected_only,147,evaluation,3,2,16.522904423461036,5.1133983377574745,-37.64542699001865,1.1111357533913717,4.888694500026759
2.0,13066be19a18391e,early_seir_infected_only,148,evaluation,3,2,99.1088451324984,6.557331443976086,-42.35305708344705,1.707508414229241,4.769487799989292
2.0,13066be19a18391e,early_seir_infected_only,149,evaluation,3,2,53.0640340051974,6.989277355224961,-42.49779691835609,1.8301449910628744,4.729409200022928
2.0,13066be19a18391e,early_seir_infected_only,150,evaluation,3,2,54.83196183313931,7.943958163155566,-38.43821529015788,1.8409418680412213,4.743933599995216
2.0,13066be19a18391e,early_seir_infected_only,151,evaluation,3,3,0.7734227057049234,5.507711499455371,-40.51768502132923,0.24024082039900074,4.667938500002492
2.0,13066be19a18391e,early_seir_infected_only,152,evaluation,3,2,21.34920573877238,5.272430519226951,-42.92604453211088,1.3788446347594239,4.8180184999946505
2.0,13066be19a18391e,early_seir_infected_only,153,evaluation,3,2,3.5835589384656945,6.345579671852463,-41.768783201952935,0.7454349137850764,4.880981599999359
2.0,13066be19a18391e,early_seir_infected_only,154,evaluation,3,3,28.43947612477976,7.586250636659732,-42.29607453701124,0.9771505593243297,4.8574736999871675
2.0,13066be19a18391e,early_seir_infected_only,155,evaluation,3,3,114.82989985639,9.962400040035234,-35.36754862253956,1.4266119044847838,4.808254100003978
2.0,13066be19a18391e,early_seir_infected_only,156,evaluation,3,2,36.82793479353487,5.024634292786299,-40.33755077960319,1.7577644405277604,4.811749600019539
2.0,13066be19a18391e,early_seir_infected_only,157,evaluation,3,3,15.988355766294863,5.721174959971263,-43.11108009711584,0.868469885517606,4.733068599976832
2.0,13066be19a18391e,early_seir_infected_only,158,evaluation,3,3,89.41611258956894,8.381153095913835,-42.63266929820308,1.5071412459254927,4.788018099992769
2.0,13066be19a18391e,early_seir_infected_only,159,evaluation,3,2,6.650007154407103,6.285683448079892,-42.39396726553798,0.8649492552821039,4.7089129999803845
2.0,13066be19a18391e,early_seir_infected_only,160,evaluation,3,2,31.15646125361333,7.253465310739658,-42.209136283388226,1.4772818575586033,4.720832999999402
2.0,13066be19a18391e,early_seir_infected_only,161,evaluation,3,2,26.35260860045156,7.792615311196749,-40.676074581112914,1.3543350146799864,4.7525157000054605
2.0,13066be19a18391e,early_seir_infected_only,162,evaluation,3,2,177.29458022000242,5.1670701100027365,-42.79732051160199,2.507540333265113,4.728698399994755
2.0,13066be19a18391e,early_seir_infected_only,163,evaluation,3,2,148.30983705583702,4.349356630573615,-38.8295929624967,2.494921719669419,4.734271199995419
2.0,13066be19a18391e,early_seir_infected_only,164,evaluation,3,2,196.3941663513592,4.160167447768811,-43.03214241380286,2.7494638433740106,4.766615300002741
2.0,13066be19a18391e,early_seir_infected_only,165,evaluation,3,2,13.123490920225851,6.66839615141674,-42.92037222865076,0.957422995639984,4.785462600004394
2.0,13066be19a18391e,early_seir_infected_only,166,evaluation,3,2,30.19494056738108,6.16031681194723,-38.78410932033152,1.6107891316121352,4.797003299987409
2.0,13066be19a18391e,early_seir_infected_only,167,evaluation,3,2,15.6502244853326,6.158217544362248,-42.53138901840406,1.1911107217740613,4.783643400005531
2.0,13066be19a18391e,early_seir_infected_only,168,evaluation,3,1,51.287826309561346,6.08893923913359,-42.39464820362302,1.7848585394138679,4.78828809998231
2.0,13066be19a18391e,early_seir_infected_only,169,evaluation,3,2,0.5917923052817478,6.356261471766433,-34.228345098398975,0.41836002556923463,4.687820499995723
2.0,13066be19a18391e,early_seir_infected_only,170,evaluation,3,2,48.0242088188886,5.999292642946053,-35.13150254898107,1.5604489706933171,4.6580866999865975
2.0,13066be19a18391e,early_seir_infected_only,171,evaluation,3,2,37.31095958818845,3.906503117249525,-39.70436743506671,1.684408377363324,4.743501000019023
2.0,13066be19a18391e,early_seir_infected_only,172,evaluation,3,2,0.34432554103138435,6.50860493805197,-44.37401365295235,0.2801228097935379,4.628154000005452
2.0,13066be19a18391e,early_seir_infected_only,173,evaluation,3,2,5.8351698941632595,5.277922490036946,-40.87314476187022,0.7175310077435163,4.716015000012703
2.0,13066be19a18391e,early_seir_infected_only,174,evaluation,3,3,55.80656416079549,8.00262860878432,-39.976685461189675,1.2694184438782015,4.787530400004471
2.0,13066be19a18391e,early_seir_infected_only,175,evaluation,3,3,58.87836071940342,8.322937402007726,-43.340407515529854,1.2198353565364608,4.737637199985329
2.0,13066be19a18391e,early_seir_infected_only,176,evaluation,3,2,7.957385754376173,6.380582448934862,-39.798566559281404,1.2888242819499842,4.758063199988101
2.0,13066be19a18391e,early_seir_infected_only,177,evaluation,3,3,4.715652377420799,6.776067386021568,-42.952198874918174,0.9126573407477117,4.771020400017733
2.0,13066be19a18391e,early_seir_infected_only,178,evaluation,3,2,52.535882730475564,8.281211380990815,-44.11615888560074,1.7421857546882296,4.749548899999354
2.0,13066be19a18391e,early_seir_infected_only,179,evaluation,3,2,54.65736451453418,6.476527707694923,-43.69713109926354,1.4760755535499184,4.644019600003958
2.0,13066be19a18391e,early_seir_infected_only,180,evaluation,3,1,78.70977533674157,6.3463313228362725,-39.675558128195796,2.1621591377942884,4.774410300015006
2.0,13066be19a18391e,early_seir_infected_only,181,evaluation,3,2,55.26739073769913,7.474624724552866,-42.7124446647294,1.5820076450791267,4.739315300015733
2.0,13066be19a18391e,early_seir_infected_only,182,evaluation,3,2,41.43909234821862,6.090855850978807,-39.95412610723387,1.780173513167583,4.687919299991336
2.0,13066be19a18391e,early_seir_infected_only,183,evaluation,3,3,2.891418030657092,5.94011703071269,-39.478823162131285,0.5535929671930082,4.79017739999108
2.0,13066be19a18391e,early_seir_infected_only,184,evaluation,3,2,28.469497778150178,5.589611928523385,-40.68574699583636,1.6492965711247254,5.566610899986699
2.0,13066be19a18391e,early_seir_infected_only,185,evaluation,3,2,40.90155498999951,5.778064316776719,-38.670327513251806,1.7603213468340821,5.661114999995334
2.0,13066be19a18391e,early_seir_infected_only,186,evaluation,3,2,29.29707594444287,5.315692876884596,-45.368688586023325,1.624159658325477,5.652120700018713
2.0,13066be19a18391e,early_seir_infected_only,187,evaluation,3,2,64.68587011292595,5.195718023916388,-39.238008468374815,1.9190253325631625,5.6674079000076745
2.0,13066be19a18391e,early_seir_infected_only,188,evaluation,3,2,9.256377639088196,6.591292391334888,-43.571306545664044,1.0465127419246147,5.589139999996405
2.0,13066be19a18391e,early_seir_infected_only,189,evaluation,3,2,27.60520255608775,5.184245446531856,-42.420845438663505,1.493264874656603,5.728761400008807
2.0,13066be19a18391e,early_seir_infected_only,190,evaluation,3,3,2.463937796450698,5.716704898681289,-42.442047215118926,0.4804840476735362,4.741393000003882
2.0,13066be19a18391e,early_seir_infected_only,191,evaluation,3,2,9.370792758388035,5.828863695533631,-42.861151004790734,1.0780008802367689,4.901196199993137
2.0,13066be19a18391e,early_seir_infected_only,192,evaluation,3,3,24.253608410117693,8.525635292003878,-37.91750156343109,1.1338596075609082,4.8716536999854725
2.0,13066be19a18391e,early_seir_infected_only,193,evaluation,3,1,54.29119036553795,6.463203848666867,-34.98272915694878,1.9085281999806014,4.8816635000112
2.0,13066be19a18391e,early_seir_infected_only,194,evaluation,3,2,24.998210986718764,6.729145267040403,-42.41068909031688,1.235810894596542,4.947126000013668
2.0,13066be19a18391e,early_seir_infected_only,195,evaluation,3,2,23.498439243223064,5.4596420832145105,-46.575272637845075,1.475984861350864,4.951350200019078
2.0,13066be19a18391e,early_seir_infected_only,196,evaluation,3,3,111.25835060805963,8.462685938126745,-42.1053316187426,1.3345664919656084,4.78275709997979
2.0,13066be19a18391e,early_seir_infected_only,197,evaluation,3,1,82.54638679307007,6.5856518123526495,-42.03703423978373,2.2426448687764755,4.7377398000098765
2.0,13066be19a18391e,early_seir_infected_only,198,evaluation,3,1,38.87971806201775,6.628041357709199,-42.472161240618135,1.7441950529064478,4.807121499994537
2.0,13066be19a18391e,early_seir_infected_only,199,evaluation,3,1,79.07514979220807,6.319783968843632,-41.89531545418766,2.179053345820982,4.737925900000846
