scenario,seed,criterion,candidate,weight
early_seir_infected_only,0,aic,neural_ode_h2,2.438868204120858e-06
early_seir_infected_only,0,aic,seir,0.341031240919856
early_seir_infected_only,0,aic,sir,0.4771089176176158
early_seir_infected_only,0,aic,tv_sir,0.18174798417804136
early_seir_infected_only,0,aic,ude_sir_h2,0.00010941841628268953
early_seir_infected_only,0,aicc,neural_ode_h2,3.3626345073051807e-97
early_seir_infected_only,0,aicc,seir,0.27531648530852165
early_seir_infected_only,0,aicc,sir,0.6599430510600303
early_seir_infected_only,0,aicc,tv_sir,0.06474046363144807
early_seir_infected_only,0,aicc,ude_sir_h2,1.1186778910840105e-18
early_seir_infected_only,0,bic,neural_ode_h2,2.9842686420368996e-08
early_seir_infected_only,0,bic,seir,0.29232391923284573
early_seir_infected_only,0,bic,sir,0.6018014513972728
early_seir_infected_only,0,bic,tv_sir,0.10587033337311734
early_seir_infected_only,0,bic,ude_sir_h2,4.2661540777583385e-06
early_seir_infected_only,0,blocked_validation,neural_ode_h2,0.0003202814212041273
early_seir_infected_only,0,blocked_validation,seir,0.9519457251752368
early_seir_infected_only,0,blocked_validation,sir,0.023887052234454472
early_seir_infected_only,0,blocked_validation,tv_sir,2.147973137843048e-05
early_seir_infected_only,0,blocked_validation,ude_sir_h2,0.023825461437725803
early_seir_infected_only,0,waic_laplace,neural_ode_h2,5.381157885415085e-82
early_seir_infected_only,0,waic_laplace,seir,0.04785737621752019
early_seir_infected_only,0,waic_laplace,sir,0.9521426237824799
early_seir_infected_only,0,waic_laplace,tv_sir,4.336131768789107e-20
early_seir_infected_only,0,waic_laplace,ude_sir_h2,9.387818294022e-305
early_seir_infected_only,0,ogic_p,neural_ode_h2,0.058569272843345
early_seir_infected_only,0,ogic_p,seir,0.3395284904320996
early_seir_infected_only,0,ogic_p,sir,0.220187323092303
early_seir_infected_only,0,ogic_p,tv_sir,0.13091317038679667
early_seir_infected_only,0,ogic_p,ude_sir_h2,0.25080174324545584
early_seir_infected_only,0,gic_eff,neural_ode_h2,0.04447012905063486
early_seir_infected_only,0,gic_eff,seir,0.3662681802856951
early_seir_infected_only,0,gic_eff,sir,0.2597133594491672
early_seir_infected_only,0,gic_eff,tv_sir,0.08469154393295462
early_seir_infected_only,0,gic_eff,ude_sir_h2,0.24485678728154836
early_seir_infected_only,0,gic_vol_025,neural_ode_h2,0.0410448343779673
early_seir_infected_only,0,gic_vol_025,seir,0.412904433750691
early_seir_infected_only,0,gic_vol_025,sir,0.28198516626079584
early_seir_infected_only,0,gic_vol_025,tv_sir,0.04161864440361605
early_seir_infected_only,0,gic_vol_025,ude_sir_h2,0.22244692120692988
early_seir_infected_only,0,gic_vol_050,neural_ode_h2,0.036706234831702475
early_seir_infected_only,0,gic_vol_050,seir,0.4510151342055954
early_seir_infected_only,0,gic_vol_050,sir,0.2966534813881423
early_seir_infected_only,0,gic_vol_050,tv_sir,0.019816503296149708
early_seir_infected_only,0,gic_vol_050,ude_sir_h2,0.19580864627841016
early_seir_infected_only,0,gic_vol_100,neural_ode_h2,0.027905255127620068
early_seir_infected_only,0,gic_vol_100,seir,0.5115142647458674
early_seir_infected_only,0,gic_vol_100,sir,0.3120896158092877
early_seir_infected_only,0,gic_vol_100,tv_sir,0.004270598147469644
early_seir_infected_only,0,gic_vol_100,ude_sir_h2,0.1442202661697553
early_seir_infected_only,0,ogic_e,neural_ode_h2,1.5014173541635964e-06
early_seir_infected_only,0,ogic_e,seir,0.5944588560681351
early_seir_infected_only,0,ogic_e,sir,0.23366026759425465
early_seir_infected_only,0,ogic_e,tv_sir,0.03333060461576445
early_seir_infected_only,0,ogic_e,ude_sir_h2,0.13854877030449164
early_seir_infected_only,1,aic,neural_ode_h2,4.1349398465597405e-06
early_seir_infected_only,1,aic,seir,0.40109092406934266
early_seir_infected_only,1,aic,sir,0.37028041652306276
early_seir_infected_only,1,aic,tv_sir,0.22846895354248897
early_seir_infected_only,1,aic,ude_sir_h2,0.0001555709252590876
early_seir_infected_only,1,aicc,neural_ode_h2,6.214691208944122e-97
early_seir_infected_only,1,aicc,seir,0.3529717199971586
early_seir_infected_only,1,aicc,sir,0.5583142271797416
early_seir_infected_only,1,aicc,tv_sir,0.08871405282309967
early_seir_infected_only,1,aicc,ude_sir_h2,1.7338123422407947e-18
early_seir_infected_only,1,bic,neural_ode_h2,5.3600564893453573e-08
early_seir_infected_only,1,bic,seir,0.3642198483688318
early_seir_infected_only,1,bic,sir,0.49478557239527665
early_seir_infected_only,1,bic,tv_sir,0.14098809986596192
early_seir_infected_only,1,bic,ude_sir_h2,6.425769364725197e-06
early_seir_infected_only,1,blocked_validation,neural_ode_h2,1.1705744556180502e-07
early_seir_infected_only,1,blocked_validation,seir,0.9929444616326727
early_seir_infected_only,1,blocked_validation,sir,0.003569196150239928
early_seir_infected_only,1,blocked_validation,tv_sir,1.6961587358311986e-16
early_seir_infected_only,1,blocked_validation,ude_sir_h2,0.0034862251596416015
early_seir_infected_only,1,waic_laplace,neural_ode_h2,1.1927956907823207e-29
early_seir_infected_only,1,waic_laplace,seir,7.91276376496097e-06
early_seir_infected_only,1,waic_laplace,sir,0.9988798119457057
early_seir_infected_only,1,waic_laplace,tv_sir,0.0011122752905293957
early_seir_infected_only,1,waic_laplace,ude_sir_h2,3.086968308823872e-145
early_seir_infected_only,1,ogic_p,neural_ode_h2,0.08389696789095749
early_seir_infected_only,1,ogic_p,seir,0.3585741956623401
early_seir_infected_only,1,ogic_p,sir,0.14853438804720595
early_seir_infected_only,1,ogic_p,tv_sir,0.13927657990576472
early_seir_infected_only,1,ogic_p,ude_sir_h2,0.26971786849373175
early_seir_infected_only,1,gic_eff,neural_ode_h2,0.06504573158256148
early_seir_infected_only,1,gic_eff,seir,0.40438662032870903
early_seir_infected_only,1,gic_eff,sir,0.18086911069170625
early_seir_infected_only,1,gic_eff,tv_sir,0.09206514822924633
early_seir_infected_only,1,gic_eff,ude_sir_h2,0.257633389167777
early_seir_infected_only,1,gic_vol_025,neural_ode_h2,0.061701397585136084
early_seir_infected_only,1,gic_vol_025,seir,0.46977358805091396
early_seir_infected_only,1,gic_vol_025,sir,0.20178374708617633
early_seir_infected_only,1,gic_vol_025,tv_sir,0.04635694350012998
early_seir_infected_only,1,gic_vol_025,ude_sir_h2,0.22038432377764353
early_seir_infected_only,1,gic_vol_050,neural_ode_h2,0.05621078568730332
early_seir_infected_only,1,gic_vol_050,seir,0.5241177521159847
early_seir_infected_only,1,gic_vol_050,sir,0.21620036244795643
early_seir_infected_only,1,gic_vol_050,tv_sir,0.0224172732721535
early_seir_infected_only,1,gic_vol_050,ude_sir_h2,0.18105382647660204
early_seir_infected_only,1,gic_vol_100,neural_ode_h2,0.043409926550985654
early_seir_infected_only,1,gic_vol_100,seir,0.6070570453090668
early_seir_infected_only,1,gic_vol_100,sir,0.23094947239329325
early_seir_infected_only,1,gic_vol_100,tv_sir,0.004877966995833219
early_seir_infected_only,1,gic_vol_100,ude_sir_h2,0.11370558875082114
early_seir_infected_only,1,ogic_e,neural_ode_h2,1.7483923024358504e-06
early_seir_infected_only,1,ogic_e,seir,0.677478322134872
early_seir_infected_only,1,ogic_e,sir,0.17927042202553453
early_seir_infected_only,1,ogic_e,tv_sir,0.04384809665197735
early_seir_infected_only,1,ogic_e,ude_sir_h2,0.09940141079531356
early_seir_infected_only,2,aic,neural_ode_h2,4.5409640521686865e-06
early_seir_infected_only,2,aic,seir,0.4094231244416436
early_seir_infected_only,2,aic,sir,0.30502185917034796
early_seir_infected_only,2,aic,tv_sir,0.2854232126687854
early_seir_infected_only,2,aic,ude_sir_h2,0.000127262755170882
early_seir_infected_only,2,aicc,neural_ode_h2,7.330361921608209e-97
early_seir_infected_only,2,aicc,seir,0.3869870566710916
early_seir_infected_only,2,aicc,sir,0.4939760695062859
early_seir_infected_only,2,aicc,tv_sir,0.11903687382262244
early_seir_infected_only,2,aicc,ude_sir_h2,1.5233579795500712e-18
early_seir_infected_only,2,bic,neural_ode_h2,6.160457482496848e-08
early_seir_infected_only,2,bic,seir,0.38909699123043995
early_seir_infected_only,2,bic,sir,0.426561816950595
early_seir_infected_only,2,bic,tv_sir,0.18433562894705377
early_seir_infected_only,2,bic,ude_sir_h2,5.501267336436487e-06
early_seir_infected_only,2,blocked_validation,neural_ode_h2,6.633511788859157e-05
early_seir_infected_only,2,blocked_validation,seir,0.9983139094723639
early_seir_infected_only,2,blocked_validation,sir,0.0008797911894072947
early_seir_infected_only,2,blocked_validation,tv_sir,4.167861494813958e-17
early_seir_infected_only,2,blocked_validation,ude_sir_h2,0.0007399642203402073
early_seir_infected_only,2,waic_laplace,neural_ode_h2,5.145735751380998e-215
early_seir_infected_only,2,waic_laplace,seir,8.808155501779897e-27
early_seir_infected_only,2,waic_laplace,sir,1.0
early_seir_infected_only,2,waic_laplace,tv_sir,7.872099117326646e-45
early_seir_infected_only,2,waic_laplace,ude_sir_h2,2.403757772604815e-100
early_seir_infected_only,2,ogic_p,neural_ode_h2,0.09016180941576363
early_seir_infected_only,2,ogic_p,seir,0.38646626537353845
early_seir_infected_only,2,ogic_p,sir,0.1260809069822368
early_seir_infected_only,2,ogic_p,tv_sir,0.1749756074011879
early_seir_infected_only,2,ogic_p,ude_sir_h2,0.22231541082727324
early_seir_infected_only,2,gic_eff,neural_ode_h2,0.06941672798823723
early_seir_infected_only,2,gic_eff,seir,0.4457056831146227
early_seir_infected_only,2,gic_eff,sir,0.15553144197048877
early_seir_infected_only,2,gic_eff,tv_sir,0.11607463226539798
early_seir_infected_only,2,gic_eff,ude_sir_h2,0.21327151466125338
early_seir_infected_only,2,gic_vol_025,neural_ode_h2,0.06597156077530938
early_seir_infected_only,2,gic_vol_025,seir,0.5236540381382171
early_seir_infected_only,2,gic_vol_025,sir,0.17492712371442068
early_seir_infected_only,2,gic_vol_025,tv_sir,0.055323518396056766
early_seir_infected_only,2,gic_vol_025,ude_sir_h2,0.180123758975996
early_seir_infected_only,2,gic_vol_050,neural_ode_h2,0.05953206794678515
early_seir_infected_only,2,gic_vol_050,seir,0.5841741457430104
early_seir_infected_only,2,gic_vol_050,sir,0.18680895969978822
early_seir_infected_only,2,gic_vol_050,tv_sir,0.02503709041248201
early_seir_infected_only,2,gic_vol_050,ude_sir_h2,0.14444773619793438
early_seir_infected_only,2,gic_vol_100,neural_ode_h2,0.044615714014485525
early_seir_infected_only,2,gic_vol_100,seir,0.6690930853057622
early_seir_infected_only,2,gic_vol_100,sir,0.19607727136430833
early_seir_infected_only,2,gic_vol_100,tv_sir,0.004719331102369968
early_seir_infected_only,2,gic_vol_100,ude_sir_h2,0.08549459821307391
early_seir_infected_only,2,ogic_e,neural_ode_h2,2.1390578478512152e-06
early_seir_infected_only,2,ogic_e,seir,0.713007684747639
early_seir_infected_only,2,ogic_e,sir,0.15652059781255862
early_seir_infected_only,2,ogic_e,tv_sir,0.04314056569115433
early_seir_infected_only,2,ogic_e,ude_sir_h2,0.0873290126908003
early_seir_infected_only,3,aic,neural_ode_h2,1.342339814155454e-06
early_seir_infected_only,3,aic,seir,0.20526283514330812
early_seir_infected_only,3,aic,sir,0.6626959733112047
early_seir_infected_only,3,aic,tv_sir,0.13195806755159772
early_seir_infected_only,3,aic,ude_sir_h2,8.178165407538199e-05
early_seir_infected_only,3,aicc,neural_ode_h2,1.6387769305510691e-97
early_seir_infected_only,3,aicc,seir,0.14672847742456469
early_seir_infected_only,3,aicc,sir,0.8116509370284215
early_seir_infected_only,3,aicc,tv_sir,0.04162058554701397
early_seir_infected_only,3,aicc,ude_sir_h2,7.40349107199517e-19
early_seir_infected_only,3,bic,neural_ode_h2,1.508691481867069e-08
early_seir_infected_only,3,bic,seir,0.16161024680516536
early_seir_infected_only,3,bic,sir,0.767782857824561
early_seir_infected_only,3,bic,tv_sir,0.07060395147884606
early_seir_infected_only,3,bic,ude_sir_h2,2.92880451275081e-06
early_seir_infected_only,3,blocked_validation,neural_ode_h2,0.6397485121205048
early_seir_infected_only,3,blocked_validation,seir,0.00028664632719896805
early_seir_infected_only,3,blocked_validation,sir,0.1830394391913764
early_seir_infected_only,3,blocked_validation,tv_sir,1.1563506402358e-210
early_seir_infected_only,3,blocked_validation,ude_sir_h2,0.1769254023609198
early_seir_infected_only,3,waic_laplace,neural_ode_h2,7.287506350213059e-194
early_seir_infected_only,3,waic_laplace,seir,2.5502860519454583e-12
early_seir_infected_only,3,waic_laplace,sir,0.9999999994744957
early_seir_infected_only,3,waic_laplace,tv_sir,5.229541688651684e-10
early_seir_infected_only,3,waic_laplace,ude_sir_h2,1.2131586897697776e-252
early_seir_infected_only,3,ogic_p,neural_ode_h2,0.05574490401249856
early_seir_infected_only,3,ogic_p,seir,0.21884181973393213
early_seir_infected_only,3,ogic_p,sir,0.2919285301733766
early_seir_infected_only,3,ogic_p,tv_sir,0.14254569662677136
early_seir_infected_only,3,ogic_p,ude_sir_h2,0.29093904945342136
early_seir_infected_only,3,gic_eff,neural_ode_h2,0.04854318713317481
early_seir_infected_only,3,gic_eff,seir,0.2249992134656146
early_seir_infected_only,3,gic_eff,sir,0.31391396372133507
early_seir_infected_only,3,gic_eff,tv_sir,0.10010146987391953
early_seir_infected_only,3,gic_eff,ude_sir_h2,0.312442165805956
early_seir_infected_only,3,gic_vol_025,neural_ode_h2,0.05586445783937661
early_seir_infected_only,3,gic_vol_025,seir,0.2527473545881514
early_seir_infected_only,3,gic_vol_025,sir,0.32206091916391877
early_seir_infected_only,3,gic_vol_025,tv_sir,0.05100208684678942
early_seir_infected_only,3,gic_vol_025,ude_sir_h2,0.31832518156176376
early_seir_infected_only,3,gic_vol_050,neural_ode_h2,0.062482215735518584
early_seir_infected_only,3,gic_vol_050,seir,0.2759343513596481
early_seir_infected_only,3,gic_vol_050,sir,0.3211285761182174
early_seir_infected_only,3,gic_vol_050,tv_sir,0.02525509290262357
early_seir_infected_only,3,gic_vol_050,ude_sir_h2,0.3151997638839923
early_seir_infected_only,3,gic_vol_100,neural_ode_h2,0.0750441511906202
early_seir_infected_only,3,gic_vol_100,seir,0.31576415768036303
early_seir_infected_only,3,gic_vol_100,sir,0.3065346441914095
early_seir_infected_only,3,gic_vol_100,tv_sir,0.00594551910137539
early_seir_infected_only,3,gic_vol_100,ude_sir_h2,0.29671152783623195
early_seir_infected_only,3,ogic_e,neural_ode_h2,1.0380190672013525e-05
early_seir_infected_only,3,ogic_e,seir,0.29735342998179354
early_seir_infected_only,3,ogic_e,sir,0.3421542997117265
early_seir_infected_only,3,ogic_e,tv_sir,0.027731318632902246
early_seir_infected_only,3,ogic_e,ude_sir_h2,0.33275057148290565
early_seir_infected_only,4,aic,neural_ode_h2,4.5721982086113154e-07
early_seir_infected_only,4,aic,seir,0.481455785741084
early_seir_infected_only,4,aic,sir,0.3715698129626188
early_seir_infected_only,4,aic,tv_sir,0.1469280361282315
early_seir_infected_only,4,aic,ude_sir_h2,4.5907948244718626e-05
early_seir_infected_only,4,aicc,neural_ode_h2,6.601192833714023e-98
early_seir_infected_only,4,aicc,seir,0.4070057063484655
early_seir_infected_only,4,aicc,sir,0.5381897061765418
early_seir_infected_only,4,aicc,tv_sir,0.054804587474992617
early_seir_infected_only,4,aicc,ude_sir_h2,4.914830566597897e-19
early_seir_infected_only,4,bic,neural_ode_h2,5.785828302631741e-09
early_seir_infected_only,4,bic,seir,0.4267932146276295
early_seir_infected_only,4,bic,sir,0.48469331444458374
early_seir_infected_only,4,bic,tv_sir,0.08851161406317083
early_seir_infected_only,4,bic,ude_sir_h2,1.8510787876623537e-06
early_seir_infected_only,4,blocked_validation,neural_ode_h2,2.6995527967597426e-06
early_seir_infected_only,4,blocked_validation,seir,0.22298824720590238
early_seir_infected_only,4,blocked_validation,sir,0.5123055564546072
early_seir_infected_only,4,blocked_validation,tv_sir,0.026660925757082062
early_seir_infected_only,4,blocked_validation,ude_sir_h2,0.23804257102961157
early_seir_infected_only,4,waic_laplace,neural_ode_h2,5.680668558081668e-08
early_seir_infected_only,4,waic_laplace,seir,9.058900995068575e-10
early_seir_infected_only,4,waic_laplace,sir,1.0369474717962272e-19
early_seir_infected_only,4,waic_laplace,tv_sir,0.9999999422874244
early_seir_infected_only,4,waic_laplace,ude_sir_h2,1.0481360219131604e-49
early_seir_infected_only,4,ogic_p,neural_ode_h2,0.014135692271561272
early_seir_infected_only,4,ogic_p,seir,0.48148199404897246
early_seir_infected_only,4,ogic_p,sir,0.18612681798152853
early_seir_infected_only,4,ogic_p,tv_sir,0.1320617591391567
early_seir_infected_only,4,ogic_p,ude_sir_h2,0.18619373655878102
early_seir_infected_only,4,gic_eff,neural_ode_h2,0.01097268061005835
early_seir_infected_only,4,gic_eff,seir,0.4824691839187934
early_seir_infected_only,4,gic_eff,sir,0.21012471367692334
early_seir_infected_only,4,gic_eff,tv_sir,0.08629703539747886
early_seir_infected_only,4,gic_eff,ude_sir_h2,0.21013638639674606
early_seir_infected_only,4,gic_vol_025,neural_ode_h2,0.01044573743426983
early_seir_infected_only,4,gic_vol_025,seir,0.5094112280923027
early_seir_infected_only,4,gic_vol_025,sir,0.22015213071765322
early_seir_infected_only,4,gic_vol_025,tv_sir,0.041234176511460836
early_seir_infected_only,4,gic_vol_025,ude_sir_h2,0.2187567272443134
early_seir_infected_only,4,gic_vol_050,neural_ode_h2,0.009693115722432406
early_seir_infected_only,4,gic_vol_050,seir,0.5242825127710553
early_seir_infected_only,4,gic_vol_050,sir,0.22483637619240204
early_seir_infected_only,4,gic_vol_050,tv_sir,0.019205105636947866
early_seir_infected_only,4,gic_vol_050,ude_sir_h2,0.22198288967716232
early_seir_infected_only,4,gic_vol_100,neural_ode_h2,0.00809616957848551
early_seir_infected_only,4,gic_vol_100,seir,0.5386748555567624
early_seir_infected_only,4,gic_vol_100,sir,0.22746865414920928
early_seir_infected_only,4,gic_vol_100,tv_sir,0.00404113224717859
early_seir_infected_only,4,gic_vol_100,ude_sir_h2,0.2217191884683642
early_seir_infected_only,4,ogic_e,neural_ode_h2,2.1706031538729434e-07
early_seir_infected_only,4,ogic_e,seir,0.5791688913266707
early_seir_infected_only,4,ogic_e,sir,0.2011826768693466
early_seir_infected_only,4,ogic_e,tv_sir,0.023004435284222313
early_seir_infected_only,4,ogic_e,ude_sir_h2,0.196643779459445
early_seir_infected_only,5,aic,neural_ode_h2,2.842209359777378e-06
early_seir_infected_only,5,aic,seir,0.2626817777116163
early_seir_infected_only,5,aic,sir,0.6134058817337898
early_seir_infected_only,5,aic,tv_sir,0.1238336837449142
early_seir_infected_only,5,aic,ude_sir_h2,7.581460031986296e-05
early_seir_infected_only,5,aicc,neural_ode_h2,3.5475151401490333e-97
early_seir_infected_only,5,aicc,seir,0.19197507981995027
early_seir_infected_only,5,aicc,sir,0.7680928474383144
early_seir_infected_only,5,aicc,tv_sir,0.039932072741735394
early_seir_infected_only,5,aicc,ude_sir_h2,7.016884678063076e-19
early_seir_infected_only,5,bic,neural_ode_h2,3.247187178081063e-08
early_seir_infected_only,5,bic,seir,0.21023344577346495
early_seir_infected_only,5,bic,sir,0.7224125917835371
early_seir_infected_only,5,bic,tv_sir,0.06735117002480003
early_seir_infected_only,5,bic,ude_sir_h2,2.7599463260052297e-06
early_seir_infected_only,5,blocked_validation,neural_ode_h2,0.000387474445237994
early_seir_infected_only,5,blocked_validation,seir,0.589372913234005
early_seir_infected_only,5,blocked_validation,sir,0.2159854677263144
early_seir_infected_only,5,blocked_validation,tv_sir,1.687927322672749e-27
early_seir_infected_only,5,blocked_validation,ude_sir_h2,0.19425414459444257
early_seir_infected_only,5,waic_laplace,neural_ode_h2,0.9999747158956801
early_seir_infected_only,5,waic_laplace,seir,1.1212574018715627e-11
early_seir_infected_only,5,waic_laplace,sir,2.5284093107399724e-05
early_seir_infected_only,5,waic_laplace,tv_sir,1.806703474911188e-21
early_seir_infected_only,5,waic_laplace,ude_sir_h2,9.859427250669478e-305
early_seir_infected_only,5,ogic_p,neural_ode_h2,0.07824321370280714
early_seir_infected_only,5,ogic_p,seir,0.2640691882798035
early_seir_infected_only,5,ogic_p,sir,0.2805332345382119
early_seir_infected_only,5,ogic_p,tv_sir,0.09613040971235406
early_seir_infected_only,5,ogic_p,ude_sir_h2,0.2810239537668233
early_seir_infected_only,5,gic_eff,neural_ode_h2,0.05838450008502613
early_seir_infected_only,5,gic_eff,seir,0.26656731586614285
early_seir_infected_only,5,gic_eff,sir,0.307401845041758
early_seir_infected_only,5,gic_eff,tv_sir,0.059678350879769256
early_seir_infected_only,5,gic_eff,ude_sir_h2,0.3079679881273038
early_seir_infected_only,5,gic_vol_025,neural_ode_h2,0.05594553031836885
early_seir_infected_only,5,gic_vol_025,seir,0.2876321980582056
early_seir_infected_only,5,gic_vol_025,sir,0.3147534210839154
early_seir_infected_only,5,gic_vol_025,tv_sir,0.028143176286915365
early_seir_infected_only,5,gic_vol_025,ude_sir_h2,0.31352567425259475
early_seir_infected_only,5,gic_vol_050,neural_ode_h2,0.05262404106755174
early_seir_infected_only,5,gic_vol_050,seir,0.3046625496918629
early_seir_infected_only,5,gic_vol_050,sir,0.31636280653080096
early_seir_infected_only,5,gic_vol_050,tv_sir,0.013028078888217613
early_seir_infected_only,5,gic_vol_050,ude_sir_h2,0.3133225238215667
early_seir_infected_only,5,gic_vol_100,neural_ode_h2,0.04548372162863824
early_seir_infected_only,5,gic_vol_100,seir,0.33389999640323503
early_seir_infected_only,5,gic_vol_100,sir,0.31221196172485854
early_seir_infected_only,5,gic_vol_100,tv_sir,0.0027272761490450383
early_seir_infected_only,5,gic_vol_100,ude_sir_h2,0.30567704409422325
early_seir_infected_only,5,ogic_e,neural_ode_h2,4.878504674637915e-06
early_seir_infected_only,5,ogic_e,seir,0.41844309169422833
early_seir_infected_only,5,ogic_e,sir,0.2839963578252589
early_seir_infected_only,5,ogic_e,tv_sir,0.019161306460811718
early_seir_infected_only,5,ogic_e,ude_sir_h2,0.27839436551502633
early_seir_infected_only,6,aic,neural_ode_h2,1.9958191642724376e-06
early_seir_infected_only,6,aic,seir,0.4046687404953576
early_seir_infected_only,6,aic,sir,0.2628711145149008
early_seir_infected_only,6,aic,tv_sir,0.33239253255786716
early_seir_infected_only,6,aic,ude_sir_h2,6.561661271015605e-05
early_seir_infected_only,6,aicc,neural_ode_h2,3.402712773130405e-97
early_seir_infected_only,6,aicc,seir,0.40397126875100003
early_seir_infected_only,6,aicc,sir,0.44961890329951454
early_seir_infected_only,6,aicc,tv_sir,0.14640982794948548
early_seir_infected_only,6,aicc,ude_sir_h2,8.295474010257492e-19
early_seir_infected_only,6,bic,neural_ode_h2,2.8003953427660727e-08
early_seir_infected_only,6,bic,seir,0.3977575386947517
early_seir_infected_only,6,bic,sir,0.3802131539740458
early_seir_infected_only,6,bic,tv_sir,0.22202634567593305
early_seir_infected_only,6,bic,ude_sir_h2,2.9336513160222714e-06
early_seir_infected_only,6,blocked_validation,neural_ode_h2,1.2863872010628017e-07
early_seir_infected_only,6,blocked_validation,seir,0.005075023732369576
early_seir_infected_only,6,blocked_validation,sir,3.3500264603441283e-06
early_seir_infected_only,6,blocked_validation,tv_sir,0.9949180763384944
early_seir_infected_only,6,blocked_validation,ude_sir_h2,3.421263955625869e-06
early_seir_infected_only,6,waic_laplace,neural_ode_h2,0.9154692596316619
early_seir_infected_only,6,waic_laplace,seir,6.277588094498802e-07
early_seir_infected_only,6,waic_laplace,sir,1.140844871396683e-10
early_seir_infected_only,6,waic_laplace,tv_sir,0.08453011249544423
early_seir_infected_only,6,waic_laplace,ude_sir_h2,2.0781992316402392e-39
early_seir_infected_only,6,ogic_p,neural_ode_h2,0.05083769626127191
early_seir_infected_only,6,ogic_p,seir,0.44085639040507235
early_seir_infected_only,6,ogic_p,sir,0.12613165557569275
early_seir_infected_only,6,ogic_p,tv_sir,0.23107559197805022
early_seir_infected_only,6,ogic_p,ude_sir_h2,0.15109866577991266
early_seir_infected_only,6,gic_eff,neural_ode_h2,0.040369657804888374
early_seir_infected_only,6,gic_eff,seir,0.5034057709882179
early_seir_infected_only,6,gic_eff,sir,0.1543991676199264
early_seir_infected_only,6,gic_eff,tv_sir,0.15074594708004915
early_seir_infected_only,6,gic_eff,ude_sir_h2,0.15107945650691806
early_seir_infected_only,6,gic_vol_025,neural_ode_h2,0.0396177285740938
early_seir_infected_only,6,gic_vol_025,seir,0.581890481883375
early_seir_infected_only,6,gic_vol_025,sir,0.17188115384506356
early_seir_infected_only,6,gic_vol_025,tv_sir,0.06920739803869541
early_seir_infected_only,6,gic_vol_025,ude_sir_h2,0.13740323765877224
early_seir_infected_only,6,gic_vol_050,neural_ode_h2,0.03669387634118866
early_seir_infected_only,6,gic_vol_050,seir,0.6347954913164032
early_seir_infected_only,6,gic_vol_050,sir,0.18058475440373195
early_seir_infected_only,6,gic_vol_050,tv_sir,0.029986716593414356
early_seir_infected_only,6,gic_vol_050,ude_sir_h2,0.11793916134526174
early_seir_infected_only,6,gic_vol_100,neural_ode_h2,0.029178108030483832
early_seir_infected_only,6,gic_vol_100,seir,0.7002844566279046
early_seir_infected_only,6,gic_vol_100,sir,0.1847745788024482
early_seir_infected_only,6,gic_vol_100,tv_sir,0.005218397957693613
early_seir_infected_only,6,gic_vol_100,ude_sir_h2,0.0805444585814697
early_seir_infected_only,6,ogic_e,neural_ode_h2,9.109587411579841e-07
early_seir_infected_only,6,ogic_e,seir,0.7196509187627096
early_seir_infected_only,6,ogic_e,sir,0.15514211125615882
early_seir_infected_only,6,ogic_e,tv_sir,0.039803285422604376
early_seir_infected_only,6,ogic_e,ude_sir_h2,0.08540277359978603
early_seir_infected_only,7,aic,neural_ode_h2,9.651660077117496e-07
early_seir_infected_only,7,aic,seir,0.2652032924713081
early_seir_infected_only,7,aic,sir,0.6426096762681265
early_seir_infected_only,7,aic,tv_sir,0.09210670408103278
early_seir_infected_only,7,aic,ude_sir_h2,7.93620135248209e-05
early_seir_infected_only,7,aicc,neural_ode_h2,1.1716582268890118e-97
early_seir_infected_only,7,aicc,seir,0.18850573067646526
early_seir_infected_only,7,aicc,sir,0.7826070965372527
early_seir_infected_only,7,aicc,tv_sir,0.028887172786282007
early_seir_infected_only,7,aicc,ude_sir_h2,7.143892373932374e-19
early_seir_infected_only,7,bic,neural_ode_h2,1.0819636206691718e-08
early_seir_infected_only,7,bic,seir,0.20826205799223754
early_seir_infected_only,7,bic,sir,0.7425813101445143
early_seir_infected_only,7,bic,tv_sir,0.04915378626043536
early_seir_infected_only,7,bic,ude_sir_h2,2.83478317661031e-06
early_seir_infected_only,7,blocked_validation,neural_ode_h2,0.3242919390909365
early_seir_infected_only,7,blocked_validation,seir,0.004839532029681432
early_seir_infected_only,7,blocked_validation,sir,0.30148909431210924
early_seir_infected_only,7,blocked_validation,tv_sir,1.3122669138636046e-14
early_seir_infected_only,7,blocked_validation,ude_sir_h2,0.36937943456725963
early_seir_infected_only,7,waic_laplace,neural_ode_h2,9.858927318259045e-305
early_seir_infected_only,7,waic_laplace,seir,7.598885190147825e-05
early_seir_infected_only,7,waic_laplace,sir,0.9999240111480938
early_seir_infected_only,7,waic_laplace,tv_sir,4.700044419846326e-15
early_seir_infected_only,7,waic_laplace,ude_sir_h2,9.858927318259045e-305
early_seir_infected_only,7,ogic_p,neural_ode_h2,0.03151477809051295
early_seir_infected_only,7,ogic_p,seir,0.2831279968855826
early_seir_infected_only,7,ogic_p,sir,0.30179938585330135
early_seir_infected_only,7,ogic_p,tv_sir,0.08159158069118419
early_seir_infected_only,7,ogic_p,ude_sir_h2,0.3019662584794188
early_seir_infected_only,7,gic_eff,neural_ode_h2,0.024168035396296344
early_seir_infected_only,7,gic_eff,seir,0.2814517414220041
early_seir_infected_only,7,gic_eff,sir,0.32146947415926913
early_seir_infected_only,7,gic_eff,tv_sir,0.05128517957727298
early_seir_infected_only,7,gic_eff,ude_sir_h2,0.32162556944515747
early_seir_infected_only,7,gic_vol_025,neural_ode_h2,0.02384203604329798
early_seir_infected_only,7,gic_vol_025,seir,0.30274725000426084
early_seir_infected_only,7,gic_vol_025,sir,0.3243008980188606
early_seir_infected_only,7,gic_vol_025,tv_sir,0.026435849526965916
early_seir_infected_only,7,gic_vol_025,ude_sir_h2,0.3226739664066147
early_seir_infected_only,7,gic_vol_050,neural_ode_h2,0.023202917388061812
early_seir_infected_only,7,gic_vol_050,seir,0.3212578403339693
early_seir_infected_only,7,gic_vol_050,sir,0.3227407652636955
early_seir_infected_only,7,gic_vol_050,tv_sir,0.01344286767153518
early_seir_infected_only,7,gic_vol_050,ude_sir_h2,0.31935560934273827
early_seir_infected_only,7,gic_vol_100,neural_ode_h2,0.021551925813282823
early_seir_infected_only,7,gic_vol_100,seir,0.35476909088919606
early_seir_infected_only,7,gic_vol_100,sir,0.3134802275103028
early_seir_infected_only,7,gic_vol_100,tv_sir,0.003409056592109479
early_seir_infected_only,7,gic_vol_100,ude_sir_h2,0.30678969919510896
early_seir_infected_only,7,ogic_e,neural_ode_h2,1.6255385624364505e-06
early_seir_infected_only,7,ogic_e,seir,0.41084043838556095
early_seir_infected_only,7,ogic_e,sir,0.28710010240079553
early_seir_infected_only,7,ogic_e,tv_sir,0.020647342958649666
early_seir_infected_only,7,ogic_e,ude_sir_h2,0.28141049071643137
early_seir_infected_only,8,aic,neural_ode_h2,1.036732987002867e-06
early_seir_infected_only,8,aic,seir,0.3087419040416313
early_seir_infected_only,8,aic,sir,0.579028048450006
early_seir_infected_only,8,aic,tv_sir,0.11215746090047922
early_seir_infected_only,8,aic,ude_sir_h2,7.154987489638829e-05
early_seir_infected_only,8,aicc,neural_ode_h2,1.3112457662792866e-97
early_seir_infected_only,8,aicc,seir,0.22864382543293596
early_seir_infected_only,8,aicc,sir,0.7347073357033226
early_seir_infected_only,8,aicc,tv_sir,0.036648838863741415
early_seir_infected_only,8,aicc,ude_sir_h2,6.710414656471344e-19
early_seir_infected_only,8,bic,neural_ode_h2,1.1963869113854028e-08
early_seir_infected_only,8,bic,seir,0.24958640050109163
early_seir_infected_only,8,bic,sir,0.6887957372318011
early_seir_infected_only,8,bic,tv_sir,0.0616152193680902
early_seir_infected_only,8,bic,ude_sir_h2,2.6309351478953577e-06
early_seir_infected_only,8,blocked_validation,neural_ode_h2,0.3651610295742202
early_seir_infected_only,8,blocked_validation,seir,0.1383370584965644
early_seir_infected_only,8,blocked_validation,sir,0.2473900810032776
early_seir_infected_only,8,blocked_validation,tv_sir,3.369217466888403e-11
early_seir_infected_only,8,blocked_validation,ude_sir_h2,0.24911183089224548
early_seir_infected_only,8,waic_laplace,neural_ode_h2,3.615099878027934e-40
early_seir_infected_only,8,waic_laplace,seir,0.971721207145387
early_seir_infected_only,8,waic_laplace,sir,0.0008877678051731262
early_seir_infected_only,8,waic_laplace,tv_sir,0.0273910250494398
early_seir_infected_only,8,waic_laplace,ude_sir_h2,6.855203023239294e-56
early_seir_infected_only,8,ogic_p,neural_ode_h2,0.03107615296423099
early_seir_infected_only,8,ogic_p,seir,0.3217184885278167
early_seir_infected_only,8,ogic_p,sir,0.27528278011357116
early_seir_infected_only,8,ogic_p,tv_sir,0.09628300181451048
early_seir_infected_only,8,ogic_p,ude_sir_h2,0.27563957657987076
early_seir_infected_only,8,gic_eff,neural_ode_h2,0.023306641871692815
early_seir_infected_only,8,gic_eff,seir,0.32026458485327125
early_seir_infected_only,8,gic_eff,sir,0.2978022319803253
early_seir_infected_only,8,gic_eff,tv_sir,0.0604375522159943
early_seir_infected_only,8,gic_eff,ude_sir_h2,0.29818898907871627
early_seir_infected_only,8,gic_vol_025,neural_ode_h2,0.022120173346191718
early_seir_infected_only,8,gic_vol_025,seir,0.34116372260123645
early_seir_infected_only,8,gic_vol_025,sir,0.30473101633688865
early_seir_infected_only,8,gic_vol_025,tv_sir,0.02866310256447968
early_seir_infected_only,8,gic_vol_025,ude_sir_h2,0.30332198515120345
early_seir_infected_only,8,gic_vol_050,neural_ode_h2,0.020615219953037948
early_seir_infected_only,8,gic_vol_050,seir,0.3568678267880133
early_seir_infected_only,8,gic_vol_050,sir,0.30619352005864103
early_seir_infected_only,8,gic_vol_050,tv_sir,0.013348428895954273
early_seir_infected_only,8,gic_vol_050,ude_sir_h2,0.3029750043043533
early_seir_infected_only,8,gic_vol_100,neural_ode_h2,0.017508078855061004
early_seir_infected_only,8,gic_vol_100,seir,0.3818107279348994
early_seir_infected_only,8,gic_vol_100,sir,0.30227782860599284
early_seir_infected_only,8,gic_vol_100,tv_sir,0.0028307120223789706
early_seir_infected_only,8,gic_vol_100,ude_sir_h2,0.2955726525816678
early_seir_infected_only,8,ogic_e,neural_ode_h2,1.1437172249492202e-06
early_seir_infected_only,8,ogic_e,seir,0.44902053118351765
early_seir_infected_only,8,ogic_e,sir,0.26936229386739874
early_seir_infected_only,8,ogic_e,tv_sir,0.0178845056298103
early_seir_infected_only,8,ogic_e,ude_sir_h2,0.26373152560204827
early_seir_infected_only,9,aic,neural_ode_h2,2.8943852950274723e-07
early_seir_infected_only,9,aic,seir,0.3115163364116977
early_seir_infected_only,9,aic,sir,0.44144983191015463
early_seir_infected_only,9,aic,tv_sir,0.24697907588638396
early_seir_infected_only,9,aic,ude_sir_h2,5.446635323406719e-05
early_seir_infected_only,9,aicc,neural_ode_h2,4.200350425302075e-98
early_seir_infected_only,9,aicc,seir,0.264701696930921
early_seir_infected_only,9,aicc,sir,0.6426997477116781
early_seir_infected_only,9,aicc,tv_sir,0.09259855535740076
early_seir_infected_only,9,aicc,ude_sir_h2,5.86112219951509e-19
early_seir_infected_only,9,bic,neural_ode_h2,3.6597993239574847e-09
early_seir_infected_only,9,bic,seir,0.27593218493179655
early_seir_infected_only,9,bic,sir,0.575398066744498
early_seir_infected_only,9,bic,tv_sir,0.14866755021357234
early_seir_infected_only,9,bic,ude_sir_h2,2.1944503338156246e-06
early_seir_infected_only,9,blocked_validation,neural_ode_h2,0.0022906869613487915
early_seir_infected_only,9,blocked_validation,seir,0.0038007433866344897
early_seir_infected_only,9,blocked_validation,sir,0.4700405437076242
early_seir_infected_only,9,blocked_validation,tv_sir,2.0226067290221205e-51
early_seir_infected_only,9,blocked_validation,ude_sir_h2,0.5238680259443925
early_seir_infected_only,9,waic_laplace,neural_ode_h2,7.584934263628782e-80
early_seir_infected_only,9,waic_laplace,seir,0.5279636544532382
early_seir_infected_only,9,waic_laplace,sir,0.05650936085332355
early_seir_infected_only,9,waic_laplace,tv_sir,0.41552698469343824
early_seir_infected_only,9,waic_laplace,ude_sir_h2,5.184006684279422e-37
early_seir_infected_only,9,ogic_p,neural_ode_h2,0.013044550623694128
early_seir_infected_only,9,ogic_p,seir,0.2966098366354014
early_seir_infected_only,9,ogic_p,sir,0.21815465439519718
early_seir_infected_only,9,ogic_p,tv_sir,0.254851879370137
early_seir_infected_only,9,ogic_p,ude_sir_h2,0.2173390789755704
early_seir_infected_only,9,gic_eff,neural_ode_h2,0.012102919143142148
early_seir_infected_only,9,gic_eff,seir,0.30135340656882476
early_seir_infected_only,9,gic_eff,sir,0.25316028264586193
early_seir_infected_only,9,gic_eff,tv_sir,0.1815111999063452
early_seir_infected_only,9,gic_eff,ude_sir_h2,0.251872191735826
early_seir_infected_only,9,gic_vol_025,neural_ode_h2,0.014614041571531428
early_seir_infected_only,9,gic_vol_025,seir,0.33225781589125475
early_seir_infected_only,9,gic_vol_025,sir,0.2805269093920427
early_seir_infected_only,9,gic_vol_025,tv_sir,0.09524982811414955
early_seir_infected_only,9,gic_vol_025,ude_sir_h2,0.27735140503102157
early_seir_infected_only,9,gic_vol_050,neural_ode_h2,0.016802343657755688
early_seir_infected_only,9,gic_vol_050,seir,0.348813772900124
early_seir_infected_only,9,gic_vol_050,sir,0.29598711139338696
early_seir_infected_only,9,gic_vol_050,tv_sir,0.047593132646781285
early_seir_infected_only,9,gic_vol_050,ude_sir_h2,0.29080363940195214
early_seir_infected_only,9,gic_vol_100,neural_ode_h2,0.02080186345217374
early_seir_infected_only,9,gic_vol_100,seir,0.3600508090886871
early_seir_infected_only,9,gic_vol_100,sir,0.3086047993158864
early_seir_infected_only,9,gic_vol_100,tv_sir,0.011128530039511093
early_seir_infected_only,9,gic_vol_100,ude_sir_h2,0.2994139981037417
early_seir_infected_only,9,ogic_e,neural_ode_h2,1.076296609869523e-06
early_seir_infected_only,9,ogic_e,seir,0.31591001190602636
early_seir_infected_only,9,ogic_e,sir,0.32209291627256303
early_seir_infected_only,9,ogic_e,tv_sir,0.04784996482358901
early_seir_infected_only,9,ogic_e,ude_sir_h2,0.31414603070121166
early_seir_infected_only,10,aic,neural_ode_h2,1.1683467563252053e-06
early_seir_infected_only,10,aic,seir,0.28802576502143146
early_seir_infected_only,10,aic,sir,0.6200527642544956
early_seir_infected_only,10,aic,tv_sir,0.09184367376976996
early_seir_infected_only,10,aic,ude_sir_h2,7.662860754657805e-05
early_seir_infected_only,10,aicc,neural_ode_h2,1.4345641308322307e-97
early_seir_infected_only,10,aicc,seir,0.2070743311080798
early_seir_infected_only,10,aicc,sir,0.7637908497289249
early_seir_infected_only,10,aicc,tv_sir,0.029134819162995356
early_seir_infected_only,10,aicc,ude_sir_h2,6.976899084908751e-19
early_seir_infected_only,10,bic,neural_ode_h2,1.320672695135214e-08
early_seir_infected_only,10,bic,seir,0.2280737924980779
early_seir_infected_only,10,bic,sir,0.7225005845541671
early_seir_infected_only,10,bic,tv_sir,0.049422849729450116
early_seir_infected_only,10,bic,ude_sir_h2,2.7600115779099935e-06
early_seir_infected_only,10,blocked_validation,neural_ode_h2,0.008202677352413536
early_seir_infected_only,10,blocked_validation,seir,0.4385032809481195
early_seir_infected_only,10,blocked_validation,sir,0.17360729849256556
early_seir_infected_only,10,blocked_validation,tv_sir,0.230418435627886
early_seir_infected_only,10,blocked_validation,ude_sir_h2,0.14926830757901544
early_seir_infected_only,10,waic_laplace,neural_ode_h2,9.859676543613773e-305
early_seir_infected_only,10,waic_laplace,seir,0.9999999999851925
early_seir_infected_only,10,waic_laplace,sir,1.4807554718774226e-11
early_seir_infected_only,10,waic_laplace,tv_sir,2.797113670431067e-21
early_seir_infected_only,10,waic_laplace,ude_sir_h2,1.5096286855568608e-72
early_seir_infected_only,10,ogic_p,neural_ode_h2,0.03511855347038174
early_seir_infected_only,10,ogic_p,seir,0.30071324172415714
early_seir_infected_only,10,ogic_p,sir,0.2929002792890531
early_seir_infected_only,10,ogic_p,tv_sir,0.07790152587129887
early_seir_infected_only,10,ogic_p,ude_sir_h2,0.29336639964510924
early_seir_infected_only,10,gic_eff,neural_ode_h2,0.026175675750950863
early_seir_infected_only,10,gic_eff,seir,0.297408764660749
early_seir_infected_only,10,gic_eff,sir,0.3137871175777845
early_seir_infected_only,10,gic_eff,tv_sir,0.04832016975515582
early_seir_infected_only,10,gic_eff,ude_sir_h2,0.31430827225536
early_seir_infected_only,10,gic_vol_025,neural_ode_h2,0.024829670454560568
early_seir_infected_only,10,gic_vol_025,seir,0.31695264620198754
early_seir_infected_only,10,gic_vol_025,sir,0.31768247701246627
early_seir_infected_only,10,gic_vol_025,tv_sir,0.02414281230752915
early_seir_infected_only,10,gic_vol_025,ude_sir_h2,0.3163923940234565
early_seir_infected_only,10,gic_vol_050,neural_ode_h2,0.023238852440026457
early_seir_infected_only,10,gic_vol_050,seir,0.33327725102055805
early_seir_infected_only,10,gic_vol_050,sir,0.3173380000150777
early_seir_infected_only,10,gic_vol_050,tv_sir,0.011901944870458082
early_seir_infected_only,10,gic_vol_050,ude_sir_h2,0.3142439516538797
early_seir_infected_only,10,gic_vol_100,neural_ode_h2,0.019989014895456
early_seir_infected_only,10,gic_vol_100,seir,0.3618407833924672
early_seir_infected_only,10,gic_vol_100,sir,0.3109345542992412
early_seir_infected_only,10,gic_vol_100,tv_sir,0.002840320540108265
early_seir_infected_only,10,gic_vol_100,ude_sir_h2,0.3043953268727272
early_seir_infected_only,10,ogic_e,neural_ode_h2,1.5021059858860947e-06
early_seir_infected_only,10,ogic_e,seir,0.43535817202851185
early_seir_infected_only,10,ogic_e,sir,0.27567854923450286
early_seir_infected_only,10,ogic_e,tv_sir,0.018733582409983848
early_seir_infected_only,10,ogic_e,ude_sir_h2,0.2702281942210156
early_seir_infected_only,11,aic,neural_ode_h2,2.6138507789391398e-06
early_seir_infected_only,11,aic,seir,0.26796772038783695
early_seir_infected_only,11,aic,sir,0.5589921200742642
early_seir_infected_only,11,aic,tv_sir,0.17296846660875567
early_seir_infected_only,11,aic,ude_sir_h2,6.90790783641971e-05
early_seir_infected_only,11,aicc,neural_ode_h2,3.428526118490521e-97
early_seir_infected_only,11,aicc,seir,0.20580497601811187
early_seir_infected_only,11,aicc,sir,0.735580063587568
early_seir_infected_only,11,aicc,tv_sir,0.05861496039432004
early_seir_infected_only,11,aicc,ude_sir_h2,6.718874098336199e-19
early_seir_infected_only,11,bic,neural_ode_h2,3.0886149934803574e-08
early_seir_infected_only,11,bic,seir,0.2218125272564429
early_seir_infected_only,11,bic,sir,0.6808865942753345
early_seir_infected_only,11,bic,tv_sir,0.09729824666774163
early_seir_infected_only,11,bic,ude_sir_h2,2.6009143310680197e-06
early_seir_infected_only,11,blocked_validation,neural_ode_h2,8.04319468952888e-10
early_seir_infected_only,11,blocked_validation,seir,0.05324284108694472
early_seir_infected_only,11,blocked_validation,sir,0.003459190274121178
early_seir_infected_only,11,blocked_validation,tv_sir,0.9423957810553294
early_seir_infected_only,11,blocked_validation,ude_sir_h2,0.0009021867792851995
early_seir_infected_only,11,waic_laplace,neural_ode_h2,2.1489372879150435e-12
early_seir_infected_only,11,waic_laplace,seir,0.9717274452173185
early_seir_infected_only,11,waic_laplace,sir,0.0282725547805325
early_seir_infected_only,11,waic_laplace,tv_sir,6.090147242124323e-18
early_seir_infected_only,11,waic_laplace,ude_sir_h2,9.580918298536802e-305
early_seir_infected_only,11,ogic_p,neural_ode_h2,0.07100137090754158
early_seir_infected_only,11,ogic_p,seir,0.2742335419965544
early_seir_infected_only,11,ogic_p,sir,0.2597921647930842
early_seir_infected_only,11,ogic_p,tv_sir,0.13483139817824016
early_seir_infected_only,11,ogic_p,ude_sir_h2,0.2601415241245796
early_seir_infected_only,11,gic_eff,neural_ode_h2,0.053317335928108174
early_seir_infected_only,11,gic_eff,seir,0.2819660201514703
early_seir_infected_only,11,gic_eff,sir,0.2897605146387311
early_seir_infected_only,11,gic_eff,tv_sir,0.0848079045870105
early_seir_infected_only,11,gic_eff,ude_sir_h2,0.29014822469467993
early_seir_infected_only,11,gic_vol_025,neural_ode_h2,0.051265942353722005
early_seir_infected_only,11,gic_vol_025,seir,0.30757079825319683
early_seir_infected_only,11,gic_vol_025,sir,0.3024964443152738
early_seir_infected_only,11,gic_vol_025,tv_sir,0.03757518100768571
early_seir_infected_only,11,gic_vol_025,ude_sir_h2,0.3010916340701216
early_seir_infected_only,11,gic_vol_050,neural_ode_h2,0.047872511754349624
early_seir_infected_only,11,gic_vol_050,seir,0.32582934177929274
early_seir_infected_only,11,gic_vol_050,sir,0.30668893674936054
early_seir_infected_only,11,gic_vol_050,tv_sir,0.01616823436257058
early_seir_infected_only,11,gic_vol_050,ude_sir_h2,0.30344097535442643
early_seir_infected_only,11,gic_vol_100,neural_ode_h2,0.04037806827159903
early_seir_infected_only,11,gic_vol_100,seir,0.3536919358002686
early_seir_infected_only,11,gic_vol_100,sir,0.30492888498811366
early_seir_infected_only,11,gic_vol_100,tv_sir,0.0028955456010756647
early_seir_infected_only,11,gic_vol_100,ude_sir_h2,0.2981055653389431
early_seir_infected_only,11,ogic_e,neural_ode_h2,3.634373861106251e-06
early_seir_infected_only,11,ogic_e,seir,0.43366786321120504
early_seir_infected_only,11,ogic_e,sir,0.2763757689043481
early_seir_infected_only,11,ogic_e,tv_sir,0.01935703255555976
early_seir_infected_only,11,ogic_e,ude_sir_h2,0.27059570095502605
early_seir_infected_only,12,aic,neural_ode_h2,1.5516986524052552e-06
early_seir_infected_only,12,aic,seir,0.2356001904764802
early_seir_infected_only,12,aic,sir,0.6483585948783805
early_seir_infected_only,12,aic,tv_sir,0.1159596767430479
early_seir_infected_only,12,aic,ude_sir_h2,7.998620343893536e-05
early_seir_infected_only,12,aicc,neural_ode_h2,1.8961140082947821e-97
early_seir_infected_only,12,aicc,seir,0.16856966308613175
early_seir_infected_only,12,aicc,sir,0.794822090272793
early_seir_infected_only,12,aicc,tv_sir,0.03660824664107531
early_seir_infected_only,12,aicc,ude_sir_h2,7.247620489077451e-19
early_seir_infected_only,12,bic,neural_ode_h2,1.746239888585578e-08
early_seir_infected_only,12,bic,seir,0.185734577549144
early_seir_infected_only,12,bic,sir,0.7521386511384295
early_seir_infected_only,12,bic,tv_sir,0.06212388565860234
early_seir_infected_only,12,bic,ude_sir_h2,2.868191425289569e-06
early_seir_infected_only,12,blocked_validation,neural_ode_h2,0.00015624961037290832
early_seir_infected_only,12,blocked_validation,seir,0.11634012672588977
early_seir_infected_only,12,blocked_validation,sir,0.3971612971623278
early_seir_infected_only,12,blocked_validation,tv_sir,0.08141742175893762
early_seir_infected_only,12,blocked_validation,ude_sir_h2,0.404924904742472
early_seir_infected_only,12,waic_laplace,neural_ode_h2,2.143289976508869e-41
early_seir_infected_only,12,waic_laplace,seir,2.9127140717581037e-10
early_seir_infected_only,12,waic_laplace,sir,0.9999999997087285
early_seir_infected_only,12,waic_laplace,tv_sir,6.066140047632937e-28
early_seir_infected_only,12,waic_laplace,ude_sir_h2,9.859676540887928e-305
early_seir_infected_only,12,ogic_p,neural_ode_h2,0.06268269403865968
early_seir_infected_only,12,ogic_p,seir,0.20844105933184912
early_seir_infected_only,12,ogic_p,sir,0.29425169794438116
early_seir_infected_only,12,ogic_p,tv_sir,0.14103730137337256
early_seir_infected_only,12,ogic_p,ude_sir_h2,0.29358724731173746
early_seir_infected_only,12,gic_eff,neural_ode_h2,0.05420620902170483
early_seir_infected_only,12,gic_eff,seir,0.20014929935171644
early_seir_infected_only,12,gic_eff,sir,0.3212676794491205
early_seir_infected_only,12,gic_eff,tv_sir,0.10407169827892679
early_seir_infected_only,12,gic_eff,ude_sir_h2,0.3203051138985315
early_seir_infected_only,12,gic_vol_025,neural_ode_h2,0.06629447404071902
early_seir_infected_only,12,gic_vol_025,seir,0.21358305732482677
early_seir_infected_only,12,gic_vol_025,sir,0.33425000467649896
early_seir_infected_only,12,gic_vol_025,tv_sir,0.05498109792888055
early_seir_infected_only,12,gic_vol_025,ude_sir_h2,0.3308913660290747
early_seir_infected_only,12,gic_vol_050,neural_ode_h2,0.07889867820061189
early_seir_infected_only,12,gic_vol_050,seir,0.22179085124533565
early_seir_infected_only,12,gic_vol_050,sir,0.3384074471594047
early_seir_infected_only,12,gic_vol_050,tv_sir,0.028265604553432223
early_seir_infected_only,12,gic_vol_050,ude_sir_h2,0.33263741884121545
early_seir_infected_only,12,gic_vol_100,neural_ode_h2,0.10730688959331301
early_seir_infected_only,12,gic_vol_100,seir,0.22965207214776845
early_seir_infected_only,12,gic_vol_100,sir,0.333081087699743
early_seir_infected_only,12,gic_vol_100,tv_sir,0.007173334829559379
early_seir_infected_only,12,gic_vol_100,ude_sir_h2,0.32278661572961637
early_seir_infected_only,12,ogic_e,neural_ode_h2,1.7281547544129343e-05
early_seir_infected_only,12,ogic_e,seir,0.217874592191082
early_seir_infected_only,12,ogic_e,sir,0.3803258960833747
early_seir_infected_only,12,ogic_e,tv_sir,0.03204755907500038
early_seir_infected_only,12,ogic_e,ude_sir_h2,0.36973467110299874
early_seir_infected_only,13,aic,neural_ode_h2,1.080921976007425e-05
early_seir_infected_only,13,aic,seir,0.2727451141799813
early_seir_infected_only,13,aic,sir,0.5359219254244464
early_seir_infected_only,13,aic,tv_sir,0.19125602626932084
early_seir_infected_only,13,aic,ude_sir_h2,6.612490649127879e-05
early_seir_infected_only,13,aicc,neural_ode_h2,1.4474812321337852e-96
early_seir_infected_only,13,aicc,seir,0.21385641997293692
early_seir_infected_only,13,aicc,sir,0.7199754910105197
early_seir_infected_only,13,aicc,tv_sir,0.06616808901654338
early_seir_infected_only,13,aicc,ude_sir_h2,6.566091988114879e-19
early_seir_infected_only,13,bic,neural_ode_h2,1.295204773685926e-07
early_seir_infected_only,13,bic,seir,0.22893999721060096
early_seir_infected_only,13,bic,sir,0.661959970769818
early_seir_infected_only,13,bic,tv_sir,0.1090973778228856
early_seir_infected_only,13,bic,ude_sir_h2,2.524676218055554e-06
early_seir_infected_only,13,blocked_validation,neural_ode_h2,0.038119910509283164
early_seir_infected_only,13,blocked_validation,seir,0.016753945489838884
early_seir_infected_only,13,blocked_validation,sir,0.4283143380937777
early_seir_infected_only,13,blocked_validation,tv_sir,0.07649618470796485
early_seir_infected_only,13,blocked_validation,ude_sir_h2,0.44031562119913537
early_seir_infected_only,13,waic_laplace,neural_ode_h2,9.140492808127615e-93
early_seir_infected_only,13,waic_laplace,seir,8.349817855897856e-22
early_seir_infected_only,13,waic_laplace,sir,1.0
early_seir_infected_only,13,waic_laplace,tv_sir,1.4150946127549422e-36
early_seir_infected_only,13,waic_laplace,ude_sir_h2,9.85967654375977e-305
early_seir_infected_only,13,ogic_p,neural_ode_h2,0.29522604497830895
early_seir_infected_only,13,ogic_p,seir,0.2449369465289053
early_seir_infected_only,13,ogic_p,sir,0.15714061767854953
early_seir_infected_only,13,ogic_p,tv_sir,0.1460197043069526
early_seir_infected_only,13,ogic_p,ude_sir_h2,0.1566766865072836
early_seir_infected_only,13,gic_eff,neural_ode_h2,0.2627498910080607
early_seir_infected_only,13,gic_eff,seir,0.2831918958511265
early_seir_infected_only,13,gic_eff,sir,0.17349972254128862
early_seir_infected_only,13,gic_eff,tv_sir,0.10775522655062969
early_seir_infected_only,13,gic_eff,ude_sir_h2,0.17280326404889468
early_seir_infected_only,13,gic_vol_025,neural_ode_h2,0.28421892054911413
early_seir_infected_only,13,gic_vol_025,seir,0.32784495802199476
early_seir_infected_only,13,gic_vol_025,sir,0.16758126977710344
early_seir_infected_only,13,gic_vol_025,tv_sir,0.05457899128882508
early_seir_infected_only,13,gic_vol_025,ude_sir_h2,0.16577586036296263
early_seir_infected_only,13,gic_vol_050,neural_ode_h2,0.2968950618781315
early_seir_infected_only,13,gic_vol_050,seir,0.36651836827812634
early_seir_infected_only,13,gic_vol_050,sir,0.15631178278166677
early_seir_infected_only,13,gic_vol_050,tv_sir,0.026696370006397168
early_seir_infected_only,13,gic_vol_050,ude_sir_h2,0.15357841705567812
early_seir_infected_only,13,gic_vol_100,neural_ode_h2,0.3067157406470009
early_seir_infected_only,13,gic_vol_100,seir,0.4336939148215788
early_seir_infected_only,13,gic_vol_100,sir,0.12875298567453178
early_seir_infected_only,13,gic_vol_100,tv_sir,0.006046982923141092
early_seir_infected_only,13,gic_vol_100,ude_sir_h2,0.12479037593374742
early_seir_infected_only,13,ogic_e,neural_ode_h2,0.0001937295152074729
early_seir_infected_only,13,ogic_e,seir,0.4187648857696572
early_seir_infected_only,13,ogic_e,sir,0.2695939761330418
early_seir_infected_only,13,ogic_e,tv_sir,0.04909934323494465
early_seir_infected_only,13,ogic_e,ude_sir_h2,0.262348065347149
early_seir_infected_only,14,aic,neural_ode_h2,1.03500173256841e-06
early_seir_infected_only,14,aic,seir,0.294011455342733
early_seir_infected_only,14,aic,sir,0.5738025361410544
early_seir_infected_only,14,aic,tv_sir,0.13211414214200465
early_seir_infected_only,14,aic,ude_sir_h2,7.083137247544671e-05
early_seir_infected_only,14,aicc,neural_ode_h2,1.3236402854869295e-97
early_seir_infected_only,14,aicc,seir,0.22016073651007964
early_seir_infected_only,14,aicc,sir,0.7361883760145919
early_seir_infected_only,14,aicc,tv_sir,0.04365088747532857
early_seir_infected_only,14,aicc,ude_sir_h2,6.717038750488608e-19
early_seir_infected_only,14,bic,neural_ode_h2,1.2030034514609361e-08
early_seir_infected_only,14,bic,seir,0.23939256168833714
early_seir_infected_only,14,bic,sir,0.687502644604322
early_seir_infected_only,14,bic,tv_sir,0.07310215837716949
early_seir_infected_only,14,bic,ude_sir_h2,2.623300136734832e-06
early_seir_infected_only,14,blocked_validation,neural_ode_h2,0.006354865118684542
early_seir_infected_only,14,blocked_validation,seir,0.7746787391861698
early_seir_infected_only,14,blocked_validation,sir,0.10575250558336456
early_seir_infected_only,14,blocked_validation,tv_sir,5.516218367608364e-05
early_seir_infected_only,14,blocked_validation,ude_sir_h2,0.11315872792810502
early_seir_infected_only,14,waic_laplace,neural_ode_h2,1.1427888345596495e-06
early_seir_infected_only,14,waic_laplace,seir,0.00016400662941164966
early_seir_infected_only,14,waic_laplace,sir,0.9998348505817538
early_seir_infected_only,14,waic_laplace,tv_sir,1.5491561302386314e-19
early_seir_infected_only,14,waic_laplace,ude_sir_h2,3.791737570305424e-201
early_seir_infected_only,14,ogic_p,neural_ode_h2,0.034484650148693195
early_seir_infected_only,14,ogic_p,seir,0.2854412171490374
early_seir_infected_only,14,ogic_p,sir,0.273480866463576
early_seir_infected_only,14,ogic_p,tv_sir,0.1334773163999621
early_seir_infected_only,14,ogic_p,ude_sir_h2,0.27311594983873133
early_seir_infected_only,14,gic_eff,neural_ode_h2,0.027369452439509816
early_seir_infected_only,14,gic_eff,seir,0.280884008848462
early_seir_infected_only,14,gic_eff,sir,0.30084478288844047
early_seir_infected_only,14,gic_eff,tv_sir,0.09064365124300458
early_seir_infected_only,14,gic_eff,ude_sir_h2,0.3002581045805831
early_seir_infected_only,14,gic_vol_025,neural_ode_h2,0.027967713140692664
early_seir_infected_only,14,gic_vol_025,seir,0.3000302557542963
early_seir_infected_only,14,gic_vol_025,sir,0.3155523768857283
early_seir_infected_only,14,gic_vol_025,tv_sir,0.04351973029788164
early_seir_infected_only,14,gic_vol_025,ude_sir_h2,0.3129299239214011
early_seir_infected_only,14,gic_vol_050,neural_ode_h2,0.027825784462354057
early_seir_infected_only,14,gic_vol_050,seir,0.31203456314224304
early_seir_infected_only,14,gic_vol_050,sir,0.3222552784866829
early_seir_infected_only,14,gic_vol_050,tv_sir,0.02034391872065133
early_seir_infected_only,14,gic_vol_050,ude_sir_h2,0.3175404551880686
early_seir_infected_only,14,gic_vol_100,neural_ode_h2,0.026675773499463575
early_seir_infected_only,14,gic_vol_100,seir,0.32686369518326597
early_seir_infected_only,14,gic_vol_100,sir,0.3254961765700453
early_seir_infected_only,14,gic_vol_100,tv_sir,0.0043054656582383445
early_seir_infected_only,14,gic_vol_100,ude_sir_h2,0.31665888908898676
early_seir_infected_only,14,ogic_e,neural_ode_h2,1.6627543760938975e-06
early_seir_infected_only,14,ogic_e,seir,0.36823476355802187
early_seir_infected_only,14,ogic_e,sir,0.30894002947021815
early_seir_infected_only,14,ogic_e,tv_sir,0.021390167228141143
early_seir_infected_only,14,ogic_e,ude_sir_h2,0.3014333769892428
early_seir_infected_only,15,aic,neural_ode_h2,7.489188630600159e-06
early_seir_infected_only,15,aic,seir,0.24930306719018033
early_seir_infected_only,15,aic,sir,0.6261679865275717
early_seir_infected_only,15,aic,tv_sir,0.12444393501718592
early_seir_infected_only,15,aic,ude_sir_h2,7.752207643152634e-05
early_seir_infected_only,15,aicc,neural_ode_h2,9.288219614411544e-97
early_seir_infected_only,15,aicc,seir,0.18103895980507562
early_seir_infected_only,15,aicc,sir,0.7790873609914515
early_seir_infected_only,15,aicc,tv_sir,0.039873679203472866
early_seir_infected_only,15,aicc,ude_sir_h2,7.129291950968015e-19
early_seir_infected_only,15,bic,neural_ode_h2,8.516658887812917e-08
early_seir_infected_only,15,bic,seir,0.19860158450809168
early_seir_infected_only,15,bic,sir,0.7340260229609172
early_seir_infected_only,15,bic,tv_sir,0.06736949833419928
early_seir_infected_only,15,bic,ude_sir_h2,2.809030203091727e-06
early_seir_infected_only,15,blocked_validation,neural_ode_h2,4.62661718661527e-11
early_seir_infected_only,15,blocked_validation,seir,0.6011117629937939
early_seir_infected_only,15,blocked_validation,sir,0.21086069071376976
early_seir_infected_only,15,blocked_validation,tv_sir,6.989337742665378e-09
early_seir_infected_only,15,blocked_validation,ude_sir_h2,0.1880275392568325
early_seir_infected_only,15,waic_laplace,neural_ode_h2,1.082748748223404e-59
early_seir_infected_only,15,waic_laplace,seir,4.146456603490829e-27
early_seir_infected_only,15,waic_laplace,sir,1.0
early_seir_infected_only,15,waic_laplace,tv_sir,4.423616341120633e-18
early_seir_infected_only,15,waic_laplace,ude_sir_h2,5.625811769203343e-95
early_seir_infected_only,15,ogic_p,neural_ode_h2,0.17042611854946532
early_seir_infected_only,15,ogic_p,seir,0.22272555223029758
early_seir_infected_only,15,ogic_p,sir,0.2601493784061713
early_seir_infected_only,15,ogic_p,tv_sir,0.08544095129125799
early_seir_infected_only,15,ogic_p,ude_sir_h2,0.26125799952280776
early_seir_infected_only,15,gic_eff,neural_ode_h2,0.1264742181429499
early_seir_infected_only,15,gic_eff,seir,0.22994330377330094
early_seir_infected_only,15,gic_eff,sir,0.2940303067958341
early_seir_infected_only,15,gic_eff,tv_sir,0.05414751071711046
early_seir_infected_only,15,gic_eff,ude_sir_h2,0.2954046605708046
early_seir_infected_only,15,gic_vol_025,neural_ode_h2,0.11808658020253253
early_seir_infected_only,15,gic_vol_025,seir,0.2489634148317655
early_seir_infected_only,15,gic_vol_025,sir,0.3046732783668645
early_seir_infected_only,15,gic_vol_025,tv_sir,0.023927695652901433
early_seir_infected_only,15,gic_vol_025,ude_sir_h2,0.30434903094593607
early_seir_infected_only,15,gic_vol_050,neural_ode_h2,0.10813029764208915
early_seir_infected_only,15,gic_vol_050,seir,0.2643617439100322
early_seir_infected_only,15,gic_vol_050,sir,0.30961710457424824
early_seir_infected_only,15,gic_vol_050,tv_sir,0.010369828329855576
early_seir_infected_only,15,gic_vol_050,ude_sir_h2,0.307521025543775
early_seir_infected_only,15,gic_vol_100,neural_ode_h2,0.08850587409444192
early_seir_infected_only,15,gic_vol_100,seir,0.2909750498780188
early_seir_infected_only,15,gic_vol_100,sir,0.31213113734827924
early_seir_infected_only,15,gic_vol_100,tv_sir,0.0019012706309657144
early_seir_infected_only,15,gic_vol_100,ude_sir_h2,0.30648666804829433
early_seir_infected_only,15,ogic_e,neural_ode_h2,1.3949732921874797e-05
early_seir_infected_only,15,ogic_e,seir,0.39390190582571355
early_seir_infected_only,15,ogic_e,sir,0.298198815607517
early_seir_infected_only,15,ogic_e,tv_sir,0.015518657340725921
early_seir_infected_only,15,ogic_e,ude_sir_h2,0.2923666714931217
early_seir_infected_only,16,aic,neural_ode_h2,7.269041758966597e-06
early_seir_infected_only,16,aic,seir,0.25025435537415824
early_seir_infected_only,16,aic,sir,0.655719288916037
early_seir_infected_only,16,aic,tv_sir,0.09393813429608747
early_seir_infected_only,16,aic,ude_sir_h2,8.095237195814711e-05
early_seir_infected_only,16,aicc,neural_ode_h2,8.772332429255304e-97
early_seir_infected_only,16,aicc,seir,0.17683420715276438
early_seir_infected_only,16,aicc,sir,0.7938774556076172
early_seir_infected_only,16,aicc,tv_sir,0.0292883372396185
early_seir_infected_only,16,aicc,ude_sir_h2,7.244206013888555e-19
early_seir_infected_only,16,bic,neural_ode_h2,8.11309556044677e-08
early_seir_infected_only,16,bic,seir,0.19566433708191824
early_seir_infected_only,16,bic,sir,0.7544205327797675
early_seir_infected_only,16,bic,tv_sir,0.04991217004799928
early_seir_infected_only,16,bic,ude_sir_h2,2.8789593594435636e-06
early_seir_infected_only,16,blocked_validation,neural_ode_h2,1.3831817821387933e-07
early_seir_infected_only,16,blocked_validation,seir,0.301959764992225
early_seir_infected_only,16,blocked_validation,sir,0.2191183842282163
early_seir_infected_only,16,blocked_validation,tv_sir,0.24875470478182518
early_seir_infected_only,16,blocked_validation,ude_sir_h2,0.23016700767955528
early_seir_infected_only,16,waic_laplace,neural_ode_h2,4.784780285714163e-19
early_seir_infected_only,16,waic_laplace,seir,0.9953529651020089
early_seir_infected_only,16,waic_laplace,sir,0.004647034897990991
early_seir_infected_only,16,waic_laplace,tv_sir,6.192765448333542e-19
early_seir_infected_only,16,waic_laplace,ude_sir_h2,1.261349829399164e-18
early_seir_infected_only,16,ogic_p,neural_ode_h2,0.19235356729047035
early_seir_infected_only,16,ogic_p,seir,0.22906019823557155
early_seir_infected_only,16,ogic_p,sir,0.25387426356108167
early_seir_infected_only,16,ogic_p,tv_sir,0.07097339809734961
early_seir_infected_only,16,ogic_p,ude_sir_h2,0.25373857281552675
early_seir_infected_only,16,gic_eff,neural_ode_h2,0.15208917421439674
early_seir_infected_only,16,gic_eff,seir,0.23993182951140987
early_seir_infected_only,16,gic_eff,sir,0.280657634151545
early_seir_infected_only,16,gic_eff,tv_sir,0.04691205646662277
early_seir_infected_only,16,gic_eff,ude_sir_h2,0.2804093056560257
early_seir_infected_only,16,gic_vol_025,neural_ode_h2,0.15179159433670672
early_seir_infected_only,16,gic_vol_025,seir,0.26234085730509266
early_seir_infected_only,16,gic_vol_025,sir,0.2822148980854557
early_seir_infected_only,16,gic_vol_025,tv_sir,0.023304799310668315
early_seir_infected_only,16,gic_vol_025,ude_sir_h2,0.2803478509620766
early_seir_infected_only,16,gic_vol_050,neural_ode_h2,0.14940562023096118
early_seir_infected_only,16,gic_vol_050,seir,0.2828875228711554
early_seir_infected_only,16,gic_vol_050,sir,0.27986771645490804
early_seir_infected_only,16,gic_vol_050,tv_sir,0.011417632356529485
early_seir_infected_only,16,gic_vol_050,ude_sir_h2,0.27642150808644594
early_seir_infected_only,16,gic_vol_100,neural_ode_h2,0.14185383691456227
early_seir_infected_only,16,gic_vol_100,seir,0.3223630376418512
early_seir_infected_only,16,gic_vol_100,sir,0.26973311517459925
early_seir_infected_only,16,gic_vol_100,tv_sir,0.002685796835323731
early_seir_infected_only,16,gic_vol_100,ude_sir_h2,0.26336421343366345
early_seir_infected_only,16,ogic_e,neural_ode_h2,3.4254071814473585e-05
early_seir_infected_only,16,ogic_e,seir,0.3706034506167452
early_seir_infected_only,16,ogic_e,sir,0.3081865345915948
early_seir_infected_only,16,ogic_e,tv_sir,0.019554939806305432
early_seir_infected_only,16,ogic_e,ude_sir_h2,0.3016208209135401
early_seir_infected_only,17,aic,neural_ode_h2,1.7496711119760158e-06
early_seir_infected_only,17,aic,seir,0.3647781728392839
early_seir_infected_only,17,aic,sir,0.5157930088356867
early_seir_infected_only,17,aic,tv_sir,0.11936272056768854
early_seir_infected_only,17,aic,ude_sir_h2,6.434808622886049e-05
early_seir_infected_only,17,aicc,neural_ode_h2,2.2965157895278182e-97
early_seir_infected_only,17,aicc,seir,0.28034226360514086
early_seir_infected_only,17,aicc,sir,0.6791818291405118
early_seir_infected_only,17,aicc,tv_sir,0.04047590725434727
early_seir_infected_only,17,aicc,ude_sir_h2,6.262849078945132e-19
early_seir_infected_only,17,bic,neural_ode_h2,2.0729393095090866e-08
early_seir_infected_only,17,bic,seir,0.30274683603673785
early_seir_infected_only,17,bic,sir,0.6299291853756781
early_seir_infected_only,17,bic,tv_sir,0.06732152866346723
early_seir_infected_only,17,bic,ude_sir_h2,2.4291947238189707e-06
early_seir_infected_only,17,blocked_validation,neural_ode_h2,0.00029232443570052996
early_seir_infected_only,17,blocked_validation,seir,0.857936798603003
early_seir_infected_only,17,blocked_validation,sir,0.033268504580775037
early_seir_infected_only,17,blocked_validation,tv_sir,0.06798951142087815
early_seir_infected_only,17,blocked_validation,ude_sir_h2,0.04051286095964336
early_seir_infected_only,17,waic_laplace,neural_ode_h2,3.0230302040620874e-84
early_seir_infected_only,17,waic_laplace,seir,0.0757579800614346
early_seir_infected_only,17,waic_laplace,sir,4.167637990937222e-05
early_seir_infected_only,17,waic_laplace,tv_sir,0.924200343558656
early_seir_infected_only,17,waic_laplace,ude_sir_h2,2.4607005631017933e-302
early_seir_infected_only,17,ogic_p,neural_ode_h2,0.04785773213002907
early_seir_infected_only,17,ogic_p,seir,0.37396389288697324
early_seir_infected_only,17,ogic_p,sir,0.24299640345302592
early_seir_infected_only,17,ogic_p,tv_sir,0.09216961645270416
early_seir_infected_only,17,ogic_p,ude_sir_h2,0.2430123550772675
early_seir_infected_only,17,gic_eff,neural_ode_h2,0.03524620665854536
early_seir_infected_only,17,gic_eff,seir,0.37635390539652613
early_seir_infected_only,17,gic_eff,sir,0.2664953329731119
early_seir_infected_only,17,gic_eff,tv_sir,0.056499322112817746
early_seir_infected_only,17,gic_eff,ude_sir_h2,0.2654052328589988
early_seir_infected_only,17,gic_vol_025,neural_ode_h2,0.03260887186864868
early_seir_infected_only,17,gic_vol_025,seir,0.39965205046671415
early_seir_infected_only,17,gic_vol_025,sir,0.27146238507329223
early_seir_infected_only,17,gic_vol_025,tv_sir,0.028170049302432495
early_seir_infected_only,17,gic_vol_025,ude_sir_h2,0.2681066432889124
early_seir_infected_only,17,gic_vol_050,neural_ode_h2,0.029694823197852233
early_seir_infected_only,17,gic_vol_050,seir,0.41772382161205596
early_seir_infected_only,17,gic_vol_050,sir,0.2721769178249734
early_seir_infected_only,17,gic_vol_050,tv_sir,0.013824631236573518
early_seir_infected_only,17,gic_vol_050,ude_sir_h2,0.2665798061285448
early_seir_infected_only,17,gic_vol_100,neural_ode_h2,0.024107013413177107
early_seir_infected_only,17,gic_vol_100,seir,0.4467621406827728
early_seir_infected_only,17,gic_vol_100,sir,0.2678596400042195
early_seir_infected_only,17,gic_vol_100,tv_sir,0.0032595539920668875
early_seir_infected_only,17,gic_vol_100,ude_sir_h2,0.2580116519077635
early_seir_infected_only,17,ogic_e,neural_ode_h2,1.1096625908941523e-06
early_seir_infected_only,17,ogic_e,seir,0.5346746426704772
early_seir_infected_only,17,ogic_e,sir,0.22348762682464138
early_seir_infected_only,17,ogic_e,tv_sir,0.02461639289800392
early_seir_infected_only,17,ogic_e,ude_sir_h2,0.21722022794428653
early_seir_infected_only,18,aic,neural_ode_h2,1.3583756495761654e-06
early_seir_infected_only,18,aic,seir,0.3369437264051739
early_seir_infected_only,18,aic,sir,0.4601273405627671
early_seir_infected_only,18,aic,tv_sir,0.20287058102390898
early_seir_infected_only,18,aic,ude_sir_h2,5.6993632500445026e-05
early_seir_infected_only,18,aicc,neural_ode_h2,1.9096752202360218e-97
early_seir_infected_only,18,aicc,seir,0.2773599289542497
early_seir_infected_only,18,aicc,sir,0.64895600774108
early_seir_infected_only,18,aicc,tv_sir,0.0736840633046703
early_seir_infected_only,18,aicc,ude_sir_h2,5.941406398520458e-19
early_seir_infected_only,18,bic,neural_ode_h2,1.6833938341689445e-08
early_seir_infected_only,18,bic,seir,0.2925120911963215
early_seir_infected_only,18,bic,sir,0.5878005621790952
early_seir_infected_only,18,bic,tv_sir,0.11968507924041509
early_seir_infected_only,18,bic,ude_sir_h2,2.250550229827344e-06
early_seir_infected_only,18,blocked_validation,neural_ode_h2,0.001181600814054764
early_seir_infected_only,18,blocked_validation,seir,0.9614926246846333
early_seir_infected_only,18,blocked_validation,sir,0.01856063228126386
early_seir_infected_only,18,blocked_validation,tv_sir,2.0364195355163442e-38
early_seir_infected_only,18,blocked_validation,ude_sir_h2,0.018765142220047996
early_seir_infected_only,18,waic_laplace,neural_ode_h2,1.998287321052567e-102
early_seir_infected_only,18,waic_laplace,seir,1.874001860793833e-14
early_seir_infected_only,18,waic_laplace,sir,0.0003058469630980874
early_seir_infected_only,18,waic_laplace,tv_sir,0.9996941530368831
early_seir_infected_only,18,waic_laplace,ude_sir_h2,9.856660991631547e-305
early_seir_infected_only,18,ogic_p,neural_ode_h2,0.03898793377703116
early_seir_infected_only,18,ogic_p,seir,0.36008040061033403
early_seir_infected_only,18,ogic_p,sir,0.22273120477605762
early_seir_infected_only,18,ogic_p,tv_sir,0.15418077577050054
early_seir_infected_only,18,ogic_p,ude_sir_h2,0.22401968506607667
early_seir_infected_only,18,gic_eff,neural_ode_h2,0.029645943474235683
early_seir_infected_only,18,gic_eff,seir,0.3731909157154922
early_seir_infected_only,18,gic_eff,sir,0.25015917048900604
early_seir_infected_only,18,gic_eff,tv_sir,0.09519470104481043
early_seir_infected_only,18,gic_eff,ude_sir_h2,0.25180926927645575
early_seir_infected_only,18,gic_vol_025,neural_ode_h2,0.028573631863896932
early_seir_infected_only,18,gic_vol_025,seir,0.4055801571268539
early_seir_infected_only,18,gic_vol_025,sir,0.2610848865778611
early_seir_infected_only,18,gic_vol_025,tv_sir,0.04330742157948171
early_seir_infected_only,18,gic_vol_025,ude_sir_h2,0.26145390285190623
early_seir_infected_only,18,gic_vol_050,neural_ode_h2,0.02668670918342044
early_seir_infected_only,18,gic_vol_050,seir,0.4271218055738485
early_seir_infected_only,18,gic_vol_050,sir,0.2640440867565235
early_seir_infected_only,18,gic_vol_050,tv_sir,0.019091554429205237
early_seir_infected_only,18,gic_vol_050,ude_sir_h2,0.26305584405700216
early_seir_infected_only,18,gic_vol_100,neural_ode_h2,0.022447025306989905
early_seir_infected_only,18,gic_vol_100,seir,0.45677933767270373
early_seir_infected_only,18,gic_vol_100,sir,0.2604176947949141
early_seir_infected_only,18,gic_vol_100,tv_sir,0.003577699267947353
early_seir_infected_only,18,gic_vol_100,ude_sir_h2,0.2567782429574449
early_seir_infected_only,18,ogic_e,neural_ode_h2,1.1332976248644105e-06
early_seir_infected_only,18,ogic_e,seir,0.5241094682110561
early_seir_infected_only,18,ogic_e,sir,0.22786331650840635
early_seir_infected_only,18,ogic_e,tv_sir,0.024031172085664278
early_seir_infected_only,18,ogic_e,ude_sir_h2,0.22399490989724852
early_seir_infected_only,19,aic,neural_ode_h2,2.8994736856249304e-06
early_seir_infected_only,19,aic,seir,0.23615276482265637
early_seir_infected_only,19,aic,sir,0.6292621780391009
early_seir_infected_only,19,aic,tv_sir,0.13450441626996412
early_seir_infected_only,19,aic,ude_sir_h2,7.774139459303772e-05
early_seir_infected_only,19,aicc,neural_ode_h2,3.6049029597060366e-97
early_seir_infected_only,19,aicc,seir,0.17191515342136088
early_seir_infected_only,19,aicc,sir,0.7848806613045666
early_seir_infected_only,19,aicc,tv_sir,0.043204185274072576
early_seir_infected_only,19,aicc,ude_sir_h2,7.167208370860622e-19
early_seir_infected_only,19,bic,neural_ode_h2,3.3018940054153185e-08
early_seir_infected_only,19,bic,seir,0.18838989080843466
early_seir_infected_only,19,bic,sir,0.7386891131673927
early_seir_infected_only,19,bic,tv_sir,0.07291814207197139
early_seir_infected_only,19,bic,ude_sir_h2,2.8209332612057136e-06
early_seir_infected_only,19,blocked_validation,neural_ode_h2,2.3552917821770767e-06
early_seir_infected_only,19,blocked_validation,seir,0.6584529208001663
early_seir_infected_only,19,blocked_validation,sir,0.1694288826658683
early_seir_infected_only,19,blocked_validation,tv_sir,3.207491417822219e-06
early_seir_infected_only,19,blocked_validation,ude_sir_h2,0.1721126337507654
early_seir_infected_only,19,waic_laplace,neural_ode_h2,0.7346582455842685
early_seir_infected_only,19,waic_laplace,seir,0.26534173310781667
early_seir_infected_only,19,waic_laplace,sir,3.208864971005253e-10
early_seir_infected_only,19,waic_laplace,tv_sir,2.09870283390449e-08
early_seir_infected_only,19,waic_laplace,ude_sir_h2,7.243492671666918e-305
early_seir_infected_only,19,ogic_p,neural_ode_h2,0.08411085138511913
early_seir_infected_only,19,ogic_p,seir,0.2370497363887415
early_seir_infected_only,19,ogic_p,sir,0.2840738825558248
early_seir_infected_only,19,ogic_p,tv_sir,0.11044813277898505
early_seir_infected_only,19,ogic_p,ude_sir_h2,0.28431739689132957
early_seir_infected_only,19,gic_eff,neural_ode_h2,0.06449947756107552
early_seir_infected_only,19,gic_eff,seir,0.24085129207096126
early_seir_infected_only,19,gic_eff,sir,0.31192063916415697
early_seir_infected_only,19,gic_eff,tv_sir,0.07056803074191814
early_seir_infected_only,19,gic_eff,ude_sir_h2,0.3121605604618881
early_seir_infected_only,19,gic_vol_025,neural_ode_h2,0.06229543128726659
early_seir_infected_only,19,gic_vol_025,seir,0.26290933117729803
early_seir_infected_only,19,gic_vol_025,sir,0.3210407275131172
early_seir_infected_only,19,gic_vol_025,tv_sir,0.03435751218297756
early_seir_infected_only,19,gic_vol_025,ude_sir_h2,0.3193969978393405
early_seir_infected_only,19,gic_vol_050,neural_ode_h2,0.05892280734911218
early_seir_infected_only,19,gic_vol_050,seir,0.2810543126660815
early_seir_infected_only,19,gic_vol_050,sir,0.3235961777517228
early_seir_infected_only,19,gic_vol_050,tv_sir,0.01638183900714965
early_seir_infected_only,19,gic_vol_050,ude_sir_h2,0.32004486322593384
early_seir_infected_only,19,gic_vol_100,neural_ode_h2,0.0512925839270502
early_seir_infected_only,19,gic_vol_100,seir,0.3125182910975204
early_seir_infected_only,19,gic_vol_100,sir,0.31989434886216156
early_seir_infected_only,19,gic_vol_100,tv_sir,0.0036237749848730297
early_seir_infected_only,19,gic_vol_100,ude_sir_h2,0.31267100112839474
early_seir_infected_only,19,ogic_e,neural_ode_h2,7.991779276140731e-06
early_seir_infected_only,19,ogic_e,seir,0.3710003137443026
early_seir_infected_only,19,ogic_e,sir,0.30586724106059454
early_seir_infected_only,19,ogic_e,tv_sir,0.02365664420097084
early_seir_infected_only,19,ogic_e,ude_sir_h2,0.299467809214856
missing_neural_feedback,0,aic,neural_ode_h2,0.009854092659584592
missing_neural_feedback,0,aic,seir,1.209767078040413e-21
missing_neural_feedback,0,aic,sir,3.497782012812897e-38
missing_neural_feedback,0,aic,tv_sir,0.9767791095333637
missing_neural_feedback,0,aic,ude_sir_h2,0.013366797807051713
missing_neural_feedback,0,aicc,neural_ode_h2,1.347904023405916e-06
missing_neural_feedback,0,aicc,seir,1.6082629601293527e-21
missing_neural_feedback,0,aicc,sir,5.607032865329249e-38
missing_neural_feedback,0,aicc,tv_sir,0.9998684754497236
missing_neural_feedback,0,aicc,ude_sir_h2,0.00013017664625310712
missing_neural_feedback,0,bic,neural_ode_h2,3.2043056357046177e-06
missing_neural_feedback,0,bic,seir,2.7713363298144598e-21
missing_neural_feedback,0,bic,sir,1.7930260264950481e-37
missing_neural_feedback,0,bic,tv_sir,0.9999480917862893
missing_neural_feedback,0,bic,ude_sir_h2,4.870390807497649e-05
missing_neural_feedback,0,blocked_validation,neural_ode_h2,5.151138137953621e-23
missing_neural_feedback,0,blocked_validation,seir,6.421225184235374e-79
missing_neural_feedback,0,blocked_validation,sir,3.7921004640392163e-163
missing_neural_feedback,0,blocked_validation,tv_sir,0.3200946013283967
missing_neural_feedback,0,blocked_validation,ude_sir_h2,0.6799053986716033
missing_neural_feedback,0,waic_laplace,neural_ode_h2,9.85967654375977e-305
missing_neural_feedback,0,waic_laplace,seir,5.975305260252816e-277
missing_neural_feedback,0,waic_laplace,sir,1.913196715563093e-42
missing_neural_feedback,0,waic_laplace,tv_sir,1.0
missing_neural_feedback,0,waic_laplace,ude_sir_h2,9.85967654375977e-305
missing_neural_feedback,0,ogic_p,neural_ode_h2,0.8560594576537901
missing_neural_feedback,0,ogic_p,seir,1.6188952290260334e-23
missing_neural_feedback,0,ogic_p,sir,3.309457618007268e-40
missing_neural_feedback,0,ogic_p,tv_sir,0.010440191795543183
missing_neural_feedback,0,ogic_p,ude_sir_h2,0.1335003505506667
missing_neural_feedback,0,gic_eff,neural_ode_h2,0.7500609736158798
missing_neural_feedback,0,gic_eff,seir,8.491291615684953e-23
missing_neural_feedback,0,gic_eff,sir,2.9380151898102763e-39
missing_neural_feedback,0,gic_eff,tv_sir,0.020419278637223846
missing_neural_feedback,0,gic_eff,ude_sir_h2,0.2295197477468964
missing_neural_feedback,0,gic_vol_025,neural_ode_h2,0.8112460367547902
missing_neural_feedback,0,gic_vol_025,seir,2.051879409437809e-22
missing_neural_feedback,0,gic_vol_025,sir,7.341077755582484e-39
missing_neural_feedback,0,gic_vol_025,tv_sir,0.015291210637189695
missing_neural_feedback,0,gic_vol_025,ude_sir_h2,0.17346275260801997
missing_neural_feedback,0,gic_vol_050,neural_ode_h2,0.860243061621984
missing_neural_feedback,0,gic_vol_050,seir,4.861188727622792e-22
missing_neural_feedback,0,gic_vol_050,sir,1.7983664128300164e-38
missing_neural_feedback,0,gic_vol_050,tv_sir,0.011226798232723085
missing_neural_feedback,0,gic_vol_050,ude_sir_h2,0.12853014014529282
missing_neural_feedback,0,gic_vol_100,neural_ode_h2,0.9266040818112974
missing_neural_feedback,0,gic_vol_100,seir,2.613723421789833e-21
missing_neural_feedback,0,gic_vol_100,sir,1.0338338559065222e-37
missing_neural_feedback,0,gic_vol_100,tv_sir,0.005797221058379763
missing_neural_feedback,0,gic_vol_100,ude_sir_h2,0.06759869713032281
missing_neural_feedback,0,ogic_e,neural_ode_h2,8.611660915539457e-06
missing_neural_feedback,0,ogic_e,seir,2.180068565800438e-20
missing_neural_feedback,0,ogic_e,sir,2.6357110524267402e-37
missing_neural_feedback,0,ogic_e,tv_sir,0.32942826125010416
missing_neural_feedback,0,ogic_e,ude_sir_h2,0.6705631270889804
missing_neural_feedback,1,aic,neural_ode_h2,9.940254747118855e-06
missing_neural_feedback,1,aic,seir,9.507181127166912e-18
missing_neural_feedback,1,aic,sir,1.0290380305877042e-35
missing_neural_feedback,1,aic,tv_sir,0.9993052191690716
missing_neural_feedback,1,aic,ude_sir_h2,0.0006848405761813366
missing_neural_feedback,1,aicc,neural_ode_h2,1.3292061486320391e-09
missing_neural_feedback,1,aicc,seir,1.2355478383110869e-17
missing_neural_feedback,1,aicc,sir,1.6125912023219565e-35
missing_neural_feedback,1,aicc,tv_sir,0.9999934786694855
missing_neural_feedback,1,aicc,ude_sir_h2,6.520001308473238e-06
missing_neural_feedback,1,bic,neural_ode_h2,3.159617400680055e-09
missing_neural_feedback,1,bic,seir,2.1289179893953407e-17
missing_neural_feedback,1,bic,sir,5.156380642703872e-35
missing_neural_feedback,1,bic,tv_sir,0.9999975576505181
missing_neural_feedback,1,bic,ude_sir_h2,2.439189864357812e-06
missing_neural_feedback,1,blocked_validation,neural_ode_h2,4.407068713122123e-09
missing_neural_feedback,1,blocked_validation,seir,1.2699975652166707e-62
missing_neural_feedback,1,blocked_validation,sir,1.882095928057848e-127
missing_neural_feedback,1,blocked_validation,tv_sir,0.9677327191497254
missing_neural_feedback,1,blocked_validation,ude_sir_h2,0.0322672764432059
missing_neural_feedback,1,waic_laplace,neural_ode_h2,9.85967654375977e-305
missing_neural_feedback,1,waic_laplace,seir,4.692948614303151e-123
missing_neural_feedback,1,waic_laplace,sir,1.1640510127550711e-38
missing_neural_feedback,1,waic_laplace,tv_sir,1.0
missing_neural_feedback,1,waic_laplace,ude_sir_h2,9.85967654375977e-305
missing_neural_feedback,1,ogic_p,neural_ode_h2,0.038077216765489356
missing_neural_feedback,1,ogic_p,seir,6.334696818987174e-18
missing_neural_feedback,1,ogic_p,sir,4.81599227979786e-36
missing_neural_feedback,1,ogic_p,tv_sir,0.5669900388104931
missing_neural_feedback,1,ogic_p,ude_sir_h2,0.39493274442401743
missing_neural_feedback,1,gic_eff,neural_ode_h2,0.015411717683567912
missing_neural_feedback,1,gic_eff,seir,1.6927137203196116e-17
missing_neural_feedback,1,gic_eff,sir,2.1665891463250653e-35
missing_neural_feedback,1,gic_eff,tv_sir,0.5948511111845387
missing_neural_feedback,1,gic_eff,ude_sir_h2,0.3897371711318934
missing_neural_feedback,1,gic_vol_025,neural_ode_h2,0.02126204203270066
missing_neural_feedback,1,gic_vol_025,seir,4.8562746746600505e-17
missing_neural_feedback,1,gic_vol_025,sir,6.387187214452127e-35
missing_neural_feedback,1,gic_vol_025,tv_sir,0.5708834004411949
missing_neural_feedback,1,gic_vol_025,ude_sir_h2,0.4078545575261044
missing_neural_feedback,1,gic_vol_050,neural_ode_h2,0.02921546264934807
missing_neural_feedback,1,gic_vol_050,seir,1.3876400930813322e-16
missing_neural_feedback,1,gic_vol_050,sir,1.8754115955296488e-34
missing_neural_feedback,1,gic_vol_050,tv_sir,0.5456829966611838
missing_neural_feedback,1,gic_vol_050,ude_sir_h2,0.42510154068946787
missing_neural_feedback,1,gic_vol_100,neural_ode_h2,0.054316166528894094
missing_neural_feedback,1,gic_vol_100,seir,1.1156418169429997e-15
missing_neural_feedback,1,gic_vol_100,sir,1.5921033290697288e-33
missing_neural_feedback,1,gic_vol_100,tv_sir,0.49093860661918537
missing_neural_feedback,1,gic_vol_100,ude_sir_h2,0.45474522685191937
missing_neural_feedback,1,ogic_e,neural_ode_h2,1.4675447354213224e-09
missing_neural_feedback,1,ogic_e,seir,2.456614137645218e-16
missing_neural_feedback,1,ogic_e,sir,1.1116548172644066e-34
missing_neural_feedback,1,ogic_e,tv_sir,0.8451770265270627
missing_neural_feedback,1,ogic_e,ude_sir_h2,0.1548229720053922
missing_neural_feedback,2,aic,neural_ode_h2,9.803204983305321e-06
missing_neural_feedback,2,aic,seir,1.1982049876557778e-20
missing_neural_feedback,2,aic,sir,6.755982843330155e-39
missing_neural_feedback,2,aic,tv_sir,0.9992595051857592
missing_neural_feedback,2,aic,ude_sir_h2,0.0007306916092574244
missing_neural_feedback,2,aicc,neural_ode_h2,1.3109393165396542e-09
missing_neural_feedback,2,aicc,seir,1.5572509272420202e-20
missing_neural_feedback,2,aicc,sir,1.0587686576669484e-38
missing_neural_feedback,2,aicc,tv_sir,0.999993041849351
missing_neural_feedback,2,aicc,ude_sir_h2,6.956839709604009e-06
missing_neural_feedback,2,bic,neural_ode_h2,3.116196695783565e-09
missing_neural_feedback,2,bic,seir,2.6832311277121305e-20
missing_neural_feedback,2,bic,sir,3.3854926756752937e-38
missing_neural_feedback,2,bic,tv_sir,0.9999973942681373
missing_neural_feedback,2,bic,ude_sir_h2,2.6026156659813125e-06
missing_neural_feedback,2,blocked_validation,neural_ode_h2,0.2593276881870478
missing_neural_feedback,2,blocked_validation,seir,2.720417216292014e-85
missing_neural_feedback,2,blocked_validation,sir,3.1110638174261426e-164
missing_neural_feedback,2,blocked_validation,tv_sir,0.15643448241570138
missing_neural_feedback,2,blocked_validation,ude_sir_h2,0.5842378293972508
missing_neural_feedback,2,waic_laplace,neural_ode_h2,9.85967654375977e-305
missing_neural_feedback,2,waic_laplace,seir,9.85967654375977e-305
missing_neural_feedback,2,waic_laplace,sir,5.713536334713291e-41
missing_neural_feedback,2,waic_laplace,tv_sir,1.0
missing_neural_feedback,2,waic_laplace,ude_sir_h2,9.85967654375977e-305
missing_neural_feedback,2,ogic_p,neural_ode_h2,0.033401541554427906
missing_neural_feedback,2,ogic_p,seir,7.256852420928572e-21
missing_neural_feedback,2,ogic_p,sir,2.8917535132684023e-39
missing_neural_feedback,2,ogic_p,tv_sir,0.5624385259070884
missing_neural_feedback,2,ogic_p,ude_sir_h2,0.4041599325384837
missing_neural_feedback,2,gic_eff,neural_ode_h2,0.012498991829768777
missing_neural_feedback,2,gic_eff,seir,1.8243571490243167e-20
missing_neural_feedback,2,gic_eff,sir,1.2300160236193458e-38
missing_neural_feedback,2,gic_eff,tv_sir,0.5956624602686661
missing_neural_feedback,2,gic_eff,ude_sir_h2,0.39183854790156514
missing_neural_feedback,2,gic_vol_025,neural_ode_h2,0.01647598430696066
missing_neural_feedback,2,gic_vol_025,seir,4.98543734363573e-20
missing_neural_feedback,2,gic_vol_025,sir,3.4558044999650407e-38
missing_neural_feedback,2,gic_vol_025,tv_sir,0.5801347382636862
missing_neural_feedback,2,gic_vol_025,ude_sir_h2,0.4033892774293531
missing_neural_feedback,2,gic_vol_050,neural_ode_h2,0.021674815005141002
missing_neural_feedback,2,gic_vol_050,seir,1.3596411695948775e-19
missing_neural_feedback,2,gic_vol_050,sir,9.689808784180754e-38
missing_neural_feedback,2,gic_vol_050,tv_sir,0.5638780078473035
missing_neural_feedback,2,gic_vol_050,ude_sir_h2,0.41444717714755547
missing_neural_feedback,2,gic_vol_100,neural_ode_h2,0.03722439692160007
missing_neural_feedback,2,gic_vol_100,seir,1.0035305676506617e-18
missing_neural_feedback,2,gic_vol_100,sir,7.559820789075804e-37
missing_neural_feedback,2,gic_vol_100,tv_sir,0.5286423333296582
missing_neural_feedback,2,gic_vol_100,ude_sir_h2,0.4341332697487417
missing_neural_feedback,2,ogic_e,neural_ode_h2,1.380556644263855e-09
missing_neural_feedback,2,ogic_e,seir,2.828962133831144e-19
missing_neural_feedback,2,ogic_e,sir,6.66639215507134e-38
missing_neural_feedback,2,ogic_e,tv_sir,0.8714915426095821
missing_neural_feedback,2,ogic_e,ude_sir_h2,0.12850845600986144
missing_neural_feedback,3,aic,neural_ode_h2,0.00048072500177294034
missing_neural_feedback,3,aic,seir,3.818926909377027e-12
missing_neural_feedback,3,aic,sir,2.3660913058720623e-25
missing_neural_feedback,3,aic,tv_sir,0.9974139749567102
missing_neural_feedback,3,aic,ude_sir_h2,0.002105300037698018
missing_neural_feedback,3,aicc,neural_ode_h2,6.440333046410315e-08
missing_neural_feedback,3,aicc,seir,4.9723985759511625e-12
missing_neural_feedback,3,aicc,sir,3.714848869537376e-25
missing_neural_feedback,3,aicc,tv_sir,0.9999798544228933
missing_neural_feedback,3,aicc,ude_sir_h2,2.0081168803691104e-05
missing_neural_feedback,3,bic,neural_ode_h2,1.5309257585095212e-07
missing_neural_feedback,3,bic,seir,8.567792668922587e-12
missing_neural_feedback,3,bic,sir,1.187860612040742e-24
missing_neural_feedback,3,bic,tv_sir,0.9999923342937828
missing_neural_feedback,3,bic,ude_sir_h2,7.512605073662559e-06
missing_neural_feedback,3,blocked_validation,neural_ode_h2,0.9619895775475318
missing_neural_feedback,3,blocked_validation,seir,3.34830536074461e-55
missing_neural_feedback,3,blocked_validation,sir,1.5842467249607084e-120
missing_neural_feedback,3,blocked_validation,tv_sir,0.03762380237259435
missing_neural_feedback,3,blocked_validation,ude_sir_h2,0.00038662007987400054
missing_neural_feedback,3,waic_laplace,neural_ode_h2,9.85967654375977e-305
missing_neural_feedback,3,waic_laplace,seir,1.1987255529183803e-249
missing_neural_feedback,3,waic_laplace,sir,2.6833995047033946e-27
missing_neural_feedback,3,waic_laplace,tv_sir,1.0
missing_neural_feedback,3,waic_laplace,ude_sir_h2,9.85967654375977e-305
missing_neural_feedback,3,ogic_p,neural_ode_h2,0.511157223612835
missing_neural_feedback,3,ogic_p,seir,6.71976276278447e-13
missing_neural_feedback,3,ogic_p,sir,2.922628349727335e-26
missing_neural_feedback,3,ogic_p,tv_sir,0.15377201016029832
missing_neural_feedback,3,ogic_p,ude_sir_h2,0.33507076622619464
missing_neural_feedback,3,gic_eff,neural_ode_h2,0.2978544793312873
missing_neural_feedback,3,gic_eff,seir,2.483338629109456e-12
missing_neural_feedback,3,gic_eff,sir,1.817551370652441e-25
missing_neural_feedback,3,gic_eff,tv_sir,0.22830262805437895
missing_neural_feedback,3,gic_eff,ude_sir_h2,0.47384289261185053
missing_neural_feedback,3,gic_vol_025,neural_ode_h2,0.3578797660374685
missing_neural_feedback,3,gic_vol_025,seir,6.166122304641618e-12
missing_neural_feedback,3,gic_vol_025,sir,4.6311291580646155e-25
missing_neural_feedback,3,gic_vol_025,tv_sir,0.19411241720399894
missing_neural_feedback,3,gic_vol_025,ude_sir_h2,0.4480078167523664
missing_neural_feedback,3,gic_vol_050,neural_ode_h2,0.42213913414287885
missing_neural_feedback,3,gic_vol_050,seir,1.503051240570218e-11
missing_neural_feedback,3,gic_vol_050,sir,1.1584373547155632e-24
missing_neural_feedback,3,gic_vol_050,tv_sir,0.16202468501747638
missing_neural_feedback,3,gic_vol_050,ude_sir_h2,0.4158361808246144
missing_neural_feedback,3,gic_vol_100,neural_ode_h2,0.5548901701288086
missing_neural_feedback,3,gic_vol_100,seir,8.437456865522566e-11
missing_neural_feedback,3,gic_vol_100,sir,6.847914811428037e-24
missing_neural_feedback,3,gic_vol_100,tv_sir,0.1066476764621045
missing_neural_feedback,3,gic_vol_100,ude_sir_h2,0.3384621533247124
missing_neural_feedback,3,ogic_e,neural_ode_h2,2.7105281579217796e-07
missing_neural_feedback,3,ogic_e,seir,5.741603436345531e-11
missing_neural_feedback,3,ogic_e,sir,1.480690581536404e-24
missing_neural_feedback,3,ogic_e,tv_sir,0.5495128311208783
missing_neural_feedback,3,ogic_e,ude_sir_h2,0.4504868977688899
missing_neural_feedback,4,aic,neural_ode_h2,4.883864139220403e-05
missing_neural_feedback,4,aic,seir,1.9467303170601393e-19
missing_neural_feedback,4,aic,sir,5.813008601709457e-37
missing_neural_feedback,4,aic,tv_sir,0.9983599849677252
missing_neural_feedback,4,aic,ude_sir_h2,0.0015911763908825884
missing_neural_feedback,4,aicc,neural_ode_h2,6.53680658581392e-09
missing_neural_feedback,4,aicc,seir,2.532333052227496e-19
missing_neural_feedback,4,aicc,sir,9.118030911472447e-37
missing_neural_feedback,4,aicc,tv_sir,0.9999848305112294
missing_neural_feedback,4,aicc,ude_sir_h2,1.5162951964186382e-05
missing_neural_feedback,4,bic,neural_ode_h2,1.5538537371069983e-08
missing_neural_feedback,4,bic,seir,4.363374972716454e-19
missing_neural_feedback,4,bic,sir,2.9155741408683037e-36
missing_neural_feedback,4,bic,tv_sir,0.9999943118370557
missing_neural_feedback,4,bic,ude_sir_h2,5.672624406944088e-06
missing_neural_feedback,4,blocked_validation,neural_ode_h2,2.531448216692896e-21
missing_neural_feedback,4,blocked_validation,seir,2.60148906993474e-74
missing_neural_feedback,4,blocked_validation,sir,1.7650041689567176e-150
missing_neural_feedback,4,blocked_validation,tv_sir,0.6342262448890555
missing_neural_feedback,4,blocked_validation,ude_sir_h2,0.3657737551109445
missing_neural_feedback,4,waic_laplace,neural_ode_h2,9.85967654375977e-305
missing_neural_feedback,4,waic_laplace,seir,8.115275039796866e-203
missing_neural_feedback,4,waic_laplace,sir,6.41549024468978e-40
missing_neural_feedback,4,waic_laplace,tv_sir,1.0
missing_neural_feedback,4,waic_laplace,ude_sir_h2,9.85967654375977e-305
missing_neural_feedback,4,ogic_p,neural_ode_h2,0.14461910764971328
missing_neural_feedback,4,ogic_p,seir,7.901204820236029e-20
missing_neural_feedback,4,ogic_p,sir,1.674531260467086e-37
missing_neural_feedback,4,ogic_p,tv_sir,0.321857956708156
missing_neural_feedback,4,ogic_p,ude_sir_h2,0.5335229356421308
missing_neural_feedback,4,gic_eff,neural_ode_h2,0.07903365215010244
missing_neural_feedback,4,gic_eff,seir,2.3528912747956583e-19
missing_neural_feedback,4,gic_eff,sir,8.466017837333835e-37
missing_neural_feedback,4,gic_eff,tv_sir,0.3558050447701067
missing_neural_feedback,4,gic_eff,ude_sir_h2,0.5651613030797908
missing_neural_feedback,4,gic_vol_025,neural_ode_h2,0.1164300154349647
missing_neural_feedback,4,gic_vol_025,seir,7.131248426995369e-19
missing_neural_feedback,4,gic_vol_025,sir,2.6604161672988075e-36
missing_neural_feedback,4,gic_vol_025,tv_sir,0.332003730954795
missing_neural_feedback,4,gic_vol_025,ude_sir_h2,0.5515662536102404
missing_neural_feedback,4,gic_vol_050,neural_ode_h2,0.16822171257992005
missing_neural_feedback,4,gic_vol_050,seir,2.119793049323512e-18
missing_neural_feedback,4,gic_vol_050,sir,8.199439555198378e-36
missing_neural_feedback,4,gic_vol_050,tv_sir,0.30383515217022583
missing_neural_feedback,4,gic_vol_050,ude_sir_h2,0.5279431352498541
missing_neural_feedback,4,gic_vol_100,neural_ode_h2,0.3223736908986687
missing_neural_feedback,4,gic_vol_100,seir,1.7194621136774713e-17
missing_neural_feedback,4,gic_vol_100,sir,7.149846218422867e-35
missing_neural_feedback,4,gic_vol_100,tv_sir,0.23359926796629268
missing_neural_feedback,4,gic_vol_100,ude_sir_h2,0.44402704113503855
missing_neural_feedback,4,ogic_e,neural_ode_h2,8.280123029795959e-08
missing_neural_feedback,4,ogic_e,seir,8.389617368278795e-18
missing_neural_feedback,4,ogic_e,sir,1.0566114792300061e-35
missing_neural_feedback,4,ogic_e,tv_sir,0.7164945300995951
missing_neural_feedback,4,ogic_e,ude_sir_h2,0.2835053870991747
missing_neural_feedback,5,aic,neural_ode_h2,5.608144357054642e-05
missing_neural_feedback,5,aic,seir,4.4156086849979493e-16
missing_neural_feedback,5,aic,sir,6.978408630813295e-32
missing_neural_feedback,5,aic,tv_sir,0.9978198344154618
missing_neural_feedback,5,aic,ude_sir_h2,0.002124084140967256
missing_neural_feedback,5,aicc,neural_ode_h2,7.510244358444753e-09
missing_neural_feedback,5,aicc,seir,5.746963418633706e-16
missing_neural_feedback,5,aicc,sir,1.0951896071473125e-31
missing_neural_feedback,5,aicc,tv_sir,0.9999797403940104
missing_neural_feedback,5,aicc,ude_sir_h2,2.0252095744696665e-05
missing_neural_feedback,5,bic,neural_ode_h2,1.7852537421715482e-08
missing_neural_feedback,5,bic,seir,9.902424236556176e-16
missing_neural_feedback,5,bic,sir,3.5019805215241205e-31
missing_neural_feedback,5,bic,tv_sir,0.9999924055951737
missing_neural_feedback,5,bic,ude_sir_h2,7.576552287814913e-06
missing_neural_feedback,5,blocked_validation,neural_ode_h2,1.1423368292501545e-27
missing_neural_feedback,5,blocked_validation,seir,9.340846331794056e-57
missing_neural_feedback,5,blocked_validation,sir,1.8022631068044283e-122
missing_neural_feedback,5,blocked_validation,tv_sir,0.003130571158249213
missing_neural_feedback,5,blocked_validation,ude_sir_h2,0.9968694288417508
missing_neural_feedback,5,waic_laplace,neural_ode_h2,9.85967654375977e-305
missing_neural_feedback,5,waic_laplace,seir,2.866484398861293e-77
missing_neural_feedback,5,waic_laplace,sir,1.9391895688135647e-34
missing_neural_feedback,5,waic_laplace,tv_sir,1.0
missing_neural_feedback,5,waic_laplace,ude_sir_h2,9.85967654375977e-305
missing_neural_feedback,5,ogic_p,neural_ode_h2,0.12936197149341763
missing_neural_feedback,5,ogic_p,seir,1.362641845486962e-16
missing_neural_feedback,5,ogic_p,sir,1.527394105727755e-32
missing_neural_feedback,5,ogic_p,tv_sir,0.2812006544205877
missing_neural_feedback,5,ogic_p,ude_sir_h2,0.5894373740859945
missing_neural_feedback,5,gic_eff,neural_ode_h2,0.06623110698296995
missing_neural_feedback,5,gic_eff,seir,3.728073441485475e-16
missing_neural_feedback,5,gic_eff,sir,7.090692111080188e-32
missing_neural_feedback,5,gic_eff,tv_sir,0.3195625632355737
missing_neural_feedback,5,gic_eff,ude_sir_h2,0.6142063297814561
missing_neural_feedback,5,gic_vol_025,neural_ode_h2,0.09155919016269108
missing_neural_feedback,5,gic_vol_025,seir,9.974890298799746e-16
missing_neural_feedback,5,gic_vol_025,sir,1.952835691895511e-31
missing_neural_feedback,5,gic_vol_025,tv_sir,0.3005712819640577
missing_neural_feedback,5,gic_vol_025,ude_sir_h2,0.6078695278732503
missing_neural_feedback,5,gic_vol_050,neural_ode_h2,0.12521094134147814
missing_neural_feedback,5,gic_vol_050,seir,2.640171910404619e-15
missing_neural_feedback,5,gic_vol_050,sir,5.320386577934363e-31
missing_neural_feedback,5,gic_vol_050,tv_sir,0.27966587732665993
missing_neural_feedback,5,gic_vol_050,ude_sir_h2,0.5951231813318593
missing_neural_feedback,5,gic_vol_100,neural_ode_h2,0.22371614014184235
missing_neural_feedback,5,gic_vol_100,seir,1.7670739453652726e-14
missing_neural_feedback,5,gic_vol_100,sir,3.7728759027599436e-30
missing_neural_feedback,5,gic_vol_100,tv_sir,0.23131182495233585
missing_neural_feedback,5,gic_vol_100,ude_sir_h2,0.544972034905804
missing_neural_feedback,5,ogic_e,neural_ode_h2,1.6596065572000518e-08
missing_neural_feedback,5,ogic_e,seir,7.357927888543467e-15
missing_neural_feedback,5,ogic_e,sir,4.859248325855367e-31
missing_neural_feedback,5,ogic_e,tv_sir,0.6192323060380185
missing_neural_feedback,5,ogic_e,ude_sir_h2,0.38076767736590855
missing_neural_feedback,6,aic,neural_ode_h2,3.563403396435222e-05
missing_neural_feedback,6,aic,seir,2.2305990023234642e-26
missing_neural_feedback,6,aic,sir,9.81376893737543e-47
missing_neural_feedback,6,aic,tv_sir,0.9968553259240436
missing_neural_feedback,6,aic,ude_sir_h2,0.0031090400419922035
missing_neural_feedback,6,aicc,neural_ode_h2,4.7765659943740785e-09
missing_neural_feedback,6,aicc,seir,2.905930790643597e-26
missing_neural_feedback,6,aicc,sir,1.541645980492026e-46
missing_neural_feedback,6,aicc,tv_sir,0.9999703236566024
missing_neural_feedback,6,aicc,ude_sir_h2,2.9671566831679648e-05
missing_neural_feedback,6,bic,neural_ode_h2,1.1354401023560924e-08
missing_neural_feedback,6,bic,seir,5.0071537185960886e-26
missing_neural_feedback,6,bic,sir,4.929599413273291e-46
missing_neural_feedback,6,bic,tv_sir,0.9999888880905434
missing_neural_feedback,6,bic,ude_sir_h2,1.110055505567247e-05
missing_neural_feedback,6,blocked_validation,neural_ode_h2,1.2749999956144206e-27
missing_neural_feedback,6,blocked_validation,seir,2.3049517566300985e-91
missing_neural_feedback,6,blocked_validation,sir,1.5742395778973015e-170
missing_neural_feedback,6,blocked_validation,tv_sir,0.5154331112360299
missing_neural_feedback,6,blocked_validation,ude_sir_h2,0.4845668887639701
missing_neural_feedback,6,waic_laplace,neural_ode_h2,9.85967654375977e-305
missing_neural_feedback,6,waic_laplace,seir,9.85967654375977e-305
missing_neural_feedback,6,waic_laplace,sir,9.13691347822611e-51
missing_neural_feedback,6,waic_laplace,tv_sir,1.0
missing_neural_feedback,6,waic_laplace,ude_sir_h2,9.85967654375977e-305
missing_neural_feedback,6,ogic_p,neural_ode_h2,0.05214086795834338
missing_neural_feedback,6,ogic_p,seir,6.127285071367636e-27
missing_neural_feedback,6,ogic_p,sir,1.8973344695633853e-47
missing_neural_feedback,6,ogic_p,tv_sir,0.23295816752968038
missing_neural_feedback,6,ogic_p,ude_sir_h2,0.7149009645119762
missing_neural_feedback,6,gic_eff,neural_ode_h2,0.020872001643391803
missing_neural_feedback,6,gic_eff,seir,1.721900870552682e-26
missing_neural_feedback,6,gic_eff,sir,8.991389753887356e-47
missing_neural_feedback,6,gic_eff,tv_sir,0.2568430259416564
missing_neural_feedback,6,gic_eff,ude_sir_h2,0.7222849724149518
missing_neural_feedback,6,gic_vol_025,neural_ode_h2,0.027097054126143858
missing_neural_feedback,6,gic_vol_025,seir,5.048285224364696e-26
missing_neural_feedback,6,gic_vol_025,sir,2.7154419231525e-46
missing_neural_feedback,6,gic_vol_025,tv_sir,0.2517168359271913
missing_neural_feedback,6,gic_vol_025,ude_sir_h2,0.7211861099466649
missing_neural_feedback,6,gic_vol_050,neural_ode_h2,0.03510988557854534
missing_neural_feedback,6,gic_vol_050,seir,1.4771649004050412e-25
missing_neural_feedback,6,gic_vol_050,sir,8.184715170911792e-46
missing_neural_feedback,6,gic_vol_050,tv_sir,0.24621023745967974
missing_neural_feedback,6,gic_vol_050,ude_sir_h2,0.7186798769617749
missing_neural_feedback,6,gic_vol_100,neural_ode_h2,0.058465546544760556
missing_neural_feedback,6,gic_vol_100,seir,1.2544550367883276e-24
missing_neural_feedback,6,gic_vol_100,sir,7.375400413478116e-45
missing_neural_feedback,6,gic_vol_100,tv_sir,0.23364135814746329
missing_neural_feedback,6,gic_vol_100,ude_sir_h2,0.7078930953077761
missing_neural_feedback,6,ogic_e,neural_ode_h2,3.024122629475767e-09
missing_neural_feedback,6,ogic_e,seir,4.484213163670239e-25
missing_neural_feedback,6,ogic_e,sir,8.208932639089929e-46
missing_neural_feedback,6,ogic_e,tv_sir,0.6276658181048972
missing_neural_feedback,6,ogic_e,ude_sir_h2,0.3723341788709802
missing_neural_feedback,7,aic,neural_ode_h2,1.8211767761121892e-05
missing_neural_feedback,7,aic,seir,1.3960788279710103e-24
missing_neural_feedback,7,aic,sir,3.548584169213697e-44
missing_neural_feedback,7,aic,tv_sir,0.9992884926210066
missing_neural_feedback,7,aic,ude_sir_h2,0.0006932956112322956
missing_neural_feedback,7,aicc,neural_ode_h2,2.4353095080969974e-09
missing_neural_feedback,7,aicc,seir,1.8143663053490664e-24
missing_neural_feedback,7,aicc,sir,5.561029581691356e-44
missing_neural_feedback,7,aicc,tv_sir,0.999993396957567
missing_neural_feedback,7,aicc,ude_sir_h2,6.600607123606378e-06
missing_neural_feedback,7,bic,neural_ode_h2,5.7889039124778414e-09
missing_neural_feedback,7,bic,seir,3.1262547155438446e-24
missing_neural_feedback,7,bic,sir,1.7781807720541595e-43
missing_neural_feedback,7,bic,tv_sir,0.9999975248657661
missing_neural_feedback,7,bic,ude_sir_h2,2.4693453299352246e-06
missing_neural_feedback,7,blocked_validation,neural_ode_h2,3.0988268781237876e-26
missing_neural_feedback,7,blocked_validation,seir,8.09575563177559e-138
missing_neural_feedback,7,blocked_validation,sir,2.9548128423227337e-236
missing_neural_feedback,7,blocked_validation,tv_sir,0.9999999800820798
missing_neural_feedback,7,blocked_validation,ude_sir_h2,1.991792015712158e-08
missing_neural_feedback,7,waic_laplace,neural_ode_h2,9.85967654375977e-305
missing_neural_feedback,7,waic_laplace,seir,9.85967654375977e-305
missing_neural_feedback,7,waic_laplace,sir,8.833128964651497e-47
missing_neural_feedback,7,waic_laplace,tv_sir,1.0
missing_neural_feedback,7,waic_laplace,ude_sir_h2,9.85967654375977e-305
missing_neural_feedback,7,ogic_p,neural_ode_h2,0.06703504116694116
missing_neural_feedback,7,ogic_p,seir,9.192683708482633e-25
missing_neural_feedback,7,ogic_p,sir,1.6388715805047723e-44
missing_neural_feedback,7,ogic_p,tv_sir,0.549212865713446
missing_neural_feedback,7,ogic_p,ude_sir_h2,0.383752093119613
missing_neural_feedback,7,gic_eff,neural_ode_h2,0.027533278886098425
missing_neural_feedback,7,gic_eff,seir,2.5496328403235515e-24
missing_neural_feedback,7,gic_eff,sir,7.643841425745822e-44
missing_neural_feedback,7,gic_eff,tv_sir,0.5885117897236936
missing_neural_feedback,7,gic_eff,ude_sir_h2,0.38395493139020803
missing_neural_feedback,7,gic_vol_025,neural_ode_h2,0.03853165508576038
missing_neural_feedback,7,gic_vol_025,seir,7.612880687856212e-24
missing_neural_feedback,7,gic_vol_025,sir,2.3452328920005028e-43
missing_neural_feedback,7,gic_vol_025,tv_sir,0.5751969652099673
missing_neural_feedback,7,gic_vol_025,ude_sir_h2,0.3862713797042722
missing_neural_feedback,7,gic_vol_050,neural_ode_h2,0.05367070175116308
missing_neural_feedback,7,gic_vol_050,seir,2.2624567293515794e-23
missing_neural_feedback,7,gic_vol_050,sir,7.1617666048084845e-43
missing_neural_feedback,7,gic_vol_050,tv_sir,0.5595486907507702
missing_neural_feedback,7,gic_vol_050,ude_sir_h2,0.38678060749806675
missing_neural_feedback,7,gic_vol_100,neural_ode_h2,0.10194356979598332
missing_neural_feedback,7,gic_vol_100,seir,1.9562580539970556e-22
missing_neural_feedback,7,gic_vol_100,sir,6.538405963740819e-42
missing_neural_feedback,7,gic_vol_100,tv_sir,0.5183986046099626
missing_neural_feedback,7,gic_vol_100,ude_sir_h2,0.3796578255940541
missing_neural_feedback,7,ogic_e,neural_ode_h2,3.630407178057926e-09
missing_neural_feedback,7,ogic_e,seir,4.1676439133268335e-23
missing_neural_feedback,7,ogic_e,sir,4.385578588975147e-43
missing_neural_feedback,7,ogic_e,tv_sir,0.8647920809552025
missing_neural_feedback,7,ogic_e,ude_sir_h2,0.13520791541439045
missing_neural_feedback,8,aic,neural_ode_h2,0.0001265879116362077
missing_neural_feedback,8,aic,seir,7.241622479910255e-22
missing_neural_feedback,8,aic,sir,1.1736360316147185e-39
missing_neural_feedback,8,aic,tv_sir,0.9987831755474216
missing_neural_feedback,8,aic,ude_sir_h2,0.0010902365409421499
missing_neural_feedback,8,aicc,neural_ode_h2,1.6936057304574372e-08
missing_neural_feedback,8,aicc,seir,9.416053770990439e-22
missing_neural_feedback,8,aicc,sir,1.8401428866147136e-39
missing_neural_feedback,8,aicc,tv_sir,0.9999895981193169
missing_neural_feedback,8,aicc,ude_sir_h2,1.0384944625669111e-05
missing_neural_feedback,8,bic,neural_ode_h2,4.0258307344323265e-08
missing_neural_feedback,8,bic,seir,1.6224425879905152e-21
missing_neural_feedback,8,bic,sir,5.884008232164931e-39
missing_neural_feedback,8,bic,tv_sir,0.9999960746332077
missing_neural_feedback,8,bic,ude_sir_h2,3.8851084849114915e-06
missing_neural_feedback,8,blocked_validation,neural_ode_h2,5.823235689898046e-12
missing_neural_feedback,8,blocked_validation,seir,8.524020621780572e-94
missing_neural_feedback,8,blocked_validation,sir,3.3626217771257876e-183
missing_neural_feedback,8,blocked_validation,tv_sir,0.8919646938294676
missing_neural_feedback,8,blocked_validation,ude_sir_h2,0.10803530616470915
missing_neural_feedback,8,waic_laplace,neural_ode_h2,9.85967654375977e-305
missing_neural_feedback,8,waic_laplace,seir,5.947677869438819e-240
missing_neural_feedback,8,waic_laplace,sir,6.769329110249405e-43
missing_neural_feedback,8,waic_laplace,tv_sir,1.0
missing_neural_feedback,8,waic_laplace,ude_sir_h2,9.85967654375977e-305
missing_neural_feedback,8,ogic_p,neural_ode_h2,0.28284665991564306
missing_neural_feedback,8,ogic_p,seir,2.998847392221661e-22
missing_neural_feedback,8,ogic_p,sir,3.4209766126263282e-40
missing_neural_feedback,8,ogic_p,tv_sir,0.3310254582226344
missing_neural_feedback,8,ogic_p,ude_sir_h2,0.3861278818617225
missing_neural_feedback,8,gic_eff,neural_ode_h2,0.13321526182976887
missing_neural_feedback,8,gic_eff,seir,9.81346013454934e-22
missing_neural_feedback,8,gic_eff,sir,1.887949312115331e-39
missing_neural_feedback,8,gic_eff,tv_sir,0.4045871921722237
missing_neural_feedback,8,gic_eff,ude_sir_h2,0.46219754599800744
missing_neural_feedback,8,gic_vol_025,neural_ode_h2,0.17704981959654578
missing_neural_feedback,8,gic_vol_025,seir,2.8936560729078727e-21
missing_neural_feedback,8,gic_vol_025,sir,5.7415219873282405e-39
missing_neural_feedback,8,gic_vol_025,tv_sir,0.3713953086301649
missing_neural_feedback,8,gic_vol_025,ude_sir_h2,0.4515548717732894
missing_neural_feedback,8,gic_vol_050,neural_ode_h2,0.23128567268416134
missing_neural_feedback,8,gic_vol_050,seir,8.386551084118791e-21
missing_neural_feedback,8,gic_vol_050,sir,1.7162299265895806e-38
missing_neural_feedback,8,gic_vol_050,tv_sir,0.3350984606980637
missing_neural_feedback,8,gic_vol_050,ude_sir_h2,0.433615866617775
missing_neural_feedback,8,gic_vol_100,neural_ode_h2,0.3697887869623173
missing_neural_feedback,8,gic_vol_100,seir,6.600166481877367e-20
missing_neural_feedback,8,gic_vol_100,sir,1.4367158092812714e-37
missing_neural_feedback,8,gic_vol_100,tv_sir,0.2555894920086227
missing_neural_feedback,8,gic_vol_100,ude_sir_h2,0.37462172102906
missing_neural_feedback,8,ogic_e,neural_ode_h2,7.165596710671383e-08
missing_neural_feedback,8,ogic_e,seir,2.6673933894425967e-20
missing_neural_feedback,8,ogic_e,sir,1.7932114027379874e-38
missing_neural_feedback,8,ogic_e,tv_sir,0.7626948281305819
missing_neural_feedback,8,ogic_e,ude_sir_h2,0.23730510021345105
missing_neural_feedback,9,aic,neural_ode_h2,0.0008967234948615324
missing_neural_feedback,9,aic,seir,8.200082949274373e-13
missing_neural_feedback,9,aic,sir,2.4286089091148024e-26
missing_neural_feedback,9,aic,tv_sir,0.9963912282859527
missing_neural_feedback,9,aic,ude_sir_h2,0.0027120482183657494
missing_neural_feedback,9,aicc,neural_ode_h2,1.202577764705651e-07
missing_neural_feedback,9,aicc,seir,1.0687738927693129e-12
missing_neural_feedback,9,aicc,sir,3.816895222959853e-26
missing_neural_feedback,9,aicc,tv_sir,0.9999739847719145
missing_neural_feedback,9,aicc,ude_sir_h2,2.589496924018799e-05
missing_neural_feedback,9,bic,neural_ode_h2,2.858646938139181e-07
missing_neural_feedback,9,bic,seir,1.8415791896654686e-12
missing_neural_feedback,9,bic,sir,1.220495316117103e-25
missing_neural_feedback,9,bic,tv_sir,0.999990026481708
missing_neural_feedback,9,bic,ude_sir_h2,9.68765175657869e-06
missing_neural_feedback,9,blocked_validation,neural_ode_h2,0.9353207646825337
missing_neural_feedback,9,blocked_validation,seir,2.81905168946507e-51
missing_neural_feedback,9,blocked_validation,sir,6.6524470608166185e-115
missing_neural_feedback,9,blocked_validation,tv_sir,0.06466945800179785
missing_neural_feedback,9,blocked_validation,ude_sir_h2,9.777315668494578e-06
missing_neural_feedback,9,waic_laplace,neural_ode_h2,9.85967654375977e-305
missing_neural_feedback,9,waic_laplace,seir,9.85967654375977e-305
missing_neural_feedback,9,waic_laplace,sir,2.6306171589268864e-28
missing_neural_feedback,9,waic_laplace,tv_sir,1.0
missing_neural_feedback,9,waic_laplace,ude_sir_h2,9.85967654375977e-305
missing_neural_feedback,9,ogic_p,neural_ode_h2,0.6533129960174578
missing_neural_feedback,9,ogic_p,seir,8.34134389470791e-14
missing_neural_feedback,9,ogic_p,sir,1.729005669961235e-27
missing_neural_feedback,9,ogic_p,tv_sir,0.08387056607703657
missing_neural_feedback,9,ogic_p,ude_sir_h2,0.26281643790542203
missing_neural_feedback,9,gic_eff,neural_ode_h2,0.46293141098631135
missing_neural_feedback,9,gic_eff,seir,3.2690462419636783e-13
missing_neural_feedback,9,gic_eff,sir,1.1375189852030917e-26
missing_neural_feedback,9,gic_eff,tv_sir,0.1261097937619165
missing_neural_feedback,9,gic_eff,ude_sir_h2,0.4109587952514452
missing_neural_feedback,9,gic_vol_025,neural_ode_h2,0.5428774392687767
missing_neural_feedback,9,gic_vol_025,seir,7.72932388654364e-13
missing_neural_feedback,9,gic_vol_025,sir,2.7622093821279846e-26
missing_neural_feedback,9,gic_vol_025,tv_sir,0.0972110372708918
missing_neural_feedback,9,gic_vol_025,ude_sir_h2,0.35991152345955857
missing_neural_feedback,9,gic_vol_050,neural_ode_h2,0.6200318539073156
missing_neural_feedback,9,gic_vol_050,seir,1.7798729894058937e-12
missing_neural_feedback,9,gic_vol_050,sir,6.532532849706436e-26
missing_neural_feedback,9,gic_vol_050,tv_sir,0.07298093161725522
missing_neural_feedback,9,gic_vol_050,ude_sir_h2,0.30698721447364924
missing_neural_feedback,9,gic_vol_100,neural_ode_h2,0.7535800952040536
missing_neural_feedback,9,gic_vol_100,seir,8.79376844525274e-12
missing_neural_feedback,9,gic_vol_100,sir,3.404259166941846e-25
missing_neural_feedback,9,gic_vol_100,tv_sir,0.03832551991856163
missing_neural_feedback,9,gic_vol_100,ude_sir_h2,0.208094384868591
missing_neural_feedback,9,ogic_e,neural_ode_h2,1.151877160493947e-06
missing_neural_feedback,9,ogic_e,seir,1.2957020973847167e-11
missing_neural_feedback,9,ogic_e,sir,1.59750571107654e-25
missing_neural_feedback,9,ogic_e,tv_sir,0.45909545378835936
missing_neural_feedback,9,ogic_e,ude_sir_h2,0.540903394321523
missing_neural_feedback,10,aic,neural_ode_h2,9.266969770714128e-05
missing_neural_feedback,10,aic,seir,5.674729145631816e-19
missing_neural_feedback,10,aic,sir,8.202431878559445e-36
missing_neural_feedback,10,aic,tv_sir,0.9980852907705049
missing_neural_feedback,10,aic,ude_sir_h2,0.0018220395317877338
missing_neural_feedback,10,aicc,neural_ode_h2,1.240675933154858e-08
missing_neural_feedback,10,aicc,seir,7.383779503328342e-19
missing_neural_feedback,10,aicc,sir,1.2869488239855158e-35
missing_neural_feedback,10,aicc,tv_sir,0.9999826199144359
missing_neural_feedback,10,aicc,ude_sir_h2,1.7367678804737244e-05
missing_neural_feedback,10,bic,neural_ode_h2,2.9491947706624243e-08
missing_neural_feedback,10,bic,seir,1.2722751005918275e-18
missing_neural_feedback,10,bic,sir,4.115142727335631e-35
missing_neural_feedback,10,bic,tv_sir,0.9999934730625634
missing_neural_feedback,10,bic,ude_sir_h2,6.497445488709444e-06
missing_neural_feedback,10,blocked_validation,neural_ode_h2,8.81923671017475e-07
missing_neural_feedback,10,blocked_validation,seir,1.1598232680832857e-62
missing_neural_feedback,10,blocked_validation,sir,2.8097571401018267e-139
missing_neural_feedback,10,blocked_validation,tv_sir,0.6477678134267627
missing_neural_feedback,10,blocked_validation,ude_sir_h2,0.35223130464956626
missing_neural_feedback,10,waic_laplace,neural_ode_h2,9.85967654375977e-305
missing_neural_feedback,10,waic_laplace,seir,1.3539335457452102e-214
missing_neural_feedback,10,waic_laplace,sir,8.646135418429385e-39
missing_neural_feedback,10,waic_laplace,tv_sir,1.0
missing_neural_feedback,10,waic_laplace,ude_sir_h2,9.85967654375977e-305
missing_neural_feedback,10,ogic_p,neural_ode_h2,0.21404608390286492
missing_neural_feedback,10,ogic_p,seir,1.8880947346192332e-19
missing_neural_feedback,10,ogic_p,sir,1.9142810595201042e-36
missing_neural_feedback,10,ogic_p,tv_sir,0.2817376699829285
missing_neural_feedback,10,ogic_p,ude_sir_h2,0.5042162461142066
missing_neural_feedback,10,gic_eff,neural_ode_h2,0.11493199743562355
missing_neural_feedback,10,gic_eff,seir,5.749954156379741e-19
missing_neural_feedback,10,gic_eff,sir,9.803913264246681e-36
missing_neural_feedback,10,gic_eff,tv_sir,0.3358677139289016
missing_neural_feedback,10,gic_eff,ude_sir_h2,0.5492002886354749
missing_neural_feedback,10,gic_vol_025,neural_ode_h2,0.1580510102995096
missing_neural_feedback,10,gic_vol_025,seir,1.5947514859969385e-18
missing_neural_feedback,10,gic_vol_025,sir,2.792820627013131e-35
missing_neural_feedback,10,gic_vol_025,tv_sir,0.31053294916425295
missing_neural_feedback,10,gic_vol_025,ude_sir_h2,0.5314160405362375
missing_neural_feedback,10,gic_vol_050,neural_ode_h2,0.2133647632885304
missing_neural_feedback,10,gic_vol_050,seir,4.3420092970088455e-18
missing_neural_feedback,10,gic_vol_050,sir,7.810084390194454e-35
missing_neural_feedback,10,gic_vol_050,tv_sir,0.2818488178479654
missing_neural_feedback,10,gic_vol_050,ude_sir_h2,0.5047864188635042
missing_neural_feedback,10,gic_vol_100,neural_ode_h2,0.36121298882249164
missing_neural_feedback,10,gic_vol_100,seir,2.990033351546251e-17
missing_neural_feedback,10,gic_vol_100,sir,5.6737593240216075e-34
missing_neural_feedback,10,gic_vol_100,tv_sir,0.21568656481839688
missing_neural_feedback,10,gic_vol_100,ude_sir_h2,0.4231004463591114
missing_neural_feedback,10,ogic_e,neural_ode_h2,5.900279647922923e-08
missing_neural_feedback,10,ogic_e,seir,1.25692916262199e-17
missing_neural_feedback,10,ogic_e,sir,7.571341455507176e-35
missing_neural_feedback,10,ogic_e,tv_sir,0.7077786922508112
missing_neural_feedback,10,ogic_e,ude_sir_h2,0.2922212487463922
missing_neural_feedback,11,aic,neural_ode_h2,9.502061740586254e-05
missing_neural_feedback,11,aic,seir,8.02026313095238e-16
missing_neural_feedback,11,aic,sir,3.2839162217806288e-31
missing_neural_feedback,11,aic,tv_sir,0.9991102995131147
missing_neural_feedback,11,aic,ude_sir_h2,0.0007946798694786088
missing_neural_feedback,11,aicc,neural_ode_h2,1.2708577300401223e-08
missing_neural_feedback,11,aicc,seir,1.042511067178357e-15
missing_neural_feedback,11,aicc,sir,5.147178027037283e-31
missing_neural_feedback,11,aicc,tv_sir,0.9999924201008629
missing_neural_feedback,11,aicc,ude_sir_h2,7.567190558535091e-06
missing_neural_feedback,11,bic,neural_ode_h2,3.020920999100159e-08
missing_neural_feedback,11,bic,seir,1.7963059916744174e-15
missing_neural_feedback,11,bic,sir,1.645849616736472e-30
missing_neural_feedback,11,bic,tv_sir,0.9999971388363992
missing_neural_feedback,11,bic,ude_sir_h2,2.830954389019306e-06
missing_neural_feedback,11,blocked_validation,neural_ode_h2,0.04895838899445226
missing_neural_feedback,11,blocked_validation,seir,2.8665744520109225e-74
missing_neural_feedback,11,blocked_validation,sir,5.985395229693201e-165
missing_neural_feedback,11,blocked_validation,tv_sir,0.9510408957495261
missing_neural_feedback,11,blocked_validation,ude_sir_h2,7.152560216303512e-07
missing_neural_feedback,11,waic_laplace,neural_ode_h2,9.85967654375977e-305
missing_neural_feedback,11,waic_laplace,seir,9.612918781878518e-97
missing_neural_feedback,11,waic_laplace,sir,1.9279527653030096e-33
missing_neural_feedback,11,waic_laplace,tv_sir,1.0
missing_neural_feedback,11,waic_laplace,ude_sir_h2,9.85967654375977e-305
missing_neural_feedback,11,ogic_p,neural_ode_h2,0.2962354990792458
missing_neural_feedback,11,ogic_p,seir,3.404840614094837e-16
missing_neural_feedback,11,ogic_p,sir,9.913785342122647e-32
missing_neural_feedback,11,ogic_p,tv_sir,0.335786688125283
missing_neural_feedback,11,ogic_p,ude_sir_h2,0.36797781279547087
missing_neural_feedback,11,gic_eff,neural_ode_h2,0.1594720389890745
missing_neural_feedback,11,gic_eff,seir,9.935316548739569e-16
missing_neural_feedback,11,gic_eff,sir,4.918967737118404e-31
missing_neural_feedback,11,gic_eff,tv_sir,0.36276189075442244
missing_neural_feedback,11,gic_eff,ude_sir_h2,0.4777660702565021
missing_neural_feedback,11,gic_vol_025,neural_ode_h2,0.21999519652045962
missing_neural_feedback,11,gic_vol_025,seir,2.768073260304327e-15
missing_neural_feedback,11,gic_vol_025,sir,1.4218558594326212e-30
missing_neural_feedback,11,gic_vol_025,tv_sir,0.3077631224604817
missing_neural_feedback,11,gic_vol_025,ude_sir_h2,0.4722416810190559
missing_neural_feedback,11,gic_vol_050,neural_ode_h2,0.2942567515048518
missing_neural_feedback,11,gic_vol_050,seir,7.4775278291028e-15
missing_neural_feedback,11,gic_vol_050,sir,3.98493972365161e-30
missing_neural_feedback,11,gic_vol_050,tv_sir,0.25316058400414554
missing_neural_feedback,11,gic_vol_050,ude_sir_h2,0.4525826644909952
missing_neural_feedback,11,gic_vol_100,neural_ode_h2,0.4728137533528036
missing_neural_feedback,11,gic_vol_100,seir,4.900677717186228e-14
missing_neural_feedback,11,gic_vol_100,sir,2.8111972209217316e-29
missing_neural_feedback,11,gic_vol_100,tv_sir,0.1538481564658869
missing_neural_feedback,11,gic_vol_100,ude_sir_h2,0.3733380901812604
missing_neural_feedback,11,ogic_e,neural_ode_h2,3.182183691898439e-07
missing_neural_feedback,11,ogic_e,seir,3.5770441685125947e-14
missing_neural_feedback,11,ogic_e,sir,6.143103881428977e-30
missing_neural_feedback,11,ogic_e,tv_sir,0.7420303736428541
missing_neural_feedback,11,ogic_e,ude_sir_h2,0.25796930813874097
missing_neural_feedback,12,aic,neural_ode_h2,0.0012218320972015484
missing_neural_feedback,12,aic,seir,6.3940859310903275e-22
missing_neural_feedback,12,aic,sir,6.35878863565001e-39
missing_neural_feedback,12,aic,tv_sir,0.995286172965984
missing_neural_feedback,12,aic,ude_sir_h2,0.003491994936814454
missing_neural_feedback,12,aicc,neural_ode_h2,1.6403812865645423e-07
missing_neural_feedback,12,aicc,seir,8.343047481090339e-22
missing_neural_feedback,12,aicc,sir,1.0004737528640776e-38
missing_neural_feedback,12,aicc,tv_sir,0.999966457197657
missing_neural_feedback,12,aicc,ude_sir_h2,3.337876421435707e-05
missing_neural_feedback,12,bic,neural_ode_h2,3.8993674774146905e-07
missing_neural_feedback,12,bic,seir,1.4375775611925344e-21
missing_neural_feedback,12,bic,sir,3.199142507233908e-38
missing_neural_feedback,12,bic,tv_sir,0.9999871225667061
missing_neural_feedback,12,bic,ude_sir_h2,1.2487496546317118e-05
missing_neural_feedback,12,blocked_validation,neural_ode_h2,1.6334383579455136e-10
missing_neural_feedback,12,blocked_validation,seir,1.0851189566224413e-79
missing_neural_feedback,12,blocked_validation,sir,5.896419716464584e-160
missing_neural_feedback,12,blocked_validation,tv_sir,0.2274664871403781
missing_neural_feedback,12,blocked_validation,ude_sir_h2,0.7725335126962781
missing_neural_feedback,12,waic_laplace,neural_ode_h2,9.85967654375977e-305
missing_neural_feedback,12,waic_laplace,seir,9.85967654375977e-305
missing_neural_feedback,12,waic_laplace,sir,1.6800111475368611e-41
missing_neural_feedback,12,waic_laplace,tv_sir,1.0
missing_neural_feedback,12,waic_laplace,ude_sir_h2,9.85967654375977e-305
missing_neural_feedback,12,ogic_p,neural_ode_h2,0.6349572375180867
missing_neural_feedback,12,ogic_p,seir,6.190335217191743e-23
missing_neural_feedback,12,ogic_p,sir,4.329213216909753e-40
missing_neural_feedback,12,ogic_p,tv_sir,0.07897367491087187
missing_neural_feedback,12,ogic_p,ude_sir_h2,0.2860690875710414
missing_neural_feedback,12,gic_eff,neural_ode_h2,0.40479974617347003
missing_neural_feedback,12,gic_eff,seir,2.7534773157549517e-22
missing_neural_feedback,12,gic_eff,sir,3.24509279869026e-39
missing_neural_feedback,12,gic_eff,tv_sir,0.13373669440515312
missing_neural_feedback,12,gic_eff,ude_sir_h2,0.4614635594213768
missing_neural_feedback,12,gic_vol_025,neural_ode_h2,0.4731710994253219
missing_neural_feedback,12,gic_vol_025,seir,7.203601742558854e-22
missing_neural_feedback,12,gic_vol_025,sir,8.751503150667233e-39
missing_neural_feedback,12,gic_vol_025,tv_sir,0.11230247209651453
missing_neural_feedback,12,gic_vol_025,ude_sir_h2,0.4145264284781637
missing_neural_feedback,12,gic_vol_050,neural_ode_h2,0.5423745327795574
missing_neural_feedback,12,gic_vol_050,seir,1.8480809275587244e-21
missing_neural_feedback,12,gic_vol_050,sir,2.314415266563383e-38
missing_neural_feedback,12,gic_vol_050,tv_sir,0.09247644954243432
missing_neural_feedback,12,gic_vol_050,ude_sir_h2,0.36514901767800834
missing_neural_feedback,12,gic_vol_100,neural_ode_h2,0.6731321647482658
missing_neural_feedback,12,gic_vol_100,seir,1.1489535303972366e-20
missing_neural_feedback,12,gic_vol_100,sir,1.5289646580074391e-37
missing_neural_feedback,12,gic_vol_100,tv_sir,0.05923163314258199
missing_neural_feedback,12,gic_vol_100,ude_sir_h2,0.2676362021091523
missing_neural_feedback,12,ogic_e,neural_ode_h2,5.361338512464277e-07
missing_neural_feedback,12,ogic_e,seir,1.2393368643171123e-20
missing_neural_feedback,12,ogic_e,sir,5.096603998896136e-38
missing_neural_feedback,12,ogic_e,tv_sir,0.5008125670525085
missing_neural_feedback,12,ogic_e,ude_sir_h2,0.4991868968136403
missing_neural_feedback,13,aic,neural_ode_h2,0.00033402531559718803
missing_neural_feedback,13,aic,seir,1.5328231992087804e-22
missing_neural_feedback,13,aic,sir,7.18589246978566e-40
missing_neural_feedback,13,aic,tv_sir,0.9958694212319696
missing_neural_feedback,13,aic,ude_sir_h2,0.003796553452433134
missing_neural_feedback,13,aicc,neural_ode_h2,4.481847030053988e-08
missing_neural_feedback,13,aicc,seir,1.9988614006717613e-22
missing_neural_feedback,13,aicc,sir,1.129942631236455e-39
missing_neural_feedback,13,aicc,tv_sir,0.9999636866027863
missing_neural_feedback,13,aicc,ude_sir_h2,3.626857874341206e-05
missing_neural_feedback,13,bic,neural_ode_h2,1.0653866372748139e-07
missing_neural_feedback,13,bic,seir,3.44421384788567e-22
missing_neural_feedback,13,bic,sir,3.6131428973742356e-39
missing_neural_feedback,13,bic,tv_sir,0.9999863248150425
missing_neural_feedback,13,bic,ude_sir_h2,1.3568646293723286e-05
missing_neural_feedback,13,blocked_validation,neural_ode_h2,7.99433112118012e-06
missing_neural_feedback,13,blocked_validation,seir,4.948001000463042e-126
missing_neural_feedback,13,blocked_validation,sir,6.967624448432476e-218
missing_neural_feedback,13,blocked_validation,tv_sir,0.3243643693869585
missing_neural_feedback,13,blocked_validation,ude_sir_h2,0.6756276362819204
missing_neural_feedback,13,waic_laplace,neural_ode_h2,9.85967654375977e-305
missing_neural_feedback,13,waic_laplace,seir,9.85967654375977e-305
missing_neural_feedback,13,waic_laplace,sir,7.550816553868401e-44
missing_neural_feedback,13,waic_laplace,tv_sir,1.0
missing_neural_feedback,13,waic_laplace,ude_sir_h2,9.85967654375977e-305
missing_neural_feedback,13,ogic_p,neural_ode_h2,0.36909493376232344
missing_neural_feedback,13,ogic_p,seir,2.392281691594621e-23
missing_neural_feedback,13,ogic_p,sir,7.87923434219182e-41
missing_neural_feedback,13,ogic_p,tv_sir,0.1243577100203209
missing_neural_feedback,13,ogic_p,ude_sir_h2,0.5065473562173556
missing_neural_feedback,13,gic_eff,neural_ode_h2,0.22203449318947896
missing_neural_feedback,13,gic_eff,seir,8.033724055306487e-23
missing_neural_feedback,13,gic_eff,sir,4.455582422180029e-40
missing_neural_feedback,13,gic_eff,tv_sir,0.15594170701886317
missing_neural_feedback,13,gic_eff,ude_sir_h2,0.6220237997916578
missing_neural_feedback,13,gic_vol_025,neural_ode_h2,0.2993800147989971
missing_neural_feedback,13,gic_vol_025,seir,2.265934094326423e-22
missing_neural_feedback,13,gic_vol_025,sir,1.2944718228636594e-39
missing_neural_feedback,13,gic_vol_025,tv_sir,0.1369484197609293
missing_neural_feedback,13,gic_vol_025,ude_sir_h2,0.5636715654400737
missing_neural_feedback,13,gic_vol_050,neural_ode_h2,0.39011968387837903
missing_neural_feedback,13,gic_vol_050,seir,6.176612243046604e-22
missing_neural_feedback,13,gic_vol_050,sir,3.6345732103903503e-39
missing_neural_feedback,13,gic_vol_050,tv_sir,0.11623166710341686
missing_neural_feedback,13,gic_vol_050,ude_sir_h2,0.49364864901820404
missing_neural_feedback,13,gic_vol_100,neural_ode_h2,0.588949373513
missing_neural_feedback,13,gic_vol_100,seir,4.080246961027394e-21
missing_neural_feedback,13,gic_vol_100,sir,2.547446341253426e-38
missing_neural_feedback,13,gic_vol_100,tv_sir,0.07443708102553477
missing_neural_feedback,13,gic_vol_100,ude_sir_h2,0.3366135454614652
missing_neural_feedback,13,ogic_e,neural_ode_h2,4.499453036313246e-07
missing_neural_feedback,13,ogic_e,seir,4.0591480311664105e-21
missing_neural_feedback,13,ogic_e,sir,7.841736307955021e-39
missing_neural_feedback,13,ogic_e,tv_sir,0.5541811234716327
missing_neural_feedback,13,ogic_e,ude_sir_h2,0.4458184265830637
missing_neural_feedback,14,aic,neural_ode_h2,6.0706019222819325e-05
missing_neural_feedback,14,aic,seir,3.573339365247022e-16
missing_neural_feedback,14,aic,sir,6.210996293090427e-32
missing_neural_feedback,14,aic,tv_sir,0.9973556157909649
missing_neural_feedback,14,aic,ude_sir_h2,0.002583678189811832
missing_neural_feedback,14,aicc,neural_ode_h2,8.133300632473737e-09
missing_neural_feedback,14,aicc,seir,4.652884846121518e-16
missing_neural_feedback,14,aicc,sir,9.752015302934706e-32
missing_neural_feedback,14,aicc,tv_sir,0.9999753464105079
missing_neural_feedback,14,aicc,ude_sir_h2,2.464545619102446e-05
missing_neural_feedback,14,bic,neural_ode_h2,1.933365229171239e-08
missing_neural_feedback,14,bic,seir,8.017271552223146e-16
missing_neural_feedback,14,bic,sir,3.1183149743422315e-31
missing_neural_feedback,14,bic,tv_sir,0.9999907604797971
missing_neural_feedback,14,bic,ude_sir_h2,9.220186549992123e-06
missing_neural_feedback,14,blocked_validation,neural_ode_h2,5.577643656799348e-20
missing_neural_feedback,14,blocked_validation,seir,5.678878284608271e-53
missing_neural_feedback,14,blocked_validation,sir,1.5643204310270878e-122
missing_neural_feedback,14,blocked_validation,tv_sir,0.014024489324082066
missing_neural_feedback,14,blocked_validation,ude_sir_h2,0.9859755106759179
missing_neural_feedback,14,waic_laplace,neural_ode_h2,9.85967654375977e-305
missing_neural_feedback,14,waic_laplace,seir,3.3003518145092166e-219
missing_neural_feedback,14,waic_laplace,sir,1.8386064219127298e-34
missing_neural_feedback,14,waic_laplace,tv_sir,1.0
missing_neural_feedback,14,waic_laplace,ude_sir_h2,9.85967654375977e-305
missing_neural_feedback,14,ogic_p,neural_ode_h2,0.12434376537834813
missing_neural_feedback,14,ogic_p,seir,9.934250551471386e-17
missing_neural_feedback,14,ogic_p,sir,1.2129949410208783e-32
missing_neural_feedback,14,ogic_p,tv_sir,0.24326019875307175
missing_neural_feedback,14,ogic_p,ude_sir_h2,0.63239603586858
missing_neural_feedback,14,gic_eff,neural_ode_h2,0.06431387480833517
missing_neural_feedback,14,gic_eff,seir,2.77785279308807e-16
missing_neural_feedback,14,gic_eff,sir,5.710995062807479e-32
missing_neural_feedback,14,gic_eff,tv_sir,0.2735625534762017
missing_neural_feedback,14,gic_eff,ude_sir_h2,0.662123571715463
missing_neural_feedback,14,gic_vol_025,neural_ode_h2,0.08861738233789718
missing_neural_feedback,14,gic_vol_025,seir,7.520607438811047e-16
missing_neural_feedback,14,gic_vol_025,sir,1.587263146413584e-31
missing_neural_feedback,14,gic_vol_025,tv_sir,0.2534521602578475
missing_neural_feedback,14,gic_vol_025,ude_sir_h2,0.6579304574042546
missing_neural_feedback,14,gic_vol_050,neural_ode_h2,0.1208135477728587
missing_neural_feedback,14,gic_vol_050,seir,2.0145548281845876e-15
missing_neural_feedback,14,gic_vol_050,sir,4.364842326223542e-31
missing_neural_feedback,14,gic_vol_050,tv_sir,0.2323367043994326
missing_neural_feedback,14,gic_vol_050,ude_sir_h2,0.6468497478277067
missing_neural_feedback,14,gic_vol_100,neural_ode_h2,0.21487230782496383
missing_neural_feedback,14,gic_vol_100,seir,1.3832567700380415e-14
missing_neural_feedback,14,gic_vol_100,sir,3.1584876560886675e-30
missing_neural_feedback,14,gic_vol_100,tv_sir,0.18682407869508333
missing_neural_feedback,14,gic_vol_100,ude_sir_h2,0.5983036134799391
missing_neural_feedback,14,ogic_e,neural_ode_h2,3.266060675752056e-08
missing_neural_feedback,14,ogic_e,seir,5.6561019184737334e-15
missing_neural_feedback,14,ogic_e,sir,4.0844353549440544e-31
missing_neural_feedback,14,ogic_e,tv_sir,0.561691183415813
missing_neural_feedback,14,ogic_e,ude_sir_h2,0.43830878392357453
missing_neural_feedback,15,aic,neural_ode_h2,4.450297751189041e-05
missing_neural_feedback,15,aic,seir,7.058777096462377e-15
missing_neural_feedback,15,aic,sir,7.39010557102802e-31
missing_neural_feedback,15,aic,tv_sir,0.9983712519809297
missing_neural_feedback,15,aic,ude_sir_h2,0.0015842450415514743
missing_neural_feedback,15,aicc,neural_ode_h2,5.9564329519482754e-09
missing_neural_feedback,15,aicc,seir,9.182049438860917e-15
missing_neural_feedback,15,aicc,sir,1.159166615908027e-30
missing_neural_feedback,15,aicc,tv_sir,0.9999848973125411
missing_neural_feedback,15,aicc,ude_sir_h2,1.5096731016778243e-05
missing_neural_feedback,15,bic,neural_ode_h2,1.4158940003028294e-08
missing_neural_feedback,15,bic,seir,1.5821269266284796e-14
missing_neural_feedback,15,bic,sir,3.706541583084823e-30
missing_neural_feedback,15,bic,tv_sir,0.9999943379908398
missing_neural_feedback,15,bic,ude_sir_h2,5.647850204370797e-06
missing_neural_feedback,15,blocked_validation,neural_ode_h2,0.00046981038678802
missing_neural_feedback,15,blocked_validation,seir,9.212337933867713e-46
missing_neural_feedback,15,blocked_validation,sir,2.210557455444887e-104
missing_neural_feedback,15,blocked_validation,tv_sir,0.6182022735952442
missing_neural_feedback,15,blocked_validation,ude_sir_h2,0.38132791601796795
missing_neural_feedback,15,waic_laplace,neural_ode_h2,9.85967654375977e-305
missing_neural_feedback,15,waic_laplace,seir,9.941754324020016e-127
missing_neural_feedback,15,waic_laplace,sir,2.0992110381341324e-33
missing_neural_feedback,15,waic_laplace,tv_sir,1.0
missing_neural_feedback,15,waic_laplace,ude_sir_h2,9.85967654375977e-305
missing_neural_feedback,15,ogic_p,neural_ode_h2,0.10307403789464929
missing_neural_feedback,15,ogic_p,seir,2.8077186275341845e-15
missing_neural_feedback,15,ogic_p,sir,2.0575877125492292e-31
missing_neural_feedback,15,ogic_p,tv_sir,0.33489397049592745
missing_neural_feedback,15,ogic_p,ude_sir_h2,0.5620319916094204
missing_neural_feedback,15,gic_eff,neural_ode_h2,0.043952335104335064
missing_neural_feedback,15,gic_eff,seir,7.82336927883209e-15
missing_neural_feedback,15,gic_eff,sir,9.625563931206466e-31
missing_neural_feedback,15,gic_eff,tv_sir,0.3635214994518305
missing_neural_feedback,15,gic_eff,ude_sir_h2,0.5925261654438266
missing_neural_feedback,15,gic_vol_025,neural_ode_h2,0.05875394090434186
missing_neural_feedback,15,gic_vol_025,seir,2.1659872410871258e-14
missing_neural_feedback,15,gic_vol_025,sir,2.736571152958935e-30
missing_neural_feedback,15,gic_vol_025,tv_sir,0.3341837727626731
missing_neural_feedback,15,gic_vol_025,ude_sir_h2,0.6070622863329633
missing_neural_feedback,15,gic_vol_050,neural_ode_h2,0.07793937810893097
missing_neural_feedback,15,gic_vol_050,seir,5.950902612485655e-14
missing_neural_feedback,15,gic_vol_050,sir,7.720620250474043e-30
missing_neural_feedback,15,gic_vol_050,tv_sir,0.30486354789950276
missing_neural_feedback,15,gic_vol_050,ude_sir_h2,0.6171970739915068
missing_neural_feedback,15,gic_vol_100,neural_ode_h2,0.13330549347474965
missing_neural_feedback,15,gic_vol_100,seir,4.3660427480893377e-13
missing_neural_feedback,15,gic_vol_100,sir,5.973024940898214e-29
missing_neural_feedback,15,gic_vol_100,tv_sir,0.24660224488262966
missing_neural_feedback,15,gic_vol_100,ude_sir_h2,0.620092261642184
missing_neural_feedback,15,ogic_e,neural_ode_h2,8.57362583717154e-09
missing_neural_feedback,15,ogic_e,seir,1.418186026776906e-13
missing_neural_feedback,15,ogic_e,sir,6.1785268315066884e-30
missing_neural_feedback,15,ogic_e,tv_sir,0.6411418980387278
missing_neural_feedback,15,ogic_e,ude_sir_h2,0.35885809338750446
missing_neural_feedback,16,aic,neural_ode_h2,0.0001763839160448641
missing_neural_feedback,16,aic,seir,1.29479461483668e-20
missing_neural_feedback,16,aic,sir,1.2112111519891886e-37
missing_neural_feedback,16,aic,tv_sir,0.9938260404370454
missing_neural_feedback,16,aic,ude_sir_h2,0.0059975756469097
missing_neural_feedback,16,aicc,neural_ode_h2,2.3714800677061757e-08
missing_neural_feedback,16,aicc,seir,1.6918986851856317e-20
missing_neural_feedback,16,aicc,sir,1.9084394822583164e-37
missing_neural_feedback,16,aicc,tv_sir,0.9999425646912556
missing_neural_feedback,16,aicc,ude_sir_h2,5.741159394374998e-05
missing_neural_feedback,16,bic,neural_ode_h2,5.637355908810575e-08
missing_neural_feedback,16,bic,seir,2.915328778950553e-20
missing_neural_feedback,16,bic,sir,6.102571779231551e-37
missing_neural_feedback,16,bic,tv_sir,0.9999784647604346
missing_neural_feedback,16,bic,ude_sir_h2,2.147886600629463e-05
missing_neural_feedback,16,blocked_validation,neural_ode_h2,4.141367147974867e-30
missing_neural_feedback,16,blocked_validation,seir,6.114607775481684e-64
missing_neural_feedback,16,blocked_validation,sir,1.9046561957148556e-135
missing_neural_feedback,16,blocked_validation,tv_sir,0.0009466721953334526
missing_neural_feedback,16,blocked_validation,ude_sir_h2,0.9990533278046665
missing_neural_feedback,16,waic_laplace,neural_ode_h2,9.85967654375977e-305
missing_neural_feedback,16,waic_laplace,seir,1.2921810932798526e-245
missing_neural_feedback,16,waic_laplace,sir,3.193360902233265e-40
missing_neural_feedback,16,waic_laplace,tv_sir,1.0
missing_neural_feedback,16,waic_laplace,ude_sir_h2,9.85967654375977e-305
missing_neural_feedback,16,ogic_p,neural_ode_h2,0.14479337320855717
missing_neural_feedback,16,ogic_p,seir,1.770283417264902e-21
missing_neural_feedback,16,ogic_p,sir,1.1648305036405007e-38
missing_neural_feedback,16,ogic_p,tv_sir,0.1226778483121075
missing_neural_feedback,16,ogic_p,ude_sir_h2,0.7325287784793353
missing_neural_feedback,16,gic_eff,neural_ode_h2,0.06475951208519279
missing_neural_feedback,16,gic_eff,seir,5.047580483427687e-21
missing_neural_feedback,16,gic_eff,sir,5.59804273001454e-38
missing_neural_feedback,16,gic_eff,tv_sir,0.14396237685624175
missing_neural_feedback,16,gic_eff,ude_sir_h2,0.7912781110585655
missing_neural_feedback,16,gic_vol_025,neural_ode_h2,0.08226187053178337
missing_neural_feedback,16,gic_vol_025,seir,1.3582793111502114e-20
missing_neural_feedback,16,gic_vol_025,sir,1.5487913488743227e-37
missing_neural_feedback,16,gic_vol_025,tv_sir,0.13556993156200525
missing_neural_feedback,16,gic_vol_025,ude_sir_h2,0.7821681979062114
missing_neural_feedback,16,gic_vol_050,neural_ode_h2,0.10394111070537591
missing_neural_feedback,16,gic_vol_050,seir,3.6357053487274845e-20
missing_neural_feedback,16,gic_vol_050,sir,4.262293769922604e-37
missing_neural_feedback,16,gic_vol_050,tv_sir,0.12699057961617743
missing_neural_feedback,16,gic_vol_050,ude_sir_h2,0.7690683096784466
missing_neural_feedback,16,gic_vol_100,neural_ode_h2,0.16254887641425914
missing_neural_feedback,16,gic_vol_100,seir,2.5515667782592385e-19
missing_neural_feedback,16,gic_vol_100,sir,3.162011045075325e-36
missing_neural_feedback,16,gic_vol_100,tv_sir,0.10914575155815373
missing_neural_feedback,16,gic_vol_100,ude_sir_h2,0.728305372027587
missing_neural_feedback,16,ogic_e,neural_ode_h2,3.399304294631129e-08
missing_neural_feedback,16,ogic_e,seir,1.6407783126532849e-19
missing_neural_feedback,16,ogic_e,sir,6.339487564925939e-37
missing_neural_feedback,16,ogic_e,tv_sir,0.45158160172933853
missing_neural_feedback,16,ogic_e,ude_sir_h2,0.5484183642776186
missing_neural_feedback,17,aic,neural_ode_h2,2.9090381596822772e-05
missing_neural_feedback,17,aic,seir,1.392445381251695e-16
missing_neural_feedback,17,aic,sir,9.395305004631324e-33
missing_neural_feedback,17,aic,tv_sir,0.9992814690920004
missing_neural_feedback,17,aic,ude_sir_h2,0.0006894405264027746
missing_neural_feedback,17,aicc,neural_ode_h2,3.8900442973618775e-09
missing_neural_feedback,17,aicc,seir,1.8096570029885172e-16
missing_neural_feedback,17,aicc,sir,1.472360119803895e-32
missing_neural_feedback,17,aicc,tv_sir,0.9999934321592807
missing_neural_feedback,17,aicc,ude_sir_h2,6.563950674839292e-06
missing_neural_feedback,17,bic,neural_ode_h2,9.246911744100099e-09
missing_neural_feedback,17,bic,seir,3.11814024615527e-16
missing_neural_feedback,17,bic,sir,4.707981410279994e-32
missing_neural_feedback,17,bic,tv_sir,0.9999975351213201
missing_neural_feedback,17,bic,ude_sir_h2,2.4556317679511e-06
missing_neural_feedback,17,blocked_validation,neural_ode_h2,0.9999999910794285
missing_neural_feedback,17,blocked_validation,seir,1.1150764742456271e-72
missing_neural_feedback,17,blocked_validation,sir,8.661635879222506e-153
missing_neural_feedback,17,blocked_validation,tv_sir,8.92043829424784e-09
missing_neural_feedback,17,blocked_validation,ude_sir_h2,1.3327217838409044e-13
missing_neural_feedback,17,waic_laplace,neural_ode_h2,9.85967654375977e-305
missing_neural_feedback,17,waic_laplace,seir,1.861009847284916e-225
missing_neural_feedback,17,waic_laplace,sir,1.8298891692693494e-35
missing_neural_feedback,17,waic_laplace,tv_sir,1.0
missing_neural_feedback,17,waic_laplace,ude_sir_h2,9.85967654375977e-305
missing_neural_feedback,17,ogic_p,neural_ode_h2,0.10285065358114934
missing_neural_feedback,17,ogic_p,seir,8.470203806036242e-17
missing_neural_feedback,17,ogic_p,sir,4.0328048617098635e-33
missing_neural_feedback,17,ogic_p,tv_sir,0.48126310379852444
missing_neural_feedback,17,ogic_p,ude_sir_h2,0.41588624262032614
missing_neural_feedback,17,gic_eff,neural_ode_h2,0.04302492490941306
missing_neural_feedback,17,gic_eff,seir,2.318751305817241e-16
missing_neural_feedback,17,gic_eff,sir,1.8655711385511836e-32
missing_neural_feedback,17,gic_eff,tv_sir,0.48780481206625276
missing_neural_feedback,17,gic_eff,ude_sir_h2,0.469170263024334
missing_neural_feedback,17,gic_vol_025,neural_ode_h2,0.05989546982669678
missing_neural_feedback,17,gic_vol_025,seir,6.903176921530466e-16
missing_neural_feedback,17,gic_vol_025,sir,5.736390694885604e-32
missing_neural_feedback,17,gic_vol_025,tv_sir,0.4459935440123734
missing_neural_feedback,17,gic_vol_025,ude_sir_h2,0.494110986160929
missing_neural_feedback,17,gic_vol_050,neural_ode_h2,0.08243114384808747
missing_neural_feedback,17,gic_vol_050,seir,2.0317362632314567e-15
missing_neural_feedback,17,gic_vol_050,sir,1.7437696978596446e-31
missing_neural_feedback,17,gic_vol_050,tv_sir,0.4031201988471352
missing_neural_feedback,17,gic_vol_050,ude_sir_h2,0.5144486573047753
missing_neural_feedback,17,gic_vol_100,neural_ode_h2,0.14967281618903872
missing_neural_feedback,17,gic_vol_100,seir,1.6871779517374093e-14
missing_neural_feedback,17,gic_vol_100,sir,1.5447095704150224e-30
missing_neural_feedback,17,gic_vol_100,tv_sir,0.31572097664712456
missing_neural_feedback,17,gic_vol_100,ude_sir_h2,0.5346062071638198
missing_neural_feedback,17,ogic_e,neural_ode_h2,3.045270175464308e-08
missing_neural_feedback,17,ogic_e,seir,6.2717638413552655e-15
missing_neural_feedback,17,ogic_e,sir,1.773055404970359e-31
missing_neural_feedback,17,ogic_e,tv_sir,0.795758888526468
missing_neural_feedback,17,ogic_e,ude_sir_h2,0.20424108102082406
missing_neural_feedback,18,aic,neural_ode_h2,0.0003460234749307637
missing_neural_feedback,18,aic,seir,3.301621728169903e-13
missing_neural_feedback,18,aic,sir,2.2089869876618657e-27
missing_neural_feedback,18,aic,tv_sir,0.9956336575048962
missing_neural_feedback,18,aic,ude_sir_h2,0.004020319019843099
missing_neural_feedback,18,aicc,neural_ode_h2,4.6439240084066955e-08
missing_neural_feedback,18,aicc,seir,4.3064541276357846e-13
missing_neural_feedback,18,aicc,sir,3.474327329322602e-27
missing_neural_feedback,18,aicc,tv_sir,0.9999615383310405
missing_neural_feedback,18,aicc,ude_sir_h2,3.8415229288824246e-05
missing_neural_feedback,18,bic,neural_ode_h2,1.1039156817360492e-07
missing_neural_feedback,18,bic,seir,7.420408854968079e-13
missing_neural_feedback,18,bic,sir,1.1109641856716498e-26
missing_neural_feedback,18,bic,tv_sir,0.9999855178463539
missing_neural_feedback,18,bic,ude_sir_h2,1.4371761335913972e-05
missing_neural_feedback,18,blocked_validation,neural_ode_h2,5.918275928788661e-28
missing_neural_feedback,18,blocked_validation,seir,4.586671021423717e-37
missing_neural_feedback,18,blocked_validation,sir,2.378367075840982e-97
missing_neural_feedback,18,blocked_validation,tv_sir,0.49452263659800066
missing_neural_feedback,18,blocked_validation,ude_sir_h2,0.5054773634019993
missing_neural_feedback,18,waic_laplace,neural_ode_h2,9.85967654375977e-305
missing_neural_feedback,18,waic_laplace,seir,9.85967654375977e-305
missing_neural_feedback,18,waic_laplace,sir,6.39232587887293e-30
missing_neural_feedback,18,waic_laplace,tv_sir,1.0
missing_neural_feedback,18,waic_laplace,ude_sir_h2,9.85967654375977e-305
missing_neural_feedback,18,ogic_p,neural_ode_h2,0.3127577677037021
missing_neural_feedback,18,ogic_p,seir,5.087773808363027e-14
missing_neural_feedback,18,ogic_p,sir,2.3935359471303164e-28
missing_neural_feedback,18,ogic_p,tv_sir,0.1335411912906124
missing_neural_feedback,18,ogic_p,ude_sir_h2,0.5537010410056346
missing_neural_feedback,18,gic_eff,neural_ode_h2,0.1546288114256857
missing_neural_feedback,18,gic_eff,seir,1.6340586680568395e-13
missing_neural_feedback,18,gic_eff,sir,1.295353399127207e-27
missing_neural_feedback,18,gic_eff,tv_sir,0.1713924867298683
missing_neural_feedback,18,gic_eff,ude_sir_h2,0.6739787018442827
missing_neural_feedback,18,gic_vol_025,neural_ode_h2,0.1896877365301364
missing_neural_feedback,18,gic_vol_025,seir,4.2765878808420113e-13
missing_neural_feedback,18,gic_vol_025,sir,3.485642742298816e-27
missing_neural_feedback,18,gic_vol_025,tv_sir,0.15279191460764807
missing_neural_feedback,18,gic_vol_025,ude_sir_h2,0.6575203488617879
missing_neural_feedback,18,gic_vol_050,neural_ode_h2,0.2303073953709758
missing_neural_feedback,18,gic_vol_050,seir,1.107763240274934e-12
missing_neural_feedback,18,gic_vol_050,sir,9.283190626955594e-27
missing_neural_feedback,18,gic_vol_050,tv_sir,0.13481206428487078
missing_neural_feedback,18,gic_vol_050,ude_sir_h2,0.6348805403430456
missing_neural_feedback,18,gic_vol_100,neural_ode_h2,0.32759050297044745
missing_neural_feedback,18,gic_vol_100,seir,7.171866667035807e-12
missing_neural_feedback,18,gic_vol_100,sir,6.353488104250633e-26
missing_neural_feedback,18,gic_vol_100,tv_sir,0.10126787352939866
missing_neural_feedback,18,gic_vol_100,ude_sir_h2,0.571141623492982
missing_neural_feedback,18,ogic_e,neural_ode_h2,1.0903674571867316e-07
missing_neural_feedback,18,ogic_e,seir,3.748914925347287e-12
missing_neural_feedback,18,ogic_e,sir,1.0389535586271807e-26
missing_neural_feedback,18,ogic_e,tv_sir,0.400933078599559
missing_neural_feedback,18,ogic_e,ude_sir_h2,0.5990668123599464
missing_neural_feedback,19,aic,neural_ode_h2,0.00018421953257763066
missing_neural_feedback,19,aic,seir,1.1285133928684671e-14
missing_neural_feedback,19,aic,sir,1.4397715229814623e-29
missing_neural_feedback,19,aic,tv_sir,0.9972460067973847
missing_neural_feedback,19,aic,ude_sir_h2,0.0025697736700263573
missing_neural_feedback,19,aicc,neural_ode_h2,2.468416990634774e-08
missing_neural_feedback,19,aicc,seir,1.4696114899859216e-14
missing_neural_feedback,19,aicc,sir,2.2608641333259737e-29
missing_neural_feedback,19,aicc,tv_sir,0.9999754597964673
missing_neural_feedback,19,aicc,ude_sir_h2,2.4515519348044244e-05
missing_neural_feedback,19,bic,neural_ode_h2,5.867668366811004e-08
missing_neural_feedback,19,bic,seir,2.5322511848834862e-14
missing_neural_feedback,19,bic,sir,7.229362884335633e-29
missing_neural_feedback,19,bic,tv_sir,0.9999907697487633
missing_neural_feedback,19,bic,ude_sir_h2,9.171574527650964e-06
missing_neural_feedback,19,blocked_validation,neural_ode_h2,9.84941104308628e-44
missing_neural_feedback,19,blocked_validation,seir,1.0795584731747858e-40
missing_neural_feedback,19,blocked_validation,sir,2.446139622359162e-97
missing_neural_feedback,19,blocked_validation,tv_sir,0.000888675401236844
missing_neural_feedback,19,blocked_validation,ude_sir_h2,0.9991113245987632
missing_neural_feedback,19,waic_laplace,neural_ode_h2,9.85967654375977e-305
missing_neural_feedback,19,waic_laplace,seir,5.247336134531139e-258
missing_neural_feedback,19,waic_laplace,sir,1.71274900759472e-31
missing_neural_feedback,19,waic_laplace,tv_sir,1.0
missing_neural_feedback,19,waic_laplace,ude_sir_h2,9.85967654375977e-305
missing_neural_feedback,19,ogic_p,neural_ode_h2,0.29426393409414636
missing_neural_feedback,19,ogic_p,seir,2.589374182221228e-15
missing_neural_feedback,19,ogic_p,sir,2.3257865433813026e-30
missing_neural_feedback,19,ogic_p,tv_sir,0.20217870268650578
missing_neural_feedback,19,ogic_p,ude_sir_h2,0.5035573632193453
missing_neural_feedback,19,gic_eff,neural_ode_h2,0.16364997790404384
missing_neural_feedback,19,gic_eff,seir,8.148845678145227e-15
missing_neural_feedback,19,gic_eff,sir,1.2345709291403002e-29
missing_neural_feedback,19,gic_eff,tv_sir,0.2573551490337521
missing_neural_feedback,19,gic_eff,ude_sir_h2,0.5789948730621959
missing_neural_feedback,19,gic_vol_025,neural_ode_h2,0.21046832366592078
missing_neural_feedback,19,gic_vol_025,seir,2.1241394268207392e-14
missing_neural_feedback,19,gic_vol_025,sir,3.3061076964004556e-29
missing_neural_feedback,19,gic_vol_025,tv_sir,0.23076886615930367
missing_neural_feedback,19,gic_vol_025,ude_sir_h2,0.5587628101747543
missing_neural_feedback,19,gic_vol_050,neural_ode_h2,0.2661960656713424
missing_neural_feedback,19,gic_vol_050,seir,5.445202638494358e-14
missing_neural_feedback,19,gic_vol_050,sir,8.706869721963671e-29
missing_neural_feedback,19,gic_vol_050,tv_sir,0.20350058875016905
missing_neural_feedback,19,gic_vol_050,ude_sir_h2,0.5303033455784341
missing_neural_feedback,19,gic_vol_100,neural_ode_h2,0.4010658527120023
missing_neural_feedback,19,gic_vol_100,seir,3.370236460591778e-13
missing_neural_feedback,19,gic_vol_100,sir,5.687696573938827e-28
missing_neural_feedback,19,gic_vol_100,tv_sir,0.14904823981071164
missing_neural_feedback,19,gic_vol_100,ude_sir_h2,0.44988590747694895
missing_neural_feedback,19,ogic_e,neural_ode_h2,1.072962190041589e-07
missing_neural_feedback,19,ogic_e,seir,1.7831666167264885e-13
missing_neural_feedback,19,ogic_e,sir,9.454650979946019e-29
missing_neural_feedback,19,ogic_e,tv_sir,0.5720333933088068
missing_neural_feedback,19,ogic_e,ude_sir_h2,0.4279664993947959
missing_time_varying_transmission,0,aic,neural_ode_h2,1.5868676902238073e-05
missing_time_varying_transmission,0,aic,seir,0.00021221494945898492
missing_time_varying_transmission,0,aic,sir,1.4959789310395293e-19
missing_time_varying_transmission,0,aic,tv_sir,0.9988982755628024
missing_time_varying_transmission,0,aic,ude_sir_h2,0.0008736408108365093
missing_time_varying_transmission,0,aicc,neural_ode_h2,2.1222270556212977e-09
missing_time_varying_transmission,0,aicc,seir,0.00027582909462778044
missing_time_varying_transmission,0,aicc,sir,2.344631740643656e-19
missing_time_varying_transmission,0,aicc,tv_sir,0.9997158502373008
missing_time_varying_transmission,0,aicc,ude_sir_h2,8.318545844409371e-06
missing_time_varying_transmission,0,bic,neural_ode_h2,5.043684174296832e-09
missing_time_varying_transmission,0,bic,seir,0.0004751747143340266
missing_time_varying_transmission,0,bic,sir,7.495648369487991e-19
missing_time_varying_transmission,0,bic,tv_sir,0.9995217088178191
missing_time_varying_transmission,0,bic,ude_sir_h2,3.1114241627805203e-06
missing_time_varying_transmission,0,blocked_validation,neural_ode_h2,9.284302099806376e-12
missing_time_varying_transmission,0,blocked_validation,seir,0.12127593390539089
missing_time_varying_transmission,0,blocked_validation,sir,9.014857570902422e-09
missing_time_varying_transmission,0,blocked_validation,tv_sir,0.6220879984579616
missing_time_varying_transmission,0,blocked_validation,ude_sir_h2,0.25663605861250566
missing_time_varying_transmission,0,waic_laplace,neural_ode_h2,9.85967654375977e-305
missing_time_varying_transmission,0,waic_laplace,seir,9.85967654375977e-305
missing_time_varying_transmission,0,waic_laplace,sir,2.317600045256075e-22
missing_time_varying_transmission,0,waic_laplace,tv_sir,1.0
missing_time_varying_transmission,0,waic_laplace,ude_sir_h2,9.85967654375977e-305
missing_time_varying_transmission,0,ogic_p,neural_ode_h2,0.04391973310881299
missing_time_varying_transmission,0,ogic_p,seir,0.00010484020308699422
missing_time_varying_transmission,0,ogic_p,sir,5.0722090185428225e-20
missing_time_varying_transmission,0,ogic_p,tv_sir,0.5646558677957562
missing_time_varying_transmission,0,ogic_p,ude_sir_h2,0.391319558892344
missing_time_varying_transmission,0,gic_eff,neural_ode_h2,0.014878540145719068
missing_time_varying_transmission,0,gic_eff,seir,0.00023941029130911278
missing_time_varying_transmission,0,gic_eff,sir,1.9139997680369538e-19
missing_time_varying_transmission,0,gic_eff,tv_sir,0.6422740817350694
missing_time_varying_transmission,0,gic_eff,ude_sir_h2,0.3426079678279026
missing_time_varying_transmission,0,gic_vol_025,neural_ode_h2,0.013639572256606372
missing_time_varying_transmission,0,gic_vol_025,seir,0.0005619338107081045
missing_time_varying_transmission,0,gic_vol_025,sir,4.616845440383926e-19
missing_time_varying_transmission,0,gic_vol_025,tv_sir,0.6503249844232567
missing_time_varying_transmission,0,gic_vol_025,ude_sir_h2,0.33547350950942867
missing_time_varying_transmission,0,gic_vol_050,neural_ode_h2,0.012493941301666438
missing_time_varying_transmission,0,gic_vol_050,seir,0.0013179101204949834
missing_time_varying_transmission,0,gic_vol_050,sir,1.1127742603869117e-18
missing_time_varying_transmission,0,gic_vol_050,tv_sir,0.6579588944616948
missing_time_varying_transmission,0,gic_vol_050,ude_sir_h2,0.32822925411614384
missing_time_varying_transmission,0,gic_vol_100,neural_ode_h2,0.010426596940952859
missing_time_varying_transmission,0,gic_vol_100,seir,0.00720995833584333
missing_time_varying_transmission,0,gic_vol_100,sir,6.429485868785819e-18
missing_time_varying_transmission,0,gic_vol_100,tv_sir,0.6698554753551951
missing_time_varying_transmission,0,gic_vol_100,ude_sir_h2,0.31250796936800873
missing_time_varying_transmission,0,ogic_e,neural_ode_h2,3.7461757769523447e-13
missing_time_varying_transmission,0,ogic_e,seir,0.0013336785436727841
missing_time_varying_transmission,0,ogic_e,sir,5.428784771079944e-19
missing_time_varying_transmission,0,ogic_e,tv_sir,0.7147444028773582
missing_time_varying_transmission,0,ogic_e,ude_sir_h2,0.28392191857859433
missing_time_varying_transmission,1,aic,neural_ode_h2,8.64279499520367e-08
missing_time_varying_transmission,1,aic,seir,4.201412086694547e-13
missing_time_varying_transmission,1,aic,sir,9.245147071528403e-36
missing_time_varying_transmission,1,aic,tv_sir,0.9997927927651026
missing_time_varying_transmission,1,aic,ude_sir_h2,0.0002071208065274812
missing_time_varying_transmission,1,aicc,neural_ode_h2,1.155152091899702e-11
missing_time_varying_transmission,1,aicc,seir,5.457493257698469e-13
missing_time_varying_transmission,1,aicc,sir,1.448094203429317e-35
missing_time_varying_transmission,1,aicc,tv_sir,0.9999980290540109
missing_time_varying_transmission,1,aicc,ude_sir_h2,1.970933891862902e-06
missing_time_varying_transmission,1,bic,neural_ode_h2,2.7458707352800795e-11
missing_time_varying_transmission,1,bic,seir,9.403539185950894e-13
missing_time_varying_transmission,1,bic,sir,4.6303760445321475e-35
missing_time_varying_transmission,1,bic,tv_sir,0.9999992626299862
missing_time_varying_transmission,1,bic,ude_sir_h2,7.373416147646633e-07
missing_time_varying_transmission,1,blocked_validation,neural_ode_h2,8.452527555699366e-10
missing_time_varying_transmission,1,blocked_validation,seir,0.03602894937552742
missing_time_varying_transmission,1,blocked_validation,sir,9.165520418257938e-11
missing_time_varying_transmission,1,blocked_validation,tv_sir,0.6230989217772662
missing_time_varying_transmission,1,blocked_validation,ude_sir_h2,0.3408721279102984
missing_time_varying_transmission,1,waic_laplace,neural_ode_h2,9.85967654375977e-305
missing_time_varying_transmission,1,waic_laplace,seir,2.1819903567949006e-212
missing_time_varying_transmission,1,waic_laplace,sir,6.101292070327753e-39
missing_time_varying_transmission,1,waic_laplace,tv_sir,1.0
missing_time_varying_transmission,1,waic_laplace,ude_sir_h2,9.85967654375977e-305
missing_time_varying_transmission,1,ogic_p,neural_ode_h2,0.0004755231798203755
missing_time_varying_transmission,1,ogic_p,seir,3.186983915005402e-13
missing_time_varying_transmission,1,ogic_p,sir,4.8077249652292546e-36
missing_time_varying_transmission,1,ogic_p,tv_sir,0.8616676828402942
missing_time_varying_transmission,1,ogic_p,ude_sir_h2,0.1378567939795668
missing_time_varying_transmission,1,gic_eff,neural_ode_h2,0.00018158162627962744
missing_time_varying_transmission,1,gic_eff,seir,6.662687911553877e-13
missing_time_varying_transmission,1,gic_eff,sir,1.6594092642883343e-35
missing_time_varying_transmission,1,gic_eff,tv_sir,0.8921992764839273
missing_time_varying_transmission,1,gic_eff,ude_sir_h2,0.10761914188912682
missing_time_varying_transmission,1,gic_vol_025,neural_ode_h2,0.0001915068153311441
missing_time_varying_transmission,1,gic_vol_025,seir,1.563486893520013e-12
missing_time_varying_transmission,1,gic_vol_025,sir,4.001927868858519e-35
missing_time_varying_transmission,1,gic_vol_025,tv_sir,0.908169924006405
missing_time_varying_transmission,1,gic_vol_025,ude_sir_h2,0.09163856917670038
missing_time_varying_transmission,1,gic_vol_050,neural_ode_h2,0.00020143880382572814
missing_time_varying_transmission,1,gic_vol_050,seir,3.659195270183848e-12
missing_time_varying_transmission,1,gic_vol_050,sir,9.62568332319938e-35
missing_time_varying_transmission,1,gic_vol_050,tv_sir,0.9219745446595617
missing_time_varying_transmission,1,gic_vol_050,ude_sir_h2,0.07782401653295327
missing_time_varying_transmission,1,gic_vol_100,neural_ode_h2,0.00022142049841797972
missing_time_varying_transmission,1,gic_vol_100,seir,1.9912471106922064e-11
missing_time_varying_transmission,1,gic_vol_100,sir,5.5323938088137015e-34
missing_time_varying_transmission,1,gic_vol_100,tv_sir,0.9440162105782022
missing_time_varying_transmission,1,gic_vol_100,ude_sir_h2,0.055762368903467315
missing_time_varying_transmission,1,ogic_e,neural_ode_h2,3.575680254971575e-15
missing_time_varying_transmission,1,ogic_e,seir,3.976511726426418e-12
missing_time_varying_transmission,1,ogic_e,sir,5.018583529777064e-35
missing_time_varying_transmission,1,ogic_e,tv_sir,0.9693371741463835
missing_time_varying_transmission,1,ogic_e,ude_sir_h2,0.03066282584963624
missing_time_varying_transmission,2,aic,neural_ode_h2,5.40784066547671e-05
missing_time_varying_transmission,2,aic,seir,6.375995000708461e-13
missing_time_varying_transmission,2,aic,sir,5.511702118531777e-32
missing_time_varying_transmission,2,aic,tv_sir,0.9970502022429429
missing_time_varying_transmission,2,aic,ude_sir_h2,0.0028957193497647212
missing_time_varying_transmission,2,aicc,neural_ode_h2,7.247540870648347e-09
missing_time_varying_transmission,2,aicc,seir,8.304772194449446e-13
missing_time_varying_transmission,2,aicc,sir,8.656663928064895e-32
missing_time_varying_transmission,2,aicc,tv_sir,0.9999723623863781
missing_time_varying_transmission,2,aicc,ude_sir_h2,2.7630365250352334e-05
missing_time_varying_transmission,2,bic,neural_ode_h2,1.7228146781941642e-08
missing_time_varying_transmission,2,bic,seir,1.4309775663379468e-12
missing_time_varying_transmission,2,bic,sir,2.7680694073410855e-31
missing_time_varying_transmission,2,bic,tv_sir,0.9999896458711439
missing_time_varying_transmission,2,bic,ude_sir_h2,1.0336899278411315e-05
missing_time_varying_transmission,2,blocked_validation,neural_ode_h2,8.186622600657112e-18
missing_time_varying_transmission,2,blocked_validation,seir,0.26468305761207533
missing_time_varying_transmission,2,blocked_validation,sir,2.9266850587958836e-07
missing_time_varying_transmission,2,blocked_validation,tv_sir,0.27285797484096347
missing_time_varying_transmission,2,blocked_validation,ude_sir_h2,0.46245867487845543
missing_time_varying_transmission,2,waic_laplace,neural_ode_h2,9.85967654375977e-305
missing_time_varying_transmission,2,waic_laplace,seir,9.85967654375977e-305
missing_time_varying_transmission,2,waic_laplace,sir,6.234840790039257e-35
missing_time_varying_transmission,2,waic_laplace,tv_sir,1.0
missing_time_varying_transmission,2,waic_laplace,ude_sir_h2,9.85967654375977e-305
missing_time_varying_transmission,2,ogic_p,neural_ode_h2,0.07445674846167825
missing_time_varying_transmission,2,ogic_p,seir,1.637364974863362e-13
missing_time_varying_transmission,2,ogic_p,sir,9.649290569881804e-33
missing_time_varying_transmission,2,ogic_p,tv_sir,0.30448658386515753
missing_time_varying_transmission,2,ogic_p,ude_sir_h2,0.6210566676730005
missing_time_varying_transmission,2,gic_eff,neural_ode_h2,0.02733845171971027
missing_time_varying_transmission,2,gic_eff,seir,4.1985701530027273e-13
missing_time_varying_transmission,2,gic_eff,sir,4.0666713228322107e-32
missing_time_varying_transmission,2,gic_eff,tv_sir,0.4011727188810937
missing_time_varying_transmission,2,gic_eff,ude_sir_h2,0.5714888293987762
missing_time_varying_transmission,2,gic_vol_025,neural_ode_h2,0.02464273309899435
missing_time_varying_transmission,2,gic_vol_025,seir,1.0518110255197696e-12
missing_time_varying_transmission,2,gic_vol_025,sir,1.044397319206502e-31
missing_time_varying_transmission,2,gic_vol_025,tv_sir,0.4416386759987401
missing_time_varying_transmission,2,gic_vol_025,ude_sir_h2,0.5337185909012137
missing_time_varying_transmission,2,gic_vol_050,neural_ode_h2,0.022061838928571924
missing_time_varying_transmission,2,gic_vol_050,seir,2.6170492876263345e-12
missing_time_varying_transmission,2,gic_vol_050,sir,2.6639759617840534e-31
missing_time_varying_transmission,2,gic_vol_050,tv_sir,0.48288163070350926
missing_time_varying_transmission,2,gic_vol_050,ude_sir_h2,0.49505653036530173
missing_time_varying_transmission,2,gic_vol_100,neural_ode_h2,0.017320719271329485
missing_time_varying_transmission,2,gic_vol_100,seir,1.587006876983762e-11
missing_time_varying_transmission,2,gic_vol_100,sir,1.6977664579570534e-30
missing_time_varying_transmission,2,gic_vol_100,tv_sir,0.5654658692026613
missing_time_varying_transmission,2,gic_vol_100,ude_sir_h2,0.41721341151013913
missing_time_varying_transmission,2,ogic_e,neural_ode_h2,2.8644986403273326e-12
missing_time_varying_transmission,2,ogic_e,seir,3.849157532613611e-12
missing_time_varying_transmission,2,ogic_e,sir,1.8652525249326088e-31
missing_time_varying_transmission,2,ogic_e,tv_sir,0.6224484173485236
missing_time_varying_transmission,2,ogic_e,ude_sir_h2,0.37755158264476285
missing_time_varying_transmission,3,aic,neural_ode_h2,3.3367594167059096e-07
missing_time_varying_transmission,3,aic,seir,2.7383304816402453e-11
missing_time_varying_transmission,3,aic,sir,1.0707564347038436e-31
missing_time_varying_transmission,3,aic,tv_sir,0.999794322533668
missing_time_varying_transmission,3,aic,ude_sir_h2,0.00020534376300721308
missing_time_varying_transmission,3,aicc,neural_ode_h2,4.459736450754112e-11
missing_time_varying_transmission,3,aicc,seir,3.556993986322083e-11
missing_time_varying_transmission,3,aicc,sir,1.6771543254227391e-31
missing_time_varying_transmission,3,aicc,tv_sir,0.9999980458990063
missing_time_varying_transmission,3,aicc,ude_sir_h2,1.9540208265055705e-06
missing_time_varying_transmission,3,bic,neural_ode_h2,1.060107994658032e-10
missing_time_varying_transmission,3,bic,seir,6.12888196076882e-11
missing_time_varying_transmission,3,bic,sir,5.362810727556585e-31
missing_time_varying_transmission,3,bic,tv_sir,0.999999268818402
missing_time_varying_transmission,3,bic,ude_sir_h2,7.310142983962461e-07
missing_time_varying_transmission,3,blocked_validation,neural_ode_h2,2.088091451865508e-13
missing_time_varying_transmission,3,blocked_validation,seir,0.029528154531225672
missing_time_varying_transmission,3,blocked_validation,sir,1.102225680267436e-09
missing_time_varying_transmission,3,blocked_validation,tv_sir,0.6070940235429976
missing_time_varying_transmission,3,blocked_validation,ude_sir_h2,0.36337782082334225
missing_time_varying_transmission,3,waic_laplace,neural_ode_h2,9.85967654375977e-305
missing_time_varying_transmission,3,waic_laplace,seir,9.85967654375977e-305
missing_time_varying_transmission,3,waic_laplace,sir,2.222210454601903e-34
missing_time_varying_transmission,3,waic_laplace,tv_sir,1.0
missing_time_varying_transmission,3,waic_laplace,ude_sir_h2,9.85967654375977e-305
missing_time_varying_transmission,3,ogic_p,neural_ode_h2,0.001422403430574892
missing_time_varying_transmission,3,ogic_p,seir,2.1022165201554513e-11
missing_time_varying_transmission,3,ogic_p,sir,5.552248491628854e-32
missing_time_varying_transmission,3,ogic_p,tv_sir,0.8407991352474508
missing_time_varying_transmission,3,ogic_p,ude_sir_h2,0.15777846130095216
missing_time_varying_transmission,3,gic_eff,neural_ode_h2,0.00044568389405428015
missing_time_varying_transmission,3,gic_eff,seir,4.4720394773433114e-11
missing_time_varying_transmission,3,gic_eff,sir,1.9268258943315763e-31
missing_time_varying_transmission,3,gic_eff,tv_sir,0.8602054412636941
missing_time_varying_transmission,3,gic_eff,ude_sir_h2,0.13934887479753105
missing_time_varying_transmission,3,gic_vol_025,neural_ode_h2,0.0004318948723472657
missing_time_varying_transmission,3,gic_vol_025,seir,1.061361793860319e-10
missing_time_varying_transmission,3,gic_vol_025,sir,4.681779400071475e-31
missing_time_varying_transmission,3,gic_vol_025,tv_sir,0.8747939556389965
missing_time_varying_transmission,3,gic_vol_025,ude_sir_h2,0.12477414938252004
missing_time_varying_transmission,3,gic_vol_050,neural_ode_h2,0.00041779204479249957
missing_time_varying_transmission,3,gic_vol_050,seir,2.514503717722925e-10
missing_time_varying_transmission,3,gic_vol_050,sir,1.1355608968132784e-30
missing_time_varying_transmission,3,gic_vol_050,tv_sir,0.8880560398010128
missing_time_varying_transmission,3,gic_vol_050,ude_sir_h2,0.1115261679027442
missing_time_varying_transmission,3,gic_vol_100,neural_ode_h2,0.00038913247592032755
missing_time_varying_transmission,3,gic_vol_100,seir,1.40476287183549e-09
missing_time_varying_transmission,3,gic_vol_100,sir,6.64940015060387e-30
missing_time_varying_transmission,3,gic_vol_100,tv_sir,0.9109250476864693
missing_time_varying_transmission,3,gic_vol_100,ude_sir_h2,0.08868581843284754
missing_time_varying_transmission,3,ogic_e,neural_ode_h2,1.167977446831535e-13
missing_time_varying_transmission,3,ogic_e,seir,2.863566175595933e-10
missing_time_varying_transmission,3,ogic_e,sir,6.379951794971315e-31
missing_time_varying_transmission,3,ogic_e,tv_sir,0.9565809760372376
missing_time_varying_transmission,3,ogic_e,ude_sir_h2,0.043419023676289005
missing_time_varying_transmission,4,aic,neural_ode_h2,1.891180114612551e-06
missing_time_varying_transmission,4,aic,seir,2.6630198354709124e-06
missing_time_varying_transmission,4,aic,sir,1.414313161020337e-24
missing_time_varying_transmission,4,aic,tv_sir,0.9997208470743083
missing_time_varying_transmission,4,aic,ude_sir_h2,0.0002745987257417043
missing_time_varying_transmission,4,aicc,neural_ode_h2,2.52782684478903e-10
missing_time_varying_transmission,4,aicc,seir,3.4594081194913424e-06
missing_time_varying_transmission,4,aicc,sir,2.215430066145536e-24
missing_time_varying_transmission,4,aicc,tv_sir,0.9999939271170216
missing_time_varying_transmission,4,aicc,ude_sir_h2,2.6132220761902727e-06
missing_time_varying_transmission,4,bic,neural_ode_h2,6.008794194115673e-10
missing_time_varying_transmission,4,bic,seir,5.960724085729503e-06
missing_time_varying_transmission,4,bic,sir,7.083967841016424e-24
missing_time_varying_transmission,4,bic,tv_sir,0.9999930610504947
missing_time_varying_transmission,4,bic,ude_sir_h2,9.77624540159531e-07
missing_time_varying_transmission,4,blocked_validation,neural_ode_h2,5.6576935764980464e-14
missing_time_varying_transmission,4,blocked_validation,seir,0.06986436948991478
missing_time_varying_transmission,4,blocked_validation,sir,4.9139071619814645e-11
missing_time_varying_transmission,4,blocked_validation,tv_sir,0.705272943341021
missing_time_varying_transmission,4,blocked_validation,ude_sir_h2,0.22486268711986854
missing_time_varying_transmission,4,waic_laplace,neural_ode_h2,9.85967654375977e-305
missing_time_varying_transmission,4,waic_laplace,seir,8.967775249163248e-281
missing_time_varying_transmission,4,waic_laplace,sir,1.5817272009770496e-26
missing_time_varying_transmission,4,waic_laplace,tv_sir,1.0
missing_time_varying_transmission,4,waic_laplace,ude_sir_h2,9.85967654375977e-305
missing_time_varying_transmission,4,ogic_p,neural_ode_h2,0.006943722967830011
missing_time_varying_transmission,4,ogic_p,seir,1.9119248537182574e-06
missing_time_varying_transmission,4,ogic_p,sir,7.048140383811417e-25
missing_time_varying_transmission,4,ogic_p,tv_sir,0.8089857085166551
missing_time_varying_transmission,4,ogic_p,ude_sir_h2,0.18406865659066124
missing_time_varying_transmission,4,gic_eff,neural_ode_h2,0.0020307945183497904
missing_time_varying_transmission,4,gic_eff,seir,4.056562402445649e-06
missing_time_varying_transmission,4,gic_eff,sir,2.4937257614028412e-24
missing_time_varying_transmission,4,gic_eff,tv_sir,0.8446524320907487
missing_time_varying_transmission,4,gic_eff,ude_sir_h2,0.15331271682849915
missing_time_varying_transmission,4,gic_vol_025,neural_ode_h2,0.0017319553838522188
missing_time_varying_transmission,4,gic_vol_025,seir,9.525523389800598e-06
missing_time_varying_transmission,4,gic_vol_025,sir,6.047620405888947e-24
missing_time_varying_transmission,4,gic_vol_025,tv_sir,0.8536852891961841
missing_time_varying_transmission,4,gic_vol_025,ude_sir_h2,0.14457322989657384
missing_time_varying_transmission,4,gic_vol_050,neural_ode_h2,0.0014761377786532055
missing_time_varying_transmission,4,gic_vol_050,seir,2.2353164376490153e-05
missing_time_varying_transmission,4,gic_vol_050,sir,1.465682265949447e-23
missing_time_varying_transmission,4,gic_vol_050,tv_sir,0.8622576096636612
missing_time_varying_transmission,4,gic_vol_050,ude_sir_h2,0.13624389939330922
missing_time_varying_transmission,4,gic_vol_100,neural_ode_h2,0.0010702934516265542
missing_time_varying_transmission,4,gic_vol_100,seir,0.00012286690614723926
missing_time_varying_transmission,4,gic_vol_100,sir,8.593024197731006e-23
missing_time_varying_transmission,4,gic_vol_100,tv_sir,0.8780335181473106
missing_time_varying_transmission,4,gic_vol_100,ude_sir_h2,0.12077332149491563
missing_time_varying_transmission,4,ogic_e,neural_ode_h2,3.9207426850541504e-14
missing_time_varying_transmission,4,ogic_e,seir,2.269618281971603e-05
missing_time_varying_transmission,4,ogic_e,sir,7.065221125366724e-24
missing_time_varying_transmission,4,ogic_e,tv_sir,0.9090250763227338
missing_time_varying_transmission,4,ogic_e,ude_sir_h2,0.09095222749440723
missing_time_varying_transmission,5,aic,neural_ode_h2,4.996862783946169e-05
missing_time_varying_transmission,5,aic,seir,1.0678123619887451e-08
missing_time_varying_transmission,5,aic,sir,1.003850101012086e-24
missing_time_varying_transmission,5,aic,tv_sir,0.9991355063822398
missing_time_varying_transmission,5,aic,ude_sir_h2,0.0008145143117970972
missing_time_varying_transmission,5,aicc,neural_ode_h2,6.682907784212789e-09
missing_time_varying_transmission,5,aicc,seir,1.3879568330548484e-08
missing_time_varying_transmission,5,aicc,sir,1.5733847825356086e-24
missing_time_varying_transmission,5,aicc,tv_sir,0.9999922235743942
missing_time_varying_transmission,5,aicc,ude_sir_h2,7.755863129730021e-06
missing_time_varying_transmission,5,bic,neural_ode_h2,1.5885758359991017e-08
missing_time_varying_transmission,5,bic,seir,2.391529014878298e-08
missing_time_varying_transmission,5,bic,sir,5.0310189952848375e-24
missing_time_varying_transmission,5,bic,tv_sir,0.9999970586601106
missing_time_varying_transmission,5,bic,ude_sir_h2,2.9015388409437645e-06
missing_time_varying_transmission,5,blocked_validation,neural_ode_h2,2.4766935890171928e-26
missing_time_varying_transmission,5,blocked_validation,seir,0.5697023001216385
missing_time_varying_transmission,5,blocked_validation,sir,0.0007409236065490088
missing_time_varying_transmission,5,blocked_validation,tv_sir,0.0766343684008101
missing_time_varying_transmission,5,blocked_validation,ude_sir_h2,0.3529224078710023
missing_time_varying_transmission,5,waic_laplace,neural_ode_h2,9.85967654375977e-305
missing_time_varying_transmission,5,waic_laplace,seir,1.9847686049077663e-62
missing_time_varying_transmission,5,waic_laplace,sir,1.3274732461468204e-27
missing_time_varying_transmission,5,waic_laplace,tv_sir,1.0
missing_time_varying_transmission,5,waic_laplace,ude_sir_h2,9.85967654375977e-305
missing_time_varying_transmission,5,ogic_p,neural_ode_h2,0.14902219321673058
missing_time_varying_transmission,5,ogic_p,seir,4.261169621043486e-09
missing_time_varying_transmission,5,ogic_p,sir,2.8966127030748473e-25
missing_time_varying_transmission,5,ogic_p,tv_sir,0.5374003798363964
missing_time_varying_transmission,5,ogic_p,ude_sir_h2,0.3135774226857034
missing_time_varying_transmission,5,gic_eff,neural_ode_h2,0.06065465048545352
missing_time_varying_transmission,5,gic_eff,seir,9.269388042348974e-09
missing_time_varying_transmission,5,gic_eff,sir,1.0859267036098848e-24
missing_time_varying_transmission,5,gic_eff,tv_sir,0.664405603038029
missing_time_varying_transmission,5,gic_eff,ude_sir_h2,0.2749397372071296
missing_time_varying_transmission,5,gic_vol_025,neural_ode_h2,0.0641081161802551
missing_time_varying_transmission,5,gic_vol_025,seir,2.047860398518852e-08
missing_time_varying_transmission,5,gic_vol_025,sir,2.5058674254236934e-24
missing_time_varying_transmission,5,gic_vol_025,tv_sir,0.671248061470938
missing_time_varying_transmission,5,gic_vol_025,ude_sir_h2,0.26464380187020303
missing_time_varying_transmission,5,gic_vol_050,neural_ode_h2,0.06771401522954831
missing_time_varying_transmission,5,gic_vol_050,seir,4.521330693826699e-08
missing_time_varying_transmission,5,gic_vol_050,sir,5.7787287467444616e-24
missing_time_varying_transmission,5,gic_vol_050,tv_sir,0.6777186599869635
missing_time_varying_transmission,5,gic_vol_050,ude_sir_h2,0.25456727957018127
missing_time_varying_transmission,5,gic_vol_100,neural_ode_h2,0.07539910056776251
missing_time_varying_transmission,5,gic_vol_100,seir,2.199655243977562e-07
missing_time_varying_transmission,5,gic_vol_100,sir,3.067165718842334e-23
missing_time_varying_transmission,5,gic_vol_100,tv_sir,0.6895070906301856
missing_time_varying_transmission,5,gic_vol_100,ude_sir_h2,0.23509358883652764
missing_time_varying_transmission,5,ogic_e,neural_ode_h2,9.709474328985195e-16
missing_time_varying_transmission,5,ogic_e,seir,8.059408320281959e-08
missing_time_varying_transmission,5,ogic_e,sir,4.616605040599444e-24
missing_time_varying_transmission,5,ogic_e,tv_sir,0.7490414290308905
missing_time_varying_transmission,5,ogic_e,ude_sir_h2,0.2509584903750251
missing_time_varying_transmission,6,aic,neural_ode_h2,1.7682394333931017e-06
missing_time_varying_transmission,6,aic,seir,4.6656410245375086e-07
missing_time_varying_transmission,6,aic,sir,7.863736712068155e-26
missing_time_varying_transmission,6,aic,tv_sir,0.999678395011837
missing_time_varying_transmission,6,aic,ude_sir_h2,0.00031937018462714915
missing_time_varying_transmission,6,aicc,neural_ode_h2,2.3636055264123636e-10
missing_time_varying_transmission,6,aicc,seir,6.061194443969917e-07
missing_time_varying_transmission,6,aicc,sir,1.231858779886882e-25
missing_time_varying_transmission,6,aicc,tv_sir,0.9999963542175494
missing_time_varying_transmission,6,aicc,ude_sir_h2,3.039426645818074e-06
missing_time_varying_transmission,6,bic,neural_ode_h2,5.618443479659878e-10
missing_time_varying_transmission,6,bic,seir,1.0443749519565194e-06
missing_time_varying_transmission,6,bic,sir,3.938950024228472e-25
missing_time_varying_transmission,6,bic,tv_sir,0.9999978179899228
missing_time_varying_transmission,6,bic,ude_sir_h2,1.1370732809135629e-06
missing_time_varying_transmission,6,blocked_validation,neural_ode_h2,7.95775723053353e-18
missing_time_varying_transmission,6,blocked_validation,seir,0.12161779293320002
missing_time_varying_transmission,6,blocked_validation,sir,5.55515564065522e-10
missing_time_varying_transmission,6,blocked_validation,tv_sir,0.6191344275406278
missing_time_varying_transmission,6,blocked_validation,ude_sir_h2,0.25924777897065676
missing_time_varying_transmission,6,waic_laplace,neural_ode_h2,9.85967654375977e-305
missing_time_varying_transmission,6,waic_laplace,seir,9.85967654375977e-305
missing_time_varying_transmission,6,waic_laplace,sir,4.362625864575053e-28
missing_time_varying_transmission,6,waic_laplace,tv_sir,1.0
missing_time_varying_transmission,6,waic_laplace,ude_sir_h2,9.85967654375977e-305
missing_time_varying_transmission,6,ogic_p,neural_ode_h2,0.007483969663115749
missing_time_varying_transmission,6,ogic_p,seir,3.1418340016336356e-07
missing_time_varying_transmission,6,ogic_p,sir,3.7212374373336934e-26
missing_time_varying_transmission,6,ogic_p,tv_sir,0.797783094077202
missing_time_varying_transmission,6,ogic_p,ude_sir_h2,0.19473262207628206
missing_time_varying_transmission,6,gic_eff,neural_ode_h2,0.002513579881040754
missing_time_varying_transmission,6,gic_eff,seir,6.483716339739565e-07
missing_time_varying_transmission,6,gic_eff,sir,1.2933835975789311e-25
missing_time_varying_transmission,6,gic_eff,tv_sir,0.8435754233244682
missing_time_varying_transmission,6,gic_eff,ude_sir_h2,0.15391034842285703
missing_time_varying_transmission,6,gic_vol_025,neural_ode_h2,0.0025944594648849026
missing_time_varying_transmission,6,gic_vol_025,seir,1.4917837180275509e-06
missing_time_varying_transmission,6,gic_vol_025,sir,3.0806491640095697e-25
missing_time_varying_transmission,6,gic_vol_025,tv_sir,0.8465323046284041
missing_time_varying_transmission,6,gic_vol_025,ude_sir_h2,0.15087174412299306
missing_time_varying_transmission,6,gic_vol_050,neural_ode_h2,0.0026777432169416463
missing_time_varying_transmission,6,gic_vol_050,seir,3.4320654318652774e-06
missing_time_varying_transmission,6,gic_vol_050,sir,7.3371090661255175e-25
missing_time_varying_transmission,6,gic_vol_050,tv_sir,0.8494366459690019
missing_time_varying_transmission,6,gic_vol_050,ude_sir_h2,0.14788217874862453
missing_time_varying_transmission,6,gic_vol_100,neural_ode_h2,0.002851774044563412
missing_time_varying_transmission,6,gic_vol_100,seir,1.8161723497427568e-05
missing_time_varying_transmission,6,gic_vol_100,sir,4.160950493283393e-24
missing_time_varying_transmission,6,gic_vol_100,tv_sir,0.8550824946826934
missing_time_varying_transmission,6,gic_vol_100,ude_sir_h2,0.14204756954924572
missing_time_varying_transmission,6,ogic_e,neural_ode_h2,1.489870944211616e-14
missing_time_varying_transmission,6,ogic_e,seir,3.6704093978949197e-06
missing_time_varying_transmission,6,ogic_e,sir,3.606234326752792e-25
missing_time_varying_transmission,6,ogic_e,tv_sir,0.8955923952504568
missing_time_varying_transmission,6,ogic_e,ude_sir_h2,0.10440393434013046
missing_time_varying_transmission,7,aic,neural_ode_h2,1.2080662522407101e-06
missing_time_varying_transmission,7,aic,seir,1.3549226508395074e-09
missing_time_varying_transmission,7,aic,sir,3.9126566626062252e-28
missing_time_varying_transmission,7,aic,tv_sir,0.9989694615274445
missing_time_varying_transmission,7,aic,ude_sir_h2,0.0010293290513806457
missing_time_varying_transmission,7,aicc,neural_ode_h2,1.6159581039966918e-10
missing_time_varying_transmission,7,aicc,seir,1.7614357961389674e-09
missing_time_varying_transmission,7,aicc,sir,6.133510573041271e-28
missing_time_varying_transmission,7,aicc,tv_sir,0.999990195123374
missing_time_varying_transmission,7,aicc,ude_sir_h2,9.802953594451933e-06
missing_time_varying_transmission,7,bic,neural_ode_h2,3.8412550547391993e-10
missing_time_varying_transmission,7,bic,seir,3.0350585739389635e-09
missing_time_varying_transmission,7,bic,sir,1.9612397824008235e-27
missing_time_varying_transmission,7,bic,tv_sir,0.999996329202075
missing_time_varying_transmission,7,bic,ude_sir_h2,3.6673787408399613e-06
missing_time_varying_transmission,7,blocked_validation,neural_ode_h2,2.6456785237547942e-14
missing_time_varying_transmission,7,blocked_validation,seir,0.050175464430983155
missing_time_varying_transmission,7,blocked_validation,sir,4.074246114774386e-11
missing_time_varying_transmission,7,blocked_validation,tv_sir,0.6335189617310243
missing_time_varying_transmission,7,blocked_validation,ude_sir_h2,0.3163055737972237
missing_time_varying_transmission,7,waic_laplace,neural_ode_h2,9.85967654375977e-305
missing_time_varying_transmission,7,waic_laplace,seir,9.85967654375977e-305
missing_time_varying_transmission,7,waic_laplace,sir,8.269668598658109e-30
missing_time_varying_transmission,7,waic_laplace,tv_sir,1.0
missing_time_varying_transmission,7,waic_laplace,ude_sir_h2,9.85967654375977e-305
missing_time_varying_transmission,7,ogic_p,neural_ode_h2,0.003543487732962111
missing_time_varying_transmission,7,ogic_p,seir,6.437077410299747e-10
missing_time_varying_transmission,7,ogic_p,sir,1.2767804385048564e-28
missing_time_varying_transmission,7,ogic_p,tv_sir,0.5523224056062785
missing_time_varying_transmission,7,ogic_p,ude_sir_h2,0.44413410601705156
missing_time_varying_transmission,7,gic_eff,neural_ode_h2,0.0012633287959464747
missing_time_varying_transmission,7,gic_eff,seir,1.430536947242897e-09
missing_time_varying_transmission,7,gic_eff,sir,4.691790705653219e-28
missing_time_varying_transmission,7,gic_eff,tv_sir,0.6197965657289076
missing_time_varying_transmission,7,gic_eff,ude_sir_h2,0.37894010404460887
missing_time_varying_transmission,7,gic_vol_025,neural_ode_h2,0.001184412701946104
missing_time_varying_transmission,7,gic_vol_025,seir,3.4429076383935986e-09
missing_time_varying_transmission,7,gic_vol_025,sir,1.1599394903752233e-27
missing_time_varying_transmission,7,gic_vol_025,tv_sir,0.6483652074521609
missing_time_varying_transmission,7,gic_vol_025,ude_sir_h2,0.3504503764029854
missing_time_varying_transmission,7,gic_vol_050,neural_ode_h2,0.0011065933388369174
missing_time_varying_transmission,7,gic_vol_050,seir,8.257526954125973e-09
missing_time_varying_transmission,7,gic_vol_050,sir,2.857790397918214e-27
missing_time_varying_transmission,7,gic_vol_050,tv_sir,0.6759095342121566
missing_time_varying_transmission,7,gic_vol_050,ude_sir_h2,0.3229838641914795
missing_time_varying_transmission,7,gic_vol_100,neural_ode_h2,0.0009565218871605092
missing_time_varying_transmission,7,gic_vol_100,seir,4.703662203963619e-08
missing_time_varying_transmission,7,gic_vol_100,sir,1.717739564955048e-26
missing_time_varying_transmission,7,gic_vol_100,tv_sir,0.7273830619689818
missing_time_varying_transmission,7,gic_vol_100,ude_sir_h2,0.27166036910723573
missing_time_varying_transmission,7,ogic_e,neural_ode_h2,9.95271587024082e-15
missing_time_varying_transmission,7,ogic_e,seir,9.955056115397855e-09
missing_time_varying_transmission,7,ogic_e,sir,1.631097758330823e-27
missing_time_varying_transmission,7,ogic_e,tv_sir,0.8016638244057357
missing_time_varying_transmission,7,ogic_e,ude_sir_h2,0.1983361656391982
missing_time_varying_transmission,8,aic,neural_ode_h2,2.391390113806304e-06
missing_time_varying_transmission,8,aic,seir,7.831629557492902e-06
missing_time_varying_transmission,8,aic,sir,1.7191369454946735e-21
missing_time_varying_transmission,8,aic,tv_sir,0.9990934724237654
missing_time_varying_transmission,8,aic,ude_sir_h2,0.0008963045565632191
missing_time_varying_transmission,8,aicc,neural_ode_h2,3.1983942412916873e-10
missing_time_varying_transmission,8,aicc,seir,1.0179974082543535e-05
missing_time_varying_transmission,8,aicc,sir,2.6945737378936755e-21
missing_time_varying_transmission,8,aicc,tv_sir,0.9999812847647204
missing_time_varying_transmission,8,aicc,ude_sir_h2,8.534941357601717e-06
missing_time_varying_transmission,8,bic,neural_ode_h2,7.602763863256999e-10
missing_time_varying_transmission,8,bic,seir,1.754055741453473e-05
missing_time_varying_transmission,8,bic,sir,8.616047956958975e-21
missing_time_varying_transmission,8,bic,tv_sir,0.9999792657051125
missing_time_varying_transmission,8,bic,ude_sir_h2,3.1929771967031047e-06
missing_time_varying_transmission,8,blocked_validation,neural_ode_h2,6.577711705364356e-17
missing_time_varying_transmission,8,blocked_validation,seir,0.21226315433862472
missing_time_varying_transmission,8,blocked_validation,sir,1.3880191932282548e-07
missing_time_varying_transmission,8,blocked_validation,tv_sir,0.44962909191546124
missing_time_varying_transmission,8,blocked_validation,ude_sir_h2,0.3381076149439945
missing_time_varying_transmission,8,waic_laplace,neural_ode_h2,9.85967654375977e-305
missing_time_varying_transmission,8,waic_laplace,seir,9.85967654375977e-305
missing_time_varying_transmission,8,waic_laplace,sir,1.8154837013295036e-23
missing_time_varying_transmission,8,waic_laplace,tv_sir,1.0
missing_time_varying_transmission,8,waic_laplace,ude_sir_h2,9.85967654375977e-305
missing_time_varying_transmission,8,ogic_p,neural_ode_h2,0.006239392883077176
missing_time_varying_transmission,8,ogic_p,seir,3.7905766600966797e-06
missing_time_varying_transmission,8,ogic_p,sir,5.632427085394395e-22
missing_time_varying_transmission,8,ogic_p,tv_sir,0.5340424983193183
missing_time_varying_transmission,8,ogic_p,ude_sir_h2,0.45971431822094444
missing_time_varying_transmission,8,gic_eff,neural_ode_h2,0.0019538299849961704
missing_time_varying_transmission,8,gic_eff,seir,8.253497891773825e-06
missing_time_varying_transmission,8,gic_eff,sir,2.0041728105121676e-21
missing_time_varying_transmission,8,gic_eff,tv_sir,0.5628994323321652
missing_time_varying_transmission,8,gic_eff,ude_sir_h2,0.4351384841849467
missing_time_varying_transmission,8,gic_vol_025,neural_ode_h2,0.0018631380835910864
missing_time_varying_transmission,8,gic_vol_025,seir,1.98449501215821e-05
missing_time_varying_transmission,8,gic_vol_025,sir,4.932616383826847e-21
missing_time_varying_transmission,8,gic_vol_025,tv_sir,0.5767923776745585
missing_time_varying_transmission,8,gic_vol_025,ude_sir_h2,0.42132463929172886
missing_time_varying_transmission,8,gic_vol_050,neural_ode_h2,0.0017752322901212665
missing_time_varying_transmission,8,gic_vol_050,seir,4.767754135245778e-05
missing_time_varying_transmission,8,gic_vol_050,sir,1.2130295735009755e-20
missing_time_varying_transmission,8,gic_vol_050,tv_sir,0.5905546414754134
missing_time_varying_transmission,8,gic_vol_050,ude_sir_h2,0.40762244869311304
missing_time_varying_transmission,8,gic_vol_100,neural_ode_h2,0.0016076494582679462
missing_time_varying_transmission,8,gic_vol_100,seir,0.0002745095194964088
missing_time_varying_transmission,8,gic_vol_100,sir,7.317712845948607e-20
missing_time_varying_transmission,8,gic_vol_100,tv_sir,0.6175286552406128
missing_time_varying_transmission,8,gic_vol_100,ude_sir_h2,0.3805891857816229
missing_time_varying_transmission,8,ogic_e,neural_ode_h2,2.6361013135843793e-12
missing_time_varying_transmission,8,ogic_e,seir,5.812573339892948e-05
missing_time_varying_transmission,8,ogic_e,sir,7.205476775829908e-21
missing_time_varying_transmission,8,ogic_e,tv_sir,0.766092461689313
missing_time_varying_transmission,8,ogic_e,ude_sir_h2,0.23384941257465186
missing_time_varying_transmission,9,aic,neural_ode_h2,4.120332062362053e-06
missing_time_varying_transmission,9,aic,seir,9.983265942516482e-14
missing_time_varying_transmission,9,aic,sir,5.4827244914226415e-36
missing_time_varying_transmission,9,aic,tv_sir,0.9996160943844234
missing_time_varying_transmission,9,aic,ude_sir_h2,0.0003797852834144958
missing_time_varying_transmission,9,aicc,neural_ode_h2,5.507991008634845e-10
missing_time_varying_transmission,9,aicc,seir,1.2970198283289527e-13
missing_time_varying_transmission,9,aicc,sir,8.589254311257554e-36
missing_time_varying_transmission,9,aicc,tv_sir,0.9999963848302242
missing_time_varying_transmission,9,aicc,ude_sir_h2,3.6146188469622384e-06
missing_time_varying_transmission,9,bic,neural_ode_h2,1.3092861948676276e-09
missing_time_varying_transmission,9,bic,seir,2.234833602752475e-13
missing_time_varying_transmission,9,bic,sir,2.746473136578286e-35
missing_time_varying_transmission,9,bic,tv_sir,0.9999986464322294
missing_time_varying_transmission,9,bic,ude_sir_h2,1.3522582610697562e-06
missing_time_varying_transmission,9,blocked_validation,neural_ode_h2,0.06336914140545435
missing_time_varying_transmission,9,blocked_validation,seir,0.006905604431170046
missing_time_varying_transmission,9,blocked_validation,sir,6.471221150696263e-12
missing_time_varying_transmission,9,blocked_validation,tv_sir,0.6463130486771007
missing_time_varying_transmission,9,blocked_validation,ude_sir_h2,0.2834122054798038
missing_time_varying_transmission,9,waic_laplace,neural_ode_h2,9.85967654375977e-305
missing_time_varying_transmission,9,waic_laplace,seir,9.85967654375977e-305
missing_time_varying_transmission,9,waic_laplace,sir,5.31970362967655e-39
missing_time_varying_transmission,9,waic_laplace,tv_sir,1.0
missing_time_varying_transmission,9,waic_laplace,ude_sir_h2,9.85967654375977e-305
missing_time_varying_transmission,9,ogic_p,neural_ode_h2,0.014563812601123712
missing_time_varying_transmission,9,ogic_p,seir,6.810262055124533e-14
missing_time_varying_transmission,9,ogic_p,sir,2.5257052801691266e-36
missing_time_varying_transmission,9,ogic_p,tv_sir,0.7678070793600115
missing_time_varying_transmission,9,ogic_p,ude_sir_h2,0.21762910803879662
missing_time_varying_transmission,9,gic_eff,neural_ode_h2,0.004429553030986794
missing_time_varying_transmission,9,gic_eff,seir,1.4868955243276574e-13
missing_time_varying_transmission,9,gic_eff,sir,8.99437429648367e-36
missing_time_varying_transmission,9,gic_eff,tv_sir,0.8242629917169431
missing_time_varying_transmission,9,gic_eff,ude_sir_h2,0.17130745525192145
missing_time_varying_transmission,9,gic_vol_025,neural_ode_h2,0.004203710451010621
missing_time_varying_transmission,9,gic_vol_025,seir,3.5169517457414693e-13
missing_time_varying_transmission,9,gic_vol_025,sir,2.1784485956346117e-35
missing_time_varying_transmission,9,gic_vol_025,tv_sir,0.8473362226460807
missing_time_varying_transmission,9,gic_vol_025,ude_sir_h2,0.14846006690255723
missing_time_varying_transmission,9,gic_vol_050,neural_ode_h2,0.003974658169234573
missing_time_varying_transmission,9,gic_vol_050,seir,8.28793746994687e-13
missing_time_varying_transmission,9,gic_vol_050,sir,5.256755491344331e-35
missing_time_varying_transmission,9,gic_vol_050,tv_sir,0.8678403615727993
missing_time_varying_transmission,9,gic_vol_050,ude_sir_h2,0.12818498025713732
missing_time_varying_transmission,9,gic_vol_100,neural_ode_h2,0.0035199952541451088
missing_time_varying_transmission,9,gic_vol_100,seir,4.559475563576549e-12
missing_time_varying_transmission,9,gic_vol_100,sir,3.032264019159604e-34
missing_time_varying_transmission,9,gic_vol_100,tv_sir,0.901812608354198
missing_time_varying_transmission,9,gic_vol_100,ude_sir_h2,0.09466739638709756
missing_time_varying_transmission,9,ogic_e,neural_ode_h2,2.2108843257101726e-13
missing_time_varying_transmission,9,ogic_e,seir,9.298254480129925e-13
missing_time_varying_transmission,9,ogic_e,sir,2.931345052760088e-35
missing_time_varying_transmission,9,ogic_e,tv_sir,0.9316040933957388
missing_time_varying_transmission,9,ogic_e,ude_sir_h2,0.06839590660311012
missing_time_varying_transmission,10,aic,neural_ode_h2,1.2277217502363722e-06
missing_time_varying_transmission,10,aic,seir,2.871699101428451e-10
missing_time_varying_transmission,10,aic,sir,3.344948921237708e-31
missing_time_varying_transmission,10,aic,tv_sir,0.9997528410157424
missing_time_varying_transmission,10,aic,ude_sir_h2,0.00024593097533752553
missing_time_varying_transmission,10,aicc,neural_ode_h2,1.640975515416734e-10
missing_time_varying_transmission,10,aicc,seir,3.7303884152815904e-10
missing_time_varying_transmission,10,aicc,sir,5.23949795537292e-31
missing_time_varying_transmission,10,aicc,tv_sir,0.999997659123942
missing_time_varying_transmission,10,aicc,ude_sir_h2,2.3403389215612613e-06
missing_time_varying_transmission,10,bic,neural_ode_h2,3.900705124748114e-10
missing_time_varying_transmission,10,bic,seir,6.427650952410914e-10
missing_time_varying_transmission,10,bic,sir,1.6753641688612362e-30
missing_time_varying_transmission,10,bic,tv_sir,0.9999991234280686
missing_time_varying_transmission,10,bic,ude_sir_h2,8.755390958557138e-07
missing_time_varying_transmission,10,blocked_validation,neural_ode_h2,8.848034650869445e-05
missing_time_varying_transmission,10,blocked_validation,seir,0.018569997825966373
missing_time_varying_transmission,10,blocked_validation,sir,1.6973823372206752e-11
missing_time_varying_transmission,10,blocked_validation,tv_sir,0.8126067328872325
missing_time_varying_transmission,10,blocked_validation,ude_sir_h2,0.1687347889233186
missing_time_varying_transmission,10,waic_laplace,neural_ode_h2,9.85967654375977e-305
missing_time_varying_transmission,10,waic_laplace,seir,9.85967654375977e-305
missing_time_varying_transmission,10,waic_laplace,sir,4.61814316665725e-34
missing_time_varying_transmission,10,waic_laplace,tv_sir,1.0
missing_time_varying_transmission,10,waic_laplace,ude_sir_h2,9.85967654375977e-305
missing_time_varying_transmission,10,ogic_p,neural_ode_h2,0.005584721683567505
missing_time_varying_transmission,10,ogic_p,seir,2.1477910927197156e-10
missing_time_varying_transmission,10,ogic_p,sir,1.7000883216988615e-31
missing_time_varying_transmission,10,ogic_p,tv_sir,0.8098697030435391
missing_time_varying_transmission,10,ogic_p,ude_sir_h2,0.18454557505811434
missing_time_varying_transmission,10,gic_eff,neural_ode_h2,0.0019093144611369304
missing_time_varying_transmission,10,gic_eff,seir,4.632787775037591e-10
missing_time_varying_transmission,10,gic_eff,sir,6.011674936259864e-31
missing_time_varying_transmission,10,gic_eff,tv_sir,0.8324993837858444
missing_time_varying_transmission,10,gic_eff,ude_sir_h2,0.16559130128973992
missing_time_varying_transmission,10,gic_vol_025,neural_ode_h2,0.002067180922400479
missing_time_varying_transmission,10,gic_vol_025,seir,1.1122951450279287e-09
missing_time_varying_transmission,10,gic_vol_025,sir,1.4794992886591342e-30
missing_time_varying_transmission,10,gic_vol_025,tv_sir,0.8497424295413545
missing_time_varying_transmission,10,gic_vol_025,ude_sir_h2,0.14819038842394988
missing_time_varying_transmission,10,gic_vol_050,neural_ode_h2,0.002233189922041971
missing_time_varying_transmission,10,gic_vol_050,seir,2.6646723891896465e-09
missing_time_varying_transmission,10,gic_vol_050,sir,3.6331236306103296e-30
missing_time_varying_transmission,10,gic_vol_050,tv_sir,0.8654397368434025
missing_time_varying_transmission,10,gic_vol_050,ude_sir_h2,0.13232707056988313
missing_time_varying_transmission,10,gic_vol_100,neural_ode_h2,0.0025911698064822524
missing_time_varying_transmission,10,gic_vol_100,seir,1.5204328896520907e-08
missing_time_varying_transmission,10,gic_vol_100,sir,2.1781454718412071e-29
missing_time_varying_transmission,10,gic_vol_100,tv_sir,0.8925072674030882
missing_time_varying_transmission,10,gic_vol_100,ude_sir_h2,0.10490154758610071
missing_time_varying_transmission,10,ogic_e,neural_ode_h2,2.1821154508075455e-15
missing_time_varying_transmission,10,ogic_e,seir,3.1956281536478432e-09
missing_time_varying_transmission,10,ogic_e,sir,2.114187649041664e-30
missing_time_varying_transmission,10,ogic_e,tv_sir,0.9516286985958076
missing_time_varying_transmission,10,ogic_e,ude_sir_h2,0.04837129820856208
missing_time_varying_transmission,11,aic,neural_ode_h2,6.11629607005816e-05
missing_time_varying_transmission,11,aic,seir,3.03086665284285e-08
missing_time_varying_transmission,11,aic,sir,9.584680807762376e-25
missing_time_varying_transmission,11,aic,tv_sir,0.9956477954631819
missing_time_varying_transmission,11,aic,ude_sir_h2,0.0042910112674508566
missing_time_varying_transmission,11,aicc,neural_ode_h2,8.208442319496995e-09
missing_time_varying_transmission,11,aicc,seir,3.953229707600701e-08
missing_time_varying_transmission,11,aicc,sir,1.5074674340657306e-24
missing_time_varying_transmission,11,aicc,tv_sir,0.9999589511810529
missing_time_varying_transmission,11,aicc,ude_sir_h2,4.100107820774052e-05
missing_time_varying_transmission,11,bic,neural_ode_h2,1.9512470632022058e-08
missing_time_varying_transmission,11,bic,seir,6.811782511236133e-08
missing_time_varying_transmission,11,bic,sir,4.8203434001694665e-24
missing_time_varying_transmission,11,bic,tv_sir,0.9999845731750848
missing_time_varying_transmission,11,bic,ude_sir_h2,1.5339194619477062e-05
missing_time_varying_transmission,11,blocked_validation,neural_ode_h2,7.674198717423171e-18
missing_time_varying_transmission,11,blocked_validation,seir,0.11310603646580313
missing_time_varying_transmission,11,blocked_validation,sir,1.0366802121929548e-08
missing_time_varying_transmission,11,blocked_validation,tv_sir,0.5262685486954634
missing_time_varying_transmission,11,blocked_validation,ude_sir_h2,0.36062540447193137
missing_time_varying_transmission,11,waic_laplace,neural_ode_h2,9.85967654375977e-305
missing_time_varying_transmission,11,waic_laplace,seir,4.115803550246746e-203
missing_time_varying_transmission,11,waic_laplace,sir,1.0103531356119744e-26
missing_time_varying_transmission,11,waic_laplace,tv_sir,1.0
missing_time_varying_transmission,11,waic_laplace,ude_sir_h2,9.85967654375977e-305
missing_time_varying_transmission,11,ogic_p,neural_ode_h2,0.05783087343093709
missing_time_varying_transmission,11,ogic_p,seir,5.318573876761375e-09
missing_time_varying_transmission,11,ogic_p,sir,1.139652657750788e-25
missing_time_varying_transmission,11,ogic_p,tv_sir,0.19384911834493024
missing_time_varying_transmission,11,ogic_p,ude_sir_h2,0.7483200029055589
missing_time_varying_transmission,11,gic_eff,neural_ode_h2,0.02020828311800684
missing_time_varying_transmission,11,gic_eff,seir,1.2927393008180995e-08
missing_time_varying_transmission,11,gic_eff,sir,4.530489063594046e-25
missing_time_varying_transmission,11,gic_eff,tv_sir,0.22894088045865446
missing_time_varying_transmission,11,gic_eff,ude_sir_h2,0.7508508234959457
missing_time_varying_transmission,11,gic_vol_025,neural_ode_h2,0.019774879250806225
missing_time_varying_transmission,11,gic_vol_025,seir,3.3457367784498325e-08
missing_time_varying_transmission,11,gic_vol_025,sir,1.2034835522868595e-24
missing_time_varying_transmission,11,gic_vol_025,tv_sir,0.2545955746165537
missing_time_varying_transmission,11,gic_vol_025,ude_sir_h2,0.7256295126752722
missing_time_varying_transmission,11,gic_vol_050,neural_ode_h2,0.01927883469464413
missing_time_varying_transmission,11,gic_vol_050,seir,8.626906783817884e-08
missing_time_varying_transmission,11,gic_vol_050,sir,3.1850609594267433e-24
missing_time_varying_transmission,11,gic_vol_050,tv_sir,0.28207257872365576
missing_time_varying_transmission,11,gic_vol_050,ude_sir_h2,0.6986485003126323
missing_time_varying_transmission,11,gic_vol_100,neural_ode_h2,0.018102439894597405
missing_time_varying_transmission,11,gic_vol_100,seir,5.666360894076971e-07
missing_time_varying_transmission,11,gic_vol_100,sir,2.2039177571253186e-23
missing_time_varying_transmission,11,gic_vol_100,tv_sir,0.3420608432108905
missing_time_varying_transmission,11,gic_vol_100,ude_sir_h2,0.6398361502584227
missing_time_varying_transmission,11,ogic_e,neural_ode_h2,2.0510347056569805e-11
missing_time_varying_transmission,11,ogic_e,seir,1.6896249558615323e-07
missing_time_varying_transmission,11,ogic_e,sir,3.0556521262394403e-24
missing_time_varying_transmission,11,ogic_e,tv_sir,0.5835956658174485
missing_time_varying_transmission,11,ogic_e,ude_sir_h2,0.4164041651995456
missing_time_varying_transmission,12,aic,neural_ode_h2,1.980064907689647e-05
missing_time_varying_transmission,12,aic,seir,1.5765499456565745e-05
missing_time_varying_transmission,12,aic,sir,8.98050702783386e-21
missing_time_varying_transmission,12,aic,tv_sir,0.9987294907450899
missing_time_varying_transmission,12,aic,ude_sir_h2,0.0012349431063765632
missing_time_varying_transmission,12,aicc,neural_ode_h2,2.6491915089171945e-09
missing_time_varying_transmission,12,aicc,seir,2.0500036370953504e-05
missing_time_varying_transmission,12,aicc,sir,1.4080977943090355e-20
missing_time_varying_transmission,12,aicc,tv_sir,0.9999677336060667
missing_time_varying_transmission,12,aicc,ude_sir_h2,1.1763708370754416e-05
missing_time_varying_transmission,12,bic,neural_ode_h2,6.297243647429859e-09
missing_time_varying_transmission,12,bic,seir,3.532230086316545e-05
missing_time_varying_transmission,12,bic,sir,4.502445749668145e-20
missing_time_varying_transmission,12,bic,tv_sir,0.9999602705458694
missing_time_varying_transmission,12,bic,ude_sir_h2,4.400856023633983e-06
missing_time_varying_transmission,12,blocked_validation,neural_ode_h2,2.941228663977282e-16
missing_time_varying_transmission,12,blocked_validation,seir,0.28230191754278205
missing_time_varying_transmission,12,blocked_validation,sir,7.489978317480166e-07
missing_time_varying_transmission,12,blocked_validation,tv_sir,0.3830661260317605
missing_time_varying_transmission,12,blocked_validation,ude_sir_h2,0.3346312074276255
missing_time_varying_transmission,12,waic_laplace,neural_ode_h2,9.85967654375977e-305
missing_time_varying_transmission,12,waic_laplace,seir,9.85967654375977e-305
missing_time_varying_transmission,12,waic_laplace,sir,1.642249763874101e-22
missing_time_varying_transmission,12,waic_laplace,tv_sir,1.0
missing_time_varying_transmission,12,waic_laplace,ude_sir_h2,9.85967654375977e-305
missing_time_varying_transmission,12,ogic_p,neural_ode_h2,0.041962118527554784
missing_time_varying_transmission,12,ogic_p,seir,6.534673447975603e-06
missing_time_varying_transmission,12,ogic_p,sir,2.5158778505652603e-21
missing_time_varying_transmission,12,ogic_p,tv_sir,0.44266027486454057
missing_time_varying_transmission,12,ogic_p,ude_sir_h2,0.5153710719344566
missing_time_varying_transmission,12,gic_eff,neural_ode_h2,0.013462463887326342
missing_time_varying_transmission,12,gic_eff,seir,1.5212000633902772e-05
missing_time_varying_transmission,12,gic_eff,sir,9.559335176204465e-21
missing_time_varying_transmission,12,gic_eff,tv_sir,0.4860385549770969
missing_time_varying_transmission,12,gic_eff,ude_sir_h2,0.5004837691349429
missing_time_varying_transmission,12,gic_vol_025,neural_ode_h2,0.012029476645521103
missing_time_varying_transmission,12,gic_vol_025,seir,3.6974966850370756e-05
missing_time_varying_transmission,12,gic_vol_025,sir,2.3803308435479613e-20
missing_time_varying_transmission,12,gic_vol_025,tv_sir,0.4973267450031424
missing_time_varying_transmission,12,gic_vol_025,ude_sir_h2,0.4906068033844862
missing_time_varying_transmission,12,gic_vol_050,neural_ode_h2,0.010742138030740022
missing_time_varying_transmission,12,gic_vol_050,seir,8.981545305887231e-05
missing_time_varying_transmission,12,gic_vol_050,sir,5.923368779339685e-20
missing_time_varying_transmission,12,gic_vol_050,tv_sir,0.5085512457091725
missing_time_varying_transmission,12,gic_vol_050,ude_sir_h2,0.48061680080702857
missing_time_varying_transmission,12,gic_vol_100,neural_ode_h2,0.008548020498925423
missing_time_varying_transmission,12,gic_vol_100,seir,0.0005288401799381607
missing_time_varying_transmission,12,gic_vol_100,sir,3.6603153551763127e-19
missing_time_varying_transmission,12,gic_vol_100,tv_sir,0.5306490281208764
missing_time_varying_transmission,12,gic_vol_100,ude_sir_h2,0.4602741112002601
missing_time_varying_transmission,12,ogic_e,neural_ode_h2,1.705002174980504e-11
missing_time_varying_transmission,12,ogic_e,seir,0.00011496076634070502
missing_time_varying_transmission,12,ogic_e,sir,3.693535287380871e-20
missing_time_varying_transmission,12,ogic_e,tv_sir,0.6676967950205422
missing_time_varying_transmission,12,ogic_e,ude_sir_h2,0.332188244196067
missing_time_varying_transmission,13,aic,neural_ode_h2,9.323127507056754e-06
missing_time_varying_transmission,13,aic,seir,1.3328749226762146e-08
missing_time_varying_transmission,13,aic,sir,1.1976790614727144e-23
missing_time_varying_transmission,13,aic,tv_sir,0.9963152703478504
missing_time_varying_transmission,13,aic,ude_sir_h2,0.003675393195893248
missing_time_varying_transmission,13,aicc,neural_ode_h2,1.250389741166357e-09
missing_time_varying_transmission,13,aicc,seir,1.7373453060363044e-08
missing_time_varying_transmission,13,aicc,sir,1.882444881018479e-23
missing_time_varying_transmission,13,aicc,tv_sir,0.9999648859147212
missing_time_varying_transmission,13,aicc,ude_sir_h2,3.509546143595848e-05
missing_time_varying_transmission,13,bic,neural_ode_h2,2.9723183271006415e-09
missing_time_varying_transmission,13,bic,seir,2.993596579419198e-08
missing_time_varying_transmission,13,bic,sir,6.019365489934248e-23
missing_time_varying_transmission,13,bic,tv_sir,0.9999868373360933
missing_time_varying_transmission,13,bic,ude_sir_h2,1.3129755622437492e-05
missing_time_varying_transmission,13,blocked_validation,neural_ode_h2,1.114425736571089e-08
missing_time_varying_transmission,13,blocked_validation,seir,0.1390050621146979
missing_time_varying_transmission,13,blocked_validation,sir,6.847766304735153e-08
missing_time_varying_transmission,13,blocked_validation,tv_sir,0.4746330939450935
missing_time_varying_transmission,13,blocked_validation,ude_sir_h2,0.38636176431828806
missing_time_varying_transmission,13,waic_laplace,neural_ode_h2,9.85967654375977e-305
missing_time_varying_transmission,13,waic_laplace,seir,9.85967654375977e-305
missing_time_varying_transmission,13,waic_laplace,sir,8.341230000859457e-27
missing_time_varying_transmission,13,waic_laplace,tv_sir,1.0
missing_time_varying_transmission,13,waic_laplace,ude_sir_h2,9.85967654375977e-305
missing_time_varying_transmission,13,ogic_p,neural_ode_h2,0.010704761111402625
missing_time_varying_transmission,13,ogic_p,seir,2.689465471462949e-09
missing_time_varying_transmission,13,ogic_p,sir,1.7161652781082612e-24
missing_time_varying_transmission,13,ogic_p,tv_sir,0.27156061018286226
missing_time_varying_transmission,13,ogic_p,ude_sir_h2,0.7177346260162696
missing_time_varying_transmission,13,gic_eff,neural_ode_h2,0.003603624555953799
missing_time_varying_transmission,13,gic_eff,seir,6.026824559783229e-09
missing_time_varying_transmission,13,gic_eff,sir,6.532060714209179e-24
missing_time_varying_transmission,13,gic_eff,tv_sir,0.3464739652090218
missing_time_varying_transmission,13,gic_eff,ude_sir_h2,0.6499224042081999
missing_time_varying_transmission,13,gic_vol_025,neural_ode_h2,0.003325862221396968
missing_time_varying_transmission,13,gic_vol_025,seir,1.3662946957191613e-08
missing_time_varying_transmission,13,gic_vol_025,sir,1.5368948374568153e-23
missing_time_varying_transmission,13,gic_vol_025,tv_sir,0.3596992797599025
missing_time_varying_transmission,13,gic_vol_025,ude_sir_h2,0.6369748443557535
missing_time_varying_transmission,13,gic_vol_050,neural_ode_h2,0.0030671042498453577
missing_time_varying_transmission,13,gic_vol_050,seir,3.094993794919618e-08
missing_time_varying_transmission,13,gic_vol_050,sir,3.6132470619074296e-23
missing_time_varying_transmission,13,gic_vol_050,tv_sir,0.37313681268704785
missing_time_varying_transmission,13,gic_vol_050,ude_sir_h2,0.6237960521131689
missing_time_varying_transmission,13,gic_vol_100,neural_ode_h2,0.002602182634042297
missing_time_varying_transmission,13,gic_vol_100,seir,1.5843504526745482e-07
missing_time_varying_transmission,13,gic_vol_100,sir,1.9923486506141234e-22
missing_time_varying_transmission,13,gic_vol_100,tv_sir,0.40057682961526775
missing_time_varying_transmission,13,gic_vol_100,ude_sir_h2,0.5968208293156446
missing_time_varying_transmission,13,ogic_e,neural_ode_h2,5.964200421463679e-13
missing_time_varying_transmission,13,ogic_e,seir,5.583635511254827e-08
missing_time_varying_transmission,13,ogic_e,sir,2.9987337026256094e-23
missing_time_varying_transmission,13,ogic_e,tv_sir,0.39003247434159133
missing_time_varying_transmission,13,ogic_e,ude_sir_h2,0.6099674698214572
missing_time_varying_transmission,14,aic,neural_ode_h2,6.652730607840644e-07
missing_time_varying_transmission,14,aic,seir,7.21248674236429e-09
missing_time_varying_transmission,14,aic,sir,1.8282365176841474e-27
missing_time_varying_transmission,14,aic,tv_sir,0.9995060914024192
missing_time_varying_transmission,14,aic,ude_sir_h2,0.0004932361120333488
missing_time_varying_transmission,14,aicc,neural_ode_h2,8.894228123154509e-11
missing_time_varying_transmission,14,aicc,seir,9.371439905158487e-09
missing_time_varying_transmission,14,aicc,sir,2.864433469434377e-27
missing_time_varying_transmission,14,aicc,tv_sir,0.9999952956372633
missing_time_varying_transmission,14,aicc,ude_sir_h2,4.694902354607656e-06
missing_time_varying_transmission,14,bic,neural_ode_h2,2.1142187559214335e-10
missing_time_varying_transmission,14,bic,seir,1.6147496268812707e-08
missing_time_varying_transmission,14,bic,sir,9.159229149828454e-27
missing_time_varying_transmission,14,bic,tv_sir,0.999998227238812
missing_time_varying_transmission,14,bic,ude_sir_h2,1.7564022698922869e-06
missing_time_varying_transmission,14,blocked_validation,neural_ode_h2,5.621155074728762e-17
missing_time_varying_transmission,14,blocked_validation,seir,0.1602181364769788
missing_time_varying_transmission,14,blocked_validation,sir,2.731151890415809e-07
missing_time_varying_transmission,14,blocked_validation,tv_sir,0.39475295000643973
missing_time_varying_transmission,14,blocked_validation,ude_sir_h2,0.44502864040139245
missing_time_varying_transmission,14,waic_laplace,neural_ode_h2,9.85967654375977e-305
missing_time_varying_transmission,14,waic_laplace,seir,9.85967654375977e-305
missing_time_varying_transmission,14,waic_laplace,sir,6.167494915645507e-30
missing_time_varying_transmission,14,waic_laplace,tv_sir,1.0
missing_time_varying_transmission,14,waic_laplace,ude_sir_h2,9.85967654375977e-305
missing_time_varying_transmission,14,ogic_p,neural_ode_h2,0.002353044485667082
missing_time_varying_transmission,14,ogic_p,seir,4.438013483104917e-09
missing_time_varying_transmission,14,ogic_p,sir,7.686974049532344e-28
missing_time_varying_transmission,14,ogic_p,tv_sir,0.6953249659092294
missing_time_varying_transmission,14,ogic_p,ude_sir_h2,0.3023219851670901
missing_time_varying_transmission,14,gic_eff,neural_ode_h2,0.0007608197280586663
missing_time_varying_transmission,14,gic_eff,seir,9.474712620285028e-09
missing_time_varying_transmission,14,gic_eff,sir,2.7022901333250755e-27
missing_time_varying_transmission,14,gic_eff,tv_sir,0.7322997037047672
missing_time_varying_transmission,14,gic_eff,ude_sir_h2,0.2669394670924615
missing_time_varying_transmission,14,gic_vol_025,neural_ode_h2,0.0007631727350773269
missing_time_varying_transmission,14,gic_vol_025,seir,2.2591441033245056e-08
missing_time_varying_transmission,14,gic_vol_025,sir,6.611304116302349e-27
missing_time_varying_transmission,14,gic_vol_025,tv_sir,0.7527024636846471
missing_time_varying_transmission,14,gic_vol_025,ude_sir_h2,0.2465343409888346
missing_time_varying_transmission,14,gic_vol_050,neural_ode_h2,0.0007639072262173675
missing_time_varying_transmission,14,gic_vol_050,seir,5.375248077476742e-08
missing_time_varying_transmission,14,gic_vol_050,sir,1.6140574360490776e-26
missing_time_varying_transmission,14,gic_vol_050,tv_sir,0.7720305876517297
missing_time_varying_transmission,14,gic_vol_050,ude_sir_h2,0.2272054513695723
missing_time_varying_transmission,14,gic_vol_100,neural_ode_h2,0.0007608668784355622
missing_time_varying_transmission,14,gic_vol_100,seir,3.0251031427183193e-07
missing_time_varying_transmission,14,gic_vol_100,sir,9.563463447650305e-26
missing_time_varying_transmission,14,gic_vol_100,tv_sir,0.8074011507815221
missing_time_varying_transmission,14,gic_vol_100,ude_sir_h2,0.1918376798297281
missing_time_varying_transmission,14,ogic_e,neural_ode_h2,3.723022158144249e-14
missing_time_varying_transmission,14,ogic_e,seir,6.102696200176935e-08
missing_time_varying_transmission,14,ogic_e,sir,8.828877892016359e-27
missing_time_varying_transmission,14,ogic_e,tv_sir,0.8935779487811367
missing_time_varying_transmission,14,ogic_e,ude_sir_h2,0.10642199019186398
missing_time_varying_transmission,15,aic,neural_ode_h2,1.4302424940794271e-05
missing_time_varying_transmission,15,aic,seir,4.7579423680301515e-12
missing_time_varying_transmission,15,aic,sir,8.313223152740131e-34
missing_time_varying_transmission,15,aic,tv_sir,0.9995632452402485
missing_time_varying_transmission,15,aic,ude_sir_h2,0.0004224523300526404
missing_time_varying_transmission,15,aicc,neural_ode_h2,1.9120245605451867e-09
missing_time_varying_transmission,15,aicc,seir,6.181814042913423e-12
missing_time_varying_transmission,15,aicc,sir,1.3024206143481222e-33
missing_time_varying_transmission,15,aicc,tv_sir,0.9999959771669915
missing_time_varying_transmission,15,aicc,ude_sir_h2,4.020914802195496e-06
missing_time_varying_transmission,15,bic,neural_ode_h2,4.545011038232945e-09
missing_time_varying_transmission,15,bic,seir,1.065159447417724e-11
missing_time_varying_transmission,15,bic,sir,4.1645805364791e-33
missing_time_varying_transmission,15,bic,tv_sir,0.9999984911870808
missing_time_varying_transmission,15,bic,ude_sir_h2,1.5042572567174415e-06
missing_time_varying_transmission,15,blocked_validation,neural_ode_h2,0.026732856351576552
missing_time_varying_transmission,15,blocked_validation,seir,0.08121692974958224
missing_time_varying_transmission,15,blocked_validation,sir,3.5631680255880923e-09
missing_time_varying_transmission,15,blocked_validation,tv_sir,0.5068877875023825
missing_time_varying_transmission,15,blocked_validation,ude_sir_h2,0.38516242283329066
missing_time_varying_transmission,15,waic_laplace,neural_ode_h2,9.85967654375977e-305
missing_time_varying_transmission,15,waic_laplace,seir,5.09150157735389e-279
missing_time_varying_transmission,15,waic_laplace,sir,4.0228271081170765e-37
missing_time_varying_transmission,15,waic_laplace,tv_sir,1.0
missing_time_varying_transmission,15,waic_laplace,ude_sir_h2,9.85967654375977e-305
missing_time_varying_transmission,15,ogic_p,neural_ode_h2,0.05301962189784386
missing_time_varying_transmission,15,ogic_p,seir,3.003247398056166e-12
missing_time_varying_transmission,15,ogic_p,sir,3.5421984450425144e-34
missing_time_varying_transmission,15,ogic_p,tv_sir,0.6745967074172864
missing_time_varying_transmission,15,ogic_p,ude_sir_h2,0.2723836706818666
missing_time_varying_transmission,15,gic_eff,neural_ode_h2,0.018514035808555776
missing_time_varying_transmission,15,gic_eff,seir,6.805620620291344e-12
missing_time_varying_transmission,15,gic_eff,sir,1.3088486713059292e-33
missing_time_varying_transmission,15,gic_eff,tv_sir,0.7209791683929145
missing_time_varying_transmission,15,gic_eff,ude_sir_h2,0.2605067957917239
missing_time_varying_transmission,15,gic_vol_025,neural_ode_h2,0.018116228791900016
missing_time_varying_transmission,15,gic_vol_025,seir,1.6657569890481038e-11
missing_time_varying_transmission,15,gic_vol_025,sir,3.279818383577087e-33
missing_time_varying_transmission,15,gic_vol_025,tv_sir,0.749472856458633
missing_time_varying_transmission,15,gic_vol_025,ude_sir_h2,0.23241091473280945
missing_time_varying_transmission,15,gic_vol_050,neural_ode_h2,0.01765344618210841
missing_time_varying_transmission,15,gic_vol_050,seir,4.0602292568747293e-11
missing_time_varying_transmission,15,gic_vol_050,sir,8.184745104308824e-33
missing_time_varying_transmission,15,gic_vol_050,tv_sir,0.7758613262561248
missing_time_varying_transmission,15,gic_vol_050,ude_sir_h2,0.2064852275211644
missing_time_varying_transmission,15,gic_vol_100,neural_ode_h2,0.01657723456192601
missing_time_varying_transmission,15,gic_vol_100,seir,2.385544723795392e-10
missing_time_varying_transmission,15,gic_vol_100,sir,5.040516808817877e-32
missing_time_varying_transmission,15,gic_vol_100,tv_sir,0.8222420412279496
missing_time_varying_transmission,15,gic_vol_100,ude_sir_h2,0.16118072397156996
missing_time_varying_transmission,15,ogic_e,neural_ode_h2,5.1804243071280566e-14
missing_time_varying_transmission,15,ogic_e,seir,6.15727105959868e-11
missing_time_varying_transmission,15,ogic_e,sir,6.122503325002085e-33
missing_time_varying_transmission,15,ogic_e,tv_sir,0.9244662653134875
missing_time_varying_transmission,15,ogic_e,ude_sir_h2,0.07553373462488802
missing_time_varying_transmission,16,aic,neural_ode_h2,9.634970251691776e-06
missing_time_varying_transmission,16,aic,seir,7.104823196293246e-07
missing_time_varying_transmission,16,aic,sir,1.2900628647149253e-22
missing_time_varying_transmission,16,aic,tv_sir,0.9983385424217404
missing_time_varying_transmission,16,aic,ude_sir_h2,0.0016511121256882863
missing_time_varying_transmission,16,aicc,neural_ode_h2,1.2896180988289978e-09
missing_time_varying_transmission,16,aicc,seir,9.242234565015816e-07
missing_time_varying_transmission,16,aicc,sir,2.0235766014756676e-22
missing_time_varying_transmission,16,aicc,tv_sir,0.9999833400690443
missing_time_varying_transmission,16,aicc,ude_sir_h2,1.5734417881230327e-05
missing_time_varying_transmission,16,bic,neural_ode_h2,3.0655294264935884e-09
missing_time_varying_transmission,16,bic,seir,1.5924967975209176e-06
missing_time_varying_transmission,16,bic,sir,6.470570103155371e-22
missing_time_varying_transmission,16,bic,tv_sir,0.9999925180234687
missing_time_varying_transmission,16,bic,ude_sir_h2,5.886414204599244e-06
missing_time_varying_transmission,16,blocked_validation,neural_ode_h2,3.9454125411490536e-19
missing_time_varying_transmission,16,blocked_validation,seir,0.5764467410037112
missing_time_varying_transmission,16,blocked_validation,sir,0.00010154391696441106
missing_time_varying_transmission,16,blocked_validation,tv_sir,0.1533869694629884
missing_time_varying_transmission,16,blocked_validation,ude_sir_h2,0.2700647456163359
missing_time_varying_transmission,16,waic_laplace,neural_ode_h2,9.85967654375977e-305
missing_time_varying_transmission,16,waic_laplace,seir,9.85967654375977e-305
missing_time_varying_transmission,16,waic_laplace,sir,6.533829619614117e-25
missing_time_varying_transmission,16,waic_laplace,tv_sir,1.0
missing_time_varying_transmission,16,waic_laplace,ude_sir_h2,9.85967654375977e-305
missing_time_varying_transmission,16,ogic_p,neural_ode_h2,0.023716481344094632
missing_time_varying_transmission,16,ogic_p,seir,2.7030783970368907e-07
missing_time_varying_transmission,16,ogic_p,sir,3.3189491687365564e-23
missing_time_varying_transmission,16,ogic_p,tv_sir,0.4232587138770569
missing_time_varying_transmission,16,ogic_p,ude_sir_h2,0.5530245344710089
missing_time_varying_transmission,16,gic_eff,neural_ode_h2,0.0094656753998019
missing_time_varying_transmission,16,gic_eff,seir,6.476062906142489e-07
missing_time_varying_transmission,16,gic_eff,sir,1.2983725478839934e-22
missing_time_varying_transmission,16,gic_eff,tv_sir,0.4944550334431272
missing_time_varying_transmission,16,gic_eff,ude_sir_h2,0.49607864355078024
missing_time_varying_transmission,16,gic_vol_025,neural_ode_h2,0.00955552287939455
missing_time_varying_transmission,16,gic_vol_025,seir,1.5688367758493039e-06
missing_time_varying_transmission,16,gic_vol_025,sir,3.219413641454449e-22
missing_time_varying_transmission,16,gic_vol_025,tv_sir,0.5117618427799606
missing_time_varying_transmission,16,gic_vol_025,ude_sir_h2,0.47868106550386885
missing_time_varying_transmission,16,gic_vol_050,neural_ode_h2,0.009634487712736499
missing_time_varying_transmission,16,gic_vol_050,seir,3.7959089357719827e-06
missing_time_varying_transmission,16,gic_vol_050,sir,7.973069626584671e-22
missing_time_varying_transmission,16,gic_vol_050,tv_sir,0.5290300262281625
missing_time_varying_transmission,16,gic_vol_050,ude_sir_h2,0.4613316901501651
missing_time_varying_transmission,16,gic_vol_100,neural_ode_h2,0.009758787530904697
missing_time_varying_transmission,16,gic_vol_100,seir,2.2141688018937924e-05
missing_time_varying_transmission,16,gic_vol_100,sir,4.872389566829353e-21
missing_time_varying_transmission,16,gic_vol_100,tv_sir,0.5632796447999258
missing_time_varying_transmission,16,gic_vol_100,ude_sir_h2,0.4269394259811506
missing_time_varying_transmission,16,ogic_e,neural_ode_h2,2.6086652952450375e-15
missing_time_varying_transmission,16,ogic_e,seir,4.2618118472515585e-06
missing_time_varying_transmission,16,ogic_e,sir,4.314287964040636e-22
missing_time_varying_transmission,16,ogic_e,tv_sir,0.6328432203742812
missing_time_varying_transmission,16,ogic_e,ude_sir_h2,0.36715251781386904
missing_time_varying_transmission,17,aic,neural_ode_h2,1.2020832382891324e-06
missing_time_varying_transmission,17,aic,seir,4.391657528347082e-08
missing_time_varying_transmission,17,aic,sir,3.369527451410284e-27
missing_time_varying_transmission,17,aic,tv_sir,0.9995697994098743
missing_time_varying_transmission,17,aic,ude_sir_h2,0.0004289545903121655
missing_time_varying_transmission,17,aicc,neural_ode_h2,1.6069983551637555e-10
missing_time_varying_transmission,17,aicc,seir,5.7058759623022274e-08
missing_time_varying_transmission,17,aicc,sir,5.278954555769158e-27
missing_time_varying_transmission,17,aicc,tv_sir,0.9999958600042662
missing_time_varying_transmission,17,aicc,ude_sir_h2,4.082776274259767e-06
missing_time_varying_transmission,17,bic,neural_ode_h2,3.8199432227333107e-10
missing_time_varying_transmission,17,bic,seir,9.831527839742796e-08
missing_time_varying_transmission,17,bic,sir,1.6879824498360743e-26
missing_time_varying_transmission,17,bic,tv_sir,0.9999983739025861
missing_time_varying_transmission,17,bic,ude_sir_h2,1.5274001413831515e-06
missing_time_varying_transmission,17,blocked_validation,neural_ode_h2,2.3656766021116795e-13
missing_time_varying_transmission,17,blocked_validation,seir,0.03814956887510665
missing_time_varying_transmission,17,blocked_validation,sir,1.574514753788652e-10
missing_time_varying_transmission,17,blocked_validation,tv_sir,0.6494648285406504
missing_time_varying_transmission,17,blocked_validation,ude_sir_h2,0.31238560242655494
missing_time_varying_transmission,17,waic_laplace,neural_ode_h2,9.85967654375977e-305
missing_time_varying_transmission,17,waic_laplace,seir,9.85967654375977e-305
missing_time_varying_transmission,17,waic_laplace,sir,8.275581375934387e-30
missing_time_varying_transmission,17,waic_laplace,tv_sir,1.0
missing_time_varying_transmission,17,waic_laplace,ude_sir_h2,9.85967654375977e-305
missing_time_varying_transmission,17,ogic_p,neural_ode_h2,0.004250474929912493
missing_time_varying_transmission,17,ogic_p,seir,2.8438225696739314e-08
missing_time_varying_transmission,17,ogic_p,sir,1.4849382342046992e-27
missing_time_varying_transmission,17,ogic_p,tv_sir,0.7046730139310204
missing_time_varying_transmission,17,ogic_p,ude_sir_h2,0.2910764827008413
missing_time_varying_transmission,17,gic_eff,neural_ode_h2,0.0013333811258311348
missing_time_varying_transmission,17,gic_eff,seir,6.139104755206478e-08
missing_time_varying_transmission,17,gic_eff,sir,5.261350373923101e-27
missing_time_varying_transmission,17,gic_eff,tv_sir,0.7279568413613137
missing_time_varying_transmission,17,gic_eff,ude_sir_h2,0.27070971612180766
missing_time_varying_transmission,17,gic_vol_025,neural_ode_h2,0.0012379754513112055
missing_time_varying_transmission,17,gic_vol_025,seir,1.4875400190752498e-07
missing_time_varying_transmission,17,gic_vol_025,sir,1.3081680142444518e-26
missing_time_varying_transmission,17,gic_vol_025,tv_sir,0.7519346868564178
missing_time_varying_transmission,17,gic_vol_025,ude_sir_h2,0.2468271889382691
missing_time_varying_transmission,17,gic_vol_050,neural_ode_h2,0.001146068365827593
missing_time_varying_transmission,17,gic_vol_050,seir,3.5939583134032436e-07
missing_time_varying_transmission,17,gic_vol_050,sir,3.2431765475878083e-26
missing_time_varying_transmission,17,gic_vol_050,tv_sir,0.7744535406635753
missing_time_varying_transmission,17,gic_vol_050,ude_sir_h2,0.22440003157476565
missing_time_varying_transmission,17,gic_vol_100,neural_ode_h2,0.0009744287178558419
missing_time_varying_transmission,17,gic_vol_100,seir,2.081250496844386e-06
missing_time_varying_transmission,17,gic_vol_100,sir,1.9775491459888123e-25
missing_time_varying_transmission,17,gic_vol_100,tv_sir,0.8150203172004884
missing_time_varying_transmission,17,gic_vol_100,ude_sir_h2,0.18400317283115886
missing_time_varying_transmission,17,ogic_e,neural_ode_h2,7.988377557392305e-14
missing_time_varying_transmission,17,ogic_e,seir,4.514670568925417e-07
missing_time_varying_transmission,17,ogic_e,sir,1.992948868240455e-26
missing_time_varying_transmission,17,ogic_e,tv_sir,0.9218976735130843
missing_time_varying_transmission,17,ogic_e,ude_sir_h2,0.07810187501977907
missing_time_varying_transmission,18,aic,neural_ode_h2,1.659357086247385e-05
missing_time_varying_transmission,18,aic,seir,4.2516535027651775e-10
missing_time_varying_transmission,18,aic,sir,3.003853931269819e-28
missing_time_varying_transmission,18,aic,tv_sir,0.9979069921470607
missing_time_varying_transmission,18,aic,ude_sir_h2,0.002076413856911612
missing_time_varying_transmission,18,aicc,neural_ode_h2,2.221963931973046e-09
missing_time_varying_transmission,18,aicc,seir,5.533093185439117e-10
missing_time_varying_transmission,18,aicc,sir,4.71383085362411e-28
missing_time_varying_transmission,18,aicc,tv_sir,0.9999802013616593
missing_time_varying_transmission,18,aicc,ude_sir_h2,1.9795863067361657e-05
missing_time_varying_transmission,18,bic,neural_ode_h2,5.281809924905347e-09
missing_time_varying_transmission,18,bic,seir,9.533908048923595e-10
missing_time_varying_transmission,18,bic,sir,1.5072950951270827e-27
missing_time_varying_transmission,18,bic,tv_sir,0.9999925878967001
missing_time_varying_transmission,18,bic,ude_sir_h2,7.405868099098971e-06
missing_time_varying_transmission,18,blocked_validation,neural_ode_h2,7.009217952319858e-22
missing_time_varying_transmission,18,blocked_validation,seir,0.3027323330637955
missing_time_varying_transmission,18,blocked_validation,sir,8.905502353626506e-06
missing_time_varying_transmission,18,blocked_validation,tv_sir,0.271100978006728
missing_time_varying_transmission,18,blocked_validation,ude_sir_h2,0.4261577834271228
missing_time_varying_transmission,18,waic_laplace,neural_ode_h2,9.85967654375977e-305
missing_time_varying_transmission,18,waic_laplace,seir,9.85967654375977e-305
missing_time_varying_transmission,18,waic_laplace,sir,1.6429371477482893e-31
missing_time_varying_transmission,18,waic_laplace,tv_sir,1.0
missing_time_varying_transmission,18,waic_laplace,ude_sir_h2,9.85967654375977e-305
missing_time_varying_transmission,18,ogic_p,neural_ode_h2,0.02924465712753944
missing_time_varying_transmission,18,ogic_p,seir,1.347779635905449e-10
missing_time_varying_transmission,18,ogic_p,sir,6.499291922372227e-29
missing_time_varying_transmission,18,ogic_p,tv_sir,0.38315277628692196
missing_time_varying_transmission,18,ogic_p,ude_sir_h2,0.5876025664507607
missing_time_varying_transmission,18,gic_eff,neural_ode_h2,0.010107303963668084
missing_time_varying_transmission,18,gic_eff,seir,3.159346803660946e-10
missing_time_varying_transmission,18,gic_eff,sir,2.506376462796208e-28
missing_time_varying_transmission,18,gic_eff,tv_sir,0.4683548421028167
missing_time_varying_transmission,18,gic_eff,ude_sir_h2,0.5215378536175805
missing_time_varying_transmission,18,gic_vol_025,neural_ode_h2,0.009398633283926101
missing_time_varying_transmission,18,gic_vol_025,seir,7.412191992027911e-10
missing_time_varying_transmission,18,gic_vol_025,sir,6.036391924793473e-28
missing_time_varying_transmission,18,gic_vol_025,tv_sir,0.4869360726667924
missing_time_varying_transmission,18,gic_vol_025,ude_sir_h2,0.5036652933080623
missing_time_varying_transmission,18,gic_vol_050,neural_ode_h2,0.008727438158742539
missing_time_varying_transmission,18,gic_vol_050,seir,1.7365556935908962e-09
missing_time_varying_transmission,18,gic_vol_050,sir,1.4517814838861325e-27
missing_time_varying_transmission,18,gic_vol_050,tv_sir,0.5055470498891044
missing_time_varying_transmission,18,gic_vol_050,ude_sir_h2,0.4857255102155974
missing_time_varying_transmission,18,gic_vol_100,neural_ode_h2,0.007493980479402449
missing_time_varying_transmission,18,gic_vol_100,seir,9.49192843347173e-09
missing_time_varying_transmission,18,gic_vol_100,sir,8.3623920904101e-27
missing_time_varying_transmission,18,gic_vol_100,tv_sir,0.5426533272131883
missing_time_varying_transmission,18,gic_vol_100,ude_sir_h2,0.4498526828154808
missing_time_varying_transmission,18,ogic_e,neural_ode_h2,3.4815572335289595e-13
missing_time_varying_transmission,18,ogic_e,seir,2.3886831732408315e-09
missing_time_varying_transmission,18,ogic_e,sir,9.661159515284838e-28
missing_time_varying_transmission,18,ogic_e,tv_sir,0.617062691977806
missing_time_varying_transmission,18,ogic_e,ude_sir_h2,0.38293730563316253
missing_time_varying_transmission,19,aic,neural_ode_h2,5.623720639219875e-06
missing_time_varying_transmission,19,aic,seir,5.450668371806901e-11
missing_time_varying_transmission,19,aic,sir,1.8963964473604867e-29
missing_time_varying_transmission,19,aic,tv_sir,0.9988600473941726
missing_time_varying_transmission,19,aic,ude_sir_h2,0.001134328830681683
missing_time_varying_transmission,19,aicc,neural_ode_h2,7.523331847657747e-10
missing_time_varying_transmission,19,aicc,seir,7.086784222411938e-11
missing_time_varying_transmission,19,aicc,sir,2.973128270746578e-29
missing_time_varying_transmission,19,aicc,tv_sir,0.9999891950711532
missing_time_varying_transmission,19,aicc,ude_sir_h2,1.0804105645570532e-05
missing_time_varying_transmission,19,bic,neural_ode_h2,1.788354199115324e-09
missing_time_varying_transmission,19,bic,seir,1.221095809999618e-10
missing_time_varying_transmission,19,bic,sir,9.506824891772203e-29
missing_time_varying_transmission,19,bic,tv_sir,0.999995956167699
missing_time_varying_transmission,19,bic,ude_sir_h2,4.041921837241786e-06
missing_time_varying_transmission,19,blocked_validation,neural_ode_h2,4.6014682992269475e-23
missing_time_varying_transmission,19,blocked_validation,seir,0.45419440361574565
missing_time_varying_transmission,19,blocked_validation,sir,2.6881210976201328e-05
missing_time_varying_transmission,19,blocked_validation,tv_sir,0.15115380851673832
missing_time_varying_transmission,19,blocked_validation,ude_sir_h2,0.3946249066565399
missing_time_varying_transmission,19,waic_laplace,neural_ode_h2,9.85967654375977e-305
missing_time_varying_transmission,19,waic_laplace,seir,9.85967654375977e-305
missing_time_varying_transmission,19,waic_laplace,sir,1.3945427968245663e-32
missing_time_varying_transmission,19,waic_laplace,tv_sir,1.0
missing_time_varying_transmission,19,waic_laplace,ude_sir_h2,9.85967654375977e-305
missing_time_varying_transmission,19,ogic_p,neural_ode_h2,0.015578749359713234
missing_time_varying_transmission,19,ogic_p,seir,2.52072397613435e-11
missing_time_varying_transmission,19,ogic_p,sir,5.985546721374896e-30
missing_time_varying_transmission,19,ogic_p,tv_sir,0.5504190445250466
missing_time_varying_transmission,19,ogic_p,ude_sir_h2,0.4340022060900329
missing_time_varying_transmission,19,gic_eff,neural_ode_h2,0.005540026186957113
missing_time_varying_transmission,19,gic_eff,seir,5.7254180466718985e-11
missing_time_varying_transmission,19,gic_eff,sir,2.236484011050223e-29
missing_time_varying_transmission,19,gic_eff,tv_sir,0.6433911798583559
missing_time_varying_transmission,19,gic_eff,ude_sir_h2,0.35106879389743273
missing_time_varying_transmission,19,gic_vol_025,neural_ode_h2,0.005736721476945156
missing_time_varying_transmission,19,gic_vol_025,seir,1.3698925339374103e-10
missing_time_varying_transmission,19,gic_vol_025,sir,5.490365539908771e-29
missing_time_varying_transmission,19,gic_vol_025,tv_sir,0.6780609849407602
missing_time_varying_transmission,19,gic_vol_025,ude_sir_h2,0.3162022934453054
missing_time_varying_transmission,19,gic_vol_050,neural_ode_h2,0.005908858949506945
missing_time_varying_transmission,19,gic_vol_050,seir,3.260271034108646e-10
missing_time_varying_transmission,19,gic_vol_050,sir,1.340678463746827e-28
missing_time_varying_transmission,19,gic_vol_050,tv_sir,0.7108047478136874
missing_time_varying_transmission,19,gic_vol_050,ude_sir_h2,0.2832863929107785
missing_time_varying_transmission,19,gic_vol_100,neural_ode_h2,0.006177613175815061
missing_time_varying_transmission,19,gic_vol_100,seir,1.8198076672240742e-09
missing_time_varying_transmission,19,gic_vol_100,sir,7.877868923231557e-28
missing_time_varying_transmission,19,gic_vol_100,tv_sir,0.7697519878495792
missing_time_varying_transmission,19,gic_vol_100,ude_sir_h2,0.22407039715479793
missing_time_varying_transmission,19,ogic_e,neural_ode_h2,1.8638098019638172e-13
missing_time_varying_transmission,19,ogic_e,seir,3.9832749609852906e-10
missing_time_varying_transmission,19,ogic_e,sir,7.901326777283416e-29
missing_time_varying_transmission,19,ogic_e,tv_sir,0.8065871987558135
missing_time_varying_transmission,19,ogic_e,ude_sir_h2,0.19341280084567272
noisy_sir_overfit_risk,0,aic,neural_ode_h2,1.512791877703111e-06
noisy_sir_overfit_risk,0,aic,seir,0.3860081478092055
noisy_sir_overfit_risk,0,aic,sir,0.4344820209741316
noisy_sir_overfit_risk,0,aic,tv_sir,0.17933974868414423
noisy_sir_overfit_risk,0,aic,ude_sir_h2,0.0001685697406410547
noisy_sir_overfit_risk,0,aicc,neural_ode_h2,6.993163431874464e-13
noisy_sir_overfit_risk,0,aicc,seir,0.36094983105509654
noisy_sir_overfit_risk,0,aicc,sir,0.5212687967620496
noisy_sir_overfit_risk,0,aicc,tv_sir,0.11778126405807507
noisy_sir_overfit_risk,0,aicc,ude_sir_h2,1.0812407937986516e-07
noisy_sir_overfit_risk,0,bic,neural_ode_h2,6.132055965731109e-10
noisy_sir_overfit_risk,0,bic,seir,0.28865101244136987
noisy_sir_overfit_risk,0,bic,sir,0.6436546932111734
noisy_sir_overfit_risk,0,bic,tv_sir,0.06769376245837574
noisy_sir_overfit_risk,0,bic,ude_sir_h2,5.312758754033701e-07
noisy_sir_overfit_risk,0,blocked_validation,neural_ode_h2,0.003958869140881123
noisy_sir_overfit_risk,0,blocked_validation,seir,0.21170295470953027
noisy_sir_overfit_risk,0,blocked_validation,sir,0.2980507797142413
noisy_sir_overfit_risk,0,blocked_validation,tv_sir,0.23342769728296509
noisy_sir_overfit_risk,0,blocked_validation,ude_sir_h2,0.2528596991523822
noisy_sir_overfit_risk,0,waic_laplace,neural_ode_h2,6.264483840531828e-184
noisy_sir_overfit_risk,0,waic_laplace,seir,2.1377517792669507e-34
noisy_sir_overfit_risk,0,waic_laplace,sir,0.30118742511750357
noisy_sir_overfit_risk,0,waic_laplace,tv_sir,0.6988125748824964
noisy_sir_overfit_risk,0,waic_laplace,ude_sir_h2,3.786771506947439e-130
noisy_sir_overfit_risk,0,ogic_p,neural_ode_h2,0.020959006740158177
noisy_sir_overfit_risk,0,ogic_p,seir,0.3720550115963262
noisy_sir_overfit_risk,0,ogic_p,sir,0.1826493455068874
noisy_sir_overfit_risk,0,ogic_p,tv_sir,0.1978053394638481
noisy_sir_overfit_risk,0,ogic_p,ude_sir_h2,0.2265312966927802
noisy_sir_overfit_risk,0,gic_eff,neural_ode_h2,0.009527711105920957
noisy_sir_overfit_risk,0,gic_eff,seir,0.44859379912498276
noisy_sir_overfit_risk,0,gic_eff,sir,0.24740381364348524
noisy_sir_overfit_risk,0,gic_eff,tv_sir,0.1320102672436066
noisy_sir_overfit_risk,0,gic_eff,ude_sir_h2,0.16246440888200447
noisy_sir_overfit_risk,0,gic_vol_025,neural_ode_h2,0.008766386946740763
noisy_sir_overfit_risk,0,gic_vol_025,seir,0.5125434822664775
noisy_sir_overfit_risk,0,gic_vol_025,sir,0.26393358717864346
noisy_sir_overfit_risk,0,gic_vol_025,tv_sir,0.0864533762538432
noisy_sir_overfit_risk,0,gic_vol_025,ude_sir_h2,0.12830316735429495
noisy_sir_overfit_risk,0,gic_vol_050,neural_ode_h2,0.007806817020117603
noisy_sir_overfit_risk,0,gic_vol_050,seir,0.5667995176833471
noisy_sir_overfit_risk,0,gic_vol_050,sir,0.27252367614035483
noisy_sir_overfit_risk,0,gic_vol_050,tv_sir,0.054799615870038405
noisy_sir_overfit_risk,0,gic_vol_050,ude_sir_h2,0.09807037328614195
noisy_sir_overfit_risk,0,gic_vol_100,neural_ode_h2,0.00579053274965578
noisy_sir_overfit_risk,0,gic_vol_100,seir,0.6482832188779989
noisy_sir_overfit_risk,0,gic_vol_100,sir,0.271744766777978
noisy_sir_overfit_risk,0,gic_vol_100,tv_sir,0.020592374129466684
noisy_sir_overfit_risk,0,gic_vol_100,ude_sir_h2,0.053589107464900684
noisy_sir_overfit_risk,0,ogic_e,neural_ode_h2,1.0518260035507215e-08
noisy_sir_overfit_risk,0,ogic_e,seir,0.45605133976771417
noisy_sir_overfit_risk,0,ogic_e,sir,0.25824096492841675
noisy_sir_overfit_risk,0,ogic_e,tv_sir,0.10860821629715453
noisy_sir_overfit_risk,0,ogic_e,ude_sir_h2,0.17709946848845456
noisy_sir_overfit_risk,1,aic,neural_ode_h2,1.7453974870981355e-06
noisy_sir_overfit_risk,1,aic,seir,0.17634438685191003
noisy_sir_overfit_risk,1,aic,sir,0.6787407526115135
noisy_sir_overfit_risk,1,aic,tv_sir,0.14479555295478813
noisy_sir_overfit_risk,1,aic,ude_sir_h2,0.00011756218430119442
noisy_sir_overfit_risk,1,aicc,neural_ode_h2,7.510341721563241e-13
noisy_sir_overfit_risk,1,aicc,seir,0.15349098360254532
noisy_sir_overfit_risk,1,aicc,sir,0.7579921400120279
noisy_sir_overfit_risk,1,aicc,tv_sir,0.08851680619369531
noisy_sir_overfit_risk,1,aicc,ude_sir_h2,7.019098038882236e-08
noisy_sir_overfit_risk,1,bic,neural_ode_h2,5.935184642468817e-10
noisy_sir_overfit_risk,1,bic,seir,0.11062447326536899
noisy_sir_overfit_risk,1,bic,sir,0.8435251158437853
noisy_sir_overfit_risk,1,bic,tv_sir,0.04585009946864589
noisy_sir_overfit_risk,1,bic,ude_sir_h2,3.108286811759218e-07
noisy_sir_overfit_risk,1,blocked_validation,neural_ode_h2,0.0053179696314908246
noisy_sir_overfit_risk,1,blocked_validation,seir,0.014563546051364567
noisy_sir_overfit_risk,1,blocked_validation,sir,0.3272782381839239
noisy_sir_overfit_risk,1,blocked_validation,tv_sir,0.3270122031797139
noisy_sir_overfit_risk,1,blocked_validation,ude_sir_h2,0.3258280429535069
noisy_sir_overfit_risk,1,waic_laplace,neural_ode_h2,1.7337615790697217e-83
noisy_sir_overfit_risk,1,waic_laplace,sir,0.7703697552207712
noisy_sir_overfit_risk,1,waic_laplace,tv_sir,0.2296302447792289
noisy_sir_overfit_risk,1,waic_laplace,ude_sir_h2,1.4117253691191376e-58
noisy_sir_overfit_risk,1,ogic_p,neural_ode_h2,0.03570849708302314
noisy_sir_overfit_risk,1,ogic_p,seir,0.14674630961818397
noisy_sir_overfit_risk,1,ogic_p,sir,0.3667604436626835
noisy_sir_overfit_risk,1,ogic_p,tv_sir,0.21390965735895717
noisy_sir_overfit_risk,1,ogic_p,ude_sir_h2,0.23687509227715223
noisy_sir_overfit_risk,1,gic_eff,neural_ode_h2,0.018119501819488338
noisy_sir_overfit_risk,1,gic_eff,seir,0.13684156091419555
noisy_sir_overfit_risk,1,gic_eff,sir,0.504353925822685
noisy_sir_overfit_risk,1,gic_eff,tv_sir,0.1490696947650746
noisy_sir_overfit_risk,1,gic_eff,ude_sir_h2,0.19161531667855647
noisy_sir_overfit_risk,1,gic_vol_025,neural_ode_h2,0.01950000003144177
noisy_sir_overfit_risk,1,gic_vol_025,seir,0.14331783455826091
noisy_sir_overfit_risk,1,gic_vol_025,sir,0.5577324639908781
noisy_sir_overfit_risk,1,gic_vol_025,tv_sir,0.10122177632114485
noisy_sir_overfit_risk,1,gic_vol_025,ude_sir_h2,0.1782279250982744
noisy_sir_overfit_risk,1,gic_vol_050,neural_ode_h2,0.02052681142958437
noisy_sir_overfit_risk,1,gic_vol_050,seir,0.14681856579394886
noisy_sir_overfit_risk,1,gic_vol_050,sir,0.6032744943693024
noisy_sir_overfit_risk,1,gic_vol_050,tv_sir,0.06722906450267473
noisy_sir_overfit_risk,1,gic_vol_050,ude_sir_h2,0.1621510639044898
noisy_sir_overfit_risk,1,gic_vol_100,neural_ode_h2,0.021734476074935314
noisy_sir_overfit_risk,1,gic_vol_100,seir,0.1472300225173207
noisy_sir_overfit_risk,1,gic_vol_100,sir,0.6744456629288706
noisy_sir_overfit_risk,1,gic_vol_100,tv_sir,0.028338523395232157
noisy_sir_overfit_risk,1,gic_vol_100,ude_sir_h2,0.1282513150836412
noisy_sir_overfit_risk,1,ogic_e,neural_ode_h2,7.045437103469173e-07
noisy_sir_overfit_risk,1,ogic_e,seir,0.05479712592423968
noisy_sir_overfit_risk,1,ogic_e,sir,0.5169733897845475
noisy_sir_overfit_risk,1,ogic_e,tv_sir,0.11542202201681973
noisy_sir_overfit_risk,1,ogic_e,ude_sir_h2,0.31280675773068267
noisy_sir_overfit_risk,2,aic,neural_ode_h2,5.666248943758859e-07
noisy_sir_overfit_risk,2,aic,seir,0.43282608542214024
noisy_sir_overfit_risk,2,aic,sir,0.36787699430001086
noisy_sir_overfit_risk,2,aic,tv_sir,0.19911968229473923
noisy_sir_overfit_risk,2,aic,ude_sir_h2,0.00017667135821546574
noisy_sir_overfit_risk,2,aicc,neural_ode_h2,2.68137684985209e-13
noisy_sir_overfit_risk,2,aicc,seir,0.4143158123330401
noisy_sir_overfit_risk,2,aicc,sir,0.4518145981585955
noisy_sir_overfit_risk,2,aicc,tv_sir,0.13386947350310857
noisy_sir_overfit_risk,2,aicc,ude_sir_h2,1.1600498772444583e-07
noisy_sir_overfit_risk,2,bic,neural_ode_h2,2.433549556841329e-10
noisy_sir_overfit_risk,2,bic,seir,0.342931720111183
noisy_sir_overfit_risk,2,bic,sir,0.5774327043034907
noisy_sir_overfit_risk,2,bic,tv_sir,0.07963498537969534
noisy_sir_overfit_risk,2,bic,ude_sir_h2,5.899622761297495e-07
noisy_sir_overfit_risk,2,blocked_validation,neural_ode_h2,0.09256251919407534
noisy_sir_overfit_risk,2,blocked_validation,seir,0.26626345186346984
noisy_sir_overfit_risk,2,blocked_validation,sir,0.13403769117340644
noisy_sir_overfit_risk,2,blocked_validation,tv_sir,0.26465156881885693
noisy_sir_overfit_risk,2,blocked_validation,ude_sir_h2,0.2424847689501915
noisy_sir_overfit_risk,2,waic_laplace,neural_ode_h2,1.068250800994003e-79
noisy_sir_overfit_risk,2,waic_laplace,seir,6.304873644918319e-37
noisy_sir_overfit_risk,2,waic_laplace,sir,0.29399283502902646
noisy_sir_overfit_risk,2,waic_laplace,tv_sir,0.7060071649709736
noisy_sir_overfit_risk,2,waic_laplace,ude_sir_h2,9.626697552588596e-32
noisy_sir_overfit_risk,2,ogic_p,neural_ode_h2,0.0082947054087478
noisy_sir_overfit_risk,2,ogic_p,seir,0.38146022098572385
noisy_sir_overfit_risk,2,ogic_p,sir,0.15328660011267348
noisy_sir_overfit_risk,2,ogic_p,tv_sir,0.22165616767348717
noisy_sir_overfit_risk,2,ogic_p,ude_sir_h2,0.23530230581936787
noisy_sir_overfit_risk,2,gic_eff,neural_ode_h2,0.004080527372994949
noisy_sir_overfit_risk,2,gic_eff,seir,0.45088674991909156
noisy_sir_overfit_risk,2,gic_eff,sir,0.21508634144611538
noisy_sir_overfit_risk,2,gic_eff,tv_sir,0.1551442883646078
noisy_sir_overfit_risk,2,gic_eff,ude_sir_h2,0.17480209289719031
noisy_sir_overfit_risk,2,gic_vol_025,neural_ode_h2,0.004001049415037146
noisy_sir_overfit_risk,2,gic_vol_025,seir,0.5192312297374767
noisy_sir_overfit_risk,2,gic_vol_025,sir,0.2324070897172539
noisy_sir_overfit_risk,2,gic_vol_025,tv_sir,0.10400518121169294
noisy_sir_overfit_risk,2,gic_vol_025,ude_sir_h2,0.14035544991853946
noisy_sir_overfit_risk,2,gic_vol_050,neural_ode_h2,0.003788987087447112
noisy_sir_overfit_risk,2,gic_vol_050,seir,0.5774916762110273
noisy_sir_overfit_risk,2,gic_vol_050,sir,0.24253672150075664
noisy_sir_overfit_risk,2,gic_vol_050,tv_sir,0.06733885829409127
noisy_sir_overfit_risk,2,gic_vol_050,ude_sir_h2,0.10884375690667772
noisy_sir_overfit_risk,2,gic_vol_100,neural_ode_h2,0.0031592123199825884
noisy_sir_overfit_risk,2,gic_vol_100,seir,0.6641601957675772
noisy_sir_overfit_risk,2,gic_vol_100,sir,0.24557889017640266
noisy_sir_overfit_risk,2,gic_vol_100,tv_sir,0.02624487842793618
noisy_sir_overfit_risk,2,gic_vol_100,ude_sir_h2,0.060856823308101216
noisy_sir_overfit_risk,2,ogic_e,neural_ode_h2,8.086423958961546e-09
noisy_sir_overfit_risk,2,ogic_e,seir,0.48748860729726967
noisy_sir_overfit_risk,2,ogic_e,sir,0.2157659628627441
noisy_sir_overfit_risk,2,ogic_e,tv_sir,0.1220212601236125
noisy_sir_overfit_risk,2,ogic_e,ude_sir_h2,0.17472416162994991
noisy_sir_overfit_risk,3,aic,neural_ode_h2,1.8312612979724936e-06
noisy_sir_overfit_risk,3,aic,seir,0.15409414231021407
noisy_sir_overfit_risk,3,aic,sir,0.7364504703567922
noisy_sir_overfit_risk,3,aic,tv_sir,0.10935990548420678
noisy_sir_overfit_risk,3,aic,ude_sir_h2,9.365058748879509e-05
noisy_sir_overfit_risk,3,aicc,neural_ode_h2,7.699496441402706e-13
noisy_sir_overfit_risk,3,aicc,seir,0.13105512609580106
noisy_sir_overfit_risk,3,aicc,sir,0.8036204399412318
noisy_sir_overfit_risk,3,aicc,tv_sir,0.06532437932721301
noisy_sir_overfit_risk,3,aicc,ude_sir_h2,5.463498420788699e-08
noisy_sir_overfit_risk,3,bic,neural_ode_h2,5.950229881874813e-10
noisy_sir_overfit_risk,3,bic,seir,0.09236751184435084
noisy_sir_overfit_risk,3,bic,sir,0.874543016152386
noisy_sir_overfit_risk,3,bic,tv_sir,0.03308923481219272
noisy_sir_overfit_risk,3,bic,ude_sir_h2,2.3659604731423109e-07
noisy_sir_overfit_risk,3,blocked_validation,neural_ode_h2,0.019430038116709725
noisy_sir_overfit_risk,3,blocked_validation,seir,0.0738691226690326
noisy_sir_overfit_risk,3,blocked_validation,sir,0.29363363018830146
noisy_sir_overfit_risk,3,blocked_validation,tv_sir,0.3201446577683143
noisy_sir_overfit_risk,3,blocked_validation,ude_sir_h2,0.29292255125764194
noisy_sir_overfit_risk,3,waic_laplace,neural_ode_h2,1.7809523391802621e-97
noisy_sir_overfit_risk,3,waic_laplace,seir,0.134391444541052
noisy_sir_overfit_risk,3,waic_laplace,sir,0.6599741308015615
noisy_sir_overfit_risk,3,waic_laplace,tv_sir,0.20563442465738654
noisy_sir_overfit_risk,3,waic_laplace,ude_sir_h2,5.472943137673597e-59
noisy_sir_overfit_risk,3,ogic_p,neural_ode_h2,0.03799678541794872
noisy_sir_overfit_risk,3,ogic_p,seir,0.10110115146813559
noisy_sir_overfit_risk,3,ogic_p,sir,0.42590933191333724
noisy_sir_overfit_risk,3,ogic_p,tv_sir,0.1695663325720538
noisy_sir_overfit_risk,3,ogic_p,ude_sir_h2,0.2654263986285247
noisy_sir_overfit_risk,3,gic_eff,neural_ode_h2,0.01759529415703702
noisy_sir_overfit_risk,3,gic_eff,seir,0.07243053363476952
noisy_sir_overfit_risk,3,gic_eff,sir,0.5545310114170116
noisy_sir_overfit_risk,3,gic_eff,tv_sir,0.1103954238340762
noisy_sir_overfit_risk,3,gic_eff,ude_sir_h2,0.24504773695710563
noisy_sir_overfit_risk,3,gic_vol_025,neural_ode_h2,0.017911434797147817
noisy_sir_overfit_risk,3,gic_vol_025,seir,0.06993630462118842
noisy_sir_overfit_risk,3,gic_vol_025,sir,0.5983408082132292
noisy_sir_overfit_risk,3,gic_vol_025,tv_sir,0.0725112194227518
noisy_sir_overfit_risk,3,gic_vol_025,ude_sir_h2,0.24130023294568284
noisy_sir_overfit_risk,3,gic_vol_050,neural_ode_h2,0.01793533787550901
noisy_sir_overfit_risk,3,gic_vol_050,seir,0.06642461075276801
noisy_sir_overfit_risk,3,gic_vol_050,sir,0.6350629118636292
noisy_sir_overfit_risk,3,gic_vol_050,tv_sir,0.04684947059818487
noisy_sir_overfit_risk,3,gic_vol_050,ude_sir_h2,0.23372766890990884
noisy_sir_overfit_risk,3,gic_vol_100,neural_ode_h2,0.017422979718951907
noisy_sir_overfit_risk,3,gic_vol_100,seir,0.0580545401110541
noisy_sir_overfit_risk,3,gic_vol_100,sir,0.6931185146584611
noisy_sir_overfit_risk,3,gic_vol_100,tv_sir,0.018947771639457506
noisy_sir_overfit_risk,3,gic_vol_100,ude_sir_h2,0.21245619387207526
noisy_sir_overfit_risk,3,ogic_e,neural_ode_h2,3.1076146306022364e-07
noisy_sir_overfit_risk,3,ogic_e,seir,0.06453235452142587
noisy_sir_overfit_risk,3,ogic_e,sir,0.5053274204894194
noisy_sir_overfit_risk,3,ogic_e,tv_sir,0.07679783793744
noisy_sir_overfit_risk,3,ogic_e,ude_sir_h2,0.3533420762902517
noisy_sir_overfit_risk,4,aic,neural_ode_h2,1.0269489769379033e-07
noisy_sir_overfit_risk,4,aic,seir,0.36667893047963984
noisy_sir_overfit_risk,4,aic,sir,0.5345440821678741
noisy_sir_overfit_risk,4,aic,tv_sir,0.09869907917012608
noisy_sir_overfit_risk,4,aic,ude_sir_h2,7.780548746234868e-05
noisy_sir_overfit_risk,4,aicc,neural_ode_h2,4.525453056963566e-14
noisy_sir_overfit_risk,4,aicc,seir,0.3268549232071953
noisy_sir_overfit_risk,4,aicc,sir,0.6113531420848723
noisy_sir_overfit_risk,4,aicc,tv_sir,0.0617918871336606
noisy_sir_overfit_risk,4,aicc,ude_sir_h2,4.7574226498237424e-08
noisy_sir_overfit_risk,4,bic,neural_ode_h2,3.772816664459325e-11
noisy_sir_overfit_risk,4,bic,seir,0.24851492636000125
noisy_sir_overfit_risk,4,bic,sir,0.7177192019768311
noisy_sir_overfit_risk,4,bic,tv_sir,0.03376564937603085
noisy_sir_overfit_risk,4,bic,ude_sir_h2,2.2224940870920863e-07
noisy_sir_overfit_risk,4,blocked_validation,neural_ode_h2,0.03997712753454744
noisy_sir_overfit_risk,4,blocked_validation,seir,0.1070210484296255
noisy_sir_overfit_risk,4,blocked_validation,sir,0.2970141967660799
noisy_sir_overfit_risk,4,blocked_validation,tv_sir,0.26306042850752664
noisy_sir_overfit_risk,4,blocked_validation,ude_sir_h2,0.2929271987622205
noisy_sir_overfit_risk,4,waic_laplace,neural_ode_h2,3.950519135028989e-176
noisy_sir_overfit_risk,4,waic_laplace,seir,0.23794109968754695
noisy_sir_overfit_risk,4,waic_laplace,sir,0.5864371213619839
noisy_sir_overfit_risk,4,waic_laplace,tv_sir,0.17562177895046913
noisy_sir_overfit_risk,4,waic_laplace,ude_sir_h2,5.974771248083515e-39
noisy_sir_overfit_risk,4,ogic_p,neural_ode_h2,0.0026765019101429926
noisy_sir_overfit_risk,4,ogic_p,seir,0.26647806092374743
noisy_sir_overfit_risk,4,ogic_p,sir,0.3483739179243964
noisy_sir_overfit_risk,4,ogic_p,tv_sir,0.17892120851961746
noisy_sir_overfit_risk,4,ogic_p,ude_sir_h2,0.20355031072209567
noisy_sir_overfit_risk,4,gic_eff,neural_ode_h2,0.0014399925608931153
noisy_sir_overfit_risk,4,gic_eff,seir,0.20353144648865648
noisy_sir_overfit_risk,4,gic_eff,sir,0.48929919862951393
noisy_sir_overfit_risk,4,gic_eff,tv_sir,0.1288597483017097
noisy_sir_overfit_risk,4,gic_eff,ude_sir_h2,0.1768696140192268
noisy_sir_overfit_risk,4,gic_vol_025,neural_ode_h2,0.0015737636483655543
noisy_sir_overfit_risk,4,gic_vol_025,seir,0.20106770340596042
noisy_sir_overfit_risk,4,gic_vol_025,sir,0.5399728624928378
noisy_sir_overfit_risk,4,gic_vol_025,tv_sir,0.08908669067225337
noisy_sir_overfit_risk,4,gic_vol_025,ude_sir_h2,0.16829897978058295
noisy_sir_overfit_risk,4,gic_vol_050,neural_ode_h2,0.0016895802815821538
noisy_sir_overfit_risk,4,gic_vol_050,seir,0.1951251175163629
noisy_sir_overfit_risk,4,gic_vol_050,sir,0.58536860371304
noisy_sir_overfit_risk,4,gic_vol_050,tv_sir,0.06050181954329041
noisy_sir_overfit_risk,4,gic_vol_050,ude_sir_h2,0.1573148789457244
noisy_sir_overfit_risk,4,gic_vol_100,neural_ode_h2,0.0018743217518974997
noisy_sir_overfit_risk,4,gic_vol_100,seir,0.17686486426480352
noisy_sir_overfit_risk,4,gic_vol_100,sir,0.6621114147084983
noisy_sir_overfit_risk,4,gic_vol_100,tv_sir,0.026857545619054075
noisy_sir_overfit_risk,4,gic_vol_100,ude_sir_h2,0.13229185365574664
noisy_sir_overfit_risk,4,ogic_e,neural_ode_h2,4.900484824879661e-08
noisy_sir_overfit_risk,4,ogic_e,seir,0.148720710299714
noisy_sir_overfit_risk,4,ogic_e,sir,0.4705532187765716
noisy_sir_overfit_risk,4,ogic_e,tv_sir,0.09684653826456537
noisy_sir_overfit_risk,4,ogic_e,ude_sir_h2,0.28387948365430066
noisy_sir_overfit_risk,5,aic,neural_ode_h2,5.41613476621352e-07
noisy_sir_overfit_risk,5,aic,seir,0.18474901513966235
noisy_sir_overfit_risk,5,aic,sir,0.7152110688740211
noisy_sir_overfit_risk,5,aic,tv_sir,0.09994802174518867
noisy_sir_overfit_risk,5,aic,ude_sir_h2,9.135262765117707e-05
noisy_sir_overfit_risk,5,aicc,neural_ode_h2,2.2834285675534404e-13
noisy_sir_overfit_risk,5,aicc,seir,0.1575563739320221
noisy_sir_overfit_risk,5,aicc,sir,0.7825779738121532
noisy_sir_overfit_risk,5,aicc,tv_sir,0.059865598815488925
noisy_sir_overfit_risk,5,aicc,ude_sir_h2,5.344010738114973e-08
noisy_sir_overfit_risk,5,bic,neural_ode_h2,1.7770667135447413e-10
noisy_sir_overfit_risk,5,bic,seir,0.11182684944960071
noisy_sir_overfit_risk,5,bic,sir,0.8576354058512559
noisy_sir_overfit_risk,5,bic,tv_sir,0.03053751147156686
noisy_sir_overfit_risk,5,bic,ude_sir_h2,2.3304987000663104e-07
noisy_sir_overfit_risk,5,blocked_validation,neural_ode_h2,0.03960300392380979
noisy_sir_overfit_risk,5,blocked_validation,seir,0.09382458714103707
noisy_sir_overfit_risk,5,blocked_validation,sir,0.28395851378346443
noisy_sir_overfit_risk,5,blocked_validation,tv_sir,0.29813107226268953
noisy_sir_overfit_risk,5,blocked_validation,ude_sir_h2,0.28448282288899907
noisy_sir_overfit_risk,5,waic_laplace,neural_ode_h2,2.6021509432137384e-57
noisy_sir_overfit_risk,5,waic_laplace,seir,0.0436276681857463
noisy_sir_overfit_risk,5,waic_laplace,sir,0.7363361574596304
noisy_sir_overfit_risk,5,waic_laplace,tv_sir,0.22003617435462333
noisy_sir_overfit_risk,5,waic_laplace,ude_sir_h2,4.337115945759897e-115
noisy_sir_overfit_risk,5,ogic_p,neural_ode_h2,0.011703418980049696
noisy_sir_overfit_risk,5,ogic_p,seir,0.16174937654453259
noisy_sir_overfit_risk,5,ogic_p,sir,0.4151812396748007
noisy_sir_overfit_risk,5,ogic_p,tv_sir,0.15593329975609566
noisy_sir_overfit_risk,5,ogic_p,ude_sir_h2,0.2554326650445214
noisy_sir_overfit_risk,5,gic_eff,neural_ode_h2,0.005440012674610471
noisy_sir_overfit_risk,5,gic_eff,seir,0.1378001804474065
noisy_sir_overfit_risk,5,gic_eff,sir,0.5291120601759909
noisy_sir_overfit_risk,5,gic_eff,tv_sir,0.09953404291483994
noisy_sir_overfit_risk,5,gic_eff,ude_sir_h2,0.22811370378715223
noisy_sir_overfit_risk,5,gic_vol_025,neural_ode_h2,0.005753393762927032
noisy_sir_overfit_risk,5,gic_vol_025,seir,0.1400824012661023
noisy_sir_overfit_risk,5,gic_vol_025,sir,0.5668241415469374
noisy_sir_overfit_risk,5,gic_vol_025,tv_sir,0.06525461911261525
noisy_sir_overfit_risk,5,gic_vol_025,ude_sir_h2,0.22208544431141794
noisy_sir_overfit_risk,5,gic_vol_050,neural_ode_h2,0.005996624207991228
noisy_sir_overfit_risk,5,gic_vol_050,seir,0.14033820519656248
noisy_sir_overfit_risk,5,gic_vol_050,sir,0.5984220204123845
noisy_sir_overfit_risk,5,gic_vol_050,tv_sir,0.04216085622065544
noisy_sir_overfit_risk,5,gic_vol_050,ude_sir_h2,0.21308229396240638
noisy_sir_overfit_risk,5,gic_vol_100,neural_ode_h2,0.006336183814106964
noisy_sir_overfit_risk,5,gic_vol_100,seir,0.13699857874090912
noisy_sir_overfit_risk,5,gic_vol_100,sir,0.6487561435935505
noisy_sir_overfit_risk,5,gic_vol_100,tv_sir,0.01711832279563115
noisy_sir_overfit_risk,5,gic_vol_100,ude_sir_h2,0.19079077105580225
noisy_sir_overfit_risk,5,ogic_e,neural_ode_h2,2.1842712375785914e-07
noisy_sir_overfit_risk,5,ogic_e,seir,0.08444588953163935
noisy_sir_overfit_risk,5,ogic_e,sir,0.49863758269295383
noisy_sir_overfit_risk,5,ogic_e,tv_sir,0.07309258814361502
noisy_sir_overfit_risk,5,ogic_e,ude_sir_h2,0.3438237212046683
noisy_sir_overfit_risk,6,aic,neural_ode_h2,7.138128733818219e-07
noisy_sir_overfit_risk,6,aic,seir,0.31182725917666515
noisy_sir_overfit_risk,6,aic,sir,0.5821969802518789
noisy_sir_overfit_risk,6,aic,tv_sir,0.10588600942879065
noisy_sir_overfit_risk,6,aic,ude_sir_h2,8.903732979199593e-05
noisy_sir_overfit_risk,6,aicc,neural_ode_h2,3.1140883622746625e-13
noisy_sir_overfit_risk,6,aicc,seir,0.27517977433940044
noisy_sir_overfit_risk,6,aicc,sir,0.6591920013798847
noisy_sir_overfit_risk,6,aicc,tv_sir,0.06562817038310569
noisy_sir_overfit_risk,6,aicc,ude_sir_h2,5.389729791654271e-08
noisy_sir_overfit_risk,6,bic,neural_ode_h2,2.5478492871936623e-10
noisy_sir_overfit_risk,6,bic,seir,0.205330338708529
noisy_sir_overfit_risk,6,bic,sir,0.7594750508457971
noisy_sir_overfit_risk,6,bic,tv_sir,0.03519436308958518
noisy_sir_overfit_risk,6,bic,ude_sir_h2,2.471013037642147e-07
noisy_sir_overfit_risk,6,blocked_validation,neural_ode_h2,0.02655008629084874
noisy_sir_overfit_risk,6,blocked_validation,seir,0.23835827997614192
noisy_sir_overfit_risk,6,blocked_validation,sir,0.22036347116064933
noisy_sir_overfit_risk,6,blocked_validation,tv_sir,0.2752343720632995
noisy_sir_overfit_risk,6,blocked_validation,ude_sir_h2,0.23949379050906053
noisy_sir_overfit_risk,6,waic_laplace,neural_ode_h2,3.171521321812943e-134
noisy_sir_overfit_risk,6,waic_laplace,seir,1.3025921350482793e-22
noisy_sir_overfit_risk,6,waic_laplace,sir,0.5863071136272429
noisy_sir_overfit_risk,6,waic_laplace,tv_sir,0.41369288637275714
noisy_sir_overfit_risk,6,waic_laplace,ude_sir_h2,7.67250588480809e-26
noisy_sir_overfit_risk,6,ogic_p,neural_ode_h2,0.012930459875304839
noisy_sir_overfit_risk,6,ogic_p,seir,0.36226500721394145
noisy_sir_overfit_risk,6,ogic_p,sir,0.3056479281570226
noisy_sir_overfit_risk,6,ogic_p,tv_sir,0.14341805636583116
noisy_sir_overfit_risk,6,ogic_p,ude_sir_h2,0.1757385483879
noisy_sir_overfit_risk,6,gic_eff,neural_ode_h2,0.005606569023388098
noisy_sir_overfit_risk,6,gic_eff,seir,0.3940761163798819
noisy_sir_overfit_risk,6,gic_eff,sir,0.3826907546126071
noisy_sir_overfit_risk,6,gic_eff,tv_sir,0.08746215827432907
noisy_sir_overfit_risk,6,gic_eff,ude_sir_h2,0.13016440170979385
noisy_sir_overfit_risk,6,gic_vol_025,neural_ode_h2,0.005529642310836765
noisy_sir_overfit_risk,6,gic_vol_025,seir,0.4319468162592708
noisy_sir_overfit_risk,6,gic_vol_025,sir,0.39768459018339564
noisy_sir_overfit_risk,6,gic_vol_025,tv_sir,0.05468510347160177
noisy_sir_overfit_risk,6,gic_vol_025,ude_sir_h2,0.11015384777489513
noisy_sir_overfit_risk,6,gic_vol_050,neural_ode_h2,0.00534899708851637
noisy_sir_overfit_risk,6,gic_vol_050,seir,0.46436116884471507
noisy_sir_overfit_risk,6,gic_vol_050,sir,0.4053265117336117
noisy_sir_overfit_risk,6,gic_vol_050,tv_sir,0.03353461632927439
noisy_sir_overfit_risk,6,gic_vol_050,ude_sir_h2,0.09142870600388249
noisy_sir_overfit_risk,6,gic_vol_100,neural_ode_h2,0.0048204682573677595
noisy_sir_overfit_risk,6,gic_vol_100,seir,0.5168605131253767
noisy_sir_overfit_risk,6,gic_vol_100,sir,0.40551201785508767
noisy_sir_overfit_risk,6,gic_vol_100,tv_sir,0.012145297891357907
noisy_sir_overfit_risk,6,gic_vol_100,ude_sir_h2,0.0606617028708099
noisy_sir_overfit_risk,6,ogic_e,neural_ode_h2,5.768796715502238e-08
noisy_sir_overfit_risk,6,ogic_e,seir,0.37524620664010544
noisy_sir_overfit_risk,6,ogic_e,sir,0.3749680575027442
noisy_sir_overfit_risk,6,ogic_e,tv_sir,0.06377951573796309
noisy_sir_overfit_risk,6,ogic_e,ude_sir_h2,0.18600616243122012
noisy_sir_overfit_risk,7,aic,neural_ode_h2,4.721169670559177e-07
noisy_sir_overfit_risk,7,aic,seir,0.40183936660773595
noisy_sir_overfit_risk,7,aic,sir,0.44618544191299697
noisy_sir_overfit_risk,7,aic,tv_sir,0.15183919860064227
noisy_sir_overfit_risk,7,aic,ude_sir_h2,0.00013552076165787433
noisy_sir_overfit_risk,7,aicc,neural_ode_h2,2.159165260232722e-13
noisy_sir_overfit_risk,7,aicc,seir,0.3717445698343561
noisy_sir_overfit_risk,7,aicc,sir,0.529598927159289
noisy_sir_overfit_risk,7,aicc,tv_sir,0.09865641700772933
noisy_sir_overfit_risk,7,aicc,ude_sir_h2,8.59984095747732e-08
noisy_sir_overfit_risk,7,bic,neural_ode_h2,1.8784059320098588e-10
noisy_sir_overfit_risk,7,bic,seir,0.2949456604052172
noisy_sir_overfit_risk,7,bic,sir,0.64879791150589
noisy_sir_overfit_risk,7,bic,tv_sir,0.056256008664416275
noisy_sir_overfit_risk,7,bic,ude_sir_h2,4.19236636044216e-07
noisy_sir_overfit_risk,7,blocked_validation,neural_ode_h2,0.22412494659140478
noisy_sir_overfit_risk,7,blocked_validation,seir,0.27158520808899456
noisy_sir_overfit_risk,7,blocked_validation,sir,0.10714161660837639
noisy_sir_overfit_risk,7,blocked_validation,tv_sir,0.21692231174232793
noisy_sir_overfit_risk,7,blocked_validation,ude_sir_h2,0.18022591696889634
noisy_sir_overfit_risk,7,waic_laplace,neural_ode_h2,4.67542624103682e-85
noisy_sir_overfit_risk,7,waic_laplace,seir,4.519118464414991e-32
noisy_sir_overfit_risk,7,waic_laplace,sir,0.48982354979487075
noisy_sir_overfit_risk,7,waic_laplace,tv_sir,0.5101764502051293
noisy_sir_overfit_risk,7,waic_laplace,ude_sir_h2,2.6522476742837107e-53
noisy_sir_overfit_risk,7,ogic_p,neural_ode_h2,0.00764828895927515
noisy_sir_overfit_risk,7,ogic_p,seir,0.39921392929129623
noisy_sir_overfit_risk,7,ogic_p,sir,0.20266356343703554
noisy_sir_overfit_risk,7,ogic_p,tv_sir,0.18302592631094988
noisy_sir_overfit_risk,7,ogic_p,ude_sir_h2,0.20744829200144316
noisy_sir_overfit_risk,7,gic_eff,neural_ode_h2,0.0035921274052895455
noisy_sir_overfit_risk,7,gic_eff,seir,0.4562161753288548
noisy_sir_overfit_risk,7,gic_eff,sir,0.26870645155553496
noisy_sir_overfit_risk,7,gic_eff,tv_sir,0.1204988129181882
noisy_sir_overfit_risk,7,gic_eff,ude_sir_h2,0.1509864327921326
noisy_sir_overfit_risk,7,gic_vol_025,neural_ode_h2,0.003544093961500496
noisy_sir_overfit_risk,7,gic_vol_025,seir,0.5143555160402455
noisy_sir_overfit_risk,7,gic_vol_025,sir,0.28304389702436167
noisy_sir_overfit_risk,7,gic_vol_025,tv_sir,0.07811069482642953
noisy_sir_overfit_risk,7,gic_vol_025,ude_sir_h2,0.12094579814746283
noisy_sir_overfit_risk,7,gic_vol_050,neural_ode_h2,0.0033979491216984455
noisy_sir_overfit_risk,7,gic_vol_050,seir,0.5635264078718205
noisy_sir_overfit_risk,7,gic_vol_050,sir,0.28972611642663665
noisy_sir_overfit_risk,7,gic_vol_050,tv_sir,0.04920354369422411
noisy_sir_overfit_risk,7,gic_vol_050,ude_sir_h2,0.09414598288562023
noisy_sir_overfit_risk,7,gic_vol_100,neural_ode_h2,0.002947578328216838
noisy_sir_overfit_risk,7,gic_vol_100,seir,0.6383240521865963
noisy_sir_overfit_risk,7,gic_vol_100,sir,0.28647091764708627
noisy_sir_overfit_risk,7,gic_vol_100,tv_sir,0.018424399373964014
noisy_sir_overfit_risk,7,gic_vol_100,ude_sir_h2,0.053833052464136666
noisy_sir_overfit_risk,7,ogic_e,neural_ode_h2,1.842812688750939e-08
noisy_sir_overfit_risk,7,ogic_e,seir,0.47555861412401496
noisy_sir_overfit_risk,7,ogic_e,sir,0.26560488629378926
noisy_sir_overfit_risk,7,ogic_e,tv_sir,0.09348672333642559
noisy_sir_overfit_risk,7,ogic_e,ude_sir_h2,0.16534975781764327
noisy_sir_overfit_risk,8,aic,neural_ode_h2,2.9690897512774847e-07
noisy_sir_overfit_risk,8,aic,seir,0.3121326053426614
noisy_sir_overfit_risk,8,aic,sir,0.5740123986898998
noisy_sir_overfit_risk,8,aic,tv_sir,0.11375350596570998
noisy_sir_overfit_risk,8,aic,ude_sir_h2,0.00010119309275374474
noisy_sir_overfit_risk,8,aicc,neural_ode_h2,1.3006588850915315e-13
noisy_sir_overfit_risk,8,aicc,seir,0.27658912524551227
noisy_sir_overfit_risk,8,aicc,sir,0.6526145986074638
noisy_sir_overfit_risk,8,aicc,tv_sir,0.07079621463780898
noisy_sir_overfit_risk,8,aicc,ude_sir_h2,6.15090848926908e-08
noisy_sir_overfit_risk,8,bic,neural_ode_h2,1.068169131271305e-10
noisy_sir_overfit_risk,8,bic,seir,0.2071598187044591
noisy_sir_overfit_risk,8,bic,sir,0.7547309765896095
noisy_sir_overfit_risk,8,bic,tv_sir,0.03810892153740964
noisy_sir_overfit_risk,8,bic,ude_sir_h2,2.830617047627786e-07
noisy_sir_overfit_risk,8,blocked_validation,neural_ode_h2,0.11398781011961753
noisy_sir_overfit_risk,8,blocked_validation,seir,0.2799050472048819
noisy_sir_overfit_risk,8,blocked_validation,sir,0.16657386029341303
noisy_sir_overfit_risk,8,blocked_validation,tv_sir,0.24034468239957818
noisy_sir_overfit_risk,8,blocked_validation,ude_sir_h2,0.1991885999825093
noisy_sir_overfit_risk,8,waic_laplace,neural_ode_h2,1.1662998980656687e-119
noisy_sir_overfit_risk,8,waic_laplace,seir,1.0654418581253626e-05
noisy_sir_overfit_risk,8,waic_laplace,sir,0.5850863930378669
noisy_sir_overfit_risk,8,waic_laplace,tv_sir,0.4149029525435518
noisy_sir_overfit_risk,8,waic_laplace,ude_sir_h2,3.85228901631323e-44
noisy_sir_overfit_risk,8,ogic_p,neural_ode_h2,0.005964768089867718
noisy_sir_overfit_risk,8,ogic_p,seir,0.2794906689154329
noisy_sir_overfit_risk,8,ogic_p,sir,0.3331847938844396
noisy_sir_overfit_risk,8,ogic_p,tv_sir,0.16883638397602843
noisy_sir_overfit_risk,8,ogic_p,ude_sir_h2,0.21252338513423139
noisy_sir_overfit_risk,8,gic_eff,neural_ode_h2,0.002838642544987188
noisy_sir_overfit_risk,8,gic_eff,seir,0.2602086183570752
noisy_sir_overfit_risk,8,gic_eff,sir,0.4569172698760724
noisy_sir_overfit_risk,8,gic_eff,tv_sir,0.11208776235559408
noisy_sir_overfit_risk,8,gic_eff,ude_sir_h2,0.1679477068662711
noisy_sir_overfit_risk,8,gic_vol_025,neural_ode_h2,0.0029027258793956844
noisy_sir_overfit_risk,8,gic_vol_025,seir,0.28356026051716415
noisy_sir_overfit_risk,8,gic_vol_025,sir,0.49589423403213817
noisy_sir_overfit_risk,8,gic_vol_025,tv_sir,0.0725636807198397
noisy_sir_overfit_risk,8,gic_vol_025,ude_sir_h2,0.1450790988514624
noisy_sir_overfit_risk,8,gic_vol_050,neural_ode_h2,0.0029030171445611607
noisy_sir_overfit_risk,8,gic_vol_050,seir,0.3022159039385718
noisy_sir_overfit_risk,8,gic_vol_050,sir,0.5263671801289065
noisy_sir_overfit_risk,8,gic_vol_050,tv_sir,0.0459439855501452
noisy_sir_overfit_risk,8,gic_vol_050,ude_sir_h2,0.12256991323781533
noisy_sir_overfit_risk,8,gic_vol_100,neural_ode_h2,0.0027781804408975033
noisy_sir_overfit_risk,8,gic_vol_100,seir,0.32846183073698876
noisy_sir_overfit_risk,8,gic_vol_100,sir,0.5674296004888956
noisy_sir_overfit_risk,8,gic_vol_100,tv_sir,0.01762264488224812
noisy_sir_overfit_risk,8,gic_vol_100,ude_sir_h2,0.08370774345097005
noisy_sir_overfit_risk,8,ogic_e,neural_ode_h2,2.0533550043209516e-08
noisy_sir_overfit_risk,8,ogic_e,seir,0.3404774354288944
noisy_sir_overfit_risk,8,ogic_e,sir,0.39154872771192833
noisy_sir_overfit_risk,8,ogic_e,tv_sir,0.07217355880145411
noisy_sir_overfit_risk,8,ogic_e,ude_sir_h2,0.1958002575241732
noisy_sir_overfit_risk,9,aic,neural_ode_h2,9.121401896618891e-08
noisy_sir_overfit_risk,9,aic,seir,0.4855815117186328
noisy_sir_overfit_risk,9,aic,sir,0.33678995803211464
noisy_sir_overfit_risk,9,aic,tv_sir,0.1774806139399592
noisy_sir_overfit_risk,9,aic,ude_sir_h2,0.00014782509527459786
noisy_sir_overfit_risk,9,aicc,neural_ode_h2,4.326063412452125e-14
noisy_sir_overfit_risk,9,aicc,seir,0.4658534430905067
noisy_sir_overfit_risk,9,aicc,sir,0.4145585231005039
noisy_sir_overfit_risk,9,aicc,tv_sir,0.11958793652800427
noisy_sir_overfit_risk,9,aicc,ude_sir_h2,9.728094201820362e-08
noisy_sir_overfit_risk,9,bic,neural_ode_h2,3.979761627757676e-11
noisy_sir_overfit_risk,9,bic,seir,0.3908474646434262
noisy_sir_overfit_risk,9,bic,sir,0.53704268702337
noisy_sir_overfit_risk,9,bic,tv_sir,0.07210934680928366
noisy_sir_overfit_risk,9,bic,ude_sir_h2,5.01484122643858e-07
noisy_sir_overfit_risk,9,blocked_validation,neural_ode_h2,0.17750554255964557
noisy_sir_overfit_risk,9,blocked_validation,seir,0.056325107837942465
noisy_sir_overfit_risk,9,blocked_validation,sir,0.15832658334057573
noisy_sir_overfit_risk,9,blocked_validation,tv_sir,0.30472902089967996
noisy_sir_overfit_risk,9,blocked_validation,ude_sir_h2,0.30311374536215635
noisy_sir_overfit_risk,9,waic_laplace,neural_ode_h2,1.5176659484941462e-80
noisy_sir_overfit_risk,9,waic_laplace,seir,0.354200429137864
noisy_sir_overfit_risk,9,waic_laplace,sir,0.3044003961740352
noisy_sir_overfit_risk,9,waic_laplace,tv_sir,0.3413991746881009
noisy_sir_overfit_risk,9,waic_laplace,ude_sir_h2,4.619016080682072e-91
noisy_sir_overfit_risk,9,ogic_p,neural_ode_h2,0.00215247405798904
noisy_sir_overfit_risk,9,ogic_p,seir,0.28431438222580235
noisy_sir_overfit_risk,9,ogic_p,sir,0.17909873586383276
noisy_sir_overfit_risk,9,ogic_p,tv_sir,0.2650161194359616
noisy_sir_overfit_risk,9,ogic_p,ude_sir_h2,0.26941828841641424
noisy_sir_overfit_risk,9,gic_eff,neural_ode_h2,0.00142874708429323
noisy_sir_overfit_risk,9,gic_eff,seir,0.2473632053096198
noisy_sir_overfit_risk,9,gic_eff,sir,0.28903775096488254
noisy_sir_overfit_risk,9,gic_eff,tv_sir,0.22073175368905182
noisy_sir_overfit_risk,9,gic_eff,ude_sir_h2,0.24143854295215253
noisy_sir_overfit_risk,9,gic_vol_025,neural_ode_h2,0.0017971020069044302
noisy_sir_overfit_risk,9,gic_vol_025,seir,0.2625945056805364
noisy_sir_overfit_risk,9,gic_vol_025,sir,0.33924761526658936
noisy_sir_overfit_risk,9,gic_vol_025,tv_sir,0.16160699224620992
noisy_sir_overfit_risk,9,gic_vol_025,ude_sir_h2,0.23475378479975983
noisy_sir_overfit_risk,9,gic_vol_050,neural_ode_h2,0.002203622010030644
noisy_sir_overfit_risk,9,gic_vol_050,seir,0.2717585211078573
noisy_sir_overfit_risk,9,gic_vol_050,sir,0.388173638076416
noisy_sir_overfit_risk,9,gic_vol_050,tv_sir,0.11534598483721555
noisy_sir_overfit_risk,9,gic_vol_050,ude_sir_h2,0.22251823396848053
noisy_sir_overfit_risk,9,gic_vol_100,neural_ode_h2,0.003122051372966114
noisy_sir_overfit_risk,9,gic_vol_100,seir,0.27425366516854505
noisy_sir_overfit_risk,9,gic_vol_100,sir,0.47887118568478826
noisy_sir_overfit_risk,9,gic_vol_100,tv_sir,0.05536832026613605
noisy_sir_overfit_risk,9,gic_vol_100,ude_sir_h2,0.1883847775075646
noisy_sir_overfit_risk,9,ogic_e,neural_ode_h2,2.616067138297437e-07
noisy_sir_overfit_risk,9,ogic_e,seir,0.1442910613938349
noisy_sir_overfit_risk,9,ogic_e,sir,0.3174867785658347
noisy_sir_overfit_risk,9,ogic_e,tv_sir,0.17932628777870113
noisy_sir_overfit_risk,9,ogic_e,ude_sir_h2,0.35889561065491543
noisy_sir_overfit_risk,10,aic,neural_ode_h2,1.0053572146714876e-06
noisy_sir_overfit_risk,10,aic,seir,0.38169388792815456
noisy_sir_overfit_risk,10,aic,sir,0.5180219583410799
noisy_sir_overfit_risk,10,aic,tv_sir,0.10021520848478964
noisy_sir_overfit_risk,10,aic,ude_sir_h2,6.79398887612763e-05
noisy_sir_overfit_risk,10,aicc,neural_ode_h2,4.4506119094564326e-13
noisy_sir_overfit_risk,10,aicc,seir,0.3417987024767869
noisy_sir_overfit_risk,10,aicc,sir,0.5951725889095477
noisy_sir_overfit_risk,10,aicc,tv_sir,0.06302866688090625
noisy_sir_overfit_risk,10,aicc,ude_sir_h2,4.173231420615405e-08
noisy_sir_overfit_risk,10,bic,neural_ode_h2,3.73641989314974e-10
noisy_sir_overfit_risk,10,bic,seir,0.2616978591933174
noisy_sir_overfit_risk,10,bic,sir,0.7036191496979526
noisy_sir_overfit_risk,10,bic,tv_sir,0.03468279441096809
noisy_sir_overfit_risk,10,bic,ude_sir_h2,1.963241199666427e-07
noisy_sir_overfit_risk,10,blocked_validation,neural_ode_h2,0.0006314439701697692
noisy_sir_overfit_risk,10,blocked_validation,seir,0.07837789556779395
noisy_sir_overfit_risk,10,blocked_validation,sir,0.5324722460943372
noisy_sir_overfit_risk,10,blocked_validation,tv_sir,0.17037531473793627
noisy_sir_overfit_risk,10,blocked_validation,ude_sir_h2,0.21814309962976286
noisy_sir_overfit_risk,10,waic_laplace,neural_ode_h2,3.7532430507697333e-243
noisy_sir_overfit_risk,10,waic_laplace,seir,0.3162561733202794
noisy_sir_overfit_risk,10,waic_laplace,sir,0.43090680937174264
noisy_sir_overfit_risk,10,waic_laplace,tv_sir,0.25283701730797814
noisy_sir_overfit_risk,10,waic_laplace,ude_sir_h2,3.8294917705945e-35
noisy_sir_overfit_risk,10,ogic_p,neural_ode_h2,0.021545328002759684
noisy_sir_overfit_risk,10,ogic_p,seir,0.2734841126027535
noisy_sir_overfit_risk,10,ogic_p,sir,0.334031653221133
noisy_sir_overfit_risk,10,ogic_p,tv_sir,0.1762201792982783
noisy_sir_overfit_risk,10,ogic_p,ude_sir_h2,0.1947187268750755
noisy_sir_overfit_risk,10,gic_eff,neural_ode_h2,0.010272222934539546
noisy_sir_overfit_risk,10,gic_eff,seir,0.20956124312437377
noisy_sir_overfit_risk,10,gic_eff,sir,0.4718189183158555
noisy_sir_overfit_risk,10,gic_eff,tv_sir,0.12591799500555045
noisy_sir_overfit_risk,10,gic_eff,ude_sir_h2,0.18242962061968082
noisy_sir_overfit_risk,10,gic_vol_025,neural_ode_h2,0.009966228301078683
noisy_sir_overfit_risk,10,gic_vol_025,seir,0.20556300392709168
noisy_sir_overfit_risk,10,gic_vol_025,sir,0.5200449163650288
noisy_sir_overfit_risk,10,gic_vol_025,tv_sir,0.0854884782199649
noisy_sir_overfit_risk,10,gic_vol_025,ude_sir_h2,0.178937373186836
noisy_sir_overfit_risk,10,gic_vol_050,neural_ode_h2,0.00949779390124452
noisy_sir_overfit_risk,10,gic_vol_050,seir,0.19806350460196337
noisy_sir_overfit_risk,10,gic_vol_050,sir,0.5630304387631687
noisy_sir_overfit_risk,10,gic_vol_050,tv_sir,0.057010242347434244
noisy_sir_overfit_risk,10,gic_vol_050,ude_sir_h2,0.17239802038618912
noisy_sir_overfit_risk,10,gic_vol_100,neural_ode_h2,0.00831146170896026
noisy_sir_overfit_risk,10,gic_vol_100,seir,0.17717168460398347
noisy_sir_overfit_risk,10,gic_vol_100,sir,0.6358940484719869
noisy_sir_overfit_risk,10,gic_vol_100,tv_sir,0.024429486397432806
noisy_sir_overfit_risk,10,gic_vol_100,ude_sir_h2,0.15419331881763643
noisy_sir_overfit_risk,10,ogic_e,neural_ode_h2,1.0953914108670766e-08
noisy_sir_overfit_risk,10,ogic_e,seir,0.1647938980525396
noisy_sir_overfit_risk,10,ogic_e,sir,0.4553331970742363
noisy_sir_overfit_risk,10,ogic_e,tv_sir,0.08751570710061982
noisy_sir_overfit_risk,10,ogic_e,ude_sir_h2,0.29235718681869016
noisy_sir_overfit_risk,11,aic,neural_ode_h2,1.0381385878718819e-06
noisy_sir_overfit_risk,11,aic,seir,0.12370582585362784
noisy_sir_overfit_risk,11,aic,sir,0.23106332304415014
noisy_sir_overfit_risk,11,aic,tv_sir,0.6446574890447259
noisy_sir_overfit_risk,11,aic,ude_sir_h2,0.0005723239189083164
noisy_sir_overfit_risk,11,aicc,neural_ode_h2,5.879157316509004e-13
noisy_sir_overfit_risk,11,aicc,seir,0.1417117226500912
noisy_sir_overfit_risk,11,aicc,sir,0.3396144708293851
noisy_sir_overfit_risk,11,aicc,tv_sir,0.5186733567919083
noisy_sir_overfit_risk,11,aicc,ude_sir_h2,4.4972802741470387e-07
noisy_sir_overfit_risk,11,bic,neural_ode_h2,6.205261961458553e-10
noisy_sir_overfit_risk,11,bic,seir,0.13640950302870775
noisy_sir_overfit_risk,11,bic,sir,0.5047658972739785
noisy_sir_overfit_risk,11,bic,tv_sir,0.358821939207873
noisy_sir_overfit_risk,11,bic,ude_sir_h2,2.659868914474268e-06
noisy_sir_overfit_risk,11,blocked_validation,neural_ode_h2,0.01110088880477161
noisy_sir_overfit_risk,11,blocked_validation,seir,0.01715491312479288
noisy_sir_overfit_risk,11,blocked_validation,sir,0.04953416874864306
noisy_sir_overfit_risk,11,blocked_validation,tv_sir,0.6401870132737836
noisy_sir_overfit_risk,11,blocked_validation,ude_sir_h2,0.282023016048009
noisy_sir_overfit_risk,11,waic_laplace,neural_ode_h2,1.890421294914257e-74
noisy_sir_overfit_risk,11,waic_laplace,sir,0.25175739938944725
noisy_sir_overfit_risk,11,waic_laplace,tv_sir,0.7482426006105528
noisy_sir_overfit_risk,11,waic_laplace,ude_sir_h2,4.592207441438444e-69
noisy_sir_overfit_risk,11,ogic_p,neural_ode_h2,0.01311724973335485
noisy_sir_overfit_risk,11,ogic_p,seir,0.05152724423548912
noisy_sir_overfit_risk,11,ogic_p,sir,0.05638069608933601
noisy_sir_overfit_risk,11,ogic_p,tv_sir,0.45110026611134946
noisy_sir_overfit_risk,11,ogic_p,ude_sir_h2,0.4278745438304705
noisy_sir_overfit_risk,11,gic_eff,neural_ode_h2,0.010781017861873387
noisy_sir_overfit_risk,11,gic_eff,seir,0.06741152856433881
noisy_sir_overfit_risk,11,gic_eff,sir,0.10138105263918394
noisy_sir_overfit_risk,11,gic_eff,tv_sir,0.42470741740407986
noisy_sir_overfit_risk,11,gic_eff,ude_sir_h2,0.3957189835305239
noisy_sir_overfit_risk,11,gic_vol_025,neural_ode_h2,0.016294019889263833
noisy_sir_overfit_risk,11,gic_vol_025,seir,0.08415732882757535
noisy_sir_overfit_risk,11,gic_vol_025,sir,0.13108256309594565
noisy_sir_overfit_risk,11,gic_vol_025,tv_sir,0.3473295008118289
noisy_sir_overfit_risk,11,gic_vol_025,ude_sir_h2,0.42113658737538623
noisy_sir_overfit_risk,11,gic_vol_050,neural_ode_h2,0.023876191197495636
noisy_sir_overfit_risk,11,gic_vol_050,seir,0.10186336982154261
noisy_sir_overfit_risk,11,gic_vol_050,sir,0.16432414549108879
noisy_sir_overfit_risk,11,gic_vol_050,tv_sir,0.27539866318013717
noisy_sir_overfit_risk,11,gic_vol_050,ude_sir_h2,0.43453763030973586
noisy_sir_overfit_risk,11,gic_vol_100,neural_ode_h2,0.04684018008860226
noisy_sir_overfit_risk,11,gic_vol_100,seir,0.13634842618147874
noisy_sir_overfit_risk,11,gic_vol_100,sir,0.23593599045594243
noisy_sir_overfit_risk,11,gic_vol_100,tv_sir,0.15819109615734334
noisy_sir_overfit_risk,11,gic_vol_100,ude_sir_h2,0.42268430711663313
noisy_sir_overfit_risk,11,ogic_e,neural_ode_h2,1.303242494987141e-05
noisy_sir_overfit_risk,11,ogic_e,seir,0.013437373069020531
noisy_sir_overfit_risk,11,ogic_e,sir,0.1206314271704509
noisy_sir_overfit_risk,11,ogic_e,tv_sir,0.3504709761374651
noisy_sir_overfit_risk,11,ogic_e,ude_sir_h2,0.5154471911981136
noisy_sir_overfit_risk,12,aic,neural_ode_h2,5.582780370000343e-07
noisy_sir_overfit_risk,12,aic,seir,0.2224154252156642
noisy_sir_overfit_risk,12,aic,sir,0.6656401059132149
noisy_sir_overfit_risk,12,aic,tv_sir,0.11183886545181577
noisy_sir_overfit_risk,12,aic,ude_sir_h2,0.00010504514126802664
noisy_sir_overfit_risk,12,aicc,neural_ode_h2,2.3895179246762815e-13
noisy_sir_overfit_risk,12,aicc,seir,0.19256640859368387
noisy_sir_overfit_risk,12,aicc,sir,0.739425895488312
noisy_sir_overfit_risk,12,aicc,tv_sir,0.06800763353221224
noisy_sir_overfit_risk,12,aicc,ude_sir_h2,6.238555306808545e-08
noisy_sir_overfit_risk,12,bic,neural_ode_h2,1.8942743614384565e-10
noisy_sir_overfit_risk,12,bic,seir,0.1392216990715534
noisy_sir_overfit_risk,12,bic,sir,0.8254409759990873
noisy_sir_overfit_risk,12,bic,tv_sir,0.03533704761100565
noisy_sir_overfit_risk,12,bic,ude_sir_h2,2.771289262347348e-07
noisy_sir_overfit_risk,12,blocked_validation,neural_ode_h2,0.14478328635209275
noisy_sir_overfit_risk,12,blocked_validation,seir,0.5262682954085144
noisy_sir_overfit_risk,12,blocked_validation,sir,0.275831700581342
noisy_sir_overfit_risk,12,blocked_validation,tv_sir,0.012670262375722276
noisy_sir_overfit_risk,12,blocked_validation,ude_sir_h2,0.040446455282328556
noisy_sir_overfit_risk,12,waic_laplace,neural_ode_h2,1.2254526898568768e-86
noisy_sir_overfit_risk,12,waic_laplace,seir,0.14685286886094023
noisy_sir_overfit_risk,12,waic_laplace,sir,0.6805862947326153
noisy_sir_overfit_risk,12,waic_laplace,tv_sir,0.17256083640644446
noisy_sir_overfit_risk,12,waic_laplace,ude_sir_h2,9.25068193154909e-57
noisy_sir_overfit_risk,12,ogic_p,neural_ode_h2,0.012910681873576637
noisy_sir_overfit_risk,12,ogic_p,seir,0.1540173082991339
noisy_sir_overfit_risk,12,ogic_p,sir,0.4070785631688478
noisy_sir_overfit_risk,12,ogic_p,tv_sir,0.1789498119599761
noisy_sir_overfit_risk,12,ogic_p,ude_sir_h2,0.2470436346984656
noisy_sir_overfit_risk,12,gic_eff,neural_ode_h2,0.0064947554698429185
noisy_sir_overfit_risk,12,gic_eff,seir,0.11548321389681859
noisy_sir_overfit_risk,12,gic_eff,sir,0.5554416287265644
noisy_sir_overfit_risk,12,gic_eff,tv_sir,0.12007206026674687
noisy_sir_overfit_risk,12,gic_eff,ude_sir_h2,0.20250834164002723
noisy_sir_overfit_risk,12,gic_vol_025,neural_ode_h2,0.007412815317875579
noisy_sir_overfit_risk,12,gic_vol_025,seir,0.11383477936730203
noisy_sir_overfit_risk,12,gic_vol_025,sir,0.6103774937823729
noisy_sir_overfit_risk,12,gic_vol_025,tv_sir,0.07899359630365616
noisy_sir_overfit_risk,12,gic_vol_025,ude_sir_h2,0.1893813152287934
noisy_sir_overfit_risk,12,gic_vol_050,neural_ode_h2,0.008290758948482517
noisy_sir_overfit_risk,12,gic_vol_050,seir,0.10995672866206704
noisy_sir_overfit_risk,12,gic_vol_050,sir,0.6572783535745876
noisy_sir_overfit_risk,12,gic_vol_050,tv_sir,0.05092517638763709
noisy_sir_overfit_risk,12,gic_vol_050,ude_sir_h2,0.17354898242722555
noisy_sir_overfit_risk,12,gic_vol_100,neural_ode_h2,0.009952488489923712
noisy_sir_overfit_risk,12,gic_vol_100,seir,0.09845338920885723
noisy_sir_overfit_risk,12,gic_vol_100,sir,0.7314188443668482
noisy_sir_overfit_risk,12,gic_vol_100,tv_sir,0.020310893687015705
noisy_sir_overfit_risk,12,gic_vol_100,ude_sir_h2,0.13986438424735503
noisy_sir_overfit_risk,12,ogic_e,neural_ode_h2,4.082919592682283e-07
noisy_sir_overfit_risk,12,ogic_e,seir,0.10263652912713056
noisy_sir_overfit_risk,12,ogic_e,sir,0.5133090416045704
noisy_sir_overfit_risk,12,ogic_e,tv_sir,0.0785847598624986
noisy_sir_overfit_risk,12,ogic_e,ude_sir_h2,0.30546926111384115
noisy_sir_overfit_risk,13,aic,neural_ode_h2,2.5463560233358954e-08
noisy_sir_overfit_risk,13,aic,seir,0.424276895669517
noisy_sir_overfit_risk,13,aic,sir,0.4865188908885282
noisy_sir_overfit_risk,13,aic,tv_sir,0.0891327599654537
noisy_sir_overfit_risk,13,aic,ude_sir_h2,7.14280129408751e-05
noisy_sir_overfit_risk,13,aicc,neural_ode_h2,1.132947318154221e-14
noisy_sir_overfit_risk,13,aicc,seir,0.3818526864052701
noisy_sir_overfit_risk,13,aicc,sir,0.5618051597430006
noisy_sir_overfit_risk,13,aicc,tv_sir,0.056342109754877856
noisy_sir_overfit_risk,13,aicc,ude_sir_h2,4.409684005378457e-08
noisy_sir_overfit_risk,13,bic,neural_ode_h2,9.631428761492672e-12
noisy_sir_overfit_risk,13,bic,seir,0.2960538148240686
noisy_sir_overfit_risk,13,bic,sir,0.6725514356484332
noisy_sir_overfit_risk,13,bic,tv_sir,0.03139453945286047
noisy_sir_overfit_risk,13,bic,ude_sir_h2,2.100650062262354e-07
noisy_sir_overfit_risk,13,blocked_validation,neural_ode_h2,0.5094999262590928
noisy_sir_overfit_risk,13,blocked_validation,seir,0.23747800197274074
noisy_sir_overfit_risk,13,blocked_validation,sir,0.09254269152027249
noisy_sir_overfit_risk,13,blocked_validation,tv_sir,0.06990203765395284
noisy_sir_overfit_risk,13,blocked_validation,ude_sir_h2,0.09057734259394104
noisy_sir_overfit_risk,13,waic_laplace,neural_ode_h2,2.5333238082400697e-109
noisy_sir_overfit_risk,13,waic_laplace,seir,0.00703990789500838
noisy_sir_overfit_risk,13,waic_laplace,sir,0.6260079352726439
noisy_sir_overfit_risk,13,waic_laplace,tv_sir,0.36695215683234766
noisy_sir_overfit_risk,13,waic_laplace,ude_sir_h2,4.124312829948087e-73
noisy_sir_overfit_risk,13,ogic_p,neural_ode_h2,0.0005898487398467801
noisy_sir_overfit_risk,13,ogic_p,seir,0.3409354067851425
noisy_sir_overfit_risk,13,ogic_p,sir,0.3129852949221694
noisy_sir_overfit_risk,13,ogic_p,tv_sir,0.1538150606118157
noisy_sir_overfit_risk,13,ogic_p,ude_sir_h2,0.19167438894102548
noisy_sir_overfit_risk,13,gic_eff,neural_ode_h2,0.000295282694908274
noisy_sir_overfit_risk,13,gic_eff,seir,0.281311170191901
noisy_sir_overfit_risk,13,gic_eff,sir,0.43944442608581136
noisy_sir_overfit_risk,13,gic_eff,tv_sir,0.10802853146050394
noisy_sir_overfit_risk,13,gic_eff,ude_sir_h2,0.17092058956687542
noisy_sir_overfit_risk,13,gic_vol_025,neural_ode_h2,0.000318585615337283
noisy_sir_overfit_risk,13,gic_vol_025,seir,0.2878667140424131
noisy_sir_overfit_risk,13,gic_vol_025,sir,0.4792160004500447
noisy_sir_overfit_risk,13,gic_vol_025,tv_sir,0.07267478690893753
noisy_sir_overfit_risk,13,gic_vol_025,ude_sir_h2,0.1599239129832675
noisy_sir_overfit_risk,13,gic_vol_050,neural_ode_h2,0.00033830399288011854
noisy_sir_overfit_risk,13,gic_vol_050,seir,0.28992703715080287
noisy_sir_overfit_risk,13,gic_vol_050,sir,0.5143413660632202
noisy_sir_overfit_risk,13,gic_vol_050,tv_sir,0.048119583052326095
noisy_sir_overfit_risk,13,gic_vol_050,ude_sir_h2,0.14727370974077056
noisy_sir_overfit_risk,13,gic_vol_100,neural_ode_h2,0.00036930168208529194
noisy_sir_overfit_risk,13,gic_vol_100,seir,0.2847052605547688
noisy_sir_overfit_risk,13,gic_vol_100,sir,0.5735931840800004
noisy_sir_overfit_risk,13,gic_vol_100,tv_sir,0.02042256435003171
noisy_sir_overfit_risk,13,gic_vol_100,ude_sir_h2,0.1209096893331138
noisy_sir_overfit_risk,13,ogic_e,neural_ode_h2,4.426082630129747e-09
noisy_sir_overfit_risk,13,ogic_e,seir,0.3192571179944089
noisy_sir_overfit_risk,13,ogic_e,sir,0.38072574966774486
noisy_sir_overfit_risk,13,ogic_e,tv_sir,0.07512820972277648
noisy_sir_overfit_risk,13,ogic_e,ude_sir_h2,0.22488891818898696
noisy_sir_overfit_risk,14,aic,neural_ode_h2,1.1248197374792669e-07
noisy_sir_overfit_risk,14,aic,seir,0.4774546983863938
noisy_sir_overfit_risk,14,aic,sir,0.37152696647864286
noisy_sir_overfit_risk,14,aic,tv_sir,0.15089947051649977
noisy_sir_overfit_risk,14,aic,ude_sir_h2,0.0001187521364897815
noisy_sir_overfit_risk,14,aicc,neural_ode_h2,5.245314386071028e-14
noisy_sir_overfit_risk,14,aicc,seir,0.4503774561886158
noisy_sir_overfit_risk,14,aicc,sir,0.4496497555105325
noisy_sir_overfit_risk,14,aicc,tv_sir,0.09997271146239485
noisy_sir_overfit_risk,14,aicc,ude_sir_h2,7.683840426103047e-08
noisy_sir_overfit_risk,14,bic,neural_ode_h2,4.7278103564933514e-11
noisy_sir_overfit_risk,14,bic,seir,0.3702192341849734
noisy_sir_overfit_risk,14,bic,sir,0.5707181252237424
noisy_sir_overfit_risk,14,bic,tv_sir,0.059062252454318974
noisy_sir_overfit_risk,14,bic,ude_sir_h2,3.880896871422594e-07
noisy_sir_overfit_risk,14,blocked_validation,neural_ode_h2,0.23952780870899168
noisy_sir_overfit_risk,14,blocked_validation,seir,0.3036382652433107
noisy_sir_overfit_risk,14,blocked_validation,sir,0.0910126830707907
noisy_sir_overfit_risk,14,blocked_validation,tv_sir,0.21008963878864378
noisy_sir_overfit_risk,14,blocked_validation,ude_sir_h2,0.1557316041882631
noisy_sir_overfit_risk,14,waic_laplace,neural_ode_h2,1.972990507267559e-53
noisy_sir_overfit_risk,14,waic_laplace,seir,2.3441037143832998e-11
noisy_sir_overfit_risk,14,waic_laplace,sir,0.3622568944141515
noisy_sir_overfit_risk,14,waic_laplace,tv_sir,0.6377431055624074
noisy_sir_overfit_risk,14,waic_laplace,ude_sir_h2,6.9444493333531844e-46
noisy_sir_overfit_risk,14,ogic_p,neural_ode_h2,0.0019951702138408262
noisy_sir_overfit_risk,14,ogic_p,seir,0.4322237537416975
noisy_sir_overfit_risk,14,ogic_p,sir,0.17807772549057274
noisy_sir_overfit_risk,14,ogic_p,tv_sir,0.19453961644762163
noisy_sir_overfit_risk,14,ogic_p,ude_sir_h2,0.19316373410626722
noisy_sir_overfit_risk,14,gic_eff,neural_ode_h2,0.0010069353238558196
noisy_sir_overfit_risk,14,gic_eff,seir,0.4681452995084655
noisy_sir_overfit_risk,14,gic_eff,sir,0.24739553588064161
noisy_sir_overfit_risk,14,gic_eff,tv_sir,0.13543955807925004
noisy_sir_overfit_risk,14,gic_eff,ude_sir_h2,0.14801267120778713
noisy_sir_overfit_risk,14,gic_vol_025,neural_ode_h2,0.0010334245050164041
noisy_sir_overfit_risk,14,gic_vol_025,seir,0.5240976654142725
noisy_sir_overfit_risk,14,gic_vol_025,sir,0.2639198666216424
noisy_sir_overfit_risk,14,gic_vol_025,tv_sir,0.08985770621975132
noisy_sir_overfit_risk,14,gic_vol_025,ude_sir_h2,0.1210913372393173
noisy_sir_overfit_risk,14,gic_vol_050,neural_ode_h2,0.0010316933524599499
noisy_sir_overfit_risk,14,gic_vol_050,seir,0.5707402232698596
noisy_sir_overfit_risk,14,gic_vol_050,sir,0.2738716037696293
noisy_sir_overfit_risk,14,gic_vol_050,tv_sir,0.057990896950748876
noisy_sir_overfit_risk,14,gic_vol_050,ude_sir_h2,0.09636558265730227
noisy_sir_overfit_risk,14,gic_vol_100,neural_ode_h2,0.0009718956988201638
noisy_sir_overfit_risk,14,gic_vol_100,seir,0.6397587972276984
noisy_sir_overfit_risk,14,gic_vol_100,sir,0.27875465164911656
noisy_sir_overfit_risk,14,gic_vol_100,tv_sir,0.02282937889918704
noisy_sir_overfit_risk,14,gic_vol_100,ude_sir_h2,0.0576852765251778
noisy_sir_overfit_risk,14,ogic_e,neural_ode_h2,5.4399283670130916e-09
noisy_sir_overfit_risk,14,ogic_e,seir,0.5179605519137831
noisy_sir_overfit_risk,14,ogic_e,sir,0.2285005308483797
noisy_sir_overfit_risk,14,ogic_e,tv_sir,0.0996996352357744
noisy_sir_overfit_risk,14,ogic_e,ude_sir_h2,0.15383927656213442
noisy_sir_overfit_risk,15,aic,neural_ode_h2,3.7615438577441196e-07
noisy_sir_overfit_risk,15,aic,seir,0.24737696105513712
noisy_sir_overfit_risk,15,aic,sir,0.6474404769292336
noisy_sir_overfit_risk,15,aic,tv_sir,0.10508868357444102
noisy_sir_overfit_risk,15,aic,ude_sir_h2,9.350228680244938e-05
noisy_sir_overfit_risk,15,aicc,neural_ode_h2,1.6143752015122447e-13
noisy_sir_overfit_risk,15,aicc,seir,0.2147600395009871
noisy_sir_overfit_risk,15,aicc,sir,0.7211633047358642
noisy_sir_overfit_risk,15,aicc,tv_sir,0.06407660008174816
noisy_sir_overfit_risk,15,aicc,ude_sir_h2,5.5681239033754515e-08
noisy_sir_overfit_risk,15,bic,neural_ode_h2,1.288007889332845e-10
noisy_sir_overfit_risk,15,bic,seir,0.1562648613327349
noisy_sir_overfit_risk,15,bic,sir,0.8102265031475772
noisy_sir_overfit_risk,15,bic,tv_sir,0.033508386454617546
noisy_sir_overfit_risk,15,bic,ude_sir_h2,2.489362695405943e-07
noisy_sir_overfit_risk,15,blocked_validation,neural_ode_h2,0.013791985925275085
noisy_sir_overfit_risk,15,blocked_validation,seir,0.17883261882393725
noisy_sir_overfit_risk,15,blocked_validation,sir,0.25803626219290693
noisy_sir_overfit_risk,15,blocked_validation,tv_sir,0.27375971508444197
noisy_sir_overfit_risk,15,blocked_validation,ude_sir_h2,0.2755794179734388
noisy_sir_overfit_risk,15,waic_laplace,neural_ode_h2,8.496903365970058e-61
noisy_sir_overfit_risk,15,waic_laplace,seir,0.03173453537554153
noisy_sir_overfit_risk,15,waic_laplace,sir,0.663746808342877
noisy_sir_overfit_risk,15,waic_laplace,tv_sir,0.3045186562815813
noisy_sir_overfit_risk,15,waic_laplace,ude_sir_h2,7.830219072153514e-55
noisy_sir_overfit_risk,15,ogic_p,neural_ode_h2,0.008001769717276327
noisy_sir_overfit_risk,15,ogic_p,seir,0.1929976882642001
noisy_sir_overfit_risk,15,ogic_p,sir,0.4013060870109786
noisy_sir_overfit_risk,15,ogic_p,tv_sir,0.17264090184334516
noisy_sir_overfit_risk,15,ogic_p,ude_sir_h2,0.22505355316419984
noisy_sir_overfit_risk,15,gic_eff,neural_ode_h2,0.003731723186195476
noisy_sir_overfit_risk,15,gic_eff,seir,0.15410544159264805
noisy_sir_overfit_risk,15,gic_eff,sir,0.5424230196133971
noisy_sir_overfit_risk,15,gic_eff,tv_sir,0.11576926782535428
noisy_sir_overfit_risk,15,gic_eff,ude_sir_h2,0.18397054778240507
noisy_sir_overfit_risk,15,gic_vol_025,neural_ode_h2,0.0037094758060331507
noisy_sir_overfit_risk,15,gic_vol_025,seir,0.1589956640047688
noisy_sir_overfit_risk,15,gic_vol_025,sir,0.5932754460496626
noisy_sir_overfit_risk,15,gic_vol_025,tv_sir,0.07714040659385367
noisy_sir_overfit_risk,15,gic_vol_025,ude_sir_h2,0.16687900754568186
noisy_sir_overfit_risk,15,gic_vol_050,neural_ode_h2,0.0036171877730564405
noisy_sir_overfit_risk,15,gic_vol_050,seir,0.16091924141273747
noisy_sir_overfit_risk,15,gic_vol_050,sir,0.6365463413997574
noisy_sir_overfit_risk,15,gic_vol_050,tv_sir,0.05042268289927057
noisy_sir_overfit_risk,15,gic_vol_050,ude_sir_h2,0.14849454651517804
noisy_sir_overfit_risk,15,gic_vol_100,neural_ode_h2,0.0033065709276920642
noisy_sir_overfit_risk,15,gic_vol_100,seir,0.15846856839426243
noisy_sir_overfit_risk,15,gic_vol_100,sir,0.7044774502355351
noisy_sir_overfit_risk,15,gic_vol_100,tv_sir,0.02071112877273401
noisy_sir_overfit_risk,15,gic_vol_100,ude_sir_h2,0.11303628166977638
noisy_sir_overfit_risk,15,ogic_e,neural_ode_h2,1.2899719409378807e-08
noisy_sir_overfit_risk,15,ogic_e,seir,0.18994615328073686
noisy_sir_overfit_risk,15,ogic_e,sir,0.4826496314514213
noisy_sir_overfit_risk,15,ogic_e,tv_sir,0.08022035693706898
noisy_sir_overfit_risk,15,ogic_e,ude_sir_h2,0.2471838454310535
noisy_sir_overfit_risk,16,aic,neural_ode_h2,9.416924137888213e-08
noisy_sir_overfit_risk,16,aic,seir,0.474727303053722
noisy_sir_overfit_risk,16,aic,sir,0.35360153740928413
noisy_sir_overfit_risk,16,aic,tv_sir,0.17154441503273324
noisy_sir_overfit_risk,16,aic,ude_sir_h2,0.00012665033501915745
noisy_sir_overfit_risk,16,aicc,neural_ode_h2,4.438347703289806e-14
noisy_sir_overfit_risk,16,aicc,seir,0.4525976948399476
noisy_sir_overfit_risk,16,aicc,sir,0.4325355621235772
noisy_sir_overfit_risk,16,aicc,tv_sir,0.11486666021038965
noisy_sir_overfit_risk,16,aicc,ude_sir_h2,8.282604110161057e-08
noisy_sir_overfit_risk,16,bic,neural_ode_h2,4.045354484561926e-11
noisy_sir_overfit_risk,16,bic,seir,0.3762195932720332
noisy_sir_overfit_risk,16,bic,sir,0.5551570523122803
noisy_sir_overfit_risk,16,bic,tv_sir,0.06862293134889667
noisy_sir_overfit_risk,16,bic,ude_sir_h2,4.2302633633506987e-07
noisy_sir_overfit_risk,16,blocked_validation,neural_ode_h2,0.02017116097847409
noisy_sir_overfit_risk,16,blocked_validation,seir,0.2646294458763886
noisy_sir_overfit_risk,16,blocked_validation,sir,0.20640336006900084
noisy_sir_overfit_risk,16,blocked_validation,tv_sir,0.24303147278088272
noisy_sir_overfit_risk,16,blocked_validation,ude_sir_h2,0.26576456029525375
noisy_sir_overfit_risk,16,waic_laplace,neural_ode_h2,8.643109717404706e-153
noisy_sir_overfit_risk,16,waic_laplace,seir,3.6597368633505e-05
noisy_sir_overfit_risk,16,waic_laplace,sir,0.4953671729007213
noisy_sir_overfit_risk,16,waic_laplace,tv_sir,0.5045962297306452
noisy_sir_overfit_risk,16,waic_laplace,ude_sir_h2,1.2961607897042087e-43
noisy_sir_overfit_risk,16,ogic_p,neural_ode_h2,0.0016094967498458796
noisy_sir_overfit_risk,16,ogic_p,seir,0.3642562755983807
noisy_sir_overfit_risk,16,ogic_p,sir,0.18339535451061872
noisy_sir_overfit_risk,16,ogic_p,tv_sir,0.23406016321019532
noisy_sir_overfit_risk,16,ogic_p,ude_sir_h2,0.2166787099309593
noisy_sir_overfit_risk,16,gic_eff,neural_ode_h2,0.0008221094232699839
noisy_sir_overfit_risk,16,gic_eff,seir,0.3657795367879674
noisy_sir_overfit_risk,16,gic_eff,sir,0.2791415346466284
noisy_sir_overfit_risk,16,gic_eff,tv_sir,0.17584870894478927
noisy_sir_overfit_risk,16,gic_eff,ude_sir_h2,0.17840811019734507
noisy_sir_overfit_risk,16,gic_vol_025,neural_ode_h2,0.0008359592567384053
noisy_sir_overfit_risk,16,gic_vol_025,seir,0.4106090586423005
noisy_sir_overfit_risk,16,gic_vol_025,sir,0.31476210377136327
noisy_sir_overfit_risk,16,gic_vol_025,tv_sir,0.12078232927258216
noisy_sir_overfit_risk,16,gic_vol_025,ude_sir_h2,0.1530105490570157
noisy_sir_overfit_risk,16,gic_vol_050,neural_ode_h2,0.0008245639759270821
noisy_sir_overfit_risk,16,gic_vol_050,seir,0.4471172321072386
noisy_sir_overfit_risk,16,gic_vol_050,sir,0.34428981707290646
noisy_sir_overfit_risk,16,gic_vol_050,tv_sir,0.08047321982071018
noisy_sir_overfit_risk,16,gic_vol_050,ude_sir_h2,0.12729516702321775
noisy_sir_overfit_risk,16,gic_vol_100,neural_ode_h2,0.0007520711700716542
noisy_sir_overfit_risk,16,gic_vol_100,seir,0.4970078672056785
noisy_sir_overfit_risk,16,gic_vol_100,sir,0.38615685320155324
noisy_sir_overfit_risk,16,gic_vol_100,tv_sir,0.0334890960517612
noisy_sir_overfit_risk,16,gic_vol_100,ude_sir_h2,0.0825941123709354
noisy_sir_overfit_risk,16,ogic_e,neural_ode_h2,1.027900120728744e-09
noisy_sir_overfit_risk,16,ogic_e,seir,0.47816889536569235
noisy_sir_overfit_risk,16,ogic_e,sir,0.2401142572427616
noisy_sir_overfit_risk,16,ogic_e,tv_sir,0.1116959485908954
noisy_sir_overfit_risk,16,ogic_e,ude_sir_h2,0.17002089777275065
noisy_sir_overfit_risk,17,aic,neural_ode_h2,2.713563848825145e-06
noisy_sir_overfit_risk,17,aic,seir,0.3455206318087922
noisy_sir_overfit_risk,17,aic,sir,0.276289242550964
noisy_sir_overfit_risk,17,aic,tv_sir,0.37794269497794447
noisy_sir_overfit_risk,17,aic,ude_sir_h2,0.00024471709845054707
noisy_sir_overfit_risk,17,aicc,neural_ode_h2,1.3894782497109531e-12
noisy_sir_overfit_risk,17,aicc,seir,0.3578834131288887
noisy_sir_overfit_risk,17,aicc,sir,0.3671733136803257
noisy_sir_overfit_risk,17,aicc,tv_sir,0.27494309931952454
noisy_sir_overfit_risk,17,aicc,ude_sir_h2,1.7386987146460434e-07
noisy_sir_overfit_risk,17,bic,neural_ode_h2,1.3573784826377123e-09
noisy_sir_overfit_risk,17,bic,seir,0.31884865425380177
noisy_sir_overfit_risk,17,bic,sir,0.5051020091143424
noisy_sir_overfit_risk,17,bic,tv_sir,0.17604838348964091
noisy_sir_overfit_risk,17,bic,ude_sir_h2,9.51784836438498e-07
noisy_sir_overfit_risk,17,blocked_validation,neural_ode_h2,0.002801760126008124
noisy_sir_overfit_risk,17,blocked_validation,seir,0.012739083148208293
noisy_sir_overfit_risk,17,blocked_validation,sir,0.11932116512546326
noisy_sir_overfit_risk,17,blocked_validation,tv_sir,0.660750336251652
noisy_sir_overfit_risk,17,blocked_validation,ude_sir_h2,0.20438765534866823
noisy_sir_overfit_risk,17,waic_laplace,neural_ode_h2,1.3281444241071115e-58
noisy_sir_overfit_risk,17,waic_laplace,seir,0.26425112164227
noisy_sir_overfit_risk,17,waic_laplace,sir,0.32571096736733796
noisy_sir_overfit_risk,17,waic_laplace,tv_sir,0.41003791099039194
noisy_sir_overfit_risk,17,waic_laplace,ude_sir_h2,4.886714440441197e-47
noisy_sir_overfit_risk,17,ogic_p,neural_ode_h2,0.04878679339350216
noisy_sir_overfit_risk,17,ogic_p,seir,0.14249484146880376
noisy_sir_overfit_risk,17,ogic_p,sir,0.10260666426153503
noisy_sir_overfit_risk,17,ogic_p,tv_sir,0.4031658580231325
noisy_sir_overfit_risk,17,ogic_p,ude_sir_h2,0.3029458428530266
noisy_sir_overfit_risk,17,gic_eff,neural_ode_h2,0.036873025462041485
noisy_sir_overfit_risk,17,gic_eff,seir,0.13378697925322214
noisy_sir_overfit_risk,17,gic_eff,sir,0.17765586037861864
noisy_sir_overfit_risk,17,gic_eff,tv_sir,0.36589606595411395
noisy_sir_overfit_risk,17,gic_eff,ude_sir_h2,0.2857880689520038
noisy_sir_overfit_risk,17,gic_vol_025,neural_ode_h2,0.04990591519645605
noisy_sir_overfit_risk,17,gic_vol_025,seir,0.15290754955270877
noisy_sir_overfit_risk,17,gic_vol_025,sir,0.2173663669947575
noisy_sir_overfit_risk,17,gic_vol_025,tv_sir,0.2828403170318129
noisy_sir_overfit_risk,17,gic_vol_025,ude_sir_h2,0.2969798512242648
noisy_sir_overfit_risk,17,gic_vol_050,neural_ode_h2,0.06522923948382543
noisy_sir_overfit_risk,17,gic_vol_050,seir,0.16876836722975677
noisy_sir_overfit_risk,17,gic_vol_050,sir,0.2568338104029756
noisy_sir_overfit_risk,17,gic_vol_050,tv_sir,0.2111406870734129
noisy_sir_overfit_risk,17,gic_vol_050,ude_sir_h2,0.2980278958100293
noisy_sir_overfit_risk,17,gic_vol_100,neural_ode_h2,0.10191669717699928
noisy_sir_overfit_risk,17,gic_vol_100,seir,0.1880345840438066
noisy_sir_overfit_risk,17,gic_vol_100,sir,0.3279399574714217
noisy_sir_overfit_risk,17,gic_vol_100,tv_sir,0.1076107368148951
noisy_sir_overfit_risk,17,gic_vol_100,ude_sir_h2,0.27449802449287736
noisy_sir_overfit_risk,17,ogic_e,neural_ode_h2,1.3832513928061843e-05
noisy_sir_overfit_risk,17,ogic_e,seir,0.07001997036616074
noisy_sir_overfit_risk,17,ogic_e,sir,0.21253949137997125
noisy_sir_overfit_risk,17,ogic_e,tv_sir,0.3063175238198061
noisy_sir_overfit_risk,17,ogic_e,ude_sir_h2,0.41110918192013385
noisy_sir_overfit_risk,18,aic,neural_ode_h2,1.8610001119414646e-07
noisy_sir_overfit_risk,18,aic,seir,0.1264403465912945
noisy_sir_overfit_risk,18,aic,sir,0.7603834224317361
noisy_sir_overfit_risk,18,aic,tv_sir,0.11308079252982693
noisy_sir_overfit_risk,18,aic,ude_sir_h2,9.525234713130374e-05
noisy_sir_overfit_risk,18,aicc,neural_ode_h2,7.787005236417982e-14
noisy_sir_overfit_risk,18,aicc,seir,0.10702016651191965
noisy_sir_overfit_risk,18,aicc,sir,0.8257567501228562
noisy_sir_overfit_risk,18,aicc,tv_sir,0.06722302806222616
noisy_sir_overfit_risk,18,aicc,ude_sir_h2,5.530292013187745e-08
noisy_sir_overfit_risk,18,bic,neural_ode_h2,5.96943419896667e-11
noisy_sir_overfit_risk,18,bic,seir,0.07482076343610539
noisy_sir_overfit_risk,18,bic,sir,0.8914020214752307
noisy_sir_overfit_risk,18,bic,tv_sir,0.03377697746749776
noisy_sir_overfit_risk,18,bic,ude_sir_h2,2.3756147178355874e-07
noisy_sir_overfit_risk,18,blocked_validation,neural_ode_h2,0.1361273079373815
noisy_sir_overfit_risk,18,blocked_validation,seir,0.10177616016144338
noisy_sir_overfit_risk,18,blocked_validation,sir,0.25510407496106724
noisy_sir_overfit_risk,18,blocked_validation,tv_sir,0.25147366942147814
noisy_sir_overfit_risk,18,blocked_validation,ude_sir_h2,0.2555187875186297
noisy_sir_overfit_risk,18,waic_laplace,neural_ode_h2,1.4481410253848195e-101
noisy_sir_overfit_risk,18,waic_laplace,sir,0.7831712275554217
noisy_sir_overfit_risk,18,waic_laplace,tv_sir,0.2168287724445784
noisy_sir_overfit_risk,18,waic_laplace,ude_sir_h2,2.375188914759969e-57
noisy_sir_overfit_risk,18,ogic_p,neural_ode_h2,0.003757525122119777
noisy_sir_overfit_risk,18,ogic_p,seir,0.1057981477683764
noisy_sir_overfit_risk,18,ogic_p,sir,0.4193303469348194
noisy_sir_overfit_risk,18,ogic_p,tv_sir,0.16813425804363408
noisy_sir_overfit_risk,18,ogic_p,ude_sir_h2,0.30297972213105034
noisy_sir_overfit_risk,18,gic_eff,neural_ode_h2,0.0016601321301801882
noisy_sir_overfit_risk,18,gic_eff,seir,0.08700383253766862
noisy_sir_overfit_risk,18,gic_eff,sir,0.5137287461602827
noisy_sir_overfit_risk,18,gic_eff,tv_sir,0.10339553730515022
noisy_sir_overfit_risk,18,gic_eff,ude_sir_h2,0.2942117518667183
noisy_sir_overfit_risk,18,gic_vol_025,neural_ode_h2,0.0016875486152512203
noisy_sir_overfit_risk,18,gic_vol_025,seir,0.08817966302413462
noisy_sir_overfit_risk,18,gic_vol_025,sir,0.5471275123808788
noisy_sir_overfit_risk,18,gic_vol_025,tv_sir,0.06716609961264249
noisy_sir_overfit_risk,18,gic_vol_025,ude_sir_h2,0.29583917636709295
noisy_sir_overfit_risk,18,gic_vol_050,neural_ode_h2,0.0016902478006384281
noisy_sir_overfit_risk,18,gic_vol_050,seir,0.0880600513803768
noisy_sir_overfit_risk,18,gic_vol_050,sir,0.5741477783130872
noisy_sir_overfit_risk,18,gic_vol_050,tv_sir,0.04299113516418759
noisy_sir_overfit_risk,18,gic_vol_050,ude_sir_h2,0.29311078734171
noisy_sir_overfit_risk,18,gic_vol_100,neural_ode_h2,0.0016508921830556064
noisy_sir_overfit_risk,18,gic_vol_100,seir,0.08550275183794163
noisy_sir_overfit_risk,18,gic_vol_100,sir,0.6155652807559346
noisy_sir_overfit_risk,18,gic_vol_100,tv_sir,0.017148124897762296
noisy_sir_overfit_risk,18,gic_vol_100,ude_sir_h2,0.2801329503253058
noisy_sir_overfit_risk,18,ogic_e,neural_ode_h2,1.781721982418576e-08
noisy_sir_overfit_risk,18,ogic_e,seir,0.06211004215096139
noisy_sir_overfit_risk,18,ogic_e,sir,0.48140875139414796
noisy_sir_overfit_risk,18,ogic_e,tv_sir,0.07264265714290893
noisy_sir_overfit_risk,18,ogic_e,ude_sir_h2,0.38383853149476194
noisy_sir_overfit_risk,19,aic,neural_ode_h2,7.205570930445692e-08
noisy_sir_overfit_risk,19,aic,seir,0.09439007302128806
noisy_sir_overfit_risk,19,aic,sir,0.7492558650361882
noisy_sir_overfit_risk,19,aic,tv_sir,0.1562236341343033
noisy_sir_overfit_risk,19,aic,ude_sir_h2,0.00013035575251096483
noisy_sir_overfit_risk,19,aicc,neural_ode_h2,3.0564963716832194e-14
noisy_sir_overfit_risk,19,aicc,seir,0.08099117249656279
noisy_sir_overfit_risk,19,aicc,sir,0.8248615561565323
noisy_sir_overfit_risk,19,aicc,tv_sir,0.0941471946223865
noisy_sir_overfit_risk,19,aicc,ude_sir_h2,7.672448786686426e-08
noisy_sir_overfit_risk,19,bic,neural_ode_h2,2.3563563961547443e-11
noisy_sir_overfit_risk,19,bic,seir,0.05694408114567069
noisy_sir_overfit_risk,19,bic,sir,0.8954821549768318
noisy_sir_overfit_risk,19,bic,tv_sir,0.0475734324052247
noisy_sir_overfit_risk,19,bic,ude_sir_h2,3.3144870928648724e-07
noisy_sir_overfit_risk,19,blocked_validation,neural_ode_h2,0.041182806796043234
noisy_sir_overfit_risk,19,blocked_validation,seir,0.09980081053754256
noisy_sir_overfit_risk,19,blocked_validation,sir,0.2569454853898932
noisy_sir_overfit_risk,19,blocked_validation,tv_sir,0.32498223843963703
noisy_sir_overfit_risk,19,blocked_validation,ude_sir_h2,0.277088658836884
noisy_sir_overfit_risk,19,waic_laplace,neural_ode_h2,7.950441368555704e-53
noisy_sir_overfit_risk,19,waic_laplace,sir,0.6511835973764863
noisy_sir_overfit_risk,19,waic_laplace,tv_sir,0.3488164026235137
noisy_sir_overfit_risk,19,waic_laplace,ude_sir_h2,1.887230139791238e-147
noisy_sir_overfit_risk,19,ogic_p,neural_ode_h2,0.0015093560951060542
noisy_sir_overfit_risk,19,ogic_p,seir,0.07874392493053584
noisy_sir_overfit_risk,19,ogic_p,sir,0.41228782659561125
noisy_sir_overfit_risk,19,ogic_p,tv_sir,0.23750413560572375
noisy_sir_overfit_risk,19,ogic_p,ude_sir_h2,0.26995475677302305
noisy_sir_overfit_risk,19,gic_eff,neural_ode_h2,0.0007486399965740238
noisy_sir_overfit_risk,19,gic_eff,seir,0.07074759638067882
noisy_sir_overfit_risk,19,gic_eff,sir,0.5521417055250057
noisy_sir_overfit_risk,19,gic_eff,tv_sir,0.1623465182352296
noisy_sir_overfit_risk,19,gic_eff,ude_sir_h2,0.21401553986251176
noisy_sir_overfit_risk,19,gic_vol_025,neural_ode_h2,0.0008081573667132355
noisy_sir_overfit_risk,19,gic_vol_025,seir,0.07447842299441897
noisy_sir_overfit_risk,19,gic_vol_025,sir,0.6125621078238398
noisy_sir_overfit_risk,19,gic_vol_025,tv_sir,0.11158447485927463
noisy_sir_overfit_risk,19,gic_vol_025,ude_sir_h2,0.2005668369557534
noisy_sir_overfit_risk,19,gic_vol_050,neural_ode_h2,0.0008523502037484952
noisy_sir_overfit_risk,19,gic_vol_050,seir,0.07660347623473945
noisy_sir_overfit_risk,19,gic_vol_050,sir,0.6639707191731056
noisy_sir_overfit_risk,19,gic_vol_050,tv_sir,0.07493139049314211
noisy_sir_overfit_risk,19,gic_vol_050,ude_sir_h2,0.18364206389526436
noisy_sir_overfit_risk,19,gic_vol_100,neural_ode_h2,0.0009031200767289462
noisy_sir_overfit_risk,19,gic_vol_100,seir,0.07719117487372192
noisy_sir_overfit_risk,19,gic_vol_100,sir,0.7430699299656242
noisy_sir_overfit_risk,19,gic_vol_100,tv_sir,0.03218599865996054
noisy_sir_overfit_risk,19,gic_vol_100,ude_sir_h2,0.14664977642396448
noisy_sir_overfit_risk,19,ogic_e,neural_ode_h2,1.2529444162258922e-08
noisy_sir_overfit_risk,19,ogic_e,seir,0.04118439428638598
noisy_sir_overfit_risk,19,ogic_e,sir,0.5200370061856121
noisy_sir_overfit_risk,19,ogic_e,tv_sir,0.11652354221511545
noisy_sir_overfit_risk,19,ogic_e,ude_sir_h2,0.3222550447834423
regular_sir_full,0,aic,neural_ode_h2,3.4096862651076436e-10
regular_sir_full,0,aic,seir,7.641793064604722e-15
regular_sir_full,0,aic,sir,0.8456262683624878
regular_sir_full,0,aic,tv_sir,0.15419768412006948
regular_sir_full,0,aic,ude_sir_h2,0.00017604717646649802
regular_sir_full,0,aicc,neural_ode_h2,2.0316447115776287e-11
regular_sir_full,0,aicc,seir,7.281674980259724e-15
regular_sir_full,0,aicc,sir,0.866927963414407
regular_sir_full,0,aicc,tv_sir,0.13303868652546236
regular_sir_full,0,aicc,ude_sir_h2,3.335003980673335e-05
regular_sir_full,0,bic,neural_ode_h2,1.4903210137591689e-16
regular_sir_full,0,bic,seir,2.5934463392802e-15
regular_sir_full,0,bic,sir,0.9847491240457905
regular_sir_full,0,bic,tv_sir,0.015250872845427421
regular_sir_full,0,bic,ude_sir_h2,3.1087793766506235e-09
regular_sir_full,0,blocked_validation,neural_ode_h2,1.5420892010147972e-133
regular_sir_full,0,blocked_validation,seir,0.5748764034102205
regular_sir_full,0,blocked_validation,sir,0.26676601855023596
regular_sir_full,0,blocked_validation,tv_sir,0.0023924763181782938
regular_sir_full,0,blocked_validation,ude_sir_h2,0.15596510172136532
regular_sir_full,0,waic_laplace,neural_ode_h2,8.472000742621714e-305
regular_sir_full,0,waic_laplace,seir,1.252222525988036e-15
regular_sir_full,0,waic_laplace,sir,0.8592574720905706
regular_sir_full,0,waic_laplace,tv_sir,0.1407425279094281
regular_sir_full,0,waic_laplace,ude_sir_h2,8.472000742621714e-305
regular_sir_full,0,ogic_p,neural_ode_h2,1.8493767350408888e-07
regular_sir_full,0,ogic_p,seir,5.9610904550758355e-15
regular_sir_full,0,ogic_p,sir,0.6536899439047045
regular_sir_full,0,ogic_p,tv_sir,0.12033712697832465
regular_sir_full,0,ogic_p,ude_sir_h2,0.22597274417929145
regular_sir_full,0,gic_eff,neural_ode_h2,3.220638092977338e-10
regular_sir_full,0,gic_eff,seir,2.5239503822707813e-15
regular_sir_full,0,gic_eff,sir,0.9391561043464804
regular_sir_full,0,gic_eff,tv_sir,0.014856808284390713
regular_sir_full,0,gic_eff,ude_sir_h2,0.045987087047062405
regular_sir_full,0,gic_vol_025,neural_ode_h2,2.996887022434288e-11
regular_sir_full,0,gic_vol_025,seir,1.5120597403731807e-15
regular_sir_full,0,gic_vol_025,sir,0.9772948429258952
regular_sir_full,0,gic_vol_025,tv_sir,0.0027384201813680925
regular_sir_full,0,gic_vol_025,ude_sir_h2,0.019966736862766496
regular_sir_full,0,gic_vol_050,neural_ode_h2,2.7175985079536744e-12
regular_sir_full,0,gic_vol_050,seir,8.827618699527063e-16
regular_sir_full,0,gic_vol_050,sir,0.9910599064860162
regular_sir_full,0,gic_vol_050,tv_sir,0.000491882229654028
regular_sir_full,0,gic_vol_050,ude_sir_h2,0.008448211281611422
regular_sir_full,0,gic_vol_100,neural_ode_h2,2.1893534134532474e-14
regular_sir_full,0,gic_vol_100,seir,2.9477695348519003e-16
regular_sir_full,0,gic_vol_100,sir,0.9985026815207408
regular_sir_full,0,gic_vol_100,tv_sir,1.5548337316956144e-05
regular_sir_full,0,gic_vol_100,ude_sir_h2,0.001481770141920043
regular_sir_full,0,ogic_e,neural_ode_h2,4.871033555698776e-30
regular_sir_full,0,ogic_e,seir,1.9022487762339283e-16
regular_sir_full,0,ogic_e,sir,0.9598838415326036
regular_sir_full,0,ogic_e,tv_sir,0.001257252210628278
regular_sir_full,0,ogic_e,ude_sir_h2,0.03885890625676767
regular_sir_full,1,aic,neural_ode_h2,4.1036503154184307e-11
regular_sir_full,1,aic,seir,2.4560470796085913e-12
regular_sir_full,1,aic,sir,0.45938982707918885
regular_sir_full,1,aic,tv_sir,0.5401303208501554
regular_sir_full,1,aic,ude_sir_h2,0.0004798520271630902
regular_sir_full,1,aicc,neural_ode_h2,2.6093552882783812e-12
regular_sir_full,1,aicc,seir,2.4974812303446505e-12
regular_sir_full,1,aicc,sir,0.5025918577489701
regular_sir_full,1,aicc,tv_sir,0.49731113500448704
regular_sir_full,1,aicc,ude_sir_h2,9.700724143599731e-05
regular_sir_full,1,bic,neural_ode_h2,3.048388040555123e-17
regular_sir_full,1,bic,seir,1.416619380343272e-12
regular_sir_full,1,bic,sir,0.9092075002373301
regular_sir_full,1,bic,tv_sir,0.09079248535992117
regular_sir_full,1,bic,ude_sir_h2,1.440133225199534e-08
regular_sir_full,1,blocked_validation,neural_ode_h2,6.667205480035899e-106
regular_sir_full,1,blocked_validation,seir,0.7869921122106256
regular_sir_full,1,blocked_validation,sir,0.06564939870862968
regular_sir_full,1,blocked_validation,tv_sir,0.07972740902531539
regular_sir_full,1,blocked_validation,ude_sir_h2,0.06763108005542944
regular_sir_full,1,waic_laplace,neural_ode_h2,5.428105587789804e-305
regular_sir_full,1,waic_laplace,seir,6.543494171201961e-13
regular_sir_full,1,waic_laplace,sir,0.4494641316370844
regular_sir_full,1,waic_laplace,tv_sir,0.5505358683622613
regular_sir_full,1,waic_laplace,ude_sir_h2,5.428105587789804e-305
regular_sir_full,1,ogic_p,neural_ode_h2,2.27796787890954e-08
regular_sir_full,1,ogic_p,seir,1.535530069324995e-12
regular_sir_full,1,ogic_p,sir,0.2848848617185726
regular_sir_full,1,ogic_p,tv_sir,0.33819097403349113
regular_sir_full,1,ogic_p,ude_sir_h2,0.37692414146672204
regular_sir_full,1,gic_eff,neural_ode_h2,1.0586043033876254e-10
regular_sir_full,1,gic_eff,seir,1.2834352201573427e-12
regular_sir_full,1,gic_eff,sir,0.8088971945542576
regular_sir_full,1,gic_eff,tv_sir,0.08252847626951763
regular_sir_full,1,gic_eff,ude_sir_h2,0.10857432906908081
regular_sir_full,1,gic_vol_025,neural_ode_h2,1.3757070393505826e-11
regular_sir_full,1,gic_vol_025,seir,8.518042097518553e-13
regular_sir_full,1,gic_vol_025,sir,0.9434170711651169
regular_sir_full,1,gic_vol_025,tv_sir,0.017148393407867373
regular_sir_full,1,gic_vol_025,ude_sir_h2,0.03943453541240687
regular_sir_full,1,gic_vol_050,neural_ode_h2,1.5988261928525082e-12
regular_sir_full,1,gic_vol_050,seir,5.055785054035087e-13
regular_sir_full,1,gic_vol_050,sir,0.9840045860463333
regular_sir_full,1,gic_vol_050,tv_sir,0.00318658890987655
regular_sir_full,1,gic_vol_050,ude_sir_h2,0.012808825041685769
regular_sir_full,1,gic_vol_100,neural_ode_h2,2.014537965479349e-14
regular_sir_full,1,gic_vol_100,seir,1.6615363727409554e-13
regular_sir_full,1,gic_vol_100,sir,0.9986366907876342
regular_sir_full,1,gic_vol_100,tv_sir,0.00010264903158289152
regular_sir_full,1,gic_vol_100,ude_sir_h2,0.0012606601805965141
regular_sir_full,1,ogic_e,neural_ode_h2,4.516955720435133e-28
regular_sir_full,1,ogic_e,seir,1.278775542796434e-13
regular_sir_full,1,ogic_e,sir,0.9550415089228478
regular_sir_full,1,ogic_e,tv_sir,0.007953256155514558
regular_sir_full,1,ogic_e,ude_sir_h2,0.037005234921509825
regular_sir_full,2,aic,neural_ode_h2,4.5654845695379935e-15
regular_sir_full,2,aic,seir,4.809997373455545e-18
regular_sir_full,2,aic,sir,0.847877426949382
regular_sir_full,2,aic,tv_sir,0.15199329933885586
regular_sir_full,2,aic,ude_sir_h2,0.00012927371175761954
regular_sir_full,2,aicc,neural_ode_h2,2.71924159165755e-16
regular_sir_full,2,aicc,seir,4.5815077913746516e-18
regular_sir_full,2,aicc,sir,0.8688907876337577
regular_sir_full,2,aicc,tv_sir,0.13108473272299415
regular_sir_full,2,aicc,ude_sir_h2,2.4479643247966554e-05
regular_sir_full,2,bic,neural_ode_h2,1.9907178554289913e-21
regular_sir_full,2,bic,seir,1.6284868657903953e-18
regular_sir_full,2,bic,sir,0.9850031936035729
regular_sir_full,2,bic,tv_sir,0.01499680411908377
regular_sir_full,2,bic,ude_sir_h2,2.277343198923706e-09
regular_sir_full,2,blocked_validation,neural_ode_h2,4.004995504329669e-132
regular_sir_full,2,blocked_validation,seir,0.24530353759216644
regular_sir_full,2,blocked_validation,sir,0.3158734863871707
regular_sir_full,2,blocked_validation,tv_sir,0.11156765540753788
regular_sir_full,2,blocked_validation,ude_sir_h2,0.32725532061312496
regular_sir_full,2,waic_laplace,neural_ode_h2,8.302624346892097e-305
regular_sir_full,2,waic_laplace,seir,1.6584638940636471e-18
regular_sir_full,2,waic_laplace,sir,0.8420787751041247
regular_sir_full,2,waic_laplace,tv_sir,0.15792122489587535
regular_sir_full,2,waic_laplace,ude_sir_h2,8.302624346892097e-305
regular_sir_full,2,ogic_p,neural_ode_h2,2.2313680909156857e-12
regular_sir_full,2,ogic_p,seir,3.549646964819839e-18
regular_sir_full,2,ogic_p,sir,0.6201439750300336
regular_sir_full,2,ogic_p,tv_sir,0.1122935890172783
regular_sir_full,2,ogic_p,ude_sir_h2,0.2675624359504567
regular_sir_full,2,gic_eff,neural_ode_h2,3.6230963167381e-15
regular_sir_full,2,gic_eff,seir,1.4879650827935624e-18
regular_sir_full,2,gic_eff,sir,0.8822269501642739
regular_sir_full,2,gic_eff,tv_sir,0.013737312802663666
regular_sir_full,2,gic_eff,ude_sir_h2,0.10403573703305878
regular_sir_full,2,gic_vol_025,neural_ode_h2,3.349971347409687e-16
regular_sir_full,2,gic_vol_025,seir,9.039051950045296e-19
regular_sir_full,2,gic_vol_025,sir,0.932246008131348
regular_sir_full,2,gic_vol_025,tv_sir,0.002603292898164264
regular_sir_full,2,gic_vol_025,ude_sir_h2,0.06515069897048735
regular_sir_full,2,gic_vol_050,neural_ode_h2,3.0177847106480365e-17
regular_sir_full,2,gic_vol_050,seir,5.349817576404748e-19
regular_sir_full,2,gic_vol_050,sir,0.9597689434777477
regular_sir_full,2,gic_vol_050,tv_sir,0.0004806514184136347
regular_sir_full,2,gic_vol_050,ude_sir_h2,0.03975040510383861
regular_sir_full,2,gic_vol_100,neural_ode_h2,2.372820409825549e-19
regular_sir_full,2,gic_vol_100,seir,1.8157391074629566e-19
regular_sir_full,2,gic_vol_100,sir,0.985646777044077
regular_sir_full,2,gic_vol_100,tv_sir,1.5875481644281105e-05
regular_sir_full,2,gic_vol_100,ude_sir_h2,0.014337347474278905
regular_sir_full,2,ogic_e,neural_ode_h2,4.3841826214749496e-33
regular_sir_full,2,ogic_e,seir,1.1111763330704956e-19
regular_sir_full,2,ogic_e,sir,0.8693444838843328
regular_sir_full,2,ogic_e,tv_sir,0.0011871933562050728
regular_sir_full,2,ogic_e,ude_sir_h2,0.12946832275946193
regular_sir_full,3,aic,neural_ode_h2,5.856710996290096e-13
regular_sir_full,3,aic,seir,6.578979266226836e-18
regular_sir_full,3,aic,sir,0.8553538437172901
regular_sir_full,3,aic,tv_sir,0.14453633523432927
regular_sir_full,3,aic,ude_sir_h2,0.00010982104779494581
regular_sir_full,3,aicc,neural_ode_h2,3.4840326603539156e-14
regular_sir_full,3,aicc,seir,6.258778997410303e-18
regular_sir_full,3,aicc,sir,0.8754784077073414
regular_sir_full,3,aicc,tv_sir,0.12450082174450956
regular_sir_full,3,aicc,ude_sir_h2,2.077054811406088e-05
regular_sir_full,3,bic,neural_ode_h2,2.533598082279524e-19
regular_sir_full,3,bic,seir,2.2098308584513974e-18
regular_sir_full,3,bic,sir,0.9858514325517527
regular_sir_full,3,bic,tv_sir,0.014148565528849591
regular_sir_full,3,bic,ude_sir_h2,1.9193975841709422e-09
regular_sir_full,3,blocked_validation,neural_ode_h2,2.416391447041917e-71
regular_sir_full,3,blocked_validation,seir,0.4030666684409669
regular_sir_full,3,blocked_validation,sir,0.3256403533358217
regular_sir_full,3,blocked_validation,tv_sir,0.0048267751401160275
regular_sir_full,3,blocked_validation,ude_sir_h2,0.2664662030830955
regular_sir_full,3,waic_laplace,neural_ode_h2,8.302132303214894e-305
regular_sir_full,3,waic_laplace,seir,2.13755255944122e-18
regular_sir_full,3,waic_laplace,sir,0.8420288704571497
regular_sir_full,3,waic_laplace,tv_sir,0.1579711295428503
regular_sir_full,3,waic_laplace,ude_sir_h2,8.302132303214894e-305
regular_sir_full,3,ogic_p,neural_ode_h2,2.9926301745757697e-10
regular_sir_full,3,ogic_p,seir,5.002786944454401e-18
regular_sir_full,3,ogic_p,sir,0.644485350468827
regular_sir_full,3,ogic_p,tv_sir,0.10997600963823868
regular_sir_full,3,ogic_p,ude_sir_h2,0.24553863959367128
regular_sir_full,3,gic_eff,neural_ode_h2,4.797107218228197e-13
regular_sir_full,3,gic_eff,seir,2.0336093550026503e-18
regular_sir_full,3,gic_eff,sir,0.888830303417993
regular_sir_full,3,gic_eff,tv_sir,0.013038212768505975
regular_sir_full,3,gic_eff,ude_sir_h2,0.09813148381302135
regular_sir_full,3,gic_vol_025,neural_ode_h2,4.483990135999558e-14
regular_sir_full,3,gic_vol_025,seir,1.2282929406249399e-18
regular_sir_full,3,gic_vol_025,sir,0.9311582518267046
regular_sir_full,3,gic_vol_025,tv_sir,0.002436086007179836
regular_sir_full,3,gic_vol_025,ude_sir_h2,0.06640566216607051
regular_sir_full,3,gic_vol_050,neural_ode_h2,4.105530396420547e-15
regular_sir_full,3,gic_vol_050,seir,7.2670103831995245e-19
regular_sir_full,3,gic_vol_050,sir,0.9555370693527803
regular_sir_full,3,gic_vol_050,tv_sir,0.0004458477410576972
regular_sir_full,3,gic_vol_050,ude_sir_h2,0.04401708290615803
regular_sir_full,3,gic_vol_100,neural_ode_h2,3.355896396915341e-17
regular_sir_full,3,gic_vol_100,seir,2.480238569185521e-19
regular_sir_full,3,gic_vol_100,sir,0.9811279620185311
regular_sir_full,3,gic_vol_100,tv_sir,1.4561445985726885e-05
regular_sir_full,3,gic_vol_100,ude_sir_h2,0.018857476535483073
regular_sir_full,3,ogic_e,neural_ode_h2,9.513369501575367e-33
regular_sir_full,3,ogic_e,seir,1.418522065252527e-19
regular_sir_full,3,ogic_e,sir,0.8477459899604236
regular_sir_full,3,ogic_e,tv_sir,0.0010605417055502223
regular_sir_full,3,ogic_e,ude_sir_h2,0.15119346833402625
regular_sir_full,4,aic,neural_ode_h2,7.877415159908184e-14
regular_sir_full,4,aic,seir,2.1480284003732668e-08
regular_sir_full,4,aic,sir,0.7289705723662935
regular_sir_full,4,aic,tv_sir,0.27091129292551314
regular_sir_full,4,aic,ude_sir_h2,0.00011811322783045743
regular_sir_full,4,aicc,neural_ode_h2,4.7841736712012844e-15
regular_sir_full,4,aicc,seir,2.0862478231930107e-08
regular_sir_full,4,aicc,sir,0.761735863788269
regular_sir_full,4,aicc,tv_sir,0.23824130900417842
regular_sir_full,4,aicc,ude_sir_h2,2.2806345069698677e-05
regular_sir_full,4,bic,neural_ode_h2,3.9318413179628545e-20
regular_sir_full,4,bic,seir,8.324705053240506e-09
regular_sir_full,4,bic,sir,0.9694021470834725
regular_sir_full,4,bic,tv_sir,0.030597842210017243
regular_sir_full,4,bic,ude_sir_h2,2.3818050902734956e-09
regular_sir_full,4,blocked_validation,neural_ode_h2,3.0067089114909692e-92
regular_sir_full,4,blocked_validation,seir,0.023404197185691502
regular_sir_full,4,blocked_validation,sir,0.40025491726944085
regular_sir_full,4,blocked_validation,tv_sir,0.3299621861465956
regular_sir_full,4,blocked_validation,ude_sir_h2,0.2463786993982721
regular_sir_full,4,waic_laplace,neural_ode_h2,8.392233030597399e-305
regular_sir_full,4,waic_laplace,seir,1.8641642942180675e-08
regular_sir_full,4,waic_laplace,sir,0.8511671750437774
regular_sir_full,4,waic_laplace,tv_sir,0.14883280631457957
regular_sir_full,4,waic_laplace,ude_sir_h2,8.392233030597399e-305
regular_sir_full,4,ogic_p,neural_ode_h2,3.3723199104122244e-11
regular_sir_full,4,ogic_p,seir,1.61975731886865e-08
regular_sir_full,4,ogic_p,sir,0.5451360750043827
regular_sir_full,4,ogic_p,tv_sir,0.20450191837033946
regular_sir_full,4,ogic_p,ude_sir_h2,0.2503619903939815
regular_sir_full,4,gic_eff,neural_ode_h2,5.0385702182700625e-14
regular_sir_full,4,gic_eff,seir,7.554801124428787e-09
regular_sir_full,4,gic_eff,sir,0.8635470734617141
regular_sir_full,4,gic_eff,tv_sir,0.027833826268197
regular_sir_full,4,gic_eff,ude_sir_h2,0.10861909271523736
regular_sir_full,4,gic_vol_025,neural_ode_h2,3.879599555174424e-15
regular_sir_full,4,gic_vol_025,seir,4.631378369642274e-09
regular_sir_full,4,gic_vol_025,sir,0.9280783660811279
regular_sir_full,4,gic_vol_025,tv_sir,0.00529106171806069
regular_sir_full,4,gic_vol_025,ude_sir_h2,0.06663056756942913
regular_sir_full,4,gic_vol_050,neural_ode_h2,2.8742258315084296e-16
regular_sir_full,4,gic_vol_050,seir,2.7318188128608423e-09
regular_sir_full,4,gic_vol_050,sir,0.9597048365443581
regular_sir_full,4,gic_vol_050,tv_sir,0.0009677588342749679
regular_sir_full,4,gic_vol_050,ude_sir_h2,0.03932740188954767
regular_sir_full,4,gic_vol_100,neural_ode_h2,1.5169523438313967e-18
regular_sir_full,4,gic_vol_100,seir,9.139411314698424e-10
regular_sir_full,4,gic_vol_100,sir,0.986794741514286
regular_sir_full,4,gic_vol_100,tv_sir,3.113141444269084e-05
regular_sir_full,4,gic_vol_100,ude_sir_h2,0.01317412615733022
regular_sir_full,4,ogic_e,neural_ode_h2,9.067602479289083e-32
regular_sir_full,4,ogic_e,seir,6.305360700719596e-10
regular_sir_full,4,ogic_e,sir,0.879488612189778
regular_sir_full,4,ogic_e,tv_sir,0.0022946866388974608
regular_sir_full,4,ogic_e,ude_sir_h2,0.11821670054078834
regular_sir_full,5,aic,neural_ode_h2,1.394690277296341e-13
regular_sir_full,5,aic,seir,2.886514910417354e-24
regular_sir_full,5,aic,sir,0.8618148722585937
regular_sir_full,5,aic,tv_sir,0.13807263788268498
regular_sir_full,5,aic,ude_sir_h2,0.00011248985858199261
regular_sir_full,5,aicc,neural_ode_h2,8.288047488260052e-15
regular_sir_full,5,aicc,seir,2.7431587272676165e-24
regular_sir_full,5,aicc,sir,0.8811698851888605
regular_sir_full,5,aicc,tv_sir,0.11880886173592665
regular_sir_full,5,aicc,ude_sir_h2,2.1253075204470545e-05
regular_sir_full,5,bic,neural_ode_h2,5.992560691118956e-20
regular_sir_full,5,bic,seir,9.62997282267296e-25
regular_sir_full,5,bic,sir,0.9865756335984572
regular_sir_full,5,bic,tv_sir,0.013424364448807038
regular_sir_full,5,bic,ude_sir_h2,1.952735725611934e-09
regular_sir_full,5,blocked_validation,neural_ode_h2,3.4116858147537327e-149
regular_sir_full,5,blocked_validation,seir,0.3197131595827634
regular_sir_full,5,blocked_validation,sir,0.3092092120557236
regular_sir_full,5,blocked_validation,tv_sir,0.1841152068133093
regular_sir_full,5,blocked_validation,ude_sir_h2,0.18696242154820372
regular_sir_full,5,waic_laplace,neural_ode_h2,8.413840266076484e-305
regular_sir_full,5,waic_laplace,seir,3.341896584012339e-25
regular_sir_full,5,waic_laplace,sir,0.8533586501274869
regular_sir_full,5,waic_laplace,tv_sir,0.14664134987251295
regular_sir_full,5,waic_laplace,ude_sir_h2,8.413840266076484e-305
regular_sir_full,5,ogic_p,neural_ode_h2,7.572382223113817e-11
regular_sir_full,5,ogic_p,seir,2.1840111746737527e-24
regular_sir_full,5,ogic_p,sir,0.6456816971552964
regular_sir_full,5,ogic_p,tv_sir,0.10446658282747094
regular_sir_full,5,ogic_p,ude_sir_h2,0.24985171994150887
regular_sir_full,5,gic_eff,neural_ode_h2,1.31389239892322e-13
regular_sir_full,5,gic_eff,seir,8.862120328106278e-25
regular_sir_full,5,gic_eff,sir,0.8881648983818186
regular_sir_full,5,gic_eff,tv_sir,0.012353246795336925
regular_sir_full,5,gic_eff,ude_sir_h2,0.09948185482271327
regular_sir_full,5,gic_vol_025,neural_ode_h2,1.2106951634432844e-14
regular_sir_full,5,gic_vol_025,seir,5.40352697357432e-25
regular_sir_full,5,gic_vol_025,sir,0.9321529839162432
regular_sir_full,5,gic_vol_025,tv_sir,0.002309207865715361
regular_sir_full,5,gic_vol_025,ude_sir_h2,0.06553780821802946
regular_sir_full,5,gic_vol_050,neural_ode_h2,1.0916663044137372e-15
regular_sir_full,5,gic_vol_050,seir,3.2240153116858447e-25
regular_sir_full,5,gic_vol_050,sir,0.9573282478142296
regular_sir_full,5,gic_vol_050,tv_sir,0.00042240108890929793
regular_sir_full,5,gic_vol_050,ude_sir_h2,0.04224935109686008
regular_sir_full,5,gic_vol_100,neural_ode_h2,8.639706065858064e-18
regular_sir_full,5,gic_vol_100,seir,1.1172117781583224e-25
regular_sir_full,5,gic_vol_100,sir,0.9828949394240076
regular_sir_full,5,gic_vol_100,tv_sir,1.3757765318372048e-05
regular_sir_full,5,gic_vol_100,ude_sir_h2,0.01709130281067393
regular_sir_full,5,ogic_e,neural_ode_h2,1.7017341284051846e-35
regular_sir_full,5,ogic_e,seir,5.823029633840254e-26
regular_sir_full,5,ogic_e,sir,0.8617708604963645
regular_sir_full,5,ogic_e,tv_sir,0.0010326985603467378
regular_sir_full,5,ogic_e,ude_sir_h2,0.13719644094328887
regular_sir_full,6,aic,neural_ode_h2,3.894605384401469e-11
regular_sir_full,6,aic,seir,2.0005234461110212e-14
regular_sir_full,6,aic,sir,0.5282162254909011
regular_sir_full,6,aic,tv_sir,0.47147532075607096
regular_sir_full,6,aic,ude_sir_h2,0.00030845371406190854
regular_sir_full,6,aicc,neural_ode_h2,2.4469410165406455e-12
regular_sir_full,6,aicc,seir,2.010047691191025e-14
regular_sir_full,6,aicc,sir,0.5710090386581215
regular_sir_full,6,aicc,tv_sir,0.42892934668803584
regular_sir_full,6,aicc,ude_sir_h2,6.161465137558219e-05
regular_sir_full,6,bic,neural_ode_h2,2.5723797531087972e-17
regular_sir_full,6,bic,seir,1.0259633733514017e-14
regular_sir_full,6,bic,sir,0.9295336004234916
regular_sir_full,6,bic,tv_sir,0.07046639134541342
regular_sir_full,6,bic,ude_sir_h2,8.231084493772943e-09
regular_sir_full,6,blocked_validation,neural_ode_h2,1.2456953449289194e-109
regular_sir_full,6,blocked_validation,seir,0.3156876188387172
regular_sir_full,6,blocked_validation,sir,0.40695306403494125
regular_sir_full,6,blocked_validation,tv_sir,3.776203250226869e-05
regular_sir_full,6,blocked_validation,ude_sir_h2,0.27732155509383927
regular_sir_full,6,waic_laplace,neural_ode_h2,5.066852009701639e-305
regular_sir_full,6,waic_laplace,seir,5.6734992050509625e-15
regular_sir_full,6,waic_laplace,sir,0.4861036275162064
regular_sir_full,6,waic_laplace,tv_sir,0.5138963724837879
regular_sir_full,6,waic_laplace,ude_sir_h2,5.066852009701639e-305
regular_sir_full,6,ogic_p,neural_ode_h2,1.512074493691866e-08
regular_sir_full,6,ogic_p,seir,1.2126595378712368e-14
regular_sir_full,6,ogic_p,sir,0.31770435338685055
regular_sir_full,6,ogic_p,tv_sir,0.28647501294633726
regular_sir_full,6,ogic_p,ude_sir_h2,0.3958206185460551
regular_sir_full,6,gic_eff,neural_ode_h2,3.949563098931699e-11
regular_sir_full,6,gic_eff,seir,8.521732861824454e-15
regular_sir_full,6,gic_eff,sir,0.7587614420443932
regular_sir_full,6,gic_eff,tv_sir,0.05884149641175487
regular_sir_full,6,gic_eff,ude_sir_h2,0.18239706150434784
regular_sir_full,6,gic_vol_025,neural_ode_h2,3.686922229124298e-12
regular_sir_full,6,gic_vol_025,seir,5.653278576611144e-15
regular_sir_full,6,gic_vol_025,sir,0.8886234069975796
regular_sir_full,6,gic_vol_025,tv_sir,0.012410534594919148
regular_sir_full,6,gic_vol_025,ude_sir_h2,0.09896605840380868
regular_sir_full,6,gic_vol_050,neural_ode_h2,3.1373417259960966e-13
regular_sir_full,6,gic_vol_050,seir,3.4186590201420163e-15
regular_sir_full,6,gic_vol_050,sir,0.94866564353321
regular_sir_full,6,gic_vol_050,tv_sir,0.0023860536183473832
regular_sir_full,6,gic_vol_050,ude_sir_h2,0.04894830284812528
regular_sir_full,6,gic_vol_100,neural_ode_h2,2.0779503831259924e-15
regular_sir_full,6,gic_vol_100,seir,1.1435212383784296e-15
regular_sir_full,6,gic_vol_100,sir,0.9889667053649553
regular_sir_full,6,gic_vol_100,tv_sir,8.067468296831067e-05
regular_sir_full,6,gic_vol_100,ude_sir_h2,0.010952619952073155
regular_sir_full,6,ogic_e,neural_ode_h2,7.936529144191627e-29
regular_sir_full,6,ogic_e,seir,8.279961599980549e-16
regular_sir_full,6,ogic_e,sir,0.8323960364467735
regular_sir_full,6,ogic_e,tv_sir,0.005695597705706228
regular_sir_full,6,ogic_e,ude_sir_h2,0.16190836584751964
regular_sir_full,7,aic,neural_ode_h2,7.117345751008349e-16
regular_sir_full,7,aic,seir,2.929284625872215e-12
regular_sir_full,7,aic,sir,0.8474778794314834
regular_sir_full,7,aic,tv_sir,0.15238722248417885
regular_sir_full,7,aic,ude_sir_h2,0.00013489808140780288
regular_sir_full,7,aicc,neural_ode_h2,4.239442940204305e-17
regular_sir_full,7,aicc,seir,2.790326207052489e-12
regular_sir_full,7,aicc,sir,0.8685409637292189
regular_sir_full,7,aicc,tv_sir,0.13143348982409248
regular_sir_full,7,aicc,ude_sir_h2,2.5546443898284604e-05
regular_sir_full,7,bic,neural_ode_h2,3.1047428829204038e-22
regular_sir_full,7,bic,seir,9.921691910402881e-13
regular_sir_full,7,bic,sir,0.984957928713157
regular_sir_full,7,bic,tv_sir,0.01504206890841492
regular_sir_full,7,bic,ude_sir_h2,2.377435714999815e-09
regular_sir_full,7,blocked_validation,neural_ode_h2,2.0077491487606894e-145
regular_sir_full,7,blocked_validation,seir,0.086669838378448
regular_sir_full,7,blocked_validation,sir,0.3456242301346599
regular_sir_full,7,blocked_validation,tv_sir,0.2629663283234669
regular_sir_full,7,blocked_validation,ude_sir_h2,0.30473960316342513
regular_sir_full,7,waic_laplace,neural_ode_h2,8.414527582409187e-305
regular_sir_full,7,waic_laplace,seir,8.649277825143782e-13
regular_sir_full,7,waic_laplace,sir,0.8534283599531239
regular_sir_full,7,waic_laplace,tv_sir,0.14657164004601125
regular_sir_full,7,waic_laplace,ude_sir_h2,8.414527582409187e-305
regular_sir_full,7,ogic_p,neural_ode_h2,3.511824057839264e-13
regular_sir_full,7,ogic_p,seir,2.164242744282665e-12
regular_sir_full,7,ogic_p,sir,0.6200395101426067
regular_sir_full,7,ogic_p,tv_sir,0.11255930862129938
regular_sir_full,7,ogic_p,ude_sir_h2,0.2674011812335785
regular_sir_full,7,gic_eff,neural_ode_h2,5.799864454040649e-16
regular_sir_full,7,gic_eff,seir,9.13311561261381e-13
regular_sir_full,7,gic_eff,sir,0.8870605008422172
regular_sir_full,7,gic_eff,tv_sir,0.013838586751228628
regular_sir_full,7,gic_eff,ude_sir_h2,0.0991009124056401
regular_sir_full,7,gic_vol_025,neural_ode_h2,4.8355028402228636e-17
regular_sir_full,7,gic_vol_025,seir,5.619202721931244e-13
regular_sir_full,7,gic_vol_025,sir,0.9399884644058403
regular_sir_full,7,gic_vol_025,tv_sir,0.0025964325314429427
regular_sir_full,7,gic_vol_025,ude_sir_h2,0.057415103062154894
regular_sir_full,7,gic_vol_050,neural_ode_h2,3.914729390771773e-18
regular_sir_full,7,gic_vol_050,seir,3.3571191103213184e-13
regular_sir_full,7,gic_vol_050,sir,0.9672263323855838
regular_sir_full,7,gic_vol_050,tv_sir,0.00047304085196815405
regular_sir_full,7,gic_vol_050,ude_sir_h2,0.03230062676211248
regular_sir_full,7,gic_vol_100,neural_ode_h2,2.480631226432363e-20
regular_sir_full,7,gic_vol_100,seir,1.1584868346704054e-13
regular_sir_full,7,gic_vol_100,sir,0.990101091221689
regular_sir_full,7,gic_vol_100,tv_sir,1.5180361479018692e-05
regular_sir_full,7,gic_vol_100,ude_sir_h2,0.009883728416716238
regular_sir_full,7,ogic_e,neural_ode_h2,6.660238102997937e-35
regular_sir_full,7,ogic_e,seir,6.257223748314076e-14
regular_sir_full,7,ogic_e,sir,0.9029578943366147
regular_sir_full,7,ogic_e,tv_sir,0.0011725639867114386
regular_sir_full,7,ogic_e,ude_sir_h2,0.09586954167661133
regular_sir_full,8,aic,neural_ode_h2,1.6279230122002904e-08
regular_sir_full,8,aic,seir,3.49543714720326e-18
regular_sir_full,8,aic,sir,0.8339283741296147
regular_sir_full,8,aic,tv_sir,0.16591985578182866
regular_sir_full,8,aic,ude_sir_h2,0.000151753809326527
regular_sir_full,8,aicc,neural_ode_h2,9.7182031986774e-10
regular_sir_full,8,aicc,seir,3.3370006074222615e-18
regular_sir_full,8,aicc,sir,0.8565487160564224
regular_sir_full,8,aicc,tv_sir,0.1434224807715138
regular_sir_full,8,aicc,ude_sir_h2,2.8802200243611944e-05
regular_sir_full,8,bic,neural_ode_h2,7.205197963368428e-15
regular_sir_full,8,bic,seir,1.2012409838529354e-18
regular_sir_full,8,bic,sir,0.9833826437040987
regular_sir_full,8,bic,tv_sir,0.016617353582286228
regular_sir_full,8,bic,ude_sir_h2,2.713607869201091e-09
regular_sir_full,8,blocked_validation,neural_ode_h2,1.0333625726427003e-248
regular_sir_full,8,blocked_validation,seir,0.26795957901553547
regular_sir_full,8,blocked_validation,sir,0.26227076095076407
regular_sir_full,8,blocked_validation,tv_sir,0.1468450896676874
regular_sir_full,8,blocked_validation,ude_sir_h2,0.32292457036601313
regular_sir_full,8,waic_laplace,neural_ode_h2,8.140322103672745e-305
regular_sir_full,8,waic_laplace,seir,5.855606406350258e-19
regular_sir_full,8,waic_laplace,sir,0.8256175613412783
regular_sir_full,8,waic_laplace,tv_sir,0.17438243865872174
regular_sir_full,8,waic_laplace,ude_sir_h2,8.140322103672745e-305
regular_sir_full,8,ogic_p,neural_ode_h2,8.290362589100995e-06
regular_sir_full,8,ogic_p,seir,2.545590598725324e-18
regular_sir_full,8,ogic_p,sir,0.6006861454136467
regular_sir_full,8,ogic_p,tv_sir,0.12065214564214453
regular_sir_full,8,ogic_p,ude_sir_h2,0.2786534185816196
regular_sir_full,8,gic_eff,neural_ode_h2,1.496089985534066e-08
regular_sir_full,8,gic_eff,seir,1.10908125313279e-18
regular_sir_full,8,gic_eff,sir,0.8859487470855892
regular_sir_full,8,gic_eff,tv_sir,0.01529124445919192
regular_sir_full,8,gic_eff,ude_sir_h2,0.09875999349431898
regular_sir_full,8,gic_vol_025,neural_ode_h2,1.4127866119553772e-09
regular_sir_full,8,gic_vol_025,seir,6.923209007885253e-19
regular_sir_full,8,gic_vol_025,sir,0.9405845081551503
regular_sir_full,8,gic_vol_025,tv_sir,0.0028711214526390464
regular_sir_full,8,gic_vol_025,ude_sir_h2,0.0565443689794241
regular_sir_full,8,gic_vol_050,neural_ode_h2,1.293376644738272e-10
regular_sir_full,8,gic_vol_050,seir,4.1896824750935195e-19
regular_sir_full,8,gic_vol_050,sir,0.9680920047272392
regular_sir_full,8,gic_vol_050,tv_sir,0.0005226246452591509
regular_sir_full,8,gic_vol_050,ude_sir_h2,0.03138537049816392
regular_sir_full,8,gic_vol_100,neural_ode_h2,1.0470918022400564e-12
regular_sir_full,8,gic_vol_100,seir,1.482147079349377e-19
regular_sir_full,8,gic_vol_100,sir,0.9906428631347005
regular_sir_full,8,gic_vol_100,tv_sir,1.67274363802567e-05
regular_sir_full,8,gic_vol_100,ude_sir_h2,0.009340409427872357
regular_sir_full,8,ogic_e,neural_ode_h2,3.499677833781148e-29
regular_sir_full,8,ogic_e,seir,6.5228220497711e-20
regular_sir_full,8,ogic_e,sir,0.8911731501669654
regular_sir_full,8,ogic_e,tv_sir,0.001271753423561384
regular_sir_full,8,ogic_e,ude_sir_h2,0.10755509640947315
regular_sir_full,9,aic,neural_ode_h2,1.4868154282709942e-16
regular_sir_full,9,aic,seir,9.652453413951292e-16
regular_sir_full,9,aic,sir,0.027336436676253812
regular_sir_full,9,aic,tv_sir,0.9720628734744929
regular_sir_full,9,aic,ude_sir_h2,0.0006006898492521959
regular_sir_full,9,aicc,neural_ode_h2,1.0220304350175458e-17
regular_sir_full,9,aicc,seir,1.0610776315418899e-15
regular_sir_full,9,aicc,sir,0.032331055093046436
regular_sir_full,9,aicc,tv_sir,0.9675376671904974
regular_sir_full,9,aicc,ude_sir_h2,0.00013127771645508898
regular_sir_full,9,bic,neural_ode_h2,5.078037443932929e-22
regular_sir_full,9,bic,seir,2.5597240130080262e-15
regular_sir_full,9,bic,sir,0.24874964871700123
regular_sir_full,9,bic,tv_sir,0.7512502683963501
regular_sir_full,9,bic,ude_sir_h2,8.28866459824698e-08
regular_sir_full,9,blocked_validation,neural_ode_h2,1.353980233058237e-175
regular_sir_full,9,blocked_validation,seir,0.002141517453881802
regular_sir_full,9,blocked_validation,sir,0.020012207418184855
regular_sir_full,9,blocked_validation,tv_sir,0.8443320291186858
regular_sir_full,9,blocked_validation,ude_sir_h2,0.13351424600924777
regular_sir_full,9,waic_laplace,neural_ode_h2,9.585159326757308e-305
regular_sir_full,9,waic_laplace,seir,9.585159326757308e-305
regular_sir_full,9,waic_laplace,sir,0.027842416106054427
regular_sir_full,9,waic_laplace,tv_sir,0.9721575838939457
regular_sir_full,9,waic_laplace,ude_sir_h2,9.585159326757308e-305
regular_sir_full,9,ogic_p,neural_ode_h2,5.760288187923084e-14
regular_sir_full,9,ogic_p,seir,5.509428671818585e-16
regular_sir_full,9,ogic_p,sir,0.015381468249868739
regular_sir_full,9,ogic_p,tv_sir,0.5522736722724112
regular_sir_full,9,ogic_p,ude_sir_h2,0.4323448594776619
regular_sir_full,9,gic_eff,neural_ode_h2,6.360944683458658e-16
regular_sir_full,9,gic_eff,seir,1.523779002613275e-15
regular_sir_full,9,gic_eff,sir,0.14342275573533092
regular_sir_full,9,gic_eff,tv_sir,0.4426166793624937
regular_sir_full,9,gic_eff,ude_sir_h2,0.4139605649021732
regular_sir_full,9,gic_vol_025,neural_ode_h2,1.4096292617628683e-16
regular_sir_full,9,gic_vol_025,seir,2.6394409378327447e-15
regular_sir_full,9,gic_vol_025,sir,0.4101832866880932
regular_sir_full,9,gic_vol_025,tv_sir,0.2233993091409593
regular_sir_full,9,gic_vol_025,ude_sir_h2,0.3664174041709448
regular_sir_full,9,gic_vol_050,neural_ode_h2,1.9400330479076852e-17
regular_sir_full,9,gic_vol_050,seir,2.839375599822905e-15
regular_sir_full,9,gic_vol_050,sir,0.7285490437405328
regular_sir_full,9,gic_vol_050,tv_sir,0.07002559534820305
regular_sir_full,9,gic_vol_050,ude_sir_h2,0.2014253609112612
regular_sir_full,9,gic_vol_100,neural_ode_h2,1.55303266244379e-19
regular_sir_full,9,gic_vol_100,seir,1.38869751822891e-15
regular_sir_full,9,gic_vol_100,sir,0.971367289207937
regular_sir_full,9,gic_vol_100,tv_sir,0.002907835245928134
regular_sir_full,9,gic_vol_100,ude_sir_h2,0.02572487554613348
regular_sir_full,9,ogic_e,neural_ode_h2,2.1241331073648837e-36
regular_sir_full,9,ogic_e,seir,2.118770851581621e-16
regular_sir_full,9,ogic_e,sir,0.46434355369136315
regular_sir_full,9,ogic_e,tv_sir,0.11997610973510227
regular_sir_full,9,ogic_e,ude_sir_h2,0.41568033657353426
regular_sir_full,10,aic,neural_ode_h2,1.459388036476964e-20
regular_sir_full,10,aic,seir,1.308875127899287e-16
regular_sir_full,10,aic,sir,0.8425844524874702
regular_sir_full,10,aic,tv_sir,0.1572912422346899
regular_sir_full,10,aic,ude_sir_h2,0.00012430527783959395
regular_sir_full,10,aicc,neural_ode_h2,8.699686238597349e-22
regular_sir_full,10,aicc,seir,1.2477675823294683e-16
regular_sir_full,10,aicc,sir,0.8642063510501149
regular_sir_full,10,aicc,tv_sir,0.135770089978357
regular_sir_full,10,aicc,ude_sir_h2,2.3558971527943117e-05
regular_sir_full,10,bic,neural_ode_h2,6.3994694332098865e-27
regular_sir_full,10,bic,seir,4.456439251656004e-17
regular_sir_full,10,bic,sir,0.984392647653546
regular_sir_full,10,bic,tv_sir,0.01560735014424684
regular_sir_full,10,bic,ude_sir_h2,2.2022072552352583e-09
regular_sir_full,10,blocked_validation,neural_ode_h2,4.755812335881649e-131
regular_sir_full,10,blocked_validation,seir,0.5432847973438109
regular_sir_full,10,blocked_validation,sir,0.26201048453668646
regular_sir_full,10,blocked_validation,tv_sir,0.051233818902525395
regular_sir_full,10,blocked_validation,ude_sir_h2,0.14347089921697734
regular_sir_full,10,waic_laplace,neural_ode_h2,8.381530466379139e-305
regular_sir_full,10,waic_laplace,seir,2.343865209578848e-17
regular_sir_full,10,waic_laplace,sir,0.8500816866739755
regular_sir_full,10,waic_laplace,tv_sir,0.14991831332602454
regular_sir_full,10,waic_laplace,ude_sir_h2,8.381530466379139e-305
regular_sir_full,10,ogic_p,neural_ode_h2,7.564047516044665e-18
regular_sir_full,10,ogic_p,seir,9.736363768813553e-17
regular_sir_full,10,ogic_p,sir,0.6201637577167213
regular_sir_full,10,ogic_p,tv_sir,0.11689057351129124
regular_sir_full,10,ogic_p,ude_sir_h2,0.26294566877198744
regular_sir_full,10,gic_eff,neural_ode_h2,1.3091886783026245e-20
regular_sir_full,10,gic_eff,seir,4.086658206843592e-17
regular_sir_full,10,gic_eff,sir,0.8815856557438418
regular_sir_full,10,gic_eff,tv_sir,0.014281162282772144
regular_sir_full,10,gic_eff,ude_sir_h2,0.10413318197338607
regular_sir_full,10,gic_vol_025,neural_ode_h2,1.0363193332182556e-21
regular_sir_full,10,gic_vol_025,seir,2.533535846959915e-17
regular_sir_full,10,gic_vol_025,sir,0.9330252713741162
regular_sir_full,10,gic_vol_025,tv_sir,0.002683720316102922
regular_sir_full,10,gic_vol_025,ude_sir_h2,0.06429100830978095
regular_sir_full,10,gic_vol_050,neural_ode_h2,7.982410534964714e-23
regular_sir_full,10,gic_vol_050,seir,1.5283924747070595e-17
regular_sir_full,10,gic_vol_050,sir,0.9608849668811523
regular_sir_full,10,gic_vol_050,tv_sir,0.0004907497122244882
regular_sir_full,10,gic_vol_050,ude_sir_h2,0.03862428340662315
regular_sir_full,10,gic_vol_100,neural_ode_h2,4.58437631568512e-25
regular_sir_full,10,gic_vol_100,seir,5.384133832518437e-18
regular_sir_full,10,gic_vol_100,sir,0.9864899476036965
regular_sir_full,10,gic_vol_100,tv_sir,1.5884404374661728e-05
regular_sir_full,10,gic_vol_100,ude_sir_h2,0.013494167991928999
regular_sir_full,10,ogic_e,neural_ode_h2,1.3907355102242771e-39
regular_sir_full,10,ogic_e,seir,2.5427444937047723e-18
regular_sir_full,10,ogic_e,sir,0.8799754022848317
regular_sir_full,10,ogic_e,tv_sir,0.0011939862689294264
regular_sir_full,10,ogic_e,ude_sir_h2,0.11883061144623883
regular_sir_full,11,aic,neural_ode_h2,1.3152848216800761e-08
regular_sir_full,11,aic,seir,2.4458694400225213e-14
regular_sir_full,11,aic,sir,0.876845667846242
regular_sir_full,11,aic,tv_sir,0.1230435534897091
regular_sir_full,11,aic,ude_sir_h2,0.00011076551117635821
regular_sir_full,11,aicc,neural_ode_h2,7.797182473830607e-10
regular_sir_full,11,aicc,seir,2.3187495118688522e-14
regular_sir_full,11,aicc,sir,0.8943597680120513
regular_sir_full,11,aicc,tv_sir,0.10561935477038475
regular_sir_full,11,aicc,ude_sir_h2,2.0876437822531466e-05
regular_sir_full,11,bic,neural_ode_h2,5.563775130280737e-15
regular_sir_full,11,bic,seir,8.03340421360185e-15
regular_sir_full,11,bic,sir,0.9882223094493989
regular_sir_full,11,bic,tv_sir,0.011777688657591179
regular_sir_full,11,bic,ude_sir_h2,1.8929962332768966e-09
regular_sir_full,11,blocked_validation,neural_ode_h2,4.691422155643098e-139
regular_sir_full,11,blocked_validation,seir,0.040711605011348656
regular_sir_full,11,blocked_validation,sir,0.33579747407685073
regular_sir_full,11,blocked_validation,tv_sir,0.27754751766404934
regular_sir_full,11,blocked_validation,ude_sir_h2,0.34594340324775125
regular_sir_full,11,waic_laplace,neural_ode_h2,8.758639137804912e-305
regular_sir_full,11,waic_laplace,seir,5.040145702307156e-15
regular_sir_full,11,waic_laplace,sir,0.8883292569418305
regular_sir_full,11,waic_laplace,tv_sir,0.11167074305816434
regular_sir_full,11,waic_laplace,ude_sir_h2,8.758639137804912e-305
regular_sir_full,11,ogic_p,neural_ode_h2,7.1413147184839785e-06
regular_sir_full,11,ogic_p,seir,1.9138147075688415e-14
regular_sir_full,11,ogic_p,sir,0.6800818168883298
regular_sir_full,11,ogic_p,tv_sir,0.09634493821756307
regular_sir_full,11,ogic_p,ude_sir_h2,0.22356610357936962
regular_sir_full,11,gic_eff,neural_ode_h2,1.1610124042868393e-08
regular_sir_full,11,gic_eff,seir,7.583906487598308e-15
regular_sir_full,11,gic_eff,sir,0.9147425559074952
regular_sir_full,11,gic_eff,tv_sir,0.011136044129910894
regular_sir_full,11,gic_eff,ude_sir_h2,0.07412138835246229
regular_sir_full,11,gic_vol_025,neural_ode_h2,8.749427636680754e-10
regular_sir_full,11,gic_vol_025,seir,4.556092553094141e-15
regular_sir_full,11,gic_vol_025,sir,0.9574573706681931
regular_sir_full,11,gic_vol_025,tv_sir,0.002061650955522223
regular_sir_full,11,gic_vol_025,ude_sir_h2,0.04048097750133741
regular_sir_full,11,gic_vol_050,neural_ode_h2,6.434931739502667e-11
regular_sir_full,11,gic_vol_050,seir,2.6712443906142895e-15
regular_sir_full,11,gic_vol_050,sir,0.9780510564669513
regular_sir_full,11,gic_vol_050,tv_sir,0.00037249534764745225
regular_sir_full,11,gic_vol_050,ude_sir_h2,0.021576448121049276
regular_sir_full,11,gic_vol_100,neural_ode_h2,3.390167094817835e-13
regular_sir_full,11,gic_vol_100,seir,8.943434947387384e-16
regular_sir_full,11,gic_vol_100,sir,0.9940179900674301
regular_sir_full,11,gic_vol_100,tv_sir,1.1843521093582516e-05
regular_sir_full,11,gic_vol_100,ude_sir_h2,0.005970166411136582
regular_sir_full,11,ogic_e,neural_ode_h2,1.4242397374961797e-32
regular_sir_full,11,ogic_e,seir,5.942553323229113e-16
regular_sir_full,11,ogic_e,sir,0.9320358266943815
regular_sir_full,11,ogic_e,tv_sir,0.0009491150631421347
regular_sir_full,11,ogic_e,ude_sir_h2,0.06701505824247575
regular_sir_full,12,aic,neural_ode_h2,1.9564481159009517e-18
regular_sir_full,12,aic,seir,4.250193443559095e-12
regular_sir_full,12,aic,sir,0.44873266876401136
regular_sir_full,12,aic,tv_sir,0.5510839559630655
regular_sir_full,12,aic,ude_sir_h2,0.00018337526867307174
regular_sir_full,12,aicc,neural_ode_h2,1.2460671293306308e-19
regular_sir_full,12,aicc,seir,4.328969010057728e-12
regular_sir_full,12,aicc,sir,0.4917359923032426
regular_sir_full,12,aicc,tv_sir,0.5082268757371706
regular_sir_full,12,aicc,ude_sir_h2,3.7131955257907316e-05
regular_sir_full,12,bic,neural_ode_h2,1.4818709249657867e-24
regular_sir_full,12,bic,seir,2.4995816480760735e-12
regular_sir_full,12,bic,sir,0.9055479737474388
regular_sir_full,12,bic,tv_sir,0.09445202063857112
regular_sir_full,12,bic,ude_sir_h2,5.6114905815412055e-09
regular_sir_full,12,blocked_validation,neural_ode_h2,1.4274095034423271e-133
regular_sir_full,12,blocked_validation,seir,0.36487394637365006
regular_sir_full,12,blocked_validation,sir,0.47096549825663964
regular_sir_full,12,blocked_validation,tv_sir,0.0014129843877979126
regular_sir_full,12,blocked_validation,ude_sir_h2,0.1627475709819123
regular_sir_full,12,waic_laplace,neural_ode_h2,5.701407498846101e-305
regular_sir_full,12,waic_laplace,seir,5.660102728789231e-13
regular_sir_full,12,waic_laplace,sir,0.5782550242436244
regular_sir_full,12,waic_laplace,tv_sir,0.42174497575580955
regular_sir_full,12,waic_laplace,ude_sir_h2,5.701407498846101e-305
regular_sir_full,12,ogic_p,neural_ode_h2,1.4525810361214131e-15
regular_sir_full,12,ogic_p,seir,3.1016204786810455e-12
regular_sir_full,12,ogic_p,sir,0.32386494182082615
regular_sir_full,12,ogic_p,tv_sir,0.4014407070932384
regular_sir_full,12,ogic_p,ude_sir_h2,0.27469435108283236
regular_sir_full,12,gic_eff,neural_ode_h2,6.890307874888696e-18
regular_sir_full,12,gic_eff,seir,2.2371955019975673e-12
regular_sir_full,12,gic_eff,sir,0.7907179780312301
regular_sir_full,12,gic_eff,tv_sir,0.08420044437050025
regular_sir_full,12,gic_eff,ude_sir_h2,0.12508157759603258
regular_sir_full,12,gic_vol_025,neural_ode_h2,9.547359683623776e-19
regular_sir_full,12,gic_vol_025,seir,1.5246280160312653e-12
regular_sir_full,12,gic_vol_025,sir,0.9156813010709838
regular_sir_full,12,gic_vol_025,tv_sir,0.017202414485594526
regular_sir_full,12,gic_vol_025,ude_sir_h2,0.06711628444189702
regular_sir_full,12,gic_vol_050,neural_ode_h2,1.2027249504843603e-19
regular_sir_full,12,gic_vol_050,seir,9.446310873314708e-13
regular_sir_full,12,gic_vol_050,sir,0.9640630938801587
regular_sir_full,12,gic_vol_050,tv_sir,0.0031952350475338816
regular_sir_full,12,gic_vol_050,ude_sir_h2,0.03274167107136261
regular_sir_full,12,gic_vol_100,neural_ode_h2,1.7729849632200362e-21
regular_sir_full,12,gic_vol_100,seir,3.368461355394517e-13
regular_sir_full,12,gic_vol_100,sir,0.9926595862454889
regular_sir_full,12,gic_vol_100,tv_sir,0.00010240054731191556
regular_sir_full,12,gic_vol_100,ude_sir_h2,0.007238013206862386
regular_sir_full,12,ogic_e,neural_ode_h2,1.0359617459331462e-33
regular_sir_full,12,ogic_e,seir,1.5205899931864525e-13
regular_sir_full,12,ogic_e,sir,0.916034603555207
regular_sir_full,12,ogic_e,tv_sir,0.007723783967700021
regular_sir_full,12,ogic_e,ude_sir_h2,0.0762416124769408
regular_sir_full,13,aic,neural_ode_h2,2.2430205259603655e-09
regular_sir_full,13,aic,seir,6.0453838244258926e-18
regular_sir_full,13,aic,sir,0.6917127550042128
regular_sir_full,13,aic,tv_sir,0.30815199721801473
regular_sir_full,13,aic,ude_sir_h2,0.00013524553475190062
regular_sir_full,13,aicc,neural_ode_h2,1.3707191143625554e-10
regular_sir_full,13,aicc,seir,5.908017539915417e-18
regular_sir_full,13,aicc,sir,0.7272976923594636
regular_sir_full,13,aicc,tv_sir,0.27267603072574736
regular_sir_full,13,aicc,ude_sir_h2,2.6276777716929225e-05
regular_sir_full,13,bic,neural_ode_h2,1.172726836723033e-15
regular_sir_full,13,bic,seir,2.454166841092424e-18
regular_sir_full,13,bic,sir,0.963543071141037
regular_sir_full,13,bic,tv_sir,0.036456926002147845
regular_sir_full,13,bic,ude_sir_h2,2.856814124845681e-09
regular_sir_full,13,blocked_validation,neural_ode_h2,4.83484649325743e-125
regular_sir_full,13,blocked_validation,seir,0.024646607878344006
regular_sir_full,13,blocked_validation,sir,0.4578510371184631
regular_sir_full,13,blocked_validation,tv_sir,0.017422352893704456
regular_sir_full,13,blocked_validation,ude_sir_h2,0.5000800021094884
regular_sir_full,13,waic_laplace,neural_ode_h2,7.613584469016659e-305
regular_sir_full,13,waic_laplace,seir,5.3021118596653385e-19
regular_sir_full,13,waic_laplace,sir,0.7721941419909284
regular_sir_full,13,waic_laplace,tv_sir,0.22780585800907163
regular_sir_full,13,waic_laplace,ude_sir_h2,7.613584469016659e-305
regular_sir_full,13,ogic_p,neural_ode_h2,1.1798269648236463e-06
regular_sir_full,13,ogic_p,seir,4.761930231511682e-18
regular_sir_full,13,ogic_p,sir,0.5401392780822423
regular_sir_full,13,ogic_p,tv_sir,0.2430908127469581
regular_sir_full,13,ogic_p,ude_sir_h2,0.21676872934383468
regular_sir_full,13,gic_eff,neural_ode_h2,2.2631403395324063e-09
regular_sir_full,13,gic_eff,seir,2.334311388670078e-18
regular_sir_full,13,gic_eff,sir,0.8988497837162251
regular_sir_full,13,gic_eff,tv_sir,0.03479154301620726
regular_sir_full,13,gic_eff,ude_sir_h2,0.06635867100442712
regular_sir_full,13,gic_vol_025,neural_ode_h2,2.060137755361745e-10
regular_sir_full,13,gic_vol_025,seir,1.427769642397993e-18
regular_sir_full,13,gic_vol_025,sir,0.9591684211600366
regular_sir_full,13,gic_vol_025,tv_sir,0.006649367685169229
regular_sir_full,13,gic_vol_025,ude_sir_h2,0.034182210948780406
regular_sir_full,13,gic_vol_050,neural_ode_h2,1.7990410328510452e-11
regular_sir_full,13,gic_vol_050,seir,8.377559682348478e-19
regular_sir_full,13,gic_vol_050,sir,0.9818895947932246
regular_sir_full,13,gic_vol_050,tv_sir,0.0012191216356973436
regular_sir_full,13,gic_vol_050,ude_sir_h2,0.016891283553087885
regular_sir_full,13,gic_vol_100,neural_ode_h2,1.3279380270691408e-13
regular_sir_full,13,gic_vol_100,seir,2.7917943733075265e-19
regular_sir_full,13,gic_vol_100,sir,0.9959679264182932
regular_sir_full,13,gic_vol_100,tv_sir,3.9666834369864035e-05
regular_sir_full,13,gic_vol_100,ude_sir_h2,0.003992406747204216
regular_sir_full,13,ogic_e,neural_ode_h2,4.0534546830256625e-29
regular_sir_full,13,ogic_e,seir,1.863170600131803e-19
regular_sir_full,13,ogic_e,sir,0.9232896837331859
regular_sir_full,13,ogic_e,tv_sir,0.003169225348343308
regular_sir_full,13,ogic_e,ude_sir_h2,0.07354109091847062
regular_sir_full,14,aic,neural_ode_h2,1.1878230105525937e-13
regular_sir_full,14,aic,seir,6.476472557301292e-17
regular_sir_full,14,aic,sir,0.8530936835641642
regular_sir_full,14,aic,tv_sir,0.14678518539815769
regular_sir_full,14,aic,ude_sir_h2,0.00012113103755938281
regular_sir_full,14,aicc,neural_ode_h2,7.068750444962989e-15
regular_sir_full,14,aicc,seir,6.163566986065607e-17
regular_sir_full,14,aicc,sir,0.8734918279829339
regular_sir_full,14,aicc,tv_sir,0.12648525382770165
regular_sir_full,14,aicc,ude_sir_h2,2.291818935707533e-05
regular_sir_full,14,bic,neural_ode_h2,5.150775526825933e-20
regular_sir_full,14,bic,seir,2.1805999984827776e-17
regular_sir_full,14,bic,sir,0.9855969448671628
regular_sir_full,14,bic,tv_sir,0.014403053010708326
regular_sir_full,14,bic,ude_sir_h2,2.1221288999674675e-09
regular_sir_full,14,blocked_validation,neural_ode_h2,1.1275315579001404e-127
regular_sir_full,14,blocked_validation,seir,0.012542030189172994
regular_sir_full,14,blocked_validation,sir,0.35074873567774895
regular_sir_full,14,blocked_validation,tv_sir,0.2945463401320489
regular_sir_full,14,blocked_validation,ude_sir_h2,0.34216289400102917
regular_sir_full,14,waic_laplace,neural_ode_h2,8.01822856990244e-305
regular_sir_full,14,waic_laplace,seir,7.174620351682567e-18
regular_sir_full,14,waic_laplace,sir,0.8132344437787069
regular_sir_full,14,waic_laplace,tv_sir,0.18676555622129307
regular_sir_full,14,waic_laplace,ude_sir_h2,8.01822856990244e-305
regular_sir_full,14,ogic_p,neural_ode_h2,4.993837616495906e-11
regular_sir_full,14,ogic_p,seir,4.8471149217935407e-17
regular_sir_full,14,ogic_p,sir,0.632567769328615
regular_sir_full,14,ogic_p,tv_sir,0.1099374735010772
regular_sir_full,14,ogic_p,ude_sir_h2,0.2574947571203693
regular_sir_full,14,gic_eff,neural_ode_h2,6.523258830432964e-14
regular_sir_full,14,gic_eff,seir,2.0025169024459706e-17
regular_sir_full,14,gic_eff,sir,0.8865245817203555
regular_sir_full,14,gic_eff,tv_sir,0.013248492753215905
regular_sir_full,14,gic_eff,ude_sir_h2,0.10022692552636336
regular_sir_full,14,gic_vol_025,neural_ode_h2,4.79222915134289e-15
regular_sir_full,14,gic_vol_025,seir,1.2190223350037893e-17
regular_sir_full,14,gic_vol_025,sir,0.9348439889302335
regular_sir_full,14,gic_vol_025,tv_sir,0.0024972051415094176
regular_sir_full,14,gic_vol_025,ude_sir_h2,0.06265880592825235
regular_sir_full,14,gic_vol_050,neural_ode_h2,3.433209105068702e-16
regular_sir_full,14,gic_vol_050,seir,7.236638000707735e-18
regular_sir_full,14,gic_vol_050,sir,0.9613404371692682
regular_sir_full,14,gic_vol_050,tv_sir,0.00045902007701070893
regular_sir_full,14,gic_vol_050,ude_sir_h2,0.038200542753720736
regular_sir_full,14,gic_vol_100,neural_ode_h2,1.7093935989627265e-18
regular_sir_full,14,gic_vol_100,seir,2.474022695147232e-18
regular_sir_full,14,gic_vol_100,sir,0.9862109307541308
regular_sir_full,14,gic_vol_100,tv_sir,1.5045376613542135e-05
regular_sir_full,14,gic_vol_100,ude_sir_h2,0.013774023869255608
regular_sir_full,14,ogic_e,neural_ode_h2,1.2704147767980922e-31
regular_sir_full,14,ogic_e,seir,1.4148043589959892e-18
regular_sir_full,14,ogic_e,sir,0.8793294422193947
regular_sir_full,14,ogic_e,tv_sir,0.0011512613980002896
regular_sir_full,14,ogic_e,ude_sir_h2,0.11951929638260497
regular_sir_full,15,aic,neural_ode_h2,1.5923709082590895e-10
regular_sir_full,15,aic,seir,8.843374622247696e-17
regular_sir_full,15,aic,sir,0.7042003047152854
regular_sir_full,15,aic,tv_sir,0.29568078820902755
regular_sir_full,15,aic,ude_sir_h2,0.00011890691644981064
regular_sir_full,15,aicc,neural_ode_h2,9.710736076299015e-12
regular_sir_full,15,aicc,seir,8.624394507297433e-17
regular_sir_full,15,aicc,sir,0.7388824125131738
regular_sir_full,15,aicc,tv_sir,0.2610945333340558
regular_sir_full,15,aicc,ude_sir_h2,2.3054143059449767e-05
regular_sir_full,15,bic,neural_ode_h2,8.194992553882079e-17
regular_sir_full,15,bic,seir,3.533775375014879e-17
regular_sir_full,15,bic,sir,0.965566679008429
regular_sir_full,15,bic,tv_sir,0.03443331851923848
regular_sir_full,15,bic,ude_sir_h2,2.4723325049814072e-09
regular_sir_full,15,blocked_validation,neural_ode_h2,2.9954404119617672e-136
regular_sir_full,15,blocked_validation,seir,0.013714629961655444
regular_sir_full,15,blocked_validation,sir,0.5138332521147068
regular_sir_full,15,blocked_validation,tv_sir,0.0019710842635317135
regular_sir_full,15,blocked_validation,ude_sir_h2,0.4704810336601061
regular_sir_full,15,waic_laplace,neural_ode_h2,6.492010919799932e-305
regular_sir_full,15,waic_laplace,seir,1.743818227506365e-17
regular_sir_full,15,waic_laplace,sir,0.6584405574550772
regular_sir_full,15,waic_laplace,tv_sir,0.3415594425449229
regular_sir_full,15,waic_laplace,ude_sir_h2,6.492010919799932e-305
regular_sir_full,15,ogic_p,neural_ode_h2,9.090392544040735e-08
regular_sir_full,15,ogic_p,seir,7.225279380309843e-17
regular_sir_full,15,ogic_p,sir,0.5697073617436548
regular_sir_full,15,ogic_p,tv_sir,0.24156727847309795
regular_sir_full,15,ogic_p,ude_sir_h2,0.1887252688793218
regular_sir_full,15,gic_eff,neural_ode_h2,1.7801995329978402e-10
regular_sir_full,15,gic_eff,seir,3.419509790081941e-17
regular_sir_full,15,gic_eff,sir,0.9140036028669503
regular_sir_full,15,gic_eff,tv_sir,0.03331620375350054
regular_sir_full,15,gic_eff,ude_sir_h2,0.05268019320152909
regular_sir_full,15,gic_vol_025,neural_ode_h2,1.5534127924904678e-11
regular_sir_full,15,gic_vol_025,seir,2.1036070898363847e-17
regular_sir_full,15,gic_vol_025,sir,0.9677275108740211
regular_sir_full,15,gic_vol_025,tv_sir,0.006260407703542882
regular_sir_full,15,gic_vol_025,ude_sir_h2,0.026012081406901876
regular_sir_full,15,gic_vol_050,neural_ode_h2,1.3051016381399378e-12
regular_sir_full,15,gic_vol_050,seir,1.2459616157260536e-17
regular_sir_full,15,gic_vol_050,sir,0.98650100109543
regular_sir_full,15,gic_vol_050,tv_sir,0.0011326324183117199
regular_sir_full,15,gic_vol_050,ude_sir_h2,0.01236636648495308
regular_sir_full,15,gic_vol_100,neural_ode_h2,8.961376445991014e-15
regular_sir_full,15,gic_vol_100,seir,4.252068081840781e-18
regular_sir_full,15,gic_vol_100,sir,0.9972450459506748
regular_sir_full,15,gic_vol_100,tv_sir,3.606427457610685e-05
regular_sir_full,15,gic_vol_100,ude_sir_h2,0.0027188897747402107
regular_sir_full,15,ogic_e,neural_ode_h2,1.247772557173391e-33
regular_sir_full,15,ogic_e,seir,2.38598552285633e-18
regular_sir_full,15,ogic_e,sir,0.944640072947137
regular_sir_full,15,ogic_e,tv_sir,0.0029454652519286936
regular_sir_full,15,ogic_e,ude_sir_h2,0.05241446180093431
regular_sir_full,16,aic,neural_ode_h2,7.706985647756148e-10
regular_sir_full,16,aic,seir,1.0030507245887503e-12
regular_sir_full,16,aic,sir,0.34562207338153894
regular_sir_full,16,aic,tv_sir,0.6540626201105106
regular_sir_full,16,aic,ude_sir_h2,0.000315305736248968
regular_sir_full,16,aicc,neural_ode_h2,4.9985495995506384e-11
regular_sir_full,16,aicc,seir,1.0403633079259256e-12
regular_sir_full,16,aicc,sir,0.38568445172892524
regular_sir_full,16,aicc,tv_sir,0.6142505314668147
regular_sir_full,16,aicc,ude_sir_h2,6.50167532341202e-05
regular_sir_full,16,bic,neural_ode_h2,7.210600425793433e-16
regular_sir_full,16,bic,seir,7.286624070396573e-13
regular_sir_full,16,bic,sir,0.8615293627491406
regular_sir_full,16,bic,tv_sir,0.13847062533183344
regular_sir_full,16,bic,ude_sir_h2,1.191829647737313e-08
regular_sir_full,16,blocked_validation,neural_ode_h2,1.707777433740687e-125
regular_sir_full,16,blocked_validation,seir,0.8182898833144822
regular_sir_full,16,blocked_validation,sir,0.1482867078432422
regular_sir_full,16,blocked_validation,tv_sir,7.79822119400549e-07
regular_sir_full,16,blocked_validation,ude_sir_h2,0.03342262902015629
regular_sir_full,16,waic_laplace,neural_ode_h2,7.257030414167056e-305
regular_sir_full,16,waic_laplace,seir,3.8192345826723333e-13
regular_sir_full,16,waic_laplace,sir,0.2639687131761106
regular_sir_full,16,waic_laplace,tv_sir,0.7360312868235075
regular_sir_full,16,waic_laplace,ude_sir_h2,7.257030414167056e-305
regular_sir_full,16,ogic_p,neural_ode_h2,4.5762119182369864e-07
regular_sir_full,16,ogic_p,seir,7.117317837351944e-13
regular_sir_full,16,ogic_p,sir,0.243138424766769
regular_sir_full,16,ogic_p,tv_sir,0.46447091691937004
regular_sir_full,16,ogic_p,ude_sir_h2,0.2923902006919573
regular_sir_full,16,gic_eff,neural_ode_h2,2.217126609589071e-09
regular_sir_full,16,gic_eff,seir,6.671924443961682e-13
regular_sir_full,16,gic_eff,sir,0.7738211673988957
regular_sir_full,16,gic_eff,tv_sir,0.12701482407951264
regular_sir_full,16,gic_eff,ude_sir_h2,0.09916400630379783
regular_sir_full,16,gic_vol_025,neural_ode_h2,2.812447021356623e-10
regular_sir_full,16,gic_vol_025,seir,4.615693881151692e-13
regular_sir_full,16,gic_vol_025,sir,0.934991756282787
regular_sir_full,16,gic_vol_025,tv_sir,0.027217377403224188
regular_sir_full,16,gic_vol_025,ude_sir_h2,0.03779086603228254
regular_sir_full,16,gic_vol_050,neural_ode_h2,3.10237009478315e-11
regular_sir_full,16,gic_vol_050,seir,2.7767595605989116e-13
regular_sir_full,16,gic_vol_050,sir,0.9824045318839765
regular_sir_full,16,gic_vol_050,tv_sir,0.0050716997953476365
regular_sir_full,16,gic_vol_050,ude_sir_h2,0.012523768289374475
regular_sir_full,16,gic_vol_100,neural_ode_h2,3.4756479223544424e-13
regular_sir_full,16,gic_vol_100,seir,9.252615017125498e-14
regular_sir_full,16,gic_vol_100,sir,0.9985715056595196
regular_sir_full,16,gic_vol_100,tv_sir,0.00016214058172004026
regular_sir_full,16,gic_vol_100,ude_sir_h2,0.001266353758320223
regular_sir_full,16,ogic_e,neural_ode_h2,1.961216288726831e-28
regular_sir_full,16,ogic_e,seir,6.379537036383103e-14
regular_sir_full,16,ogic_e,sir,0.9480012806668373
regular_sir_full,16,ogic_e,tv_sir,0.012337281473760741
regular_sir_full,16,ogic_e,ude_sir_h2,0.039661437859338115
regular_sir_full,17,aic,neural_ode_h2,1.5311003544514874e-14
regular_sir_full,17,aic,seir,1.3691974274432848e-14
regular_sir_full,17,aic,sir,0.8339573389755949
regular_sir_full,17,aic,tv_sir,0.16589886958982153
regular_sir_full,17,aic,ude_sir_h2,0.00014379143455449226
regular_sir_full,17,aicc,neural_ode_h2,9.14010920857135e-16
regular_sir_full,17,aicc,seir,1.3071230631967338e-14
regular_sir_full,17,aicc,sir,0.8565698172008652
regular_sir_full,17,aicc,tv_sir,0.14340289209788235
regular_sir_full,17,aicc,ude_sir_h2,2.7290701238318756e-05
regular_sir_full,17,bic,neural_ode_h2,6.776443031856384e-21
regular_sir_full,17,bic,seir,4.705229352144672e-15
regular_sir_full,17,bic,sir,0.9833852782405079
regular_sir_full,17,bic,tv_sir,0.016614719188342307
regular_sir_full,17,bic,ude_sir_h2,2.5711450885363986e-09
regular_sir_full,17,blocked_validation,neural_ode_h2,3.3339176147016843e-93
regular_sir_full,17,blocked_validation,seir,0.042615465241252225
regular_sir_full,17,blocked_validation,sir,0.3926884611184555
regular_sir_full,17,blocked_validation,tv_sir,0.11613867743545665
regular_sir_full,17,blocked_validation,ude_sir_h2,0.4485573962048357
regular_sir_full,17,waic_laplace,neural_ode_h2,8.863361843849795e-305
regular_sir_full,17,waic_laplace,seir,1.68932952665195e-15
regular_sir_full,17,waic_laplace,sir,0.8989505694747616
regular_sir_full,17,waic_laplace,tv_sir,0.1010494305252369
regular_sir_full,17,waic_laplace,ude_sir_h2,8.863361843849795e-305
regular_sir_full,17,ogic_p,neural_ode_h2,7.2455355103266234e-12
regular_sir_full,17,ogic_p,seir,9.856027183249841e-15
regular_sir_full,17,ogic_p,sir,0.594083351834623
regular_sir_full,17,ogic_p,tv_sir,0.11933151073611398
regular_sir_full,17,ogic_p,ude_sir_h2,0.28658513742200764
regular_sir_full,17,gic_eff,neural_ode_h2,1.2045281361441876e-14
regular_sir_full,17,gic_eff,seir,4.2688289529847836e-15
regular_sir_full,17,gic_eff,sir,0.8716282663664222
regular_sir_full,17,gic_eff,tv_sir,0.01504863980460198
regular_sir_full,17,gic_eff,ude_sir_h2,0.1133230938289597
regular_sir_full,17,gic_vol_025,neural_ode_h2,9.522068963399184e-16
regular_sir_full,17,gic_vol_025,seir,2.658202248682254e-15
regular_sir_full,17,gic_vol_025,sir,0.9281972339470567
regular_sir_full,17,gic_vol_025,tv_sir,0.0028475870741969233
regular_sir_full,17,gic_vol_025,ude_sir_h2,0.06895517897874257
regular_sir_full,17,gic_vol_050,neural_ode_h2,7.301543021212749e-17
regular_sir_full,17,gic_vol_050,seir,1.6055958650475082e-15
regular_sir_full,17,gic_vol_050,sir,0.9587782786729249
regular_sir_full,17,gic_vol_050,tv_sir,0.0005226677826472073
regular_sir_full,17,gic_vol_050,ude_sir_h2,0.040699053544426204
regular_sir_full,17,gic_vol_100,neural_ode_h2,4.1392548464256494e-19
regular_sir_full,17,gic_vol_100,seir,5.647725062352864e-16
regular_sir_full,17,gic_vol_100,sir,0.9863132904108197
regular_sir_full,17,gic_vol_100,tv_sir,1.6977120553850092e-05
regular_sir_full,17,gic_vol_100,ude_sir_h2,0.013669732468625871
regular_sir_full,17,ogic_e,neural_ode_h2,7.393540880981549e-33
regular_sir_full,17,ogic_e,seir,2.710349960098657e-16
regular_sir_full,17,ogic_e,sir,0.8710402841621252
regular_sir_full,17,ogic_e,tv_sir,0.0012678057228568361
regular_sir_full,17,ogic_e,ude_sir_h2,0.12769191011501776
regular_sir_full,18,aic,neural_ode_h2,3.039094367030778e-08
regular_sir_full,18,aic,seir,4.227760439819002e-14
regular_sir_full,18,aic,sir,0.8617510182396371
regular_sir_full,18,aic,tv_sir,0.13811364537733012
regular_sir_full,18,aic,ude_sir_h2,0.00013530599204683965
regular_sir_full,18,aicc,neural_ode_h2,1.8060501266972909e-09
regular_sir_full,18,aicc,seir,4.017895713479317e-14
regular_sir_full,18,aicc,sir,0.8811272327241911
regular_sir_full,18,aicc,tv_sir,0.11884720101140298
regular_sir_full,18,aicc,ude_sir_h2,2.556445831548756e-05
regular_sir_full,18,bic,neural_ode_h2,1.3058968331662041e-14
regular_sir_full,18,bic,seir,1.4105602535365864e-14
regular_sir_full,18,bic,sir,0.9865707180703176
regular_sir_full,18,bic,tv_sir,0.013429279580687015
regular_sir_full,18,bic,ude_sir_h2,2.348968247379438e-09
regular_sir_full,18,blocked_validation,neural_ode_h2,5.502693086489152e-93
regular_sir_full,18,blocked_validation,seir,0.6436215556085928
regular_sir_full,18,blocked_validation,sir,0.24664454522221832
regular_sir_full,18,blocked_validation,tv_sir,4.699554818458817e-08
regular_sir_full,18,blocked_validation,ude_sir_h2,0.10973385217364078
regular_sir_full,18,waic_laplace,neural_ode_h2,8.831482410913685e-305
regular_sir_full,18,waic_laplace,seir,1.917408153268933e-14
regular_sir_full,18,waic_laplace,sir,0.8957172551977038
regular_sir_full,18,waic_laplace,tv_sir,0.10428274480227709
regular_sir_full,18,waic_laplace,ude_sir_h2,8.831482410913685e-305
regular_sir_full,18,ogic_p,neural_ode_h2,1.3094591251219635e-05
regular_sir_full,18,ogic_p,seir,3.0945715514430236e-14
regular_sir_full,18,ogic_p,sir,0.6249114803683345
regular_sir_full,18,ogic_p,tv_sir,0.10110473750078737
regular_sir_full,18,ogic_p,ude_sir_h2,0.2739706875395959
regular_sir_full,18,gic_eff,neural_ode_h2,1.8282612481598067e-08
regular_sir_full,18,gic_eff,seir,1.2899006147307908e-14
regular_sir_full,18,gic_eff,sir,0.8835713769781558
regular_sir_full,18,gic_eff,tv_sir,0.012283362513066587
regular_sir_full,18,gic_eff,ude_sir_h2,0.10414524222615214
regular_sir_full,18,gic_vol_025,neural_ode_h2,1.5012529835130317e-09
regular_sir_full,18,gic_vol_025,seir,7.877682248479773e-15
regular_sir_full,18,gic_vol_025,sir,0.9343850997917365
regular_sir_full,18,gic_vol_025,tv_sir,0.002293732197133295
regular_sir_full,18,gic_vol_025,ude_sir_h2,0.06332116650986937
regular_sir_full,18,gic_vol_050,neural_ode_h2,1.2002680960601858e-10
regular_sir_full,18,gic_vol_050,seir,4.684350879307904e-15
regular_sir_full,18,gic_vol_050,sir,0.9620971308737274
regular_sir_full,18,gic_vol_050,tv_sir,0.0004170392221863452
regular_sir_full,18,gic_vol_050,ude_sir_h2,0.037485829784054875
regular_sir_full,18,gic_vol_100,neural_ode_h2,7.426060765780701e-13
regular_sir_full,18,gic_vol_100,seir,1.603181950402898e-15
regular_sir_full,18,gic_vol_100,sir,0.987271109179347
regular_sir_full,18,gic_vol_100,tv_sir,1.3343715152994506e-05
regular_sir_full,18,gic_vol_100,ude_sir_h2,0.012715547104755557
regular_sir_full,18,ogic_e,neural_ode_h2,2.0856888492133237e-28
regular_sir_full,18,ogic_e,seir,9.167540774048129e-16
regular_sir_full,18,ogic_e,sir,0.8863042139514165
regular_sir_full,18,ogic_e,tv_sir,0.0010191886597737312
regular_sir_full,18,ogic_e,ude_sir_h2,0.11267659738880877
regular_sir_full,19,aic,neural_ode_h2,2.7506160572004644e-08
regular_sir_full,19,aic,seir,3.889212224405425e-14
regular_sir_full,19,aic,sir,0.7856727762915163
regular_sir_full,19,aic,tv_sir,0.21411792493009296
regular_sir_full,19,aic,ude_sir_h2,0.00020927127219142274
regular_sir_full,19,aicc,neural_ode_h2,1.6550938110407162e-09
regular_sir_full,19,aicc,seir,3.7424581982471733e-14
regular_sir_full,19,aicc,sir,0.8134025887369124
regular_sir_full,19,aicc,tv_sir,0.18655737494229488
regular_sir_full,19,aicc,ude_sir_h2,4.003466566150693e-05
regular_sir_full,19,bic,neural_ode_h2,1.284306878673692e-14
regular_sir_full,19,bic,seir,1.4099933529446935e-14
regular_sir_full,19,bic,sir,0.977377355005219
regular_sir_full,19,bic,tv_sir,0.02262264104705639
regular_sir_full,19,bic,ude_sir_h2,3.9476976431546424e-09
regular_sir_full,19,blocked_validation,neural_ode_h2,4.284506015281018e-141
regular_sir_full,19,blocked_validation,seir,0.5464178696169476
regular_sir_full,19,blocked_validation,sir,0.1370453979944097
regular_sir_full,19,blocked_validation,tv_sir,0.1947022063847682
regular_sir_full,19,blocked_validation,ude_sir_h2,0.12183452600387455
regular_sir_full,19,waic_laplace,neural_ode_h2,7.277753174124848e-305
regular_sir_full,19,waic_laplace,seir,1.0178604661834555e-14
regular_sir_full,19,waic_laplace,sir,0.7381330555646846
regular_sir_full,19,waic_laplace,tv_sir,0.2618669444353053
regular_sir_full,19,waic_laplace,ude_sir_h2,7.277753174124848e-305
regular_sir_full,19,ogic_p,neural_ode_h2,1.0072062631524956e-05
regular_sir_full,19,ogic_p,seir,2.4874637472645176e-14
regular_sir_full,19,ogic_p,sir,0.4986568876794886
regular_sir_full,19,ogic_p,tv_sir,0.13723429212495386
regular_sir_full,19,ogic_p,ude_sir_h2,0.3640987481329012
regular_sir_full,19,gic_eff,neural_ode_h2,1.5823600572823105e-08
regular_sir_full,19,gic_eff,seir,1.2073349324287146e-14
regular_sir_full,19,gic_eff,sir,0.8226707764981858
regular_sir_full,19,gic_eff,tv_sir,0.019462384511405955
regular_sir_full,19,gic_eff,ude_sir_h2,0.15786682316679573
regular_sir_full,19,gic_vol_025,neural_ode_h2,1.1040544463944003e-09
regular_sir_full,19,gic_vol_025,seir,7.48915550213933e-15
regular_sir_full,19,gic_vol_025,sir,0.9024089151107235
regular_sir_full,19,gic_vol_025,tv_sir,0.0038040242518221456
regular_sir_full,19,gic_vol_025,ude_sir_h2,0.09378705953339243
regular_sir_full,19,gic_vol_050,neural_ode_h2,7.362138905376946e-11
regular_sir_full,19,gic_vol_050,seir,4.439829235831164e-15
regular_sir_full,19,gic_vol_050,sir,0.9460389573156331
regular_sir_full,19,gic_vol_050,tv_sir,0.0007105895922777223
regular_sir_full,19,gic_vol_050,ude_sir_h2,0.05325045301846317
regular_sir_full,19,gic_vol_100,neural_ode_h2,3.0973381104980695e-13
regular_sir_full,19,gic_vol_100,seir,1.4763545956791619e-15
regular_sir_full,19,gic_vol_100,sir,0.983734459565617
regular_sir_full,19,gic_vol_100,tv_sir,2.3459975242655553e-05
regular_sir_full,19,gic_vol_100,ude_sir_h2,0.01624208045882908
regular_sir_full,19,ogic_e,neural_ode_h2,4.5942744959302275e-28
regular_sir_full,19,ogic_e,seir,1.1137267350494794e-15
regular_sir_full,19,ogic_e,sir,0.846733074000237
regular_sir_full,19,ogic_e,tv_sir,0.001723607272271245
regular_sir_full,19,ogic_e,ude_sir_h2,0.15154331872749063
