status,scenario,truth,candidate,candidate_label,seed,observation,noise,n_observations,dimension,objective,deviance,converged,iterations,wall_seconds,forecast_mse,blocked_validation,condition_information,jacobian_rank,aic,aicc,bic,waic_laplace,p_waic,ogic_p,ogic_e,d_obs,c_obs,prior_energy,gic_eff,gic_vol_025,gic_vol_050,gic_vol_100
ok,early_seir_infected_only,seir,neural_ode_h2,NeuralODE(2),0,infected,0.02,16,14,-27.63776191079114,-78.04247805719481,True,168,10.622886500001187,0.005078117509145306,-10.197176051347917,9319210696864.697,8,-50.04247805719481,369.9575219428052,-39.22623594583788,465.70721837139934,266.7808393140203,-73.37804670623134,-46.266762473543466,2.3322156754817316,9.008761348038819,22.76695423561253,-71.57620317752333,-69.32401284051362,-67.07182250350391,-62.56744182948451
ok,early_seir_infected_only,seir,neural_ode_h2,NeuralODE(2),1,infected,0.02,16,14,-29.536621024538597,-82.63952518300442,True,168,10.63128049999068,0.005877939578740776,20.655091851527217,8625486194450.278,8,-54.63952518300442,365.3604748169956,-43.82328307164749,156.03351932664947,114.5262475366585,-78.00648830644076,-50.2565508658366,2.316518438281836,8.81669118324059,23.56628313392723,-76.21677228616369,-74.01259949035354,-71.8084266945434,-67.4000811029231
ok,early_seir_infected_only,seir,neural_ode_h2,NeuralODE(2),2,infected,0.02,16,14,-29.44350889661301,-82.33884533217739,True,169,21.117318599994178,0.004996240894171965,-0.9934970541375208,8457522287807.9375,8,-54.338845332177385,365.66115466782264,-43.52260322082045,992.3658381057688,534.0561275375871,-77.5399796848516,-49.833130215199745,2.3994328236628912,9.053887578026274,23.451827538951363,-75.6862049455177,-73.42273305101114,-71.15926115650457,-66.63231736749142
ok,early_seir_infected_only,seir,neural_ode_h2,NeuralODE(2),3,infected,0.02,16,14,-28.90702019294661,-77.42593690341616,True,167,10.480751099996269,0.009319771535057421,-21.238216367716767,5255270467363.607,8,-49.42593690341616,370.5740630965838,-38.60969479205922,822.6778655605356,446.3259613975204,-72.88107468830368,-49.442092486869385,2.2724311075562396,8.371947899023839,19.61189651752294,-71.12542004253888,-69.03243306778292,-66.93944609302696,-62.75347214351504
ok,early_seir_infected_only,seir,neural_ode_h2,NeuralODE(2),4,infected,0.02,16,14,-20.33359376760373,-64.3657246560492,True,168,4.37342930000159,0.00541678328335652,1.2230676861833096,8133403035929.834,9,-36.365724656049196,383.6342753439508,-25.54948254469226,94.0116137773693,75.55605190637591,-59.681731772126284,-31.67240585165283,2.3419964419614545,8.994781683554631,23.698537120841735,-57.87233173354117,-55.623636312652515,-53.374940891763856,-48.87755004998654
ok,early_seir_infected_only,seir,neural_ode_h2,NeuralODE(2),5,infected,0.02,16,14,-28.675515113857276,-78.35030768815773,True,169,7.238759600004414,0.008860782137015705,-8.671611981535058,5684884864550.456,8,-50.35030768815773,369.6496923118423,-39.53406557680079,6.198650210649776,39.96930900623349,-73.79630826223648,-48.996574475315164,2.2769997129606225,8.354455752399387,20.999277460443174,-72.03712396345989,-69.94851002536005,-67.8598960872602,-63.6826682110605
ok,early_seir_infected_only,seir,neural_ode_h2,NeuralODE(2),6,infected,0.02,16,14,-25.13016995109374,-74.19270596193736,True,165,10.420805599991581,0.007076846891825402,14.404138568852701,7182943143988.295,8,-46.192705961937364,373.80729403806265,-35.37646385058043,48.98307756364015,58.435223819369305,-69.6030611795661,-41.690226063416965,2.2948223911856336,8.570113838770517,23.932366059749878,-67.83010728059276,-65.68757882090013,-63.5450503612075,-59.25999344182224
ok,early_seir_infected_only,seir,neural_ode_h2,NeuralODE(2),7,infected,0.02,16,14,-33.78273948096654,-88.80339256037085,True,166,10.497575200002757,0.010236999893749573,-27.932230509804466,5547009943202.444,8,-60.80339256037085,359.19660743962913,-49.98715044901392,1960.9890509539637,1019.090828262676,-84.4624740235444,-59.53085449004122,2.1704592684132247,8.03462447189186,21.23791359843777,-82.78560167068754,-80.77694555271458,-78.7682894347416,-74.75097719879568
ok,early_seir_infected_only,seir,neural_ode_h2,NeuralODE(2),8,infected,0.02,16,14,-32.98179336235401,-87.7763525632221,True,167,21.142321300008916,0.00683494762363782,-28.86399589991348,7109714907702.642,8,-59.776352563222105,360.2236474367779,-48.96011045186517,220.48728491380996,147.6527766535367,-83.16123184047112,-57.24287423267822,2.3075603613754967,8.720712492029804,21.81276583851409,-81.37843672938484,-79.1982586063774,-77.01808048336994,-72.65772423735504
ok,early_seir_infected_only,seir,neural_ode_h2,NeuralODE(2),9,infected,0.02,16,14,-27.68206465412323,-76.89053354333316,True,168,10.543085500001325,0.011554625283978168,-12.322970675563202,4877017557580.579,9,-48.89053354333316,371.10946645666684,-38.07429143197623,303.9086949934505,186.3272759469047,-72.62632502695588,-47.543793458945935,2.13210425818864,7.8203358493005295,21.5264042350867,-70.97908532243993,-69.0240013601148,-67.06891739778966,-63.1587494731394
ok,early_seir_infected_only,seir,neural_ode_h2,NeuralODE(2),10,infected,0.02,16,14,-30.365211922392398,-82.22453596009319,True,162,14.166439799999353,0.008548223124837606,-19.613858721414267,6420983435406.617,8,-54.22453596009319,365.7754640399068,-43.40829384873626,1995.8995382133671,1034.947109995729,-77.77072130820824,-52.376285369636406,2.2269073259424736,8.354138475148392,21.494112115308397,-76.05023782271194,-73.96170320392484,-71.87316858513773,-67.69609934756355
ok,early_seir_infected_only,seir,neural_ode_h2,NeuralODE(2),11,infected,0.02,16,14,-30.47291360409575,-82.38410360684625,True,169,7.667138100005104,0.0071155518820164585,19.276983246276444,6335317351861.582,8,-54.38410360684625,365.6158963931538,-43.56786149548932,77.35111378985857,75.61446766957557,-77.6523972594788,-52.21296284464873,2.365853173683724,8.732864363542777,21.438276398654754,-75.82456577901557,-73.64134968812988,-71.45813359724418,-67.0917014154728
ok,early_seir_infected_only,seir,neural_ode_h2,NeuralODE(2),12,infected,0.02,16,14,-28.476779904835222,-76.53053631051158,True,169,10.579699100009748,0.0076054088820605185,-7.826422194255997,5452844410981.1875,10,-48.53053631051158,371.4694636894884,-37.714294199154644,115.42107060605545,91.91447281083073,-71.59420773762811,-47.99908921523611,2.4681642864417337,8.954470594434332,19.576976500841134,-69.68733184528823,-67.44871419667965,-65.21009654807106,-60.732861250853894
ok,early_seir_infected_only,seir,neural_ode_h2,NeuralODE(2),13,infected,0.02,16,14,-34.29489256992922,-86.44608019814169,True,167,20.97175270000298,0.008690273441085675,-15.08401822460075,5526949031086.37,8,-58.446080198141686,361.55391980185834,-47.62983808678475,364.73058367681386,221.37204674518415,-81.82560792410209,-60.04641817824136,2.3102361370198032,8.543366961617075,17.85629505828325,-80.04074553892978,-77.90490379852551,-75.76906205812125,-71.4973785773127
ok,early_seir_infected_only,seir,neural_ode_h2,NeuralODE(2),14,infected,0.02,16,14,-27.163789098905745,-75.96880247844115,True,169,21.260508199993637,0.005931705150035869,-15.812254453419232,6854180079417.13,9,-47.96880247844115,372.03119752155885,-37.15256036708421,-1.1523151851109126,32.61755183804698,-71.1080868420915,-45.260219476531915,2.4303578181748295,9.067358721279572,21.641224280629658,-69.23041980076233,-66.96358012044244,-64.69674044012255,-60.16306107948276
ok,early_seir_infected_only,seir,neural_ode_h2,NeuralODE(2),15,infected,0.02,16,14,-32.06274068766591,-84.7852107539677,True,165,21.048590599995805,0.0067212445382382096,35.927491612830885,6432690536670.403,8,-56.785210753967704,363.2147892460323,-45.96896864261077,255.64000792403925,165.70752296611911,-79.97615411702819,-55.26680333313513,2.4045283184697612,8.858678042196686,20.65972937863588,-78.11844265587226,-75.90377314532309,-73.68910363477391,-69.25976461367557
ok,early_seir_infected_only,seir,neural_ode_h2,NeuralODE(2),16,infected,0.02,16,14,-28.847402990580512,-77.07424241003152,True,168,10.596319399992353,0.010322243089633754,1.8729666620363936,4754573219769.511,8,-49.074242410031516,370.9257575899685,-38.25800029867458,39.253637842761634,55.43350275699725,-72.53938420105516,-49.514930493167675,2.2674291044881776,8.179875487993348,19.37943642887049,-70.78759404644934,-68.742625174451,-66.69765630245267,-62.60771855845599
ok,early_seir_infected_only,seir,neural_ode_h2,NeuralODE(2),17,infected,0.02,16,14,-26.68572499739384,-76.12920914093061,True,164,10.410237599993707,0.009085608841150596,-8.842402121100125,6429753749463.997,8,-48.12920914093061,371.8707908590694,-37.31296702957368,377.5215434578876,222.02742610233054,-71.73997802493152,-45.19463926587922,2.1946155579995454,8.176810728908467,22.75775914614293,-70.0444427951691,-68.00024011294198,-65.95603743071487,-61.86763206626064
ok,early_seir_infected_only,seir,neural_ode_h2,NeuralODE(2),18,infected,0.02,16,14,-29.535237316718266,-81.59516039040909,True,168,10.472749200009275,0.008645086136960136,-12.590917807545502,6159344833815.188,8,-53.59516039040909,366.4048396095909,-42.77891827905216,449.2386966869956,260.53842923085824,-77.10735477905934,-50.75925953008046,2.243902805674876,8.311215103356068,22.52468575697256,-75.37374077759273,-73.29593700175371,-71.2181332259147,-67.06252567423667
ok,early_seir_infected_only,seir,neural_ode_h2,NeuralODE(2),19,infected,0.02,16,14,-33.253167468052915,-86.64475092490609,True,168,3.5460757999971975,0.007624599718072836,-3.223761331086763,6596792785555.408,8,-58.64475092490609,361.3552490750939,-47.828508813549156,43.50601332487261,60.78251108819402,-82.08200328011884,-57.935029760550194,2.281373822393625,8.57130517555564,20.13841598880026,-80.31943959372447,-78.17661329983555,-76.03378700594665,-71.74813441816883
ok,early_seir_infected_only,seir,seir,SEIR,0,infected,0.02,16,3,-39.72674677660769,-79.73886863068887,True,162,6.174714699998731,0.0005796290214765713,-26.191302551753846,14333.958592471254,3,-73.73886863068887,-71.73886863068887,-71.42110246396953,97.52813030315937,84.91523188383971,-76.89274202107974,-72.04475691424496,1.4230633048045664,7.408736638970422,0.28537507747349,-75.79329936075446,-73.94111520101185,-72.08893104126925,-68.38456272178404
ok,early_seir_infected_only,seir,seir,SEIR,1,infected,0.02,16,3,-41.59340336517844,-83.60446646883912,True,169,6.398343800014118,0.00020157616346125717,-11.251949125589551,13865.732787092433,3,-77.60446646883912,-75.60446646883912,-75.28670030211978,46.3302505481877,62.22195434525997,-80.91158055997424,-75.99142317185901,1.34644295443244,7.195383558497868,0.4176597384822375,-79.87133391824052,-78.07248802861605,-76.27364213899159,-72.67595035974266
ok,early_seir_infected_only,seir,seir,SEIR,2,infected,0.02,16,3,-41.31208479273609,-83.15757552927109,True,165,12.557205799996154,0.0009049304161095831,-20.231704265834697,10756.118159031143,3,-77.15757552927109,-75.15757552927109,-74.83980936255175,125.51882375675606,101.4855759392305,-80.45085697165405,-75.26689422181421,1.3533592788085211,7.3572753636579655,0.5334059437989134,-79.40526685570802,-77.56594801479353,-75.72662917387903,-72.04799149205006
ok,early_seir_infected_only,seir,seir,SEIR,3,infected,0.02,16,3,-39.266521729240715,-79.30120158008913,True,167,6.287001400007284,0.0015225017235522753,-5.817053803979999,5986.630810197245,3,-73.30120158008913,-71.30120158008913,-70.98343541336979,-13.363196503400918,31.33049842329795,-75.61620106072138,-69.9676474138554,1.842500259683874,8.565396044626025,0.7681581216077037,-74.19270613936575,-72.05135712820925,-69.91000811705274,-65.62731009473973
ok,early_seir_infected_only,seir,seir,SEIR,4,infected,0.02,16,3,-34.71631054382039,-70.10004600646458,True,170,6.4189686000026995,0.0001242236585933052,-21.42050874877388,6074.42649327742,3,-64.10004600646458,-62.10004600646458,-61.782279839745236,102.28859638928468,82.83387654401997,-66.73806351083186,-61.26626469536198,1.6809912478163593,8.166356392278804,0.6674249188238028,-65.43934863058516,-63.39775953251546,-61.35617043444576,-57.27299223830636
ok,early_seir_infected_only,seir,seir,SEIR,5,infected,0.02,16,3,-39.56006185646658,-79.21854151727906,True,160,2.0527083999913884,0.0001445839923443145,-23.32594096728618,14548.392869994552,3,-73.21854151727906,-71.21854151727906,-70.90077535055973,56.626570216040264,64.00156212753097,-76.22908635385845,-71.71548932386123,1.4947275817103096,7.404634389071933,0.09841780434589384,-75.07427668140832,-73.22311808414034,-71.37195948687236,-67.66964229233639
ok,early_seir_infected_only,seir,seir,SEIR,6,infected,0.02,16,3,-38.05519933412392,-76.63224498589719,True,159,4.303945299994666,2.2406415890847558e-07,-6.761529237650468,8798.975613843528,3,-70.63224498589719,-68.63224498589719,-68.31447881917785,77.36866018868093,74.10983886289978,-73.92322327013807,-68.84978448488843,1.3545108578795637,7.260614183359402,0.5218463176493464,-72.87674345718898,-71.06158991134913,-69.24643636550928,-65.61612927382957
ok,early_seir_infected_only,seir,seir,SEIR,7,infected,0.02,16,3,-45.87678862571819,-91.85080679234788,True,159,6.0990228000009665,0.0009999214242367614,-19.52257825240664,13368.898684718535,3,-85.85080679234788,-83.85080679234788,-83.53304062562854,-59.21828860499709,13.088661104454605,-88.85335902286423,-84.41109650287136,1.4987238847418294,7.34248074856503,0.0972295409114969,-87.6954618517613,-85.85984166462003,-84.02422147747878,-80.35298110319627
ok,early_seir_infected_only,seir,seir,SEIR,8,infected,0.02,16,3,-45.400480090146004,-90.98472563277298,True,167,6.303411700006109,8.674989201915018e-06,-26.922705353678676,8726.275315697245,3,-84.98472563277298,-82.98472563277298,-82.66695946605364,38.90808912147402,61.19844560123515,-87.83570416964697,-83.0039546541396,1.5745107315630054,7.797005526152407,0.18376545248096676,-86.61925493539589,-84.67000355385778,-82.72075217231968,-78.82224940924348
ok,early_seir_infected_only,seir,seir,SEIR,9,infected,0.02,16,3,-40.63538567331693,-82.66857233935846,True,171,6.526090400002431,0.005464853332620162,-13.335660515482047,4347.166213656649,3,-76.66857233935846,-74.66857233935846,-74.35080617263912,-59.175136325510294,9.886550463009996,-78.87441927490342,-72.72316665110978,1.8970765322275254,8.547604695524084,1.397800992724601,-77.40875934087867,-75.27185816699766,-73.13495699311663,-68.86115464535459
ok,early_seir_infected_only,seir,seir,SEIR,10,infected,0.02,16,3,-42.476523672319615,-85.05496695256399,True,164,6.209143600004609,0.00019890690596651835,-27.571672094657377,13051.872521694677,3,-79.05496695256399,-77.05496695256399,-76.73720078584465,-20.800741301777308,28.497509267249868,-82.06557639948088,-77.53039785208469,1.4946952765415524,7.422649492554534,0.10191960792475968,-80.91079168563981,-79.05512931250118,-77.19946693936254,-73.48814219308528
ok,early_seir_infected_only,seir,seir,SEIR,11,infected,0.02,16,3,-41.65789650282655,-83.45969816221678,True,167,6.645021899996209,3.146474298982809e-05,-16.739282059955272,10236.619216005305,3,-77.45969816221678,-75.45969816221678,-75.14193199549744,23.676378268497125,49.32340535130699,-80.35495906146139,-75.59215761384723,1.552369550377697,7.723635391805874,0.14390515656367334,-79.15561585409114,-77.22470700613967,-75.2937981581882,-71.43198046228527
ok,early_seir_infected_only,seir,seir,SEIR,12,infected,0.02,16,3,-38.46421104739121,-78.39161891769118,True,166,4.438232999993488,0.0026905142901498427,-21.052059217728033,4213.644678227196,3,-72.39161891769118,-70.39161891769118,-70.07385275097184,-27.952691752647873,23.028007004603747,-73.99734956727005,-66.88316040472881,2.1971346752105645,10.045261690053614,1.4631968229087584,-72.2998680959604,-69.788552673447,-67.2772372509336,-62.25460640590679
ok,early_seir_infected_only,seir,seir,SEIR,13,infected,0.02,16,3,-41.701999067489325,-84.71786727597069,True,169,12.774382000003243,0.000408064665103689,-13.439812326575641,11035.333113111363,3,-78.71786727597069,-76.71786727597069,-76.40010110925135,37.94444962524116,56.969039944667095,-81.45212692257094,-75.40362212806897,1.6328701766998772,8.000376006909683,1.3138691409920327,-80.19058983917093,-78.1904958374435,-76.19040183571609,-72.19021383226124
ok,early_seir_infected_only,seir,seir,SEIR,14,infected,0.02,16,3,-39.29451639855695,-79.0827442956761,True,167,12.731174799992004,0.00016122028457604437,-25.418709920125927,5426.214660534361,3,-73.0827442956761,-71.0827442956761,-70.76497812895676,-11.085185643452983,31.287949634649948,-75.33513046548032,-69.87622041289603,1.873806915097888,8.712812384217873,0.4937114985621875,-73.88744837522077,-71.7092452791663,-69.53104218311184,-65.1746359910029
ok,early_seir_infected_only,seir,seir,SEIR,15,infected,0.02,16,3,-41.71876320673164,-83.61113896998174,True,168,12.298913299993728,0.00017711567039371454,-10.647779689371518,14979.826197008673,3,-77.61113896998174,-75.61113896998174,-75.2933728032624,105.58905958435176,91.31089763081772,-80.5114309680451,-75.76359698233037,1.5498540009683173,7.6739294311328985,0.17361255651846946,-79.31403124577878,-77.39554888799556,-75.47706653021233,-71.64010181464587
ok,early_seir_infected_only,seir,seir,SEIR,16,infected,0.02,16,3,-37.77149212297406,-75.9674596616924,True,164,12.665245900003356,0.000725846295440649,-27.319528672924147,17863.520657723348,3,-69.9674596616924,-67.9674596616924,-67.64969349497306,-45.104399746047996,12.329883166902992,-72.88868353814169,-68.09309541506053,1.5393880617753553,7.449888830887588,0.4244754157442837,-71.6993696824635,-69.8368974747416,-67.97442526701971,-64.24948085157591
ok,early_seir_infected_only,seir,seir,SEIR,17,infected,0.02,16,3,-39.21973120622618,-78.62444287674472,True,168,6.367997200009995,0.0004668680798199786,-24.811245016729085,14350.434019819239,3,-72.62444287674472,-70.62444287674472,-70.30667671002539,-1.939809765186375,35.10341098107955,-75.85183113255603,-71.36535466466756,1.3863058720943495,7.074107747784797,0.18498046429236376,-74.78078685020114,-73.01225991325494,-71.24373297630873,-67.70667910241635
ok,early_seir_infected_only,seir,seir,SEIR,18,infected,0.02,16,3,-42.09928403452385,-84.43792359206617,True,167,6.360617600003025,0.0002324165051079657,-25.99415131391961,10034.79806048944,3,-78.43792359206617,-76.43792359206617,-76.12015742534683,44.11214891494241,59.739117956138124,-81.55350504629385,-76.84790796067935,1.4422092728861617,7.3506601083683485,0.2393555230184792,-80.43927042695236,-78.60160539986028,-76.76394037276819,-73.08861031858402
ok,early_seir_infected_only,seir,seir,SEIR,19,infected,0.02,16,3,-43.50911798612559,-87.26016082562309,True,163,6.790577300009318,1.994308707462396e-05,-28.305728699474265,16454.820787495075,3,-81.26016082562309,-79.26016082562309,-78.94239465890375,45.54278705481049,62.621366323435836,-84.15427205830574,-79.42611928934386,1.5529443836586783,7.592116682907311,0.24192485337191225,-82.95448474122543,-81.0564555704986,-79.15842639977177,-75.36236805831811
ok,early_seir_infected_only,seir,sir,SIR,0,infected,0.02,16,2,-38.943261340450384,-78.41041006060124,True,162,9.960947500003385,0.00010720685420720865,-18.820959637416426,7548.0979465086575,2,-74.41041006060124,-73.48733313752432,-72.86523261612167,91.54715114411349,82.90302675877359,-76.02658360184714,-70.17719032705426,1.1919132293770527,7.709332353846502,0.5238873797004725,-75.10572488294203,-73.1783917944804,-71.25105870601878,-67.39639252909552
ok,early_seir_infected_only,seir,sir,SIR,1,infected,0.02,16,2,-40.4257472495133,-81.44461138117084,True,161,4.907115099995281,4.9151226547583765e-06,0.004719534744786813,8994.00235204988,2,-77.44461138117084,-76.52153445809392,-75.89943393669128,22.838425308404542,50.63419917589334,-79.14894236147188,-73.33245886786811,1.1478345098494813,7.5190356311584905,0.5931168821442458,-78.26213836416454,-76.38237945637492,-74.5026205485853,-70.74310273300605
ok,early_seir_infected_only,seir,sir,SIR,2,infected,0.02,16,2,-39.97038365877936,-80.5688441054349,True,162,9.80802670000412,0.00034705170844097046,-6.1634273661649885,8320.918096415298,2,-76.5688441054349,-75.64576718235799,-75.02366666095534,5.530584842821,42.06803970435712,-78.21061544748433,-72.23428505847816,1.179114328975287,7.706482259080565,0.6280767878761842,-77.2996450146867,-75.37302444991656,-73.44640388514642,-69.59316275560614
ok,early_seir_infected_only,seir,sir,SIR,3,infected,0.02,16,2,-39.769548960914484,-79.64525166472495,True,156,9.505040199990617,0.00300322271455716,-18.735469357739646,1113.5142705457679,2,-75.64525166472495,-74.72217474164803,-74.10007422024539,-66.7528276739821,6.216266014690069,-76.1925207169333,-70.24832815947867,1.726365473895822,9.290769762350289,0.10615374289597987,-74.85875022133726,-72.53605778074969,-70.21336534016211,-65.56798045898697
ok,early_seir_infected_only,seir,sir,SIR,4,infected,0.02,16,2,-33.689813634765834,-67.58189074126693,True,158,4.809438800002681,9.375282249046685e-05,-23.084113088819667,3950.311392400388,2,-63.58189074126693,-62.65881381819001,-62.03671329678737,148.07006113470882,105.90798691756633,-64.83718235780083,-59.15150310647578,1.372354191733052,8.228124163055888,0.20226347173526624,-63.776916986349384,-61.71988594558541,-59.662854904821444,-55.548792823293496
ok,early_seir_infected_only,seir,sir,SIR,5,infected,0.02,16,2,-39.38217061454325,-78.91470854024169,True,158,1.8299291000002995,0.0007741987861498833,-21.31824499455964,4541.949422874146,2,-74.91470854024169,-73.99163161716477,-73.36953109576213,27.369269823597428,51.695797523117484,-76.3500484648959,-70.94033035276439,1.2823300376728946,7.824010876322112,0.15036731115519733,-75.35933473960051,-73.40333202051998,-71.44732930143945,-67.5353238632784
ok,early_seir_infected_only,seir,sir,SIR,6,infected,0.02,16,2,-36.671269348236585,-73.76943507681752,True,162,1.689142899995204,0.00010433185872348283,7.884707233973664,7466.238284904412,2,-69.76943507681752,-68.8463581537406,-68.22425763233795,94.59460423094072,83.57890158567157,-71.42043740991211,-65.78093505348457,1.174498833452704,7.561603642988603,0.42689638034434524,-70.51303285690277,-68.62263194615562,-66.73223103540846,-62.95142921391417
ok,early_seir_infected_only,seir,sir,SIR,7,infected,0.02,16,2,-45.7750870916489,-91.62088845490669,True,160,9.693322799997986,0.0023243349030131095,-27.78640988461794,3716.378101033276,2,-87.62088845490669,-86.69781153182977,-86.07571101042713,-78.18798444940704,4.688388923222917,-88.98108588322037,-83.69434856778318,1.3199012858431607,7.8558256155146235,0.07071427160888885,-87.96134503530816,-85.9973886314295,-84.03343222755085,-80.10551941979354
ok,early_seir_infected_only,seir,sir,SIR,8,infected,0.02,16,2,-45.05032935354944,-90.24241613966824,True,161,9.921927000003052,0.00011820862625574207,-28.08525176589907,3824.2342067678273,2,-86.24241613966824,-85.31933921659132,-84.69723869518867,52.90431710194798,69.25665679026693,-87.52394808311246,-81.98193200942826,1.359234028277887,8.118726697670605,0.1417574325693604,-86.47381920198042,-84.44413752756277,-82.41445585314511,-78.35509250430981
ok,early_seir_infected_only,seir,sir,SIR,9,infected,0.02,16,2,-40.634691134801315,-81.36579754213501,True,157,4.81569020000461,0.004985784585963104,-22.970905072542017,1784.2854940421967,2,-77.36579754213501,-76.4427206190581,-75.82062009765545,-54.705894041860155,12.647691539869669,-78.25999255749046,-72.76193197748867,1.552902492322274,8.507450292113965,0.0964152725323758,-77.06023760518423,-74.93337503215574,-72.80651245912725,-68.55278731307027
ok,early_seir_infected_only,seir,sir,SIR,10,infected,0.02,16,2,-42.22481922475672,-84.58847623264373,True,160,4.905839200000628,0.0008783184464937052,-25.71852919337404,4428.90138237377,2,-80.58847623264373,-79.66539930956681,-79.04329878816417,29.07102592104219,54.32044576065153,-82.01292656350013,-76.61653072008458,1.2877748345718014,7.833107729428867,0.13883778313028622,-81.01800624952575,-79.05972931716853,-77.10145238481132,-73.1848985200969
ok,early_seir_infected_only,seir,sir,SIR,11,infected,0.02,16,2,-41.382994888546925,-82.93023586150667,True,158,4.795170600002166,8.018397641185243e-05,-11.271624421937595,4060.1981956605973,2,-78.93023586150667,-78.00715893842975,-77.38505841702711,30.75074590976135,55.079043258200926,-80.24676277899829,-74.69112255845567,1.341736541254191,8.074867218638172,0.1642460844128204,-79.2101522590083,-77.19143545434875,-75.17271864968922,-71.13528504037012
ok,early_seir_infected_only,seir,sir,SIR,12,infected,0.02,16,2,-39.12271047179455,-78.41623425808504,True,164,1.7499286999955075,0.0025077928122068495,-23.50770813873055,595.2825166210258,2,-74.41623425808504,-73.49315733500812,-72.87105681360548,-71.86622297749909,2.9081894121807705,-74.68690797590816,-67.99737815345563,1.8646631410884429,10.248042790133468,0.17081331449594836,-73.24629026232702,-70.68427956479366,-68.12226886726029,-62.998247472193555
ok,early_seir_infected_only,seir,sir,SIR,13,infected,0.02,16,2,-41.98610101799399,-84.06876883110564,True,155,4.687675099994522,0.002410383058475902,-19.922259483875173,1033.5167832455745,2,-80.06876883110564,-79.14569190802872,-78.52359138662608,-59.12481501657702,11.655156780993698,-80.5644074069268,-74.52283693697748,1.752180712089419,9.449365099010496,0.09656679511766375,-79.21069234944045,-76.84835107468783,-74.4860097999352,-69.76132725042996
ok,early_seir_infected_only,seir,sir,SIR,14,infected,0.02,16,2,-39.19178808851881,-78.42007748189876,True,157,4.751527200001874,0.00010459647364196961,-21.436016115677475,2061.714590192658,2,-74.42007748189876,-73.49700055882184,-72.8749000374192,-28.516062732769768,23.652477004205867,-75.24952156114327,-69.525073411811,1.5852779603777467,8.85850276522663,0.036501304861135044,-74.02475368734014,-71.81012799603349,-69.59550230472682,-65.1662509221135
ok,early_seir_infected_only,seir,sir,SIR,15,infected,0.02,16,2,-41.61608591482552,-83.45303775102767,True,160,4.875245900009759,8.46757973320698e-06,-8.552613295122057,4525.147970002428,2,-79.45303775102767,-78.52996082795075,-77.9078603065481,-15.906027159251503,32.011459448700684,-80.82206235271745,-75.20691402673579,1.3154876991551068,8.025257802915243,0.2208659213766274,-79.80573139210506,-77.79941694137625,-75.79310249064744,-71.78047358918981
ok,early_seir_infected_only,seir,sir,SIR,16,infected,0.02,16,2,-37.92209078184023,-75.89396958567025,True,159,9.666033500005142,0.001795535988476204,-26.67816541496052,3018.2192868868947,2,-71.89396958567025,-70.97089266259333,-70.34879214119069,-34.37066363967663,18.492994835999664,-73.0943920895477,-67.72424062854688,1.399788748061276,8.119940935133592,0.04978802198978605,-72.01293108927742,-69.98294585549402,-67.95296062171062,-63.892990154143824
ok,early_seir_infected_only,seir,sir,SIR,17,infected,0.02,16,2,-38.51381885036537,-77.3172751090435,True,163,5.046107000001939,0.001287987461826638,-18.311406427867713,6981.625226878087,2,-73.3172751090435,-72.39419818596659,-71.77209766456394,13.070919286568142,43.49650965229637,-74.98960591846642,-69.62074993306283,1.1638345952885447,7.406887767667917,0.2896374083127773,-74.09044043559399,-72.23871849367701,-70.38699655176003,-66.68355266792608
ok,early_seir_infected_only,seir,sir,SIR,18,infected,0.02,16,2,-41.42825025772212,-83.0610982841378,True,158,9.764712899996084,0.0008005394029101069,-18.099263112502857,5366.429692222225,2,-79.0610982841378,-78.13802136106088,-77.51592083965824,-2.919229931936698,37.67591873777374,-80.59278173256955,-75.18199873845631,1.2341582757841258,7.674501776987923,0.20459776869355312,-79.63928496723983,-77.72065952299285,-75.80203407874588,-71.96478319025191
ok,early_seir_infected_only,seir,sir,SIR,19,infected,0.02,16,2,-43.55130754652638,-87.22029899143546,True,157,6.062190099997679,0.00039405666386709676,-25.59080918640279,3771.8929102059597,2,-83.22029899143546,-82.29722206835854,-81.67512154695589,86.60918089890748,84.29761120668888,-84.5162008120542,-79.04001578292154,1.3520490896906334,8.062599310131214,0.11768389838269373,-83.47162293344465,-81.45597310591185,-79.44032327837904,-75.40902362331343
ok,early_seir_infected_only,seir,tv_sir,TV-SIR,0,infected,0.02,16,4,-40.16684284026842,-80.48016250365755,True,167,7.758102699997835,0.00019994308896380015,-4.792995478003974,457637.84115488484,4,-72.48016250365755,-68.84379886729391,-69.38980761469843,180.61850867653368,128.01392833573405,-74.98669486045326,-66.28240596690333,2.7467338216021515,14.051279713633512,0.1464768231207064,-72.86459928688885,-69.35177935848047,-65.8389594300721,-58.813319573255335
ok,early_seir_infected_only,seir,tv_sir,TV-SIR,1,infected,0.02,16,4,-42.19977641167383,-84.47889083978419,True,164,7.65180719998898,0.0003430254162448871,61.35988050300451,554213.8439430351,4,-76.47889083978419,-72.84252720342054,-73.38853595082506,36.438878777270396,57.675518550290036,-79.02023283917619,-70.51613068505675,2.7293290003039994,13.883422138290912,0.07933801643652919,-76.91158403425933,-73.4407284996866,-69.96987296511388,-63.028161895968424
ok,early_seir_infected_only,seir,tv_sir,TV-SIR,2,infected,0.02,16,4,-42.1158870005476,-84.4360232896209,True,169,7.798849200000404,3.8155419003251606e-05,55.19800772223055,597449.1043246784,4,-76.4360232896209,-72.79965965325727,-73.34566840066178,208.6365937106961,143.64684046249056,-78.8660609637672,-69.65683733258756,2.7849811629268513,14.574936668507645,0.2042492885257025,-76.71441592563968,-73.07068175851278,-69.42694759138587,-62.13947925713204
ok,early_seir_infected_only,seir,tv_sir,TV-SIR,3,infected,0.02,16,4,-40.056607927687935,-80.4175874230563,True,171,15.661150400002953,0.0034613217718976286,944.6636243379309,379939.5323638841,4,-72.4175874230563,-68.78122378669266,-69.32723253409718,-24.009773101160278,27.07908718099602,-74.75882794444442,-65.22292937349404,2.829379739305945,14.890286481881827,0.3043715676804304,-72.5728810669229,-68.85030944645244,-65.127737825982,-57.68259458504107
ok,early_seir_infected_only,seir,tv_sir,TV-SIR,4,infected,0.02,16,4,-34.66186888423139,-69.72630303811027,True,167,13.3851377999963,0.0003314777204678622,-17.172668692295247,602848.7122086184,4,-61.726303038110274,-58.08993940174664,-58.63594814915115,60.644390264277966,63.445423084776664,-64.15086521169702,-54.81445050712122,2.787718913206622,14.509287261341555,0.40256526964749023,-61.997105018579056,-58.36978320324367,-54.74246138790828,-47.4878177572375
ok,early_seir_infected_only,seir,tv_sir,TV-SIR,5,infected,0.02,16,4,-39.78729460589497,-79.71453366986896,True,169,2.6392234999948414,0.0016665217810036433,98.90925904199011,676084.2964058255,4,-71.71453366986896,-68.07817003350532,-68.62417878090983,101.72416574726579,88.79319599042938,-74.20807547087144,-65.54819343994046,2.753229099498763,14.026395771849474,0.13994445807901185,-72.0809617188563,-68.57436277589393,-65.06776383293156,-58.05456594700683
ok,early_seir_infected_only,seir,tv_sir,TV-SIR,6,infected,0.02,16,4,-38.85387810445126,-78.2387405654554,True,164,2.640843999994104,0.0012343626729700884,-17.318187632019985,672743.2777930605,4,-70.2387405654554,-66.60237692909176,-67.14838567649628,53.74773547182778,64.8999812744459,-72.6312747059749,-63.06015088049307,2.80373292974025,14.647605328409451,0.530984356552879,-70.46514226428529,-66.80324093218293,-63.14133960008056,-55.817536935875836
ok,early_seir_infected_only,seir,tv_sir,TV-SIR,7,infected,0.02,16,4,-45.82864270514424,-91.73570890965244,True,167,7.7066845999943325,0.0026283740779838908,33.74441762885453,1057564.0369961474,4,-83.73570890965244,-80.0993452732888,-80.64535402069332,-12.205727562469043,36.294672806818724,-86.36501301813449,-78.42985996187343,2.685347945758974,13.22742544841504,0.07842349936397035,-84.29034347995135,-80.98348711784759,-77.67663075574383,-71.0629180315363
ok,early_seir_infected_only,seir,tv_sir,TV-SIR,8,infected,0.02,16,4,-45.414206094239,-90.95952187070895,True,165,7.574264499999117,0.0006027866150761499,17.348681430949206,628417.2002580346,4,-82.95952187070895,-79.32315823434531,-79.86916698174983,46.045796186668824,64.57384455374428,-85.42293394258243,-76.55768688925114,2.7682939640632624,14.27072529922685,0.13110968223096273,-83.28418124610269,-79.71649992129598,-76.14881859648926,-69.01345594687584
ok,early_seir_infected_only,seir,tv_sir,TV-SIR,9,infected,0.02,16,4,-41.71776540374863,-84.2042760170332,True,169,7.796514299989212,0.0066449115759155035,208.97412748447448,456570.3357110878,4,-76.2042760170332,-72.56791238066955,-73.11392112807407,-58.696176549956476,11.443613343220239,-78.57094910964564,-68.94839261546424,2.8166634536937796,14.487138192033012,0.7687452095359419,-76.39482669097687,-72.77304214296862,-69.15125759496037,-61.907688498943855
ok,early_seir_infected_only,seir,tv_sir,TV-SIR,10,infected,0.02,16,4,-42.3607013004766,-84.7690429437746,True,168,7.659337799996138,0.0012277891651838655,-26.284731389406648,939246.1399181203,4,-76.7690429437746,-73.13267930741095,-73.67868805481547,73.8506564969039,75.80180905608957,-79.36415322927223,-71.2386952276489,2.702444857251178,13.482707373304295,0.047640342821399444,-77.27627481008508,-73.905597966759,-70.53492112343294,-63.79356743678079
ok,early_seir_infected_only,seir,tv_sir,TV-SIR,11,infected,0.02,16,4,-42.152528271923266,-84.5841837162237,True,166,2.62651950000145,0.001213770582885474,-22.48640602037231,412926.49855781917,4,-76.5841837162237,-72.94782007986007,-73.49382882726458,102.89873725805052,91.20666106849887,-78.93504907970815,-69.37371130192051,2.824567318257775,14.931345241926017,0.2791271723771724,-76.75282022441513,-73.01998391393363,-69.28714760345213,-61.821474982489114
ok,early_seir_infected_only,seir,tv_sir,TV-SIR,12,infected,0.02,16,4,-39.35972369778345,-78.9738314299698,True,171,11.383200500000385,0.0025524520023428757,-20.338201715481564,251292.3922029415,4,-70.9738314299698,-67.33746779360617,-67.88347654101068,53.473097236961706,64.45818252299956,-73.21608575110955,-63.04976318168464,2.87887283943013,15.669684213882263,0.25438403440290996,-70.9919010626034,-67.07448000913284,-63.15705895566227,-55.32221684872114
ok,early_seir_infected_only,seir,tv_sir,TV-SIR,13,infected,0.02,16,4,-42.865052147158735,-86.00801781745682,True,167,7.6702473999903305,0.001889182538720339,-16.47702649522558,861448.3530407159,4,-78.00801781745682,-74.37165418109318,-74.91766292849769,105.96691889299895,92.27520193564482,-80.4176084371575,-71.11669418412205,2.795204690149663,14.613410110195414,0.2779135231393427,-78.25806481719611,-74.60471228964727,-70.9513597620984,-63.6446547070007
ok,early_seir_infected_only,seir,tv_sir,TV-SIR,14,infected,0.02,16,4,-39.64737910588151,-79.48283935928389,True,169,7.774111199993058,0.0006554153683266936,-6.318857815858053,376691.95671783,4,-71.48283935928389,-67.84647572292025,-68.39248447032476,58.10641977374999,66.6198321488403,-73.81492133607716,-64.18464173668833,2.83395901160336,15.11011647507469,0.1880811475208669,-71.62543656442261,-67.84790744565395,-64.07037832688528,-56.515320089347924
ok,early_seir_infected_only,seir,tv_sir,TV-SIR,15,infected,0.02,16,4,-42.0692986353789,-84.22151096931995,True,166,7.780790700009675,0.000720171227052401,25.89203156805283,334345.553171896,4,-76.22151096931995,-72.58514733295631,-73.13115608036082,64.01312111195492,71.51686085756,-78.59520137433816,-69.29547916462498,2.813154797490899,14.843118106132819,0.08291369856214852,-76.42178970388196,-72.71101017734875,-69.00023065081555,-61.578671597749135
ok,early_seir_infected_only,seir,tv_sir,TV-SIR,16,infected,0.02,16,4,-37.98520819862763,-76.00777685704094,True,169,7.812281400008942,0.002291478813101764,-26.93187569204219,760661.9740684622,4,-68.00777685704094,-64.3714132206773,-64.91742196808181,38.737754560732455,55.187382024016514,-70.54532411563777,-62.20928602571706,2.7312263707015827,13.761130371538204,0.037360459785672887,-68.43520942374984,-64.99492683086528,-61.55464423798074,-54.67407905221164
ok,early_seir_infected_only,seir,tv_sir,TV-SIR,17,infected,0.02,16,4,-39.16562004492181,-78.39019788868693,True,165,15.163724600002752,0.0017194448591943393,-19.74089104472052,938319.9806937178,4,-70.39019788868693,-66.75383425232329,-67.2998429997278,-6.942579933158083,33.481837746211795,-73.05077370660192,-65.20886302789717,2.6697120910425043,13.122377061946445,0.05895779884330601,-70.98818425343529,-67.70758998794868,-64.42699572246207,-57.86580719148885
ok,early_seir_infected_only,seir,tv_sir,TV-SIR,18,infected,0.02,16,4,-42.500249932909995,-85.42322821482998,True,161,14.057968699999037,0.0022197428646385845,147.5013927120675,680001.7596674033,4,-77.42322821482998,-73.78686457846634,-74.33287332587085,-19.103469547865814,30.35733909981434,-79.85710192842356,-70.68321046705789,2.78306314320321,14.317289398762096,0.42272834900999046,-77.70693873070356,-74.12761638101303,-70.54829403132251,-63.389649331941456
ok,early_seir_infected_only,seir,tv_sir,TV-SIR,19,infected,0.02,16,4,-43.986103316948885,-88.1343970837059,True,171,5.322548700001789,0.0008970475076273405,-3.8414103771616475,606726.6907518111,4,-80.1343970837059,-76.49803344734227,-77.04404219474678,78.24803618151523,79.53220126544709,-82.62682415200089,-73.92100150121038,2.753786465852504,14.051205132687391,0.16219044980813613,-80.49927978502672,-76.98647850185486,-73.47367721868302,-66.44807465233933
ok,early_seir_infected_only,seir,ude_sir_h2,UDE-SIR(2),0,infected,0.02,16,11,-39.13365908212232,-79.64976832491841,True,169,24.629876600010903,0.0006727081182112639,-18.815796142458893,35694721348948.234,6,-57.64976832491841,8.350231675081588,-49.15129238028082,23672.06692159044,11870.915115114214,-76.28695181547529,-69.13189869363079,1.6814082547215614,9.13541947061385,1.3824501606737698,-74.98791476039654,-72.70405989274308,-70.42020502508961,-65.85249528978268
ok,early_seir_infected_only,seir,ude_sir_h2,UDE-SIR(2),1,infected,0.02,16,11,-40.898368529972196,-83.89478309828274,True,170,24.66132880000805,0.00045216798281856536,0.05176127022576793,44307954803458.62,7,-61.894783098282744,4.105216901717256,-53.396307153645154,688.3314816858975,378.56650718471,-80.34206232226383,-72.15300067442014,1.7763603880094598,9.643736385524248,2.0980460383383472,-78.96966631985424,-76.55873222347319,-74.14779812709212,-69.32592993432999
ok,early_seir_infected_only,seir,ude_sir_h2,UDE-SIR(2),2,infected,0.02,16,11,-40.5326525712674,-83.00507443558311,True,168,12.175170000002254,0.0008521737479811478,-5.817261845337651,52166842169811.63,6,-61.00507443558311,4.994925564416889,-52.50659849094552,464.293536938733,268.20441861341544,-79.34496209396134,-71.06727530673353,1.8300561708108836,9.998029835801265,1.9397692930483137,-77.93108133532753,-75.43157387637721,-72.9320664174269,-67.93305149952627
ok,early_seir_infected_only,seir,ude_sir_h2,UDE-SIR(2),3,infected,0.02,16,11,-39.769551167287446,-79.64521434227746,True,163,11.820184700001846,0.003002712689862259,-18.667522445379646,34863011827757.19,2,-57.645214342277455,8.354785657722545,-49.146738397639865,1093.3636043027307,583.6319993242989,-76.18573027804075,-70.19259090080604,1.7297420321183488,9.346511433768859,0.10611200770256726,-74.849351091642,-72.5127232331998,-70.17609537475758,-65.50283965787315
ok,early_seir_infected_only,seir,ude_sir_h2,UDE-SIR(2),4,infected,0.02,16,11,-33.6926504955399,-67.58418317951876,True,167,6.433826699998463,9.617624846825055e-05,-21.551169669953417,28397133478008.293,4,-45.58418317951876,20.41581682048124,-37.08570723488117,286.20370252351233,172.81108467448684,-64.83790129289218,-59.105864167215,1.373140943313291,8.279436823864799,0.19888218843895314,-63.777028086042634,-61.70716888007644,-59.637309674110234,-55.497591262177835
ok,early_seir_infected_only,seir,ude_sir_h2,UDE-SIR(2),5,infected,0.02,16,11,-39.38524108870581,-78.91772608244128,True,168,8.410126600007061,0.0007650247274859412,-21.106157392634998,21503687770102.406,3,-56.91772608244128,9.082273917558723,-48.41925013780369,11985.895181431904,6028.9354582663855,-76.35354388344803,-70.90048490461332,1.2820910994966286,7.869997272798301,0.14724390502965656,-75.36301475909292,-73.39551544089335,-71.42801612269378,-67.49301748629462
ok,early_seir_infected_only,seir,ude_sir_h2,UDE-SIR(2),6,infected,0.02,16,11,-36.8828983131689,-75.17825462533618,True,168,9.523134900009609,3.487116468598864e-05,7.842623601873818,35383953938696.2,7,-53.17825462533618,12.82174537466382,-44.67977868069859,226.94507430152277,148.47558217900433,-71.78165099437784,-64.58700912214562,1.6983018154791705,9.178787504192186,1.412457998998382,-70.46956216477929,-68.17486528873124,-65.88016841268319,-61.290774660587104
ok,early_seir_infected_only,seir,ude_sir_h2,UDE-SIR(2),7,infected,0.02,16,11,-45.77712981641027,-91.62234255719657,True,164,12.025326499991934,0.0023083323257584117,-28.19259098383332,20861706315889.188,2,-69.62234255719657,-3.622342557196575,-61.123866612558984,5061.027437243924,2571.1992209614236,-88.98219142893622,-83.65431552903858,1.3200755641301816,7.899944103781962,0.06808292437603033,-87.96231593558491,-85.98732990963941,-84.01234388369393,-80.06237183180295
ok,early_seir_infected_only,seir,ude_sir_h2,UDE-SIR(2),8,infected,0.02,16,11,-45.052933448772514,-90.2449932581125,True,170,24.722304399998393,0.00011455623606769342,-28.099122864876325,25843272428208.633,4,-68.2449932581125,-2.244993258112501,-59.74651731347491,292.89023099885765,184.8339233076314,-87.52653862250044,-81.93968070226525,1.359227317806028,8.166186195279776,0.13912636056747052,-86.47641492580328,-84.43486837698335,-82.3933218281634,-78.3102287305235
ok,early_seir_infected_only,seir,ude_sir_h2,UDE-SIR(2),9,infected,0.02,16,11,-40.63484224854133,-81.36532449734034,True,160,11.790767700003926,0.004978308857750358,-23.18774675158834,25998798492917.984,3,-59.36532449734034,6.634675502659661,-50.86684855270275,106.64754839132328,91.17988845757,-78.2525015071207,-72.71196773739734,1.5564114951098222,8.55771675968532,0.09564000025767183,-77.05003553883449,-74.91060634891316,-72.77117715899183,-68.49231877914917
ok,early_seir_infected_only,seir,ude_sir_h2,UDE-SIR(2),10,infected,0.02,16,11,-42.22776513666421,-84.59129746595231,True,169,12.494196400002693,0.000868876109439035,-25.41642832386552,21514896595373.016,4,-62.59129746595231,3.4087025340476913,-54.09282152131472,309.94778465536996,191.75804260794166,-82.01610682580069,-76.57659323120961,1.287595320075808,7.878937042118811,0.13576719262389406,-81.0213252027014,-79.0515909421717,-77.081856681642,-73.1423881605826
ok,early_seir_infected_only,seir,ude_sir_h2,UDE-SIR(2),11,infected,0.02,16,11,-41.38582735318288,-82.93295837360205,True,169,4.339446500001941,7.73384474696926e-05,-8.583687932259892,25437842435368.58,4,-60.93295837360205,5.067041626397952,-52.43448242896446,6462.188026767253,3269.0963248976796,-80.24945050161769,-74.64885137295028,1.3417539359921824,8.122803333415488,0.16130366723627984,-79.21282654264928,-77.1821257092954,-75.15142487594154,-71.09002320923379
ok,early_seir_infected_only,seir,ude_sir_h2,UDE-SIR(2),12,infected,0.02,16,11,-39.12286145752061,-78.41554416480095,True,168,24.475334100003238,0.0024979134474046594,-23.546426421270432,44759843589376.87,4,-56.41554416480095,9.584455835199051,-47.91706822016336,2537.8070765238836,1305.3566271249942,-74.68238666325283,-67.94089242710142,1.8665787507740639,10.304830487939801,0.16982124975973403,-73.24028897123236,-70.66408134924741,-68.08787372726246,-62.93545848329256
ok,early_seir_infected_only,seir,ude_sir_h2,UDE-SIR(2),13,infected,0.02,16,11,-41.9860942358084,-84.06837224737605,True,168,12.226305700009107,0.0024043921950165892,-19.97752834358052,37028188932692.03,4,-62.06837224737605,3.931627752623953,-53.56989630273846,4522.377515696408,2298.8503475176803,-80.55849401078129,-74.46834709841184,1.7549391182973824,9.503841373204958,0.09618377575923794,-79.2026478397673,-76.82668749646605,-74.45072715316482,-69.69880646656233
ok,early_seir_infected_only,seir,ude_sir_h2,UDE-SIR(2),14,infected,0.02,16,11,-39.19276350323797,-78.42060031027823,True,169,12.28176889999304,0.00010299515910081504,-21.571396103494127,34896243124842.32,4,-56.42060031027823,9.579399689721768,-47.92212436564064,894.4571655730131,481.95238744901746,-75.24685109788277,-69.47587709426811,1.586874606197733,8.90964991220782,0.03507330380229253,-74.0208496735257,-71.79343719547374,-69.5660247174218,-65.11119976131788
ok,early_seir_infected_only,seir,ude_sir_h2,UDE-SIR(2),15,infected,0.02,16,11,-41.619246678347814,-83.45941533064276,True,168,12.249551600005361,7.199598851375077e-06,-8.323394806459717,25210152824487.01,4,-61.459415330642756,4.540584669357244,-52.960939386005165,418.1304100052108,247.09971560364218,-80.83056720197102,-75.16741064329675,1.3144240643358676,8.071082713398884,0.22092197394712723,-79.81505799362455,-77.79728731527483,-75.77951663692511,-71.74397528022567
ok,early_seir_infected_only,seir,ude_sir_h2,UDE-SIR(2),16,infected,0.02,16,11,-37.92356610970336,-75.89471542188656,True,159,11.741177199990489,0.001782730960904199,-26.776551444473462,23977134601576.91,2,-53.89471542188656,12.10528457811344,-45.39623947724897,37.31498298844809,51.77450430271651,-73.0933228435471,-67.68117150288023,1.4006962891697323,8.16596071652649,0.04758320247984312,-72.01116068725145,-69.96967050811982,-67.9281803289882,-63.845199970724956
ok,early_seir_infected_only,seir,ude_sir_h2,UDE-SIR(2),17,infected,0.02,16,11,-38.5187339861065,-77.33896785954484,True,168,24.726301499991678,0.0012650375900964297,-18.70542310230676,16678651757658.104,4,-55.33896785954484,10.661032140455163,-46.84049191490725,1381.8602712353252,725.0223204711103,-74.98973720518887,-69.5638612583916,1.1746153271779782,7.473606713821391,0.30149988733184796,-74.08224265044119,-72.21384097198585,-70.34543929353049,-66.60863593661979
ok,early_seir_infected_only,seir,ude_sir_h2,UDE-SIR(2),18,infected,0.02,16,11,-41.431776177071114,-83.06846027135765,True,166,8.236310399996,0.0007828920501952017,-18.121179548318963,19740613612822.02,4,-61.06846027135765,4.931539728642349,-52.56998432672006,3707.9751330828194,1888.5755457681853,-80.60431821871346,-75.14775347392234,1.2320710263220946,7.715798880219889,0.20490791721541737,-79.65243403877862,-77.72348431872365,-75.79453459866868,-71.93663515855873
ok,early_seir_infected_only,seir,ude_sir_h2,UDE-SIR(2),19,infected,0.02,16,11,-43.5537714583352,-87.22246818821091,True,166,4.126032799991663,0.00038778402835482176,-25.622240871201996,24649417768528.723,4,-65.22246818821091,0.777531811789089,-56.72399224357332,16282.425011561783,8179.677916294054,-84.51791452131899,-78.9977273328368,1.352276833445963,8.109815583833601,0.11492527154051854,-83.47316069045252,-81.44570679449411,-79.41825289853571,-75.36334510661891
ok,missing_neural_feedback,ude_sir_h2,neural_ode_h2,NeuralODE(2),0,infected,0.015,37,14,-90.36794018013907,-216.32984609066574,True,168,50.40617650000786,5.859111392615573e-06,36.77157413795422,53128147615395.17,14,-188.32984609066574,-169.23893699975665,-165.7769953136466,19887.405271200758,10028.327293702585,-206.58044480351674,-155.99206256277117,4.874700643574505,24.743817797506985,35.59396573038761,-198.72770221800423,-192.5417477686275,-186.35579331925072,-173.98388442049725
ok,missing_neural_feedback,ude_sir_h2,neural_ode_h2,NeuralODE(2),1,infected,0.015,37,14,-84.98455593694078,-210.4551598322894,True,167,50.48144810000667,3.889483159706941e-05,-22.807495316910327,840102119885.4263,14,-182.4551598322894,-163.36425074138032,-159.90230905527028,2786.3192554753036,1481.0226906995174,-200.47590116802994,-145.82799231487124,4.989629332129732,24.141119559010328,40.48604795840784,-192.43801789944712,-186.40273800969453,-180.36745811994194,-168.2968983404368
ok,missing_neural_feedback,ude_sir_h2,neural_ode_h2,NeuralODE(2),2,infected,0.015,37,14,-84.36920285556391,-209.18207313740635,True,167,29.001593399996636,9.208834986344163e-05,-58.19665310267035,10837938778625.645,14,-181.18207313740635,-162.09116404649725,-158.62922236038722,10916.394902515443,5547.394361949752,-199.14716740285687,-144.63771237265132,5.01745286727474,24.1006933384765,40.44366742627851,-191.06446270311588,-185.03928936849675,-179.01411603387763,-166.96376936463938
ok,missing_neural_feedback,ude_sir_h2,neural_ode_h2,NeuralODE(2),3,infected,0.015,37,14,-82.24281001629005,-201.26481035209625,True,169,41.62261269999726,5.4443324850578336e-05,-61.40999185285582,8338211954884.543,14,-173.26481035209625,-154.17390126118715,-150.71195957507712,46025.392994080634,23099.295402702897,-191.38643161336665,-140.43358692644972,4.9391893693647955,24.05203310613038,36.77919031951615,-183.429802984315,-177.4167947077824,-171.40378643124978,-159.3777698781846
ok,missing_neural_feedback,ude_sir_h2,neural_ode_h2,NeuralODE(2),4,infected,0.015,37,14,-81.29032084921388,-199.25156297958767,True,168,50.42408370001067,3.3171813094710056e-05,57.05731076700047,150854985964181.72,13,-171.25156297958767,-152.16065388867858,-148.69871220256854,25202.85671078439,12682.547024499325,-189.72798382771745,-138.38031995112416,4.761789575935116,24.200321747303615,36.67092128115991,-182.05713170360102,-176.0070512667751,-169.9569708299492,-157.8568099562974
ok,missing_neural_feedback,ude_sir_h2,neural_ode_h2,NeuralODE(2),5,infected,0.015,37,14,-82.3630516238174,-203.53907770951736,True,168,25.167691700000432,0.0001513991268774582,74.99286561958644,128437471236805.84,13,-175.53907770951736,-156.44816861860826,-152.98622693249823,6224.437921880462,3193.985934297116,-194.06538274655082,-141.14326075153647,4.736847481483262,23.582842496098316,38.81297446188257,-186.43471028916576,-180.53899966514118,-174.64328904111662,-162.85186779306744
ok,missing_neural_feedback,ude_sir_h2,neural_ode_h2,NeuralODE(2),6,infected,0.015,37,14,-85.08952648112287,-210.59975826991317,True,167,25.084062099995208,4.0180376280962015e-05,60.45377547247767,738189265023.4398,14,-182.59975826991317,-163.50884917900407,-160.04690749289404,9712.295585919466,4944.610800828495,-200.46387520089647,-145.32392300359325,5.067941534508348,24.855129958652505,40.42070530766742,-192.2998374027233,-186.0860549130602,-179.87227242339705,-167.44470744407081
ok,missing_neural_feedback,ude_sir_h2,neural_ode_h2,NeuralODE(2),7,infected,0.015,37,14,-79.46331150862125,-198.89038444821668,True,168,45.364495099987835,5.046279408004075e-05,64.14133409861267,754085259359.2417,14,-170.89038444821668,-151.79947535730759,-148.33753367119755,4691.584125654786,2427.611885512598,-188.85793950666852,-134.60742832427087,5.016222470774076,24.319194692971614,39.9637614309742,-180.7772168746901,-174.69741820144722,-168.6176195282043,-156.4580221817185
ok,missing_neural_feedback,ude_sir_h2,neural_ode_h2,NeuralODE(2),8,infected,0.015,37,14,-81.43853803523382,-200.83323382808297,True,170,18.724573600004078,4.7816160607035915e-05,-4.701876564980154,402967119539.5197,14,-172.83323382808297,-153.74232473717387,-150.28038305106384,7736.89407602031,3953.552259774381,-190.72288460713142,-138.22700638646805,5.055174610475776,24.65006968399959,37.956157757615316,-182.5794132755717,-176.4168958545718,-170.2543784335719,-157.92934359157212
ok,missing_neural_feedback,ude_sir_h2,neural_ode_h2,NeuralODE(2),9,infected,0.015,37,14,-88.89053318321831,-213.1905167047403,True,167,9.443971299988334,1.6079397986737316e-05,-60.74344272821416,127946892693404.94,13,-185.1905167047403,-166.0996076138312,-162.63766592772117,17164.72171435403,8663.580480176839,-203.65802233334188,-153.92595827439817,4.766247185699212,23.855108092038453,35.409450338303685,-195.9799893658089,-190.0162123427993,-184.05243531978968,-172.12488127377046
ok,missing_neural_feedback,ude_sir_h2,neural_ode_h2,NeuralODE(2),10,infected,0.015,37,14,-89.16912576548899,-215.8363212663327,True,168,28.02977949999331,2.302415465375616e-05,-28.322827049745193,124926907662640.08,13,-187.8363212663327,-168.7454121754236,-165.28347048931357,53691.927611474006,26927.239727310403,-206.2369661738246,-154.46184398543414,4.799677546254042,23.876407545543838,37.49806973535473,-198.5050796396477,-192.53597775326173,-186.5668758668758,-174.62867209410388
ok,missing_neural_feedback,ude_sir_h2,neural_ode_h2,NeuralODE(2),11,infected,0.015,37,14,-87.15650515487238,-209.8340724072571,True,169,13.327713799997582,8.73808859641342e-05,-27.779577857202682,134539778877791.2,12,-181.8340724072571,-162.74316331634802,-159.28122163023798,13065.876476807378,6619.5362123221785,-200.31972742076738,-150.2785986032567,4.757172493244869,24.034411706488044,35.52106209751236,-192.65631303786083,-186.6477101112388,-180.63910718461682,-168.62190133137278
ok,missing_neural_feedback,ude_sir_h2,neural_ode_h2,NeuralODE(2),12,infected,0.015,37,14,-85.9051843248613,-208.92558781623563,True,168,24.242021600002772,4.004299844312285e-05,-14.918348805083554,38597698541385.84,14,-180.92558781623563,-161.83467872532654,-158.3727370392165,7512.8680823022605,3845.001223018263,-198.80674106828423,-147.07755611243948,5.059423373975708,24.732812537283117,37.11521916651303,-190.65642532749587,-184.47322219317508,-178.2900190588543,-165.92361279021276
ok,missing_neural_feedback,ude_sir_h2,neural_ode_h2,NeuralODE(2),13,infected,0.015,37,14,-89.75077167976545,-215.54090477943632,True,167,12.730905599994003,3.555440340139808e-05,-26.56246244871261,148251948778142.84,12,-187.54090477943632,-168.44999568852722,-164.9880540024172,40887.91946350358,20529.40610914067,-205.97771119866132,-155.32676572233922,4.781596790387497,24.174777637191674,36.03936141990542,-198.27495127798397,-192.23125686868605,-186.18756245938815,-174.1001736407923
ok,missing_neural_feedback,ude_sir_h2,neural_ode_h2,NeuralODE(2),14,infected,0.015,37,14,-91.23808506629727,-219.85639633717966,True,167,14.705497199989622,4.571634420431291e-05,22.19092875427495,129693627063187.17,12,-191.85639633717966,-172.76548724627057,-169.30354556016053,10886.90714443597,5530.236246044247,-210.37304761026098,-158.82685164083276,4.741674363459339,23.649318491761782,37.38022620458512,-202.73459944223845,-196.82226981929801,-190.90994019635755,-179.08528095047666
ok,missing_neural_feedback,ude_sir_h2,neural_ode_h2,NeuralODE(2),15,infected,0.015,37,14,-91.24514077689805,-221.96318978799025,True,168,25.398123799997848,3.528559776335056e-05,-49.98830414387051,808300655928.8807,14,-193.96318978799025,-174.87228069708115,-171.41033901097111,3886.416565947432,2035.0702190282082,-212.01636159620264,-158.4186097335584,4.9734140958938005,24.071671820237707,39.47290823419414,-204.00459974213004,-197.9866817870706,-191.96876383201118,-179.93292792189234
ok,missing_neural_feedback,ude_sir_h2,neural_ode_h2,NeuralODE(2),16,infected,0.015,37,14,-83.22658823808142,-204.83372807797525,True,167,8.906834399997024,7.871529967118806e-05,76.90597998534739,7096785632741.669,14,-176.83372807797525,-157.74281898706616,-154.28087730095612,9907.71870860066,5040.34102082071,-194.93845373417693,-142.17059591052674,4.947637171899157,24.28258056563609,38.380551601812414,-186.96821638870017,-180.89757124729115,-174.82692610588214,-162.68563582306408
ok,missing_neural_feedback,ude_sir_h2,neural_ode_h2,NeuralODE(2),17,infected,0.015,37,14,-89.78872732502154,-216.99761367786726,True,168,17.659703199999058,3.794827005848061e-05,-59.262020401511755,1094182234505.2052,14,-188.99761367786726,-169.90670458695817,-166.44476290084813,12690.277523721837,6434.031734961978,-207.03100895160256,-155.16903958434125,4.983302363132358,24.408415065701817,37.42015902782419,-199.00331791071034,-192.9012141442849,-186.79911037785942,-174.5949028450085
ok,missing_neural_feedback,ude_sir_h2,neural_ode_h2,NeuralODE(2),18,infected,0.015,37,14,-83.70930894035841,-204.53479459278094,True,168,17.695475799991982,7.7671152126306e-05,70.51439514567633,49135083969156.664,14,-176.53479459278094,-157.44388550187185,-153.9819438157618,11858.276723932246,6014.201082510573,-194.59349653153436,-143.0608114700029,4.9706490306232975,24.35780641071391,37.11617671206411,-186.58618897063562,-180.49673736795714,-174.40728576527866,-162.2283825599217
ok,missing_neural_feedback,ude_sir_h2,neural_ode_h2,NeuralODE(2),19,infected,0.015,37,14,-92.12084825795884,-221.21268585905358,True,170,8.81138309999369,6.494935434597847e-05,136.43438766868437,128298498010766.98,13,-193.21268585905358,-174.12177676814449,-170.65983508203445,5626.553836995879,2898.443374400026,-211.61157968165753,-160.32238272046754,4.8005530886980186,23.919313795450147,36.97098934313591,-203.87828272047435,-197.8984542716118,-191.91862582274928,-179.9589689250242
ok,missing_neural_feedback,ude_sir_h2,seir,SEIR,0,infected,0.015,37,3,-53.542455011666114,-107.24186469541601,True,157,14.267047700006515,2.3288248380892677e-06,294.22032205280675,5048.680792698313,3,-101.24186469541601,-100.51459196814328,-96.40911095748334,1075.9271921468694,598.9034366553059,-101.93584933497252,-88.7721582054726,2.653007680221746,18.312751817859617,0.1569546720837917,-97.66207174052062,-93.08388378605571,-88.50569583159081,-79.349319922661
ok,missing_neural_feedback,ude_sir_h2,seir,SEIR,1,infected,0.015,37,3,-66.45308031171106,-133.10402714513594,True,159,14.374953300008201,5.99427669880088e-07,223.75491412892927,5076.5642306540685,3,-127.10402714513594,-126.37675441786321,-122.27127340720327,357.1709254508427,249.75407790797914,-127.81120005105937,-114.62218757037853,2.6464135470382883,18.283973053043596,0.19786652171380867,-123.54804506387106,-118.97705180061016,-114.40605853734925,-105.26407201082746
ok,missing_neural_feedback,ude_sir_h2,seir,SEIR,2,infected,0.015,37,3,-59.14462458176416,-118.50592097749126,True,160,28.971226199995726,1.6788924562351764e-05,328.5419165692918,4917.094513164966,3,-112.50592097749126,-111.77864825021852,-107.67316723955858,1894.3035545787675,1011.3716672359134,-113.20079231656786,-100.02085676073189,2.652564330461697,18.268392402796437,0.21667181396292925,-108.92772892218598,-104.36063082148686,-99.79353272078777,-90.65933651938954
ok,missing_neural_feedback,ude_sir_h2,seir,SEIR,3,infected,0.015,37,3,-70.87956765078445,-141.96313740547663,True,161,10.937905500002671,8.068373493054273e-07,189.37995634067642,5042.037013355003,3,-135.96313740547663,-135.2358646782039,-131.13038366754395,959.3317580893965,556.0417680939343,-136.67148101262848,-123.51409619751443,2.6458281964240706,18.245039104054467,0.20400210390771584,-132.4092689772298,-127.84800920121619,-123.28674942520257,-114.16422987317533
ok,missing_neural_feedback,ude_sir_h2,seir,SEIR,4,infected,0.015,37,3,-55.391907869431144,-110.93960930859103,True,162,29.072013100012555,1.6950422730645615e-06,301.0767457370574,5096.595510734236,3,-104.93960930859103,-104.2123365813183,-100.10685557065835,741.4156309253902,430.6650101089334,-105.62591429455574,-92.35489226483023,2.656847507017648,18.42892347403206,0.15579356972874756,-101.34595105433685,-96.73872018582884,-92.13148931732081,-82.91702758030479
ok,missing_neural_feedback,ude_sir_h2,seir,SEIR,5,infected,0.015,37,3,-65.09277790886279,-130.40405726640148,True,152,13.705723700011731,3.4411122600232686e-05,208.9453295046922,4882.7137912710505,3,-124.40405726640148,-123.67678453912875,-119.5713035284688,159.83903902695295,149.26345401057898,-125.09179211550517,-111.88546504097545,2.656132575448153,18.30009077675013,0.21850144867590127,-120.81298057135791,-116.23795787717037,-111.66293518298285,-102.51288979460779
ok,missing_neural_feedback,ude_sir_h2,seir,SEIR,6,infected,0.015,37,3,-45.38369343993112,-90.95429248795955,True,159,14.250799299989012,6.345814011914069e-06,354.00044023335477,5144.542684473526,3,-84.95429248795955,-84.22701976068682,-80.12153875002687,1568.5787569314198,837.5939048009709,-85.657396146537,-72.42908409426516,2.648448170711278,18.338302785597072,0.18690560809730664,-81.39096354762836,-76.80638785122909,-72.22181215482982,-63.05266076203129
ok,missing_neural_feedback,ude_sir_h2,seir,SEIR,7,infected,0.015,37,3,-44.33389595660815,-88.86052010913647,True,162,28.983592499993392,6.326713612792063e-06,577.9997622996603,5122.387806937518,3,-82.86052010913647,-82.13324738186374,-78.0277663712038,1704.0938403329983,904.0816027805114,-83.57058028179898,-70.41105783061465,2.644969913668743,18.25673408260166,0.19272819592016993,-79.30975086946496,-74.74556734881455,-70.18138382816413,-61.0530167868633
ok,missing_neural_feedback,ude_sir_h2,seir,SEIR,8,infected,0.015,37,3,-49.63178285104754,-99.4283273728359,True,163,14.809632799995597,5.23234499682174e-06,372.16001455449083,5109.732738462095,3,-93.4283273728359,-92.70105464556316,-88.59557363490322,911.4775875201699,511.22156450629217,-94.13129727177449,-80.98858495019346,2.648515050530705,18.274980751901623,0.1647616707408222,-89.86475693496675,-85.29601174699134,-80.72726655901593,-71.58977618306513
ok,missing_neural_feedback,ude_sir_h2,seir,SEIR,9,infected,0.015,37,3,-74.69039374965514,-149.56511882461504,True,162,5.06363100001181,3.6834995037634316e-06,171.91370417166175,5134.064192276469,3,-143.56511882461504,-142.83784609734232,-138.73236508668236,2161.0976592267757,1156.0008659794266,-144.27948630210525,-131.1354269110696,2.6428162612548873,18.245360588240686,0.1843313253047467,-140.02212624702233,-135.46078609996215,-130.899445952902,-121.77676565878164
ok,missing_neural_feedback,ude_sir_h2,seir,SEIR,10,infected,0.015,37,3,-64.09339606306271,-128.38307145054557,True,160,5.267734599998221,5.208362873812795e-07,229.01886855373357,5093.180165702558,3,-122.38307145054557,-121.65579872327284,-117.5503177126129,778.5352026128753,457.04434520932773,-123.0929970110559,-109.92265596346223,2.6450372197448377,18.264136162663185,0.19627932442014143,-118.83205917415826,-114.26602513349246,-109.69999109282666,-100.56792301149508
ok,missing_neural_feedback,ude_sir_h2,seir,SEIR,11,infected,0.015,37,3,-68.34376365375863,-136.83812522199034,True,156,16.648665200002142,1.1348682322160599e-05,304.8632113218855,5058.725661155574,3,-130.83812522199034,-130.11085249471762,-126.00537148405766,242.61077488768254,189.73858317686222,-131.52060177520252,-118.27634560420267,2.6587617233939067,18.411181703314586,0.1505979144730854,-127.23755488953445,-122.6347594637058,-118.03196403787716,-108.82637318621987
ok,missing_neural_feedback,ude_sir_h2,seir,SEIR,12,infected,0.015,37,3,-51.284332951051425,-102.7373983596002,True,159,14.529916400002548,9.02767807470344e-06,303.6563892215778,5148.864582199798,3,-96.7373983596002,-96.01012563232747,-91.90464462166753,1750.3280548607786,934.9033885289855,-97.44220051998538,-84.28106926128329,2.647598919807412,18.287596640819558,0.16873245749735757,-93.17713599457012,-88.60523683436523,-84.03333767416035,-74.88953935375056
ok,missing_neural_feedback,ude_sir_h2,seir,SEIR,13,infected,0.015,37,3,-54.45942561113724,-109.08997075962196,True,162,6.872378200001549,1.4222421289831963e-05,527.0174579176964,5156.88204861691,3,-103.08997075962196,-102.36269803234923,-98.25721702168929,2533.3839419944193,1327.9318274021011,-103.79669489725791,-90.64841764880607,2.646637931182027,18.27043357346841,0.17111953734748192,-99.53317844563313,-94.96557005226603,-90.39796165889892,-81.26274487216472
ok,missing_neural_feedback,ude_sir_h2,seir,SEIR,14,infected,0.015,37,3,-72.96747570476438,-146.13960987407165,True,160,15.044363299995894,4.3869766672640835e-06,174.12557024258695,5040.61422350172,3,-140.13960987407165,-139.41233714679893,-135.30685613613898,793.1404024736444,472.8152748238341,-140.84654181977487,-127.68896109009033,2.6465340271483897,18.245990319438434,0.20465846454289877,-136.58319274901908,-132.02169516915947,-127.46019758929987,-118.33720242958064
ok,missing_neural_feedback,ude_sir_h2,seir,SEIR,15,infected,0.015,37,3,-77.32311405067372,-154.83408956087678,True,163,17.233323499996914,1.7386616439221515e-06,142.08207432677023,5131.962000225501,3,-148.83408956087678,-148.10681683360406,-144.0013358229441,364.14268184128093,258.8169149215925,-149.54816882985725,-136.39930475173898,2.6429603655097704,18.246923349608466,0.18786145952934236,-145.29057663464883,-140.72884579724672,-136.16711495984458,-127.04365328504036
ok,missing_neural_feedback,ude_sir_h2,seir,SEIR,16,infected,0.015,37,3,-54.16708151069,-108.53272372106207,True,159,9.18388949999644,2.34694945199916e-05,232.70245698213796,5090.823586151942,3,-102.53272372106207,-101.80545099378934,-97.69996998312939,935.4176701481433,529.9297761416188,-103.2370542718831,-90.05692370202925,2.647834724589485,18.277239319350734,0.19856069968207019,-98.97160988432051,-94.40230005448284,-89.83299022464514,-80.69437056496977
ok,missing_neural_feedback,ude_sir_h2,seir,SEIR,17,infected,0.015,37,3,-71.35257311069604,-142.8672195746076,True,161,5.156363700007205,5.166854368986921e-07,272.0923869931347,5090.506121698536,3,-136.8672195746076,-136.13994684733487,-132.0344658366749,825.85161918702,485.0151313703299,-137.56517954716736,-124.37778429181219,2.651020013720111,18.327361929579887,0.16207335321549193,-133.2946039202873,-128.71276343789233,-124.13092295549735,-114.96724199070741
ok,missing_neural_feedback,ude_sir_h2,seir,SEIR,18,infected,0.015,37,3,-70.40038788866052,-140.9944176131857,True,160,5.156995100012864,8.935083138803423e-06,112.47070818949041,5109.043538648387,3,-134.9944176131857,-134.26714488591298,-130.16166387525303,1306.2764807932151,726.3052529707417,-135.6994472523156,-122.50486391757406,2.6474851804350523,18.295911859746987,0.19364183586467182,-131.43456595169266,-126.86058798675592,-122.28661002181917,-113.13865409194568
ok,missing_neural_feedback,ude_sir_h2,seir,SEIR,19,infected,0.015,37,3,-75.98742421402432,-152.18087042475517,True,159,10.242746100004297,9.491309904717766e-06,122.4354259735415,5020.023897573936,3,-146.18087042475517,-145.45359769748245,-141.3481166868225,974.8384356721469,564.2945333842611,-146.88341568659814,-133.70729671755288,2.648727369078515,18.26755171049574,0.20602199670652754,-142.61653332203855,-138.04964539441463,-133.48275746679067,-124.34898161154281
ok,missing_neural_feedback,ude_sir_h2,sir,SIR,0,infected,0.015,37,2,-14.454499943168505,-29.077373960417788,True,156,20.983851199998753,0.000354758286456042,682.1079953966812,5.361616600207847,2,-25.077373960417788,-24.7244327839472,-21.85553813512934,-4.010082220339218,20.102577376013762,-25.07803688341241,-10.863858376076028,1.99966853850269,18.045141510260983,0.16837407408077731,-21.85673501538733,-17.345449637822085,-12.834164260256838,-3.8115935051263463
ok,missing_neural_feedback,ude_sir_h2,sir,SIR,1,infected,0.015,37,2,-24.104809319841753,-48.36928797089294,True,155,11.236027200007811,0.0002848652608642158,522.304234162384,5.197884527989802,2,-44.36928797089294,-44.016346794422354,-41.14745214560449,-31.480230530989473,12.768559319049235,-44.36993700414844,-30.14325561547215,1.9996754833722514,18.066363024211356,0.15966933120943444,-41.14862394850858,-36.63203319245574,-32.1154424364029,-23.082260924297223
ok,missing_neural_feedback,ude_sir_h2,sir,SIR,2,infected,0.015,37,2,-16.141738191768617,-32.466895176093516,True,158,22.88880000000063,0.00047720085221158233,692.0820023137628,5.482353949655285,2,-28.466895176093516,-28.11395399962293,-25.245059350805068,-17.33979437355855,11.738877450947497,-28.467562741043572,-14.236961027098772,1.9996662175249713,18.046515356438462,0.18341879255628316,-25.246264611923074,-20.73463577281346,-16.223006933703843,-7.199749255484612
ok,missing_neural_feedback,ude_sir_h2,sir,SIR,3,infected,0.015,37,2,-39.48735457766758,-79.13846476012947,True,154,11.219343299992033,0.00032247696338420876,490.21270905672395,5.352122335270261,2,-75.13846476012947,-74.78552358365887,-71.91662893484101,-64.62767421876009,10.927196977642591,-75.13912955564358,-60.93642392459097,1.9996676022429463,18.038285230744194,0.1637556047942986,-71.91782919585609,-67.40825788817004,-62.89868658048399,-53.87954396511189
ok,missing_neural_feedback,ude_sir_h2,sir,SIR,4,infected,0.015,37,2,-14.03136946094233,-28.234440088200188,True,157,14.050179300000309,0.00034521951189992687,651.8455417679413,4.987855763541306,2,-24.234440088200188,-23.8814989117296,-21.01260426291174,-8.757044037886502,15.53000515371508,-24.235057182519537,-9.923143415528365,1.999691452840326,18.139595506356294,0.17170116631552973,-21.013718401377503,-16.478819524788427,-11.943920648199356,-2.874122895021209
ok,missing_neural_feedback,ude_sir_h2,sir,SIR,5,infected,0.015,37,2,-27.7209006731912,-55.63668470834409,True,155,11.270772200005013,0.0005720638769430851,511.5720990040671,5.4763435747603,2,-51.63668470834409,-51.283743531873505,-48.41484888305564,-37.401646584500185,14.011402222467005,-51.637344610746545,-37.372952873704904,1.9996700487987737,18.068848472677498,0.19488336196169004,-48.41604030975845,-43.898828191589075,-39.3816160734197,-30.347191837080953
ok,missing_neural_feedback,ude_sir_h2,sir,SIR,6,infected,0.015,37,2,2.484544010110843,4.791248951997773,True,156,11.19406429999799,0.0004087550245673287,718.5714597231079,5.197300647751334,2,8.791248951997773,9.144190128468361,12.01308477728622,28.486847177174866,18.467814731455626,8.790611111859068,23.070170081919652,1.9996810799306475,18.101082061697966,0.17783906822391324,12.011933183095096,16.537203698519587,21.06247421394408,30.11301524479306
ok,missing_neural_feedback,ude_sir_h2,sir,SIR,7,infected,0.015,37,2,1.7755441965342929,3.377121153449906,True,156,11.252973900001962,0.00040055548945782125,1031.3222497571862,5.434610680018479,2,7.377121153449906,7.730062329920494,10.598956978738354,19.462950441999205,12.7019776398628,7.376453200480386,21.59040449495509,1.9996660235152401,18.039316101886506,0.1739672396186799,10.597751017067132,15.107580042538759,19.617409068010385,28.637067118953638
ok,missing_neural_feedback,ude_sir_h2,sir,SIR,8,infected,0.015,37,2,-7.664628878304976,-15.500956947906332,True,156,11.333480999994208,0.00038625065164929186,783.8804954533844,5.465686735478668,2,-11.500956947906332,-11.148015771435743,-8.279121122617884,4.000258650066449,15.01468120870788,-11.501630038603015,2.69866568713179,1.999663454651658,18.02792344374174,0.17169919129638078,-8.280336360244629,-3.7733554993091936,0.7336253616262418,9.747587083497113
ok,missing_neural_feedback,ude_sir_h2,sir,SIR,9,infected,0.015,37,2,-42.5569605059902,-85.2642551228949,True,155,8.704142100003082,0.00023301704848059193,464.92742763892625,5.26312272492031,2,-81.2642551228949,-80.9113139464243,-78.04241929760644,-71.84109775731596,10.522229374982986,-81.26491817262436,-67.08182585502337,1.9996684751352687,18.032095156957023,0.1503341109144948,-78.04361640667899,-73.53559261743973,-69.02756882820049,-60.011521249721966
ok,missing_neural_feedback,ude_sir_h2,sir,SIR,10,infected,0.015,37,2,-24.335585434253993,-48.83199398129079,True,156,8.453833699997631,0.00029784118081501544,581.8473120464363,5.276117777145852,2,-44.83199398129079,-44.479052804820206,-41.61015815600234,-31.07777664572385,13.757859431159275,-44.83265161446912,-30.62098998538116,1.9996711834108365,18.050180883126824,0.16082311278281095,-41.61134548571413,-37.09880026493243,-32.58625504415072,-23.561164602587308
ok,missing_neural_feedback,ude_sir_h2,sir,SIR,11,infected,0.015,37,2,-31.89596150710365,-63.97470333126864,True,157,5.837575500001549,0.0004429365805583181,722.4612889920695,5.168938736916845,2,-59.97470333126864,-59.621762154798056,-56.75286750598019,-48.906818608147375,11.536171348794818,-59.975335035859636,-45.675209277302066,1.9996841477045022,18.116713736905233,0.18278031706134354,-56.75400802269176,-52.22482958846545,-47.695651154239144,-38.637294285786524
ok,missing_neural_feedback,ude_sir_h2,sir,SIR,12,infected,0.015,37,2,-11.130339360925456,-22.438434004280083,True,156,12.123507799988147,0.00042966834510044406,673.2898628454599,5.442896686784269,2,-18.438434004280083,-18.085492827809496,-15.216598178991635,-4.6217598124526065,13.545244176004996,-18.439100519261782,-4.216001884770076,1.9996667425091512,18.044676837080836,0.17775528242917038,-15.217801544434863,-10.706632335164654,-6.195463125894445,2.8268752926459726
ok,missing_neural_feedback,ude_sir_h2,sir,SIR,13,infected,0.015,37,2,-13.552956800173831,-27.286924334692117,True,156,10.725941600001534,0.00046119968258026,950.0085336590736,5.520225937889297,2,-23.286924334692117,-22.93398315822153,-20.06508850940367,-4.524061330925903,17.65494012226765,-23.287597831978673,-9.072328642301294,1.9996632513567212,18.03358495804637,0.1810107343444548,-20.066304481111743,-15.55790824160015,-11.049512002088559,-2.0327195230653743
ok,missing_neural_feedback,ude_sir_h2,sir,SIR,14,infected,0.015,37,2,-35.69562516003693,-71.56252842173933,True,156,5.266569799990975,0.0003802249701987037,494.46091753139433,5.425843466466227,2,-67.56252842173933,-67.20958724526874,-64.34069259645088,-57.64603959819593,10.576140849095422,-67.56319707263808,-53.35513520786125,1.9996656745506254,18.036115112212613,0.1712781016654606,-64.34189981820468,-59.83287104015153,-55.323842262098374,-46.30578470599207
ok,missing_neural_feedback,ude_sir_h2,sir,SIR,15,infected,0.015,37,2,-39.54477943973886,-79.24310698469756,True,153,12.66453540000657,0.00025291197841530936,412.036542992828,5.279702488837371,2,-75.24310698469756,-74.89016580822697,-72.02127115940911,-65.63295180473065,10.443465890313249,-75.2437698661094,-61.05481410438677,1.9996685592940815,18.03474477509095,0.15354810521983453,-72.0224679645911,-67.51378177081837,-63.00509557704562,-53.98772318950015
ok,missing_neural_feedback,ude_sir_h2,sir,SIR,16,infected,0.015,37,2,-13.961184435469358,-28.111368013375824,True,156,6.2349654999998165,0.0005233804093822395,562.0022984035015,5.489537027155023,2,-24.111368013375824,-23.758426836905237,-20.889532188087376,-10.451702731273501,13.921854125036088,-24.112032969044687,-9.867114812877084,1.999667522165568,18.05525405806163,0.1889991424371073,-20.89073273825528,-16.376919223739872,-11.863105709224465,-2.835478680193649
ok,missing_neural_feedback,ude_sir_h2,sir,SIR,17,infected,0.015,37,2,-33.11861807514539,-66.39762366956134,True,157,3.972492799992324,0.0002890411698642759,641.0112108261492,5.193218380064724,2,-62.39762366956134,-62.044682493090754,-59.17578784427289,-49.09698841619341,13.409320266174682,-62.39827168905249,-48.16835460877874,1.999675990254425,18.068881541512038,0.16038751927055334,-59.17695781686706,-54.65973743148905,-50.14251704611104,-41.10807627535502
ok,missing_neural_feedback,ude_sir_h2,sir,SIR,18,infected,0.015,37,2,-36.76982280244956,-73.7182755159159,True,156,3.9047092999971937,0.00042608063667684575,390.0944000360868,5.322302378324729,2,-69.7182755159159,-69.36533433944531,-66.49643969062745,-56.209183758094085,13.437048778819813,-69.71892740695827,-55.46597644994492,1.9996740544788156,18.073669154954203,0.17862991101678677,-66.49761665314844,-61.979199364409894,-57.46078207567134,-48.42394749819424
ok,missing_neural_feedback,ude_sir_h2,sir,SIR,19,infected,0.015,37,2,-40.70628858821072,-81.59048413763048,True,154,7.9752937000012025,0.00042834468472344753,383.294208612588,5.412682409757487,2,-77.59048413763048,-77.23754296115989,-74.36864831234203,-68.29595483033752,10.142863675055558,-77.59114702083542,-63.36080575314181,1.9996685583975338,18.051771423279625,0.17790696120904087,-74.36984512076137,-69.85690226494147,-65.34395940912155,-56.31807369748174
ok,missing_neural_feedback,ude_sir_h2,tv_sir,TV-SIR,0,infected,0.015,37,4,-102.39040955178733,-205.5225934278813,True,168,36.96329689999402,3.400531902218199e-05,-63.590627368477946,4457.296776033734,4,-197.5225934278813,-196.2725934278813,-191.0789217773044,-196.12967899964258,4.530672158356211,-197.76709104331857,-177.09605593066948,3.8777511922813654,27.684763172905193,0.7417743243066502,-191.52035218689502,-184.59916139366874,-177.67797060044242,-163.83558901398982
ok,missing_neural_feedback,ude_sir_h2,tv_sir,TV-SIR,1,infected,0.015,37,4,-106.60770770132282,-213.49160560596627,True,167,18.37805389999994,1.5403573254881937e-05,-61.22200874287229,7584.6803840196935,4,-205.49160560596627,-204.24160560596627,-199.04793395538937,-206.17288525105715,3.114238557577068,-205.87735240248495,-186.1709241266105,3.807126601740661,27.04449127603517,0.2761902033206328,-199.7443839640366,-192.9832611450278,-186.222138326019,-172.69989268800143
ok,missing_neural_feedback,ude_sir_h2,tv_sir,TV-SIR,2,infected,0.015,37,4,-105.84311126097573,-212.24619397245564,True,167,18.354617999997572,6.171097260558281e-05,-57.185742727183595,11852.724118525926,4,-204.24619397245564,-202.99619397245564,-197.80252232187874,-202.666095689003,4.245565080689998,-204.79452697803333,-185.164172243097,3.725833497211158,26.522050278854476,0.5599714505041865,-198.792515057846,-192.16200248813237,-185.53148991841877,-172.27046477899154
ok,missing_neural_feedback,ude_sir_h2,tv_sir,TV-SIR,3,infected,0.015,37,4,-98.14834557067911,-196.54006194941147,True,167,12.684324700006982,2.7237596835507286e-05,-54.92725840380956,8873.654974899267,4,-188.54006194941147,-187.29006194941147,-182.09639029883456,-186.99310031524612,4.931415936492753,-188.98401927490974,-169.4780449023718,3.7780213372508595,26.818646238986418,0.24337080805324324,-182.89793702838026,-176.19327546863366,-169.48861390888703,-156.07929078939384
ok,missing_neural_feedback,ude_sir_h2,tv_sir,TV-SIR,4,infected,0.015,37,4,-99.09037260186898,-199.10225771019174,True,167,18.53678249999939,4.6188187341954e-05,-36.88298095534816,4135.046866280307,4,-191.10225771019174,-189.85225771019174,-184.65858605961483,-189.24642064387572,4.886208548607699,-191.32799758284904,-170.3271964532381,3.887130063671347,27.85354875049987,0.9215125064537686,-185.06615013450298,-178.10276294687802,-171.13937575925303,-157.2126013840031
ok,missing_neural_feedback,ude_sir_h2,tv_sir,TV-SIR,5,infected,0.015,37,4,-101.33829117205954,-203.11212376690062,True,168,18.53302600000461,0.00010084788828942469,-37.5474977481861,10685.330110919804,4,-195.11212376690062,-193.86212376690062,-188.66845211632372,-192.65289263257534,5.12854970980538,-195.61829080987104,-176.01291154989127,3.7469164785147937,26.663670794227812,0.43554142278154284,-189.58231593744975,-182.91639823889278,-176.25048054033584,-162.91864514322194
ok,missing_neural_feedback,ude_sir_h2,tv_sir,TV-SIR,6,infected,0.015,37,4,-105.3651307459262,-211.0778777451223,True,167,36.8158725000103,2.9185009105203895e-05,-62.07443172073277,7613.916332337717,4,-203.0778777451223,-201.8278777451223,-196.6342060945454,-201.95218703904519,3.8250099854915747,-203.4576948886807,-183.62571787649608,3.8100914282207974,27.1045436153563,0.3476162532699116,-197.3199503581476,-190.54381445430852,-183.76767855046944,-170.2154067427913
ok,missing_neural_feedback,ude_sir_h2,tv_sir,TV-SIR,7,infected,0.015,37,4,-100.18784287878464,-200.71584611206183,True,167,36.928341000006185,3.348470570824536e-05,-53.33104347032571,6779.85139676584,4,-192.71584611206183,-191.46584611206183,-186.27217446148492,-192.62302968348263,4.011177679955205,-193.0644807361401,-173.18473803410083,3.8256826879608603,27.190947723468433,0.34016035449255816,-186.90161996601105,-180.10388303514395,-173.30614610427685,-159.7106722425426
ok,missing_neural_feedback,ude_sir_h2,tv_sir,TV-SIR,8,infected,0.015,37,4,-99.09929047408839,-198.77994577235233,True,167,23.185976599997957,4.702222598808321e-05,-56.211549205212634,4729.083053680416,4,-190.77994577235233,-189.52994577235233,-184.33627412177543,-190.19725537829822,4.299969537919373,-191.03746535200446,-170.58799061443236,3.871240210173931,27.61059033374442,0.5813648241755559,-184.8012151532867,-177.8985675698506,-170.9959199864145,-157.19062481954228
ok,missing_neural_feedback,ude_sir_h2,tv_sir,TV-SIR,9,infected,0.015,37,4,-103.46444700904055,-207.21681210441346,True,167,13.874114199992619,9.361033490365179e-06,-55.40024172851928,6329.420866064341,4,-199.21681210441346,-197.96681210441346,-192.77314045383656,-198.85142600528258,3.8426005358190336,-199.55245912515034,-179.7171992797435,3.8321764896315575,27.211694738337588,0.2879180863323426,-193.3791373735888,-186.57621368900442,-179.77329000442,-166.1674426352512
ok,missing_neural_feedback,ude_sir_h2,tv_sir,TV-SIR,10,infected,0.015,37,4,-107.05720120912174,-214.40542622588947,True,168,18.334004000003915,1.3106301620809446e-05,-55.33670178180283,7468.427433544942,4,-206.40542622588947,-205.15542622588947,-199.96175457531257,-206.36518900190873,3.3273499706971874,-206.78653627886922,-187.0619583464182,3.8094449735101317,27.052444071825285,0.2910238076459982,-200.64983313380924,-193.8867221158529,-187.1236110978966,-173.59738906198396
ok,missing_neural_feedback,ude_sir_h2,tv_sir,TV-SIR,11,infected,0.015,37,4,-103.76328155110515,-208.35512554341747,True,167,19.483015099991462,9.131034900881893e-05,-33.7127505199514,3919.5413855813795,4,-200.35512554341747,-199.10512554341747,-193.91145389284057,-199.56451735262624,4.035973454807522,-200.57037013794877,-179.60292438814528,3.892377702734354,27.92363871406501,0.8285624412071771,-194.30006917383702,-187.31915949532078,-180.3382498168045,-166.376430459772
ok,missing_neural_feedback,ude_sir_h2,tv_sir,TV-SIR,12,infected,0.015,37,4,-100.97550930175326,-202.3309455272699,True,168,19.476486499988823,4.3471908635691744e-05,-57.02717151320546,5826.991792397131,4,-194.3309455272699,-193.0809455272699,-187.887273876693,-192.39613658030083,4.792603807535949,-194.63785489593167,-174.57227335047946,3.846545315669118,27.378745253027066,0.37992692376338577,-188.44138614512255,-181.59669983186578,-174.752013518609,-161.0626408920955
ok,missing_neural_feedback,ude_sir_h2,tv_sir,TV-SIR,13,infected,0.015,37,4,-105.48968330886751,-211.54121405840763,True,167,9.222250499995425,6.0826407596299896e-05,-47.78424260694803,4823.08401457001,4,-203.54121405840763,-202.29121405840763,-197.09754240783073,-203.10823809391576,3.754074821337806,-203.8019277724277,-183.37451792446439,3.8696431429899745,27.60484869327064,0.561847440672614,-197.56825031784425,-190.6670381445266,-183.76582597120893,-169.9634016245736
ok,missing_neural_feedback,ude_sir_h2,tv_sir,TV-SIR,14,infected,0.015,37,4,-109.4860095982913,-219.27003596632565,True,168,9.344060399991577,3.47520625552829e-05,-57.941041678396715,8988.361555838499,4,-211.27003596632565,-210.02003596632565,-204.82636431574875,-213.0038101112531,2.2694956824306867,-211.7152108421137,-192.14743783234772,3.777412562105977,26.824581364234888,0.29801676974304725,-205.63010928236986,-198.92396394131114,-192.21781860025243,-178.80552791813497
ok,missing_neural_feedback,ude_sir_h2,tv_sir,TV-SIR,15,infected,0.015,37,4,-110.87281084001623,-221.9998385575498,True,167,21.29898680000042,1.2262003832871348e-05,-64.35278775487535,7205.212357229173,4,-213.9998385575498,-212.7498385575498,-207.5561669069729,-216.12044478631506,1.9888763756683214,-214.37309445865623,-194.67875099795066,3.813372049446779,27.066870682081806,0.25421687751732347,-208.2300651166256,-201.46334744610516,-194.6966297755847,-181.1631944345438
ok,missing_neural_feedback,ude_sir_h2,tv_sir,TV-SIR,16,infected,0.015,37,4,-100.82586497708047,-202.10703707831607,True,167,7.089746199999354,6.8077342198462e-05,-44.4819583189828,10550.064571970355,4,-194.10703707831607,-192.85703707831607,-187.66336542773917,-192.33636229770798,4.9779399544327525,-194.60696190676626,-174.9748174400574,3.7500375857749026,26.676912514103556,0.4553071241551233,-188.56595918675237,-181.89673105822646,-175.2275029297006,-161.88904667264882
ok,missing_neural_feedback,ude_sir_h2,tv_sir,TV-SIR,17,infected,0.015,37,4,-108.54908800316052,-217.88638203500213,True,167,6.456926300001214,3.4285570062928673e-05,-22.19217890848251,4170.119650933777,4,-209.88638203500213,-208.63638203500213,-203.44271038442523,-209.0694341222196,3.668980385800605,-210.11728123784718,-189.32630373687817,3.8845503985774723,27.771872269442866,0.7882060286810826,-203.85958941820948,-196.91662135084877,-189.97365328348803,-176.08771714876661
ok,missing_neural_feedback,ude_sir_h2,tv_sir,TV-SIR,18,infected,0.015,37,4,-100.10385291666815,-200.46405066434016,True,167,6.446037900008378,5.568234631882638e-05,-53.46595500106518,8584.299067064925,4,-192.46405066434016,-191.21405066434016,-186.02037901376326,-190.65409295880445,4.961522058122769,-192.89145851837674,-173.29605175591337,3.7862960729817114,26.91165407742291,0.25634483100386873,-186.792046351836,-180.06413283248028,-173.33621931312456,-159.8803922744131
ok,missing_neural_feedback,ude_sir_h2,tv_sir,TV-SIR,19,infected,0.015,37,4,-109.05254556636433,-218.40593507364116,True,167,6.264852599997539,5.20892392061722e-05,-47.56672015897236,9251.701808149555,4,-210.40593507364116,-209.15593507364116,-203.96226342306426,-209.98003122301125,3.0661825444430475,-210.86092942855626,-191.3006117527624,3.7725028225424495,26.804479379966267,0.3008439409125084,-204.78373705622172,-198.08261721123017,-191.3814973662386,-177.97925767625546
ok,missing_neural_feedback,ude_sir_h2,ude_sir_h2,UDE-SIR(2),0,infected,0.015,37,11,-103.06446834117011,-210.93962006921424,True,167,29.100286500004586,0.0001623489844532495,-65.09730154375038,1032253734654328.2,10,-188.93962006921424,-178.37962006921424,-171.2195230301278,42002.02581861362,21081.180794298445,-202.86397334367496,-178.51757440538353,4.037823362769648,27.611362276956708,4.8106833868740075,-196.35937136049597,-189.4565307912568,-182.55369022201762,-168.74800908353927
ok,missing_neural_feedback,ude_sir_h2,ude_sir_h2,UDE-SIR(2),1,infected,0.015,37,11,-104.56418715740685,-212.92034668599052,True,170,29.703324700007215,0.0001151108519188864,-54.42020408467346,795300038696953.8,10,-190.92034668599052,-180.36034668599052,-173.20024964690407,17060.790811120412,8610.989675963821,-205.15409989805508,-182.77639661430936,3.8831233939677205,26.351977700504328,3.7919723711768323,-198.89870686570464,-192.31071244057856,-185.72271801545247,-172.5467291652003
ok,missing_neural_feedback,ude_sir_h2,ude_sir_h2,UDE-SIR(2),2,infected,0.015,37,11,-103.70703605531413,-211.80463738590814,True,168,27.774902099990868,7.62222257840785e-05,-59.82108445204866,906081680422921.9,10,-189.80463738590814,-179.24463738590813,-172.08454034682165,21328.528728462818,10744.322350343042,-204.13358464086187,-181.33574933747317,3.8355263725231303,26.0783227731551,4.3905652752798705,-197.95486650294504,-191.43528580965625,-184.9157051163675,-171.87654372978994
ok,missing_neural_feedback,ude_sir_h2,ude_sir_h2,UDE-SIR(2),3,infected,0.015,37,11,-97.5249645701551,-198.21864612601235,True,167,13.887960899999598,7.715537678708548e-05,-45.77135907215616,700548636660862.6,10,-176.21864612601235,-165.65864612601234,-158.4985490869259,19988.73461793024,10072.0855573873,-190.5417606749653,-169.080638639896,3.8384427255235196,25.969290500414207,3.1687169857021384,-184.35834453176057,-177.866021906657,-171.37369928155346,-158.38905403134635
ok,missing_neural_feedback,ude_sir_h2,ude_sir_h2,UDE-SIR(2),4,infected,0.015,37,11,-97.98368299591208,-200.21897709717365,True,167,29.10819359999732,0.0001289058429804376,-35.78219944117285,1083155349916000.1,10,-178.21897709717365,-167.65897709717365,-160.4988800580872,22031.298129179755,11087.742370944274,-192.3387810643068,-168.47291747735056,3.9400980164334256,27.494448514473586,4.251611105349495,-185.9916065920602,-179.11799446344182,-172.24438233482343,-158.49715807758662
ok,missing_neural_feedback,ude_sir_h2,ude_sir_h2,UDE-SIR(2),5,infected,0.015,37,11,-100.64841014928245,-204.80765973411997,True,167,58.21485910000047,4.3795021184568e-05,-49.07430640969845,846927757512870.8,9,-182.80765973411997,-172.24765973411996,-165.0875626950335,19460.611547803775,9809.794110133174,-197.09849079289216,-175.0403293972898,3.854584470613901,26.256490901275104,3.5108394355550576,-190.88907162337998,-184.3249488980612,-177.7608261727424,-164.63258072210488
ok,missing_neural_feedback,ude_sir_h2,ude_sir_h2,UDE-SIR(2),6,infected,0.015,37,11,-104.7683634897377,-213.53729446581295,True,167,29.20483360000071,0.0001501660675953069,-61.9509275991074,1173835282064478.2,10,-191.53729446581295,-180.97729446581295,-173.81719742672647,27376.7493161034,13766.434547462828,-205.70026513464245,-182.58128566300962,3.918514665585249,26.955441316465766,4.000567486337554,-199.38785966889208,-192.64899933977563,-185.91013901065918,-172.4324183524263
ok,missing_neural_feedback,ude_sir_h2,ude_sir_h2,UDE-SIR(2),7,infected,0.015,37,11,-98.21656976216615,-200.16916146871557,True,167,29.275674800010165,0.00015451421609989608,-17.867751510113365,1125582857877154.6,9,-178.16916146871557,-167.60916146871557,-160.44906442962912,39649.88824746885,19900.016249377906,-192.3475020428793,-169.47338723141843,3.9108297129181295,26.959752292913876,3.7360219443832943,-186.04747640503822,-179.30753833180975,-172.56760025858128,-159.08772411212436
ok,missing_neural_feedback,ude_sir_h2,ude_sir_h2,UDE-SIR(2),8,infected,0.015,37,11,-97.68256009922275,-199.1396597106301,True,167,22.355386800001725,0.00016548842191797534,-51.9896122687039,1215941226095573.8,9,-177.1396597106301,-166.5796597106301,-159.41956267154364,21867.60678269512,11000.56621771595,-191.34541201056092,-168.25296794992545,3.8971238500345846,27.112152248520058,3.7745395121845875,-185.06746539274718,-178.28942733061717,-171.51138926848716,-157.95531314422712
ok,missing_neural_feedback,ude_sir_h2,ude_sir_h2,UDE-SIR(2),9,infected,0.015,37,11,-103.11789384300462,-209.4039404436345,True,167,11.879539400004433,0.00012203637141095876,-37.80628305137213,810729825298286.1,9,-187.4039404436345,-176.8439404436345,-169.68384340454804,21831.712351481554,10991.140413548752,-201.83682133181085,-180.04516437057632,3.78355955591182,26.190623315432926,3.1681527576252444,-195.7418174696363,-189.19416164077805,-182.64650581191984,-169.55119415420336
ok,missing_neural_feedback,ude_sir_h2,ude_sir_h2,UDE-SIR(2),10,infected,0.015,37,11,-105.99054344029052,-215.79366174822627,True,167,15.58997719999752,0.00013496450977468577,-54.11821329329088,810589834913381.1,10,-193.79366174822627,-183.23366174822627,-176.07356470913982,17852.679471248575,9003.200256316155,-207.95059397107082,-185.29271785297954,3.921533888577721,26.688369027601503,3.8125748676452225,-201.6333247849196,-194.96123252801922,-188.28914027111887,-174.9449557573181
ok,missing_neural_feedback,ude_sir_h2,ude_sir_h2,UDE-SIR(2),11,infected,0.015,37,11,-102.09558824224611,-208.08176332781125,True,168,16.21545759998844,6.493962960941519e-05,-5.511896376622346,991390513461158.9,9,-186.08176332781125,-175.52176332781124,-168.3616662887248,38296.15237336764,19221.245941621688,-200.7534632248455,-177.4898252681142,3.6641500514828804,26.701351216378015,3.8905868433190345,-194.85081827229544,-188.17548046820093,-181.50014266410642,-168.14946705591743
ok,missing_neural_feedback,ude_sir_h2,ude_sir_h2,UDE-SIR(2),12,infected,0.015,37,11,-100.70261528586786,-205.02583128969022,True,167,14.589153599998099,0.0001206283457620623,-59.472516456595784,1048361081137254.9,9,-183.02583128969022,-172.46583128969021,-165.30573425060373,29180.563752516315,14667.629472168912,-197.21209245317937,-174.56577066030923,3.9068694182554244,26.839459911426495,3.620600717954484,-190.9184465249498,-184.20858154709316,-177.49871656923654,-164.07898661352328
ok,missing_neural_feedback,ude_sir_h2,ude_sir_h2,UDE-SIR(2),13,infected,0.015,37,11,-105.14661827819694,-214.40216910472884,True,169,29.293952100008028,0.00015064065031964233,-49.25179182613894,1290294325013140.0,9,-192.40216910472884,-181.84216910472884,-174.6820720656424,24390.194426731403,12270.784288962317,-206.61083906320553,-182.93935829016897,3.8956650207616583,27.353878266224903,4.10893254833495,-200.33524249959905,-193.49677293304282,-186.6583033664866,-172.98136423337414
ok,missing_neural_feedback,ude_sir_h2,ude_sir_h2,UDE-SIR(2),14,infected,0.015,37,11,-108.95797201402132,-221.35824925913582,True,168,16.47482350000064,9.86316626906773e-05,-66.44669463506838,870652253354702.1,9,-199.35824925913582,-188.79824925913582,-181.63815222004934,27002.97690617122,13573.803291783117,-213.62597922150076,-191.651380722254,3.8661350188175243,26.264563305788652,3.4423052310931705,-207.3979530669865,-200.83181224053934,-194.26567141409217,-181.13338976119786
ok,missing_neural_feedback,ude_sir_h2,ude_sir_h2,UDE-SIR(2),15,infected,0.015,37,11,-109.85895207527959,-223.10780411008162,True,167,30.700691999998526,0.0001458065148210058,-63.38647569380814,866153677258223.2,9,-201.10780411008162,-190.54780411008161,-183.38770707099513,18821.85502854681,9495.342095215374,-215.40858405285883,-193.51810344811662,3.8496100286113943,26.199800702442555,3.3898999595224346,-209.2071783010739,-202.65722812546326,-196.10727794985263,-183.00737759863134
ok,missing_neural_feedback,ude_sir_h2,ude_sir_h2,UDE-SIR(2),16,infected,0.015,37,11,-100.82620855854688,-205.88662337232802,True,167,10.293859299999895,7.940685351858136e-05,-58.405179428544315,949601098924431.2,10,-183.88662337232802,-173.32662337232802,-166.16652633324156,30791.318454781536,15477.921056669464,-198.1808435629285,-175.36338212582982,3.8528899046997678,26.289034991263936,4.234206255234269,-191.97415420000152,-185.40189545218553,-178.82963670436956,-165.68511920873758
ok,missing_neural_feedback,ude_sir_h2,ude_sir_h2,UDE-SIR(2),17,infected,0.015,37,11,-106.62347164277875,-217.32855937220265,True,167,10.260662300002878,0.00010761206936194483,0.030745388262658935,913819773888642.4,9,-195.32855937220265,-184.76855937220265,-177.60846233311617,42757.63655225978,21454.847060351494,-209.82527654529198,-186.60631339630908,3.7516414134553298,26.640629889248434,4.081616086645155,-203.7816901905389,-197.1215327182268,-190.4613752459147,-177.14106030129048
ok,missing_neural_feedback,ude_sir_h2,ude_sir_h2,UDE-SIR(2),18,infected,0.015,37,11,-100.14480587464705,-203.44001442729564,True,167,10.677617700013798,6.231673671330484e-05,-53.5097756612519,823028214107143.1,9,-181.44001442729564,-170.88001442729563,-163.71991738820918,29502.013915694064,14829.810276254484,-195.73588836772592,-174.09920896518176,3.852063029784861,26.19040278411233,3.1504026780015417,-189.5305310324109,-182.98293033638282,-176.43532964035472,-163.34012824829856
ok,missing_neural_feedback,ude_sir_h2,ude_sir_h2,UDE-SIR(2),19,infected,0.015,37,11,-108.46850570476049,-220.48357575829752,True,168,10.090828499989584,6.160046398862268e-05,-61.61649905214446,775441476616514.1,10,-198.48357575829752,-187.92357575829752,-180.76347871921104,32723.674217464384,16442.144129646254,-212.6860207516088,-190.72030685374244,3.8987775033443652,26.21670455577853,3.5465643487765295,-206.40541023405703,-199.8512340951124,-193.29705795616778,-180.1887056782785
ok,missing_time_varying_transmission,tv_sir,neural_ode_h2,NeuralODE(2),0,infected,0.015,37,14,-79.6613214808944,-213.31477944298987,True,168,33.06918650001171,8.90976085461388e-07,-14.217313302331448,176384060408.11374,14,-185.31477944298987,-166.22387035208078,-162.76192866597074,17350.61738676238,8764.775811526197,-203.3299774512275,-133.26205214347158,4.992400995881188,26.060590818317213,53.99213648120107,-195.2876292598596,-188.7724815552803,-182.257333850701,-169.2270384415424
ok,missing_time_varying_transmission,tv_sir,neural_ode_h2,NeuralODE(2),1,infected,0.015,37,14,-72.30153971653542,-199.40282308218605,True,168,25.312116200002492,1.3696155116501702e-06,-19.905345061563338,267133230986468.94,13,-171.40282308218605,-152.31191399127695,-148.84997230516692,18837.698305110524,9500.206339119455,-189.93676400086107,-119.65010657677273,4.733029540662484,24.952972856298103,54.799743649115214,-182.31224193273363,-176.0739987186591,-169.83575550458457,-157.3592690764355
ok,missing_time_varying_transmission,tv_sir,neural_ode_h2,NeuralODE(2),2,infected,0.015,37,14,-80.1873862184506,-211.9711192931199,True,167,35.42475170000398,2.4743442817738995e-06,16.28625881375544,3426925006873.2437,14,-183.9711192931199,-164.8802102022108,-161.41826851610077,40608.124661359856,20391.1012448139,-201.91182401063932,-133.68227454570763,5.029647641240288,26.692497891193582,51.59634685621869,-193.80947453107657,-187.13635005827817,-180.4632255854798,-167.11697663988298
ok,missing_time_varying_transmission,tv_sir,neural_ode_h2,NeuralODE(2),3,infected,0.015,37,14,-68.89473994684985,-187.76628859465376,True,168,8.779611299993121,7.302620752024603e-07,-2.185655198264783,29594118259113.434,14,-159.76628859465376,-140.67537950374467,-137.21343781763463,19484.066728968624,9823.392347193696,-177.79563537877758,-112.11450787277657,4.985326607938093,25.674972020923132,49.97680870095407,-169.76468344566823,-163.34594044043743,-156.92719743520666,-144.0897114247451
ok,missing_time_varying_transmission,tv_sir,neural_ode_h2,NeuralODE(2),4,infected,0.015,37,14,-70.75225759907936,-195.78571601576616,True,168,50.8253587000072,1.2900139487340556e-06,14.314496890437482,226772336786.42978,14,-167.78571601576616,-148.69480692485706,-145.23286523874702,30567.33742935738,15362.17670505942,-185.5958887942583,-114.75793691799127,5.094913610753934,26.74657828016744,54.281200817607434,-177.38840119531991,-170.70175662527805,-164.0151120552362,-150.6418229151525
ok,missing_time_varying_transmission,tv_sir,neural_ode_h2,NeuralODE(2),5,infected,0.015,37,14,-66.84184226563089,-203.84783236087713,True,168,50.37956870000926,1.7679558285941207e-05,60.929297642426036,110145436530341.38,13,-175.84783236087713,-156.75692326996804,-153.294981583858,6253.675774945252,3216.4030841424446,-194.3349869388112,-109.10130544134492,4.756422711032974,24.58237908991686,70.16414782961536,-186.67278039350037,-180.52718562102115,-174.38159084854195,-162.09040130358352
ok,missing_time_varying_transmission,tv_sir,neural_ode_h2,NeuralODE(2),6,infected,0.015,37,14,-74.35381107007538,-206.28097624141824,True,169,25.429459499995573,6.5493733729455165e-06,17.458343660888175,10275110202336.688,14,-178.28097624141824,-159.19006715050915,-155.7281254643991,17852.142388841592,9011.625380006555,-196.47892455638396,-123.66603911907383,4.9010258425171385,25.041583021076935,57.57335410126747,-188.58377423634084,-182.32337848107161,-176.06298272580239,-163.5421912152639
ok,missing_time_varying_transmission,tv_sir,neural_ode_h2,NeuralODE(2),7,infected,0.015,37,14,-67.46313565137653,-191.28013531865622,True,167,50.75291579999612,3.5267450083910495e-06,-0.03326393825173568,18926138088324.12,14,-163.28013531865622,-144.18922622774713,-140.7272845416371,10985.590075247286,5573.961145520887,-181.48805683107923,-108.85799705568795,4.896039243788493,26.06827424706512,56.353864015903156,-173.60093951225127,-167.083870950485,-160.5668023887187,-147.53266526518615
ok,missing_time_varying_transmission,tv_sir,neural_ode_h2,NeuralODE(2),8,infected,0.015,37,14,-73.67273936261182,-194.08988046325712,True,168,24.941084300007788,1.8717144848246654e-06,15.446724156969026,2992818771835.963,14,-166.08988046325712,-146.99897137234802,-143.537029686238,13462.330250634637,6813.221359871867,-184.0556212783698,-121.45315379592753,5.017129592443656,25.8923249292961,46.74440173803346,-175.9734373478449,-169.50035611552087,-163.02727488319687,-150.0811124185488
ok,missing_time_varying_transmission,tv_sir,neural_ode_h2,NeuralODE(2),9,infected,0.015,37,14,-76.20590537829423,-205.78198477250078,True,169,44.44616419999511,1.7711358682647637e-07,-56.07268587290679,10527509499912.408,14,-177.78198477250078,-158.69107568159168,-155.22913399548165,6270.80101131729,3224.2545198155412,-195.6733461219393,-126.59625145551291,5.054319325280746,25.81555930107556,53.370174015912326,-187.53125258462066,-181.07736275935176,-174.62347293408288,-161.7156932835451
ok,missing_time_varying_transmission,tv_sir,neural_ode_h2,NeuralODE(2),10,infected,0.015,37,14,-73.903934926637,-209.25272135038875,True,168,50.50553460000083,4.380271815399264e-06,-39.40361113651888,121297846565963.86,13,-181.25272135038875,-162.16181225947966,-158.69987057336962,62527.46456245141,31347.851020694947,-199.45199826407662,-122.91477035779624,4.900361543156072,24.893099495477777,61.44485149711475,-191.5579180757736,-185.33464320190416,-179.11136832803473,-166.66481858029584
ok,missing_time_varying_transmission,tv_sir,neural_ode_h2,NeuralODE(2),11,infected,0.015,37,14,-78.65575075623227,-205.49556651685376,True,167,17.70085839999956,1.5232462736124913e-05,13.456980662826112,27137361885864.246,14,-177.49556651685376,-158.40465742594466,-154.94271573983463,15093.793662350346,7631.559862348886,-195.45838593024757,-130.95087074125846,5.018590293303093,26.360630771206072,48.18406500438924,-187.37384893054318,-180.78369123774166,-174.19353354494015,-161.0132181593371
ok,missing_time_varying_transmission,tv_sir,neural_ode_h2,NeuralODE(2),12,infected,0.015,37,14,-81.06694611637653,-208.7217140805715,True,167,50.95714689999295,6.588073866738701e-07,9.686475893447849,3284518001034.0728,14,-180.7217140805715,-161.6308049896624,-158.16886330355237,12357.226232829598,6265.40232206722,-198.58467683243,-135.61924561354206,5.068518624070744,26.514646619210993,46.58782184781843,-190.4197093903436,-183.79104773554084,-177.1623860807381,-163.9050627711326
ok,missing_time_varying_transmission,tv_sir,neural_ode_h2,NeuralODE(2),13,infected,0.015,37,14,-78.33229158750706,-208.1710839923386,True,169,25.340372599996044,1.1379876456014509e-05,-30.872144034825077,400779699235.6041,14,-180.1710839923386,-161.0801749014295,-157.61823321531946,39477.79813994363,19827.36917576423,-198.1492110909459,-130.8660901270333,5.010936450696351,25.798493047980823,51.50650081732448,-190.07700380339728,-183.62738054140206,-177.17775727940688,-164.27851075541645
ok,missing_time_varying_transmission,tv_sir,neural_ode_h2,NeuralODE(2),14,infected,0.015,37,14,-80.07581689318042,-213.59416882586936,True,167,42.51779009999882,3.0547317471476017e-06,6.687473612012369,31051965573618.105,14,-185.59416882586936,-166.50325973496027,-163.04131804885023,13030.604059993642,6602.517722438943,-203.66951198236944,-134.70367236342508,4.962328421749964,25.44796142293576,53.44253503950851,-195.67560823934886,-189.3136178836149,-182.951627527881,-170.2276468164131
ok,missing_time_varying_transmission,tv_sir,neural_ode_h2,NeuralODE(2),15,infected,0.015,37,14,-80.86486752832343,-221.10270887045678,True,170,28.73729089999688,3.415682622182076e-07,-58.32022983566665,170988910344.58054,14,-193.10270887045678,-174.0117997795477,-170.54985809343765,9364.025669016997,4773.89500383124,-211.24536143422964,-135.88934563866553,4.92867371811357,25.840389417981314,59.37297381380991,-203.30567265614167,-196.84557530164633,-190.385477947151,-177.46528323816034
ok,missing_time_varying_transmission,tv_sir,neural_ode_h2,NeuralODE(2),16,infected,0.015,37,14,-70.86578606521604,-205.04467023781666,True,169,39.36517230000754,2.0843609188504027e-05,20.861579075840794,5686732789814.85,14,-177.04467023781666,-157.95376114690757,-154.49181946079753,5632.159588874121,2906.696637945177,-195.37745577179783,-116.22130351288412,4.833607233009415,25.510268617547965,63.31309810738456,-187.59091129745627,-181.2133441430693,-174.83577698868228,-162.0806426799083
ok,missing_time_varying_transmission,tv_sir,neural_ode_h2,NeuralODE(2),17,infected,0.015,37,14,-78.87796554891722,-210.5178528296199,True,168,37.34045420000621,4.1662680405990587e-07,-0.038676251709773624,503118751947.1648,14,-182.5178528296199,-163.4269437387108,-159.96500205260077,5953.543310748895,3064.872099520562,-200.49858082884325,-131.53449316882,5.00963600038833,26.221437929014424,52.761921731785456,-192.4284684599903,-185.8731089777367,-179.3177494954831,-166.20703053097589
ok,missing_time_varying_transmission,tv_sir,neural_ode_h2,NeuralODE(2),18,infected,0.015,37,14,-74.29958834243101,-202.7147746038111,True,167,18.812842900006217,4.835757030616994e-06,39.68203002682509,1019473661345.364,14,-174.7147746038111,-155.623865512902,-152.16192382679196,33269.84569786362,16719.684546360215,-192.7256940000157,-122.64307259513015,4.994540301897697,25.956104089731873,54.115597918949064,-184.6798995622652,-178.19087353983224,-171.70184751739927,-158.72379547253334
ok,missing_time_varying_transmission,tv_sir,neural_ode_h2,NeuralODE(2),19,infected,0.015,37,14,-80.82946945252803,-216.08271885911242,True,167,23.25125420000404,3.8734994503629474e-06,32.384840919836776,33082544401496.1,14,-188.08271885911242,-168.99180976820332,-165.5298680820933,6389.554634443539,3283.011444288397,-206.24291829668664,-136.42650210067194,4.919900281212886,25.23243680438413,54.42377995405637,-198.31736280525746,-192.00925360416142,-185.7011444030654,-173.08492600087334
ok,missing_time_varying_transmission,tv_sir,seir,SEIR,0,infected,0.015,37,3,-97.89377818286034,-196.50128446996783,True,161,4.99851010000566,3.745595904325056e-06,-60.8033317104461,5160.0453170393475,3,-190.50128446996783,-189.7740117426951,-185.66853073203515,1735.6901489574643,960.1109660048448,-191.25461408354644,-177.2481648430893,2.6233351932106985,18.539391522631387,0.7137281042471517,-187.02863642993333,-182.39378854927548,-177.75894066861764,-168.48924490730195
ok,missing_time_varying_transmission,tv_sir,seir,SEIR,1,infected,0.015,37,3,-76.11649453419366,-152.93436146141107,True,159,14.370321199996397,2.2316484037789407e-06,-55.041250861403775,5230.091828962432,3,-146.93436146141107,-146.20708873413835,-142.1016077234784,769.514682262644,458.043954505005,-147.6898914174501,-133.67811622511007,2.622235021980484,18.55487284327726,0.7013723930237389,-143.46568604937872,-138.8269678385594,-134.18824962774008,-124.91081320610147
ok,missing_time_varying_transmission,tv_sir,seir,SEIR,2,infected,0.015,37,3,-76.39418047815941,-153.4591383689073,True,163,14.74583359999815,2.323360054049031e-06,-59.74335731455626,5345.108625365941,3,-147.4591383689073,-146.73186564163458,-142.62638463097463,4032.2033189068743,2091.3441919627408,-148.2258618063451,-134.2731964686147,2.616638281281099,18.515164487704112,0.6707774125884837,-144.0106723281188,-139.38188120619276,-134.75309008426674,-125.49550784041469
ok,missing_time_varying_transmission,tv_sir,seir,SEIR,3,infected,0.015,37,3,-73.11640517460559,-146.95030449057336,True,162,16.130009300002712,3.843409992952601e-06,-53.535544520637586,5565.513198867178,3,-140.95030449057336,-140.22303176330064,-136.11755075264068,2340.2648315189854,1240.1090800751904,-141.73556244344908,-127.72360680598774,2.6073710235621386,18.50920354322343,0.7174941413621704,-137.53530175668334,-132.9080008708775,-128.28069998507164,-119.0260982134599
ok,missing_time_varying_transmission,tv_sir,seir,SEIR,4,infected,0.015,37,3,-86.87759396960756,-174.47023545949827,True,165,5.571695699996781,3.658323012816957e-07,-41.36945409533562,5035.878114454653,3,-168.47023545949827,-167.74296273222555,-163.6374817215656,1094.801499355722,627.1654136106686,-169.2009230963576,-155.111129718487,2.634656181570334,18.644058220728112,0.7150475202831409,-164.95670825980713,-160.2956937046251,-155.63467914944306,-146.31265003907902
ok,missing_time_varying_transmission,tv_sir,seir,SEIR,5,infected,0.015,37,3,-82.12710658227576,-164.94592532647744,True,164,29.185502199994517,1.9765612040892867e-06,-55.86599564230918,4082.135961371009,3,-158.94592532647744,-158.21865259920472,-154.11317158854476,87.21670966243514,125.61697542604202,-159.59486270070292,-145.5701429305868,2.675531312887253,18.684070233964725,0.6917121619259116,-155.28480138293233,-150.61378382444116,-145.94276626594996,-136.6007311489676
ok,missing_time_varying_transmission,tv_sir,seir,SEIR,6,infected,0.015,37,3,-90.46973129608593,-181.61628776575446,True,161,28.775537099994835,7.793071972989638e-07,-57.07268128312088,4712.592247979494,3,-175.61628776575446,-174.88901503848174,-170.7835340278218,1757.4571621902903,963.5367642772829,-176.32233051548934,-162.31062802062226,2.6469786251325633,18.62883457154959,0.676825173582626,-172.0582652338769,-167.40105659098953,-162.74384794810211,-153.42943066232732
ok,missing_time_varying_transmission,tv_sir,seir,SEIR,7,infected,0.015,37,3,-77.50780294215164,-155.6940716124363,True,161,28.99501319999399,2.906193171937403e-06,-56.57533315958157,5146.2561440202135,3,-149.6940716124363,-148.96679888516357,-144.8613178745036,2886.9990563925176,1519.8280399231644,-150.44579181198895,-136.4894883890109,2.6241399002236614,18.526117495292382,0.6784657281330171,-146.21851784143425,-141.58698846761115,-136.95545909378805,-127.69240034614187
ok,missing_time_varying_transmission,tv_sir,seir,SEIR,8,infected,0.015,37,3,-86.8821901164143,-174.4624720054416,True,160,14.63413920000312,4.034665269909511e-06,-55.97393820535005,5485.550745489583,3,-168.4624720054416,-167.7351992781689,-163.62971826750893,1775.0272446120325,970.3518159553021,-169.24338127502708,-155.27078977375666,2.609545365207263,18.493590459071918,0.6980917726130264,-165.03961790235698,-160.416220287589,-155.79282267282102,-146.54602744328506
ok,missing_time_varying_transmission,tv_sir,seir,SEIR,9,infected,0.015,37,3,-73.98939814971271,-148.71057634012408,True,160,12.230517799995141,4.449778785954138e-06,-51.63939848088165,5558.523353671428,3,-142.71057634012408,-141.98330361285136,-137.8778226021914,5375.992611126364,2758.808388285588,-143.49625555084296,-129.46911967423762,2.607160394640557,18.509676625187808,0.7317800406986646,-139.2963341699799,-134.66891501368295,-130.041495857386,-120.78665754479209
ok,missing_time_varying_transmission,tv_sir,seir,SEIR,10,infected,0.015,37,3,-84.91529306349611,-170.53152792584632,True,162,29.113836199991056,2.9760806113481837e-06,-50.09665530305994,5420.909648400671,3,-164.53152792584632,-163.8042551985736,-159.69877418791364,1333.080484489755,744.0644872319824,-165.30461759582602,-151.3087692280456,2.613455165010152,18.521816898946604,0.7009417988540897,-161.0945558566186,-156.46410163188196,-151.8336474071453,-142.572738957672
ok,missing_time_varying_transmission,tv_sir,seir,SEIR,11,infected,0.015,37,3,-83.78183873582093,-168.27583977222787,True,161,29.062006799998926,7.364063103491044e-07,-61.001495863259684,5626.0859053767235,3,-162.27583977222787,-161.54856704495515,-157.4430860342952,736.6180129471086,447.71885392822344,-163.0547296616392,-148.98387585404498,2.610555055294342,18.579801617596882,0.7121623005860173,-158.8493397611216,-154.20438935672237,-149.55943895232315,-140.26953814352473
ok,missing_time_varying_transmission,tv_sir,seir,SEIR,12,infected,0.015,37,3,-92.78808884124325,-186.26593259062315,True,162,13.23335219999717,2.9697307277389883e-06,-59.309035966078504,5589.840167433472,3,-180.26593259062315,-179.53865986335043,-175.43317885269047,2860.3779336000207,1516.509423968348,-181.0498764837688,-167.06714558651527,2.6080280534271774,18.50903209597122,0.6897549081366611,-176.8485573758243,-172.2212993518315,-167.59404132783868,-158.3395252798531
ok,missing_time_varying_transmission,tv_sir,seir,SEIR,13,infected,0.015,37,3,-86.18456811267683,-173.07042374738253,True,165,28.50854619999882,3.843970334325849e-06,-63.55033719034161,4398.164743611725,3,-167.07042374738253,-166.34315102010981,-162.23767000944986,3672.6628490706116,1920.5514162426816,-167.75549769140076,-153.76007123299544,2.6574630279908855,18.60906499235822,0.7012875220288859,-163.4745428974205,-158.82227664933095,-154.17001040124137,-144.86547790506228
ok,missing_time_varying_transmission,tv_sir,seir,SEIR,14,infected,0.015,37,3,-90.92209539588158,-182.54540126504855,True,162,14.69574750000902,3.66161314098774e-06,-64.4849071270101,5260.729586139607,3,-176.54540126504855,-175.81812853777583,-171.71264752711588,1428.8103632335974,801.9837112897277,-177.30748456065544,-163.32308333333668,2.6189583521965516,18.521107458426485,0.7012104732853942,-173.08855763863284,-168.4582807740262,-163.82800390941958,-154.56745018020635
ok,missing_time_varying_transmission,tv_sir,seir,SEIR,15,infected,0.015,37,3,-84.27802186940939,-169.27046015451347,True,159,7.893187599998782,3.881379649029828e-06,-60.542690507774324,5581.224877941339,3,-163.27046015451347,-162.54318742724075,-158.4377064165808,1063.5046883375212,609.1412542564001,-164.05689395977555,-150.05034960481473,2.606783097368956,18.50569413400405,0.7144164156947116,-159.8575803738457,-155.23115684034468,-150.60473330684368,-141.35188623984166
ok,missing_time_varying_transmission,tv_sir,seir,SEIR,16,infected,0.015,37,3,-88.5784690926484,-177.83024937682274,True,159,11.412550999986706,2.141019409666619e-06,-62.78980276017143,5572.081925431331,3,-171.83024937682274,-171.10297664955002,-166.99749563889006,1488.3175516286326,829.890799904689,-172.61321712539035,-158.6495465402043,2.6085161257161857,18.50739164509251,0.6733111915259189,-168.41111177305285,-163.78426386177972,-159.1574159505066,-149.90372012796036
ok,missing_time_varying_transmission,tv_sir,seir,SEIR,17,infected,0.015,37,3,-90.58832374081352,-181.8988137404146,True,160,14.392256799997995,2.6384007207248604e-06,-51.651278883925045,5406.881681964468,3,-175.8988137404146,-175.17154101314188,-171.06606000248192,1807.0349935233567,987.2070399588484,-176.66896669388294,-162.6293735517463,2.614923523265826,18.547273929880724,0.7221662587875425,-172.4565395500593,-167.81972106758911,-163.18290258511894,-153.90926562017856
ok,missing_time_varying_transmission,tv_sir,seir,SEIR,18,infected,0.015,37,3,-79.43137145536083,-159.5706791475474,True,159,26.177538899995852,2.1386520795071066e-06,-55.347449292474664,5345.393985892759,3,-153.5706791475474,-152.84340642027468,-148.73792540961472,2676.6218408630534,1417.9406636531132,-154.3350259572837,-140.31027847101558,2.6178265951318505,18.552464439706092,0.7079362368257376,-150.11792220298935,-145.47980609306282,-140.8416899831363,-131.56545776328326
ok,missing_time_varying_transmission,tv_sir,seir,SEIR,19,infected,0.015,37,3,-85.14665370909324,-170.99435744493087,True,161,9.92763429999468,2.883993471204739e-06,-68.90286252020263,5315.67797487698,3,-164.99435744493087,-164.26708471765815,-160.1616037069982,2192.1722164090856,1179.1544331407758,-165.75883358342435,-151.76097598258008,2.617761930753259,18.532331435606416,0.7010500267443762,-161.5418339981358,-156.90875113923417,-152.27566828033258,-143.00950256252938
ok,missing_time_varying_transmission,tv_sir,sir,SIR,0,infected,0.015,37,2,-62.346946231559485,-124.72443429686491,True,154,7.563720499994815,1.9603423349769634e-05,-27.973921919678965,2.7503588883401138,2,-120.72443429686491,-120.37149312039432,-117.50259847157646,-106.78662672025581,13.003624251578504,-120.72490970171188,-106.37299059355803,1.99976229757652,18.32090186956094,0.030541833745949744,-117.50345679551529,-112.92323132812506,-108.34300586073482,-99.18255492595435
ok,missing_time_varying_transmission,tv_sir,sir,SIR,1,infected,0.015,37,2,-23.280444445727852,-46.592803369755984,True,156,14.00019419999444,2.5705939070920463e-05,-15.46214117006538,2.7502398715504763,2,-42.592803369755984,-42.2398621932854,-39.37096754446753,-29.236286104476708,13.193251196746523,-42.593275147058954,-28.224687435708304,1.9997641113485152,18.3362014557474,0.031914478300283086,-39.371819319024574,-34.78776895508773,-30.203718591150874,-21.035617863277174
ok,missing_time_varying_transmission,tv_sir,sir,SIR,2,infected,0.015,37,2,-31.8212228720298,-63.66957150010688,True,155,11.242599299992435,2.837758323849504e-05,-32.31335117480421,2.8109085994322203,2,-59.66957150010688,-59.316630323636296,-56.44773567481843,-47.126546154212924,12.71754771565701,-59.67005042567392,-45.32604722360423,1.999760537216481,18.316398520455373,0.027125756047285933,-56.44860035527285,-51.86950072515901,-47.29040109504517,-38.13220183481748
ok,missing_time_varying_transmission,tv_sir,sir,SIR,3,infected,0.015,37,2,-25.46916743138063,-50.9689346220149,True,151,10.91745290000108,1.9577492557562367e-05,-19.328497969112412,2.749682894253097,2,-46.9689346220149,-46.61599344554431,-43.74709879672645,-33.028630504972156,13.372840523714359,-46.969409948612146,-32.6172184583529,1.9997623367013773,18.321116404408357,0.030599759253642136,-43.747956979388626,-39.16767787828654,-34.58739877718445,-25.426840574980268
ok,missing_time_varying_transmission,tv_sir,sir,SIR,4,infected,0.015,37,2,-44.13505770162932,-88.3115386303758,True,156,3.801484399999026,3.6198418554413006e-05,0.7808801974393873,2.682646215263278,2,-84.3115386303758,-83.9585974539052,-81.08970280508734,-76.0466576534632,8.932109765954767,-84.31199615313427,-69.88404149415825,1.9997712386207573,18.38607390910039,0.041423227117150144,-81.09052884364937,-76.49401036637427,-71.89749188909917,-62.70445493454898
ok,missing_time_varying_transmission,tv_sir,sir,SIR,5,infected,0.015,37,2,-44.55441272706677,-89.13966369919072,True,154,22.23308539998834,2.947062076902891e-05,-42.57605224634807,2.770832794484189,2,-85.13966369919072,-84.78672252272013,-81.91782787390227,-73.1597968168679,11.67668621172988,-85.14013640361347,-70.77305885645711,1.9997636477886291,18.335766597676425,0.030838245057175973,-81.918681322336,-77.3347396729169,-72.7507980234978,-63.582914724659574
ok,missing_time_varying_transmission,tv_sir,sir,SIR,6,infected,0.015,37,2,-46.564516041833016,-93.16212756357004,True,152,22.268565899998066,3.556681032589348e-05,-18.66417629825863,2.7611974306752147,2,-89.16212756357004,-88.80918638709944,-85.94029173828159,-79.50790173951941,9.762414769832006,-89.16259608381301,-74.77711628029961,1.9997657398785138,18.351915803366424,0.033095479904007845,-85.94113763235049,-81.35315868150889,-76.76517973066728,-67.58922182898407
ok,missing_time_varying_transmission,tv_sir,sir,SIR,7,infected,0.015,37,2,-34.14495549970613,-68.31678253501119,True,158,11.381134600000223,2.4912046594955878e-05,-14.71229082408874,2.804969571775221,2,-64.31678253501119,-63.9638413585406,-61.094946709722734,-56.09181903206666,9.733793874986155,-64.31726248028934,-49.97877041142737,1.99976002736092,18.311140587984887,0.02687153559892796,-61.09581323122374,-56.51802808422752,-51.94024293723129,-42.78467264323885
ok,missing_time_varying_transmission,tv_sir,sir,SIR,8,infected,0.015,37,2,-50.1623439755056,-100.3522227826054,True,155,22.659544499998447,1.9723956860965866e-05,-27.493359243416975,2.7840051538409867,2,-96.3522227826054,-95.9992816061348,-93.13038695731694,-87.53284527501413,9.050115887320889,-96.35270287386626,-82.01770282139549,1.9997599543695666,18.30698512961571,0.02753483159419116,-93.13125374238373,-88.5545074599798,-83.97776117757587,-74.82426861276802
ok,missing_time_varying_transmission,tv_sir,sir,SIR,9,infected,0.015,37,2,-22.083382664137005,-44.19821597206845,True,152,7.545733399994788,1.7058609531767702e-05,-10.062929832652877,2.7350101845479418,2,-40.19821597206845,-39.84527479559787,-36.97638014678,-27.270881453019655,13.714996207673995,-40.1986909436133,-25.846644958165555,1.9997625142275752,18.320120370108455,0.03145064379444584,-36.97723768840965,-32.397207595882534,-27.817177503355424,-18.657117318301196
ok,missing_time_varying_transmission,tv_sir,sir,SIR,10,infected,0.015,37,2,-36.04895896484647,-72.12804911465824,True,155,18.21731799999543,2.2670588760181787e-05,-8.47037382399946,2.7620541530391636,2,-68.12804911465824,-67.77510793818765,-64.90621328936979,-57.042956119144556,11.344722286866105,-68.12852426684493,-53.77396927172212,1.9997624239066532,18.32394865797082,0.030131184965300137,-64.90707115714088,-60.32608399264817,-55.74509682815547,-46.58312249917006
ok,missing_time_varying_transmission,tv_sir,sir,SIR,11,infected,0.015,37,2,-45.12617046652746,-90.29058155453788,True,155,22.09712540000328,3.3475371208413394e-05,-28.59104043200957,2.7055052431519746,2,-86.29058155453788,-85.93764037806729,-83.06874572924943,-75.68804161367905,10.945678295697812,-86.29104334714518,-71.88095558642613,1.9997691036963503,18.371385346628795,0.03824062148294979,-83.06957947684825,-78.47673314019104,-73.88388680353385,-64.69819413021945
ok,missing_time_varying_transmission,tv_sir,sir,SIR,12,infected,0.015,37,2,-57.01729103053836,-114.06284453833501,True,155,15.68599159999576,2.3187374413835368e-05,-33.62953277183642,2.7842125552172474,2,-110.06284453833501,-109.70990336186442,-106.84100871304656,-102.68337414913358,8.150223296179382,-110.06332251890227,-95.7187493105929,1.9997610097163743,18.31583275048382,0.028262477258290113,-106.84187168734266,-102.2629134997217,-97.68395531210075,-88.52603893685884
ok,missing_time_varying_transmission,tv_sir,sir,SIR,13,infected,0.015,37,2,-50.875504278605135,-101.77896568395045,True,154,22.475159000008716,2.1437886170834516e-05,-34.503310583675834,2.7833711883477306,2,-97.77896568395045,-97.42602450747985,-94.557129858662,-83.52837423302687,13.397031743755441,-97.77944459751244,-83.43921846492842,1.9997605432190069,18.311790092281854,0.027957126740183285,-94.55799451744178,-89.98004699437132,-85.40209947130086,-76.24620442515993
ok,missing_time_varying_transmission,tv_sir,sir,SIR,14,infected,0.015,37,2,-47.43932940764879,-94.90741403129991,True,156,11.304396499996074,2.1161369967070437e-05,-37.92060081984624,2.77361140104772,2,-90.90741403129991,-90.55447285482931,-87.68557820601146,-82.07775908587729,9.517136696703803,-90.90789173060469,-76.56344430744048,1.9997611503476105,18.315214507857107,0.028755216002317244,-87.6864406724997,-83.10763704553543,-78.52883341857114,-69.3712261646426
ok,missing_time_varying_transmission,tv_sir,sir,SIR,15,infected,0.015,37,2,-33.52139021693348,-67.07278026048556,True,155,15.54698680000729,1.9062896289247717e-05,-26.658722040009245,2.754890569433838,2,-63.07278026048556,-62.71983908401497,-59.85094443519711,-50.475320919104234,12.62693310346074,-63.073256657670846,-48.725280279758714,1.9997618014073573,18.317500154108252,0.029999826618595044,-59.85180455076205,-55.272429512234986,-50.69305447370792,-41.534304396653795
ok,missing_time_varying_transmission,tv_sir,sir,SIR,16,infected,0.015,37,2,-51.65622203964055,-103.34053073238178,True,155,18.43123370000103,2.8232187103171945e-05,-45.50150906671765,2.7990288819414104,2,-99.34053073238178,-98.98758955591119,-96.11869490709333,-89.86241220028334,10.260024328688337,-99.34100804317902,-84.99129938574596,1.999761344601382,18.321144693535132,0.028086653100682764,-96.11955667214716,-91.53927049876337,-86.95898432537959,-77.79841197861202
ok,missing_time_varying_transmission,tv_sir,sir,SIR,17,infected,0.015,37,2,-45.918309571867866,-91.87071178158769,True,155,9.020719600011944,2.2492454484540545e-05,-13.039952932191625,2.7207478882189564,2,-87.87071178158769,-87.5177706051171,-84.64887595629924,-76.83450336355165,11.10915913222163,-87.87118127183672,-73.49570634739877,1.9997652548754816,18.340912796336973,0.034092637851953336,-84.64972360167427,-80.06449540259003,-75.47926720350578,-66.30881080533729
ok,missing_time_varying_transmission,tv_sir,sir,SIR,18,infected,0.015,37,2,-36.97479617030496,-73.98279208222067,True,154,12.529014999992796,2.647949297547882e-05,-34.479579338156384,2.7387639175472076,2,-69.98279208222067,-69.62985090575008,-66.76095625693222,-54.5800954766061,14.932479737595902,-69.98326184684804,-55.60678780343573,1.999765117686317,18.342804537174196,0.03319974161073865,-66.76180439768606,-62.17610326339251,-57.59040212909896,-48.41899986051187
ok,missing_time_varying_transmission,tv_sir,sir,SIR,19,infected,0.015,37,2,-41.97971121042644,-83.98972857814451,True,152,8.309651000003214,2.4129400781383245e-05,-49.4331564775428,2.7636655950479483,2,-79.98972857814451,-79.63678740167391,-76.76789275285606,-67.94249702954939,12.006500911011168,-79.99020311176841,-65.6325951616204,1.9997627331880472,18.32682725923248,0.030306157291630036,-76.76874950383741,-72.1870426890293,-67.60533587422117,-58.44192224460493
ok,missing_time_varying_transmission,tv_sir,tv_sir,TV-SIR,0,infected,0.015,37,4,-107.54075505841544,-215.4149015752285,True,167,6.344380399998045,6.540076510200446e-08,-64.07335803949904,29815.803958918958,4,-207.4149015752285,-206.1649015752285,-200.9712299246516,-206.41930643799355,4.213667570988411,-208.4376829344415,-189.8161329502785,3.4886093203934885,25.265377166552376,0.3333914583976029,-202.81781969000207,-196.50147539836397,-190.1851311067259,-177.55244252344968
ok,missing_time_varying_transmission,tv_sir,tv_sir,TV-SIR,1,infected,0.015,37,4,-105.67692239640992,-211.93031806204414,True,167,18.294054099998903,9.70038469042148e-08,-60.742015910424485,29024.226708223636,4,-203.93031806204414,-202.68031806204414,-197.48664641146723,-205.22092223089726,2.6781445960666783,-204.94118265578606,-186.1170629549219,3.494567703129029,25.236781837897944,0.5764732692242915,-199.31172094586753,-193.00252548639304,-186.69333002691857,-174.07493910796958
ok,missing_time_varying_transmission,tv_sir,tv_sir,TV-SIR,2,infected,0.015,37,4,-105.49227082425763,-211.61536215796622,True,167,18.484517400007462,1.1096269532760006e-07,-59.80419395445717,35275.503021821634,4,-203.61536215796622,-202.36536215796622,-197.17169050738931,-204.647196575939,2.9367908920349675,-204.72864126541495,-185.8913410616107,3.443360446275639,25.09320058690458,0.6308205094509537,-199.1816702428189,-192.90837009609277,-186.63506994936662,-174.08846965591434
ok,missing_time_varying_transmission,tv_sir,tv_sir,TV-SIR,3,infected,0.015,37,4,-98.43570327028064,-197.59206829635423,True,168,6.425620900001377,3.743031804556149e-07,-59.58222347808447,26581.257180393997,4,-189.59206829635423,-188.34206829635423,-183.14839664577732,-188.00741202701803,5.3398798738809,-190.5596449657342,-171.58239347063187,3.516211665310003,25.289013069929403,0.7206617557929602,-184.89531660943777,-178.57306334195542,-172.25081007447307,-159.60630353950836
ok,missing_time_varying_transmission,tv_sir,tv_sir,TV-SIR,4,infected,0.015,37,4,-100.84753141739158,-202.14177668093978,True,168,17.62435139999434,1.878344346391473e-06,-45.99351229086129,27375.76437602645,4,-194.14177668093978,-192.89177668093978,-187.69810503036288,-194.86404765886505,2.9188635457360856,-195.1117751340783,-176.30699213222158,3.515000773430745,25.38807070256158,0.44671384615662846,-189.4493974252004,-183.10237974956001,-176.7553620739196,-164.06132672263882
ok,missing_time_varying_transmission,tv_sir,tv_sir,TV-SIR,5,infected,0.015,37,4,-101.30165549152717,-203.65433301120493,True,167,18.426139000002877,1.8025036219622977e-07,-51.853859054025506,45971.36902639638,4,-195.65433301120493,-194.40433301120493,-189.21066136062802,-196.93283719780806,2.589389968434713,-196.90028325954694,-177.65990216055866,3.3770248758289934,24.943408822495684,1.0510220281505729,-191.46017339562889,-185.22432119000496,-178.98846898438103,-166.5167645731332
ok,missing_time_varying_transmission,tv_sir,tv_sir,TV-SIR,6,infected,0.015,37,4,-106.19372763863542,-212.77138528157155,True,167,18.36623939999845,1.1721564722093262e-06,-60.3275595545239,31439.348303445284,4,-204.77138528157155,-203.52138528157155,-198.32771363099465,-205.50651867000423,2.853653256256294,-205.81707134384556,-187.12050294868504,3.4771569688629977,25.26695232858581,0.38393000430070057,-200.21565689762846,-193.898918815482,-187.58218073333555,-174.94870456904266
ok,missing_time_varying_transmission,tv_sir,tv_sir,TV-SIR,7,infected,0.015,37,4,-99.04473696122884,-198.53105240974224,True,168,18.606918400008,2.1348922241164e-08,-61.64686071988025,31560.379119334484,4,-190.53105240974224,-189.28105240974224,-184.08738075916534,-190.02173574067137,4.622561297571702,-191.58609776404532,-172.89772705297844,3.4724773228484627,25.191746869479218,0.44157848728457766,-185.99222184341787,-179.69428512604807,-173.39634840867825,-160.80047497393866
ok,missing_time_varying_transmission,tv_sir,tv_sir,TV-SIR,8,infected,0.015,37,4,-99.78036413728182,-199.97533803287655,True,167,32.16543909999018,4.635183404892211e-09,-57.47513061285041,27327.656422963217,4,-191.97533803287655,-190.72533803287655,-185.53166638229965,-192.25905568409752,3.804974765001234,-192.95480635315351,-174.24368910807766,3.510265839861514,25.317039166485998,0.4146097583129119,-187.3000562335775,-180.970796441956,-174.6415366503345,-161.9830170670915
ok,missing_time_varying_transmission,tv_sir,tv_sir,TV-SIR,9,infected,0.015,37,4,-104.9555155121155,-210.5803704142283,True,167,24.837773199993535,1.1474444806368769e-06,-60.71729980800231,29448.9325646134,4,-202.5803704142283,-201.3303704142283,-196.1366987636514,-203.52968352036652,2.981885480233994,-203.60334340169643,-184.7349840135331,3.488513506265928,25.176047010697882,0.6693393899972926,-197.98363450595136,-191.6896227532769,-185.39561100060243,-172.80758749525347
ok,missing_time_varying_transmission,tv_sir,tv_sir,TV-SIR,10,infected,0.015,37,4,-107.84859918724419,-216.47292765466182,True,168,37.00946000000113,4.780864542970611e-08,-57.65405532473538,24945.68282061954,4,-208.47292765466182,-207.22292765466182,-202.0292560040849,-210.5587570180868,2.017560719603336,-209.4056758157792,-190.33257286900135,3.533625919441305,25.364625505487034,0.7757292801734343,-203.71329452556728,-197.3721381491955,-191.03098177282376,-178.34866902008025
ok,missing_time_varying_transmission,tv_sir,tv_sir,TV-SIR,11,infected,0.015,37,4,-102.21572482510432,-204.8907806489064,True,167,18.38802320000832,7.325401342337023e-07,-64.0764676168319,28094.658599467293,4,-196.8907806489064,-195.6407806489064,-190.4471089983295,-195.40186663144263,4.784306206111161,-197.87750061124243,-179.0939602085778,3.5066400188319813,25.337489441630826,0.4593309986977727,-192.22859139171092,-185.8942190313032,-179.5598466708955,-166.8911019500801
ok,missing_time_varying_transmission,tv_sir,tv_sir,TV-SIR,12,infected,0.015,37,4,-104.91587613356877,-210.3787631247787,True,167,30.655793000012636,2.1348235119170307e-07,-59.91949696466844,24372.610644532782,4,-202.3787631247787,-201.1287631247787,-195.93509147420178,-203.00498402285461,3.2514190282532818,-203.29674749339242,-184.401142670327,3.5410078156931344,25.430609596810534,0.5470108576411373,-197.59247457427915,-191.23482217507652,-184.87716977587388,-172.1618649774686
ok,missing_time_varying_transmission,tv_sir,tv_sir,TV-SIR,13,infected,0.015,37,4,-105.06791002351146,-211.32972575461878,True,167,37.094145499999286,3.6776637304493666e-08,-66.00640063273204,49531.434769453306,4,-203.32972575461878,-202.07972575461878,-196.88605410404188,-203.62554787947798,3.296402155887551,-204.61620459134926,-185.2787019902208,3.3567605816347643,24.857118056802104,1.1939057075958712,-199.20873884193577,-192.99445932773526,-186.78017981353472,-174.35162078513366
ok,missing_time_varying_transmission,tv_sir,tv_sir,TV-SIR,14,infected,0.015,37,4,-110.78738193912079,-222.03931729034923,True,167,36.93518670000776,8.31951908839478e-08,-66.28835490004063,28789.23304971887,4,-214.03931729034923,-212.78931729034923,-207.59564563977233,-216.594279175435,1.9085975512894406,-215.04685057762993,-196.3219400574001,3.496233356359652,25.252823820841485,0.46455341210765927,-209.41470563708592,-203.10149968187554,-196.7882937266652,-184.16188181624443
ok,missing_time_varying_transmission,tv_sir,tv_sir,TV-SIR,15,infected,0.015,37,4,-111.13570979012829,-223.41199808771805,True,167,36.70975889998954,4.65968863476927e-07,-64.20502237333618,24216.099612462644,4,-215.41199808771805,-214.16199808771805,-208.96832643714114,-218.08264796829437,1.7538776749731841,-216.3322673788285,-196.91487687456691,3.539865354444771,25.356542705689677,1.1405785074614707,-210.62983487100473,-204.29069919458232,-197.9515635181599,-185.27329216531507
ok,missing_time_varying_transmission,tv_sir,tv_sir,TV-SIR,16,infected,0.015,37,4,-103.88836721459342,-208.1415672464139,True,167,6.246546499998658,2.7799168518114677e-07,-60.141964736960226,28548.268983613412,4,-200.1415672464139,-198.8915672464139,-193.697895595837,-201.2376803762472,3.066557560026544,-201.14108254580006,-182.4661137546028,3.500242350306917,25.31062067458405,0.3648328172270686,-195.50247944509474,-189.17482427644873,-182.8471691078027,-170.1918587705107
ok,missing_time_varying_transmission,tv_sir,tv_sir,TV-SIR,17,infected,0.015,37,4,-108.5282550203546,-217.7799011921627,True,168,11.59151810000185,6.89974922761649e-09,-57.32054733626271,25422.079670241288,4,-209.7799011921627,-208.5299011921627,-203.3362295415858,-210.76299059178294,2.3881530426198996,-210.71998714941233,-191.688258323117,3.529957021375185,25.368251717592212,0.7233911514534741,-205.0335161528148,-198.69145322341674,-192.3493902940187,-179.66526443522258
ok,missing_time_varying_transmission,tv_sir,tv_sir,TV-SIR,18,infected,0.015,37,4,-102.05652753454521,-204.72357467142547,True,167,17.223802599997725,3.4180766796623977e-10,-55.126733968844796,37887.807044192035,4,-196.72357467142547,-195.47357467142547,-190.27990302084856,-196.34740007472183,3.9446999652371773,-197.8711678173287,-179.04975635879404,3.426203427048373,25.06329871029637,0.610519602335041,-192.35183534433347,-186.08601066675936,-179.8201859891853,-167.2885366340371
ok,missing_time_varying_transmission,tv_sir,tv_sir,TV-SIR,19,infected,0.015,37,4,-109.85512700920648,-220.2574718087386,True,168,6.271266600000672,1.2237969961968325e-07,-66.70240773951703,35419.339652330236,4,-212.2574718087386,-211.0074718087386,-205.81380015816168,-214.64280974648497,1.8333193902242706,-213.37246254110008,-194.618582636966,3.442504633819248,25.09167138144695,0.5472177903256057,-207.82687016211992,-201.55395231675817,-195.28103447139645,-182.73519878067296
ok,missing_time_varying_transmission,tv_sir,ude_sir_h2,UDE-SIR(2),0,infected,0.015,37,11,-106.751533045149,-215.3314237620646,True,167,39.53995559999021,2.625983382171672e-06,-62.30251285461229,449497645060346.4,9,-193.3314237620646,-182.7714237620646,-175.6113267229781,50519.26438440301,25342.349562758507,-207.7042990350939,-187.96968148125293,3.81356236348534,25.53338460904508,1.828357671766578,-201.56096311276954,-195.17761696050826,-188.794270808247,-176.02757850372447
ok,missing_time_varying_transmission,tv_sir,ude_sir_h2,UDE-SIR(2),1,infected,0.015,37,11,-102.93731402810553,-208.9663158624188,True,168,29.36838029998762,5.734194897331199e-06,-59.53562016314328,646674347433311.1,9,-186.9663158624188,-176.4063158624188,-169.24621882333236,39831.7306434143,19992.682158712534,-201.2758741437397,-179.2099400033256,3.845220859339543,26.66468805288546,3.091687806207744,-195.08153898335644,-188.41536697013507,-181.7491949569137,-168.41685093047099
ok,missing_time_varying_transmission,tv_sir,ude_sir_h2,UDE-SIR(2),2,infected,0.015,37,11,-105.65022221669993,-213.9322270344038,True,167,29.169255600005272,6.429356209079827e-06,-60.85940551487749,601389601192594.8,9,-191.9322270344038,-181.3722270344038,-174.21212999531735,29778.214881488926,14972.560961972466,-206.15423187229203,-184.89143394343782,3.8889975810558903,26.409010489962032,2.6317826010039402,-199.88937600673904,-193.28712338424853,-186.68487076175802,-173.480365516777
ok,missing_time_varying_transmission,tv_sir,ude_sir_h2,UDE-SIR(2),3,infected,0.015,37,11,-95.85240556320565,-194.61082951255085,True,167,10.010654700003215,6.356644235512378e-06,-58.55574236583615,615272155407895.5,9,-172.61082951255085,-162.05082951255085,-154.89073247346437,74367.96182095334,37257.35385458244,-187.21332319446307,-165.39745793990005,3.6987531590438847,26.30735318651124,2.906018386139553,-181.25493547610986,-174.67809717948205,-168.10125888285424,-154.9475822895986
ok,missing_time_varying_transmission,tv_sir,ude_sir_h2,UDE-SIR(2),4,infected,0.015,37,11,-98.82281700541492,-199.74193565461724,True,167,29.519529500001227,4.439782952244997e-07,-43.70732240061734,508992956407185.94,9,-177.74193565461724,-167.18193565461723,-160.02183861553078,29877.23034563,15007.63438822463,-192.15083027481907,-171.7029155633634,3.7955526898990875,25.942718447466437,2.0963016437874016,-186.03650645827565,-179.55082684640905,-173.06514723454242,-160.09378801080922
ok,missing_time_varying_transmission,tv_sir,ude_sir_h2,UDE-SIR(2),5,infected,0.015,37,11,-100.40180116651199,-203.43022562860187,True,167,29.223359800002072,2.395077861123234e-06,-54.90826420458295,468596903800276.94,10,-181.43022562860187,-170.87022562860187,-163.71012858951542,35954.632107199664,18061.797082542005,-195.82288903737222,-175.47288866859512,3.8036682956148296,25.33071366442885,2.6266232955778976,-189.69549164620935,-183.36281323010215,-177.03013481399492,-164.3647779817805
ok,missing_time_varying_transmission,tv_sir,ude_sir_h2,UDE-SIR(2),6,infected,0.015,37,11,-104.1382665208425,-210.67370924578313,True,167,29.110542599999462,9.766841328573724e-07,-58.58648327841659,471040797657890.25,10,-188.67370924578313,-178.11370924578313,-170.95361220669668,32928.25790764743,16544.797788851825,-202.99665274433167,-182.8220668817543,3.8385282507257332,25.45446615993073,2.39717620409812,-196.81309882704667,-190.449482287064,-184.0858657470813,-171.35863266711596
ok,missing_time_varying_transmission,tv_sir,ude_sir_h2,UDE-SIR(2),7,infected,0.015,37,11,-98.14089846494063,-198.7754183585781,True,167,29.4549440999981,5.041948707708836e-06,-60.25769836190773,574005378997506.9,9,-176.7754183585781,-166.2154183585781,-159.0553213194916,36341.15761691524,18250.86219812907,-191.1500869910515,-170.10427515074582,3.8126656837632975,26.177521779135457,2.49362142869684,-185.00819554615327,-178.46381510136942,-171.91943465658554,-158.83067376701783
ok,missing_time_varying_transmission,tv_sir,ude_sir_h2,UDE-SIR(2),8,infected,0.015,37,11,-98.82030692254763,-199.94269131858624,True,168,16.683569500004523,3.679293204105541e-06,-56.905013071876375,519760142267506.6,9,-177.94269131858624,-167.38269131858624,-160.2225942794998,19592.247998444698,9868.507877343556,-192.65506601024643,-171.87043811322064,3.643812654169906,25.77017573187462,2.3020774734909697,-186.78518293532443,-180.34263900235578,-173.9000950693871,-161.0150072034498
ok,missing_time_varying_transmission,tv_sir,ude_sir_h2,UDE-SIR(2),9,infected,0.015,37,11,-103.02692792976035,-208.82932935570625,True,167,20.841660299993237,9.159837246477863e-06,-59.06853663296234,617421262555369.8,9,-186.82932935570625,-176.26932935570625,-169.1092323166198,31897.409791848026,16025.286312453762,-201.08185094520488,-179.5117941053573,3.87373920525068,26.54206175416339,2.7754734961855405,-194.84157507055437,-188.20605963201353,-181.57054419347267,-168.29951331639097
ok,missing_time_varying_transmission,tv_sir,ude_sir_h2,UDE-SIR(2),10,infected,0.015,37,11,-105.39543349519711,-213.85250273480207,True,167,29.02101810000022,5.2238922048063315e-06,-54.51021715842772,627853434705876.9,10,-191.85250273480207,-181.29250273480207,-174.1324056957156,32685.850393602235,16416.894403649378,-206.44772197172827,-184.37403624774552,3.7023903815369072,26.41683074264869,3.061635744407841,-200.48347498650878,-193.8792673008466,-187.27505961518443,-174.06664424386008
ok,missing_time_varying_transmission,tv_sir,ude_sir_h2,UDE-SIR(2),11,infected,0.015,37,11,-102.43969246028605,-207.9970383605174,True,167,41.91782209998928,1.5646379320248009e-06,-63.32052387192191,616188347125983.4,10,-185.9970383605174,-175.4370383605174,-168.2769413214309,71214.0897325558,35687.00860451597,-200.57900177501065,-178.41885610774318,3.709018292753375,26.46052881282894,3.1176534399452933,-194.60407776888914,-187.98894556568192,-181.37381336247466,-168.14354895606022
ok,missing_time_varying_transmission,tv_sir,ude_sir_h2,UDE-SIR(2),12,infected,0.015,37,11,-104.3893096213103,-210.98784500350155,True,167,29.016370000012103,2.8654419265537596e-06,-59.64913981460091,516650124989111.7,9,-188.98784500350155,-178.42784500350155,-171.2677479644151,36037.667757786956,18096.276199845717,-203.60091662796066,-183.0048779463266,3.6934641877704397,25.773741296294023,2.2092257608809454,-197.65104900817133,-191.20761368409782,-184.76417836002432,-171.8773077118773
ok,missing_time_varying_transmission,tv_sir,ude_sir_h2,UDE-SIR(2),13,infected,0.015,37,11,-105.74541957859986,-214.12491850467885,True,167,29.210071900000912,4.589254785355785e-06,-65.59486477685279,464035374278434.44,10,-192.12491850467885,-181.56491850467884,-174.40482146559236,65906.56798854536,33038.64297814907,-206.56003367673927,-186.17305323898907,3.7824424139697905,25.317785918210657,2.6340793474791164,-200.46682943853006,-194.13738295897738,-187.80793647942474,-175.1490435203194
ok,missing_time_varying_transmission,tv_sir,ude_sir_h2,UDE-SIR(2),14,infected,0.015,37,11,-109.08756369182571,-220.8112602125749,True,167,26.868941099994117,5.120829941435799e-06,-66.52811192871941,572478752342331.1,9,-198.8112602125749,-188.2512602125749,-181.09116317348844,56380.66105201407,28267.991810645948,-213.38107720229033,-192.06629737674473,3.715091505142288,26.108830006906683,2.6361328289234924,-207.39636974954422,-200.86916224781754,-194.3419547460909,-181.28753974263753
ok,missing_time_varying_transmission,tv_sir,ude_sir_h2,UDE-SIR(2),15,infected,0.015,37,11,-109.2425998676245,-221.874003896427,True,168,27.62847049999982,7.767767642606723e-06,-63.65577331362012,680042234704237.5,9,-199.874003896427,-189.314003896427,-182.15390685734053,35225.997426445094,17693.494535651378,-214.51846054793592,-191.90560249892712,3.677771674245548,26.579597236321895,3.3888041611780144,-208.59387227927823,-201.94897297019776,-195.3040736611173,-182.01427504295634
ok,missing_time_varying_transmission,tv_sir,ude_sir_h2,UDE-SIR(2),16,infected,0.015,37,11,-103.62433416399632,-209.33228051997816,True,167,19.2188204999984,2.515273193945796e-06,-61.27336031363174,505417072789322.0,9,-187.33228051997816,-176.77228051997815,-169.6121834808917,35575.50702143863,17869.48626159189,-201.67592006150923,-181.37722300913515,3.828180229234466,25.871445318857504,2.0836121919855035,-195.50903595740496,-189.0411746276906,-182.5733132979762,-169.63759063854747
ok,missing_time_varying_transmission,tv_sir,ude_sir_h2,UDE-SIR(2),17,infected,0.015,37,11,-106.55890021749,-216.27244278901466,True,167,10.265437399997609,3.46566936404036e-06,-55.85672663000024,619256749674339.4,10,-194.27244278901466,-183.71244278901466,-176.55234574992818,70732.63903365738,35444.22700403219,-208.9516914986062,-186.75141798365738,3.6603756452042244,26.366382451322647,3.1546423540346384,-203.05512680474007,-196.4635311919094,-189.87193557907875,-176.68874435341743
ok,missing_time_varying_transmission,tv_sir,ude_sir_h2,UDE-SIR(2),18,infected,0.015,37,11,-101.87453434921883,-206.37353911292257,True,167,13.439776699990034,3.795586586698088e-06,-56.0313705634012,503052360083057.4,9,-184.37353911292257,-173.81353911292257,-166.65344207383612,36415.10387718672,18292.22589514303,-198.72640183458938,-178.0955576716549,3.823568639166598,25.653511026782766,2.6244704144849003,-192.5669466235312,-186.1535688668355,-179.74019111013982,-166.91343559674846
ok,missing_time_varying_transmission,tv_sir,ude_sir_h2,UDE-SIR(2),19,infected,0.015,37,11,-109.05547915276468,-220.6963247313009,True,167,50.912098899993,5.45959989052405e-06,-68.62168332451282,568441924012266.6,10,-198.6963247313009,-188.1363247313009,-180.97622769221442,111329.03545809638,55748.21507975816,-212.89720200105825,-191.76261215213646,3.8995613651213272,26.348346153392885,2.5853664257715474,-206.61532874652895,-200.02824220818073,-193.4411556698325,-180.26698259313605
ok,noisy_sir_overfit_risk,sir,neural_ode_h2,NeuralODE(2),0,infected,0.05,29,14,-28.81851402740803,-89.43811161925159,True,168,13.725775899991277,9.541800429180759e-07,-9.571303870228284,23694569348755.945,11,-61.438111619251586,-31.438111619251586,-42.29596999944095,756.3254205497356,415.44114127628933,-82.24965586087419,-43.118081294102176,3.5942278791887,14.518946760713883,31.801083564435533,-77.33528306963835,-73.70554637945988,-70.07580968928141,-62.81633630892447
ok,noisy_sir_overfit_risk,sir,neural_ode_h2,NeuralODE(2),1,infected,0.05,29,14,-27.00651482820421,-79.13118267863426,True,168,13.66479629999958,5.4848035205675906e-05,-16.018713095488202,12909191985216.07,12,-51.13118267863426,-21.13118267863426,-31.989041058823624,305.06870590541195,189.00158593057034,-72.22042385862453,-40.513051904090815,3.4553794100048636,13.499977752317607,25.118153022225844,-67.49589800030375,-64.12090356222436,-60.74590912414495,-53.99592024798615
ok,noisy_sir_overfit_risk,sir,neural_ode_h2,NeuralODE(2),2,infected,0.05,29,14,-36.09395631158169,-102.93005135182574,True,168,13.773495100002037,6.0095305447624164e-05,-30.43496691909399,19674808316062.11,12,-74.93005135182574,-44.93005135182574,-55.7879097320151,259.01972559595004,172.54105733090836,-95.87003257225622,-58.25134070932656,3.5300093897847575,13.936571913836824,30.742138728662347,-91.04346545379043,-87.55932247533123,-84.07517949687202,-77.1068935399536
ok,noisy_sir_overfit_risk,sir,neural_ode_h2,NeuralODE(2),3,infected,0.05,29,14,-31.525250039277324,-89.45011114808283,True,167,13.888500000000931,4.1363440808431474e-05,-23.659621742110346,14836684449673.936,12,-61.450111148082826,-31.450111148082826,-42.30796952827219,357.7706733096268,216.30964509160992,-82.43158752086381,-49.270814084656635,3.509261813609506,13.779685993898013,26.399611069528177,-77.63338847678476,-74.18846697831026,-70.74354547983575,-63.853702482886746
ok,noisy_sir_overfit_risk,sir,neural_ode_h2,NeuralODE(2),4,infected,0.05,29,14,-28.150043270822543,-81.51995914084122,True,169,6.938207500003045,6.479974901828911e-06,-26.127344532735606,12683383812766.033,12,-53.51995914084122,-23.519959140841223,-34.377817521030586,722.7165712821605,398.0416936972694,-74.71887562451217,-43.02152527102156,3.40054175816453,13.27856127062353,25.219872599196137,-70.06932905887894,-66.74968874122305,-63.43004842356717,-56.79076778825541
ok,noisy_sir_overfit_risk,sir,neural_ode_h2,NeuralODE(2),5,infected,0.05,29,14,-35.60743335521332,-96.28986904230575,True,167,6.726344700000482,6.979243951416185e-07,-28.22319231181016,13707008651493.059,13,-68.28986904230575,-38.28986904230575,-49.147727422495116,163.48450073183278,122.31678537714762,-89.34506268330449,-57.8217553649129,3.4724031795006303,13.39311134551373,25.075002331879126,-84.59726029594151,-81.24898245956308,-77.90070462318465,-71.20414895042778
ok,noisy_sir_overfit_risk,sir,neural_ode_h2,NeuralODE(2),6,infected,0.05,29,14,-35.07158540627935,-97.94633638025437,True,167,6.73637419998704,1.8031005314008347e-06,-26.073200807944847,15912135980828.45,13,-69.94633638025437,-39.946336380254365,-50.80419476044373,516.7988428138779,297.573951812672,-90.84988378462032,-56.44269888990178,3.5482262978170223,13.70047192265692,27.803165567695675,-85.99840876376676,-82.57329078310254,-79.1481728024383,-72.29793684110984
ok,noisy_sir_overfit_risk,sir,neural_ode_h2,NeuralODE(2),7,infected,0.05,29,14,-31.832586464950193,-92.67213188440132,True,168,14.081748199998401,5.293638635337548e-05,-30.29873232853558,17479499938215.0,12,-64.67213188440132,-34.672131884401324,-45.52999026459069,294.17511168397283,186.33471146202686,-85.64225891918059,-49.97269246216945,3.5149364826103646,13.692480467730938,29.006958954500938,-80.83630092384011,-77.41318080690738,-73.99006068997464,-67.14382045610918
ok,noisy_sir_overfit_risk,sir,neural_ode_h2,NeuralODE(2),8,infected,0.05,29,14,-22.27988636312795,-72.71695881124404,True,167,6.795482499990612,5.790805912570108e-05,-22.31412498054484,15844910638236.576,13,-44.71695881124404,-14.71695881124404,-25.574817191433404,473.37682840653406,265.496927755784,-65.62642086319067,-30.724048252609116,3.545268974026683,13.835724473646785,28.157186084988144,-60.77898937882357,-57.32005826041187,-53.86112714200017,-46.94326490517678
ok,noisy_sir_overfit_risk,sir,neural_ode_h2,NeuralODE(2),9,infected,0.05,29,14,-35.189673308718355,-92.76181377406076,True,170,6.833103700002539,5.286457999708134e-05,-28.11028191802523,10027317633771.89,12,-64.76181377406076,-34.761813774060755,-45.61967215425012,269.8441720393859,173.4902709100977,-86.16887022943298,-57.73081114005052,3.2964717723138883,12.648535477386188,22.382467156624053,-81.66161812148007,-78.49948425213353,-75.33735038278698,-69.01308264409388
ok,noisy_sir_overfit_risk,sir,neural_ode_h2,NeuralODE(2),10,infected,0.05,29,14,-33.11649183906323,-98.0483563155805,True,171,6.832704700005706,0.00028473149916491885,-13.025157710562329,15962991538402.492,13,-70.0483563155805,-40.048356315580506,-50.90621469576987,1017.9364003610402,548.9098902561585,-90.87673014978161,-51.8599855793625,3.5858130828994517,14.372998098763958,31.815372637454047,-85.97386287442224,-82.38061334973125,-78.78736382504026,-71.60086477565828
ok,noisy_sir_overfit_risk,sir,neural_ode_h2,NeuralODE(2),11,infected,0.05,29,14,-36.97021917305803,-92.89598708661961,True,167,13.541481100008241,6.204306483648818e-05,-25.735351304849548,7921454816220.655,12,-64.89598708661961,-34.89598708661961,-45.753845466808976,247.44320797672287,164.80120789088994,-86.61179092394259,-61.99533865468159,3.1420980813385073,11.945099691434468,18.95554874050356,-82.31561331991996,-79.32933839706135,-76.34306347420272,-70.3705136284855
ok,noisy_sir_overfit_risk,sir,neural_ode_h2,NeuralODE(2),12,infected,0.05,29,14,-28.169841240641162,-80.80837639289479,True,167,6.6969342000084,1.3822404766526153e-05,-28.51881379048858,11518223049398.777,12,-52.808376392894786,-22.808376392894786,-33.66623477308415,314.32640396883,191.3012270457311,-73.895119811108,-43.35008184380142,3.4566282908933896,12.989600637480908,24.468693911612462,-69.1688863631562,-65.92148620378597,-62.67408604441575,-56.1792857256753
ok,noisy_sir_overfit_risk,sir,neural_ode_h2,NeuralODE(2),13,infected,0.05,29,14,-26.646125118115336,-80.30233515220442,True,167,19.005674500003806,3.274487405953446e-05,-32.01611940959388,13299227931841.955,13,-52.30233515220442,-22.30233515220442,-33.160193532393784,414.41057723728034,243.70889227549722,-73.29117958793941,-39.93950740007722,3.5055777821325016,13.352742836153457,27.01008491597375,-68.49801770473641,-65.15983199569804,-61.821646286659686,-55.14527486858296
ok,noisy_sir_overfit_risk,sir,neural_ode_h2,NeuralODE(2),14,infected,0.05,29,14,-35.663645551039394,-100.19762487929248,True,168,39.35263550000673,0.00010871156874541003,-31.518462686773066,16370252180753.283,12,-72.19762487929248,-42.197624879292476,-53.05548325948184,137.394207093005,110.56356449433315,-93.24171017973615,-57.90019561098251,3.4779573497781673,13.427095491096278,28.870333777213695,-88.48631359851365,-85.12953972573958,-81.7727658529655,-75.05921810741737
ok,noisy_sir_overfit_risk,sir,neural_ode_h2,NeuralODE(2),15,infected,0.05,29,14,-24.07096870737926,-77.60131761572248,True,167,19.56620699999621,1.0667904760823102e-05,-25.93833961938173,17590729241446.432,12,-49.60131761572248,-19.60131761572248,-30.459175995911842,198.91732718146076,133.451816224121,-70.49411219219517,-34.09043020027211,3.5536027117636504,14.051507214486412,29.459380200963956,-65.63528602297211,-62.12240921935051,-58.60953241572891,-51.5837788084857
ok,noisy_sir_overfit_risk,sir,neural_ode_h2,NeuralODE(2),16,infected,0.05,29,14,-25.614303820370726,-82.71764447202303,True,166,19.348680300012347,8.143022807037801e-06,-22.304569574222374,18211836874927.3,13,-54.717644472023025,-24.717644472023025,-35.57550285221239,614.3874252477362,342.80383503096994,-75.52922420821137,-37.107516395009355,3.5942101319058244,14.121091245732098,31.489036831281574,-70.61487568276141,-67.08460287132839,-63.554330059895356,-56.49378443702931
ok,noisy_sir_overfit_risk,sir,neural_ode_h2,NeuralODE(2),17,infected,0.05,29,14,-36.948492264723946,-94.97568189925761,True,171,20.11329900000419,3.09551020436272e-05,-18.161183267618803,8428769248709.683,12,-66.97568189925761,-36.97568189925761,-47.83354027944697,173.79073504638257,127.32350410411948,-88.5574824616802,-61.65724435124342,3.209099718788707,12.239740178204467,21.07869736980972,-84.16969379816963,-81.10975875361852,-78.0498237090674,-71.92995361996516
ok,noisy_sir_overfit_risk,sir,neural_ode_h2,NeuralODE(2),18,infected,0.05,29,14,-27.990459092127892,-83.42896698209408,True,169,19.823305800004164,9.908127588357873e-05,-21.465656743945623,13649440994407.541,12,-55.42896698209408,-25.42896698209408,-36.286825362283444,379.18386832885705,225.6472014631632,-76.45125238929938,-42.34173250220256,3.488857296397347,13.63918568205322,27.4480487978383,-71.68095235651741,-68.2711559360041,-64.8613595154908,-58.041766674464185
ok,noisy_sir_overfit_risk,sir,neural_ode_h2,NeuralODE(2),19,infected,0.05,29,14,-31.427104310193172,-89.45943046177297,True,168,39.98919459999888,4.059135463585552e-05,-23.940524930840176,13228055924017.402,12,-61.45943046177297,-31.459430461772968,-42.31728884196233,144.95836936968243,109.81175125849722,-82.55971577743665,-49.40341506556415,3.4498573421681575,13.450793554822202,26.605221841386623,-77.84274021944191,-74.48004183073635,-71.1173434420308,-64.39194666461971
ok,noisy_sir_overfit_risk,sir,seir,SEIR,0,infected,0.05,29,3,-45.5373270985475,-92.33742539373,True,163,7.826550199999474,7.23700684067258e-05,-17.52975531243683,3287.2332317783707,3,-86.33742539373,-85.37742539373001,-82.23553790377058,67.70017563313766,77.54614219751758,-88.00260236886703,-78.28808759527271,2.1674115124314848,12.786566601822283,1.2627711966349966,-85.03910964605478,-81.84246799559921,-78.64582634514365,-72.2525430442325
ok,noisy_sir_overfit_risk,sir,seir,SEIR,1,infected,0.05,29,3,-38.376851334469336,-80.17760625773535,True,165,8.13747699999658,6.938535881874496e-06,-18.03357305210454,667.2382778820916,3,-74.17760625773535,-73.21760625773535,-70.07571876777592,,,-75.04705713260688,-63.036247764081985,2.5652745625642357,13.717454904856687,3.423903588796682,-71.53956792044242,-68.11020419422825,-64.68084046801408,-57.822113015585735
ok,noisy_sir_overfit_risk,sir,seir,SEIR,2,infected,0.05,29,3,-53.365336501612695,-108.02234941609893,True,161,3.957964700006414,0.00022343136747361012,-32.54817079866767,1824.3031446416396,3,-102.02234941609893,-101.06234941609894,-97.92046192613951,62.0519770176533,81.41918286867667,-103.52681090539234,-94.08052246413445,2.2477692553533,12.65015053909094,1.2916764128735483,-100.45344537577597,-97.29090774100324,-94.1283701062305,-87.80329483668503
ok,noisy_sir_overfit_risk,sir,seir,SEIR,3,infected,0.05,29,3,-43.9803052475665,-90.13073923811652,True,168,4.179582600001595,2.8463345065217653e-06,-26.33057112140861,65.5394973985357,3,-84.13073923811652,-83.17073923811652,-80.0288517481571,-83.7625412255181,2.920341719107256,-84.38882742781574,-73.75811740146801,2.870955905150387,14.20249309366498,2.17012874298352,-80.46338139062857,-76.91275811721232,-73.36213484379608,-66.26088829696359
ok,noisy_sir_overfit_risk,sir,seir,SEIR,4,infected,0.05,29,3,-43.47974818423757,-89.69642862132714,True,159,3.9395599999988917,1.0949391704923517e-05,-28.096780633697108,45.91404519740173,3,-83.69642862132714,-82.73642862132715,-79.59454113136772,-82.17422322552287,3.2440141323557308,-83.92043808992489,-72.87284815179042,2.8879952657011265,14.086648216684726,2.7369322528520033,-79.97169420611107,-76.45003215193988,-72.9283700977687,-65.88504598942635
ok,noisy_sir_overfit_risk,sir,seir,SEIR,5,infected,0.05,29,3,-48.630931843505536,-99.76978140778152,True,165,4.175926299998537,3.975264915077077e-05,-29.94823625712493,571.6029696533858,3,-93.76978140778152,-92.80978140778153,-89.6678939178221,-90.83339561479744,3.71512796155033,-94.5973968019088,-83.55209355980642,2.58619230293636,13.709770127204642,2.507917720770452,-91.0613068505608,-87.63386431875963,-84.20642178695847,-77.35153672335616
ok,noisy_sir_overfit_risk,sir,seir,SEIR,6,infected,0.05,29,3,-50.33733287942365,-101.92101456039953,True,163,7.870625499999733,7.946321818470803e-05,-30.462684651880885,2770.8153128189624,3,-95.92101456039953,-94.96101456039953,-91.8191270704401,2.799492294785816,48.962400045713125,-97.51546428349549,-87.81878750846334,2.2027751384520196,12.855878250383949,1.2463488015522235,-94.50361902229216,-91.28964945969616,-88.07567989710019,-81.6477407719082
ok,noisy_sir_overfit_risk,sir,seir,SEIR,7,infected,0.05,29,3,-48.365069034313265,-97.98080431386198,True,160,7.96745130000636,0.00020293045987442992,-30.682876805450185,2232.798216168976,3,-91.98080431386198,-91.02080431386199,-87.87891682390256,50.169098603226395,70.9786671989891,-93.55228987813152,-84.10493759840986,2.2142572178652333,12.62520047021667,1.2506662452354487,-90.52474521762693,-87.36844510007276,-84.2121449825186,-77.89954474741026
ok,noisy_sir_overfit_risk,sir,seir,SEIR,8,infected,0.05,29,3,-38.64921892363394,-78.44798493489813,True,165,4.216188499995042,8.49938554464571e-06,-24.11084280980222,482.79361045919444,3,-72.44798493489813,-71.48798493489814,-68.3460974449387,-51.431679488231694,12.55271436185945,-73.32061832480201,-63.97164680572628,2.563683305048061,13.326791041541593,1.149547087630252,-69.81530483240385,-66.48360707201846,-63.151909311633055,-56.48851379086226
ok,noisy_sir_overfit_risk,sir,seir,SEIR,9,infected,0.05,29,3,-49.088670743910455,-101.73711201789294,True,158,7.7465656000131276,3.613755082729172e-05,-25.81455905155842,36.85720806145847,3,-95.73711201789294,-94.77711201789295,-91.63522452793352,-95.65931096657967,2.422203647586177,-95.9357956301726,-84.17181272701508,2.9006581938601705,14.005528760805827,3.55977053007203,-91.96973777749149,-88.46835558729003,-84.96697339708858,-77.96420901668566
ok,noisy_sir_overfit_risk,sir,seir,SEIR,10,infected,0.05,29,3,-49.59908997796577,-101.74241893557931,True,166,4.01260529999854,6.812121335491511e-05,-22.667733729423592,48.0683627558888,3,-95.74241893557931,-94.78241893557932,-91.64053144561989,-96.17230883699438,1.9697445642282658,-95.95889922166378,-84.91300418563415,2.8917598569577647,14.285175770297382,2.544238979647773,-92.00500802792314,-88.4337140853488,-84.86242014277445,-77.71983225762575
ok,noisy_sir_overfit_risk,sir,seir,SEIR,11,infected,0.05,29,3,-44.673130717544296,-94.272451814113,True,162,7.9515274000004865,1.4283713594108942e-05,-26.60587017394888,1039.7463137916188,3,-88.272451814113,-87.312451814113,-84.17056432415357,,,-89.34815601296788,-75.87204797437273,2.4621479005725617,13.474213460715855,4.926190379024401,-85.98167145570505,-82.61311809052609,-79.24456472534713,-72.5074579949892
ok,noisy_sir_overfit_risk,sir,seir,SEIR,12,infected,0.05,29,3,-41.19093277137399,-84.59877711977897,True,163,3.985120500001358,1.0791357582101075e-06,-31.09995999542823,62.09646659974877,3,-78.59877711977897,-77.63877711977898,-74.49688962981955,-77.47496321813442,3.797141319126918,-78.85313974453643,-68.2195257573559,2.8728186876212667,14.162339785392081,2.2169115770309995,-74.92514673264466,-71.38456178629664,-67.84397683994862,-60.762806947252585
ok,noisy_sir_overfit_risk,sir,seir,SEIR,13,infected,0.05,29,3,-44.95180519959887,-91.55963202455189,True,162,3.9531485000043176,8.557090914793334e-05,-30.489409985556605,151.31098951642417,3,-85.55963202455189,-84.5996320245519,-81.45774453459246,-75.78158825401152,7.187942683918022,-86.0103439569712,-76.12749227588907,2.7746440337903477,13.77611812330867,1.6560216253541424,-82.2165847398728,-78.77255520904563,-75.32852567821847,-68.44046661656412
ok,noisy_sir_overfit_risk,sir,seir,SEIR,14,infected,0.05,29,3,-53.68755862045064,-108.71999861017483,True,159,22.45832409999275,0.0002617298304442764,-31.992797795372642,1019.0107773221712,3,-102.71999861017483,-101.75999861017483,-98.6181111202154,-56.36764612204799,23.789960786427216,-103.99813825115218,-94.64348311051165,2.360930179511318,12.73163413038963,1.34488136927355,-100.77004826181715,-97.58713972921974,-94.40423119662233,-88.03841413142752
ok,noisy_sir_overfit_risk,sir,seir,SEIR,15,infected,0.05,29,3,-40.42713669213218,-82.39416607519047,True,166,23.597337100000004,4.3413547644378636e-05,-31.063064788542395,160.72297691962828,3,-76.39416607519047,-75.43416607519048,-72.29227858523105,-70.817951095168,6.006785107707067,-76.86014315030003,-67.10052145277731,2.767011462445221,13.753751931487045,1.5398926909261093,-73.0768199161739,-69.63838193330214,-66.19994395043038,-59.32306798468686
ok,noisy_sir_overfit_risk,sir,seir,SEIR,16,infected,0.05,29,3,-45.176642776557095,-91.5839594613942,True,164,22.750285200003418,4.042330323549172e-05,-27.452722814230963,385.5084616252561,3,-85.5839594613942,-84.62395946139421,-81.48207197143478,-65.4590198995281,12.193198394100168,-86.37309645091241,-77.02342951929589,2.605431505240892,13.329856033818297,1.2306739082800096,-82.81070081848117,-79.47823681002659,-76.14577280157202,-69.48084478466286
ok,noisy_sir_overfit_risk,sir,seir,SEIR,17,infected,0.05,29,3,-46.1543045765139,-96.48477148305648,True,159,22.430972599991946,4.652177413072341e-05,-21.19003695771791,35.82850573002723,3,-90.48477148305648,-89.52477148305648,-86.38288399309705,-90.0798593252285,2.389650067377841,-90.70117476124803,-78.71627208842503,2.8917983609042226,13.592337064602775,4.176162330028673,-86.74723092122197,-83.34914665507128,-79.95106238892058,-73.1548938566192
ok,noisy_sir_overfit_risk,sir,seir,SEIR,18,infected,0.05,29,3,-43.066534212061384,-88.28696090741562,True,162,11.35861229999864,3.684675637569872e-06,-20.884027459840325,607.1096100838341,3,-82.28696090741562,-81.32696090741563,-78.1850734174562,,,-83.12679735704525,-72.47023819754199,2.580081775185185,13.662830226580786,2.153892483292852,-79.59906230481045,-76.18335474816524,-72.76764719152006,-65.93623207822966
ok,noisy_sir_overfit_risk,sir,seir,SEIR,19,infected,0.05,29,3,-46.5330235904419,-95.63044427525372,True,167,11.693220899993321,2.333060228137954e-05,-25.710835823683464,599.9472874753607,3,-89.63044427525372,-88.67044427525373,-85.5285567852943,,,-90.46875177382049,-79.41439217704011,2.580846250716615,13.651655003843686,2.5643970943699275,-86.93997145737944,-83.52705770641852,-80.11414395545759,-73.28831645353576
ok,noisy_sir_overfit_risk,sir,sir,SIR,0,infected,0.05,29,2,-45.242983303963406,-90.57401756900529,True,151,5.765581500003464,8.4202916576087e-08,-18.21391478965931,2.5218158910990054,2,-86.57401756900529,-86.11247910746683,-83.83942590903234,-84.95605621132219,2.4257817562827415,-86.57965526074956,-77.15066305776179,1.9971811541278637,13.335303550165019,0.08805096107847522,-83.84891779698296,-80.51509190944171,-77.18126602190046,-70.51361424681794
ok,noisy_sir_overfit_risk,sir,sir,SIR,1,infected,0.05,29,2,-40.40376450922398,-80.87320709858363,True,145,2.8154101999971317,2.229205842545081e-07,-24.25815131170431,2.6606684443567405,2,-76.87320709858363,-76.41166863704517,-74.13861543861069,-75.5380634334785,2.9784832460729906,-76.87906429635905,-67.52495507769612,1.9970714011122932,13.282573940751849,0.06567808013567528,-74.14847689743297,-70.82783341224501,-67.50718992705704,-60.865902956681126
ok,noisy_sir_overfit_risk,sir,sir,SIR,2,infected,0.05,29,2,-52.804992371124804,-105.69717467739844,True,146,5.820923400009633,4.6998434524072065e-05,-31.17544039593782,2.6858181745251395,2,-101.69717467739844,-101.23563621585997,-98.96258301742549,-102.20827424120803,1.166494558726006,-101.7034164998364,-92.45037725310387,1.9968790887810224,13.15960748914574,0.08718993514882291,-98.97309204875891,-95.68319017647248,-92.39328830418604,-85.81348455961317
ok,noisy_sir_overfit_risk,sir,sir,SIR,3,infected,0.05,29,2,-45.594021805947605,-91.25929574666925,True,147,2.9439826000016183,1.5810858878167017e-06,-29.090646960682555,2.610187397465791,2,-87.25929574666925,-86.79775728513079,-84.5247040866963,-86.94542896376373,1.97742949279471,-87.26503737256148,-77.8741971176037,1.997129187053885,13.313846494291507,0.0712521347740376,-84.53437096315842,-81.20590933958555,-77.87744771601267,-71.22052446886691
ok,noisy_sir_overfit_risk,sir,sir,SIR,4,infected,0.05,29,2,-44.18869288815127,-88.45028379011976,True,149,5.909866100002546,1.5326514765081783e-05,-30.138289451312566,2.7027385425247017,2,-84.45028379011976,-83.98874532858129,-81.7156921301468,-83.97830780482965,2.1897194694227573,-84.45640701492954,-75.17652604028692,1.9969383875951108,13.200859736015635,0.07289801381720244,-81.72600148483083,-78.42578655082693,-75.12557161682301,-68.5251417488152
ok,noisy_sir_overfit_risk,sir,sir,SIR,5,infected,0.05,29,2,-50.19700964215256,-100.47694035040581,True,146,5.711894899999606,2.3254571368962057e-06,-32.163038666246514,2.572259378043602,2,-96.47694035040581,-96.01540188886734,-93.74234869043286,-96.4853860340625,1.572860491007195,-96.48273093804575,-87.10363071183907,1.9971047061800296,13.290388572466043,0.08292106610069383,-93.75209800123943,-90.42950085812292,-87.10690371500641,-80.46170942877339
ok,noisy_sir_overfit_risk,sir,sir,SIR,6,infected,0.05,29,2,-50.54989704193242,-101.16973349341899,True,147,2.875492299994221,3.513112174084916e-08,-30.30569146174132,2.63874347798861,2,-97.16973349341899,-96.70819503188052,-94.43514183344604,-96.91771625449967,1.7418959991631342,-97.17558002318643,-87.81730447001206,1.997076735116278,13.282489613852775,0.06993940955414772,-94.44498533109895,-91.12436292763576,-87.80374052417255,-81.16249571724617
ok,noisy_sir_overfit_risk,sir,sir,SIR,7,infected,0.05,29,2,-48.05445051712226,-96.19016877673359,True,146,2.906815499998629,3.52391979655428e-05,-28.822627899453927,2.700916537158981,2,-92.19016877673359,-91.72863031519512,-89.45557711676064,-92.75229334836052,1.4307831494063703,-92.19638956683089,-82.93997694208065,1.9968896049513496,13.168924092163875,0.08126774248906161,-89.46605073703756,-86.1738197139966,-82.88158869095562,-76.29712664487369
ok,noisy_sir_overfit_risk,sir,sir,SIR,8,infected,0.05,29,2,-38.805302648144405,-77.66643069880239,True,149,2.9422496000042884,5.042154008742474e-05,-23.07281958558614,2.6771951079344105,2,-73.66643069880239,-73.20489223726392,-70.93183903882944,-73.2587596869239,2.048717235544723,-73.67207505586215,-64.25116904045889,1.9971778214701184,13.359436255829916,0.05582540251357067,-70.94134214882459,-67.60148308486711,-64.26162402090964,-57.58190589299467
ok,noisy_sir_overfit_risk,sir,sir,SIR,9,infected,0.05,29,2,-49.475595807741186,-99.00533661819516,True,143,5.753403000009712,9.037128203009812e-07,-27.881598015642176,2.8048599331059894,2,-95.00533661819516,-94.54379815665669,-92.27074495822221,-95.35627294770148,1.5777438166994557,-95.01150892055736,-85.74902003880476,1.9969138488188956,13.202171576677614,0.05414500271278671,-92.28113694222505,-88.98059404805565,-85.68005115388624,-79.07896536554743
ok,noisy_sir_overfit_risk,sir,sir,SIR,10,infected,0.05,29,2,-50.149090350475916,-100.35321630582219,True,147,2.9272901999938767,4.568675390622849e-05,-26.49971139522438,2.684332646961468,2,-96.35321630582219,-95.89167784428372,-93.61862464584924,-96.79098741087091,1.3038404011425215,-96.35888367694075,-86.94567190923738,1.9971663144407215,13.352508791714463,0.05503560487035857,-93.6281665034165,-90.29003930548788,-86.95191210755927,-80.27565771170202
ok,noisy_sir_overfit_risk,sir,sir,SIR,11,infected,0.05,29,2,-46.727553889443996,-93.522022661643,True,148,2.864075799996499,1.103203200750967e-05,-28.726626368006144,2.7417489140468585,2,-89.522022661643,-89.06048420010454,-86.78743100167006,-89.30720765120837,2.1930067590250126,-89.52818831281807,-80.26144793570252,1.9969171744124656,13.193659843185477,0.06691488275502021,-86.79781178741554,-83.49939682661918,-80.2009818658228,-73.60415194423007
ok,noisy_sir_overfit_risk,sir,sir,SIR,12,infected,0.05,29,2,-42.36585225128737,-84.7911815698082,True,151,2.9836737000005087,4.238944852367047e-06,-29.80791949384595,2.6874731625843156,2,-80.7911815698082,-80.32964310826974,-78.05658990983525,-80.5420100808899,2.2461989879996103,-80.79702216266168,-71.43889411799863,1.997079703573265,13.29281038457612,0.05947706723345953,-78.06642341181532,-74.7432208156713,-71.42001821952726,-64.77361302723921
ok,noisy_sir_overfit_risk,sir,sir,SIR,13,infected,0.05,29,2,-44.87347161007882,-89.8334108908645,True,147,2.934661299994332,8.992774291839783e-06,-28.60460012972232,2.5753894504575174,2,-85.8334108908645,-85.37187242932603,-83.09881923089155,-84.75712417438187,2.403147495511913,-85.83927030083903,-76.47965729216122,1.997070295012732,13.267285927996427,0.08646767070684702,-83.10868441427827,-79.79186293227916,-76.47504145028006,-69.84139848628185
ok,noisy_sir_overfit_risk,sir,sir,SIR,14,infected,0.05,29,2,-53.06216698392831,-106.21830294355719,True,148,8.355987400005688,7.3713747274331e-05,-29.58312138593124,2.7123703424230943,2,-102.21830294355719,-101.75676448201872,-99.48371128358424,-103.28990860141751,0.7907262420382355,-102.22469167597613,-93.00676200804413,1.996805633790528,13.117571959812482,0.0939689757005828,-99.49446765960084,-96.21507466964772,-92.9356816796946,-86.37689569978836
ok,noisy_sir_overfit_risk,sir,sir,SIR,15,infected,0.05,29,2,-41.12619612019718,-82.31839313614148,True,148,8.361382799994317,3.9781526103232395e-07,-31.79636448489955,2.65575331509529,2,-78.31839313614148,-77.85685467460301,-75.58380147616853,-76.89894155942493,2.986442621037046,-78.3242356192222,-68.96562217576135,1.9970787584596448,13.286770064633005,0.06600089574712638,-75.59363816062576,-72.27194564446751,-68.95025312830926,-62.306868095992755
ok,noisy_sir_overfit_risk,sir,sir,SIR,16,infected,0.05,29,2,-44.46984401620431,-88.99481973797107,True,149,16.735946899992996,8.7427648651863e-06,-26.95572638002799,2.712836992539254,2,-84.99481973797107,-84.5332812764326,-82.26022807799812,-84.48517627443368,2.187085726188164,-85.00066956277362,-75.64573126776193,1.9970750875987255,13.29395676464669,0.055131705562440375,-82.27007712333001,-78.94658793216834,-75.62309874100667,-68.97612035868332
ok,noisy_sir_overfit_risk,sir,sir,SIR,17,infected,0.05,29,2,-46.992046747849834,-94.0375633630601,True,147,8.285243800011813,1.9190168404899212e-05,-25.66432504400884,3.0462790873930223,2,-90.0375633630601,-89.57602490152163,-87.30297170308715,-90.49808035636292,1.3498940445665044,-90.04436893246573,-80.9369667295837,1.996597215297184,13.047126766115962,0.05346986736043529,-87.31442988582728,-84.05264819429829,-80.7908665027693,-74.26730311971131
ok,noisy_sir_overfit_risk,sir,sir,SIR,18,infected,0.05,29,2,-44.916094015503404,-89.87506526894589,True,148,8.373003200002131,1.8132549576598055e-05,-22.721818870628375,2.8179801350021,2,-85.87506526894589,-85.41352680740742,-83.14047360897294,-84.70895124010666,2.6019148812524517,-85.88104938591337,-76.56585623556501,1.9970079415162574,13.266331795441799,0.04287723793908775,-83.15054875502832,-79.83396580616788,-76.51738285730742,-69.88421695958652
ok,noisy_sir_overfit_risk,sir,sir,SIR,19,infected,0.05,29,2,-48.85904530050196,-97.77373352544005,True,149,8.432048499991652,1.2378891808869007e-08,-27.602211100455875,2.7629252193057874,2,-93.77373352544005,-93.31219506390158,-91.0391418654671,-94.11126829149151,1.4172272939794248,-93.77979293919523,-84.48607331632232,1.9969702931224127,13.232017284681596,0.05564292443613084,-91.04934378480209,-87.74133946363169,-84.43333514246129,-77.81732650012049
ok,noisy_sir_overfit_risk,sir,tv_sir,TV-SIR,0,infected,0.05,29,4,-46.32863751942332,-92.80427252698885,True,160,9.462534200007212,1.0510055394547518e-05,-17.725131805326274,28451.783680312987,4,-84.80427252698885,-83.13760586032218,-79.33508920704296,-86.63935586589824,2.5206917245311673,-86.73908574707735,-75.41837093679823,3.032593389955753,17.238904102048416,0.1469974881422206,-82.5926334509463,-78.28290742543419,-73.97318139992208,-65.35372934889787
ok,noisy_sir_overfit_risk,sir,tv_sir,TV-SIR,1,infected,0.05,29,4,-40.85517294933134,-81.78337414024676,True,159,9.57227909998619,1.580512587688969e-05,-24.256524908492207,55528.428749520055,4,-73.78337414024676,-72.11670747358009,-68.31419082030087,-73.11726299893708,4.5213315828820395,-75.80075403865949,-64.52616260800615,2.991310050793633,17.18418329065653,0.07302824158408908,-71.71074828001274,-67.41470245734861,-63.11865663468447,-54.5265649893562
ok,noisy_sir_overfit_risk,sir,tv_sir,TV-SIR,2,infected,0.05,29,4,-54.14445676796334,-108.46948954707341,True,160,4.794442999991588,0.00010773468705509364,-32.53602657268496,33814.17000795345,4,-100.46948954707341,-98.80282288040674,-95.00030622712751,-103.96041422067543,1.2754981803996688,-102.44105252883901,-91.31037920881698,3.0142185091171974,16.978534327109706,0.18057601114672106,-98.31972413065502,-94.0750905488776,-89.83045696710016,-81.34118980354532
ok,noisy_sir_overfit_risk,sir,tv_sir,TV-SIR,3,infected,0.05,29,4,-45.69545233579159,-91.44490043574089,True,164,4.888982100004796,7.955238929266558e-06,-29.263527190191923,39935.51192803688,4,-83.44490043574089,-81.77823376907422,-77.97571711579499,-84.61322759610823,3.1214178824674086,-85.42307278284454,-74.10613694023132,3.0109138264481756,17.284767731351856,0.05399576415770288,-81.30626286349333,-76.98507093065537,-72.6638789978174,-64.02149513214147
ok,noisy_sir_overfit_risk,sir,tv_sir,TV-SIR,4,infected,0.05,29,4,-44.47854893211965,-89.07160662230898,True,161,4.830913999991026,1.8261532746249349e-06,-29.895497118821346,73244.60314889518,4,-81.07160662230898,-79.4049399556423,-75.60242330236308,-81.56684229889392,3.515887557222513,-83.12374532159988,-72.01496320470598,2.9739306503545455,16.942134659533323,0.11450875806968225,-79.05750234470115,-74.82196867981781,-70.5864350149345,-62.115367685167826
ok,noisy_sir_overfit_risk,sir,tv_sir,TV-SIR,5,infected,0.05,29,4,-50.24106405374409,-100.541085486312,True,162,4.858172699998249,5.011984932701301e-07,-32.26044882694333,40345.462924137544,4,-92.541085486312,-90.87441881964533,-87.0719021663661,-94.06959645723117,2.6577148791060137,-94.52415734434157,-83.26332555892336,3.008464070985211,17.218802548564824,0.05895737882382171,-90.41069696541936,-86.10599632827815,-81.80129569113694,-73.19189441685454
ok,noisy_sir_overfit_risk,sir,tv_sir,TV-SIR,6,infected,0.05,29,4,-50.81067567776021,-101.76084206985117,True,161,4.724264699994819,3.964173362605439e-06,-30.750380805818953,24025.107095851472,4,-93.76084206985117,-92.0941754031845,-88.29165874990527,-96.22027653690779,2.048606103220691,-95.66223993988355,-84.2744869230304,3.0493010649838097,17.34686443249003,0.13949071433074955,-91.49294330935787,-87.15622720123537,-82.81951109311285,-74.14607887686785
ok,noisy_sir_overfit_risk,sir,tv_sir,TV-SIR,7,infected,0.05,29,4,-48.95224169110278,-98.03434358129647,True,164,4.961407999988296,7.906129560752389e-05,-30.233403499352374,31434.058510799015,4,-90.03434358129647,-88.3676769146298,-84.56516026135057,-92.83371619412537,2.1868030997528844,-91.99255063771977,-80.85159617245426,3.020896471788345,17.052887209751297,0.12986019909091404,-87.86209148902272,-83.59886968658489,-79.33564788414706,-70.80920427927143
ok,noisy_sir_overfit_risk,sir,tv_sir,TV-SIR,8,infected,0.05,29,4,-39.180978218261856,-78.42919646368503,True,163,9.838157599995611,2.2853270408805664e-05,-23.8060900921241,22843.011853028063,4,-70.42919646368503,-68.76252979701836,-64.96001314373913,-72.5713299406364,2.683317644896912,-72.31254071819635,-60.86909661127504,3.0583278727443437,17.492859825248672,0.06724002716131955,-68.1309017710616,-63.757686814749434,-59.384471858437266,-50.63804194581293
ok,noisy_sir_overfit_risk,sir,tv_sir,TV-SIR,9,infected,0.05,29,4,-50.79218153413496,-101.72414045740842,True,162,4.743778300005943,3.117869456931286e-05,-29.19112410105257,101970.97371655595,4,-93.72414045740842,-92.05747379074175,-88.25495713746253,-95.5856898785922,2.461052450791548,-95.79521572340697,-84.60656165498314,2.9644623670007273,16.977801413286787,0.13977738913849708,-91.74191869085504,-87.49746833753335,-83.25301798421165,-74.76411727756826
ok,noisy_sir_overfit_risk,sir,tv_sir,TV-SIR,10,infected,0.05,29,4,-50.43815588007779,-101.0678209586974,True,165,9.587829900003271,0.00010257620899416175,-24.22065731747435,53353.63840501148,4,-93.0678209586974,-91.40115429203072,-87.5986376387515,-95.72469387808647,1.995659064062576,-95.07988062353475,-83.64724957876483,2.993970167581325,17.22906218139074,0.1915091985418247,-90.98623769829689,-86.6789721529492,-82.37170660760152,-73.75717551690614
ok,noisy_sir_overfit_risk,sir,tv_sir,TV-SIR,11,infected,0.05,29,4,-49.626363000894514,-99.57407736629679,True,169,5.005821599988849,3.637042257663148e-05,-33.844821633439324,229946.01252383154,4,-91.57407736629679,-89.90741069963012,-86.10489404635089,-91.48573032075903,3.49648946264874,-93.68731391748469,-82.39452404677931,2.9433817244060547,16.85820195500971,0.3213513645077643,-89.66284035964588,-85.44828987089346,-81.23373938214102,-72.80463840463617
ok,noisy_sir_overfit_risk,sir,tv_sir,TV-SIR,12,infected,0.05,29,4,-42.541309386223666,-85.22380155196335,True,165,9.62257709998812,1.084898087695326e-05,-23.64685310048362,29071.231325786182,4,-77.22380155196335,-75.55713488529668,-71.75461823201745,-77.79760052946827,3.838211382995656,-79.15322054206453,-67.6854935213699,3.035290504949409,17.397125251077423,0.1411827795160209,-75.00308049184966,-70.65379917908031,-66.30451786631095,-57.60595524077223
ok,noisy_sir_overfit_risk,sir,tv_sir,TV-SIR,13,infected,0.05,29,4,-45.182752561005934,-90.43911331529627,True,163,4.775958199999877,1.9402951739834253e-05,-28.04344959333482,37751.632745922754,4,-82.43911331529627,-80.7724466486296,-76.96992999535037,-83.6888610334375,3.0482854003541906,-84.41845983538703,-73.23389092865912,3.010326739954622,17.131614193352746,0.07360819328440457,-80.30245263695029,-76.01954908861211,-71.73664554027391,-63.170838443597546
ok,noisy_sir_overfit_risk,sir,tv_sir,TV-SIR,14,infected,0.05,29,4,-54.13261128352093,-108.4162877581744,True,164,27.81195500001195,0.0001307426081861841,-31.256192225546034,36766.838139311796,4,-100.4162877581744,-98.74962109150773,-94.94710443822851,-104.4210724677775,1.1106204543367388,-102.401523097596,-91.34800897769168,3.0073823302892,16.917213589350176,0.15106519113255137,-98.28954177821657,-94.06023838087903,-89.83093498354148,-81.37232818886639
ok,noisy_sir_overfit_risk,sir,tv_sir,TV-SIR,15,infected,0.05,29,4,-41.31402054906616,-82.68194861078992,True,158,13.464294300007168,5.899925400829751e-07,-31.914665771326355,33012.94546597594,4,-74.68194861078992,-73.01528194412325,-69.21276529084402,-75.34060473908116,3.933517776349236,-76.63721417911295,-65.37659481597903,3.0223672158384853,17.251446282153278,0.05390751265760302,-72.50474408820915,-68.19188251767083,-63.87902094713251,-55.25329780605587
ok,noisy_sir_overfit_risk,sir,tv_sir,TV-SIR,16,infected,0.05,29,4,-45.687438388049316,-91.54816280642757,True,165,27.88460039999336,8.184719473149102e-07,-27.282443659411378,29976.090761235566,4,-83.54816280642757,-81.8814961397609,-78.07897948648167,-84.52209490112752,3.3558897982170066,-85.48853748350889,-74.11506237389837,3.0298126614593377,17.259814402200266,0.17328603032894374,-81.34588726585532,-77.03093366530526,-72.71598006475519,-64.08607286365506
ok,noisy_sir_overfit_risk,sir,tv_sir,TV-SIR,17,infected,0.05,29,4,-49.194352276331976,-98.6641519356867,True,167,14.398334899990004,2.698024846634729e-05,-29.087439720142996,234477.16398934874,4,-90.6641519356867,-88.99748526902003,-85.1949686157408,-90.95855882900271,3.142648453334485,-92.78125923487859,-81.66795555080687,2.9414463504040578,16.72074900185709,0.2754473830227564,-88.75943190584219,-84.57924465537792,-80.39905740491365,-72.0386829039851
ok,noisy_sir_overfit_risk,sir,tv_sir,TV-SIR,18,infected,0.05,29,4,-45.002448200288555,-90.06362473317833,True,160,13.660243899998022,3.419522302651844e-05,-22.69315225245723,43172.379464064215,4,-82.06362473317833,-80.39695806651166,-76.59444141323243,-82.14046448306554,3.714797709173646,-84.05325696287474,-72.78352745356881,3.005183885151795,17.221368947008294,0.05872833260122399,-79.94428156836413,-75.63893933161206,-71.33359709485998,-62.72291262135584
ok,noisy_sir_overfit_risk,sir,tv_sir,TV-SIR,19,infected,0.05,29,4,-49.27842560836485,-98.63814952303072,True,168,14.342377900000429,1.329332546170911e-05,-28.072024273639975,66697.76851492921,4,-90.63814952303072,-88.97148285636405,-85.16896620308482,-92.86277647295577,2.0889784959251925,-92.67671958463856,-81.49446003013303,2.980714969196081,17.06239118659667,0.0812983063010197,-88.6012004368785,-84.33560264022933,-80.07000484358016,-71.53880925028183
ok,noisy_sir_overfit_risk,sir,ude_sir_h2,UDE-SIR(2),0,infected,0.05,29,11,-46.068756246552375,-92.86489699106957,True,169,7.9235861000051955,1.9993408326443417e-05,-17.885056614437964,23049071301947.49,6,-70.86489699106957,-55.33548522636369,-55.82464286121836,508.65299527884713,294.20297023277567,-87.01028514216036,-76.39629990167865,2.9273059244546045,15.741212591426104,0.7273844979648143,-83.00779195855888,-79.07248881070235,-75.13718566284584,-67.26657936713278
ok,noisy_sir_overfit_risk,sir,ude_sir_h2,UDE-SIR(2),1,infected,0.05,29,11,-40.59346964207232,-81.55115288997426,True,167,7.938929600000847,1.166382728408613e-05,-24.249269464105094,13841713290308.11,6,-59.55115288997426,-44.02174112526838,-44.51089876012305,190.35041275348723,134.42684532453444,-76.00471244142898,-66.520143497073,2.7732202242726425,14.666795787071655,0.3642136058296164,-72.21289999314683,-68.54620104637893,-64.879502099611,-57.54610420607518
ok,noisy_sir_overfit_risk,sir,ude_sir_h2,UDE-SIR(2),2,infected,0.05,29,11,-53.78171576199311,-108.41474941101053,True,170,16.097051200005808,0.00013473295526751462,-32.36107612021556,22682413222206.953,6,-86.41474941101053,-70.88533764630465,-71.37449528115931,38.179691477785376,66.14453183339889,-102.5605399452102,-92.02840564534927,2.9271047329001654,15.535025878636958,0.8513178870243097,-98.55832184998214,-94.67456538032289,-90.79080891066366,-83.02329597134518
ok,noisy_sir_overfit_risk,sir,ude_sir_h2,UDE-SIR(2),3,infected,0.05,29,11,-45.60204735672193,-91.31924262568987,True,168,16.21156009999686,3.171793137713303e-06,-29.08579777963903,15180332492447.61,6,-69.31924262568987,-53.78983086098398,-54.278988495838654,180.5288696835646,131.9405856946691,-86.31925956565331,-77.15865724912824,2.499991530018276,14.045437464315624,0.11514791224599805,-82.90103157165782,-79.38967220557892,-75.87831283950001,-68.8555941073422
ok,noisy_sir_overfit_risk,sir,ude_sir_h2,UDE-SIR(2),4,infected,0.05,29,11,-44.27619562333832,-88.7803687539837,True,157,15.160834199996316,5.475312470696296e-06,-30.11057779438432,13980946061363.473,6,-66.7803687539837,-51.25095698927781,-51.74011462413248,90.98085817103569,86.26434080993054,-83.38168065839149,-74.16580750234796,2.6993440477961053,14.38658374432868,0.2279775073070589,-79.69087879814106,-76.09423286205889,-72.49758692597672,-65.30429505381238
ok,noisy_sir_overfit_risk,sir,ude_sir_h2,UDE-SIR(2),5,infected,0.05,29,11,-50.207782663410065,-100.54572848586471,True,166,7.821016300003976,1.053340284471305e-06,-32.16672811822965,14882278451388.932,6,-78.54572848586471,-63.01631672115883,-63.5054743560135,429.56262909969814,259.0948641858178,-95.51121831005989,-86.36012979780854,2.517255087902414,14.055435529011595,0.13016315904459072,-92.06938592535869,-88.55552704310578,-85.0416681608529,-78.0139503963471
ok,noisy_sir_overfit_risk,sir,ude_sir_h2,UDE-SIR(2),6,infected,0.05,29,11,-50.67024498629001,-101.59871668175234,True,160,7.593534599989653,4.113338817544289e-06,-30.47218979157043,17990715233615.13,6,-79.59871668175234,-64.06930491704645,-64.55846255190113,17.673598948164805,52.63656660633519,-96.06870700731719,-86.41518239434268,2.765004837217573,14.92530757823733,0.25822670917231827,-92.28812742349717,-88.55680052893784,-84.82547363437851,-77.36281984525985
ok,noisy_sir_overfit_risk,sir,ude_sir_h2,UDE-SIR(2),7,infected,0.05,29,11,-48.67582352071239,-97.99143861177605,True,161,7.794309999997495,9.717697060935113e-05,-29.862747257660452,20999795644241.234,6,-75.99143861177605,-60.46202684707016,-60.951184481924834,147.94349147968438,117.8675345182147,-92.24305923133127,-81.99208326235707,2.8741896902223836,15.359563779067717,0.6397915703512692,-88.3131916533001,-84.47330070853316,-80.63340976376624,-72.95362787423238
ok,noisy_sir_overfit_risk,sir,ude_sir_h2,UDE-SIR(2),8,infected,0.05,29,11,-39.02522324025296,-78.37967914986045,True,168,7.973054699992645,1.640277287035979e-05,-23.430446181759773,19805307773510.168,7,-56.37967914986045,-40.85026738515457,-41.33942502000924,125.59940192942383,96.21628788394582,-72.77278457056252,-62.86513918747444,2.8034472896489664,15.185307293031485,0.32923266935453155,-68.9396427818386,-65.14331595858073,-61.34698913532286,-53.754335488807115
ok,noisy_sir_overfit_risk,sir,ude_sir_h2,UDE-SIR(2),9,infected,0.05,29,11,-50.35119393283686,-101.54296670045393,True,161,7.530649699998321,3.2305220093209415e-05,-29.180494514393615,12068545784833.69,6,-79.54296670045393,-64.01355493574805,-64.50271257060271,318.27502784848093,202.35218759235198,-95.82816471382381,-85.99421082466628,2.857400993315064,14.708177041007438,0.8405788347802163,-91.92125225106491,-88.24420799081305,-84.56716373056119,-77.21307521005747
ok,noisy_sir_overfit_risk,sir,ude_sir_h2,UDE-SIR(2),10,infected,0.05,29,11,-50.172631216226975,-100.47491713474183,True,161,7.556689700009883,6.0843712444558745e-05,-24.714952378314116,15498177846897.23,6,-78.47491713474183,-62.945505370035946,-63.434663004890616,60.02077804025801,73.69545812936587,-95.27952434168954,-86.05956559930776,2.597696396526149,14.285696833146192,0.12965470228787362,-91.72770489114843,-88.15628068286189,-84.58485647457533,-77.44200805800224
ok,noisy_sir_overfit_risk,sir,ude_sir_h2,UDE-SIR(2),11,infected,0.05,29,11,-48.95860197078192,-99.52053875209155,True,166,15.658469399990281,4.905699238071839e-05,-32.20527831921861,10573616798127.389,6,-77.52053875209155,-61.99112698738567,-62.48028462224034,222.64223480491688,155.6736332469124,-93.58159471026677,-83.16603796734847,2.9694720209123933,14.75116597421537,1.6033348105277165,-89.52144799881174,-85.83365650525789,-82.14586501170405,-74.77028202459637
ok,noisy_sir_overfit_risk,sir,ude_sir_h2,UDE-SIR(2),12,infected,0.05,29,11,-42.49215387769311,-85.28295307512016,True,168,7.941848300004494,1.8111479102759903e-05,-25.968295710567325,14209465398401.26,8,-63.28295307512016,-47.75354131041428,-48.24269894526895,176.73369466984792,127.44710023691667,-79.79813972868227,-70.40083626038596,2.7424066732189445,14.58347149500027,0.29864531973393127,-76.04845852026293,-72.40259064651286,-68.75672277276279,-61.46498702526266
ok,noisy_sir_overfit_risk,sir,ude_sir_h2,UDE-SIR(2),13,infected,0.05,29,11,-44.95956320243482,-90.18072913178848,True,169,14.620152500006952,1.974843683157265e-05,-28.561668193789554,17041036346227.943,8,-68.18072913178848,-52.6513173670826,-53.14047500193727,247.64971610067224,164.2533238266729,-84.85855396701409,-75.42671186129962,2.6610875823871982,14.492414543570018,0.26160272691884484,-81.22006001238728,-77.59695637649477,-73.97385274060227,-66.72764546881726
ok,noisy_sir_overfit_risk,sir,ude_sir_h2,UDE-SIR(2),14,infected,0.05,29,11,-53.72817636194078,-108.1216263548404,True,161,44.57533770000737,0.00014962661005389377,-30.657391722594557,20474201874712.832,6,-86.1216263548404,-70.59221459013452,-71.0813722249892,102.64123125569064,98.2568759792382,-102.38732783087588,-92.21550173847618,2.8671492619822625,15.240850985405382,0.6652736309588405,-98.46708660101874,-94.6568738546674,-90.84666110831604,-83.22623561561335
ok,noisy_sir_overfit_risk,sir,ude_sir_h2,UDE-SIR(2),15,infected,0.05,29,11,-41.20551448487022,-82.63280064207737,True,164,22.23438399999577,1.2156035417394419e-06,-31.92791594365392,17637624710639.035,6,-60.63280064207737,-45.103388877371486,-45.59254651222616,171.44972866364907,124.95983115218277,-77.16746350433849,-67.62730494286065,2.732668568869446,14.783724026879801,0.2217716723369269,-73.43109716538818,-69.73516615866824,-66.03923515194828,-58.64737313850838
ok,noisy_sir_overfit_risk,sir,ude_sir_h2,UDE-SIR(2),16,infected,0.05,29,11,-45.21931046908682,-91.12582786610551,True,167,22.61601189999783,4.9695960124408825e-06,-27.461283364604228,22445203172187.68,6,-69.12582786610551,-53.596416101399626,-54.0855737362543,111.61341635442928,96.8784597194601,-85.33421241736191,-74.95534421910122,2.895807724371802,15.483276719072425,0.6872069279318641,-81.37478659138571,-77.50396741161761,-73.6331482318495,-65.89150987231329
ok,noisy_sir_overfit_risk,sir,ude_sir_h2,UDE-SIR(2),17,infected,0.05,29,11,-48.30506644280055,-97.97936189696912,True,163,45.007127299992135,3.08732658787587e-05,-26.740724519246108,10339854012757.936,6,-75.97936189696912,-60.44995013226324,-60.93910776711791,120.5283882287914,103.57139376727756,-92.20967126972984,-82.25642876112822,2.884845313619645,14.353704124472879,1.3692290113680152,-88.26523430226167,-84.67680827114346,-81.08838224002524,-73.91153017778879
ok,noisy_sir_overfit_risk,sir,ude_sir_h2,UDE-SIR(2),18,infected,0.05,29,11,-44.91948033038496,-89.9049684034628,True,168,22.847274399988237,2.1017140090902985e-05,-22.72506755124352,15431568622299.125,7,-67.9049684034628,-52.37555663875692,-52.86471427361159,175.56678755550627,129.5470345879064,-85.23106309155362,-76.11286677361487,2.3369526559545934,13.726093887155043,0.06600774269288497,-82.03575747019109,-78.60423399840232,-75.17271052661357,-68.30966358303604
ok,noisy_sir_overfit_risk,sir,ude_sir_h2,UDE-SIR(2),19,infected,0.05,29,11,-49.05547541242896,-98.46059644074154,True,154,44.396232700004475,8.05045713409241e-06,-27.75315825983665,13690319666503.43,6,-76.46059644074154,-60.931184676035656,-61.42034231089033,580.720601303681,333.970367344353,-92.93285826673902,-83.52895995989593,2.7638690870012583,14.581990864961991,0.3496456158836165,-89.15383158945367,-85.50833387321318,-81.86283615697268,-74.57184072449168
ok,regular_sir_full,sir,neural_ode_h2,NeuralODE(2),0,full,0.01,87,14,-218.40396826337764,-533.2014071189384,True,169,6.563497300012386,0.0002324236876783253,436.0002904328432,208061850569.27203,14,-505.2014071189384,-499.3680737856051,-470.6786934577742,13249.98452795368,6875.769148791444,-518.3083838972835,-395.4764531782021,7.446511610827456,41.33148334855315,96.3934705921831,-499.9459704604884,-489.61309962335014,-479.28022878621186,-458.61448711193526
ok,regular_sir_full,sir,neural_ode_h2,NeuralODE(2),1,full,0.01,87,14,-215.94715136850567,-517.9642282257067,True,169,19.793953600004897,0.0003423805468981131,308.0399424218394,28830125735.499596,14,-489.96422822570673,-484.1308948923734,-455.44151456454256,4510.471463661089,2495.771309722014,-503.5582998624007,-392.3188614993343,7.2029641816530106,39.5754412376771,86.06992548869536,-485.7964520084844,-475.9025916990651,-466.00873138964585,-446.2210107708073
ok,regular_sir_full,sir,neural_ode_h2,NeuralODE(2),2,full,0.01,87,14,-218.26401050461885,-524.1298133932324,True,168,19.727188200005912,0.00030897132161283533,431.341112480617,49198269000.193794,14,-496.12981339323244,-490.2964800598991,-461.60709973206826,15514.569261799557,7999.61239363749,-509.13919217267187,-395.02097739553,7.4953106102802955,41.50704361370773,87.6017923839947,-490.6564448869438,-480.27968398351686,-469.9029230800899,-449.1494012732361
ok,regular_sir_full,sir,neural_ode_h2,NeuralODE(2),3,full,0.01,87,14,-209.45903647045915,-514.7662792684285,True,170,20.061337400009506,0.0002808560196553617,147.4541574427103,24806012779.633327,14,-486.76627926842855,-480.93294593509523,-452.2435656072644,12065.8429708293,6275.038313552435,-499.80516478495406,-377.5676013259762,7.480557241737245,41.350471614942094,95.84820632751024,-481.35879795049385,-471.02118004675833,-460.6835621430228,-440.00832633555177
ok,regular_sir_full,sir,neural_ode_h2,NeuralODE(2),4,full,0.01,87,14,-209.7404017822122,-505.4439367307166,True,170,17.35920140000235,0.0002425670593539236,244.12606054970155,34600460121.725746,14,-477.4439367307166,-471.6106033973833,-442.9212230695524,10758.687890937497,5615.744201392131,-490.14396533686255,-376.3717066725619,7.649985696927029,43.109096891862485,85.96313316629221,-471.2798034992187,-460.5025292762531,-449.72525505328747,-428.17070660735624
ok,regular_sir_full,sir,neural_ode_h2,NeuralODE(2),5,full,0.01,87,14,-207.58493752085803,-520.6876309035488,True,170,39.532062799989944,0.0002595126513627154,511.30046923141157,27427471522.860947,14,-492.6876309035488,-486.85429757021546,-458.1649172423846,21135.204213940386,10811.056341824005,-505.85922953925854,-373.68512210679364,7.41420068214513,41.4847529349224,105.51775586183273,-487.5764918838225,-477.2053036500919,-466.83411541636127,-446.0917389489001
ok,regular_sir_full,sir,neural_ode_h2,NeuralODE(2),6,full,0.01,87,14,-237.1006947596838,-560.4120910317066,True,169,21.66796120000072,0.00029260344897942845,312.5533528777102,4770755164.436858,14,-532.4120910317066,-526.5787576983732,-497.88937737054243,34986.49273148468,17746.897812468367,-545.3522698998299,-431.94943149228504,7.529910565938362,42.25195802708251,86.21070151233903,-526.7842023025396,-516.221212795769,-505.65822328899833,-484.53224427545706
ok,regular_sir_full,sir,neural_ode_h2,NeuralODE(2),7,full,0.01,87,14,-216.27506164776085,-524.0342746578388,True,168,9.21685470000375,0.00022577581421713412,488.9020706486719,38116945434.35766,14,-496.03427465783875,-490.20094132450544,-461.5115609966746,151221.95790616752,75846.79855745217,-509.06207056765265,-390.19605898141094,7.486102045093046,42.35406431411078,91.48415136231706,-490.602030757581,-480.01351467905334,-469.4249986005256,-448.24796644347026
ok,regular_sir_full,sir,neural_ode_h2,NeuralODE(2),8,full,0.01,87,14,-215.9938721954651,-532.0069332071728,True,169,23.21743860001152,0.00023255376135231597,964.1320337123759,437450017451.3378,14,-504.0069332071728,-498.17359987383946,-469.4842195460086,1660.25216928848,1077.9731757019285,-517.1291224941118,-390.61950420440684,7.4389053565304675,41.36824018652333,100.01918881624259,-498.7854653815403,-488.44340533490947,-478.10134528827865,-457.41722519501695
ok,regular_sir_full,sir,neural_ode_h2,NeuralODE(2),9,full,0.01,87,14,-211.0007626657717,-522.6606950058695,True,170,17.830664299995988,0.00020283903596910916,635.6608650729361,15070948328.573502,14,-494.66069500586946,-488.82736167253614,-460.1379813447053,40724.726089662785,20606.645881435543,-507.729972550496,-379.52665757327514,7.465361227686741,42.474867758268246,100.65916967432605,-489.3210776904541,-478.70236075088707,-468.08364381132,-446.84620993218584
ok,regular_sir_full,sir,neural_ode_h2,NeuralODE(2),10,full,0.01,87,14,-205.98097339654387,-502.9640162233186,True,170,13.256438800002798,0.0002747085153881998,425.377995461393,5967005500.049136,14,-474.9640162233186,-469.1306828899853,-440.4413025621544,23913.53647243782,12188.833701931639,-488.0782348881193,-369.19505272571575,7.442890667599642,42.766894067371965,91.00206943023085,-469.7247503646269,-459.0330268477839,-448.34130333094095,-426.9578562972549
ok,regular_sir_full,sir,neural_ode_h2,NeuralODE(2),11,full,0.01,87,14,-221.71777168144598,-556.9359237784365,True,168,13.153985099997954,0.00016404961644237034,453.4714082538106,13162104892.90792,14,-528.9359237784365,-523.1025904451031,-494.41321011727234,18733.605138337472,9624.110565924619,-542.0383077792907,-400.36064916242435,7.448807999572932,43.074894200467625,113.50038041554456,-523.6702316588445,-512.9015081087276,-502.1327845586107,-480.5953374583769
ok,regular_sir_full,sir,neural_ode_h2,NeuralODE(2),12,full,0.01,87,14,-206.45231757162907,-491.7613267271915,True,170,13.163947000008193,0.0003609035814911622,434.68108798945394,97598022369.51183,14,-463.7613267271915,-457.9279933938582,-429.2386130660273,35632.61017880262,18042.520385135424,-477.6335816980993,-373.9029484000097,7.063872514546089,39.00168674324844,78.85669158393335,-460.21472111533916,-450.46429942952705,-440.71387774371493,-421.2130343720907
ok,regular_sir_full,sir,neural_ode_h2,NeuralODE(2),13,full,0.01,87,14,-215.451056613458,-526.772494988218,True,171,13.662118499996723,0.0002358060677464524,415.4454623903227,9868624811.036837,14,-498.772494988218,-492.9391616548847,-464.2497813270538,8355.433973799409,4425.467759044181,-511.7979018645582,-389.1913536559306,7.487296561829921,41.71075957098544,95.87038176130197,-493.3349164859672,-482.90722659322086,-472.47953670047445,-451.62415691498177
ok,regular_sir_full,sir,neural_ode_h2,NeuralODE(2),14,full,0.01,87,14,-223.5508081093333,-532.6755550007549,True,170,6.820180299997446,0.0002618433479463562,405.9653037049921,56664344572.550064,14,-504.6755550007549,-498.8422216674216,-470.15284133959074,6653.935908466845,3581.607504715892,-517.3563450889468,-403.77911966285075,7.659604955904046,43.322496555815874,85.5739387820883,-498.4684630424961,-487.63783890354216,-476.8072147645882,-455.14596648668027
ok,regular_sir_full,sir,neural_ode_h2,NeuralODE(2),15,full,0.01,87,14,-208.73668837522408,-528.5631019469566,True,169,36.061358899998595,0.0002075790859452723,451.70088795519365,223247699051.37097,14,-500.56310194695664,-494.7297686136233,-466.04038828579246,9893.504346234184,5191.709614412272,-513.6814307765391,-375.48251071177066,7.44083558520879,41.99086603867748,111.08972519650848,-495.33301389739876,-484.8352973877294,-474.33758087806,-453.34214785872126
ok,regular_sir_full,sir,neural_ode_h2,NeuralODE(2),16,full,0.01,87,14,-225.0250157943773,-543.7331911684103,True,169,9.38152940000873,0.0002879242315161039,406.7955214257999,459255067270.8844,14,-515.7331911684103,-509.89985783507694,-481.2104775072461,6959.319761183894,3724.2389717260853,-529.2097409569219,-410.00555190963576,7.261725105744175,40.04447967911889,93.68315957965564,-511.3029940632295,-501.2918741434498,-491.28075422367004,-471.25851438411064
ok,regular_sir_full,sir,neural_ode_h2,NeuralODE(2),17,full,0.01,87,14,-215.39576636623568,-518.4886144739917,True,168,11.821866900005261,0.00024012687228987703,246.03297013586604,40086471014.17763,14,-490.4886144739917,-484.65528114065836,-455.9659008128275,22151.35788747973,11302.013386078133,-503.4861966932898,-387.96526953108776,7.501208890350924,42.8262632013836,87.69708174152032,-484.9889047908496,-474.28233899050366,-463.57577319015775,-442.162641589466
ok,regular_sir_full,sir,neural_ode_h2,NeuralODE(2),18,full,0.01,87,14,-213.24731998642062,-523.0273289985663,True,169,39.67513629999303,0.00020440150411900714,255.28621456307678,17728047492.39178,14,-495.0273289985663,-489.193995665233,-460.50461533740213,2698.2121468366718,1595.7058677723453,-507.8017833109104,-384.0350550371882,7.612772843827941,42.45958493565304,96.53268902572509,-489.029384949842,-478.4144887159287,-467.79959248201544,-446.56980001418896
ok,regular_sir_full,sir,neural_ode_h2,NeuralODE(2),19,full,0.01,87,14,-221.639374375609,-536.5292505436728,True,170,39.94178069999907,0.00016216826058733667,471.4597289767642,5434383965.706999,14,-508.5292505436728,-502.6959172103395,-474.0065368825086,77786.20936839805,39132.668751960955,-521.2448369614024,-399.2168181231304,7.642206791135236,44.06193062808763,93.25050179245476,-502.3998571907047,-491.38437453368283,-480.3688918766609,-458.3379265626171
ok,regular_sir_full,sir,seir,SEIR,0,full,0.01,87,3,-242.2509381368025,-489.78958016353096,True,167,8.694347600001493,2.2806073086025306e-06,-174.51386763765493,1432.093856964556,3,-483.78958016353096,-483.5004235370249,-476.3918558075672,-477.575899346985,7.4192003829130755,-483.80783189788673,-458.06829700018613,2.990874132822111,26.43357927341882,5.287703889925996,-476.4326110918867,-469.824216273532,-463.2158214551773,-449.99903181846787
ok,regular_sir_full,sir,seir,SEIR,1,full,0.01,87,3,-242.7014733182849,-490.3324106014774,True,167,10.77882390000741,7.805758713766786e-06,-175.83462157920962,1257.2562681914492,3,-484.3324106014774,-484.0432539749714,-476.93468624551366,-481.3545922238375,5.335089796971962,-484.3488028766603,-458.87254380744844,2.991803862408563,26.530402829121403,4.929463964907612,-476.9712894429249,-470.33868873564455,-463.7060880283642,-450.4408866138035
ok,regular_sir_full,sir,seir,SEIR,2,full,0.01,87,3,-241.5975296974006,-488.4186465968413,True,167,23.40510390000418,7.151143792704666e-06,-170.95574934114262,1384.5790400458045,3,-482.4186465968413,-482.12948997033527,-475.02092224087755,-480.17160843417753,5.056993351378278,-482.4366375786767,-456.7481920164874,2.991004509082302,26.446867378313797,5.22358720204011,-475.0610952767982,-468.44937843221976,-461.8376615876413,-448.6142278984844
ok,regular_sir_full,sir,seir,SEIR,3,full,0.01,87,3,-232.32855321127366,-469.97301118648943,True,167,23.52353099999891,4.111030741826197e-06,-175.9310685822972,1437.4111510042494,3,-463.97301118648943,-463.6838545599834,-456.57528683052567,-461.0759755548005,5.610697815441968,-463.99148827357266,-438.23381874034334,2.990761456458374,26.423287682203984,5.3159047639421,-456.61654531713276,-450.01072339658174,-443.4049014760308,-430.1932576349288
ok,regular_sir_full,sir,seir,SEIR,4,full,0.01,87,3,-251.7353790576319,-508.47605899398343,True,167,23.406488399996306,4.49375812624963e-06,-169.83822455823156,1300.7986335221008,3,-502.47605899398343,-502.1869023674774,-495.07833463801967,-501.2374729787587,3.51096396352306,-502.4928267480552,-476.9588353293484,2.9916161229640896,26.511922785915388,5.00530087871966,-495.1157762625402,-488.4877955660613,-481.85981486958246,-468.6038534766248
ok,regular_sir_full,sir,seir,SEIR,5,full,0.01,87,3,-221.97977525473377,-449.4855138454725,True,167,23.51804070000071,1.590289327874411e-06,-170.13481327193654,1565.460714073232,3,-443.4855138454725,-443.19635721896645,-436.08778948950874,-438.62039731569627,7.161594209477175,-443.50532804924734,-417.59199953123203,2.9900928981125716,26.367550978235506,5.525963336004989,-436.1320336962601,-429.5401459517012,-422.9482582071424,-409.7644827180246
ok,regular_sir_full,sir,seir,SEIR,6,full,0.01,87,3,-259.2326073336314,-523.2642134908574,True,167,11.712303699998301,1.2196609727388543e-05,-186.66480542239003,1189.8542390425216,3,-517.2642134908574,-516.9750568643514,-509.86648913489364,-514.3584780624949,5.2000154971245625,-517.2799155197839,-491.9013684831456,2.99214898553677,26.563846184117207,4.798998823594591,-509.9015510441247,-503.2605894980954,-496.6196279520661,-483.3377048600075
ok,regular_sir_full,sir,seir,SEIR,7,full,0.01,87,3,-256.5720602825913,-518.6794021419598,True,167,4.935975100001087,1.2767632994286636e-06,-172.56227910212218,1557.39109313565,3,-512.6794021419598,-512.3902455154538,-505.28167778599607,-510.87418030014567,4.549177167537123,-512.6991106566095,-486.77979560904515,2.9901457426751854,26.364324956137402,5.535281576777229,-505.3256859937863,-498.73460475475196,-492.1435235157176,-478.9613610376489
ok,regular_sir_full,sir,seir,SEIR,8,full,0.01,87,3,-229.78522073637802,-465.4835382854697,True,167,10.592550200002734,3.032287384405129e-07,-175.250697906783,1768.049502399915,3,-459.4835382854697,-459.19438165896366,-452.08581392950595,-455.38271035470757,6.346215204423511,-459.50561822050787,-433.31130826879297,2.988960032480928,26.259133203963067,5.913096812713665,-452.13511741007903,-445.57033410908826,-439.0055508080975,-425.87598420611596
ok,regular_sir_full,sir,seir,SEIR,9,full,0.01,87,3,-248.82504144961962,-504.4018461790853,True,167,15.459603600000264,7.017063176717459e-07,-157.34533910278824,2350.099218574268,3,-498.4018461790853,-498.11268955257924,-491.0041218231215,2904093.0452988027,1452297.117584867,-498.4305790232835,-471.62500602080826,2.9856335779008933,26.02507687843099,6.7517632798460605,-491.06828094420996,-484.5620117246022,-478.05574250499444,-465.043204065779
ok,regular_sir_full,sir,seir,SEIR,10,full,0.01,87,3,-246.70584880901671,-499.16699875244973,True,167,10.028077700000722,2.6811457799513842e-06,-173.56032064797012,1681.7803868256576,3,-493.16699875244973,-492.8778421259437,-485.76927439648597,-489.9819105624638,5.409061454974724,-493.18832764533767,-467.11044914304864,2.98933555355602,26.301248474984803,5.755301134416276,-485.8169008344411,-479.24158871569495,-472.6662765969487,-459.51565235945634
ok,regular_sir_full,sir,seir,SEIR,11,full,0.01,87,3,-251.68398905782814,-508.54559750710314,True,168,7.848056999995606,1.229012739271772e-06,-177.15329187906173,1401.4104121138357,3,-502.54559750710314,-502.2564408805971,-495.1478731511394,-499.3675857583105,5.208863569811291,-502.56334946278486,-476.9003736174478,2.991124022159131,26.46760449820848,5.177619391446842,-495.1875124526399,-488.5706113280878,-481.95371020353565,-468.71990795443145
ok,regular_sir_full,sir,seir,SEIR,12,full,0.01,87,3,-246.51593322224699,-498.94401555221907,True,167,3.8960497000080068,8.58738134118727e-07,-175.07841754126179,1768.5644326844915,3,-492.94401555221907,-492.65485892571303,-485.5462911962553,-488.42824457532026,6.498320485318166,-492.96625767805193,-466.77388850892686,2.98887893708357,26.25797793556709,5.912149107725071,-485.59595684142187,-479.0314623575301,-472.46696787363834,-459.33797890585475
ok,regular_sir_full,sir,seir,SEIR,13,full,0.01,87,3,-230.07976880850865,-465.3089064542539,True,166,3.949129400003585,3.994700456978038e-06,-149.64288010074387,1362.896520287531,3,-459.3089064542539,-459.01974982774783,-451.9111820982901,-453.03506928510103,7.828824722773421,-459.3264302509469,-433.68847578493467,2.9912381016535017,26.471061832082597,5.149368837236556,-451.95031193125055,-445.3325464732299,-438.71478101520927,-425.479250099168
ok,regular_sir_full,sir,seir,SEIR,14,full,0.01,87,3,-245.13363086421214,-495.6469818065642,True,169,8.228229399988777,3.3831601699124467e-06,-169.8939086333166,1461.7223966385063,3,-489.6469818065642,-489.35782518005817,-482.24925745060045,-485.18614590585173,6.893325191155147,-489.6656819547262,-463.8616277132735,2.990649925918987,26.405634015150802,5.379720078139924,-482.29101402234886,-475.68960551856117,-469.08819701477347,-455.8853800071981
ok,regular_sir_full,sir,seir,SEIR,15,full,0.01,87,3,-236.11166676047054,-477.755799656122,True,164,7.916121100002783,9.371803641654475e-07,-163.82949052850736,1573.8643913901017,3,-471.755799656122,-471.46664302961597,-464.35807530015825,-468.7264452318553,5.369928215912252,-471.77563472341825,-445.85656799886476,2.9900824663518715,26.366765522076314,5.532466135180929,-464.40236609419446,-457.8106747136754,-451.2189833331563,-438.03560057211814
ok,regular_sir_full,sir,seir,SEIR,16,full,0.01,87,3,-251.65555351206507,-508.44468866845784,True,168,11.729334700008621,5.095213509133711e-06,-167.37928901603456,1344.9062874038038,3,-502.44468866845784,-502.1555320419518,-495.0469643124941,-501.38075747289474,3.7255737641370086,-502.46203860580476,-476.8369959007553,2.991325031326549,26.474111123374836,5.133581644327707,-495.08570592552195,-488.46717814467826,-481.8486503638345,-468.6115948021471
ok,regular_sir_full,sir,seir,SEIR,17,full,0.01,87,3,-245.2803581735082,-496.2650906459242,True,167,3.9682116999902064,3.4631003963619817e-06,-173.52848489876376,1647.3301780422485,3,-490.2650906459242,-489.97593401941816,-482.86736628996044,-485.34282526618927,6.730801531836857,-490.28608148996193,-464.2461046888694,2.9895045779811324,26.314611658147,5.704374298907802,-482.9142378803632,-476.33558496582646,-469.7569320512897,-456.5996262222162
ok,regular_sir_full,sir,seir,SEIR,18,full,0.01,87,3,-234.3327755751896,-474.05653356373165,True,167,10.738093499996467,8.215696428938736e-07,-168.70284874048153,1493.6924613670835,3,-468.05653356373165,-467.7673769372256,-460.6588092077679,-463.87857485565564,6.492776706061423,-468.0753222244097,-442.2582370382956,2.9906056696609755,26.4073141120836,5.390982413352455,-460.70076342389825,-454.09893489587733,-447.4971063678565,-434.29344931181464
ok,regular_sir_full,sir,seir,SEIR,19,full,0.01,87,3,-241.41600625570476,-487.5909928611958,True,167,11.78660820001096,4.894472668605419e-06,-173.7505141874112,1198.8156541448027,3,-481.5909928611958,-481.30183623468974,-474.193268505232,-477.8016075038791,6.0577471153186355,-481.6064716752527,-456.2498324555636,2.9922605929715393,26.582180055845907,4.758980349786259,-474.227831985914,-467.58228697195256,-460.93674195799105,-447.6456519300681
ok,regular_sir_full,sir,sir,SIR,0,full,0.01,87,2,-276.1996831593964,-552.4645128531345,True,160,3.8689181999943685,7.760772273363015e-08,-172.97830138180524,11.186397036508469,2,-548.4645128531345,-548.3216557102774,-543.5326966158253,-545.9002388157551,3.6368700412933634,-548.4646335708409,-530.3830604700088,1.9999396411467858,22.016305848783944,0.0651465343417417,-543.5329661729179,-538.028889710722,-532.5248132485259,-521.5166603241339
ok,regular_sir_full,sir,sir,SIR,1,full,0.01,87,2,-270.08807419015454,-540.2416342088868,True,159,2.9290087000117637,5.359087753278815e-07,-170.86684201100505,10.916929369823352,2,-536.2416342088868,-536.0987770660297,-531.3098179715777,-535.8654635934306,2.1311451397098717,-536.2417534729653,-518.1559492502819,1.999940367960733,22.020199130027244,0.0654858285776643,-531.310084282786,-525.8050345002791,-520.2999847177723,-509.2898851527587
ok,regular_sir_full,sir,sir,SIR,2,full,0.01,87,2,-282.8868607596501,-565.8402784738513,True,158,17.970057900005486,1.1053872820320886e-06,-171.461440143611,10.816672885380324,2,-561.8402784738513,-561.6974213309942,-556.9084622365422,-561.7091247401287,1.971055398917661,-561.8403974022152,-543.7555554866003,1.999940535818017,22.018166032699966,0.06655695455107788,-556.9087277981153,-551.4041862899403,-545.8996447817652,-534.8905617654153
ok,regular_sir_full,sir,sir,SIR,3,full,0.01,87,2,-273.36004109867304,-546.7858352343785,True,158,8.914174700010335,2.1981099225730003e-07,-175.50445174853004,10.98345835573253,2,-542.7858352343785,-542.6429780915214,-537.8540189970694,-542.1058339263611,2.415544879148112,-542.7859549554096,-524.7024727567369,1.9999401394844611,22.01760944060912,0.06575303703245779,-537.8542863286317,-532.3498839684794,-526.8454816083272,-515.8366768880226
ok,regular_sir_full,sir,sir,SIR,4,full,0.01,87,2,-270.5458291143213,-541.1560758553939,True,159,8.990769000010914,5.559001609415571e-08,-175.51659708644615,11.094987923912887,2,-537.1560758553939,-537.0132187125367,-532.2242596180847,-536.5109153119715,2.367057677281582,-537.1561958930969,-519.0709075104335,1.9999399811484864,22.020750718209126,0.06441762675127916,-532.224527656761,-526.7193399772087,-521.2141522976564,-510.20377693855187
ok,regular_sir_full,sir,sir,SIR,5,full,0.01,87,2,-277.764106356008,-555.5920689935458,True,158,7.636675400004606,1.6329483744481318e-07,-170.0680010558555,11.09817682823429,2,-551.5920689935458,-551.4492118506887,-546.6602527562367,-551.0194242696946,2.138467695131765,-551.5921889130205,-533.5052512695431,1.9999400402626542,22.022961442472933,0.06385628152969508,-546.6605205309145,-541.1547801702962,-535.649039809678,-524.6375590884415
ok,regular_sir_full,sir,sir,SIR,6,full,0.01,87,2,-291.5032029007833,-583.0732792336862,True,159,17.90550969999458,1.1170284375969132e-06,-187.1726947830674,10.814442627870724,2,-579.0732792336862,-578.9304220908291,-574.1414629963771,-578.5217518051129,2.17870951796763,-579.0733982280626,-560.9895209054075,1.9999405028117936,22.01688489615909,0.0668734321195316,-574.1417287053529,-568.6375074813132,-563.1332862572733,-552.1248438091937
ok,regular_sir_full,sir,sir,SIR,7,full,0.01,87,2,-284.69774958557275,-569.4609468152972,True,159,7.5059908000112046,1.4575157178145216e-07,-175.32877151504908,11.200303672274725,2,-565.4609468152972,-565.3180896724401,-560.5291305779881,-566.1094537058062,1.5305477444985374,-565.4610676774404,-547.380546310178,1.999939568928412,22.014952860967476,0.06544764415178794,-560.5294004576012,-555.0256622423593,-549.5219240271175,-538.5144475966338
ok,regular_sir_full,sir,sir,SIR,8,full,0.01,87,2,-271.72207865863055,-543.5104692164596,True,159,9.163659500001813,7.682343471839034e-07,-175.20778043539795,11.299140595383594,2,-539.5104692164596,-539.3676120736025,-534.5786529791504,-538.9628975367884,2.3256661398045306,-539.5105907944758,-521.4336646885401,1.9999392109918825,22.010492628721003,0.06631189919842395,-534.5789244572753,-529.0763013000951,-523.5736781429148,-512.5684318285544
ok,regular_sir_full,sir,sir,SIR,9,full,0.01,87,2,-282.1427010031752,-564.351075329455,True,160,3.6718513000087114,2.989330113954595e-07,-161.81499468262004,11.235776148225648,2,-560.351075329455,-560.208218186598,-555.4192590921459,-560.707655870121,1.5441443063234392,-560.3511964330054,-542.2717955629297,1.9999394482248265,22.01360644342069,0.06567332310463408,-555.4195295108102,-549.9161278999551,-544.4127262890999,-533.4059230673895
ok,regular_sir_full,sir,sir,SIR,10,full,0.01,87,2,-284.95198796889184,-569.968822790698,True,159,8.145915499990224,6.146951695187127e-07,-172.10182234632123,10.926270032602785,2,-565.968822790698,-565.8259656478409,-561.0370065533889,-566.2413553287387,1.4551148164494774,-565.9689419496805,-547.8813018290691,1.9999404205087867,22.02267410871452,0.0648468529143899,-561.0372726299224,-555.5316041027438,-550.0259355755652,-539.0145985212079
ok,regular_sir_full,sir,sir,SIR,11,full,0.01,87,2,-284.45202119886187,-568.966330234189,True,157,2.9515964000020176,6.773264943002481e-07,-181.373281949642,11.275894969326677,2,-564.966330234189,-564.8234730913318,-560.0345139968798,-564.9734429266866,1.8530740176116947,-564.966450769742,-546.8780507576851,1.999939732223509,22.025991640038633,0.062287836465154345,-560.0347831472321,-554.5282852372225,-549.0217873272128,-538.0087915071935
ok,regular_sir_full,sir,sir,SIR,12,full,0.01,87,2,-273.82194135644465,-547.7094728658838,True,159,6.018554499998572,3.2714022010309964e-08,-175.58888333664308,11.079781013324935,2,-543.7094728658838,-543.5666157230266,-538.7776566285746,-543.7330923307323,2.0445076532692523,-543.709593097314,-525.6275018244264,1.9999398842848626,22.016380888462848,0.0655901529943991,-538.7779250998349,-533.2738298777192,-527.7697346556034,-516.761544211372
ok,regular_sir_full,sir,sir,SIR,13,full,0.01,87,2,-270.90057704636973,-541.8662108419513,True,160,2.973873499999172,2.867845844981833e-08,-155.4866893110452,11.072273887103888,2,-537.8662108419513,-537.7233536990942,-532.9343946046422,-536.6800538456943,2.6541807703965263,-537.8663309043858,-519.7825255112058,1.999939968782775,22.018628581533648,0.06505674921188566,-532.9346626985425,-527.4300055531592,-521.9253484077757,-510.91603411700885
ok,regular_sir_full,sir,sir,SIR,14,full,0.01,87,2,-283.90686972975607,-567.880751142564,True,161,3.0679690000106348,3.7089412174648217e-07,-176.55587802369038,11.12406378034678,2,-563.880751142564,-563.7378939997069,-558.9489349052549,-563.7246378739146,2.104836682905939,-563.8808719457243,-545.8035172234632,1.9999395984198651,22.010222236048868,0.06701168305182394,-558.9492046531619,-553.4466490941497,-547.9440935351375,-536.938982417113
ok,regular_sir_full,sir,sir,SIR,15,full,0.01,87,2,-274.45979604377817,-548.982970842016,True,160,6.111254400006146,2.216920089017036e-07,-171.07636184275884,11.192995913141536,2,-544.982970842016,-544.8401136991589,-540.0511546047069,-545.0664221452507,1.8458389256688097,-544.9830911807272,-526.8965042359541,1.9999398306443892,22.02308785160219,0.06337875445962132,-540.0514233155205,-534.54565135262,-529.0398793897194,-518.0283354639183
ok,regular_sir_full,sir,sir,SIR,16,full,0.01,87,2,-279.75467767440995,-559.5758199904654,True,158,5.930526099997223,1.6838593931309718e-07,-163.96315093710427,11.081267954755834,2,-555.5758199904654,-555.4329628476083,-550.6440037531563,-555.9040204406026,1.5948303856964385,-555.5759404340528,-537.4963885931743,1.9999397782063402,22.012966755645643,0.06646464164553213,-550.6442726981535,-545.141031009242,-539.6377893203306,-528.6313059425079
ok,regular_sir_full,sir,sir,SIR,17,full,0.01,87,2,-278.8402920231655,-557.7458776916865,True,159,5.069764600004419,8.51703610400297e-07,-177.97008361171117,10.875435304693765,2,-553.7458776916865,-553.6030205488294,-548.8140614543773,-553.1586601553179,2.208861807573568,-553.7459966571072,-535.658538032983,1.9999405172896365,22.022046013348056,0.06529364535546811,-548.8143270986965,-543.3088155953594,-537.8033040920225,-526.7922810853485
ok,regular_sir_full,sir,sir,SIR,18,full,0.01,87,2,-266.6416404672137,-533.3479935715827,True,161,3.273798900001566,1.0906226370477858e-06,-166.78452335083153,11.407433404790295,2,-529.3479935715827,-529.2051364287256,-524.4161773342736,-526.828747793274,3.8596107642879827,-529.3481153587413,-511.2682318154386,1.9999391064206955,22.015049118988763,0.06471263715536507,-524.4164492794038,-518.9126869996566,-513.4089247199094,-502.401400160415
ok,regular_sir_full,sir,sir,SIR,19,full,0.01,87,2,-273.40047660266777,-546.8645324400243,True,159,8.924608799992711,2.1864447582981656e-07,-170.9843706497305,11.225834102236329,2,-542.8645324400243,-542.7216752971672,-537.9327162027151,-541.631322066401,2.815492727399317,-542.8646530079722,-524.7792220701947,1.9999397160260637,22.02173113514089,0.06357923468879409,-537.9329854254038,-532.4275526416186,-526.9221198578333,-515.911254290263
ok,regular_sir_full,sir,tv_sir,TV-SIR,0,full,0.01,87,4,-276.48533436427266,-553.0608287401437,True,167,10.329189100011718,2.4706616817273895e-08,-163.55021539532825,3483.005635426687,4,-545.0608287401437,-544.5730238620949,-535.1971962655253,-542.2819659481152,5.6747000412462185,-545.0799616671453,-517.1072930212796,3.9904335364992276,35.86337570726576,0.09016001159846926,-535.2399192125403,-526.2740752857238,-517.3082313589074,-499.3765435052745
ok,regular_sir_full,sir,tv_sir,TV-SIR,1,full,0.01,87,4,-272.20020298813773,-544.5654568074233,True,167,26.54904460000398,2.644881883772363e-06,-171.25541198593515,3468.8055599371946,4,-536.5654568074233,-536.0776519293745,-526.7018243328049,-536.2711357042692,3.9134908150494554,-536.5848047593375,-508.5796024897713,3.990326024042866,35.8208034865042,0.1650508311478265,-526.7450274205715,-517.7898265489455,-508.8346256773194,-490.92422393406736
ok,regular_sir_full,sir,tv_sir,TV-SIR,2,full,0.01,87,4,-283.16465709989944,-566.4024791837011,True,167,14.228724100001273,1.9477806477950976e-06,-169.3800189595206,3615.4850851472006,4,-558.4024791837011,-557.9146743056523,-548.5388467090827,-558.3615702703107,3.7960924945436183,-558.4227276086968,-530.5632605593536,3.9898757875021387,35.766053640445286,0.07316498390214646,-548.5840605118719,-539.6425471017607,-530.7010336916493,-512.8180068714266
ok,regular_sir_full,sir,tv_sir,TV-SIR,3,full,0.01,87,4,-273.5722988458104,-547.2298666248333,True,167,14.337503999995533,6.296958763845381e-07,-167.08122176865456,3547.31581543783,4,-539.2298666248333,-538.7420617467845,-529.366234150215,-538.7590299069814,4.1999410775590995,-539.2495752669282,-511.33487029629316,3.9901456789525813,35.809727395327606,0.0852689332125636,-529.4102426425845,-520.4578107937526,-511.5053789449207,-493.6005152472569
ok,regular_sir_full,sir,tv_sir,TV-SIR,4,full,0.01,87,4,-271.5262883488596,-543.1763919970881,True,168,18.956889499997487,3.04848717706209e-07,-175.13034993277375,3433.1880940001975,4,-535.1763919970881,-534.6885871190393,-525.3127595224697,-533.0233453438763,5.277737699610152,-535.1952797207312,-507.17341886515555,3.9905561381784835,35.879157832563685,0.12381529936881124,-525.35493494165,-516.3851454835091,-507.4153560253681,-489.47577710908627
ok,regular_sir_full,sir,tv_sir,TV-SIR,5,full,0.01,87,4,-277.93870788699604,-555.9295478453644,True,168,28.769153199988068,7.543579694160672e-08,-169.03108820824872,3582.3988755811433,4,-547.9295478453644,-547.4417429673156,-538.065915370746,-547.4970440544055,4.124892086548601,-547.9493100834575,-520.0516231203243,3.990118880953453,35.82579265366781,0.05213207137224472,-538.1100435405174,-529.1535953771004,-520.1971472136835,-502.2842508868496
ok,regular_sir_full,sir,tv_sir,TV-SIR,6,full,0.01,87,4,-293.3757391537797,-586.8460013154282,True,168,14.521726599996327,4.291166873507687e-06,-168.60239684446026,3622.228115482744,4,-578.8460013154282,-578.3581964373794,-568.9823688408098,-578.6329514224374,3.4620530358238963,-578.8664583750623,-551.0202913277969,3.989771470182986,35.731186979762455,0.09452300786884635,-569.0280485151616,-560.095251770221,-551.1624550252803,-533.2968615353991
ok,regular_sir_full,sir,tv_sir,TV-SIR,7,full,0.01,87,4,-284.976373842585,-570.0292669349415,True,167,14.767943400001968,2.0055344821967394e-07,-174.7821192150038,3503.8648998282856,4,-562.0292669349415,-561.5414620568927,-552.1656344603231,-562.5859591409219,3.472180339020134,-562.0484618142995,-534.0875800482765,3.990402560321019,35.86516763689353,0.07651924977140305,-552.2084957441037,-543.2422038348803,-534.2759119256569,-516.3433281072103
ok,regular_sir_full,sir,tv_sir,TV-SIR,8,full,0.01,87,4,-272.09961691970204,-544.281183934351,True,167,13.219267299995408,7.525106589628426e-07,-174.04778205633792,3491.171298643638,4,-536.281183934351,-535.7933790563022,-526.4175514597326,-535.8531358270584,4.240414301335851,-536.3002687913018,-508.3293804000125,3.990457571524564,35.86985343939158,0.08195009494692719,-526.4601670685328,-517.4927037086849,-508.525240348837,-490.5903136291412
ok,regular_sir_full,sir,tv_sir,TV-SIR,9,full,0.01,87,4,-287.7275722069301,-575.4934753253062,True,167,10.143809100001818,4.0447538146792435e-06,-169.29940139942352,3624.2703218154925,4,-567.4934753253062,-567.0056704472574,-557.6298428506879,-567.8135704652177,3.3449804206025746,-567.5129569972404,-539.5651314463903,3.99025916403291,35.890012967469914,0.038330911445945436,-557.6733445291159,-548.7008412872484,-539.728338045381,-521.7833315616459
ok,regular_sir_full,sir,tv_sir,TV-SIR,10,full,0.01,87,4,-285.26318135049684,-570.6120732615221,True,168,11.391161400009878,7.635673636595129e-07,-168.83785298463818,3510.1670015148707,4,-562.6120732615221,-562.1242683834733,-552.7484407869038,-562.770871570933,3.478126481404575,-562.6314512687059,-534.6761089484944,3.9903109964081485,35.85025375249925,0.08571056052841278,-552.7917109867063,-543.8291475485815,-534.8665841104568,-516.9414572342071
ok,regular_sir_full,sir,tv_sir,TV-SIR,11,full,0.01,87,4,-284.4916987128653,-569.0387450073737,True,167,9.547067999999854,8.794864578492623e-07,-180.9922498113292,3510.1957165207723,4,-561.0387450073737,-560.5509401293249,-551.1751125327553,-560.8258675034392,3.5599032984603736,-561.0578942662006,-533.0988577664793,3.990425370586526,35.884539659251274,0.05534758164312267,-551.217871947986,-542.2467370331732,-533.2756021183604,-515.3333322887348
ok,regular_sir_full,sir,tv_sir,TV-SIR,12,full,0.01,87,4,-275.9857014573763,-552.1203925654771,True,167,9.525482700002613,1.7808645166816594e-07,-163.97072176752658,3402.5001540564263,4,-544.1203925654771,-543.6325876874283,-534.2567600908587,-543.1018639681865,4.510729696362885,-544.1390596200198,-516.0760023333078,3.9906664727286425,35.89540058144488,0.14898965072450582,-534.2984427660756,-525.3245926207144,-516.3507424753532,-498.4030421846307
ok,regular_sir_full,sir,tv_sir,TV-SIR,13,full,0.01,87,4,-272.1053345133399,-544.2490556083254,True,168,4.720190499996534,4.886810137372587e-08,-148.94910960321425,3705.638761058417,4,-536.2490556083254,-535.7612507302766,-526.385423133707,-534.2385693828746,5.340622278721697,-536.2695470241017,-508.43361381712106,3.9897542921118614,35.77705520955882,0.03838658164557053,-526.4311795237461,-517.4869157213564,-508.54265191896667,-490.6541243141873
ok,regular_sir_full,sir,tv_sir,TV-SIR,14,full,0.01,87,4,-284.15569805089086,-568.3609527913485,True,167,4.736829000001308,5.322341089943972e-07,-176.2066104801977,3644.199965345841,4,-560.3609527913485,-559.8731479132997,-550.4973203167301,-560.7823072410088,3.6784473337812136,-560.381120788556,-532.526914402573,3.9899160013962476,35.78448169920876,0.04955668956673178,-550.5423545279632,-541.596234103161,-532.6501136783588,-514.7578728287544
ok,regular_sir_full,sir,tv_sir,TV-SIR,15,full,0.01,87,4,-275.60491726409464,-551.2474060715517,True,169,11.209757999997237,1.2296322639016618e-06,-159.94973179941448,3623.0721829531394,4,-543.2474060715517,-542.7596011935029,-533.3837735969333,-543.753717104179,3.5528564910915406,-543.2671415638492,-515.3554298462606,3.9901322538512494,35.85440468192873,0.03757154336247075,-533.4278420445719,-524.4642408740897,-515.5006397036075,-497.5734373626432
ok,regular_sir_full,sir,tv_sir,TV-SIR,16,full,0.01,87,4,-282.3315278161813,-564.8515343737643,True,168,14.47259259999555,9.846496347323613e-07,-139.65196627454682,3419.0972726127384,4,-556.8515343737643,-556.3637294957155,-546.9879018991459,-557.9549045239419,2.902080009195304,-556.8704764626768,-528.8129282713231,3.9905289555437182,35.85012736103946,0.18847874140164408,-547.0301987134753,-538.0676668732154,-529.1051350329556,-511.18007135243585
ok,regular_sir_full,sir,tv_sir,TV-SIR,17,full,0.01,87,4,-279.21867873552947,-558.5162699609377,True,167,9.552267799997935,8.430580704064416e-07,-175.53362040071903,3530.2689258514692,4,-550.5162699609377,-550.0284650828889,-540.6526374863193,-548.7874236737154,4.600787713532377,-550.5357682410726,-522.5937368381982,3.990250859932586,35.84362063286072,0.07891248987883745,-540.6961762500964,-531.7352710918813,-522.7743659336661,-504.8525556172357
ok,regular_sir_full,sir,tv_sir,TV-SIR,18,full,0.01,87,4,-266.809515188033,-533.6862145245598,True,167,28.60753230001137,1.45525196368392e-06,-135.8377115664432,3491.2543331936354,4,-525.6862145245598,-525.198409646511,-515.8225820499414,-522.5277100140822,6.317337177656784,-525.7052093111139,-497.73212507724304,3.9905026067229654,35.88690529882296,0.06718414849376397,-515.8649965356834,-506.8932702109777,-497.92154388627193,-479.97809123686045
ok,regular_sir_full,sir,tv_sir,TV-SIR,19,full,0.01,87,4,-274.10325345120265,-548.2645054874821,True,168,14.57783890000428,1.1584812936706172e-08,-171.68668865249725,3564.5295032635477,4,-540.2645054874821,-539.7767006094333,-530.4008730128637,-539.5587469237094,4.554600497999606,-540.284195742487,-512.3852897579089,3.9901548724975697,35.82121714449632,0.05799858507684233,-530.444840447706,-521.489536161582,-512.5342318754579,-494.62362330320974
ok,regular_sir_full,sir,ude_sir_h2,UDE-SIR(2),0,full,0.01,87,11,-276.4892065319648,-553.5103513119493,True,167,8.412160699997912,8.17569717298907e-08,-171.90482205407062,2688349473808102.0,7,-531.5103513119493,-527.9903513119493,-504.3853620067489,5793822.266376374,2897098.700926254,-546.340196058584,-523.9693105081718,3.5850776266826583,29.009102555757725,0.531938248019719,-537.4997240329403,-530.2474483940009,-522.9951727550615,-508.4906214771826
ok,regular_sir_full,sir,ude_sir_h2,UDE-SIR(2),1,full,0.01,87,11,-271.5038974429785,-544.5132809180228,True,167,22.721163700000034,3.142315806999141e-06,-170.92632041073003,2792324765183238.0,9,-522.5132809180228,-518.9932809180228,-495.3882916128224,3081124.0866646655,1540733.1935713717,-536.8016711654883,-511.65455841553097,3.8558048762672583,31.353236470425973,1.5054860320658985,-527.2936106171529,-519.4553014995464,-511.61699238193995,-495.9403741467269
ok,regular_sir_full,sir,ude_sir_h2,UDE-SIR(2),2,full,0.01,87,11,-283.0752728755017,-566.2631596587838,True,167,22.82604430000356,1.3962044786072384e-06,-171.53223792226805,2889029651115219.0,7,-544.2631596587838,-540.7431596587838,-517.1381703535834,840797.2667085638,420593.5285267009,-560.15919995352,-539.9469490435422,3.051979852631932,26.20359670746124,0.11261390778042363,-552.6332980569447,-546.0823988800794,-539.5314997032141,-526.4297013494835
ok,regular_sir_full,sir,ude_sir_h2,UDE-SIR(2),3,full,0.01,87,11,-273.3842156533592,-546.8649986108181,True,167,22.718279699998675,3.121860046006985e-07,-175.1033594607476,2503362338584261.0,7,-524.8649986108181,-521.3449986108182,-497.7400093056177,2370284.0224612923,1185311.7419525469,-540.8559594238512,-521.254431183104,3.00451959348343,25.51400012361442,0.09656730409971395,-533.4470901656238,-527.0685901347201,-520.6900901038166,-507.9330900420093
ok,regular_sir_full,sir,ude_sir_h2,UDE-SIR(2),4,full,0.01,87,11,-270.7820139621232,-541.7005860138297,True,167,14.337735700013582,3.1261997970778537e-07,-174.54613337320373,2577792839206963.5,8,-519.7005860138297,-516.1805860138297,-492.5755967086293,1055452.6536403964,527920.597302136,-535.5999406725906,-515.0572650493917,3.0503226706195408,26.506762874854637,0.13655808958334675,-528.0781252345938,-521.4514345158801,-514.8247437971665,-501.57136235973917
ok,regular_sir_full,sir,ude_sir_h2,UDE-SIR(2),5,full,0.01,87,11,-277.7892810702762,-555.7042036143939,True,167,22.665191000007326,8.912210335753402e-08,-169.06178012167345,2701634666653796.5,7,-533.7042036143939,-530.1842036143939,-506.5792143091935,2103676.9121872694,1052022.172761964,-549.6933108493662,-529.8300999936878,3.005446382513893,25.748462146864597,0.12564147384144383,-542.2821562145441,-535.8450406778279,-529.4079251411118,-516.5336940676796
ok,regular_sir_full,sir,ude_sir_h2,UDE-SIR(2),6,full,0.01,87,11,-292.9435056185379,-586.1819008332848,True,167,26.682479499999317,2.800209132531485e-06,-186.40565443232066,2770147348724285.0,9,-564.1819008332848,-560.6619008332848,-537.0569115280844,2122349.6007885197,1061368.6277036783,-579.5130779903674,-557.714965304144,3.3344114214586744,28.172045932931795,0.2948895962089367,-571.2907257952579,-564.247714312025,-557.204702828792,-543.1186798623261
ok,regular_sir_full,sir,ude_sir_h2,UDE-SIR(2),7,full,0.01,87,11,-284.87020468769873,-569.9699458630035,True,168,10.220509099992341,2.792116394322167e-07,-175.07698252907133,2441935017205455.0,9,-547.9699458630035,-544.4499458630036,-520.8449565578031,1036548.6367787078,518486.85570041445,-563.7790014376219,-542.895171115605,3.0954722126908036,26.845238259792527,0.22953648760604267,-556.1458513772781,-549.4345418123299,-542.7232322473818,-529.3006131174856
ok,regular_sir_full,sir,ude_sir_h2,UDE-SIR(2),8,full,0.01,87,11,-272.0775806577061,-544.2871826903722,True,167,9.762021199989249,6.699202908902842e-07,-175.62386315299358,2719228900192314.0,7,-522.2871826903722,-518.7671826903722,-495.1621933851718,1178542.2623578897,589441.1207941441,-537.9743832040567,-517.204593688584,3.156399743157772,26.950567626828114,0.1320213749600232,-530.1909914516847,-523.4533495449776,-516.7157076382706,-503.2404238248566
ok,regular_sir_full,sir,ude_sir_h2,UDE-SIR(2),9,full,0.01,87,11,-286.7232131750053,-574.7152812803457,True,168,11.298973199998727,3.037722971920368e-06,-165.61072613374824,3436365889154497.5,9,-552.7152812803457,-549.1952812803457,-525.5902919751453,1475335.8434950567,737846.0763872962,-567.0233166954242,-542.0503792578996,3.8459822924607563,31.396047092111015,1.268854930335106,-557.5394777362435,-549.6904659632157,-541.841454190188,-526.1434306441325
ok,regular_sir_full,sir,ude_sir_h2,UDE-SIR(2),10,full,0.01,87,11,-285.1056371117625,-570.3258453538673,True,168,7.813309600009234,7.640635901578215e-07,-170.8973177492119,2416387145703955.0,8,-548.3258453538673,-544.8058453538673,-521.2008560486669,1919228.9525097925,959787.6011873523,-564.2528696690943,-543.8769120104904,3.036487842386548,26.334362213034606,0.11457113034225513,-556.7651696463573,-550.1815790930987,-543.59798853984,-530.4308074333227
ok,regular_sir_full,sir,ude_sir_h2,UDE-SIR(2),11,full,0.01,87,11,-284.42160925822014,-569.0129885869662,True,168,15.17858970000816,7.710984272726055e-07,-181.43281587912244,2518635639917758.5,9,-547.0129885869662,-543.4929885869662,-519.8879992817658,1135588.2348995598,567994.0969568042,-562.7414388215292,-541.6131429365255,3.1357748827185383,27.230075579914764,0.16977007052591106,-555.0089060799604,-548.2013871849817,-541.3938682900031,-527.7788305000456
ok,regular_sir_full,sir,ude_sir_h2,UDE-SIR(2),12,full,0.01,87,11,-274.4128604463709,-550.1041770753206,True,167,7.6162064999953145,3.5764406656599885e-07,-173.46371437046443,2383396325779520.5,10,-528.1041770753206,-524.5841770753207,-500.97918777012023,99119.80224812211,49792.428153593,-543.3802579898813,-520.6552083611605,3.3619595427196693,28.170512531581323,1.278456182578827,-535.0899746589006,-528.0473465260053,-521.0047183931099,-506.91946212731926
ok,regular_sir_full,sir,ude_sir_h2,UDE-SIR(2),13,full,0.01,87,11,-271.2837576420551,-542.7865425377679,True,170,7.788379200006602,1.5785868022009753e-07,-155.66313772124124,2374401419328231.0,10,-520.7865425377679,-517.2665425377679,-493.6615532325675,983786.598924198,492085.5673092411,-536.0403388906693,-514.7223280605208,3.3731018235492893,27.84518722358945,0.21902725365773973,-527.7225797189305,-520.7612829130331,-513.7999861071359,-499.8773924953411
ok,regular_sir_full,sir,ude_sir_h2,UDE-SIR(2),14,full,0.01,87,11,-284.00240172825977,-568.1612476743412,True,167,7.698912299994845,7.542126190802931e-07,-176.50631163882287,2548716705178007.5,7,-546.1612476743412,-542.6412476743412,-519.0362583691408,1234072.481922885,617219.0402330614,-562.0832959440309,-541.8121536530915,3.038975865155152,26.192649803428033,0.15644421782171214,-554.5894606857495,-548.0412982348925,-541.4931357840354,-528.3968108823215
ok,regular_sir_full,sir,ude_sir_h2,UDE-SIR(2),15,full,0.01,87,11,-274.61935253398065,-549.6100165498165,True,167,15.383358300008695,5.240682368344202e-07,-170.90007553593563,2630429359248047.5,7,-527.6100165498165,-524.0900165498165,-500.48502724461605,1520603.689280797,760483.8838694063,-542.7734302311189,-521.113261360079,3.418293159348768,28.125443707882237,0.3713114818552038,-534.3442333775394,-527.3128724505688,-520.2815115235983,-506.2187896696571
ok,regular_sir_full,sir,ude_sir_h2,UDE-SIR(2),16,full,0.01,87,11,-281.19631955880106,-563.5767031419902,True,170,14.42583680000098,2.4154550193452867e-07,-160.98332207951717,2725862225244513.5,9,-541.5767031419902,-538.0567031419902,-514.4517138367897,1603962.0074233245,802172.5161279463,-555.9448570011541,-531.1484356410022,3.815923070418026,31.24420347660003,1.1840640243880114,-546.535141321649,-538.724090452499,-530.913039583349,-515.290937845049
ok,regular_sir_full,sir,ude_sir_h2,UDE-SIR(2),17,full,0.01,87,11,-279.15889411358654,-558.4147303932828,True,167,8.170366300008027,9.71205127805579e-07,-178.23612375033392,2728210873290844.5,7,-536.4147303932828,-532.8947303932828,-509.28974108808234,1675690.620800919,838022.6662671384,-552.2880287037368,-531.8184024011249,3.0633508447729807,26.49938582604822,0.09694216610972527,-544.7340869853238,-538.1092405288117,-531.4843940722997,-518.2347011592756
ok,regular_sir_full,sir,ude_sir_h2,UDE-SIR(2),18,full,0.01,87,11,-266.7930356272117,-533.8296278822604,True,167,45.742469500008156,1.5081663841703498e-06,-165.16474274350963,2509579459805094.5,7,-511.8296278822604,-508.30962788226043,-484.70463857706,480891.12008890917,240636.49060920504,-527.6989375839169,-507.1431548097562,3.0653451491717916,26.44291644466718,0.24355662783699536,-520.1400780940957,-513.5293489829288,-506.9186198717621,-493.6971616494285
ok,regular_sir_full,sir,ude_sir_h2,UDE-SIR(2),19,full,0.01,87,11,-274.1329088798404,-548.4032038277113,True,168,45.60298039999907,7.637531072202528e-08,-170.7490737230842,2665354285289345.5,8,-526.4032038277113,-522.8832038277113,-499.2782145225109,1136187.820831121,568284.8369903627,-542.2356667230104,-521.3381940984867,3.0837685523504867,26.927623661194005,0.13738606803058592,-534.6313768137176,-527.899470898419,-521.1675649831205,-507.7037531525236
