scenario,seed,criterion,interpretation,candidate,weight
early_seir_infected_only,0,gic_pred,predictive_support,neural_ode_h2,0.05857250402132141
early_seir_infected_only,0,gic_pred,predictive_support,seir,0.3395486980600137
early_seir_infected_only,0,gic_pred,predictive_support,sir,0.2202031169785527
early_seir_infected_only,0,gic_pred,predictive_support,tv_sir,0.13087343231878162
early_seir_infected_only,0,gic_pred,predictive_support,ude_sir_h2,0.2508022486213305
early_seir_infected_only,0,gic_evid,equal_prior_posterior_approximation,neural_ode_h2,1.5014958788759966e-06
early_seir_infected_only,0,gic_evid,equal_prior_posterior_approximation,seir,0.5944784700396516
early_seir_infected_only,0,gic_evid,equal_prior_posterior_approximation,sir,0.23366902718253532
early_seir_infected_only,0,gic_evid,equal_prior_posterior_approximation,tv_sir,0.033309248217795025
early_seir_infected_only,0,gic_evid,equal_prior_posterior_approximation,ude_sir_h2,0.13854175306413913
early_seir_infected_only,1,gic_pred,predictive_support,neural_ode_h2,0.08390345389338436
early_seir_infected_only,1,gic_pred,predictive_support,seir,0.35859079844124875
early_seir_infected_only,1,gic_pred,predictive_support,sir,0.14854626977401775
early_seir_infected_only,1,gic_pred,predictive_support,tv_sir,0.13928544801355283
early_seir_infected_only,1,gic_pred,predictive_support,ude_sir_h2,0.2696740298777963
early_seir_infected_only,1,gic_evid,equal_prior_posterior_approximation,neural_ode_h2,1.7438643663411635e-06
early_seir_infected_only,1,gic_evid,equal_prior_posterior_approximation,seir,0.675725556275609
early_seir_infected_only,1,gic_evid,equal_prior_posterior_approximation,sir,0.17880913520142744
early_seir_infected_only,1,gic_evid,equal_prior_posterior_approximation,tv_sir,0.043734190751699493
early_seir_infected_only,1,gic_evid,equal_prior_posterior_approximation,ude_sir_h2,0.10172937390689758
early_seir_infected_only,2,gic_pred,predictive_support,neural_ode_h2,0.0900716736431178
early_seir_infected_only,2,gic_pred,predictive_support,seir,0.38607822395622554
early_seir_infected_only,2,gic_pred,predictive_support,sir,0.12595846408895991
early_seir_infected_only,2,gic_pred,predictive_support,tv_sir,0.1748023214496651
early_seir_infected_only,2,gic_pred,predictive_support,ude_sir_h2,0.22308931686203176
early_seir_infected_only,2,gic_evid,equal_prior_posterior_approximation,neural_ode_h2,2.1355357861553464e-06
early_seir_infected_only,2,gic_evid,equal_prior_posterior_approximation,seir,0.7118177485281819
early_seir_infected_only,2,gic_evid,equal_prior_posterior_approximation,sir,0.156261538517279
early_seir_infected_only,2,gic_evid,equal_prior_posterior_approximation,tv_sir,0.0430686917152823
early_seir_infected_only,2,gic_evid,equal_prior_posterior_approximation,ude_sir_h2,0.08884988570347047
early_seir_infected_only,3,gic_pred,predictive_support,neural_ode_h2,0.05574695207049872
early_seir_infected_only,3,gic_pred,predictive_support,seir,0.2188422843343813
early_seir_infected_only,3,gic_pred,predictive_support,sir,0.29192671955947114
early_seir_infected_only,3,gic_pred,predictive_support,tv_sir,0.14254526582951163
early_seir_infected_only,3,gic_pred,predictive_support,ude_sir_h2,0.2909387782061372
early_seir_infected_only,3,gic_evid,equal_prior_posterior_approximation,neural_ode_h2,1.0380376720262084e-05
early_seir_infected_only,3,gic_evid,equal_prior_posterior_approximation,seir,0.29735387554408144
early_seir_infected_only,3,gic_evid,equal_prior_posterior_approximation,sir,0.34215096300187475
early_seir_infected_only,3,gic_evid,equal_prior_posterior_approximation,tv_sir,0.027729889262242936
early_seir_infected_only,3,gic_evid,equal_prior_posterior_approximation,ude_sir_h2,0.33275489181508067
early_seir_infected_only,4,gic_pred,predictive_support,neural_ode_h2,0.014104419630850209
early_seir_infected_only,4,gic_pred,predictive_support,seir,0.4813890159144802
early_seir_infected_only,4,gic_pred,predictive_support,sir,0.1860959815751471
early_seir_infected_only,4,gic_pred,predictive_support,tv_sir,0.13203961422400515
early_seir_infected_only,4,gic_pred,predictive_support,ude_sir_h2,0.18637096865551742
early_seir_infected_only,4,gic_evid,equal_prior_posterior_approximation,neural_ode_h2,2.1696088893103132e-07
early_seir_infected_only,4,gic_evid,equal_prior_posterior_approximation,seir,0.579048793635216
early_seir_infected_only,4,gic_evid,equal_prior_posterior_approximation,sir,0.20113562468337887
early_seir_infected_only,4,gic_evid,equal_prior_posterior_approximation,tv_sir,0.022998873436668992
early_seir_infected_only,4,gic_evid,equal_prior_posterior_approximation,ude_sir_h2,0.19681649128384737
early_seir_infected_only,5,gic_pred,predictive_support,neural_ode_h2,0.07824924084435711
early_seir_infected_only,5,gic_pred,predictive_support,seir,0.2640737694671809
early_seir_infected_only,5,gic_pred,predictive_support,sir,0.2805404676003499
early_seir_infected_only,5,gic_pred,predictive_support,tv_sir,0.09612307774588016
early_seir_infected_only,5,gic_pred,predictive_support,ude_sir_h2,0.281013444342232
early_seir_infected_only,5,gic_evid,equal_prior_posterior_approximation,neural_ode_h2,4.878379259352732e-06
early_seir_infected_only,5,gic_evid,equal_prior_posterior_approximation,seir,0.4184378233196458
early_seir_infected_only,5,gic_evid,equal_prior_posterior_approximation,sir,0.28399426724241467
early_seir_infected_only,5,gic_evid,equal_prior_posterior_approximation,tv_sir,0.01918539990769798
early_seir_infected_only,5,gic_evid,equal_prior_posterior_approximation,ude_sir_h2,0.2783776311509822
early_seir_infected_only,6,gic_pred,predictive_support,neural_ode_h2,0.05062977438850159
early_seir_infected_only,6,gic_pred,predictive_support,seir,0.4390535723712919
early_seir_infected_only,6,gic_pred,predictive_support,sir,0.1256170297503665
early_seir_infected_only,6,gic_pred,predictive_support,tv_sir,0.23012909496285938
early_seir_infected_only,6,gic_pred,predictive_support,ude_sir_h2,0.15457052852698056
early_seir_infected_only,6,gic_evid,equal_prior_posterior_approximation,neural_ode_h2,9.085429383923804e-07
early_seir_infected_only,6,gic_evid,equal_prior_posterior_approximation,seir,0.7177407860899273
early_seir_infected_only,6,gic_evid,equal_prior_posterior_approximation,sir,0.1547317291853711
early_seir_infected_only,6,gic_evid,equal_prior_posterior_approximation,tv_sir,0.039697532534955775
early_seir_infected_only,6,gic_evid,equal_prior_posterior_approximation,ude_sir_h2,0.08782904364680734
early_seir_infected_only,7,gic_pred,predictive_support,neural_ode_h2,0.031514597898120424
early_seir_infected_only,7,gic_pred,predictive_support,seir,0.2831272818491147
early_seir_infected_only,7,gic_pred,predictive_support,sir,0.3018020311896019
early_seir_infected_only,7,gic_pred,predictive_support,tv_sir,0.08159152612909687
early_seir_infected_only,7,gic_pred,predictive_support,ude_sir_h2,0.3019645629340662
early_seir_infected_only,7,gic_evid,equal_prior_posterior_approximation,neural_ode_h2,1.6255462705667367e-06
early_seir_infected_only,7,gic_evid,equal_prior_posterior_approximation,seir,0.41083746230550033
early_seir_infected_only,7,gic_evid,equal_prior_posterior_approximation,sir,0.2871037923293233
early_seir_infected_only,7,gic_evid,equal_prior_posterior_approximation,tv_sir,0.020647284687770384
early_seir_infected_only,7,gic_evid,equal_prior_posterior_approximation,ude_sir_h2,0.28140983513113527
early_seir_infected_only,8,gic_pred,predictive_support,neural_ode_h2,0.03107903095244714
early_seir_infected_only,8,gic_pred,predictive_support,seir,0.3217353615186823
early_seir_infected_only,8,gic_pred,predictive_support,sir,0.2752939639699568
early_seir_infected_only,8,gic_pred,predictive_support,tv_sir,0.09628832217630061
early_seir_infected_only,8,gic_pred,predictive_support,ude_sir_h2,0.2756033213826131
early_seir_infected_only,8,gic_evid,equal_prior_posterior_approximation,neural_ode_h2,1.1438216002499564e-06
early_seir_infected_only,8,gic_evid,equal_prior_posterior_approximation,seir,0.4490450150255685
early_seir_infected_only,8,gic_evid,equal_prior_posterior_approximation,sir,0.26937246132381243
early_seir_infected_only,8,gic_evid,equal_prior_posterior_approximation,tv_sir,0.017885494910392728
early_seir_infected_only,8,gic_evid,equal_prior_posterior_approximation,ude_sir_h2,0.2636958849186262
early_seir_infected_only,9,gic_pred,predictive_support,neural_ode_h2,0.013043258610561206
early_seir_infected_only,9,gic_pred,predictive_support,seir,0.296614104765021
early_seir_infected_only,9,gic_pred,predictive_support,sir,0.218152927825879
early_seir_infected_only,9,gic_pred,predictive_support,tv_sir,0.25485073845597145
early_seir_infected_only,9,gic_pred,predictive_support,ude_sir_h2,0.21733897034256727
early_seir_infected_only,9,gic_evid,equal_prior_posterior_approximation,neural_ode_h2,1.0763123391960722e-06
early_seir_infected_only,9,gic_evid,equal_prior_posterior_approximation,seir,0.31590590748317715
early_seir_infected_only,9,gic_evid,equal_prior_posterior_approximation,sir,0.3220915168054255
early_seir_infected_only,9,gic_evid,equal_prior_posterior_approximation,tv_sir,0.047851502658221
early_seir_infected_only,9,gic_evid,equal_prior_posterior_approximation,ude_sir_h2,0.31414999674083705
early_seir_infected_only,10,gic_pred,predictive_support,neural_ode_h2,0.03511726214626144
early_seir_infected_only,10,gic_pred,predictive_support,seir,0.3007018337615073
early_seir_infected_only,10,gic_pred,predictive_support,sir,0.292892817492621
early_seir_infected_only,10,gic_pred,predictive_support,tv_sir,0.07789843003485938
early_seir_infected_only,10,gic_pred,predictive_support,ude_sir_h2,0.29338965656475097
early_seir_infected_only,10,gic_evid,equal_prior_posterior_approximation,neural_ode_h2,1.5020803058214098e-06
early_seir_infected_only,10,gic_evid,equal_prior_posterior_approximation,seir,0.4353455519577534
early_seir_infected_only,10,gic_evid,equal_prior_posterior_approximation,sir,0.27567506861179064
early_seir_infected_only,10,gic_evid,equal_prior_posterior_approximation,tv_sir,0.018732466245312343
early_seir_infected_only,10,gic_evid,equal_prior_posterior_approximation,ude_sir_h2,0.2702454111048378
early_seir_infected_only,11,gic_pred,predictive_support,neural_ode_h2,0.0709386402024291
early_seir_infected_only,11,gic_pred,predictive_support,seir,0.2742548349394926
early_seir_infected_only,11,gic_pred,predictive_support,sir,0.25981350411327103
early_seir_infected_only,11,gic_pred,predictive_support,tv_sir,0.1348418598907816
early_seir_infected_only,11,gic_pred,predictive_support,ude_sir_h2,0.2601511608540258
early_seir_infected_only,11,gic_evid,equal_prior_posterior_approximation,neural_ode_h2,3.6353291180179915e-06
early_seir_infected_only,11,gic_evid,equal_prior_posterior_approximation,seir,0.43367286837488017
early_seir_infected_only,11,gic_evid,equal_prior_posterior_approximation,sir,0.27638060202490217
early_seir_infected_only,11,gic_evid,equal_prior_posterior_approximation,tv_sir,0.01935744646345855
early_seir_infected_only,11,gic_evid,equal_prior_posterior_approximation,ude_sir_h2,0.2705854478076409
early_seir_infected_only,12,gic_pred,predictive_support,neural_ode_h2,0.06267765717776017
early_seir_infected_only,12,gic_pred,predictive_support,seir,0.20843011633318795
early_seir_infected_only,12,gic_pred,predictive_support,sir,0.2942374692490911
early_seir_infected_only,12,gic_pred,predictive_support,tv_sir,0.14103258341634808
early_seir_infected_only,12,gic_pred,predictive_support,ude_sir_h2,0.2936221738236128
early_seir_infected_only,12,gic_evid,equal_prior_posterior_approximation,neural_ode_h2,1.7292651481743576e-05
early_seir_infected_only,12,gic_evid,equal_prior_posterior_approximation,seir,0.21802113604574702
early_seir_infected_only,12,gic_evid,equal_prior_posterior_approximation,sir,0.3805717385870442
early_seir_infected_only,12,gic_evid,equal_prior_posterior_approximation,tv_sir,0.03186395419196563
early_seir_infected_only,12,gic_evid,equal_prior_posterior_approximation,ude_sir_h2,0.36952587852376123
early_seir_infected_only,13,gic_pred,predictive_support,neural_ode_h2,0.2952430995068633
early_seir_infected_only,13,gic_pred,predictive_support,seir,0.24491576790183556
early_seir_infected_only,13,gic_pred,predictive_support,sir,0.15715124221837215
early_seir_infected_only,13,gic_pred,predictive_support,tv_sir,0.14603056302816797
early_seir_infected_only,13,gic_pred,predictive_support,ude_sir_h2,0.15665932734476107
early_seir_infected_only,13,gic_evid,equal_prior_posterior_approximation,neural_ode_h2,0.0001937810262574523
early_seir_infected_only,13,gic_evid,equal_prior_posterior_approximation,seir,0.4188578259362881
early_seir_infected_only,13,gic_evid,equal_prior_posterior_approximation,sir,0.26966173260065635
early_seir_infected_only,13,gic_evid,equal_prior_posterior_approximation,tv_sir,0.04911167740529664
early_seir_infected_only,13,gic_evid,equal_prior_posterior_approximation,ude_sir_h2,0.26217498303150144
early_seir_infected_only,14,gic_pred,predictive_support,neural_ode_h2,0.0344878479178146
early_seir_infected_only,14,gic_pred,predictive_support,seir,0.28544751768384463
early_seir_infected_only,14,gic_pred,predictive_support,sir,0.2734924751232055
early_seir_infected_only,14,gic_pred,predictive_support,tv_sir,0.13348566129451586
early_seir_infected_only,14,gic_pred,predictive_support,ude_sir_h2,0.2730864979806193
early_seir_infected_only,14,gic_evid,equal_prior_posterior_approximation,neural_ode_h2,1.6629855227451177e-06
early_seir_infected_only,14,gic_evid,equal_prior_posterior_approximation,seir,0.36824810982764433
early_seir_infected_only,14,gic_evid,equal_prior_posterior_approximation,sir,0.30895567774714916
early_seir_infected_only,14,gic_evid,equal_prior_posterior_approximation,tv_sir,0.021410359387385218
early_seir_infected_only,14,gic_evid,equal_prior_posterior_approximation,ude_sir_h2,0.3013841900522986
early_seir_infected_only,15,gic_pred,predictive_support,neural_ode_h2,0.1705334962891822
early_seir_infected_only,15,gic_pred,predictive_support,seir,0.22286587030252086
early_seir_infected_only,15,gic_pred,predictive_support,sir,0.2603168350794822
early_seir_infected_only,15,gic_pred,predictive_support,tv_sir,0.08549510865101424
early_seir_infected_only,15,gic_pred,predictive_support,ude_sir_h2,0.26078868967780044
early_seir_infected_only,15,gic_evid,equal_prior_posterior_approximation,neural_ode_h2,1.3954628064841035e-05
early_seir_infected_only,15,gic_evid,equal_prior_posterior_approximation,seir,0.39404056249458275
early_seir_infected_only,15,gic_evid,equal_prior_posterior_approximation,sir,0.298306760017874
early_seir_infected_only,15,gic_evid,equal_prior_posterior_approximation,tv_sir,0.015524202611382577
early_seir_infected_only,15,gic_evid,equal_prior_posterior_approximation,ude_sir_h2,0.2921145202480958
early_seir_infected_only,16,gic_pred,predictive_support,neural_ode_h2,0.19235964628690685
early_seir_infected_only,16,gic_pred,predictive_support,seir,0.22905512419080243
early_seir_infected_only,16,gic_pred,predictive_support,sir,0.2538735666182216
early_seir_infected_only,16,gic_pred,predictive_support,tv_sir,0.07097641980138293
early_seir_infected_only,16,gic_pred,predictive_support,ude_sir_h2,0.2537352431026863
early_seir_infected_only,16,gic_evid,equal_prior_posterior_approximation,neural_ode_h2,3.4254151743309406e-05
early_seir_infected_only,16,gic_evid,equal_prior_posterior_approximation,seir,0.3705963789827563
early_seir_infected_only,16,gic_evid,equal_prior_posterior_approximation,sir,0.30818726305776717
early_seir_infected_only,16,gic_evid,equal_prior_posterior_approximation,tv_sir,0.01956424152587887
early_seir_infected_only,16,gic_evid,equal_prior_posterior_approximation,ude_sir_h2,0.3016178622818544
early_seir_infected_only,17,gic_pred,predictive_support,neural_ode_h2,0.047820568420786955
early_seir_infected_only,17,gic_pred,predictive_support,seir,0.3736665469886753
early_seir_infected_only,17,gic_pred,predictive_support,sir,0.2428060686416231
early_seir_infected_only,17,gic_pred,predictive_support,tv_sir,0.09209640896750797
early_seir_infected_only,17,gic_pred,predictive_support,ude_sir_h2,0.24361040698140674
early_seir_infected_only,17,gic_evid,equal_prior_posterior_approximation,neural_ode_h2,1.1071334534569506e-06
early_seir_infected_only,17,gic_evid,equal_prior_posterior_approximation,seir,0.5334581970255198
early_seir_infected_only,17,gic_evid,equal_prior_posterior_approximation,sir,0.222979468461038
early_seir_infected_only,17,gic_evid,equal_prior_posterior_approximation,tv_sir,0.024559857907581223
early_seir_infected_only,17,gic_evid,equal_prior_posterior_approximation,ude_sir_h2,0.2190013694724075
early_seir_infected_only,18,gic_pred,predictive_support,neural_ode_h2,0.03901802557356268
early_seir_infected_only,18,gic_pred,predictive_support,seir,0.36035311870905035
early_seir_infected_only,18,gic_pred,predictive_support,sir,0.22290355548395493
early_seir_infected_only,18,gic_pred,predictive_support,tv_sir,0.1542978866860372
early_seir_infected_only,18,gic_pred,predictive_support,ude_sir_h2,0.223427413547395
early_seir_infected_only,18,gic_evid,equal_prior_posterior_approximation,neural_ode_h2,1.1338521501312678e-06
early_seir_infected_only,18,gic_evid,equal_prior_posterior_approximation,seir,0.52436369503827
early_seir_infected_only,18,gic_evid,equal_prior_posterior_approximation,sir,0.22797556392091892
early_seir_infected_only,18,gic_evid,equal_prior_posterior_approximation,tv_sir,0.024043300313613243
early_seir_infected_only,18,gic_evid,equal_prior_posterior_approximation,ude_sir_h2,0.2236163068750478
early_seir_infected_only,19,gic_pred,predictive_support,neural_ode_h2,0.08410671517909253
early_seir_infected_only,19,gic_pred,predictive_support,seir,0.23703240905407247
early_seir_infected_only,19,gic_pred,predictive_support,sir,0.2840594214468137
early_seir_infected_only,19,gic_pred,predictive_support,tv_sir,0.11043961992319185
early_seir_infected_only,19,gic_pred,predictive_support,ude_sir_h2,0.2843618343968295
early_seir_infected_only,19,gic_evid,equal_prior_posterior_approximation,neural_ode_h2,7.99129020628316e-06
early_seir_infected_only,19,gic_evid,equal_prior_posterior_approximation,seir,0.37097390254079937
early_seir_infected_only,19,gic_evid,equal_prior_posterior_approximation,sir,0.3058546284823415
early_seir_infected_only,19,gic_evid,equal_prior_posterior_approximation,tv_sir,0.023655105168105203
early_seir_infected_only,19,gic_evid,equal_prior_posterior_approximation,ude_sir_h2,0.29950837251854756
early_seir_infected_only,20,gic_pred,predictive_support,neural_ode_h2,0.13099072597619474
early_seir_infected_only,20,gic_pred,predictive_support,seir,0.15055279980702851
early_seir_infected_only,20,gic_pred,predictive_support,sir,0.07140280421679095
early_seir_infected_only,20,gic_pred,predictive_support,tv_sir,0.3396484818034471
early_seir_infected_only,20,gic_pred,predictive_support,ude_sir_h2,0.3074051881965387
early_seir_infected_only,20,gic_evid,equal_prior_posterior_approximation,neural_ode_h2,4.384374152842697e-06
early_seir_infected_only,20,gic_evid,equal_prior_posterior_approximation,seir,0.5639623077117492
early_seir_infected_only,20,gic_evid,equal_prior_posterior_approximation,sir,0.1631630883096737
early_seir_infected_only,20,gic_evid,equal_prior_posterior_approximation,tv_sir,0.17752281328510258
early_seir_infected_only,20,gic_evid,equal_prior_posterior_approximation,ude_sir_h2,0.09534740631932168
early_seir_infected_only,21,gic_pred,predictive_support,neural_ode_h2,0.03734041659619887
early_seir_infected_only,21,gic_pred,predictive_support,seir,0.2694975619991958
early_seir_infected_only,21,gic_pred,predictive_support,sir,0.30533010969394336
early_seir_infected_only,21,gic_pred,predictive_support,tv_sir,0.0824373227156279
early_seir_infected_only,21,gic_pred,predictive_support,ude_sir_h2,0.30539458899503413
early_seir_infected_only,21,gic_evid,equal_prior_posterior_approximation,neural_ode_h2,2.285467911764307e-06
early_seir_infected_only,21,gic_evid,equal_prior_posterior_approximation,seir,0.385736991647042
early_seir_infected_only,21,gic_evid,equal_prior_posterior_approximation,sir,0.30133257801157937
early_seir_infected_only,21,gic_evid,equal_prior_posterior_approximation,tv_sir,0.018150859535224575
early_seir_infected_only,21,gic_evid,equal_prior_posterior_approximation,ude_sir_h2,0.2947772853382423
early_seir_infected_only,22,gic_pred,predictive_support,neural_ode_h2,0.01896604202795398
early_seir_infected_only,22,gic_pred,predictive_support,seir,0.28674365687471026
early_seir_infected_only,22,gic_pred,predictive_support,sir,0.2762463184402807
early_seir_infected_only,22,gic_pred,predictive_support,tv_sir,0.14248783156776798
early_seir_infected_only,22,gic_pred,predictive_support,ude_sir_h2,0.2755561510892871
early_seir_infected_only,22,gic_evid,equal_prior_posterior_approximation,neural_ode_h2,1.14133737018556e-06
early_seir_infected_only,22,gic_evid,equal_prior_posterior_approximation,seir,0.3508954302613257
early_seir_infected_only,22,gic_evid,equal_prior_posterior_approximation,sir,0.31466141709494455
early_seir_infected_only,22,gic_evid,equal_prior_posterior_approximation,tv_sir,0.027428479606135005
early_seir_infected_only,22,gic_evid,equal_prior_posterior_approximation,ude_sir_h2,0.3070135317002246
early_seir_infected_only,23,gic_pred,predictive_support,neural_ode_h2,0.05707573314690251
early_seir_infected_only,23,gic_pred,predictive_support,seir,0.30945952836883456
early_seir_infected_only,23,gic_pred,predictive_support,sir,0.2682096039267213
early_seir_infected_only,23,gic_pred,predictive_support,tv_sir,0.09639521700638712
early_seir_infected_only,23,gic_pred,predictive_support,ude_sir_h2,0.2688599175511547
early_seir_infected_only,23,gic_evid,equal_prior_posterior_approximation,neural_ode_h2,2.350526492488621e-06
early_seir_infected_only,23,gic_evid,equal_prior_posterior_approximation,seir,0.4673693474453451
early_seir_infected_only,23,gic_evid,equal_prior_posterior_approximation,sir,0.25854216476291436
early_seir_infected_only,23,gic_evid,equal_prior_posterior_approximation,tv_sir,0.02046379741405857
early_seir_infected_only,23,gic_evid,equal_prior_posterior_approximation,ude_sir_h2,0.25362233985118937
early_seir_infected_only,24,gic_pred,predictive_support,neural_ode_h2,0.11934493769394859
early_seir_infected_only,24,gic_pred,predictive_support,seir,0.2621991907088759
early_seir_infected_only,24,gic_pred,predictive_support,sir,0.26397424318155427
early_seir_infected_only,24,gic_pred,predictive_support,tv_sir,0.09914085746532283
early_seir_infected_only,24,gic_pred,predictive_support,ude_sir_h2,0.2553407709502985
early_seir_infected_only,24,gic_evid,equal_prior_posterior_approximation,neural_ode_h2,6.769935704937663e-06
early_seir_infected_only,24,gic_evid,equal_prior_posterior_approximation,seir,0.4461288117864788
early_seir_infected_only,24,gic_evid,equal_prior_posterior_approximation,sir,0.27982920230511155
early_seir_infected_only,24,gic_evid,equal_prior_posterior_approximation,tv_sir,0.018542758491225005
early_seir_infected_only,24,gic_evid,equal_prior_posterior_approximation,ude_sir_h2,0.25549245748147975
early_seir_infected_only,25,gic_pred,predictive_support,neural_ode_h2,0.017611652618245426
early_seir_infected_only,25,gic_pred,predictive_support,seir,0.20635612476689388
early_seir_infected_only,25,gic_pred,predictive_support,sir,0.31987967279736146
early_seir_infected_only,25,gic_pred,predictive_support,tv_sir,0.13643555350881947
early_seir_infected_only,25,gic_pred,predictive_support,ude_sir_h2,0.3197169963086797
early_seir_infected_only,25,gic_evid,equal_prior_posterior_approximation,neural_ode_h2,2.861904255131085e-05
early_seir_infected_only,25,gic_evid,equal_prior_posterior_approximation,seir,0.12799838658306198
early_seir_infected_only,25,gic_evid,equal_prior_posterior_approximation,sir,0.391071135412965
early_seir_infected_only,25,gic_evid,equal_prior_posterior_approximation,tv_sir,0.10023481015814406
early_seir_infected_only,25,gic_evid,equal_prior_posterior_approximation,ude_sir_h2,0.3806670488032776
early_seir_infected_only,26,gic_pred,predictive_support,neural_ode_h2,0.04880163282661956
early_seir_infected_only,26,gic_pred,predictive_support,seir,0.31808152635906406
early_seir_infected_only,26,gic_pred,predictive_support,sir,0.27298815479285327
early_seir_infected_only,26,gic_pred,predictive_support,tv_sir,0.08646964659887064
early_seir_infected_only,26,gic_pred,predictive_support,ude_sir_h2,0.27365903942259245
early_seir_infected_only,26,gic_evid,equal_prior_posterior_approximation,neural_ode_h2,1.8177034179020026e-06
early_seir_infected_only,26,gic_evid,equal_prior_posterior_approximation,seir,0.4698096643746393
early_seir_infected_only,26,gic_evid,equal_prior_posterior_approximation,sir,0.2579144428491552
early_seir_infected_only,26,gic_evid,equal_prior_posterior_approximation,tv_sir,0.01931073905728409
early_seir_infected_only,26,gic_evid,equal_prior_posterior_approximation,ude_sir_h2,0.2529633360155034
early_seir_infected_only,27,gic_pred,predictive_support,neural_ode_h2,0.13075564670562295
early_seir_infected_only,27,gic_pred,predictive_support,seir,0.24937697535910985
early_seir_infected_only,27,gic_pred,predictive_support,sir,0.2060533828943174
early_seir_infected_only,27,gic_pred,predictive_support,tv_sir,0.18003493946383875
early_seir_infected_only,27,gic_pred,predictive_support,ude_sir_h2,0.23377905557711093
early_seir_infected_only,27,gic_evid,equal_prior_posterior_approximation,neural_ode_h2,5.295519821414285e-06
early_seir_infected_only,27,gic_evid,equal_prior_posterior_approximation,seir,0.5300626112079917
early_seir_infected_only,27,gic_evid,equal_prior_posterior_approximation,sir,0.25744534514706696
early_seir_infected_only,27,gic_evid,equal_prior_posterior_approximation,tv_sir,0.05044499154233746
early_seir_infected_only,27,gic_evid,equal_prior_posterior_approximation,ude_sir_h2,0.1620417565827824
early_seir_infected_only,28,gic_pred,predictive_support,neural_ode_h2,0.07873309405344198
early_seir_infected_only,28,gic_pred,predictive_support,seir,0.33303488192543584
early_seir_infected_only,28,gic_pred,predictive_support,sir,0.24594652246923993
early_seir_infected_only,28,gic_pred,predictive_support,tv_sir,0.10224314821106505
early_seir_infected_only,28,gic_pred,predictive_support,ude_sir_h2,0.24004235334081722
early_seir_infected_only,28,gic_evid,equal_prior_posterior_approximation,neural_ode_h2,2.8867703928883946e-06
early_seir_infected_only,28,gic_evid,equal_prior_posterior_approximation,seir,0.5568090509069883
early_seir_infected_only,28,gic_evid,equal_prior_posterior_approximation,sir,0.25440360291815545
early_seir_infected_only,28,gic_evid,equal_prior_posterior_approximation,tv_sir,0.024538101000328567
early_seir_infected_only,28,gic_evid,equal_prior_posterior_approximation,ude_sir_h2,0.16424635840413496
early_seir_infected_only,29,gic_pred,predictive_support,neural_ode_h2,0.05812732983134281
early_seir_infected_only,29,gic_pred,predictive_support,seir,0.25067946611661546
early_seir_infected_only,29,gic_pred,predictive_support,sir,0.04209386652427827
early_seir_infected_only,29,gic_pred,predictive_support,tv_sir,0.5338012585675275
early_seir_infected_only,29,gic_pred,predictive_support,ude_sir_h2,0.11529807896023606
early_seir_infected_only,29,gic_evid,equal_prior_posterior_approximation,neural_ode_h2,1.4315951517065018e-06
early_seir_infected_only,29,gic_evid,equal_prior_posterior_approximation,seir,0.7375788268816756
early_seir_infected_only,29,gic_evid,equal_prior_posterior_approximation,sir,0.09764292376720908
early_seir_infected_only,29,gic_evid,equal_prior_posterior_approximation,tv_sir,0.10927980097748212
early_seir_infected_only,29,gic_evid,equal_prior_posterior_approximation,ude_sir_h2,0.05549701677848142
early_seir_infected_only,30,gic_pred,predictive_support,neural_ode_h2,0.11909945920801372
early_seir_infected_only,30,gic_pred,predictive_support,seir,0.30990925390090246
early_seir_infected_only,30,gic_pred,predictive_support,sir,0.07784568038870739
early_seir_infected_only,30,gic_pred,predictive_support,tv_sir,0.19251755609858276
early_seir_infected_only,30,gic_pred,predictive_support,ude_sir_h2,0.3006280504037936
early_seir_infected_only,30,gic_evid,equal_prior_posterior_approximation,neural_ode_h2,2.2287511060157337e-06
early_seir_infected_only,30,gic_evid,equal_prior_posterior_approximation,seir,0.7147310095653602
early_seir_infected_only,30,gic_evid,equal_prior_posterior_approximation,sir,0.12247669334020263
early_seir_infected_only,30,gic_evid,equal_prior_posterior_approximation,tv_sir,0.07986382790803086
early_seir_infected_only,30,gic_evid,equal_prior_posterior_approximation,ude_sir_h2,0.08292624043530032
early_seir_infected_only,31,gic_pred,predictive_support,neural_ode_h2,0.034198454856555385
early_seir_infected_only,31,gic_pred,predictive_support,seir,0.2654252685284161
early_seir_infected_only,31,gic_pred,predictive_support,sir,0.29839010085358386
early_seir_infected_only,31,gic_pred,predictive_support,tv_sir,0.10399916043305693
early_seir_infected_only,31,gic_pred,predictive_support,ude_sir_h2,0.2979870153283877
early_seir_infected_only,31,gic_evid,equal_prior_posterior_approximation,neural_ode_h2,2.295613952288103e-06
early_seir_infected_only,31,gic_evid,equal_prior_posterior_approximation,seir,0.374671440369121
early_seir_infected_only,31,gic_evid,equal_prior_posterior_approximation,sir,0.3056759415763258
early_seir_infected_only,31,gic_evid,equal_prior_posterior_approximation,tv_sir,0.02091087812805062
early_seir_infected_only,31,gic_evid,equal_prior_posterior_approximation,ude_sir_h2,0.2987394443125504
early_seir_infected_only,32,gic_pred,predictive_support,neural_ode_h2,0.03825520608784594
early_seir_infected_only,32,gic_pred,predictive_support,seir,0.38622766023453375
early_seir_infected_only,32,gic_pred,predictive_support,sir,0.248950570663071
early_seir_infected_only,32,gic_pred,predictive_support,tv_sir,0.09139193747333069
early_seir_infected_only,32,gic_pred,predictive_support,ude_sir_h2,0.23517462554121876
early_seir_infected_only,32,gic_evid,equal_prior_posterior_approximation,neural_ode_h2,9.860360967283787e-07
early_seir_infected_only,32,gic_evid,equal_prior_posterior_approximation,seir,0.549216092812708
early_seir_infected_only,32,gic_evid,equal_prior_posterior_approximation,sir,0.23393101961757756
early_seir_infected_only,32,gic_evid,equal_prior_posterior_approximation,tv_sir,0.019957523921818706
early_seir_infected_only,32,gic_evid,equal_prior_posterior_approximation,ude_sir_h2,0.19689437761179898
early_seir_infected_only,33,gic_pred,predictive_support,neural_ode_h2,0.3158564498368501
early_seir_infected_only,33,gic_pred,predictive_support,seir,0.18270018420521703
early_seir_infected_only,33,gic_pred,predictive_support,sir,0.13657689600057432
early_seir_infected_only,33,gic_pred,predictive_support,tv_sir,0.14143330111757246
early_seir_infected_only,33,gic_pred,predictive_support,ude_sir_h2,0.22343316883978606
early_seir_infected_only,33,gic_evid,equal_prior_posterior_approximation,neural_ode_h2,2.089122357975384e-05
early_seir_infected_only,33,gic_evid,equal_prior_posterior_approximation,seir,0.5679001124548226
early_seir_infected_only,33,gic_evid,equal_prior_posterior_approximation,sir,0.25071798413687035
early_seir_infected_only,33,gic_evid,equal_prior_posterior_approximation,tv_sir,0.044982362250670656
early_seir_infected_only,33,gic_evid,equal_prior_posterior_approximation,ude_sir_h2,0.13637864993405652
early_seir_infected_only,34,gic_pred,predictive_support,neural_ode_h2,0.10928830383627522
early_seir_infected_only,34,gic_pred,predictive_support,seir,0.2369236977430043
early_seir_infected_only,34,gic_pred,predictive_support,sir,0.28481532685946404
early_seir_infected_only,34,gic_pred,predictive_support,tv_sir,0.08395968910637941
early_seir_infected_only,34,gic_pred,predictive_support,ude_sir_h2,0.2850129824548771
early_seir_infected_only,34,gic_evid,equal_prior_posterior_approximation,neural_ode_h2,1.2426216006071275e-05
early_seir_infected_only,34,gic_evid,equal_prior_posterior_approximation,seir,0.3714756200075684
early_seir_infected_only,34,gic_evid,equal_prior_posterior_approximation,sir,0.3070077408310877
early_seir_infected_only,34,gic_evid,equal_prior_posterior_approximation,tv_sir,0.02078736435807271
early_seir_infected_only,34,gic_evid,equal_prior_posterior_approximation,ude_sir_h2,0.3007168485872651
early_seir_infected_only,35,gic_pred,predictive_support,neural_ode_h2,0.06483603325154035
early_seir_infected_only,35,gic_pred,predictive_support,seir,0.34112671412304135
early_seir_infected_only,35,gic_pred,predictive_support,sir,0.23690925767099022
early_seir_infected_only,35,gic_pred,predictive_support,tv_sir,0.130356296240867
early_seir_infected_only,35,gic_pred,predictive_support,ude_sir_h2,0.22677169871356095
early_seir_infected_only,35,gic_evid,equal_prior_posterior_approximation,neural_ode_h2,2.1732739828025267e-06
early_seir_infected_only,35,gic_evid,equal_prior_posterior_approximation,seir,0.524302516228877
early_seir_infected_only,35,gic_evid,equal_prior_posterior_approximation,sir,0.24193239657792917
early_seir_infected_only,35,gic_evid,equal_prior_posterior_approximation,tv_sir,0.021738141187600563
early_seir_infected_only,35,gic_evid,equal_prior_posterior_approximation,ude_sir_h2,0.21202477273161033
early_seir_infected_only,36,gic_pred,predictive_support,neural_ode_h2,0.06690277864216956
early_seir_infected_only,36,gic_pred,predictive_support,seir,0.4807389385662909
early_seir_infected_only,36,gic_pred,predictive_support,sir,0.10736903120057
early_seir_infected_only,36,gic_pred,predictive_support,tv_sir,0.15176216175290283
early_seir_infected_only,36,gic_pred,predictive_support,ude_sir_h2,0.19322708983806658
early_seir_infected_only,36,gic_evid,equal_prior_posterior_approximation,neural_ode_h2,7.997442229108354e-07
early_seir_infected_only,36,gic_evid,equal_prior_posterior_approximation,seir,0.7553623308914595
early_seir_infected_only,36,gic_evid,equal_prior_posterior_approximation,sir,0.12856942849531758
early_seir_infected_only,36,gic_evid,equal_prior_posterior_approximation,tv_sir,0.043589329324814574
early_seir_infected_only,36,gic_evid,equal_prior_posterior_approximation,ude_sir_h2,0.07247811154418532
early_seir_infected_only,37,gic_pred,predictive_support,neural_ode_h2,0.07896322138963989
early_seir_infected_only,37,gic_pred,predictive_support,seir,0.3659848494804503
early_seir_infected_only,37,gic_pred,predictive_support,sir,0.20995787196000104
early_seir_infected_only,37,gic_pred,predictive_support,tv_sir,0.11596886101723614
early_seir_infected_only,37,gic_pred,predictive_support,ude_sir_h2,0.2291251961526726
early_seir_infected_only,37,gic_evid,equal_prior_posterior_approximation,neural_ode_h2,2.2934162770128783e-06
early_seir_infected_only,37,gic_evid,equal_prior_posterior_approximation,seir,0.6059291487317505
early_seir_infected_only,37,gic_evid,equal_prior_posterior_approximation,sir,0.2221957056803648
early_seir_infected_only,37,gic_evid,equal_prior_posterior_approximation,tv_sir,0.031354104367025515
early_seir_infected_only,37,gic_evid,equal_prior_posterior_approximation,ude_sir_h2,0.14051874780458212
early_seir_infected_only,38,gic_pred,predictive_support,neural_ode_h2,0.07128523569586256
early_seir_infected_only,38,gic_pred,predictive_support,seir,0.3433071867957081
early_seir_infected_only,38,gic_pred,predictive_support,sir,0.20041685674658435
early_seir_infected_only,38,gic_pred,predictive_support,tv_sir,0.12911704776030034
early_seir_infected_only,38,gic_pred,predictive_support,ude_sir_h2,0.2558736730015446
early_seir_infected_only,38,gic_evid,equal_prior_posterior_approximation,neural_ode_h2,1.839773928597034e-06
early_seir_infected_only,38,gic_evid,equal_prior_posterior_approximation,seir,0.6158847583979553
early_seir_infected_only,38,gic_evid,equal_prior_posterior_approximation,sir,0.22054001265556306
early_seir_infected_only,38,gic_evid,equal_prior_posterior_approximation,tv_sir,0.03594383974966744
early_seir_infected_only,38,gic_evid,equal_prior_posterior_approximation,ude_sir_h2,0.12762954942288557
early_seir_infected_only,39,gic_pred,predictive_support,neural_ode_h2,0.03697847466427631
early_seir_infected_only,39,gic_pred,predictive_support,seir,0.2426272031463309
early_seir_infected_only,39,gic_pred,predictive_support,sir,0.30595212839071256
early_seir_infected_only,39,gic_pred,predictive_support,tv_sir,0.10946129393795169
early_seir_infected_only,39,gic_pred,predictive_support,ude_sir_h2,0.30498089986072857
early_seir_infected_only,39,gic_evid,equal_prior_posterior_approximation,neural_ode_h2,4.2936898736211175e-06
early_seir_infected_only,39,gic_evid,equal_prior_posterior_approximation,seir,0.3345014998375459
early_seir_infected_only,39,gic_evid,equal_prior_posterior_approximation,sir,0.32334067581344494
early_seir_infected_only,39,gic_evid,equal_prior_posterior_approximation,tv_sir,0.02718179402029238
early_seir_infected_only,39,gic_evid,equal_prior_posterior_approximation,ude_sir_h2,0.314971736638843
early_seir_infected_only,40,gic_pred,predictive_support,neural_ode_h2,0.0586196883731618
early_seir_infected_only,40,gic_pred,predictive_support,seir,0.2821158904648658
early_seir_infected_only,40,gic_pred,predictive_support,sir,0.28856284119473835
early_seir_infected_only,40,gic_pred,predictive_support,tv_sir,0.08614476502828551
early_seir_infected_only,40,gic_pred,predictive_support,ude_sir_h2,0.2845568149389484
early_seir_infected_only,40,gic_evid,equal_prior_posterior_approximation,neural_ode_h2,2.920797068099562e-06
early_seir_infected_only,40,gic_evid,equal_prior_posterior_approximation,seir,0.42828595873377656
early_seir_infected_only,40,gic_evid,equal_prior_posterior_approximation,sir,0.28426189149376757
early_seir_infected_only,40,gic_evid,equal_prior_posterior_approximation,tv_sir,0.016098500670879885
early_seir_infected_only,40,gic_evid,equal_prior_posterior_approximation,ude_sir_h2,0.2713507283045079
early_seir_infected_only,41,gic_pred,predictive_support,neural_ode_h2,0.02123507456732781
early_seir_infected_only,41,gic_pred,predictive_support,seir,0.25687362673129127
early_seir_infected_only,41,gic_pred,predictive_support,sir,0.3035888272746559
early_seir_infected_only,41,gic_pred,predictive_support,tv_sir,0.11560850270734545
early_seir_infected_only,41,gic_pred,predictive_support,ude_sir_h2,0.30269396871937954
early_seir_infected_only,41,gic_evid,equal_prior_posterior_approximation,neural_ode_h2,1.76521504114982e-06
early_seir_infected_only,41,gic_evid,equal_prior_posterior_approximation,seir,0.31850710727155085
early_seir_infected_only,41,gic_evid,equal_prior_posterior_approximation,sir,0.3306095939831182
early_seir_infected_only,41,gic_evid,equal_prior_posterior_approximation,tv_sir,0.028903763344556518
early_seir_infected_only,41,gic_evid,equal_prior_posterior_approximation,ude_sir_h2,0.3219777701857332
early_seir_infected_only,42,gic_pred,predictive_support,neural_ode_h2,0.05184188547145009
early_seir_infected_only,42,gic_pred,predictive_support,seir,0.2495056114543957
early_seir_infected_only,42,gic_pred,predictive_support,sir,0.2822836579708562
early_seir_infected_only,42,gic_pred,predictive_support,tv_sir,0.1333992726266761
early_seir_infected_only,42,gic_pred,predictive_support,ude_sir_h2,0.28296957247662186
early_seir_infected_only,42,gic_evid,equal_prior_posterior_approximation,neural_ode_h2,2.8130832714444816e-06
early_seir_infected_only,42,gic_evid,equal_prior_posterior_approximation,seir,0.40276296367460185
early_seir_infected_only,42,gic_evid,equal_prior_posterior_approximation,sir,0.28696289557642524
early_seir_infected_only,42,gic_evid,equal_prior_posterior_approximation,tv_sir,0.028972367557130826
early_seir_infected_only,42,gic_evid,equal_prior_posterior_approximation,ude_sir_h2,0.2812989601085706
early_seir_infected_only,43,gic_pred,predictive_support,neural_ode_h2,0.08112328189428963
early_seir_infected_only,43,gic_pred,predictive_support,seir,0.3585829053815835
early_seir_infected_only,43,gic_pred,predictive_support,sir,0.20406724146517868
early_seir_infected_only,43,gic_pred,predictive_support,tv_sir,0.126419784405285
early_seir_infected_only,43,gic_pred,predictive_support,ude_sir_h2,0.22980678685366335
early_seir_infected_only,43,gic_evid,equal_prior_posterior_approximation,neural_ode_h2,2.5604769878787945e-06
early_seir_infected_only,43,gic_evid,equal_prior_posterior_approximation,seir,0.6190223911063267
early_seir_infected_only,43,gic_evid,equal_prior_posterior_approximation,sir,0.22365573702735925
early_seir_infected_only,43,gic_evid,equal_prior_posterior_approximation,tv_sir,0.028580565547551704
early_seir_infected_only,43,gic_evid,equal_prior_posterior_approximation,ude_sir_h2,0.12873874584177455
early_seir_infected_only,44,gic_pred,predictive_support,neural_ode_h2,0.03983365671521642
early_seir_infected_only,44,gic_pred,predictive_support,seir,0.10993023606586538
early_seir_infected_only,44,gic_pred,predictive_support,sir,0.007564507376915867
early_seir_infected_only,44,gic_pred,predictive_support,tv_sir,0.6289942171881446
early_seir_infected_only,44,gic_pred,predictive_support,ude_sir_h2,0.21367738265385786
early_seir_infected_only,44,gic_evid,equal_prior_posterior_approximation,neural_ode_h2,6.939918681988685e-07
early_seir_infected_only,44,gic_evid,equal_prior_posterior_approximation,seir,0.7344984222776535
early_seir_infected_only,44,gic_evid,equal_prior_posterior_approximation,sir,0.04356911499062419
early_seir_infected_only,44,gic_evid,equal_prior_posterior_approximation,tv_sir,0.21822943676261244
early_seir_infected_only,44,gic_evid,equal_prior_posterior_approximation,ude_sir_h2,0.0037023319772415604
early_seir_infected_only,45,gic_pred,predictive_support,neural_ode_h2,0.07012145545742743
early_seir_infected_only,45,gic_pred,predictive_support,seir,0.24471969472361296
early_seir_infected_only,45,gic_pred,predictive_support,sir,0.2961751278978732
early_seir_infected_only,45,gic_pred,predictive_support,tv_sir,0.09319716878318175
early_seir_infected_only,45,gic_pred,predictive_support,ude_sir_h2,0.29578655313790475
early_seir_infected_only,45,gic_evid,equal_prior_posterior_approximation,neural_ode_h2,6.799823378930432e-06
early_seir_infected_only,45,gic_evid,equal_prior_posterior_approximation,seir,0.3560439379949557
early_seir_infected_only,45,gic_evid,equal_prior_posterior_approximation,sir,0.3167129209840238
early_seir_infected_only,45,gic_evid,equal_prior_posterior_approximation,tv_sir,0.01793525948652818
early_seir_infected_only,45,gic_evid,equal_prior_posterior_approximation,ude_sir_h2,0.3093010817111133
early_seir_infected_only,46,gic_pred,predictive_support,neural_ode_h2,0.04159379826546472
early_seir_infected_only,46,gic_pred,predictive_support,seir,0.521233452008945
early_seir_infected_only,46,gic_pred,predictive_support,sir,0.1444855033509341
early_seir_infected_only,46,gic_pred,predictive_support,tv_sir,0.09548376320772381
early_seir_infected_only,46,gic_pred,predictive_support,ude_sir_h2,0.1972034831669324
early_seir_infected_only,46,gic_evid,equal_prior_posterior_approximation,neural_ode_h2,4.397635984900566e-07
early_seir_infected_only,46,gic_evid,equal_prior_posterior_approximation,seir,0.738703020434592
early_seir_infected_only,46,gic_evid,equal_prior_posterior_approximation,sir,0.14736071043635865
early_seir_infected_only,46,gic_evid,equal_prior_posterior_approximation,tv_sir,0.02772359049449048
early_seir_infected_only,46,gic_evid,equal_prior_posterior_approximation,ude_sir_h2,0.08621223887096027
early_seir_infected_only,47,gic_pred,predictive_support,neural_ode_h2,0.028239843825113395
early_seir_infected_only,47,gic_pred,predictive_support,seir,0.20058824389042074
early_seir_infected_only,47,gic_pred,predictive_support,sir,0.30956099720537
early_seir_infected_only,47,gic_pred,predictive_support,tv_sir,0.15276722574662993
early_seir_infected_only,47,gic_pred,predictive_support,ude_sir_h2,0.3088436893324658
early_seir_infected_only,47,gic_evid,equal_prior_posterior_approximation,neural_ode_h2,1.0020247725140086e-05
early_seir_infected_only,47,gic_evid,equal_prior_posterior_approximation,seir,0.22083467389072448
early_seir_infected_only,47,gic_evid,equal_prior_posterior_approximation,sir,0.3578607100140094
early_seir_infected_only,47,gic_evid,equal_prior_posterior_approximation,tv_sir,0.07390929563793054
early_seir_infected_only,47,gic_evid,equal_prior_posterior_approximation,ude_sir_h2,0.3473853002096105
early_seir_infected_only,48,gic_pred,predictive_support,neural_ode_h2,0.05280530354358607
early_seir_infected_only,48,gic_pred,predictive_support,seir,0.40826681479732074
early_seir_infected_only,48,gic_pred,predictive_support,sir,0.1166319018858674
early_seir_infected_only,48,gic_pred,predictive_support,tv_sir,0.28127717472641656
early_seir_infected_only,48,gic_pred,predictive_support,ude_sir_h2,0.14101880504680928
early_seir_infected_only,48,gic_evid,equal_prior_posterior_approximation,neural_ode_h2,1.0469757650728018e-06
early_seir_infected_only,48,gic_evid,equal_prior_posterior_approximation,seir,0.7139865097180687
early_seir_infected_only,48,gic_evid,equal_prior_posterior_approximation,sir,0.15556971754074228
early_seir_infected_only,48,gic_evid,equal_prior_posterior_approximation,tv_sir,0.044874969521114964
early_seir_infected_only,48,gic_evid,equal_prior_posterior_approximation,ude_sir_h2,0.08556775624430911
early_seir_infected_only,49,gic_pred,predictive_support,neural_ode_h2,0.11220808804698892
early_seir_infected_only,49,gic_pred,predictive_support,seir,0.21329448627252814
early_seir_infected_only,49,gic_pred,predictive_support,sir,0.042140054894698034
early_seir_infected_only,49,gic_pred,predictive_support,tv_sir,0.21649295490304904
early_seir_infected_only,49,gic_pred,predictive_support,ude_sir_h2,0.41586441588273576
early_seir_infected_only,49,gic_evid,equal_prior_posterior_approximation,neural_ode_h2,1.8244140470098909e-06
early_seir_infected_only,49,gic_evid,equal_prior_posterior_approximation,seir,0.6830807032176852
early_seir_infected_only,49,gic_evid,equal_prior_posterior_approximation,sir,0.0900232480327015
early_seir_infected_only,49,gic_evid,equal_prior_posterior_approximation,tv_sir,0.1398382053295515
early_seir_infected_only,49,gic_evid,equal_prior_posterior_approximation,ude_sir_h2,0.08705601900601477
early_seir_infected_only,50,gic_pred,predictive_support,neural_ode_h2,0.0869278631184412
early_seir_infected_only,50,gic_pred,predictive_support,seir,0.24017307429072468
early_seir_infected_only,50,gic_pred,predictive_support,sir,0.2867628059209019
early_seir_infected_only,50,gic_pred,predictive_support,tv_sir,0.10057156872298237
early_seir_infected_only,50,gic_pred,predictive_support,ude_sir_h2,0.2855646879469498
early_seir_infected_only,50,gic_evid,equal_prior_posterior_approximation,neural_ode_h2,2.1951909634825204e-05
early_seir_infected_only,50,gic_evid,equal_prior_posterior_approximation,seir,0.3632510466148737
early_seir_infected_only,50,gic_evid,equal_prior_posterior_approximation,sir,0.3076198388384027
early_seir_infected_only,50,gic_evid,equal_prior_posterior_approximation,tv_sir,0.02977650784201692
early_seir_infected_only,50,gic_evid,equal_prior_posterior_approximation,ude_sir_h2,0.29933065479507187
early_seir_infected_only,51,gic_pred,predictive_support,neural_ode_h2,0.056629828700033885
early_seir_infected_only,51,gic_pred,predictive_support,seir,0.2681437591174002
early_seir_infected_only,51,gic_pred,predictive_support,sir,0.29604180959629844
early_seir_infected_only,51,gic_pred,predictive_support,tv_sir,0.08280737172563556
early_seir_infected_only,51,gic_pred,predictive_support,ude_sir_h2,0.2963772308606319
early_seir_infected_only,51,gic_evid,equal_prior_posterior_approximation,neural_ode_h2,3.3148878001942746e-06
early_seir_infected_only,51,gic_evid,equal_prior_posterior_approximation,seir,0.3998857947223239
early_seir_infected_only,51,gic_evid,equal_prior_posterior_approximation,sir,0.29519035265103
early_seir_infected_only,51,gic_evid,equal_prior_posterior_approximation,tv_sir,0.016063210882061935
early_seir_infected_only,51,gic_evid,equal_prior_posterior_approximation,ude_sir_h2,0.28885732685678395
early_seir_infected_only,52,gic_pred,predictive_support,neural_ode_h2,0.08019254368024342
early_seir_infected_only,52,gic_pred,predictive_support,seir,0.3510486945822595
early_seir_infected_only,52,gic_pred,predictive_support,sir,0.21221105132021578
early_seir_infected_only,52,gic_pred,predictive_support,tv_sir,0.14272985056798748
early_seir_infected_only,52,gic_pred,predictive_support,ude_sir_h2,0.21381785984929375
early_seir_infected_only,52,gic_evid,equal_prior_posterior_approximation,neural_ode_h2,2.5711290515601957e-06
early_seir_infected_only,52,gic_evid,equal_prior_posterior_approximation,seir,0.5915423332122992
early_seir_infected_only,52,gic_evid,equal_prior_posterior_approximation,sir,0.23204481524288045
early_seir_infected_only,52,gic_evid,equal_prior_posterior_approximation,tv_sir,0.027369738718924987
early_seir_infected_only,52,gic_evid,equal_prior_posterior_approximation,ude_sir_h2,0.14904054169684391
early_seir_infected_only,53,gic_pred,predictive_support,neural_ode_h2,0.09518840747242592
early_seir_infected_only,53,gic_pred,predictive_support,seir,0.26499734017486454
early_seir_infected_only,53,gic_pred,predictive_support,sir,0.27224346080337597
early_seir_infected_only,53,gic_pred,predictive_support,tv_sir,0.09470075904102908
early_seir_infected_only,53,gic_pred,predictive_support,ude_sir_h2,0.2728700325083045
early_seir_infected_only,53,gic_evid,equal_prior_posterior_approximation,neural_ode_h2,5.260932252972808e-06
early_seir_infected_only,53,gic_evid,equal_prior_posterior_approximation,seir,0.43193229729777
early_seir_infected_only,53,gic_evid,equal_prior_posterior_approximation,sir,0.2778014090517082
early_seir_infected_only,53,gic_evid,equal_prior_posterior_approximation,tv_sir,0.017911046622974217
early_seir_infected_only,53,gic_evid,equal_prior_posterior_approximation,ude_sir_h2,0.2723499860952947
early_seir_infected_only,54,gic_pred,predictive_support,neural_ode_h2,0.05506949873971866
early_seir_infected_only,54,gic_pred,predictive_support,seir,0.39993453284567865
early_seir_infected_only,54,gic_pred,predictive_support,sir,0.19558651082698336
early_seir_infected_only,54,gic_pred,predictive_support,tv_sir,0.1653730142987391
early_seir_infected_only,54,gic_pred,predictive_support,ude_sir_h2,0.18403644328888025
early_seir_infected_only,54,gic_evid,equal_prior_posterior_approximation,neural_ode_h2,1.298029172474403e-06
early_seir_infected_only,54,gic_evid,equal_prior_posterior_approximation,seir,0.6250848810403122
early_seir_infected_only,54,gic_evid,equal_prior_posterior_approximation,sir,0.21629070166504052
early_seir_infected_only,54,gic_evid,equal_prior_posterior_approximation,tv_sir,0.023941095070061084
early_seir_infected_only,54,gic_evid,equal_prior_posterior_approximation,ude_sir_h2,0.13468202419541367
early_seir_infected_only,55,gic_pred,predictive_support,neural_ode_h2,0.16318709971530992
early_seir_infected_only,55,gic_pred,predictive_support,seir,0.21803446650008335
early_seir_infected_only,55,gic_pred,predictive_support,sir,0.25754703897729764
early_seir_infected_only,55,gic_pred,predictive_support,tv_sir,0.103340058885697
early_seir_infected_only,55,gic_pred,predictive_support,ude_sir_h2,0.257891335921612
early_seir_infected_only,55,gic_evid,equal_prior_posterior_approximation,neural_ode_h2,1.8737221585392444e-05
early_seir_infected_only,55,gic_evid,equal_prior_posterior_approximation,seir,0.36786130298298736
early_seir_infected_only,55,gic_evid,equal_prior_posterior_approximation,sir,0.30935125775559597
early_seir_infected_only,55,gic_evid,equal_prior_posterior_approximation,tv_sir,0.020052821096371885
early_seir_infected_only,55,gic_evid,equal_prior_posterior_approximation,ude_sir_h2,0.30271588094345936
early_seir_infected_only,56,gic_pred,predictive_support,neural_ode_h2,0.032059077828627255
early_seir_infected_only,56,gic_pred,predictive_support,seir,0.3033803125061581
early_seir_infected_only,56,gic_pred,predictive_support,sir,0.28977431008342114
early_seir_infected_only,56,gic_pred,predictive_support,tv_sir,0.08468013703896207
early_seir_infected_only,56,gic_pred,predictive_support,ude_sir_h2,0.2901061625428314
early_seir_infected_only,56,gic_evid,equal_prior_posterior_approximation,neural_ode_h2,1.3621286749103807e-06
early_seir_infected_only,56,gic_evid,equal_prior_posterior_approximation,seir,0.4302853720879663
early_seir_infected_only,56,gic_evid,equal_prior_posterior_approximation,sir,0.27893547648240513
early_seir_infected_only,56,gic_evid,equal_prior_posterior_approximation,tv_sir,0.01763377092906225
early_seir_infected_only,56,gic_evid,equal_prior_posterior_approximation,ude_sir_h2,0.27314401837189134
early_seir_infected_only,57,gic_pred,predictive_support,neural_ode_h2,0.06554717503185958
early_seir_infected_only,57,gic_pred,predictive_support,seir,0.24472330785637167
early_seir_infected_only,57,gic_pred,predictive_support,sir,0.29056386733135653
early_seir_infected_only,57,gic_pred,predictive_support,tv_sir,0.10840159444060744
early_seir_infected_only,57,gic_pred,predictive_support,ude_sir_h2,0.2907640553398048
early_seir_infected_only,57,gic_evid,equal_prior_posterior_approximation,neural_ode_h2,5.55349793457574e-06
early_seir_infected_only,57,gic_evid,equal_prior_posterior_approximation,seir,0.36667958893994784
early_seir_infected_only,57,gic_evid,equal_prior_posterior_approximation,sir,0.309276508318031
early_seir_infected_only,57,gic_evid,equal_prior_posterior_approximation,tv_sir,0.0215385542893175
early_seir_infected_only,57,gic_evid,equal_prior_posterior_approximation,ude_sir_h2,0.30249979495476903
early_seir_infected_only,58,gic_pred,predictive_support,neural_ode_h2,0.1447997298180491
early_seir_infected_only,58,gic_pred,predictive_support,seir,0.2622114760069532
early_seir_infected_only,58,gic_pred,predictive_support,sir,0.23234567553754923
early_seir_infected_only,58,gic_pred,predictive_support,tv_sir,0.1290686428284091
early_seir_infected_only,58,gic_pred,predictive_support,ude_sir_h2,0.2315744758090395
early_seir_infected_only,58,gic_evid,equal_prior_posterior_approximation,neural_ode_h2,4.512801877372322e-05
early_seir_infected_only,58,gic_evid,equal_prior_posterior_approximation,seir,0.386068733861909
early_seir_infected_only,58,gic_evid,equal_prior_posterior_approximation,sir,0.2915554222295618
early_seir_infected_only,58,gic_evid,equal_prior_posterior_approximation,tv_sir,0.03847348076481507
early_seir_infected_only,58,gic_evid,equal_prior_posterior_approximation,ude_sir_h2,0.28385723512494027
early_seir_infected_only,59,gic_pred,predictive_support,neural_ode_h2,0.055220431079828235
early_seir_infected_only,59,gic_pred,predictive_support,seir,0.2549042966926252
early_seir_infected_only,59,gic_pred,predictive_support,sir,0.2983358433593708
early_seir_infected_only,59,gic_pred,predictive_support,tv_sir,0.0928438474862632
early_seir_infected_only,59,gic_pred,predictive_support,ude_sir_h2,0.2986955813819126
early_seir_infected_only,59,gic_evid,equal_prior_posterior_approximation,neural_ode_h2,3.7014776986771353e-06
early_seir_infected_only,59,gic_evid,equal_prior_posterior_approximation,seir,0.38425279262899265
early_seir_infected_only,59,gic_evid,equal_prior_posterior_approximation,sir,0.30123554650260287
early_seir_infected_only,59,gic_evid,equal_prior_posterior_approximation,tv_sir,0.01959175638968519
early_seir_infected_only,59,gic_evid,equal_prior_posterior_approximation,ude_sir_h2,0.2949162030010205
early_seir_infected_only,60,gic_pred,predictive_support,neural_ode_h2,0.05153157163227544
early_seir_infected_only,60,gic_pred,predictive_support,seir,0.22755504066588841
early_seir_infected_only,60,gic_pred,predictive_support,sir,0.3036942330700919
early_seir_infected_only,60,gic_pred,predictive_support,tv_sir,0.11443829165397577
early_seir_infected_only,60,gic_pred,predictive_support,ude_sir_h2,0.30278086297776846
early_seir_infected_only,60,gic_evid,equal_prior_posterior_approximation,neural_ode_h2,1.0055728731901785e-05
early_seir_infected_only,60,gic_evid,equal_prior_posterior_approximation,seir,0.30254304958362294
early_seir_infected_only,60,gic_evid,equal_prior_posterior_approximation,sir,0.337326381234342
early_seir_infected_only,60,gic_evid,equal_prior_posterior_approximation,tv_sir,0.0322018913284191
early_seir_infected_only,60,gic_evid,equal_prior_posterior_approximation,ude_sir_h2,0.3279186221248841
early_seir_infected_only,61,gic_pred,predictive_support,neural_ode_h2,0.014271303885310798
early_seir_infected_only,61,gic_pred,predictive_support,seir,0.25508934259702265
early_seir_infected_only,61,gic_pred,predictive_support,sir,0.14534042856570034
early_seir_infected_only,61,gic_pred,predictive_support,tv_sir,0.44051381412916674
early_seir_infected_only,61,gic_pred,predictive_support,ude_sir_h2,0.1447851108227995
early_seir_infected_only,61,gic_evid,equal_prior_posterior_approximation,neural_ode_h2,2.001526191896644e-06
early_seir_infected_only,61,gic_evid,equal_prior_posterior_approximation,seir,0.24236856106220966
early_seir_infected_only,61,gic_evid,equal_prior_posterior_approximation,sir,0.3343558069469275
early_seir_infected_only,61,gic_evid,equal_prior_posterior_approximation,tv_sir,0.09834948437063111
early_seir_infected_only,61,gic_evid,equal_prior_posterior_approximation,ude_sir_h2,0.32492414609403975
early_seir_infected_only,62,gic_pred,predictive_support,neural_ode_h2,0.05615312087851181
early_seir_infected_only,62,gic_pred,predictive_support,seir,0.2205228904546315
early_seir_infected_only,62,gic_pred,predictive_support,sir,0.30450412866823257
early_seir_infected_only,62,gic_pred,predictive_support,tv_sir,0.11523077781967266
early_seir_infected_only,62,gic_pred,predictive_support,ude_sir_h2,0.3035890821789514
early_seir_infected_only,62,gic_evid,equal_prior_posterior_approximation,neural_ode_h2,1.5315080710933906e-05
early_seir_infected_only,62,gic_evid,equal_prior_posterior_approximation,seir,0.2881297103474588
early_seir_infected_only,62,gic_evid,equal_prior_posterior_approximation,sir,0.3421509084169087
early_seir_infected_only,62,gic_evid,equal_prior_posterior_approximation,tv_sir,0.0373406326372971
early_seir_infected_only,62,gic_evid,equal_prior_posterior_approximation,ude_sir_h2,0.3323634335176245
early_seir_infected_only,63,gic_pred,predictive_support,neural_ode_h2,0.07071132106648749
early_seir_infected_only,63,gic_pred,predictive_support,seir,0.42520168185321583
early_seir_infected_only,63,gic_pred,predictive_support,sir,0.13641722563435993
early_seir_infected_only,63,gic_pred,predictive_support,tv_sir,0.1308249650677505
early_seir_infected_only,63,gic_pred,predictive_support,ude_sir_h2,0.2368448063781862
early_seir_infected_only,63,gic_evid,equal_prior_posterior_approximation,neural_ode_h2,1.1755376049732659e-06
early_seir_infected_only,63,gic_evid,equal_prior_posterior_approximation,seir,0.7116719965191589
early_seir_infected_only,63,gic_evid,equal_prior_posterior_approximation,sir,0.15641859665359595
early_seir_infected_only,63,gic_evid,equal_prior_posterior_approximation,tv_sir,0.041415650292099586
early_seir_infected_only,63,gic_evid,equal_prior_posterior_approximation,ude_sir_h2,0.0904925809975404
early_seir_infected_only,64,gic_pred,predictive_support,neural_ode_h2,0.057760440680149995
early_seir_infected_only,64,gic_pred,predictive_support,seir,0.270744306938522
early_seir_infected_only,64,gic_pred,predictive_support,sir,0.28698666955160773
early_seir_infected_only,64,gic_pred,predictive_support,tv_sir,0.09735015962800525
early_seir_infected_only,64,gic_pred,predictive_support,ude_sir_h2,0.2871584232017151
early_seir_infected_only,64,gic_evid,equal_prior_posterior_approximation,neural_ode_h2,3.2502111631853886e-06
early_seir_infected_only,64,gic_evid,equal_prior_posterior_approximation,seir,0.4030093467804943
early_seir_infected_only,64,gic_evid,equal_prior_posterior_approximation,sir,0.2933752696445594
early_seir_infected_only,64,gic_evid,equal_prior_posterior_approximation,tv_sir,0.01662361218104739
early_seir_infected_only,64,gic_evid,equal_prior_posterior_approximation,ude_sir_h2,0.2869885211827359
early_seir_infected_only,65,gic_pred,predictive_support,neural_ode_h2,0.03216111650727943
early_seir_infected_only,65,gic_pred,predictive_support,seir,0.22142863253860914
early_seir_infected_only,65,gic_pred,predictive_support,sir,0.2889976628418137
early_seir_infected_only,65,gic_pred,predictive_support,tv_sir,0.16944936783226755
early_seir_infected_only,65,gic_pred,predictive_support,ude_sir_h2,0.2879632202800302
early_seir_infected_only,65,gic_evid,equal_prior_posterior_approximation,neural_ode_h2,5.454317217057874e-06
early_seir_infected_only,65,gic_evid,equal_prior_posterior_approximation,seir,0.2803235774661893
early_seir_infected_only,65,gic_evid,equal_prior_posterior_approximation,sir,0.3454020461786202
early_seir_infected_only,65,gic_evid,equal_prior_posterior_approximation,tv_sir,0.03844229842442153
early_seir_infected_only,65,gic_evid,equal_prior_posterior_approximation,ude_sir_h2,0.33582662361355187
early_seir_infected_only,66,gic_pred,predictive_support,neural_ode_h2,0.17223899017397312
early_seir_infected_only,66,gic_pred,predictive_support,seir,0.24742147636450712
early_seir_infected_only,66,gic_pred,predictive_support,sir,0.22818407236093577
early_seir_infected_only,66,gic_pred,predictive_support,tv_sir,0.12470952687591319
early_seir_infected_only,66,gic_pred,predictive_support,ude_sir_h2,0.22744593422467071
early_seir_infected_only,66,gic_evid,equal_prior_posterior_approximation,neural_ode_h2,8.61622390525683e-05
early_seir_infected_only,66,gic_evid,equal_prior_posterior_approximation,seir,0.3758736240691644
early_seir_infected_only,66,gic_evid,equal_prior_posterior_approximation,sir,0.2938402753798888
early_seir_infected_only,66,gic_evid,equal_prior_posterior_approximation,tv_sir,0.04471028354818459
early_seir_infected_only,66,gic_evid,equal_prior_posterior_approximation,ude_sir_h2,0.28548965476370963
early_seir_infected_only,67,gic_pred,predictive_support,neural_ode_h2,0.065829058045788
early_seir_infected_only,67,gic_pred,predictive_support,seir,0.038289282425428846
early_seir_infected_only,67,gic_pred,predictive_support,sir,0.0037196767896437864
early_seir_infected_only,67,gic_pred,predictive_support,tv_sir,0.49280365047641067
early_seir_infected_only,67,gic_pred,predictive_support,ude_sir_h2,0.3993583322627288
early_seir_infected_only,67,gic_evid,equal_prior_posterior_approximation,neural_ode_h2,4.396902361541386e-06
early_seir_infected_only,67,gic_evid,equal_prior_posterior_approximation,seir,0.5595548473813339
early_seir_infected_only,67,gic_evid,equal_prior_posterior_approximation,sir,0.04135088828321006
early_seir_infected_only,67,gic_evid,equal_prior_posterior_approximation,tv_sir,0.39111468774159563
early_seir_infected_only,67,gic_evid,equal_prior_posterior_approximation,ude_sir_h2,0.007975179691499044
early_seir_infected_only,68,gic_pred,predictive_support,neural_ode_h2,0.11321329105892071
early_seir_infected_only,68,gic_pred,predictive_support,seir,0.04015278805275895
early_seir_infected_only,68,gic_pred,predictive_support,sir,0.033470548087353724
early_seir_infected_only,68,gic_pred,predictive_support,tv_sir,0.6795159442213208
early_seir_infected_only,68,gic_pred,predictive_support,ude_sir_h2,0.13364742857964584
early_seir_infected_only,68,gic_evid,equal_prior_posterior_approximation,neural_ode_h2,1.1067312822977699e-05
early_seir_infected_only,68,gic_evid,equal_prior_posterior_approximation,seir,0.3547080278213362
early_seir_infected_only,68,gic_evid,equal_prior_posterior_approximation,sir,0.16575660121062075
early_seir_infected_only,68,gic_evid,equal_prior_posterior_approximation,tv_sir,0.39612146836156875
early_seir_infected_only,68,gic_evid,equal_prior_posterior_approximation,ude_sir_h2,0.08340283529365126
early_seir_infected_only,69,gic_pred,predictive_support,neural_ode_h2,0.05970819788591625
early_seir_infected_only,69,gic_pred,predictive_support,seir,0.2659038995501262
early_seir_infected_only,69,gic_pred,predictive_support,sir,0.2958348217656963
early_seir_infected_only,69,gic_pred,predictive_support,tv_sir,0.08216601334891953
early_seir_infected_only,69,gic_pred,predictive_support,ude_sir_h2,0.29638706744934173
early_seir_infected_only,69,gic_evid,equal_prior_posterior_approximation,neural_ode_h2,3.5456469139348332e-06
early_seir_infected_only,69,gic_evid,equal_prior_posterior_approximation,seir,0.4080260461594596
early_seir_infected_only,69,gic_evid,equal_prior_posterior_approximation,sir,0.28914835977018516
early_seir_infected_only,69,gic_evid,equal_prior_posterior_approximation,tv_sir,0.019392794618483533
early_seir_infected_only,69,gic_evid,equal_prior_posterior_approximation,ude_sir_h2,0.28342925380495776
early_seir_infected_only,70,gic_pred,predictive_support,neural_ode_h2,0.10246679627482147
early_seir_infected_only,70,gic_pred,predictive_support,seir,0.3237036228744888
early_seir_infected_only,70,gic_pred,predictive_support,sir,0.05788269278235678
early_seir_infected_only,70,gic_pred,predictive_support,tv_sir,0.2930351982071043
early_seir_infected_only,70,gic_pred,predictive_support,ude_sir_h2,0.22291168986122875
early_seir_infected_only,70,gic_evid,equal_prior_posterior_approximation,neural_ode_h2,1.6090282229759125e-06
early_seir_infected_only,70,gic_evid,equal_prior_posterior_approximation,seir,0.7753788689639021
early_seir_infected_only,70,gic_evid,equal_prior_posterior_approximation,sir,0.10011169783778041
early_seir_infected_only,70,gic_evid,equal_prior_posterior_approximation,tv_sir,0.067289406664686
early_seir_infected_only,70,gic_evid,equal_prior_posterior_approximation,ude_sir_h2,0.05721841750540846
early_seir_infected_only,71,gic_pred,predictive_support,neural_ode_h2,0.013717465701352684
early_seir_infected_only,71,gic_pred,predictive_support,seir,0.3900176095428599
early_seir_infected_only,71,gic_pred,predictive_support,sir,0.2053473424283004
early_seir_infected_only,71,gic_pred,predictive_support,tv_sir,0.18622299744357118
early_seir_infected_only,71,gic_pred,predictive_support,ude_sir_h2,0.2046945848839158
early_seir_infected_only,71,gic_evid,equal_prior_posterior_approximation,neural_ode_h2,8.868444523309703e-07
early_seir_infected_only,71,gic_evid,equal_prior_posterior_approximation,seir,0.3153156207388697
early_seir_infected_only,71,gic_evid,equal_prior_posterior_approximation,sir,0.32414743757040143
early_seir_infected_only,71,gic_evid,equal_prior_posterior_approximation,tv_sir,0.04535088807577744
early_seir_infected_only,71,gic_evid,equal_prior_posterior_approximation,ude_sir_h2,0.3151851667704991
early_seir_infected_only,72,gic_pred,predictive_support,neural_ode_h2,0.08802108008149125
early_seir_infected_only,72,gic_pred,predictive_support,seir,0.247082401352396
early_seir_infected_only,72,gic_pred,predictive_support,sir,0.28386129901244533
early_seir_infected_only,72,gic_pred,predictive_support,tv_sir,0.09742673448414521
early_seir_infected_only,72,gic_pred,predictive_support,ude_sir_h2,0.2836084850695222
early_seir_infected_only,72,gic_evid,equal_prior_posterior_approximation,neural_ode_h2,1.1383748086572565e-05
early_seir_infected_only,72,gic_evid,equal_prior_posterior_approximation,seir,0.3626356528532563
early_seir_infected_only,72,gic_evid,equal_prior_posterior_approximation,sir,0.3106111481343046
early_seir_infected_only,72,gic_evid,equal_prior_posterior_approximation,tv_sir,0.023069929754971883
early_seir_infected_only,72,gic_evid,equal_prior_posterior_approximation,ude_sir_h2,0.3036718855093807
early_seir_infected_only,73,gic_pred,predictive_support,neural_ode_h2,0.10907151407004888
early_seir_infected_only,73,gic_pred,predictive_support,seir,0.33279734631384755
early_seir_infected_only,73,gic_pred,predictive_support,sir,0.1973176532910618
early_seir_infected_only,73,gic_pred,predictive_support,tv_sir,0.13235601040180012
early_seir_infected_only,73,gic_pred,predictive_support,ude_sir_h2,0.2284574759232417
early_seir_infected_only,73,gic_evid,equal_prior_posterior_approximation,neural_ode_h2,4.141503045678265e-06
early_seir_infected_only,73,gic_evid,equal_prior_posterior_approximation,seir,0.6093912322536114
early_seir_infected_only,73,gic_evid,equal_prior_posterior_approximation,sir,0.22790613195420753
early_seir_infected_only,73,gic_evid,equal_prior_posterior_approximation,tv_sir,0.031612086402136204
early_seir_infected_only,73,gic_evid,equal_prior_posterior_approximation,ude_sir_h2,0.13108640788699932
early_seir_infected_only,74,gic_pred,predictive_support,neural_ode_h2,0.04976669951281646
early_seir_infected_only,74,gic_pred,predictive_support,seir,0.22558822444959076
early_seir_infected_only,74,gic_pred,predictive_support,sir,0.27141122502583204
early_seir_infected_only,74,gic_pred,predictive_support,tv_sir,0.182535477020721
early_seir_infected_only,74,gic_pred,predictive_support,ude_sir_h2,0.27069837399103974
early_seir_infected_only,74,gic_evid,equal_prior_posterior_approximation,neural_ode_h2,4.974184739759725e-06
early_seir_infected_only,74,gic_evid,equal_prior_posterior_approximation,seir,0.31923845149167424
early_seir_infected_only,74,gic_evid,equal_prior_posterior_approximation,sir,0.33273668827979785
early_seir_infected_only,74,gic_evid,equal_prior_posterior_approximation,tv_sir,0.023787969143574655
early_seir_infected_only,74,gic_evid,equal_prior_posterior_approximation,ude_sir_h2,0.3242319169002134
early_seir_infected_only,75,gic_pred,predictive_support,neural_ode_h2,0.05331129334750931
early_seir_infected_only,75,gic_pred,predictive_support,seir,0.31742442985583263
early_seir_infected_only,75,gic_pred,predictive_support,sir,0.27062102487029654
early_seir_infected_only,75,gic_pred,predictive_support,tv_sir,0.08735192468084337
early_seir_infected_only,75,gic_pred,predictive_support,ude_sir_h2,0.2712913272455182
early_seir_infected_only,75,gic_evid,equal_prior_posterior_approximation,neural_ode_h2,2.0705615678994212e-06
early_seir_infected_only,75,gic_evid,equal_prior_posterior_approximation,seir,0.4720887331739852
early_seir_infected_only,75,gic_evid,equal_prior_posterior_approximation,sir,0.25690820028452743
early_seir_infected_only,75,gic_evid,equal_prior_posterior_approximation,tv_sir,0.019135707530595365
early_seir_infected_only,75,gic_evid,equal_prior_posterior_approximation,ude_sir_h2,0.2518652884493242
early_seir_infected_only,76,gic_pred,predictive_support,neural_ode_h2,0.024347397007587042
early_seir_infected_only,76,gic_pred,predictive_support,seir,0.2253865070510135
early_seir_infected_only,76,gic_pred,predictive_support,sir,0.25566257252140695
early_seir_infected_only,76,gic_pred,predictive_support,tv_sir,0.23976298067275323
early_seir_infected_only,76,gic_pred,predictive_support,ude_sir_h2,0.2548405427472392
early_seir_infected_only,76,gic_evid,equal_prior_posterior_approximation,neural_ode_h2,3.685162843959602e-06
early_seir_infected_only,76,gic_evid,equal_prior_posterior_approximation,seir,0.24876317870411693
early_seir_infected_only,76,gic_evid,equal_prior_posterior_approximation,sir,0.3529394628471807
early_seir_infected_only,76,gic_evid,equal_prior_posterior_approximation,tv_sir,0.05524203558206297
early_seir_infected_only,76,gic_evid,equal_prior_posterior_approximation,ude_sir_h2,0.3430516377037954
early_seir_infected_only,77,gic_pred,predictive_support,neural_ode_h2,0.03973489213642273
early_seir_infected_only,77,gic_pred,predictive_support,seir,0.30978474512675125
early_seir_infected_only,77,gic_pred,predictive_support,sir,0.27299971509281445
early_seir_infected_only,77,gic_pred,predictive_support,tv_sir,0.10396874965652621
early_seir_infected_only,77,gic_pred,predictive_support,ude_sir_h2,0.2735118979874853
early_seir_infected_only,77,gic_evid,equal_prior_posterior_approximation,neural_ode_h2,1.6447206087459511e-06
early_seir_infected_only,77,gic_evid,equal_prior_posterior_approximation,seir,0.4601634430718968
early_seir_infected_only,77,gic_evid,equal_prior_posterior_approximation,sir,0.2614949281643239
early_seir_infected_only,77,gic_evid,equal_prior_posterior_approximation,tv_sir,0.021677001363008416
early_seir_infected_only,77,gic_evid,equal_prior_posterior_approximation,ude_sir_h2,0.25666298268016213
early_seir_infected_only,78,gic_pred,predictive_support,neural_ode_h2,0.15140111343679938
early_seir_infected_only,78,gic_pred,predictive_support,seir,0.2642071210763996
early_seir_infected_only,78,gic_pred,predictive_support,sir,0.23237531872775383
early_seir_infected_only,78,gic_pred,predictive_support,tv_sir,0.12032129273031102
early_seir_infected_only,78,gic_pred,predictive_support,ude_sir_h2,0.2316951540287362
early_seir_infected_only,78,gic_evid,equal_prior_posterior_approximation,neural_ode_h2,4.1792723365510045e-05
early_seir_infected_only,78,gic_evid,equal_prior_posterior_approximation,seir,0.3844321487892092
early_seir_infected_only,78,gic_evid,equal_prior_posterior_approximation,sir,0.2945239343561953
early_seir_infected_only,78,gic_evid,equal_prior_posterior_approximation,tv_sir,0.0339724266853942
early_seir_infected_only,78,gic_evid,equal_prior_posterior_approximation,ude_sir_h2,0.2870296974458359
early_seir_infected_only,79,gic_pred,predictive_support,neural_ode_h2,0.0633640513148249
early_seir_infected_only,79,gic_pred,predictive_support,seir,0.3392016541413281
early_seir_infected_only,79,gic_pred,predictive_support,sir,0.25534202354397667
early_seir_infected_only,79,gic_pred,predictive_support,tv_sir,0.09954796139297646
early_seir_infected_only,79,gic_pred,predictive_support,ude_sir_h2,0.24254430960689385
early_seir_infected_only,79,gic_evid,equal_prior_posterior_approximation,neural_ode_h2,2.219736955840255e-06
early_seir_infected_only,79,gic_evid,equal_prior_posterior_approximation,seir,0.5545094050418968
early_seir_infected_only,79,gic_evid,equal_prior_posterior_approximation,sir,0.25839771544405626
early_seir_infected_only,79,gic_evid,equal_prior_posterior_approximation,tv_sir,0.022102088313172282
early_seir_infected_only,79,gic_evid,equal_prior_posterior_approximation,ude_sir_h2,0.16498857146391868
missing_neural_feedback,0,gic_pred,predictive_support,neural_ode_h2,0.8739206131980141
missing_neural_feedback,0,gic_pred,predictive_support,seir,1.5392002009502086e-23
missing_neural_feedback,0,gic_pred,predictive_support,sir,3.1465409281547996e-40
missing_neural_feedback,0,gic_pred,predictive_support,tv_sir,0.009920571521555384
missing_neural_feedback,0,gic_pred,predictive_support,ude_sir_h2,0.11615881528043044
missing_neural_feedback,0,gic_evid,equal_prior_posterior_approximation,neural_ode_h2,9.965121018914164e-06
missing_neural_feedback,0,gic_evid,equal_prior_posterior_approximation,seir,2.0964443069112733e-20
missing_neural_feedback,0,gic_evid,equal_prior_posterior_approximation,sir,2.534610161355493e-37
missing_neural_feedback,0,gic_evid,equal_prior_posterior_approximation,tv_sir,0.31695951343711065
missing_neural_feedback,0,gic_evid,equal_prior_posterior_approximation,ude_sir_h2,0.6830305214418704
missing_neural_feedback,1,gic_pred,predictive_support,neural_ode_h2,0.04596797790190923
missing_neural_feedback,1,gic_pred,predictive_support,seir,6.0491334960126704e-18
missing_neural_feedback,1,gic_pred,predictive_support,sir,4.598891399499131e-36
missing_neural_feedback,1,gic_pred,predictive_support,tv_sir,0.5414651573944291
missing_neural_feedback,1,gic_pred,predictive_support,ude_sir_h2,0.4125668647036616
missing_neural_feedback,1,gic_evid,equal_prior_posterior_approximation,neural_ode_h2,1.4974803867810808e-09
missing_neural_feedback,1,gic_evid,equal_prior_posterior_approximation,seir,2.3523815613558084e-16
missing_neural_feedback,1,gic_evid,equal_prior_posterior_approximation,sir,1.0644878786382675e-34
missing_neural_feedback,1,gic_evid,equal_prior_posterior_approximation,tv_sir,0.8094367876652209
missing_neural_feedback,1,gic_evid,equal_prior_posterior_approximation,ude_sir_h2,0.19056321083729855
missing_neural_feedback,2,gic_pred,predictive_support,neural_ode_h2,0.05222008195712673
missing_neural_feedback,2,gic_pred,predictive_support,seir,7.267186301493709e-21
missing_neural_feedback,2,gic_pred,predictive_support,sir,2.895871464135609e-39
missing_neural_feedback,2,gic_pred,predictive_support,tv_sir,0.5625435368285464
missing_neural_feedback,2,gic_pred,predictive_support,ude_sir_h2,0.38523638121432685
missing_neural_feedback,2,gic_evid,equal_prior_posterior_approximation,neural_ode_h2,1.5218618871835223e-09
missing_neural_feedback,2,gic_evid,equal_prior_posterior_approximation,seir,2.8151425157694323e-19
missing_neural_feedback,2,gic_evid,equal_prior_posterior_approximation,sir,6.63382638482206e-38
missing_neural_feedback,2,gic_evid,equal_prior_posterior_approximation,tv_sir,0.8664657107841605
missing_neural_feedback,2,gic_evid,equal_prior_posterior_approximation,ude_sir_h2,0.13353428769397774
missing_neural_feedback,3,gic_pred,predictive_support,neural_ode_h2,0.5357850532606678
missing_neural_feedback,3,gic_pred,predictive_support,seir,6.1653805636425e-13
missing_neural_feedback,3,gic_pred,predictive_support,sir,2.681511203776783e-26
missing_neural_feedback,3,gic_pred,predictive_support,tv_sir,0.1410002355654018
missing_neural_feedback,3,gic_pred,predictive_support,ude_sir_h2,0.32321471117331385
missing_neural_feedback,3,gic_evid,equal_prior_posterior_approximation,neural_ode_h2,3.9961740329150446e-07
missing_neural_feedback,3,gic_evid,equal_prior_posterior_approximation,seir,5.360004157210556e-11
missing_neural_feedback,3,gic_evid,equal_prior_posterior_approximation,sir,1.3822800161674633e-24
missing_neural_feedback,3,gic_evid,equal_prior_posterior_approximation,tv_sir,0.5122053419054615
missing_neural_feedback,3,gic_evid,equal_prior_posterior_approximation,ude_sir_h2,0.4877942584235351
missing_neural_feedback,4,gic_pred,predictive_support,neural_ode_h2,0.16098403193965555
missing_neural_feedback,4,gic_pred,predictive_support,seir,7.814452657248044e-20
missing_neural_feedback,4,gic_pred,predictive_support,sir,1.6561471160983018e-37
missing_neural_feedback,4,gic_pred,predictive_support,tv_sir,0.3184550747668501
missing_neural_feedback,4,gic_pred,predictive_support,ude_sir_h2,0.5205608932934943
missing_neural_feedback,4,gic_evid,equal_prior_posterior_approximation,neural_ode_h2,6.373829598115504e-08
missing_neural_feedback,4,gic_evid,equal_prior_posterior_approximation,seir,7.784413064115249e-18
missing_neural_feedback,4,gic_evid,equal_prior_posterior_approximation,sir,9.803920137252024e-36
missing_neural_feedback,4,gic_evid,equal_prior_posterior_approximation,tv_sir,0.6643424669925811
missing_neural_feedback,4,gic_evid,equal_prior_posterior_approximation,ude_sir_h2,0.335657469269123
missing_neural_feedback,5,gic_pred,predictive_support,neural_ode_h2,0.11357138419390096
missing_neural_feedback,5,gic_pred,predictive_support,seir,1.2855420188737032e-16
missing_neural_feedback,5,gic_pred,predictive_support,sir,1.4409724596225026e-32
missing_neural_feedback,5,gic_pred,predictive_support,tv_sir,0.2651793357053053
missing_neural_feedback,5,gic_pred,predictive_support,ude_sir_h2,0.6212492801007936
missing_neural_feedback,5,gic_evid,equal_prior_posterior_approximation,neural_ode_h2,1.748996876246739e-08
missing_neural_feedback,5,gic_evid,equal_prior_posterior_approximation,seir,7.0582474977599935e-15
missing_neural_feedback,5,gic_evid,equal_prior_posterior_approximation,sir,4.661340021532681e-31
missing_neural_feedback,5,gic_evid,equal_prior_posterior_approximation,tv_sir,0.5936392131756738
missing_neural_feedback,5,gic_evid,equal_prior_posterior_approximation,ude_sir_h2,0.4063607693343505
missing_neural_feedback,6,gic_pred,predictive_support,neural_ode_h2,0.0696038200679032
missing_neural_feedback,6,gic_pred,predictive_support,seir,5.8208775448654574e-27
missing_neural_feedback,6,gic_pred,predictive_support,sir,1.80245463170326e-47
missing_neural_feedback,6,gic_pred,predictive_support,tv_sir,0.22131691490578995
missing_neural_feedback,6,gic_pred,predictive_support,ude_sir_h2,0.7090792650263069
missing_neural_feedback,6,gic_evid,equal_prior_posterior_approximation,neural_ode_h2,3.917058414251149e-09
missing_neural_feedback,6,gic_evid,equal_prior_posterior_approximation,seir,4.4666091246863165e-25
missing_neural_feedback,6,gic_evid,equal_prior_posterior_approximation,sir,8.176702129925521e-46
missing_neural_feedback,6,gic_evid,equal_prior_posterior_approximation,tv_sir,0.6257264741578212
missing_neural_feedback,6,gic_evid,equal_prior_posterior_approximation,ude_sir_h2,0.3742735219251202
missing_neural_feedback,7,gic_pred,predictive_support,neural_ode_h2,0.07237094145207636
missing_neural_feedback,7,gic_pred,predictive_support,seir,9.16057101519353e-25
missing_neural_feedback,7,gic_pred,predictive_support,sir,1.6331461714162592e-44
missing_neural_feedback,7,gic_pred,predictive_support,tv_sir,0.5473570996329561
missing_neural_feedback,7,gic_pred,predictive_support,ude_sir_h2,0.38027195891496757
missing_neural_feedback,7,gic_evid,equal_prior_posterior_approximation,neural_ode_h2,3.678224060675561e-09
missing_neural_feedback,7,gic_evid,equal_prior_posterior_approximation,seir,4.1556440966059297e-23
missing_neural_feedback,7,gic_evid,equal_prior_posterior_approximation,sir,4.372950401618632e-43
missing_neural_feedback,7,gic_evid,equal_prior_posterior_approximation,tv_sir,0.8632372419062581
missing_neural_feedback,7,gic_evid,equal_prior_posterior_approximation,ude_sir_h2,0.136762754415518
missing_neural_feedback,8,gic_pred,predictive_support,neural_ode_h2,0.28853837179024605
missing_neural_feedback,8,gic_pred,predictive_support,seir,2.9758219461484814e-22
missing_neural_feedback,8,gic_pred,predictive_support,sir,3.394705745638477e-40
missing_neural_feedback,8,gic_pred,predictive_support,tv_sir,0.3283734259993692
missing_neural_feedback,8,gic_pred,predictive_support,ude_sir_h2,0.38308820221038486
missing_neural_feedback,8,gic_evid,equal_prior_posterior_approximation,neural_ode_h2,7.254855111034472e-08
missing_neural_feedback,8,gic_evid,equal_prior_posterior_approximation,seir,2.6108424960673263e-20
missing_neural_feedback,8,gic_evid,equal_prior_posterior_approximation,sir,1.7551921707865767e-38
missing_neural_feedback,8,gic_evid,equal_prior_posterior_approximation,tv_sir,0.7468398467519318
missing_neural_feedback,8,gic_evid,equal_prior_posterior_approximation,ude_sir_h2,0.25316008069951695
missing_neural_feedback,9,gic_pred,predictive_support,neural_ode_h2,0.6562020467730308
missing_neural_feedback,9,gic_pred,predictive_support,seir,8.638562532544152e-14
missing_neural_feedback,9,gic_pred,predictive_support,sir,1.7906153342926765e-27
missing_neural_feedback,9,gic_pred,predictive_support,tv_sir,0.08685952246533186
missing_neural_feedback,9,gic_pred,predictive_support,ude_sir_h2,0.25693843076155093
missing_neural_feedback,9,gic_evid,equal_prior_posterior_approximation,neural_ode_h2,1.2238415972500628e-06
missing_neural_feedback,9,gic_evid,equal_prior_posterior_approximation,seir,1.2774048819421955e-11
missing_neural_feedback,9,gic_evid,equal_prior_posterior_approximation,sir,1.574948363165926e-25
missing_neural_feedback,9,gic_evid,equal_prior_posterior_approximation,tv_sir,0.4527689694117073
missing_neural_feedback,9,gic_evid,equal_prior_posterior_approximation,ude_sir_h2,0.5472298067339215
missing_neural_feedback,10,gic_pred,predictive_support,neural_ode_h2,0.2134046856569429
missing_neural_feedback,10,gic_pred,predictive_support,seir,1.8309840728662721e-19
missing_neural_feedback,10,gic_pred,predictive_support,sir,1.8563784253953366e-36
missing_neural_feedback,10,gic_pred,predictive_support,tv_sir,0.27321404005472216
missing_neural_feedback,10,gic_pred,predictive_support,ude_sir_h2,0.5133812742883349
missing_neural_feedback,10,gic_evid,equal_prior_posterior_approximation,neural_ode_h2,5.846473536194201e-08
missing_neural_feedback,10,gic_evid,equal_prior_posterior_approximation,seir,1.1557496306630008e-17
missing_neural_feedback,10,gic_evid,equal_prior_posterior_approximation,sir,6.961870352326034e-35
missing_neural_feedback,10,gic_evid,equal_prior_posterior_approximation,tv_sir,0.65074705842934
missing_neural_feedback,10,gic_evid,equal_prior_posterior_approximation,ude_sir_h2,0.3492528831059245
missing_neural_feedback,11,gic_pred,predictive_support,neural_ode_h2,0.29468842200687045
missing_neural_feedback,11,gic_pred,predictive_support,seir,3.405229442814743e-16
missing_neural_feedback,11,gic_pred,predictive_support,sir,9.914907354525151e-32
missing_neural_feedback,11,gic_pred,predictive_support,tv_sir,0.33580489592075724
missing_neural_feedback,11,gic_pred,predictive_support,ude_sir_h2,0.369506682072372
missing_neural_feedback,11,gic_evid,equal_prior_posterior_approximation,neural_ode_h2,2.6450887183873966e-07
missing_neural_feedback,11,gic_evid,equal_prior_posterior_approximation,seir,3.5683688482176894e-14
missing_neural_feedback,11,gic_evid,equal_prior_posterior_approximation,sir,6.128197407124331e-30
missing_neural_feedback,11,gic_evid,equal_prior_posterior_approximation,tv_sir,0.7402857782628797
missing_neural_feedback,11,gic_evid,equal_prior_posterior_approximation,ude_sir_h2,0.2597139572282127
missing_neural_feedback,12,gic_pred,predictive_support,neural_ode_h2,0.6806386206745807
missing_neural_feedback,12,gic_pred,predictive_support,seir,5.1324519720488336e-23
missing_neural_feedback,12,gic_pred,predictive_support,sir,3.5893797016835506e-40
missing_neural_feedback,12,gic_pred,predictive_support,tv_sir,0.06547260694100385
missing_neural_feedback,12,gic_pred,predictive_support,ude_sir_h2,0.25388877238441554
missing_neural_feedback,12,gic_evid,equal_prior_posterior_approximation,neural_ode_h2,5.642308434568429e-07
missing_neural_feedback,12,gic_evid,equal_prior_posterior_approximation,seir,1.2206858577332199e-20
missing_neural_feedback,12,gic_evid,equal_prior_posterior_approximation,sir,5.019902751833647e-38
missing_neural_feedback,12,gic_evid,equal_prior_posterior_approximation,tv_sir,0.49348367293851414
missing_neural_feedback,12,gic_evid,equal_prior_posterior_approximation,ude_sir_h2,0.5065157628306424
missing_neural_feedback,13,gic_pred,predictive_support,neural_ode_h2,0.3785789057768319
missing_neural_feedback,13,gic_pred,predictive_support,seir,2.381165765889266e-23
missing_neural_feedback,13,gic_pred,predictive_support,sir,7.842625618205611e-41
missing_neural_feedback,13,gic_pred,predictive_support,tv_sir,0.12377713466145773
missing_neural_feedback,13,gic_pred,predictive_support,ude_sir_h2,0.49764395956171037
missing_neural_feedback,13,gic_evid,equal_prior_posterior_approximation,neural_ode_h2,4.2116033165199893e-07
missing_neural_feedback,13,gic_evid,equal_prior_posterior_approximation,seir,3.729327743883788e-21
missing_neural_feedback,13,gic_evid,equal_prior_posterior_approximation,sir,7.20457223720447e-39
missing_neural_feedback,13,gic_evid,equal_prior_posterior_approximation,tv_sir,0.5091592061714454
missing_neural_feedback,13,gic_evid,equal_prior_posterior_approximation,ude_sir_h2,0.490840372668223
missing_neural_feedback,14,gic_pred,predictive_support,neural_ode_h2,0.12182403108846696
missing_neural_feedback,14,gic_pred,predictive_support,seir,9.655444033539247e-17
missing_neural_feedback,14,gic_pred,predictive_support,sir,1.1789521573699587e-32
missing_neural_feedback,14,gic_pred,predictive_support,tv_sir,0.23637948897105632
missing_neural_feedback,14,gic_pred,predictive_support,ude_sir_h2,0.6417964799404766
missing_neural_feedback,14,gic_evid,equal_prior_posterior_approximation,neural_ode_h2,3.276200583573082e-08
missing_neural_feedback,14,gic_evid,equal_prior_posterior_approximation,seir,5.548681522816828e-15
missing_neural_feedback,14,gic_evid,equal_prior_posterior_approximation,sir,4.006864728101433e-31
missing_neural_feedback,14,gic_evid,equal_prior_posterior_approximation,tv_sir,0.5508272445604405
missing_neural_feedback,14,gic_evid,equal_prior_posterior_approximation,ude_sir_h2,0.4491727226775481
missing_neural_feedback,15,gic_pred,predictive_support,neural_ode_h2,0.09123554254953226
missing_neural_feedback,15,gic_pred,predictive_support,seir,2.8953788481109912e-15
missing_neural_feedback,15,gic_pred,predictive_support,sir,2.121827107377605e-31
missing_neural_feedback,15,gic_pred,predictive_support,tv_sir,0.3453798327274
missing_neural_feedback,15,gic_pred,predictive_support,ude_sir_h2,0.5633846247230648
missing_neural_feedback,15,gic_evid,equal_prior_posterior_approximation,neural_ode_h2,9.418116948199457e-09
missing_neural_feedback,15,gic_evid,equal_prior_posterior_approximation,seir,1.3981495898342012e-13
missing_neural_feedback,15,gic_evid,equal_prior_posterior_approximation,sir,6.091234732446533e-30
missing_neural_feedback,15,gic_evid,equal_prior_posterior_approximation,tv_sir,0.631882368980423
missing_neural_feedback,15,gic_evid,equal_prior_posterior_approximation,ude_sir_h2,0.3681176216013202
missing_neural_feedback,16,gic_pred,predictive_support,neural_ode_h2,0.24237028541442884
missing_neural_feedback,16,gic_pred,predictive_support,seir,1.5326663070587243e-21
missing_neural_feedback,16,gic_pred,predictive_support,sir,1.0084802471296523e-38
missing_neural_feedback,16,gic_pred,predictive_support,tv_sir,0.10618783471701566
missing_neural_feedback,16,gic_pred,predictive_support,ude_sir_h2,0.6514418798685554
missing_neural_feedback,16,gic_evid,equal_prior_posterior_approximation,neural_ode_h2,3.9542832598467785e-08
missing_neural_feedback,16,gic_evid,equal_prior_posterior_approximation,seir,1.6107784316741923e-19
missing_neural_feedback,16,gic_evid,equal_prior_posterior_approximation,sir,6.223578005913378e-37
missing_neural_feedback,16,gic_evid,equal_prior_posterior_approximation,tv_sir,0.44322451401782426
missing_neural_feedback,16,gic_evid,equal_prior_posterior_approximation,ude_sir_h2,0.5567754464393432
missing_neural_feedback,17,gic_pred,predictive_support,neural_ode_h2,0.10163740902360095
missing_neural_feedback,17,gic_pred,predictive_support,seir,8.669778865289686e-17
missing_neural_feedback,17,gic_pred,predictive_support,sir,4.127828443566032e-33
missing_neural_feedback,17,gic_pred,predictive_support,tv_sir,0.492501457046813
missing_neural_feedback,17,gic_pred,predictive_support,ude_sir_h2,0.405861133929586
missing_neural_feedback,17,gic_evid,equal_prior_posterior_approximation,neural_ode_h2,3.585324701487275e-08
missing_neural_feedback,17,gic_evid,equal_prior_posterior_approximation,seir,6.032497001059271e-15
missing_neural_feedback,17,gic_evid,equal_prior_posterior_approximation,sir,1.705415597182948e-31
missing_neural_feedback,17,gic_evid,equal_prior_posterior_approximation,tv_sir,0.7655166049008788
missing_neural_feedback,17,gic_evid,equal_prior_posterior_approximation,ude_sir_h2,0.234483359245868
missing_neural_feedback,18,gic_pred,predictive_support,neural_ode_h2,0.32789144494519984
missing_neural_feedback,18,gic_pred,predictive_support,seir,4.953357637348946e-14
missing_neural_feedback,18,gic_pred,predictive_support,sir,2.3302999207326004e-28
missing_neural_feedback,18,gic_pred,predictive_support,tv_sir,0.12999438858137785
missing_neural_feedback,18,gic_pred,predictive_support,ude_sir_h2,0.5421141664733727
missing_neural_feedback,18,gic_evid,equal_prior_posterior_approximation,neural_ode_h2,1.7804798413151944e-07
missing_neural_feedback,18,gic_evid,equal_prior_posterior_approximation,seir,3.705249639326692e-12
missing_neural_feedback,18,gic_evid,equal_prior_posterior_approximation,sir,1.0268525682924018e-26
missing_neural_feedback,18,gic_evid,equal_prior_posterior_approximation,tv_sir,0.396178539996755
missing_neural_feedback,18,gic_evid,equal_prior_posterior_approximation,ude_sir_h2,0.6038212819515556
missing_neural_feedback,19,gic_pred,predictive_support,neural_ode_h2,0.29139589971775043
missing_neural_feedback,19,gic_pred,predictive_support,seir,2.5601870020509753e-15
missing_neural_feedback,19,gic_pred,predictive_support,sir,2.2995715386670674e-30
missing_neural_feedback,19,gic_pred,predictive_support,tv_sir,0.19992401187152117
missing_neural_feedback,19,gic_pred,predictive_support,ude_sir_h2,0.5086800884107259
missing_neural_feedback,19,gic_evid,equal_prior_posterior_approximation,neural_ode_h2,1.1455023134071221e-07
missing_neural_feedback,19,gic_evid,equal_prior_posterior_approximation,seir,1.6837915460352547e-13
missing_neural_feedback,19,gic_evid,equal_prior_posterior_approximation,sir,8.927747494884647e-29
missing_neural_feedback,19,gic_evid,equal_prior_posterior_approximation,tv_sir,0.5402708717349066
missing_neural_feedback,19,gic_evid,equal_prior_posterior_approximation,ude_sir_h2,0.45972901371469366
missing_neural_feedback,20,gic_pred,predictive_support,neural_ode_h2,0.16495790752640968
missing_neural_feedback,20,gic_pred,predictive_support,seir,1.8490037458659726e-22
missing_neural_feedback,20,gic_pred,predictive_support,sir,2.302633990473309e-40
missing_neural_feedback,20,gic_pred,predictive_support,tv_sir,0.08977819387578233
missing_neural_feedback,20,gic_pred,predictive_support,ude_sir_h2,0.745263898597808
missing_neural_feedback,20,gic_evid,equal_prior_posterior_approximation,neural_ode_h2,5.187757995307818e-08
missing_neural_feedback,20,gic_evid,equal_prior_posterior_approximation,seir,1.9493908553207622e-20
missing_neural_feedback,20,gic_evid,equal_prior_posterior_approximation,sir,1.4413888098405806e-38
missing_neural_feedback,20,gic_evid,equal_prior_posterior_approximation,tv_sir,0.3820479735758073
missing_neural_feedback,20,gic_evid,equal_prior_posterior_approximation,ude_sir_h2,0.6179519745466127
missing_neural_feedback,21,gic_pred,predictive_support,neural_ode_h2,0.8796615015213953
missing_neural_feedback,21,gic_pred,predictive_support,seir,1.6643916008644006e-24
missing_neural_feedback,21,gic_pred,predictive_support,sir,2.770870514524749e-41
missing_neural_feedback,21,gic_pred,predictive_support,tv_sir,0.002762028580538492
missing_neural_feedback,21,gic_pred,predictive_support,ude_sir_h2,0.11757646989806633
missing_neural_feedback,21,gic_evid,equal_prior_posterior_approximation,neural_ode_h2,6.906390010212416e-06
missing_neural_feedback,21,gic_evid,equal_prior_posterior_approximation,seir,3.0232422821696955e-21
missing_neural_feedback,21,gic_evid,equal_prior_posterior_approximation,sir,2.9697151300314377e-38
missing_neural_feedback,21,gic_evid,equal_prior_posterior_approximation,tv_sir,0.16057705823349047
missing_neural_feedback,21,gic_evid,equal_prior_posterior_approximation,ude_sir_h2,0.8394160353764993
missing_neural_feedback,22,gic_pred,predictive_support,neural_ode_h2,0.6406096825666364
missing_neural_feedback,22,gic_pred,predictive_support,seir,3.657367122534811e-17
missing_neural_feedback,22,gic_pred,predictive_support,sir,9.83746284949063e-32
missing_neural_feedback,22,gic_pred,predictive_support,tv_sir,0.03081999663538969
missing_neural_feedback,22,gic_pred,predictive_support,ude_sir_h2,0.32857032079797394
missing_neural_feedback,22,gic_evid,equal_prior_posterior_approximation,neural_ode_h2,9.438666205219865e-07
missing_neural_feedback,22,gic_evid,equal_prior_posterior_approximation,seir,8.561131164118657e-15
missing_neural_feedback,22,gic_evid,equal_prior_posterior_approximation,sir,1.3511752784141883e-29
missing_neural_feedback,22,gic_evid,equal_prior_posterior_approximation,tv_sir,0.2925252655080302
missing_neural_feedback,22,gic_evid,equal_prior_posterior_approximation,ude_sir_h2,0.7074737906253407
missing_neural_feedback,23,gic_pred,predictive_support,neural_ode_h2,0.15618707326873535
missing_neural_feedback,23,gic_pred,predictive_support,seir,2.8969569674613384e-14
missing_neural_feedback,23,gic_pred,predictive_support,sir,1.5196577076571016e-29
missing_neural_feedback,23,gic_pred,predictive_support,tv_sir,0.34755951696917853
missing_neural_feedback,23,gic_pred,predictive_support,ude_sir_h2,0.49625340976205723
missing_neural_feedback,23,gic_evid,equal_prior_posterior_approximation,neural_ode_h2,4.4364783464544884e-08
missing_neural_feedback,23,gic_evid,equal_prior_posterior_approximation,seir,1.5907508689778959e-12
missing_neural_feedback,23,gic_evid,equal_prior_posterior_approximation,sir,4.944163708939765e-28
missing_neural_feedback,23,gic_evid,equal_prior_posterior_approximation,tv_sir,0.6218589939920177
missing_neural_feedback,23,gic_evid,equal_prior_posterior_approximation,ude_sir_h2,0.3781409616416081
missing_neural_feedback,24,gic_pred,predictive_support,neural_ode_h2,0.10261293719057657
missing_neural_feedback,24,gic_pred,predictive_support,seir,2.4206112074012753e-21
missing_neural_feedback,24,gic_pred,predictive_support,sir,4.690369869116579e-40
missing_neural_feedback,24,gic_pred,predictive_support,tv_sir,0.5655002775042149
missing_neural_feedback,24,gic_pred,predictive_support,ude_sir_h2,0.3318867853052085
missing_neural_feedback,24,gic_evid,equal_prior_posterior_approximation,neural_ode_h2,6.921524418473648e-09
missing_neural_feedback,24,gic_evid,equal_prior_posterior_approximation,seir,1.0668182374214557e-19
missing_neural_feedback,24,gic_evid,equal_prior_posterior_approximation,sir,1.2247552105042201e-38
missing_neural_feedback,24,gic_evid,equal_prior_posterior_approximation,tv_sir,0.8557817471607984
missing_neural_feedback,24,gic_evid,equal_prior_posterior_approximation,ude_sir_h2,0.14421824591767735
missing_neural_feedback,25,gic_pred,predictive_support,neural_ode_h2,0.12053755474082398
missing_neural_feedback,25,gic_pred,predictive_support,seir,2.534247220940361e-21
missing_neural_feedback,25,gic_pred,predictive_support,sir,1.5850342074418802e-40
missing_neural_feedback,25,gic_pred,predictive_support,tv_sir,0.32453421369497476
missing_neural_feedback,25,gic_pred,predictive_support,ude_sir_h2,0.5549282315642012
missing_neural_feedback,25,gic_evid,equal_prior_posterior_approximation,neural_ode_h2,3.36943528058219e-09
missing_neural_feedback,25,gic_evid,equal_prior_posterior_approximation,seir,1.5363948724673801e-19
missing_neural_feedback,25,gic_evid,equal_prior_posterior_approximation,sir,5.67568986855568e-39
missing_neural_feedback,25,gic_evid,equal_prior_posterior_approximation,tv_sir,0.7110869940980087
missing_neural_feedback,25,gic_evid,equal_prior_posterior_approximation,ude_sir_h2,0.28891300253255603
missing_neural_feedback,26,gic_pred,predictive_support,neural_ode_h2,0.04554660769416849
missing_neural_feedback,26,gic_pred,predictive_support,seir,1.24923066999525e-11
missing_neural_feedback,26,gic_pred,predictive_support,sir,9.165259841768099e-26
missing_neural_feedback,26,gic_pred,predictive_support,tv_sir,0.34828337901783235
missing_neural_feedback,26,gic_pred,predictive_support,ude_sir_h2,0.606170013275507
missing_neural_feedback,26,gic_evid,equal_prior_posterior_approximation,neural_ode_h2,7.817918336523281e-09
missing_neural_feedback,26,gic_evid,equal_prior_posterior_approximation,seir,5.108871490144555e-10
missing_neural_feedback,26,gic_evid,equal_prior_posterior_approximation,sir,2.198659011334323e-24
missing_neural_feedback,26,gic_evid,equal_prior_posterior_approximation,tv_sir,0.5579286520538898
missing_neural_feedback,26,gic_evid,equal_prior_posterior_approximation,ude_sir_h2,0.4420713396173047
missing_neural_feedback,27,gic_pred,predictive_support,neural_ode_h2,0.22729951302743912
missing_neural_feedback,27,gic_pred,predictive_support,seir,5.384480106316103e-13
missing_neural_feedback,27,gic_pred,predictive_support,sir,4.421559419397957e-27
missing_neural_feedback,27,gic_pred,predictive_support,tv_sir,0.2082410562533418
missing_neural_feedback,27,gic_pred,predictive_support,ude_sir_h2,0.5644594307186807
missing_neural_feedback,27,gic_evid,equal_prior_posterior_approximation,neural_ode_h2,1.5080789571863887e-07
missing_neural_feedback,27,gic_evid,equal_prior_posterior_approximation,seir,3.801702671873735e-11
missing_neural_feedback,27,gic_evid,equal_prior_posterior_approximation,sir,1.8447486150223039e-25
missing_neural_feedback,27,gic_evid,equal_prior_posterior_approximation,tv_sir,0.4832357589250174
missing_neural_feedback,27,gic_evid,equal_prior_posterior_approximation,ude_sir_h2,0.5167640902290699
missing_neural_feedback,28,gic_pred,predictive_support,neural_ode_h2,0.06452525186298787
missing_neural_feedback,28,gic_pred,predictive_support,seir,6.524047850536041e-20
missing_neural_feedback,28,gic_pred,predictive_support,sir,1.623101307397994e-37
missing_neural_feedback,28,gic_pred,predictive_support,tv_sir,0.444089467819859
missing_neural_feedback,28,gic_pred,predictive_support,ude_sir_h2,0.49138528031715306
missing_neural_feedback,28,gic_evid,equal_prior_posterior_approximation,neural_ode_h2,4.30712366908791e-09
missing_neural_feedback,28,gic_evid,equal_prior_posterior_approximation,seir,2.8957913190375185e-18
missing_neural_feedback,28,gic_evid,equal_prior_posterior_approximation,sir,4.29905295533599e-36
missing_neural_feedback,28,gic_evid,equal_prior_posterior_approximation,tv_sir,0.7967618313163941
missing_neural_feedback,28,gic_evid,equal_prior_posterior_approximation,ude_sir_h2,0.20323816437648223
missing_neural_feedback,29,gic_pred,predictive_support,neural_ode_h2,0.12953931025466522
missing_neural_feedback,29,gic_pred,predictive_support,seir,2.4955932943163565e-26
missing_neural_feedback,29,gic_pred,predictive_support,sir,2.948699553020696e-46
missing_neural_feedback,29,gic_pred,predictive_support,tv_sir,0.38261511437733686
missing_neural_feedback,29,gic_pred,predictive_support,ude_sir_h2,0.4878455753679978
missing_neural_feedback,29,gic_evid,equal_prior_posterior_approximation,neural_ode_h2,1.3058460580905857e-08
missing_neural_feedback,29,gic_evid,equal_prior_posterior_approximation,seir,1.3210891205461923e-24
missing_neural_feedback,29,gic_evid,equal_prior_posterior_approximation,sir,9.382416385895522e-45
missing_neural_feedback,29,gic_evid,equal_prior_posterior_approximation,tv_sir,0.8170401919401924
missing_neural_feedback,29,gic_evid,equal_prior_posterior_approximation,ude_sir_h2,0.18295979500134704
missing_neural_feedback,30,gic_pred,predictive_support,neural_ode_h2,0.19119258641670892
missing_neural_feedback,30,gic_pred,predictive_support,seir,1.871115369187487e-23
missing_neural_feedback,30,gic_pred,predictive_support,sir,6.905413702390482e-43
missing_neural_feedback,30,gic_pred,predictive_support,tv_sir,0.6577369623598984
missing_neural_feedback,30,gic_pred,predictive_support,ude_sir_h2,0.15107045122339263
missing_neural_feedback,30,gic_evid,equal_prior_posterior_approximation,neural_ode_h2,1.796005668302799e-08
missing_neural_feedback,30,gic_evid,equal_prior_posterior_approximation,seir,1.2312741748047632e-21
missing_neural_feedback,30,gic_evid,equal_prior_posterior_approximation,sir,2.704164518308535e-41
missing_neural_feedback,30,gic_evid,equal_prior_posterior_approximation,tv_sir,0.9439066243761802
missing_neural_feedback,30,gic_evid,equal_prior_posterior_approximation,ude_sir_h2,0.05609335766376298
missing_neural_feedback,31,gic_pred,predictive_support,neural_ode_h2,0.06937196672094896
missing_neural_feedback,31,gic_pred,predictive_support,seir,2.6539683712932125e-23
missing_neural_feedback,31,gic_pred,predictive_support,sir,3.787010738441913e-42
missing_neural_feedback,31,gic_pred,predictive_support,tv_sir,0.21433151509864415
missing_neural_feedback,31,gic_pred,predictive_support,ude_sir_h2,0.716296518180407
missing_neural_feedback,31,gic_evid,equal_prior_posterior_approximation,neural_ode_h2,2.2343185835256575e-08
missing_neural_feedback,31,gic_evid,equal_prior_posterior_approximation,seir,2.285407045727595e-21
missing_neural_feedback,31,gic_evid,equal_prior_posterior_approximation,sir,1.942916721545411e-40
missing_neural_feedback,31,gic_evid,equal_prior_posterior_approximation,tv_sir,0.5657865011087577
missing_neural_feedback,31,gic_evid,equal_prior_posterior_approximation,ude_sir_h2,0.43421347654805653
missing_neural_feedback,32,gic_pred,predictive_support,neural_ode_h2,0.16747098649008615
missing_neural_feedback,32,gic_pred,predictive_support,seir,3.125146017600421e-17
missing_neural_feedback,32,gic_pred,predictive_support,sir,5.08842385417089e-33
missing_neural_feedback,32,gic_pred,predictive_support,tv_sir,0.24789734160260027
missing_neural_feedback,32,gic_pred,predictive_support,ude_sir_h2,0.5846316719073136
missing_neural_feedback,32,gic_evid,equal_prior_posterior_approximation,neural_ode_h2,6.513696941590934e-08
missing_neural_feedback,32,gic_evid,equal_prior_posterior_approximation,seir,1.9964125682993665e-15
missing_neural_feedback,32,gic_evid,equal_prior_posterior_approximation,sir,1.8983670595959645e-31
missing_neural_feedback,32,gic_evid,equal_prior_posterior_approximation,tv_sir,0.5620686952400099
missing_neural_feedback,32,gic_evid,equal_prior_posterior_approximation,ude_sir_h2,0.43793123962301866
missing_neural_feedback,33,gic_pred,predictive_support,neural_ode_h2,0.3155875508163734
missing_neural_feedback,33,gic_pred,predictive_support,seir,2.2041341793055254e-17
missing_neural_feedback,33,gic_pred,predictive_support,sir,3.1920870489684406e-33
missing_neural_feedback,33,gic_pred,predictive_support,tv_sir,0.17452577880672676
missing_neural_feedback,33,gic_pred,predictive_support,ude_sir_h2,0.5098866703768998
missing_neural_feedback,33,gic_evid,equal_prior_posterior_approximation,neural_ode_h2,1.7348991658831596e-07
missing_neural_feedback,33,gic_evid,equal_prior_posterior_approximation,seir,1.8751173448089285e-15
missing_neural_feedback,33,gic_evid,equal_prior_posterior_approximation,sir,1.6011368916412362e-31
missing_neural_feedback,33,gic_evid,equal_prior_posterior_approximation,tv_sir,0.513639018673093
missing_neural_feedback,33,gic_evid,equal_prior_posterior_approximation,ude_sir_h2,0.4863608078369885
missing_neural_feedback,34,gic_pred,predictive_support,neural_ode_h2,0.050842419610003534
missing_neural_feedback,34,gic_pred,predictive_support,seir,3.663602625731802e-18
missing_neural_feedback,34,gic_pred,predictive_support,sir,2.2443011255173145e-35
missing_neural_feedback,34,gic_pred,predictive_support,tv_sir,0.38190832748726267
missing_neural_feedback,34,gic_pred,predictive_support,ude_sir_h2,0.5672492529027339
missing_neural_feedback,34,gic_evid,equal_prior_posterior_approximation,neural_ode_h2,3.3822263326850665e-09
missing_neural_feedback,34,gic_evid,equal_prior_posterior_approximation,seir,1.6886718569250996e-16
missing_neural_feedback,34,gic_evid,equal_prior_posterior_approximation,sir,6.172144093261285e-34
missing_neural_feedback,34,gic_evid,equal_prior_posterior_approximation,tv_sir,0.7269624901550416
missing_neural_feedback,34,gic_evid,equal_prior_posterior_approximation,ude_sir_h2,0.2730375064627319
missing_neural_feedback,35,gic_pred,predictive_support,neural_ode_h2,0.20055701134697362
missing_neural_feedback,35,gic_pred,predictive_support,seir,4.760399958135867e-12
missing_neural_feedback,35,gic_pred,predictive_support,sir,7.404998782514211e-26
missing_neural_feedback,35,gic_pred,predictive_support,tv_sir,0.3100234364946825
missing_neural_feedback,35,gic_pred,predictive_support,ude_sir_h2,0.4894195521535834
missing_neural_feedback,35,gic_evid,equal_prior_posterior_approximation,neural_ode_h2,7.318228112986065e-08
missing_neural_feedback,35,gic_evid,equal_prior_posterior_approximation,seir,2.3113255269008513e-10
missing_neural_feedback,35,gic_evid,equal_prior_posterior_approximation,sir,2.1239245973931875e-24
missing_neural_feedback,35,gic_evid,equal_prior_posterior_approximation,tv_sir,0.5728579509244411
missing_neural_feedback,35,gic_evid,equal_prior_posterior_approximation,ude_sir_h2,0.4271419756621452
missing_neural_feedback,36,gic_pred,predictive_support,neural_ode_h2,0.8275130149684617
missing_neural_feedback,36,gic_pred,predictive_support,seir,2.0575440729636573e-17
missing_neural_feedback,36,gic_pred,predictive_support,sir,2.387332457535084e-32
missing_neural_feedback,36,gic_pred,predictive_support,tv_sir,0.018536422241819853
missing_neural_feedback,36,gic_pred,predictive_support,ude_sir_h2,0.1539505627897185
missing_neural_feedback,36,gic_evid,equal_prior_posterior_approximation,neural_ode_h2,2.433989947801773e-06
missing_neural_feedback,36,gic_evid,equal_prior_posterior_approximation,seir,7.949375227932926e-15
missing_neural_feedback,36,gic_evid,equal_prior_posterior_approximation,sir,5.452150571904534e-30
missing_neural_feedback,36,gic_evid,equal_prior_posterior_approximation,tv_sir,0.28763051974369436
missing_neural_feedback,36,gic_evid,equal_prior_posterior_approximation,ude_sir_h2,0.7123670462663498
missing_neural_feedback,37,gic_pred,predictive_support,neural_ode_h2,0.7485634508459521
missing_neural_feedback,37,gic_pred,predictive_support,seir,3.6926685137581425e-24
missing_neural_feedback,37,gic_pred,predictive_support,sir,4.492398729276085e-42
missing_neural_feedback,37,gic_pred,predictive_support,tv_sir,0.04976927057677477
missing_neural_feedback,37,gic_pred,predictive_support,ude_sir_h2,0.2016672785772733
missing_neural_feedback,37,gic_evid,equal_prior_posterior_approximation,neural_ode_h2,5.699160144151899e-07
missing_neural_feedback,37,gic_evid,equal_prior_posterior_approximation,seir,1.074228041113792e-21
missing_neural_feedback,37,gic_evid,equal_prior_posterior_approximation,sir,7.69798134649192e-40
missing_neural_feedback,37,gic_evid,equal_prior_posterior_approximation,tv_sir,0.5529773620406772
missing_neural_feedback,37,gic_evid,equal_prior_posterior_approximation,ude_sir_h2,0.4470220680433084
missing_neural_feedback,38,gic_pred,predictive_support,neural_ode_h2,0.04701739520930681
missing_neural_feedback,38,gic_pred,predictive_support,seir,1.8996452328292596e-15
missing_neural_feedback,38,gic_pred,predictive_support,sir,7.918652851200296e-32
missing_neural_feedback,38,gic_pred,predictive_support,tv_sir,0.4376770514617262
missing_neural_feedback,38,gic_pred,predictive_support,ude_sir_h2,0.5153055533289651
missing_neural_feedback,38,gic_evid,equal_prior_posterior_approximation,neural_ode_h2,5.15187036515633e-09
missing_neural_feedback,38,gic_evid,equal_prior_posterior_approximation,seir,9.11362412346153e-14
missing_neural_feedback,38,gic_evid,equal_prior_posterior_approximation,sir,2.2503576800837277e-30
missing_neural_feedback,38,gic_evid,equal_prior_posterior_approximation,tv_sir,0.6885269197737491
missing_neural_feedback,38,gic_evid,equal_prior_posterior_approximation,ude_sir_h2,0.31147307507428934
missing_neural_feedback,39,gic_pred,predictive_support,neural_ode_h2,0.18553902342511444
missing_neural_feedback,39,gic_pred,predictive_support,seir,2.210298880113997e-12
missing_neural_feedback,39,gic_pred,predictive_support,sir,5.252504593664807e-26
missing_neural_feedback,39,gic_pred,predictive_support,tv_sir,0.16712942883526888
missing_neural_feedback,39,gic_pred,predictive_support,ude_sir_h2,0.6473315477374063
missing_neural_feedback,39,gic_evid,equal_prior_posterior_approximation,neural_ode_h2,2.2337342899747527e-08
missing_neural_feedback,39,gic_evid,equal_prior_posterior_approximation,seir,1.4114716348662337e-10
missing_neural_feedback,39,gic_evid,equal_prior_posterior_approximation,sir,1.977386258648517e-24
missing_neural_feedback,39,gic_evid,equal_prior_posterior_approximation,tv_sir,0.4576828546970943
missing_neural_feedback,39,gic_evid,equal_prior_posterior_approximation,ude_sir_h2,0.5423171228244156
missing_neural_feedback,40,gic_pred,predictive_support,neural_ode_h2,0.3155725707463839
missing_neural_feedback,40,gic_pred,predictive_support,seir,3.75381800221838e-11
missing_neural_feedback,40,gic_pred,predictive_support,sir,6.419103103699452e-24
missing_neural_feedback,40,gic_pred,predictive_support,tv_sir,0.1519222650030232
missing_neural_feedback,40,gic_pred,predictive_support,ude_sir_h2,0.5325051642130547
missing_neural_feedback,40,gic_evid,equal_prior_posterior_approximation,neural_ode_h2,1.9683661083799197e-07
missing_neural_feedback,40,gic_evid,equal_prior_posterior_approximation,seir,2.3533766824173304e-09
missing_neural_feedback,40,gic_evid,equal_prior_posterior_approximation,sir,2.378971045965678e-22
missing_neural_feedback,40,gic_evid,equal_prior_posterior_approximation,tv_sir,0.3677910188491914
missing_neural_feedback,40,gic_evid,equal_prior_posterior_approximation,ude_sir_h2,0.6322087819608212
missing_neural_feedback,41,gic_pred,predictive_support,neural_ode_h2,0.4191251310037939
missing_neural_feedback,41,gic_pred,predictive_support,seir,6.006233233517188e-19
missing_neural_feedback,41,gic_pred,predictive_support,sir,9.602405007740009e-36
missing_neural_feedback,41,gic_pred,predictive_support,tv_sir,0.18802060531596576
missing_neural_feedback,41,gic_pred,predictive_support,ude_sir_h2,0.39285426368024035
missing_neural_feedback,41,gic_evid,equal_prior_posterior_approximation,neural_ode_h2,1.0355216362077091e-07
missing_neural_feedback,41,gic_evid,equal_prior_posterior_approximation,seir,4.900219561019874e-17
missing_neural_feedback,41,gic_evid,equal_prior_posterior_approximation,sir,4.6945684734865985e-34
missing_neural_feedback,41,gic_evid,equal_prior_posterior_approximation,tv_sir,0.6460471104802006
missing_neural_feedback,41,gic_evid,equal_prior_posterior_approximation,ude_sir_h2,0.35395278596763563
missing_neural_feedback,42,gic_pred,predictive_support,neural_ode_h2,0.5862591030062364
missing_neural_feedback,42,gic_pred,predictive_support,seir,6.251236184727545e-23
missing_neural_feedback,42,gic_pred,predictive_support,sir,1.1121211015124925e-40
missing_neural_feedback,42,gic_pred,predictive_support,tv_sir,0.15823234349883938
missing_neural_feedback,42,gic_pred,predictive_support,ude_sir_h2,0.2555085534949242
missing_neural_feedback,42,gic_evid,equal_prior_posterior_approximation,neural_ode_h2,5.309164678383755e-07
missing_neural_feedback,42,gic_evid,equal_prior_posterior_approximation,seir,1.001417087997748e-20
missing_neural_feedback,42,gic_evid,equal_prior_posterior_approximation,sir,1.0660705471384667e-38
missing_neural_feedback,42,gic_evid,equal_prior_posterior_approximation,tv_sir,0.7142719050163755
missing_neural_feedback,42,gic_evid,equal_prior_posterior_approximation,ude_sir_h2,0.2857275640671566
missing_neural_feedback,43,gic_pred,predictive_support,neural_ode_h2,0.8475891430968542
missing_neural_feedback,43,gic_pred,predictive_support,seir,1.1879263760275927e-15
missing_neural_feedback,43,gic_pred,predictive_support,sir,1.4385449439062515e-29
missing_neural_feedback,43,gic_pred,predictive_support,tv_sir,0.02199713837262649
missing_neural_feedback,43,gic_pred,predictive_support,ude_sir_h2,0.13041371853051822
missing_neural_feedback,43,gic_evid,equal_prior_posterior_approximation,neural_ode_h2,2.4097199419378546e-06
missing_neural_feedback,43,gic_evid,equal_prior_posterior_approximation,seir,4.438158748550573e-13
missing_neural_feedback,43,gic_evid,equal_prior_posterior_approximation,sir,3.1654441117987748e-27
missing_neural_feedback,43,gic_evid,equal_prior_posterior_approximation,tv_sir,0.3389645276238464
missing_neural_feedback,43,gic_evid,equal_prior_posterior_approximation,ude_sir_h2,0.6610330626557679
missing_neural_feedback,44,gic_pred,predictive_support,neural_ode_h2,0.11756708004345687
missing_neural_feedback,44,gic_pred,predictive_support,seir,1.1940609437542473e-19
missing_neural_feedback,44,gic_pred,predictive_support,sir,5.980842938625712e-37
missing_neural_feedback,44,gic_pred,predictive_support,tv_sir,0.2580339860454297
missing_neural_feedback,44,gic_pred,predictive_support,ude_sir_h2,0.6243989339111133
missing_neural_feedback,44,gic_evid,equal_prior_posterior_approximation,neural_ode_h2,1.4105738925707219e-08
missing_neural_feedback,44,gic_evid,equal_prior_posterior_approximation,seir,7.154762783367826e-18
missing_neural_feedback,44,gic_evid,equal_prior_posterior_approximation,sir,2.1134823561729605e-35
missing_neural_feedback,44,gic_evid,equal_prior_posterior_approximation,tv_sir,0.6102740175831464
missing_neural_feedback,44,gic_evid,equal_prior_posterior_approximation,ude_sir_h2,0.3897259683111148
missing_neural_feedback,45,gic_pred,predictive_support,neural_ode_h2,0.09463555632266259
missing_neural_feedback,45,gic_pred,predictive_support,seir,2.1484161385708388e-19
missing_neural_feedback,45,gic_pred,predictive_support,sir,1.9534092550667675e-37
missing_neural_feedback,45,gic_pred,predictive_support,tv_sir,0.5829393116821092
missing_neural_feedback,45,gic_pred,predictive_support,ude_sir_h2,0.32242513199522815
missing_neural_feedback,45,gic_evid,equal_prior_posterior_approximation,neural_ode_h2,6.793629788535821e-09
missing_neural_feedback,45,gic_evid,equal_prior_posterior_approximation,seir,9.504996236429592e-18
missing_neural_feedback,45,gic_evid,equal_prior_posterior_approximation,sir,5.0896508810245756e-36
missing_neural_feedback,45,gic_evid,equal_prior_posterior_approximation,tv_sir,0.8525415073093103
missing_neural_feedback,45,gic_evid,equal_prior_posterior_approximation,ude_sir_h2,0.1474584858970598
missing_neural_feedback,46,gic_pred,predictive_support,neural_ode_h2,0.4824199873036609
missing_neural_feedback,46,gic_pred,predictive_support,seir,6.124294436080283e-19
missing_neural_feedback,46,gic_pred,predictive_support,sir,2.5051098809396854e-35
missing_neural_feedback,46,gic_pred,predictive_support,tv_sir,0.15870835842541606
missing_neural_feedback,46,gic_pred,predictive_support,ude_sir_h2,0.358871654270923
missing_neural_feedback,46,gic_evid,equal_prior_posterior_approximation,neural_ode_h2,5.017388521815671e-07
missing_neural_feedback,46,gic_evid,equal_prior_posterior_approximation,seir,9.376798682915298e-17
missing_neural_feedback,46,gic_evid,equal_prior_posterior_approximation,sir,2.2804160791326703e-33
missing_neural_feedback,46,gic_evid,equal_prior_posterior_approximation,tv_sir,0.569882292082916
missing_neural_feedback,46,gic_evid,equal_prior_posterior_approximation,ude_sir_h2,0.43011720617823174
missing_neural_feedback,47,gic_pred,predictive_support,neural_ode_h2,0.059059138476983214
missing_neural_feedback,47,gic_pred,predictive_support,seir,5.3683979096876166e-20
missing_neural_feedback,47,gic_pred,predictive_support,sir,4.196030745170088e-38
missing_neural_feedback,47,gic_pred,predictive_support,tv_sir,0.45285527407318293
missing_neural_feedback,47,gic_pred,predictive_support,ude_sir_h2,0.4880855874498337
missing_neural_feedback,47,gic_evid,equal_prior_posterior_approximation,neural_ode_h2,3.545899724200997e-09
missing_neural_feedback,47,gic_evid,equal_prior_posterior_approximation,seir,2.364833372722914e-18
missing_neural_feedback,47,gic_evid,equal_prior_posterior_approximation,sir,1.0934625894554471e-36
missing_neural_feedback,47,gic_evid,equal_prior_posterior_approximation,tv_sir,0.7730858824399492
missing_neural_feedback,47,gic_evid,equal_prior_posterior_approximation,ude_sir_h2,0.22691411401415093
missing_neural_feedback,48,gic_pred,predictive_support,neural_ode_h2,0.06954726590824575
missing_neural_feedback,48,gic_pred,predictive_support,seir,1.727660592501618e-23
missing_neural_feedback,48,gic_pred,predictive_support,sir,8.763187440450198e-43
missing_neural_feedback,48,gic_pred,predictive_support,tv_sir,0.4609934326525547
missing_neural_feedback,48,gic_pred,predictive_support,ude_sir_h2,0.46945930143919956
missing_neural_feedback,48,gic_evid,equal_prior_posterior_approximation,neural_ode_h2,1.167008740680342e-08
missing_neural_feedback,48,gic_evid,equal_prior_posterior_approximation,seir,1.2988676542138611e-21
missing_neural_feedback,48,gic_evid,equal_prior_posterior_approximation,sir,3.9153916314184727e-41
missing_neural_feedback,48,gic_evid,equal_prior_posterior_approximation,tv_sir,0.8363600822288411
missing_neural_feedback,48,gic_evid,equal_prior_posterior_approximation,ude_sir_h2,0.16363990610107154
missing_neural_feedback,49,gic_pred,predictive_support,neural_ode_h2,0.17531192887172176
missing_neural_feedback,49,gic_pred,predictive_support,seir,9.081550113967569e-17
missing_neural_feedback,49,gic_pred,predictive_support,sir,7.627529478246249e-33
missing_neural_feedback,49,gic_pred,predictive_support,tv_sir,0.38910270253744883
missing_neural_feedback,49,gic_pred,predictive_support,ude_sir_h2,0.43558536859082936
missing_neural_feedback,49,gic_evid,equal_prior_posterior_approximation,neural_ode_h2,9.667880161949296e-08
missing_neural_feedback,49,gic_evid,equal_prior_posterior_approximation,seir,7.626306986958451e-15
missing_neural_feedback,49,gic_evid,equal_prior_posterior_approximation,sir,3.810759893253803e-31
missing_neural_feedback,49,gic_evid,equal_prior_posterior_approximation,tv_sir,0.7101718245999749
missing_neural_feedback,49,gic_evid,equal_prior_posterior_approximation,ude_sir_h2,0.289828078721216
missing_neural_feedback,50,gic_pred,predictive_support,neural_ode_h2,0.9326575011100285
missing_neural_feedback,50,gic_pred,predictive_support,seir,2.460086154354494e-20
missing_neural_feedback,50,gic_pred,predictive_support,sir,1.3531334119198018e-35
missing_neural_feedback,50,gic_pred,predictive_support,tv_sir,0.0020785383403347244
missing_neural_feedback,50,gic_pred,predictive_support,ude_sir_h2,0.06526396054963678
missing_neural_feedback,50,gic_evid,equal_prior_posterior_approximation,neural_ode_h2,1.0229164489521486e-05
missing_neural_feedback,50,gic_evid,equal_prior_posterior_approximation,seir,4.846749558942608e-17
missing_neural_feedback,50,gic_evid,equal_prior_posterior_approximation,sir,1.5638653041669916e-32
missing_neural_feedback,50,gic_evid,equal_prior_posterior_approximation,tv_sir,0.1628620713766099
missing_neural_feedback,50,gic_evid,equal_prior_posterior_approximation,ude_sir_h2,0.8371276994589005
missing_neural_feedback,51,gic_pred,predictive_support,neural_ode_h2,0.8603378133046188
missing_neural_feedback,51,gic_pred,predictive_support,seir,6.105179874717177e-23
missing_neural_feedback,51,gic_pred,predictive_support,sir,8.010629919569448e-40
missing_neural_feedback,51,gic_pred,predictive_support,tv_sir,0.011457176939335898
missing_neural_feedback,51,gic_pred,predictive_support,ude_sir_h2,0.12820500975604535
missing_neural_feedback,51,gic_evid,equal_prior_posterior_approximation,neural_ode_h2,1.732293832539276e-06
missing_neural_feedback,51,gic_evid,equal_prior_posterior_approximation,seir,4.1392975175349524e-20
missing_neural_feedback,51,gic_evid,equal_prior_posterior_approximation,sir,3.2159079940882934e-37
missing_neural_feedback,51,gic_evid,equal_prior_posterior_approximation,tv_sir,0.31066792461834647
missing_neural_feedback,51,gic_evid,equal_prior_posterior_approximation,ude_sir_h2,0.689330343087821
missing_neural_feedback,52,gic_pred,predictive_support,neural_ode_h2,0.16958419241788594
missing_neural_feedback,52,gic_pred,predictive_support,seir,1.177901306038938e-18
missing_neural_feedback,52,gic_pred,predictive_support,sir,3.1103863406489407e-35
missing_neural_feedback,52,gic_pred,predictive_support,tv_sir,0.2887678911014658
missing_neural_feedback,52,gic_pred,predictive_support,ude_sir_h2,0.5416479164806483
missing_neural_feedback,52,gic_evid,equal_prior_posterior_approximation,neural_ode_h2,4.3904761536079835e-08
missing_neural_feedback,52,gic_evid,equal_prior_posterior_approximation,seir,6.742907220458929e-17
missing_neural_feedback,52,gic_evid,equal_prior_posterior_approximation,sir,1.062046057246701e-33
missing_neural_feedback,52,gic_evid,equal_prior_posterior_approximation,tv_sir,0.6607308950759794
missing_neural_feedback,52,gic_evid,equal_prior_posterior_approximation,ude_sir_h2,0.33926906101925897
missing_neural_feedback,53,gic_pred,predictive_support,neural_ode_h2,0.20528538651722927
missing_neural_feedback,53,gic_pred,predictive_support,seir,3.31821747582598e-21
missing_neural_feedback,53,gic_pred,predictive_support,sir,2.314745010254769e-39
missing_neural_feedback,53,gic_pred,predictive_support,tv_sir,0.30376711036026605
missing_neural_feedback,53,gic_pred,predictive_support,ude_sir_h2,0.4909475031225046
missing_neural_feedback,53,gic_evid,equal_prior_posterior_approximation,neural_ode_h2,3.538647505043357e-08
missing_neural_feedback,53,gic_evid,equal_prior_posterior_approximation,seir,2.481380359921682e-19
missing_neural_feedback,53,gic_evid,equal_prior_posterior_approximation,sir,1.0299240555532604e-37
missing_neural_feedback,53,gic_evid,equal_prior_posterior_approximation,tv_sir,0.6707457811306253
missing_neural_feedback,53,gic_evid,equal_prior_posterior_approximation,ude_sir_h2,0.32925418348289964
missing_neural_feedback,54,gic_pred,predictive_support,neural_ode_h2,0.3657876503962444
missing_neural_feedback,54,gic_pred,predictive_support,seir,7.971353787421457e-15
missing_neural_feedback,54,gic_pred,predictive_support,sir,3.776040488985628e-29
missing_neural_feedback,54,gic_pred,predictive_support,tv_sir,0.14782432345666743
missing_neural_feedback,54,gic_pred,predictive_support,ude_sir_h2,0.4863880261470802
missing_neural_feedback,54,gic_evid,equal_prior_posterior_approximation,neural_ode_h2,3.2511407886179234e-07
missing_neural_feedback,54,gic_evid,equal_prior_posterior_approximation,seir,6.899150686814747e-13
missing_neural_feedback,54,gic_evid,equal_prior_posterior_approximation,sir,1.9076274823728767e-27
missing_neural_feedback,54,gic_evid,equal_prior_posterior_approximation,tv_sir,0.4239591494344196
missing_neural_feedback,54,gic_evid,equal_prior_posterior_approximation,ude_sir_h2,0.5760405254508116
missing_neural_feedback,55,gic_pred,predictive_support,neural_ode_h2,0.07220408927982963
missing_neural_feedback,55,gic_pred,predictive_support,seir,9.493540010483772e-21
missing_neural_feedback,55,gic_pred,predictive_support,sir,6.520940782950311e-39
missing_neural_feedback,55,gic_pred,predictive_support,tv_sir,0.5001768295552588
missing_neural_feedback,55,gic_pred,predictive_support,ude_sir_h2,0.4276190811649117
missing_neural_feedback,55,gic_evid,equal_prior_posterior_approximation,neural_ode_h2,1.7645663003178173e-08
missing_neural_feedback,55,gic_evid,equal_prior_posterior_approximation,seir,7.378594172743499e-19
missing_neural_feedback,55,gic_evid,equal_prior_posterior_approximation,sir,3.007526182238687e-37
missing_neural_feedback,55,gic_evid,equal_prior_posterior_approximation,tv_sir,0.8174561026453179
missing_neural_feedback,55,gic_evid,equal_prior_posterior_approximation,ude_sir_h2,0.18254387970901909
missing_neural_feedback,56,gic_pred,predictive_support,neural_ode_h2,0.9909697585326775
missing_neural_feedback,56,gic_pred,predictive_support,seir,2.281839855737938e-19
missing_neural_feedback,56,gic_pred,predictive_support,sir,2.511448928873521e-33
missing_neural_feedback,56,gic_pred,predictive_support,tv_sir,0.00020491052730688654
missing_neural_feedback,56,gic_pred,predictive_support,ude_sir_h2,0.008825330940015648
missing_neural_feedback,56,gic_evid,equal_prior_posterior_approximation,neural_ode_h2,0.00010490576355458279
missing_neural_feedback,56,gic_evid,equal_prior_posterior_approximation,seir,3.381243190612391e-15
missing_neural_feedback,56,gic_evid,equal_prior_posterior_approximation,sir,2.208017839766175e-29
missing_neural_feedback,56,gic_evid,equal_prior_posterior_approximation,tv_sir,0.12063009521972827
missing_neural_feedback,56,gic_evid,equal_prior_posterior_approximation,ude_sir_h2,0.8792649990167137
missing_neural_feedback,57,gic_pred,predictive_support,neural_ode_h2,0.9400158984963818
missing_neural_feedback,57,gic_pred,predictive_support,seir,1.5983972189575046e-17
missing_neural_feedback,57,gic_pred,predictive_support,sir,1.2609212926418047e-31
missing_neural_feedback,57,gic_pred,predictive_support,tv_sir,0.005055919018650338
missing_neural_feedback,57,gic_pred,predictive_support,ude_sir_h2,0.054928182484967815
missing_neural_feedback,57,gic_evid,equal_prior_posterior_approximation,neural_ode_h2,1.1840737193345976e-05
missing_neural_feedback,57,gic_evid,equal_prior_posterior_approximation,seir,2.0959146684871423e-14
missing_neural_feedback,57,gic_evid,equal_prior_posterior_approximation,sir,9.713160842531562e-29
missing_neural_feedback,57,gic_evid,equal_prior_posterior_approximation,tv_sir,0.2256968681690732
missing_neural_feedback,57,gic_evid,equal_prior_posterior_approximation,ude_sir_h2,0.7742912910937125
missing_neural_feedback,58,gic_pred,predictive_support,neural_ode_h2,0.08486387034244668
missing_neural_feedback,58,gic_pred,predictive_support,seir,1.46607807713042e-14
missing_neural_feedback,58,gic_pred,predictive_support,sir,6.911101824537423e-30
missing_neural_feedback,58,gic_pred,predictive_support,tv_sir,0.33689400158229466
missing_neural_feedback,58,gic_pred,predictive_support,ude_sir_h2,0.578242128075244
missing_neural_feedback,58,gic_evid,equal_prior_posterior_approximation,neural_ode_h2,2.2505385073444016e-08
missing_neural_feedback,58,gic_evid,equal_prior_posterior_approximation,seir,7.360688873070036e-13
missing_neural_feedback,58,gic_evid,equal_prior_posterior_approximation,sir,2.05083580417564e-28
missing_neural_feedback,58,gic_evid,equal_prior_posterior_approximation,tv_sir,0.596694675492823
missing_neural_feedback,58,gic_evid,equal_prior_posterior_approximation,ude_sir_h2,0.40330530200105585
missing_neural_feedback,59,gic_pred,predictive_support,neural_ode_h2,0.1632832748212316
missing_neural_feedback,59,gic_pred,predictive_support,seir,2.620606815706205e-14
missing_neural_feedback,59,gic_pred,predictive_support,sir,3.9143530008221086e-29
missing_neural_feedback,59,gic_pred,predictive_support,tv_sir,0.41906631277183304
missing_neural_feedback,59,gic_pred,predictive_support,ude_sir_h2,0.41765041240690925
missing_neural_feedback,59,gic_evid,equal_prior_posterior_approximation,neural_ode_h2,4.044584584512012e-08
missing_neural_feedback,59,gic_evid,equal_prior_posterior_approximation,seir,1.1657655643717371e-12
missing_neural_feedback,59,gic_evid,equal_prior_posterior_approximation,sir,1.0328818805413396e-27
missing_neural_feedback,59,gic_evid,equal_prior_posterior_approximation,tv_sir,0.7174337009187519
missing_neural_feedback,59,gic_evid,equal_prior_posterior_approximation,ude_sir_h2,0.28256625863423646
missing_neural_feedback,60,gic_pred,predictive_support,neural_ode_h2,0.06050170966991874
missing_neural_feedback,60,gic_pred,predictive_support,seir,6.869283878436279e-15
missing_neural_feedback,60,gic_pred,predictive_support,sir,7.496795397907277e-31
missing_neural_feedback,60,gic_pred,predictive_support,tv_sir,0.23763597059770575
missing_neural_feedback,60,gic_pred,predictive_support,ude_sir_h2,0.7018623197323687
missing_neural_feedback,60,gic_evid,equal_prior_posterior_approximation,neural_ode_h2,4.195944684217317e-09
missing_neural_feedback,60,gic_evid,equal_prior_posterior_approximation,seir,3.5616870912224205e-13
missing_neural_feedback,60,gic_evid,equal_prior_posterior_approximation,sir,2.3001490701201032e-29
missing_neural_feedback,60,gic_evid,equal_prior_posterior_approximation,tv_sir,0.5171987473317062
missing_neural_feedback,60,gic_evid,equal_prior_posterior_approximation,ude_sir_h2,0.4828012484719929
missing_neural_feedback,61,gic_pred,predictive_support,neural_ode_h2,0.9246546138076452
missing_neural_feedback,61,gic_pred,predictive_support,seir,2.30759131573332e-22
missing_neural_feedback,61,gic_pred,predictive_support,sir,6.823939605281321e-39
missing_neural_feedback,61,gic_pred,predictive_support,tv_sir,0.013450796961136942
missing_neural_feedback,61,gic_pred,predictive_support,ude_sir_h2,0.06189458923121803
missing_neural_feedback,61,gic_evid,equal_prior_posterior_approximation,neural_ode_h2,3.095230031151452e-06
missing_neural_feedback,61,gic_evid,equal_prior_posterior_approximation,seir,2.1621010497947645e-19
missing_neural_feedback,61,gic_evid,equal_prior_posterior_approximation,sir,3.783173182276067e-36
missing_neural_feedback,61,gic_evid,equal_prior_posterior_approximation,tv_sir,0.5000703035314666
missing_neural_feedback,61,gic_evid,equal_prior_posterior_approximation,ude_sir_h2,0.49992660123850213
missing_neural_feedback,62,gic_pred,predictive_support,neural_ode_h2,0.2010805047747757
missing_neural_feedback,62,gic_pred,predictive_support,seir,2.6935065759623264e-11
missing_neural_feedback,62,gic_pred,predictive_support,sir,2.7534882603482824e-25
missing_neural_feedback,62,gic_pred,predictive_support,tv_sir,0.4224614581598112
missing_neural_feedback,62,gic_pred,predictive_support,ude_sir_h2,0.37645803703847797
missing_neural_feedback,62,gic_evid,equal_prior_posterior_approximation,neural_ode_h2,4.8389350324622124e-08
missing_neural_feedback,62,gic_evid,equal_prior_posterior_approximation,seir,1.3473178129690412e-09
missing_neural_feedback,62,gic_evid,equal_prior_posterior_approximation,sir,8.209968066490021e-24
missing_neural_feedback,62,gic_evid,equal_prior_posterior_approximation,tv_sir,0.6510431260689752
missing_neural_feedback,62,gic_evid,equal_prior_posterior_approximation,ude_sir_h2,0.3489568241943568
missing_neural_feedback,63,gic_pred,predictive_support,neural_ode_h2,0.10560317329205555
missing_neural_feedback,63,gic_pred,predictive_support,seir,6.516580271456954e-20
missing_neural_feedback,63,gic_pred,predictive_support,sir,9.37324646068942e-38
missing_neural_feedback,63,gic_pred,predictive_support,tv_sir,0.22387576459244304
missing_neural_feedback,63,gic_pred,predictive_support,ude_sir_h2,0.6705210621155014
missing_neural_feedback,63,gic_evid,equal_prior_posterior_approximation,neural_ode_h2,6.608105668027685e-09
missing_neural_feedback,63,gic_evid,equal_prior_posterior_approximation,seir,4.268698334180286e-18
missing_neural_feedback,63,gic_evid,equal_prior_posterior_approximation,sir,3.624399409008038e-36
missing_neural_feedback,63,gic_evid,equal_prior_posterior_approximation,tv_sir,0.5803154512862638
missing_neural_feedback,63,gic_evid,equal_prior_posterior_approximation,ude_sir_h2,0.41968454210563055
missing_neural_feedback,64,gic_pred,predictive_support,neural_ode_h2,0.17533255443272772
missing_neural_feedback,64,gic_pred,predictive_support,seir,1.5619540326624346e-17
missing_neural_feedback,64,gic_pred,predictive_support,sir,7.33348469076046e-34
missing_neural_feedback,64,gic_pred,predictive_support,tv_sir,0.33980372458743474
missing_neural_feedback,64,gic_pred,predictive_support,ude_sir_h2,0.48486372097983754
missing_neural_feedback,64,gic_evid,equal_prior_posterior_approximation,neural_ode_h2,3.4912333598466e-08
missing_neural_feedback,64,gic_evid,equal_prior_posterior_approximation,seir,7.874436894757042e-16
missing_neural_feedback,64,gic_evid,equal_prior_posterior_approximation,sir,2.204365438887306e-32
missing_neural_feedback,64,gic_evid,equal_prior_posterior_approximation,tv_sir,0.7045755486734152
missing_neural_feedback,64,gic_evid,equal_prior_posterior_approximation,ude_sir_h2,0.2954244164142504
missing_neural_feedback,65,gic_pred,predictive_support,neural_ode_h2,0.09810633392908252
missing_neural_feedback,65,gic_pred,predictive_support,seir,2.801158623611594e-20
missing_neural_feedback,65,gic_pred,predictive_support,sir,3.8986660599070917e-38
missing_neural_feedback,65,gic_pred,predictive_support,tv_sir,0.40785295685965967
missing_neural_feedback,65,gic_pred,predictive_support,ude_sir_h2,0.49404070921125787
missing_neural_feedback,65,gic_evid,equal_prior_posterior_approximation,neural_ode_h2,1.5877416665767993e-08
missing_neural_feedback,65,gic_evid,equal_prior_posterior_approximation,seir,1.608249769579928e-18
missing_neural_feedback,65,gic_evid,equal_prior_posterior_approximation,sir,1.3186107380970316e-36
missing_neural_feedback,65,gic_evid,equal_prior_posterior_approximation,tv_sir,0.7405128970827655
missing_neural_feedback,65,gic_evid,equal_prior_posterior_approximation,ude_sir_h2,0.259487087039818
missing_neural_feedback,66,gic_pred,predictive_support,neural_ode_h2,0.15851349777236512
missing_neural_feedback,66,gic_pred,predictive_support,seir,7.343357452204584e-23
missing_neural_feedback,66,gic_pred,predictive_support,sir,6.226999611773582e-41
missing_neural_feedback,66,gic_pred,predictive_support,tv_sir,0.23804292241282193
missing_neural_feedback,66,gic_pred,predictive_support,ude_sir_h2,0.6034435798148129
missing_neural_feedback,66,gic_evid,equal_prior_posterior_approximation,neural_ode_h2,5.58478372420554e-08
missing_neural_feedback,66,gic_evid,equal_prior_posterior_approximation,seir,6.465712827496068e-21
missing_neural_feedback,66,gic_evid,equal_prior_posterior_approximation,sir,3.234283841023449e-39
missing_neural_feedback,66,gic_evid,equal_prior_posterior_approximation,tv_sir,0.5999921150900448
missing_neural_feedback,66,gic_evid,equal_prior_posterior_approximation,ude_sir_h2,0.4000078290621179
missing_neural_feedback,67,gic_pred,predictive_support,neural_ode_h2,0.04893391755904344
missing_neural_feedback,67,gic_pred,predictive_support,seir,1.765752746575049e-24
missing_neural_feedback,67,gic_pred,predictive_support,sir,4.516584206318316e-45
missing_neural_feedback,67,gic_pred,predictive_support,tv_sir,0.5367889748156912
missing_neural_feedback,67,gic_pred,predictive_support,ude_sir_h2,0.41427710762526543
missing_neural_feedback,67,gic_evid,equal_prior_posterior_approximation,neural_ode_h2,6.731748744505026e-10
missing_neural_feedback,67,gic_evid,equal_prior_posterior_approximation,seir,7.153492213126591e-23
missing_neural_feedback,67,gic_evid,equal_prior_posterior_approximation,sir,1.0856181993356152e-43
missing_neural_feedback,67,gic_evid,equal_prior_posterior_approximation,tv_sir,0.8617661934745775
missing_neural_feedback,67,gic_evid,equal_prior_posterior_approximation,ude_sir_h2,0.13823380585224773
missing_neural_feedback,68,gic_pred,predictive_support,neural_ode_h2,0.09131420541775796
missing_neural_feedback,68,gic_pred,predictive_support,seir,2.504474414971803e-19
missing_neural_feedback,68,gic_pred,predictive_support,sir,3.25897105186745e-36
missing_neural_feedback,68,gic_pred,predictive_support,tv_sir,0.12550688124351467
missing_neural_feedback,68,gic_pred,predictive_support,ude_sir_h2,0.7831789133387274
missing_neural_feedback,68,gic_evid,equal_prior_posterior_approximation,neural_ode_h2,6.873044766332821e-09
missing_neural_feedback,68,gic_evid,equal_prior_posterior_approximation,seir,2.6958214378358547e-17
missing_neural_feedback,68,gic_evid,equal_prior_posterior_approximation,sir,2.0938403623215786e-34
missing_neural_feedback,68,gic_evid,equal_prior_posterior_approximation,tv_sir,0.5138041875669442
missing_neural_feedback,68,gic_evid,equal_prior_posterior_approximation,ude_sir_h2,0.48619580556001096
missing_neural_feedback,69,gic_pred,predictive_support,neural_ode_h2,0.06869212542611794
missing_neural_feedback,69,gic_pred,predictive_support,seir,5.401477001989798e-15
missing_neural_feedback,69,gic_pred,predictive_support,sir,6.6097539869319395e-31
missing_neural_feedback,69,gic_pred,predictive_support,tv_sir,0.49567294413591306
missing_neural_feedback,69,gic_pred,predictive_support,ude_sir_h2,0.4356349304379636
missing_neural_feedback,69,gic_evid,equal_prior_posterior_approximation,neural_ode_h2,4.818779377003936e-09
missing_neural_feedback,69,gic_evid,equal_prior_posterior_approximation,seir,2.0081672508628997e-13
missing_neural_feedback,69,gic_evid,equal_prior_posterior_approximation,sir,1.454767996700105e-29
missing_neural_feedback,69,gic_evid,equal_prior_posterior_approximation,tv_sir,0.7624468676558042
missing_neural_feedback,69,gic_evid,equal_prior_posterior_approximation,ude_sir_h2,0.2375531275252157
missing_neural_feedback,70,gic_pred,predictive_support,neural_ode_h2,0.7570557278747283
missing_neural_feedback,70,gic_pred,predictive_support,seir,4.874075914443745e-19
missing_neural_feedback,70,gic_pred,predictive_support,sir,1.694194895024114e-34
missing_neural_feedback,70,gic_pred,predictive_support,tv_sir,0.023686481906671792
missing_neural_feedback,70,gic_pred,predictive_support,ude_sir_h2,0.21925779021859987
missing_neural_feedback,70,gic_evid,equal_prior_posterior_approximation,neural_ode_h2,1.8988563703144405e-06
missing_neural_feedback,70,gic_evid,equal_prior_posterior_approximation,seir,1.5462027616564748e-16
missing_neural_feedback,70,gic_evid,equal_prior_posterior_approximation,sir,3.19040356979766e-32
missing_neural_feedback,70,gic_evid,equal_prior_posterior_approximation,tv_sir,0.28334960941092746
missing_neural_feedback,70,gic_evid,equal_prior_posterior_approximation,ude_sir_h2,0.7166484917327021
missing_neural_feedback,71,gic_pred,predictive_support,neural_ode_h2,0.21092081286120107
missing_neural_feedback,71,gic_pred,predictive_support,seir,3.363874121342703e-17
missing_neural_feedback,71,gic_pred,predictive_support,sir,1.4139127218278462e-33
missing_neural_feedback,71,gic_pred,predictive_support,tv_sir,0.21391978648968665
missing_neural_feedback,71,gic_pred,predictive_support,ude_sir_h2,0.5751594006491122
missing_neural_feedback,71,gic_evid,equal_prior_posterior_approximation,neural_ode_h2,7.236562420120143e-08
missing_neural_feedback,71,gic_evid,equal_prior_posterior_approximation,seir,2.4706075330441572e-15
missing_neural_feedback,71,gic_evid,equal_prior_posterior_approximation,sir,6.184841328335281e-32
missing_neural_feedback,71,gic_evid,equal_prior_posterior_approximation,tv_sir,0.5580485516296464
missing_neural_feedback,71,gic_evid,equal_prior_posterior_approximation,ude_sir_h2,0.4419513760047271
missing_neural_feedback,72,gic_pred,predictive_support,neural_ode_h2,0.38329393785762256
missing_neural_feedback,72,gic_pred,predictive_support,seir,1.2190453221900196e-13
missing_neural_feedback,72,gic_pred,predictive_support,sir,2.895716435543855e-27
missing_neural_feedback,72,gic_pred,predictive_support,tv_sir,0.16649007943555913
missing_neural_feedback,72,gic_pred,predictive_support,ude_sir_h2,0.45021598270669644
missing_neural_feedback,72,gic_evid,equal_prior_posterior_approximation,neural_ode_h2,4.2450695265061346e-07
missing_neural_feedback,72,gic_evid,equal_prior_posterior_approximation,seir,1.0267692484290418e-11
missing_neural_feedback,72,gic_evid,equal_prior_posterior_approximation,sir,1.4376019655024452e-25
missing_neural_feedback,72,gic_evid,equal_prior_posterior_approximation,tv_sir,0.4659593814370021
missing_neural_feedback,72,gic_evid,equal_prior_posterior_approximation,ude_sir_h2,0.5340401940457775
missing_neural_feedback,73,gic_pred,predictive_support,neural_ode_h2,0.04219830048067545
missing_neural_feedback,73,gic_pred,predictive_support,seir,5.307698612415376e-19
missing_neural_feedback,73,gic_pred,predictive_support,sir,2.7653018617568525e-37
missing_neural_feedback,73,gic_pred,predictive_support,tv_sir,0.6838405209410255
missing_neural_feedback,73,gic_pred,predictive_support,ude_sir_h2,0.27396117857829905
missing_neural_feedback,73,gic_evid,equal_prior_posterior_approximation,neural_ode_h2,5.325200799064418e-10
missing_neural_feedback,73,gic_evid,equal_prior_posterior_approximation,seir,1.7309599863569938e-17
missing_neural_feedback,73,gic_evid,equal_prior_posterior_approximation,sir,5.375335010765791e-36
missing_neural_feedback,73,gic_evid,equal_prior_posterior_approximation,tv_sir,0.9066646208111038
missing_neural_feedback,73,gic_evid,equal_prior_posterior_approximation,ude_sir_h2,0.09333537865637605
missing_neural_feedback,74,gic_pred,predictive_support,neural_ode_h2,0.059393089740897104
missing_neural_feedback,74,gic_pred,predictive_support,seir,2.378059490660194e-19
missing_neural_feedback,74,gic_pred,predictive_support,sir,1.1963534304371084e-36
missing_neural_feedback,74,gic_pred,predictive_support,tv_sir,0.3208906449089949
missing_neural_feedback,74,gic_pred,predictive_support,ude_sir_h2,0.619716265350108
missing_neural_feedback,74,gic_evid,equal_prior_posterior_approximation,neural_ode_h2,7.47609541403418e-09
missing_neural_feedback,74,gic_evid,equal_prior_posterior_approximation,seir,1.3634226434756291e-17
missing_neural_feedback,74,gic_evid,equal_prior_posterior_approximation,sir,4.042444233011848e-35
missing_neural_feedback,74,gic_evid,equal_prior_posterior_approximation,tv_sir,0.646661160307143
missing_neural_feedback,74,gic_evid,equal_prior_posterior_approximation,ude_sir_h2,0.35333883221676154
missing_neural_feedback,75,gic_pred,predictive_support,neural_ode_h2,0.3450159370700406
missing_neural_feedback,75,gic_pred,predictive_support,seir,3.2189720230050647e-10
missing_neural_feedback,75,gic_pred,predictive_support,sir,7.693501774134608e-23
missing_neural_feedback,75,gic_pred,predictive_support,tv_sir,0.2232050654709843
missing_neural_feedback,75,gic_pred,predictive_support,ude_sir_h2,0.43177899713707796
missing_neural_feedback,75,gic_evid,equal_prior_posterior_approximation,neural_ode_h2,2.0201125305396258e-07
missing_neural_feedback,75,gic_evid,equal_prior_posterior_approximation,seir,1.6807868836755395e-08
missing_neural_feedback,75,gic_evid,equal_prior_posterior_approximation,sir,2.38679424964919e-21
missing_neural_feedback,75,gic_evid,equal_prior_posterior_approximation,tv_sir,0.5093358454478366
missing_neural_feedback,75,gic_evid,equal_prior_posterior_approximation,ude_sir_h2,0.4906639357330415
missing_neural_feedback,76,gic_pred,predictive_support,neural_ode_h2,0.06839150638385914
missing_neural_feedback,76,gic_pred,predictive_support,seir,5.1156692851549615e-09
missing_neural_feedback,76,gic_pred,predictive_support,sir,2.1242813837229954e-21
missing_neural_feedback,76,gic_pred,predictive_support,tv_sir,0.3154736771486618
missing_neural_feedback,76,gic_pred,predictive_support,ude_sir_h2,0.6161348113518098
missing_neural_feedback,76,gic_evid,equal_prior_posterior_approximation,neural_ode_h2,3.948241961861035e-08
missing_neural_feedback,76,gic_evid,equal_prior_posterior_approximation,seir,2.513019741107016e-07
missing_neural_feedback,76,gic_evid,equal_prior_posterior_approximation,sir,6.197454967989748e-20
missing_neural_feedback,76,gic_evid,equal_prior_posterior_approximation,tv_sir,0.45810256661231624
missing_neural_feedback,76,gic_evid,equal_prior_posterior_approximation,ude_sir_h2,0.54189714260329
missing_neural_feedback,77,gic_pred,predictive_support,neural_ode_h2,0.054746743649393644
missing_neural_feedback,77,gic_pred,predictive_support,seir,4.208558852321925e-17
missing_neural_feedback,77,gic_pred,predictive_support,sir,9.684574601075632e-34
missing_neural_feedback,77,gic_pred,predictive_support,tv_sir,0.2394645791750289
missing_neural_feedback,77,gic_pred,predictive_support,ude_sir_h2,0.7057886771755775
missing_neural_feedback,77,gic_evid,equal_prior_posterior_approximation,neural_ode_h2,1.377899164162097e-08
missing_neural_feedback,77,gic_evid,equal_prior_posterior_approximation,seir,2.954894055719741e-15
missing_neural_feedback,77,gic_evid,equal_prior_posterior_approximation,sir,4.0341711177921327e-32
missing_neural_feedback,77,gic_evid,equal_prior_posterior_approximation,tv_sir,0.5001330467648012
missing_neural_feedback,77,gic_evid,equal_prior_posterior_approximation,ude_sir_h2,0.49986693945620414
missing_neural_feedback,78,gic_pred,predictive_support,neural_ode_h2,0.15119116950296108
missing_neural_feedback,78,gic_pred,predictive_support,seir,2.494222796577368e-23
missing_neural_feedback,78,gic_pred,predictive_support,sir,1.8210515978536866e-41
missing_neural_feedback,78,gic_pred,predictive_support,tv_sir,0.16318048131604965
missing_neural_feedback,78,gic_pred,predictive_support,ude_sir_h2,0.6856283491809894
missing_neural_feedback,78,gic_evid,equal_prior_posterior_approximation,neural_ode_h2,5.3573541173084926e-08
missing_neural_feedback,78,gic_evid,equal_prior_posterior_approximation,seir,2.3698473047049963e-21
missing_neural_feedback,78,gic_evid,equal_prior_posterior_approximation,sir,1.024452733316252e-39
missing_neural_feedback,78,gic_evid,equal_prior_posterior_approximation,tv_sir,0.5050125804612686
missing_neural_feedback,78,gic_evid,equal_prior_posterior_approximation,ude_sir_h2,0.4949873659651903
missing_neural_feedback,79,gic_pred,predictive_support,neural_ode_h2,0.046614361375215116
missing_neural_feedback,79,gic_pred,predictive_support,seir,3.633630126450703e-15
missing_neural_feedback,79,gic_pred,predictive_support,sir,1.1152476612574842e-31
missing_neural_feedback,79,gic_pred,predictive_support,tv_sir,0.6592701091078262
missing_neural_feedback,79,gic_pred,predictive_support,ude_sir_h2,0.294115529516955
missing_neural_feedback,79,gic_evid,equal_prior_posterior_approximation,neural_ode_h2,8.689610586679536e-10
missing_neural_feedback,79,gic_evid,equal_prior_posterior_approximation,seir,1.1635468938020537e-13
missing_neural_feedback,79,gic_evid,equal_prior_posterior_approximation,sir,2.1300583909991958e-30
missing_neural_feedback,79,gic_evid,equal_prior_posterior_approximation,tv_sir,0.8740208347588347
missing_neural_feedback,79,gic_evid,equal_prior_posterior_approximation,ude_sir_h2,0.12597916437208792
missing_time_varying_transmission,0,gic_pred,predictive_support,neural_ode_h2,0.019006859156524426
missing_time_varying_transmission,0,gic_pred,predictive_support,seir,0.00010760884927862264
missing_time_varying_transmission,0,gic_pred,predictive_support,sir,5.206159876593907e-20
missing_time_varying_transmission,0,gic_pred,predictive_support,tv_sir,0.5792860527489084
missing_time_varying_transmission,0,gic_pred,predictive_support,ude_sir_h2,0.40159947924528844
missing_time_varying_transmission,0,gic_evid,equal_prior_posterior_approximation,neural_ode_h2,1.160728915225786e-12
missing_time_varying_transmission,0,gic_evid,equal_prior_posterior_approximation,seir,0.0013289416930295213
missing_time_varying_transmission,0,gic_evid,equal_prior_posterior_approximation,sir,5.409506504516929e-19
missing_time_varying_transmission,0,gic_evid,equal_prior_posterior_approximation,tv_sir,0.7127717093418326
missing_time_varying_transmission,0,gic_evid,equal_prior_posterior_approximation,ude_sir_h2,0.28589934896397706
missing_time_varying_transmission,1,gic_pred,predictive_support,neural_ode_h2,0.004921769263175482
missing_time_varying_transmission,1,gic_pred,predictive_support,seir,3.2040567745954943e-13
missing_time_varying_transmission,1,gic_pred,predictive_support,sir,4.833477309559846e-36
missing_time_varying_transmission,1,gic_pred,predictive_support,tv_sir,0.8658429272785179
missing_time_varying_transmission,1,gic_pred,predictive_support,ude_sir_h2,0.1292353034579862
missing_time_varying_transmission,1,gic_evid,equal_prior_posterior_approximation,neural_ode_h2,4.0191806522971576e-14
missing_time_varying_transmission,1,gic_evid,equal_prior_posterior_approximation,seir,3.93691253583024e-12
missing_time_varying_transmission,1,gic_evid,equal_prior_posterior_approximation,sir,4.968606354588469e-35
missing_time_varying_transmission,1,gic_evid,equal_prior_posterior_approximation,tv_sir,0.9599384911483646
missing_time_varying_transmission,1,gic_evid,equal_prior_posterior_approximation,ude_sir_h2,0.04006150884765823
missing_time_varying_transmission,2,gic_pred,predictive_support,neural_ode_h2,0.05140743059537214
missing_time_varying_transmission,2,gic_pred,predictive_support,seir,1.6752854478659575e-13
missing_time_varying_transmission,2,gic_pred,predictive_support,sir,9.872759236693547e-33
missing_time_varying_transmission,2,gic_pred,predictive_support,tv_sir,0.31148902088475516
missing_time_varying_transmission,2,gic_pred,predictive_support,ude_sir_h2,0.6371035485197052
missing_time_varying_transmission,2,gic_evid,equal_prior_posterior_approximation,neural_ode_h2,1.1036265025180241e-11
missing_time_varying_transmission,2,gic_evid,equal_prior_posterior_approximation,seir,3.806213989216545e-12
missing_time_varying_transmission,2,gic_evid,equal_prior_posterior_approximation,sir,1.844440993656405e-31
missing_time_varying_transmission,2,gic_evid,equal_prior_posterior_approximation,tv_sir,0.6154783732002586
missing_time_varying_transmission,2,gic_evid,equal_prior_posterior_approximation,ude_sir_h2,0.3845216267848988
missing_time_varying_transmission,3,gic_pred,predictive_support,neural_ode_h2,0.005620586355786893
missing_time_varying_transmission,3,gic_pred,predictive_support,seir,2.0883761968798967e-11
missing_time_varying_transmission,3,gic_pred,predictive_support,sir,5.51568984066993e-32
missing_time_varying_transmission,3,gic_pred,predictive_support,tv_sir,0.8346485557494419
missing_time_varying_transmission,3,gic_pred,predictive_support,ude_sir_h2,0.15973085787388747
missing_time_varying_transmission,3,gic_evid,equal_prior_posterior_approximation,neural_ode_h2,2.3009931118586517e-13
missing_time_varying_transmission,3,gic_evid,equal_prior_posterior_approximation,seir,2.8622518732703526e-10
missing_time_varying_transmission,3,gic_evid,equal_prior_posterior_approximation,sir,6.377022956040235e-31
missing_time_varying_transmission,3,gic_evid,equal_prior_posterior_approximation,tv_sir,0.9564656736445659
missing_time_varying_transmission,3,gic_evid,equal_prior_posterior_approximation,ude_sir_h2,0.04353432606897883
missing_time_varying_transmission,4,gic_pred,predictive_support,neural_ode_h2,0.009201584314296126
missing_time_varying_transmission,4,gic_pred,predictive_support,seir,1.913982309663629e-06
missing_time_varying_transmission,4,gic_pred,predictive_support,sir,7.0557145166843545e-25
missing_time_varying_transmission,4,gic_pred,predictive_support,tv_sir,0.8097030667282297
missing_time_varying_transmission,4,gic_pred,predictive_support,ude_sir_h2,0.18109343497516459
missing_time_varying_transmission,4,gic_evid,equal_prior_posterior_approximation,neural_ode_h2,1.347751905719238e-13
missing_time_varying_transmission,4,gic_evid,equal_prior_posterior_approximation,seir,2.267724281028272e-05
missing_time_varying_transmission,4,gic_evid,equal_prior_posterior_approximation,sir,7.059312427759547e-24
missing_time_varying_transmission,4,gic_evid,equal_prior_posterior_approximation,tv_sir,0.9087522323329288
missing_time_varying_transmission,4,gic_evid,equal_prior_posterior_approximation,ude_sir_h2,0.09122509042412624
missing_time_varying_transmission,5,gic_pred,predictive_support,neural_ode_h2,0.006265396978183598
missing_time_varying_transmission,5,gic_pred,predictive_support,seir,4.886752870581784e-09
missing_time_varying_transmission,5,gic_pred,predictive_support,sir,3.321872709056805e-25
missing_time_varying_transmission,5,gic_pred,predictive_support,tv_sir,0.615560535700907
missing_time_varying_transmission,5,gic_pred,predictive_support,ude_sir_h2,0.3781740624341565
missing_time_varying_transmission,5,gic_evid,equal_prior_posterior_approximation,neural_ode_h2,7.440371096846489e-14
missing_time_varying_transmission,5,gic_evid,equal_prior_posterior_approximation,seir,7.974217857223919e-08
missing_time_varying_transmission,5,gic_evid,equal_prior_posterior_approximation,sir,4.567818532560167e-24
missing_time_varying_transmission,5,gic_evid,equal_prior_posterior_approximation,tv_sir,0.7410050456423483
missing_time_varying_transmission,5,gic_evid,equal_prior_posterior_approximation,ude_sir_h2,0.25899487461539883
missing_time_varying_transmission,6,gic_pred,predictive_support,neural_ode_h2,0.0171627723534451
missing_time_varying_transmission,6,gic_pred,predictive_support,seir,3.0888890408697403e-07
missing_time_varying_transmission,6,gic_pred,predictive_support,sir,3.6585332799749625e-26
missing_time_varying_transmission,6,gic_pred,predictive_support,tv_sir,0.7850551633570287
missing_time_varying_transmission,6,gic_pred,predictive_support,ude_sir_h2,0.19778175540062207
missing_time_varying_transmission,6,gic_evid,equal_prior_posterior_approximation,neural_ode_h2,7.016597923690918e-14
missing_time_varying_transmission,6,gic_evid,equal_prior_posterior_approximation,seir,3.658687541587292e-06
missing_time_varying_transmission,6,gic_evid,equal_prior_posterior_approximation,sir,3.5947232350920354e-25
missing_time_varying_transmission,6,gic_evid,equal_prior_posterior_approximation,tv_sir,0.8933427483214835
missing_time_varying_transmission,6,gic_evid,equal_prior_posterior_approximation,ude_sir_h2,0.10665359299090486
missing_time_varying_transmission,7,gic_pred,predictive_support,neural_ode_h2,0.00692275564026358
missing_time_varying_transmission,7,gic_pred,predictive_support,seir,6.523651466995743e-10
missing_time_varying_transmission,7,gic_pred,predictive_support,sir,1.2939520646627415e-28
missing_time_varying_transmission,7,gic_pred,predictive_support,tv_sir,0.5604500047620123
missing_time_varying_transmission,7,gic_pred,predictive_support,ude_sir_h2,0.43262723894535887
missing_time_varying_transmission,7,gic_evid,equal_prior_posterior_approximation,neural_ode_h2,7.558438319831326e-13
missing_time_varying_transmission,7,gic_evid,equal_prior_posterior_approximation,seir,9.92490239289805e-09
missing_time_varying_transmission,7,gic_evid,equal_prior_posterior_approximation,sir,1.626157652323984e-27
missing_time_varying_transmission,7,gic_evid,equal_prior_posterior_approximation,tv_sir,0.7997791716228233
missing_time_varying_transmission,7,gic_evid,equal_prior_posterior_approximation,ude_sir_h2,0.2002208184515183
missing_time_varying_transmission,8,gic_pred,predictive_support,neural_ode_h2,0.00936223809089113
missing_time_varying_transmission,8,gic_pred,predictive_support,seir,3.842516150017602e-06
missing_time_varying_transmission,8,gic_pred,predictive_support,sir,5.709604040387905e-22
missing_time_varying_transmission,8,gic_pred,predictive_support,tv_sir,0.5418863345009
missing_time_varying_transmission,8,gic_pred,predictive_support,ude_sir_h2,0.44874758489205896
missing_time_varying_transmission,8,gic_evid,equal_prior_posterior_approximation,neural_ode_h2,2.8523144826086397e-12
missing_time_varying_transmission,8,gic_evid,equal_prior_posterior_approximation,seir,5.792328234805268e-05
missing_time_varying_transmission,8,gic_evid,equal_prior_posterior_approximation,sir,7.180375911386307e-21
missing_time_varying_transmission,8,gic_evid,equal_prior_posterior_approximation,tv_sir,0.7637192045274318
missing_time_varying_transmission,8,gic_evid,equal_prior_posterior_approximation,ude_sir_h2,0.2362228721873678
missing_time_varying_transmission,9,gic_pred,predictive_support,neural_ode_h2,0.024265884432753793
missing_time_varying_transmission,9,gic_pred,predictive_support,seir,6.766178105763072e-14
missing_time_varying_transmission,9,gic_pred,predictive_support,sir,2.509357135881663e-36
missing_time_varying_transmission,9,gic_pred,predictive_support,tv_sir,0.7619474747899158
missing_time_varying_transmission,9,gic_pred,predictive_support,ude_sir_h2,0.21378664077726287
missing_time_varying_transmission,9,gic_evid,equal_prior_posterior_approximation,neural_ode_h2,9.358316736561843e-13
missing_time_varying_transmission,9,gic_evid,equal_prior_posterior_approximation,seir,9.266825671154759e-13
missing_time_varying_transmission,9,gic_evid,equal_prior_posterior_approximation,sir,2.921435807586e-35
missing_time_varying_transmission,9,gic_evid,equal_prior_posterior_approximation,tv_sir,0.9286558509227268
missing_time_varying_transmission,9,gic_evid,equal_prior_posterior_approximation,ude_sir_h2,0.07134414907541063
missing_time_varying_transmission,10,gic_pred,predictive_support,neural_ode_h2,0.004451973086756872
missing_time_varying_transmission,10,gic_pred,predictive_support,seir,2.1696868359503266e-10
missing_time_varying_transmission,10,gic_pred,predictive_support,sir,1.7174189796361943e-31
missing_time_varying_transmission,10,gic_pred,predictive_support,tv_sir,0.8175611881608738
missing_time_varying_transmission,10,gic_pred,predictive_support,ude_sir_h2,0.17798683853540076
missing_time_varying_transmission,10,gic_evid,equal_prior_posterior_approximation,neural_ode_h2,1.5080211605408715e-13
missing_time_varying_transmission,10,gic_evid,equal_prior_posterior_approximation,seir,3.1793540319263652e-09
missing_time_varying_transmission,10,gic_evid,equal_prior_posterior_approximation,sir,2.1034197625815306e-30
missing_time_varying_transmission,10,gic_evid,equal_prior_posterior_approximation,tv_sir,0.9472114550172713
missing_time_varying_transmission,10,gic_evid,equal_prior_posterior_approximation,ude_sir_h2,0.05278854180322373
missing_time_varying_transmission,11,gic_pred,predictive_support,neural_ode_h2,0.05264487113505952
missing_time_varying_transmission,11,gic_pred,predictive_support,seir,5.593152320525349e-09
missing_time_varying_transmission,11,gic_pred,predictive_support,sir,1.1984887821941135e-25
missing_time_varying_transmission,11,gic_pred,predictive_support,tv_sir,0.20386019715039028
missing_time_varying_transmission,11,gic_pred,predictive_support,ude_sir_h2,0.7434949261213979
missing_time_varying_transmission,11,gic_evid,equal_prior_posterior_approximation,neural_ode_h2,5.590646502658622e-11
missing_time_varying_transmission,11,gic_evid,equal_prior_posterior_approximation,seir,1.516631828131971e-07
missing_time_varying_transmission,11,gic_evid,equal_prior_posterior_approximation,sir,2.7427946225867753e-24
missing_time_varying_transmission,11,gic_evid,equal_prior_posterior_approximation,tv_sir,0.5239687982229977
missing_time_varying_transmission,11,gic_evid,equal_prior_posterior_approximation,ude_sir_h2,0.476031050057913
missing_time_varying_transmission,12,gic_pred,predictive_support,neural_ode_h2,0.040067321145711404
missing_time_varying_transmission,12,gic_pred,predictive_support,seir,6.613787472551912e-06
missing_time_varying_transmission,12,gic_pred,predictive_support,sir,2.5463369570627624e-21
missing_time_varying_transmission,12,gic_pred,predictive_support,tv_sir,0.4474612218982703
missing_time_varying_transmission,12,gic_pred,predictive_support,ude_sir_h2,0.5124648431685458
missing_time_varying_transmission,12,gic_evid,equal_prior_posterior_approximation,neural_ode_h2,2.941592172933654e-11
missing_time_varying_transmission,12,gic_evid,equal_prior_posterior_approximation,seir,0.00011400106200941209
missing_time_varying_transmission,12,gic_evid,equal_prior_posterior_approximation,sir,3.6627004487118226e-20
missing_time_varying_transmission,12,gic_evid,equal_prior_posterior_approximation,tv_sir,0.6626464832766069
missing_time_varying_transmission,12,gic_evid,equal_prior_posterior_approximation,ude_sir_h2,0.3372395156319677
missing_time_varying_transmission,13,gic_pred,predictive_support,neural_ode_h2,0.1681700538729233
missing_time_varying_transmission,13,gic_pred,predictive_support,seir,2.2352183835646127e-09
missing_time_varying_transmission,13,gic_pred,predictive_support,sir,1.4262992836669663e-24
missing_time_varying_transmission,13,gic_pred,predictive_support,tv_sir,0.22496141528610897
missing_time_varying_transmission,13,gic_pred,predictive_support,ude_sir_h2,0.6068685286057495
missing_time_varying_transmission,13,gic_evid,equal_prior_posterior_approximation,neural_ode_h2,1.787924187540064e-11
missing_time_varying_transmission,13,gic_evid,equal_prior_posterior_approximation,seir,5.528837930809885e-08
missing_time_varying_transmission,13,gic_evid,equal_prior_posterior_approximation,sir,2.969282339080674e-23
missing_time_varying_transmission,13,gic_evid,equal_prior_posterior_approximation,tv_sir,0.38605726950976565
missing_time_varying_transmission,13,gic_evid,equal_prior_posterior_approximation,ude_sir_h2,0.6139426751839758
missing_time_varying_transmission,14,gic_pred,predictive_support,neural_ode_h2,0.002593941361555975
missing_time_varying_transmission,14,gic_pred,predictive_support,seir,4.4966531885095265e-09
missing_time_varying_transmission,14,gic_pred,predictive_support,sir,7.788544404413744e-28
missing_time_varying_transmission,14,gic_pred,predictive_support,tv_sir,0.7050993726058694
missing_time_varying_transmission,14,gic_pred,predictive_support,ude_sir_h2,0.2923066815359215
missing_time_varying_transmission,14,gic_evid,equal_prior_posterior_approximation,neural_ode_h2,9.814347036353275e-14
missing_time_varying_transmission,14,gic_evid,equal_prior_posterior_approximation,seir,6.04929501786843e-08
missing_time_varying_transmission,14,gic_evid,equal_prior_posterior_approximation,sir,8.751628666586408e-27
missing_time_varying_transmission,14,gic_evid,equal_prior_posterior_approximation,tv_sir,0.891707165517374
missing_time_varying_transmission,14,gic_evid,equal_prior_posterior_approximation,ude_sir_h2,0.10829277398957773
missing_time_varying_transmission,15,gic_pred,predictive_support,neural_ode_h2,0.009740676304099806
missing_time_varying_transmission,15,gic_pred,predictive_support,seir,3.289400117513639e-12
missing_time_varying_transmission,15,gic_pred,predictive_support,sir,3.879701993168731e-34
missing_time_varying_transmission,15,gic_pred,predictive_support,tv_sir,0.7382543168814434
missing_time_varying_transmission,15,gic_pred,predictive_support,ude_sir_h2,0.25200500681116733
missing_time_varying_transmission,15,gic_evid,equal_prior_posterior_approximation,neural_ode_h2,9.008320317702157e-13
missing_time_varying_transmission,15,gic_evid,equal_prior_posterior_approximation,seir,6.116482331185672e-11
missing_time_varying_transmission,15,gic_evid,equal_prior_posterior_approximation,sir,6.081941193898431e-33
missing_time_varying_transmission,15,gic_evid,equal_prior_posterior_approximation,tv_sir,0.9186823652305247
missing_time_varying_transmission,15,gic_evid,equal_prior_posterior_approximation,ude_sir_h2,0.0813176347074095
missing_time_varying_transmission,16,gic_pred,predictive_support,neural_ode_h2,0.01930612080753665
missing_time_varying_transmission,16,gic_pred,predictive_support,seir,2.6848722807849755e-07
missing_time_varying_transmission,16,gic_pred,predictive_support,sir,3.2965977529867825e-23
missing_time_varying_transmission,16,gic_pred,predictive_support,tv_sir,0.42082916504770634
missing_time_varying_transmission,16,gic_pred,predictive_support,ude_sir_h2,0.5598644456575289
missing_time_varying_transmission,16,gic_evid,equal_prior_posterior_approximation,neural_ode_h2,6.120077968307676e-12
missing_time_varying_transmission,16,gic_evid,equal_prior_posterior_approximation,seir,4.248259291737143e-06
missing_time_varying_transmission,16,gic_evid,equal_prior_posterior_approximation,sir,4.30057045874754e-22
missing_time_varying_transmission,16,gic_evid,equal_prior_posterior_approximation,tv_sir,0.63149758195033
missing_time_varying_transmission,16,gic_evid,equal_prior_posterior_approximation,ude_sir_h2,0.3684981697842581
missing_time_varying_transmission,17,gic_pred,predictive_support,neural_ode_h2,0.003938255563337056
missing_time_varying_transmission,17,gic_pred,predictive_support,seir,2.921339505055098e-08
missing_time_varying_transmission,17,gic_pred,predictive_support,sir,1.5254157265159354e-27
missing_time_varying_transmission,17,gic_pred,predictive_support,tv_sir,0.7227822258303553
missing_time_varying_transmission,17,gic_pred,predictive_support,ude_sir_h2,0.2732794893929127
missing_time_varying_transmission,17,gic_evid,equal_prior_posterior_approximation,neural_ode_h2,2.0482163584882831e-13
missing_time_varying_transmission,17,gic_evid,equal_prior_posterior_approximation,seir,4.4164037423571996e-07
missing_time_varying_transmission,17,gic_evid,equal_prior_posterior_approximation,sir,1.949571302621738e-26
missing_time_varying_transmission,17,gic_evid,equal_prior_posterior_approximation,tv_sir,0.9021552229164668
missing_time_varying_transmission,17,gic_evid,equal_prior_posterior_approximation,ude_sir_h2,0.09784433544295411
missing_time_varying_transmission,18,gic_pred,predictive_support,neural_ode_h2,0.01947891739888312
missing_time_varying_transmission,18,gic_pred,predictive_support,seir,1.3629864834777245e-10
missing_time_varying_transmission,18,gic_pred,predictive_support,sir,6.572630810569026e-29
missing_time_varying_transmission,18,gic_pred,predictive_support,tv_sir,0.3863119098995381
missing_time_varying_transmission,18,gic_pred,predictive_support,ude_sir_h2,0.5942091725652802
missing_time_varying_transmission,18,gic_evid,equal_prior_posterior_approximation,neural_ode_h2,5.881611180156272e-13
missing_time_varying_transmission,18,gic_evid,equal_prior_posterior_approximation,seir,2.3941646366756313e-09
missing_time_varying_transmission,18,gic_evid,equal_prior_posterior_approximation,sir,9.683343634994287e-28
missing_time_varying_transmission,18,gic_evid,equal_prior_posterior_approximation,tv_sir,0.617851179680899
missing_time_varying_transmission,18,gic_evid,equal_prior_posterior_approximation,ude_sir_h2,0.38214881792434835
missing_time_varying_transmission,19,gic_pred,predictive_support,neural_ode_h2,0.01181377606163082
missing_time_varying_transmission,19,gic_pred,predictive_support,seir,2.4983714307847975e-11
missing_time_varying_transmission,19,gic_pred,predictive_support,sir,5.93247132435979e-30
missing_time_varying_transmission,19,gic_pred,predictive_support,tv_sir,0.5458085220963785
missing_time_varying_transmission,19,gic_pred,predictive_support,ude_sir_h2,0.44237770181700703
missing_time_varying_transmission,19,gic_evid,equal_prior_posterior_approximation,neural_ode_h2,9.054366757396001e-13
missing_time_varying_transmission,19,gic_evid,equal_prior_posterior_approximation,seir,3.833112738880322e-10
missing_time_varying_transmission,19,gic_evid,equal_prior_posterior_approximation,sir,7.603462887325339e-29
missing_time_varying_transmission,19,gic_evid,equal_prior_posterior_approximation,tv_sir,0.7763051066168797
missing_time_varying_transmission,19,gic_evid,equal_prior_posterior_approximation,ude_sir_h2,0.2236948929989034
missing_time_varying_transmission,20,gic_pred,predictive_support,neural_ode_h2,0.005984938766049988
missing_time_varying_transmission,20,gic_pred,predictive_support,seir,2.3040025926100963e-08
missing_time_varying_transmission,20,gic_pred,predictive_support,sir,4.110199331163108e-28
missing_time_varying_transmission,20,gic_pred,predictive_support,tv_sir,0.8180575391310779
missing_time_varying_transmission,20,gic_pred,predictive_support,ude_sir_h2,0.1759574990628462
missing_time_varying_transmission,20,gic_evid,equal_prior_posterior_approximation,neural_ode_h2,1.0387923952205945e-13
missing_time_varying_transmission,20,gic_evid,equal_prior_posterior_approximation,seir,2.857511533701438e-07
missing_time_varying_transmission,20,gic_evid,equal_prior_posterior_approximation,sir,4.239759537837808e-27
missing_time_varying_transmission,20,gic_evid,equal_prior_posterior_approximation,tv_sir,0.921943770334367
missing_time_varying_transmission,20,gic_evid,equal_prior_posterior_approximation,ude_sir_h2,0.07805594391437562
missing_time_varying_transmission,21,gic_pred,predictive_support,neural_ode_h2,0.013140960495445398
missing_time_varying_transmission,21,gic_pred,predictive_support,seir,0.0011432097896131904
missing_time_varying_transmission,21,gic_pred,predictive_support,sir,1.2456114839513081e-18
missing_time_varying_transmission,21,gic_pred,predictive_support,tv_sir,0.7904450760852909
missing_time_varying_transmission,21,gic_pred,predictive_support,ude_sir_h2,0.19527075362965046
missing_time_varying_transmission,21,gic_evid,equal_prior_posterior_approximation,neural_ode_h2,1.3474000816760965e-12
missing_time_varying_transmission,21,gic_evid,equal_prior_posterior_approximation,seir,0.01446778837332493
missing_time_varying_transmission,21,gic_evid,equal_prior_posterior_approximation,sir,1.3179525609640108e-17
missing_time_varying_transmission,21,gic_evid,equal_prior_posterior_approximation,tv_sir,0.8497303420941589
missing_time_varying_transmission,21,gic_evid,equal_prior_posterior_approximation,ude_sir_h2,0.13580186953116893
missing_time_varying_transmission,22,gic_pred,predictive_support,neural_ode_h2,0.007139579541514801
missing_time_varying_transmission,22,gic_pred,predictive_support,seir,2.7877910195724227e-06
missing_time_varying_transmission,22,gic_pred,predictive_support,sir,7.011279966212858e-22
missing_time_varying_transmission,22,gic_pred,predictive_support,tv_sir,0.6209076108174183
missing_time_varying_transmission,22,gic_pred,predictive_support,ude_sir_h2,0.37195002185004733
missing_time_varying_transmission,22,gic_evid,equal_prior_posterior_approximation,neural_ode_h2,7.729416928020191e-13
missing_time_varying_transmission,22,gic_evid,equal_prior_posterior_approximation,seir,3.6177656289203696e-05
missing_time_varying_transmission,22,gic_evid,equal_prior_posterior_approximation,sir,7.568122357901226e-21
missing_time_varying_transmission,22,gic_evid,equal_prior_posterior_approximation,tv_sir,0.7764357696133793
missing_time_varying_transmission,22,gic_evid,equal_prior_posterior_approximation,ude_sir_h2,0.2235280527295586
missing_time_varying_transmission,23,gic_pred,predictive_support,neural_ode_h2,0.011832769469429788
missing_time_varying_transmission,23,gic_pred,predictive_support,seir,5.025333867319392e-12
missing_time_varying_transmission,23,gic_pred,predictive_support,sir,3.86993413188513e-33
missing_time_varying_transmission,23,gic_pred,predictive_support,tv_sir,0.6659322626464594
missing_time_varying_transmission,23,gic_pred,predictive_support,ude_sir_h2,0.32223496787908545
missing_time_varying_transmission,23,gic_evid,equal_prior_posterior_approximation,neural_ode_h2,1.1085966801946527e-12
missing_time_varying_transmission,23,gic_evid,equal_prior_posterior_approximation,seir,8.223355769571248e-11
missing_time_varying_transmission,23,gic_evid,equal_prior_posterior_approximation,sir,5.346333406762782e-32
missing_time_varying_transmission,23,gic_evid,equal_prior_posterior_approximation,tv_sir,0.8941000409167831
missing_time_varying_transmission,23,gic_evid,equal_prior_posterior_approximation,ude_sir_h2,0.10589995899987488
missing_time_varying_transmission,24,gic_pred,predictive_support,neural_ode_h2,0.02350508286861714
missing_time_varying_transmission,24,gic_pred,predictive_support,seir,3.2404500691706515e-12
missing_time_varying_transmission,24,gic_pred,predictive_support,sir,4.714399029550655e-33
missing_time_varying_transmission,24,gic_pred,predictive_support,tv_sir,0.2883708303139676
missing_time_varying_transmission,24,gic_pred,predictive_support,ude_sir_h2,0.6881240868141749
missing_time_varying_transmission,24,gic_evid,equal_prior_posterior_approximation,neural_ode_h2,1.5363119879885495e-11
missing_time_varying_transmission,24,gic_evid,equal_prior_posterior_approximation,seir,1.0900275927758693e-10
missing_time_varying_transmission,24,gic_evid,equal_prior_posterior_approximation,sir,1.3202069424712568e-31
missing_time_varying_transmission,24,gic_evid,equal_prior_posterior_approximation,tv_sir,0.65445878068083
missing_time_varying_transmission,24,gic_evid,equal_prior_posterior_approximation,ude_sir_h2,0.3455412191948041
missing_time_varying_transmission,25,gic_pred,predictive_support,neural_ode_h2,0.012022845646843543
missing_time_varying_transmission,25,gic_pred,predictive_support,seir,3.1729502894852916e-09
missing_time_varying_transmission,25,gic_pred,predictive_support,sir,2.989758712950735e-28
missing_time_varying_transmission,25,gic_pred,predictive_support,tv_sir,0.6473852477970984
missing_time_varying_transmission,25,gic_pred,predictive_support,ude_sir_h2,0.3405919033831077
missing_time_varying_transmission,25,gic_evid,equal_prior_posterior_approximation,neural_ode_h2,1.7751642818447256e-13
missing_time_varying_transmission,25,gic_evid,equal_prior_posterior_approximation,seir,4.274706541626857e-08
missing_time_varying_transmission,25,gic_evid,equal_prior_posterior_approximation,sir,3.3537031480971144e-27
missing_time_varying_transmission,25,gic_evid,equal_prior_posterior_approximation,tv_sir,0.8174282720081698
missing_time_varying_transmission,25,gic_evid,equal_prior_posterior_approximation,ude_sir_h2,0.18257168524458722
missing_time_varying_transmission,26,gic_pred,predictive_support,neural_ode_h2,0.008245094616990653
missing_time_varying_transmission,26,gic_pred,predictive_support,seir,1.980762526058778e-10
missing_time_varying_transmission,26,gic_pred,predictive_support,sir,2.9994898173347684e-27
missing_time_varying_transmission,26,gic_pred,predictive_support,tv_sir,0.6699244663505272
missing_time_varying_transmission,26,gic_pred,predictive_support,ude_sir_h2,0.3218304388344059
missing_time_varying_transmission,26,gic_evid,equal_prior_posterior_approximation,neural_ode_h2,1.4692364831341352e-13
missing_time_varying_transmission,26,gic_evid,equal_prior_posterior_approximation,seir,3.1625503262982803e-09
missing_time_varying_transmission,26,gic_evid,equal_prior_posterior_approximation,sir,4.0584368243709903e-26
missing_time_varying_transmission,26,gic_evid,equal_prior_posterior_approximation,tv_sir,0.8362920233847565
missing_time_varying_transmission,26,gic_evid,equal_prior_posterior_approximation,ude_sir_h2,0.16370797345254612
missing_time_varying_transmission,27,gic_pred,predictive_support,neural_ode_h2,0.005477028333521403
missing_time_varying_transmission,27,gic_pred,predictive_support,seir,5.255915994952136e-12
missing_time_varying_transmission,27,gic_pred,predictive_support,sir,4.8962693120561686e-32
missing_time_varying_transmission,27,gic_pred,predictive_support,tv_sir,0.7080966890604389
missing_time_varying_transmission,27,gic_pred,predictive_support,ude_sir_h2,0.28642628260078384
missing_time_varying_transmission,27,gic_evid,equal_prior_posterior_approximation,neural_ode_h2,1.5277780487309385e-13
missing_time_varying_transmission,27,gic_evid,equal_prior_posterior_approximation,seir,6.839027102920263e-11
missing_time_varying_transmission,27,gic_evid,equal_prior_posterior_approximation,sir,5.394119180402286e-31
missing_time_varying_transmission,27,gic_evid,equal_prior_posterior_approximation,tv_sir,0.8814466600253477
missing_time_varying_transmission,27,gic_evid,equal_prior_posterior_approximation,ude_sir_h2,0.11855333990610917
missing_time_varying_transmission,28,gic_pred,predictive_support,neural_ode_h2,0.007601211950884229
missing_time_varying_transmission,28,gic_pred,predictive_support,seir,1.9852144577844028e-14
missing_time_varying_transmission,28,gic_pred,predictive_support,sir,6.30455615745951e-36
missing_time_varying_transmission,28,gic_pred,predictive_support,tv_sir,0.5618984259415275
missing_time_varying_transmission,28,gic_pred,predictive_support,ude_sir_h2,0.4305003621075683
missing_time_varying_transmission,28,gic_evid,equal_prior_posterior_approximation,neural_ode_h2,6.800291898809658e-14
missing_time_varying_transmission,28,gic_evid,equal_prior_posterior_approximation,seir,3.5782140830566826e-13
missing_time_varying_transmission,28,gic_evid,equal_prior_posterior_approximation,sir,9.448883985549239e-35
missing_time_varying_transmission,28,gic_evid,equal_prior_posterior_approximation,tv_sir,0.7995560633186269
missing_time_varying_transmission,28,gic_evid,equal_prior_posterior_approximation,ude_sir_h2,0.20044393668094715
missing_time_varying_transmission,29,gic_pred,predictive_support,neural_ode_h2,0.23305169251900368
missing_time_varying_transmission,29,gic_pred,predictive_support,seir,6.508138051398159e-18
missing_time_varying_transmission,29,gic_pred,predictive_support,sir,1.5516200701278346e-43
missing_time_varying_transmission,29,gic_pred,predictive_support,tv_sir,0.45361982219205665
missing_time_varying_transmission,29,gic_pred,predictive_support,ude_sir_h2,0.3133284852889398
missing_time_varying_transmission,29,gic_evid,equal_prior_posterior_approximation,neural_ode_h2,7.932556578938022e-13
missing_time_varying_transmission,29,gic_evid,equal_prior_posterior_approximation,seir,1.4397918987754842e-16
missing_time_varying_transmission,29,gic_evid,equal_prior_posterior_approximation,sir,2.852910865333392e-42
missing_time_varying_transmission,29,gic_evid,equal_prior_posterior_approximation,tv_sir,0.856631934229033
missing_time_varying_transmission,29,gic_evid,equal_prior_posterior_approximation,ude_sir_h2,0.14336806577017364
missing_time_varying_transmission,30,gic_pred,predictive_support,neural_ode_h2,0.11628881261871696
missing_time_varying_transmission,30,gic_pred,predictive_support,seir,1.864285927265378e-12
missing_time_varying_transmission,30,gic_pred,predictive_support,sir,6.026354447825943e-34
missing_time_varying_transmission,30,gic_pred,predictive_support,tv_sir,0.4464198050080437
missing_time_varying_transmission,30,gic_pred,predictive_support,ude_sir_h2,0.43729138237137494
missing_time_varying_transmission,30,gic_evid,equal_prior_posterior_approximation,neural_ode_h2,1.1223548819843122e-11
missing_time_varying_transmission,30,gic_evid,equal_prior_posterior_approximation,seir,3.837839183323845e-11
missing_time_varying_transmission,30,gic_evid,equal_prior_posterior_approximation,sir,1.0382018625270458e-32
missing_time_varying_transmission,30,gic_evid,equal_prior_posterior_approximation,tv_sir,0.783364368374513
missing_time_varying_transmission,30,gic_evid,equal_prior_posterior_approximation,ude_sir_h2,0.21663563157588503
missing_time_varying_transmission,31,gic_pred,predictive_support,neural_ode_h2,0.030793190356858353
missing_time_varying_transmission,31,gic_pred,predictive_support,seir,2.756280172856719e-09
missing_time_varying_transmission,31,gic_pred,predictive_support,sir,1.699447882450428e-30
missing_time_varying_transmission,31,gic_pred,predictive_support,tv_sir,0.8365030472787011
missing_time_varying_transmission,31,gic_pred,predictive_support,ude_sir_h2,0.13270375960816044
missing_time_varying_transmission,31,gic_evid,equal_prior_posterior_approximation,neural_ode_h2,6.538007984366592e-14
missing_time_varying_transmission,31,gic_evid,equal_prior_posterior_approximation,seir,3.195488623213744e-08
missing_time_varying_transmission,31,gic_evid,equal_prior_posterior_approximation,sir,1.6630702537333767e-29
missing_time_varying_transmission,31,gic_evid,equal_prior_posterior_approximation,tv_sir,0.9411385461580192
missing_time_varying_transmission,31,gic_evid,equal_prior_posterior_approximation,ude_sir_h2,0.0588614218870292
missing_time_varying_transmission,32,gic_pred,predictive_support,neural_ode_h2,0.0811096015967248
missing_time_varying_transmission,32,gic_pred,predictive_support,seir,1.74885886262687e-08
missing_time_varying_transmission,32,gic_pred,predictive_support,sir,4.0457559407616454e-23
missing_time_varying_transmission,32,gic_pred,predictive_support,tv_sir,0.30265668607550716
missing_time_varying_transmission,32,gic_pred,predictive_support,ude_sir_h2,0.6162336948391794
missing_time_varying_transmission,32,gic_evid,equal_prior_posterior_approximation,neural_ode_h2,4.951416740649355e-11
missing_time_varying_transmission,32,gic_evid,equal_prior_posterior_approximation,seir,3.373328452393697e-07
missing_time_varying_transmission,32,gic_evid,equal_prior_posterior_approximation,sir,6.492538824591168e-22
missing_time_varying_transmission,32,gic_evid,equal_prior_posterior_approximation,tv_sir,0.529290141162627
missing_time_varying_transmission,32,gic_evid,equal_prior_posterior_approximation,ude_sir_h2,0.4707095214550137
missing_time_varying_transmission,33,gic_pred,predictive_support,neural_ode_h2,0.0027225985547786762
missing_time_varying_transmission,33,gic_pred,predictive_support,seir,2.4741315887596704e-08
missing_time_varying_transmission,33,gic_pred,predictive_support,sir,2.433557235726425e-26
missing_time_varying_transmission,33,gic_pred,predictive_support,tv_sir,0.6135980707570315
missing_time_varying_transmission,33,gic_pred,predictive_support,ude_sir_h2,0.383679305946874
missing_time_varying_transmission,33,gic_evid,equal_prior_posterior_approximation,neural_ode_h2,1.795320125184964e-13
missing_time_varying_transmission,33,gic_evid,equal_prior_posterior_approximation,seir,3.525153497065844e-07
missing_time_varying_transmission,33,gic_evid,equal_prior_posterior_approximation,sir,2.9037588730158057e-25
missing_time_varying_transmission,33,gic_evid,equal_prior_posterior_approximation,tv_sir,0.8361561025396997
missing_time_varying_transmission,33,gic_evid,equal_prior_posterior_approximation,ude_sir_h2,0.16384354494477105
missing_time_varying_transmission,34,gic_pred,predictive_support,neural_ode_h2,0.005440467834251186
missing_time_varying_transmission,34,gic_pred,predictive_support,seir,7.862755923971834e-13
missing_time_varying_transmission,34,gic_pred,predictive_support,sir,2.4272095434222122e-33
missing_time_varying_transmission,34,gic_pred,predictive_support,tv_sir,0.47774877765316826
missing_time_varying_transmission,34,gic_pred,predictive_support,ude_sir_h2,0.5168107545117943
missing_time_varying_transmission,34,gic_evid,equal_prior_posterior_approximation,neural_ode_h2,2.3053852885432747e-15
missing_time_varying_transmission,34,gic_evid,equal_prior_posterior_approximation,seir,2.5353245347580606e-11
missing_time_varying_transmission,34,gic_evid,equal_prior_posterior_approximation,sir,6.742231943692016e-32
missing_time_varying_transmission,34,gic_evid,equal_prior_posterior_approximation,tv_sir,0.7486537600488021
missing_time_varying_transmission,34,gic_evid,equal_prior_posterior_approximation,ude_sir_h2,0.25134623992584215
missing_time_varying_transmission,35,gic_pred,predictive_support,neural_ode_h2,0.04438945204645067
missing_time_varying_transmission,35,gic_pred,predictive_support,seir,1.1729272447495615e-13
missing_time_varying_transmission,35,gic_pred,predictive_support,sir,3.5851103613355564e-34
missing_time_varying_transmission,35,gic_pred,predictive_support,tv_sir,0.5264395421337035
missing_time_varying_transmission,35,gic_pred,predictive_support,ude_sir_h2,0.42917100581972856
missing_time_varying_transmission,35,gic_evid,equal_prior_posterior_approximation,neural_ode_h2,5.2311917558936924e-12
missing_time_varying_transmission,35,gic_evid,equal_prior_posterior_approximation,seir,1.940291329566541e-12
missing_time_varying_transmission,35,gic_evid,equal_prior_posterior_approximation,sir,5.0211298326582815e-33
missing_time_varying_transmission,35,gic_evid,equal_prior_posterior_approximation,tv_sir,0.8050970044998059
missing_time_varying_transmission,35,gic_evid,equal_prior_posterior_approximation,ude_sir_h2,0.1949029954930227
missing_time_varying_transmission,36,gic_pred,predictive_support,neural_ode_h2,0.03365228146998525
missing_time_varying_transmission,36,gic_pred,predictive_support,seir,9.433537968799236e-10
missing_time_varying_transmission,36,gic_pred,predictive_support,sir,8.920920848308499e-29
missing_time_varying_transmission,36,gic_pred,predictive_support,tv_sir,0.32787441506294995
missing_time_varying_transmission,36,gic_pred,predictive_support,ude_sir_h2,0.6384733025237109
missing_time_varying_transmission,36,gic_evid,equal_prior_posterior_approximation,neural_ode_h2,1.781722101336879e-11
missing_time_varying_transmission,36,gic_evid,equal_prior_posterior_approximation,seir,2.4231465423994087e-08
missing_time_varying_transmission,36,gic_evid,equal_prior_posterior_approximation,sir,1.929296109860693e-27
missing_time_varying_transmission,36,gic_evid,equal_prior_posterior_approximation,tv_sir,0.6091074421040928
missing_time_varying_transmission,36,gic_evid,equal_prior_posterior_approximation,ude_sir_h2,0.3908925336466245
missing_time_varying_transmission,37,gic_pred,predictive_support,neural_ode_h2,0.05309317142470607
missing_time_varying_transmission,37,gic_pred,predictive_support,seir,5.538538427064435e-10
missing_time_varying_transmission,37,gic_pred,predictive_support,sir,7.305314563319647e-26
missing_time_varying_transmission,37,gic_pred,predictive_support,tv_sir,0.31264586843900327
missing_time_varying_transmission,37,gic_pred,predictive_support,ude_sir_h2,0.6342609595824369
missing_time_varying_transmission,37,gic_evid,equal_prior_posterior_approximation,neural_ode_h2,2.771168556832819e-12
missing_time_varying_transmission,37,gic_evid,equal_prior_posterior_approximation,seir,1.322188437758981e-08
missing_time_varying_transmission,37,gic_evid,equal_prior_posterior_approximation,sir,1.4491030091617464e-24
missing_time_varying_transmission,37,gic_evid,equal_prior_posterior_approximation,tv_sir,0.44742157632923046
missing_time_varying_transmission,37,gic_evid,equal_prior_posterior_approximation,ude_sir_h2,0.552578410446114
missing_time_varying_transmission,38,gic_pred,predictive_support,neural_ode_h2,0.006246550111062209
missing_time_varying_transmission,38,gic_pred,predictive_support,seir,2.558383025673947e-11
missing_time_varying_transmission,38,gic_pred,predictive_support,sir,7.666885091933956e-32
missing_time_varying_transmission,38,gic_pred,predictive_support,tv_sir,0.7004774109437593
missing_time_varying_transmission,38,gic_pred,predictive_support,ude_sir_h2,0.2932760389195947
missing_time_varying_transmission,38,gic_evid,equal_prior_posterior_approximation,neural_ode_h2,6.886569310337928e-14
missing_time_varying_transmission,38,gic_evid,equal_prior_posterior_approximation,seir,3.3516441857052044e-10
missing_time_varying_transmission,38,gic_evid,equal_prior_posterior_approximation,sir,8.475222752328783e-31
missing_time_varying_transmission,38,gic_evid,equal_prior_posterior_approximation,tv_sir,0.8707967444857947
missing_time_varying_transmission,38,gic_evid,equal_prior_posterior_approximation,ude_sir_h2,0.1292032551789719
missing_time_varying_transmission,39,gic_pred,predictive_support,neural_ode_h2,0.08012654915763706
missing_time_varying_transmission,39,gic_pred,predictive_support,seir,1.0748406076186423e-11
missing_time_varying_transmission,39,gic_pred,predictive_support,sir,1.887270022229549e-30
missing_time_varying_transmission,39,gic_pred,predictive_support,tv_sir,0.4688849409409734
missing_time_varying_transmission,39,gic_pred,predictive_support,ude_sir_h2,0.45098850989064126
missing_time_varying_transmission,39,gic_evid,equal_prior_posterior_approximation,neural_ode_h2,3.201584385650288e-11
missing_time_varying_transmission,39,gic_evid,equal_prior_posterior_approximation,seir,2.3355773646682755e-10
missing_time_varying_transmission,39,gic_evid,equal_prior_posterior_approximation,sir,3.456552721178485e-29
missing_time_varying_transmission,39,gic_evid,equal_prior_posterior_approximation,tv_sir,0.8019835047837837
missing_time_varying_transmission,39,gic_evid,equal_prior_posterior_approximation,ude_sir_h2,0.19801649495064266
missing_time_varying_transmission,40,gic_pred,predictive_support,neural_ode_h2,0.0025052470562687682
missing_time_varying_transmission,40,gic_pred,predictive_support,seir,1.090555075157661e-08
missing_time_varying_transmission,40,gic_pred,predictive_support,sir,6.6121663620424265e-28
missing_time_varying_transmission,40,gic_pred,predictive_support,tv_sir,0.8367186069136666
missing_time_varying_transmission,40,gic_pred,predictive_support,ude_sir_h2,0.16077613512451377
missing_time_varying_transmission,40,gic_evid,equal_prior_posterior_approximation,neural_ode_h2,3.306791897085145e-14
missing_time_varying_transmission,40,gic_evid,equal_prior_posterior_approximation,seir,1.360750650491262e-07
missing_time_varying_transmission,40,gic_evid,equal_prior_posterior_approximation,sir,6.99876655342898e-27
missing_time_varying_transmission,40,gic_evid,equal_prior_posterior_approximation,tv_sir,0.9451775905827228
missing_time_varying_transmission,40,gic_evid,equal_prior_posterior_approximation,ude_sir_h2,0.05482227334217916
missing_time_varying_transmission,41,gic_pred,predictive_support,neural_ode_h2,0.005407304599916705
missing_time_varying_transmission,41,gic_pred,predictive_support,seir,1.8877281189575473e-13
missing_time_varying_transmission,41,gic_pred,predictive_support,sir,6.498601086191757e-37
missing_time_varying_transmission,41,gic_pred,predictive_support,tv_sir,0.8197346287215147
missing_time_varying_transmission,41,gic_pred,predictive_support,ude_sir_h2,0.17485806667837978
missing_time_varying_transmission,41,gic_evid,equal_prior_posterior_approximation,neural_ode_h2,1.2874051367670823e-13
missing_time_varying_transmission,41,gic_evid,equal_prior_posterior_approximation,seir,3.105826646692396e-12
missing_time_varying_transmission,41,gic_evid,equal_prior_posterior_approximation,sir,8.92843463635293e-36
missing_time_varying_transmission,41,gic_evid,equal_prior_posterior_approximation,tv_sir,0.9514413472096528
missing_time_varying_transmission,41,gic_evid,equal_prior_posterior_approximation,ude_sir_h2,0.04855865278711255
missing_time_varying_transmission,42,gic_pred,predictive_support,neural_ode_h2,0.11625141194251606
missing_time_varying_transmission,42,gic_pred,predictive_support,seir,3.772459217070491e-12
missing_time_varying_transmission,42,gic_pred,predictive_support,sir,1.529451544561866e-35
missing_time_varying_transmission,42,gic_pred,predictive_support,tv_sir,0.8030624704706482
missing_time_varying_transmission,42,gic_pred,predictive_support,ude_sir_h2,0.0806861175830633
missing_time_varying_transmission,42,gic_evid,equal_prior_posterior_approximation,neural_ode_h2,1.6764228061855384e-11
missing_time_varying_transmission,42,gic_evid,equal_prior_posterior_approximation,seir,1.1321336640745548e-10
missing_time_varying_transmission,42,gic_evid,equal_prior_posterior_approximation,sir,3.865737977718829e-34
missing_time_varying_transmission,42,gic_evid,equal_prior_posterior_approximation,tv_sir,0.9651951589898599
missing_time_varying_transmission,42,gic_evid,equal_prior_posterior_approximation,ude_sir_h2,0.03480484088016262
missing_time_varying_transmission,43,gic_pred,predictive_support,neural_ode_h2,0.005057440172664624
missing_time_varying_transmission,43,gic_pred,predictive_support,seir,5.2124842902123376e-08
missing_time_varying_transmission,43,gic_pred,predictive_support,sir,5.657843213759573e-25
missing_time_varying_transmission,43,gic_pred,predictive_support,tv_sir,0.6279223597494659
missing_time_varying_transmission,43,gic_pred,predictive_support,ude_sir_h2,0.3670201479530267
missing_time_varying_transmission,43,gic_evid,equal_prior_posterior_approximation,neural_ode_h2,4.883083221710778e-13
missing_time_varying_transmission,43,gic_evid,equal_prior_posterior_approximation,seir,7.109317862175029e-07
missing_time_varying_transmission,43,gic_evid,equal_prior_posterior_approximation,sir,6.4564301984844605e-24
missing_time_varying_transmission,43,gic_evid,equal_prior_posterior_approximation,tv_sir,0.8303971451114996
missing_time_varying_transmission,43,gic_evid,equal_prior_posterior_approximation,ude_sir_h2,0.16960214395622583
missing_time_varying_transmission,44,gic_pred,predictive_support,neural_ode_h2,0.006713184800422911
missing_time_varying_transmission,44,gic_pred,predictive_support,seir,3.582552681762781e-09
missing_time_varying_transmission,44,gic_pred,predictive_support,sir,1.311451360642615e-27
missing_time_varying_transmission,44,gic_pred,predictive_support,tv_sir,0.7209827462975739
missing_time_varying_transmission,44,gic_pred,predictive_support,ude_sir_h2,0.27230406531945056
missing_time_varying_transmission,44,gic_evid,equal_prior_posterior_approximation,neural_ode_h2,3.3616364570442214e-13
missing_time_varying_transmission,44,gic_evid,equal_prior_posterior_approximation,seir,4.5205430043147407e-08
missing_time_varying_transmission,44,gic_evid,equal_prior_posterior_approximation,sir,1.3727775496410587e-26
missing_time_varying_transmission,44,gic_evid,equal_prior_posterior_approximation,tv_sir,0.8669090351484787
missing_time_varying_transmission,44,gic_evid,equal_prior_posterior_approximation,ude_sir_h2,0.13309091964575528
missing_time_varying_transmission,45,gic_pred,predictive_support,neural_ode_h2,0.026008365416771574
missing_time_varying_transmission,45,gic_pred,predictive_support,seir,8.880236528962413e-12
missing_time_varying_transmission,45,gic_pred,predictive_support,sir,5.749407018492324e-31
missing_time_varying_transmission,45,gic_pred,predictive_support,tv_sir,0.3016462454874801
missing_time_varying_transmission,45,gic_pred,predictive_support,ude_sir_h2,0.672345389086868
missing_time_varying_transmission,45,gic_evid,equal_prior_posterior_approximation,neural_ode_h2,7.020358363855259e-12
missing_time_varying_transmission,45,gic_evid,equal_prior_posterior_approximation,seir,1.9917075089043382e-10
missing_time_varying_transmission,45,gic_evid,equal_prior_posterior_approximation,sir,1.0692983536266098e-29
missing_time_varying_transmission,45,gic_evid,equal_prior_posterior_approximation,tv_sir,0.6291543835780121
missing_time_varying_transmission,45,gic_evid,equal_prior_posterior_approximation,ude_sir_h2,0.37084561621579665
missing_time_varying_transmission,46,gic_pred,predictive_support,neural_ode_h2,0.02389999388958662
missing_time_varying_transmission,46,gic_pred,predictive_support,seir,1.0658530034133137e-07
missing_time_varying_transmission,46,gic_pred,predictive_support,sir,6.654803698156858e-26
missing_time_varying_transmission,46,gic_pred,predictive_support,tv_sir,0.5386339895247308
missing_time_varying_transmission,46,gic_pred,predictive_support,ude_sir_h2,0.43746591000038226
missing_time_varying_transmission,46,gic_evid,equal_prior_posterior_approximation,neural_ode_h2,8.7723047110674e-12
missing_time_varying_transmission,46,gic_evid,equal_prior_posterior_approximation,seir,2.096133182268677e-06
missing_time_varying_transmission,46,gic_evid,equal_prior_posterior_approximation,sir,1.1080184364492934e-24
missing_time_varying_transmission,46,gic_evid,equal_prior_posterior_approximation,tv_sir,0.7890921786763682
missing_time_varying_transmission,46,gic_evid,equal_prior_posterior_approximation,ude_sir_h2,0.2109057251816772
missing_time_varying_transmission,47,gic_pred,predictive_support,neural_ode_h2,0.004036489480863718
missing_time_varying_transmission,47,gic_pred,predictive_support,seir,9.041451098324684e-12
missing_time_varying_transmission,47,gic_pred,predictive_support,sir,7.499185051658828e-32
missing_time_varying_transmission,47,gic_pred,predictive_support,tv_sir,0.7093975762695568
missing_time_varying_transmission,47,gic_pred,predictive_support,ude_sir_h2,0.28656593424053806
missing_time_varying_transmission,47,gic_evid,equal_prior_posterior_approximation,neural_ode_h2,9.542989988342497e-14
missing_time_varying_transmission,47,gic_evid,equal_prior_posterior_approximation,seir,1.2481946403909198e-10
missing_time_varying_transmission,47,gic_evid,equal_prior_posterior_approximation,sir,8.613840315542822e-31
missing_time_varying_transmission,47,gic_evid,equal_prior_posterior_approximation,tv_sir,0.8777052936756596
missing_time_varying_transmission,47,gic_evid,equal_prior_posterior_approximation,ude_sir_h2,0.12229470619942537
missing_time_varying_transmission,48,gic_pred,predictive_support,neural_ode_h2,0.014219650535163924
missing_time_varying_transmission,48,gic_pred,predictive_support,seir,1.0909253615431631e-11
missing_time_varying_transmission,48,gic_pred,predictive_support,sir,3.224212937562088e-33
missing_time_varying_transmission,48,gic_pred,predictive_support,tv_sir,0.742882240233669
missing_time_varying_transmission,48,gic_pred,predictive_support,ude_sir_h2,0.24289810922025795
missing_time_varying_transmission,48,gic_evid,equal_prior_posterior_approximation,neural_ode_h2,1.5757782354333325e-13
missing_time_varying_transmission,48,gic_evid,equal_prior_posterior_approximation,seir,1.405034709151616e-10
missing_time_varying_transmission,48,gic_evid,equal_prior_posterior_approximation,sir,3.480307095343642e-32
missing_time_varying_transmission,48,gic_evid,equal_prior_posterior_approximation,tv_sir,0.9029039354952919
missing_time_varying_transmission,48,gic_evid,equal_prior_posterior_approximation,ude_sir_h2,0.09709606436404696
missing_time_varying_transmission,49,gic_pred,predictive_support,neural_ode_h2,0.010669559334161043
missing_time_varying_transmission,49,gic_pred,predictive_support,seir,2.1085969552111485e-08
missing_time_varying_transmission,49,gic_pred,predictive_support,sir,8.972372039992186e-28
missing_time_varying_transmission,49,gic_pred,predictive_support,tv_sir,0.7310707400789349
missing_time_varying_transmission,49,gic_pred,predictive_support,ude_sir_h2,0.2582596795009346
missing_time_varying_transmission,49,gic_evid,equal_prior_posterior_approximation,neural_ode_h2,5.002408060670555e-13
missing_time_varying_transmission,49,gic_evid,equal_prior_posterior_approximation,seir,2.8963652610731896e-07
missing_time_varying_transmission,49,gic_evid,equal_prior_posterior_approximation,sir,1.0440535696371752e-26
missing_time_varying_transmission,49,gic_evid,equal_prior_posterior_approximation,tv_sir,0.8865780612800713
missing_time_varying_transmission,49,gic_evid,equal_prior_posterior_approximation,ude_sir_h2,0.11342164908290234
missing_time_varying_transmission,50,gic_pred,predictive_support,neural_ode_h2,0.013435466105872262
missing_time_varying_transmission,50,gic_pred,predictive_support,seir,4.707728887357846e-06
missing_time_varying_transmission,50,gic_pred,predictive_support,sir,3.651073128447943e-21
missing_time_varying_transmission,50,gic_pred,predictive_support,tv_sir,0.5453053520403578
missing_time_varying_transmission,50,gic_pred,predictive_support,ude_sir_h2,0.44125447412488256
missing_time_varying_transmission,50,gic_evid,equal_prior_posterior_approximation,neural_ode_h2,9.004110627186412e-13
missing_time_varying_transmission,50,gic_evid,equal_prior_posterior_approximation,seir,6.033544567346985e-05
missing_time_varying_transmission,50,gic_evid,equal_prior_posterior_approximation,sir,3.891379623468106e-20
missing_time_varying_transmission,50,gic_evid,equal_prior_posterior_approximation,tv_sir,0.6845297240980579
missing_time_varying_transmission,50,gic_evid,equal_prior_posterior_approximation,ude_sir_h2,0.31540994045536813
missing_time_varying_transmission,51,gic_pred,predictive_support,neural_ode_h2,0.008321247139371334
missing_time_varying_transmission,51,gic_pred,predictive_support,seir,2.3312418136328105e-08
missing_time_varying_transmission,51,gic_pred,predictive_support,sir,2.958559705327198e-26
missing_time_varying_transmission,51,gic_pred,predictive_support,tv_sir,0.5993921972833834
missing_time_varying_transmission,51,gic_pred,predictive_support,ude_sir_h2,0.3922865322648271
missing_time_varying_transmission,51,gic_evid,equal_prior_posterior_approximation,neural_ode_h2,3.809345421629672e-14
missing_time_varying_transmission,51,gic_evid,equal_prior_posterior_approximation,seir,3.723406693547192e-07
missing_time_varying_transmission,51,gic_evid,equal_prior_posterior_approximation,sir,3.9488064790964303e-25
missing_time_varying_transmission,51,gic_evid,equal_prior_posterior_approximation,tv_sir,0.7724768288579478
missing_time_varying_transmission,51,gic_evid,equal_prior_posterior_approximation,ude_sir_h2,0.2275227988013446
missing_time_varying_transmission,52,gic_pred,predictive_support,neural_ode_h2,0.005530409734683962
missing_time_varying_transmission,52,gic_pred,predictive_support,seir,5.783364250622753e-12
missing_time_varying_transmission,52,gic_pred,predictive_support,sir,5.968189082342866e-34
missing_time_varying_transmission,52,gic_pred,predictive_support,tv_sir,0.8504486053728603
missing_time_varying_transmission,52,gic_pred,predictive_support,ude_sir_h2,0.14402098488667234
missing_time_varying_transmission,52,gic_evid,equal_prior_posterior_approximation,neural_ode_h2,9.371807537468519e-14
missing_time_varying_transmission,52,gic_evid,equal_prior_posterior_approximation,seir,7.469318113067238e-11
missing_time_varying_transmission,52,gic_evid,equal_prior_posterior_approximation,sir,6.4611515693615e-33
missing_time_varying_transmission,52,gic_evid,equal_prior_posterior_approximation,tv_sir,0.9530920945668024
missing_time_varying_transmission,52,gic_evid,equal_prior_posterior_approximation,ude_sir_h2,0.046907905358410634
missing_time_varying_transmission,53,gic_pred,predictive_support,neural_ode_h2,0.012393915926561905
missing_time_varying_transmission,53,gic_pred,predictive_support,seir,5.9448163853200736e-08
missing_time_varying_transmission,53,gic_pred,predictive_support,sir,2.465580906613543e-28
missing_time_varying_transmission,53,gic_pred,predictive_support,tv_sir,0.9018473674544276
missing_time_varying_transmission,53,gic_pred,predictive_support,ude_sir_h2,0.08575865717084656
missing_time_varying_transmission,53,gic_evid,equal_prior_posterior_approximation,neural_ode_h2,1.2157265759230564e-12
missing_time_varying_transmission,53,gic_evid,equal_prior_posterior_approximation,seir,1.3516912930649225e-06
missing_time_varying_transmission,53,gic_evid,equal_prior_posterior_approximation,sir,4.701961771830694e-27
missing_time_varying_transmission,53,gic_evid,equal_prior_posterior_approximation,tv_sir,0.9700590275473292
missing_time_varying_transmission,53,gic_evid,equal_prior_posterior_approximation,ude_sir_h2,0.0299396207601622
missing_time_varying_transmission,54,gic_pred,predictive_support,neural_ode_h2,0.04320899426791066
missing_time_varying_transmission,54,gic_pred,predictive_support,seir,2.0206115191544354e-06
missing_time_varying_transmission,54,gic_pred,predictive_support,sir,4.609607054118906e-20
missing_time_varying_transmission,54,gic_pred,predictive_support,tv_sir,0.30621124741476413
missing_time_varying_transmission,54,gic_pred,predictive_support,ude_sir_h2,0.6505777377058061
missing_time_varying_transmission,54,gic_evid,equal_prior_posterior_approximation,neural_ode_h2,2.881197698403271e-11
missing_time_varying_transmission,54,gic_evid,equal_prior_posterior_approximation,seir,3.402696402691631e-05
missing_time_varying_transmission,54,gic_evid,equal_prior_posterior_approximation,sir,6.51300672428556e-19
missing_time_varying_transmission,54,gic_evid,equal_prior_posterior_approximation,tv_sir,0.5173540029173457
missing_time_varying_transmission,54,gic_evid,equal_prior_posterior_approximation,ude_sir_h2,0.48261197008981555
missing_time_varying_transmission,55,gic_pred,predictive_support,neural_ode_h2,0.005969759785610434
missing_time_varying_transmission,55,gic_pred,predictive_support,seir,1.1216907128493569e-08
missing_time_varying_transmission,55,gic_pred,predictive_support,sir,2.5142706033921948e-28
missing_time_varying_transmission,55,gic_pred,predictive_support,tv_sir,0.8155470472155684
missing_time_varying_transmission,55,gic_pred,predictive_support,ude_sir_h2,0.17848318178191408
missing_time_varying_transmission,55,gic_evid,equal_prior_posterior_approximation,neural_ode_h2,6.682203015004071e-14
missing_time_varying_transmission,55,gic_evid,equal_prior_posterior_approximation,seir,1.3028583733213009e-07
missing_time_varying_transmission,55,gic_evid,equal_prior_posterior_approximation,sir,2.4630617588876356e-27
missing_time_varying_transmission,55,gic_evid,equal_prior_posterior_approximation,tv_sir,0.9218689950544702
missing_time_varying_transmission,55,gic_evid,equal_prior_posterior_approximation,ude_sir_h2,0.0781308746596257
missing_time_varying_transmission,56,gic_pred,predictive_support,neural_ode_h2,0.016728977470511018
missing_time_varying_transmission,56,gic_pred,predictive_support,seir,2.39223404047113e-07
missing_time_varying_transmission,56,gic_pred,predictive_support,sir,1.626175527877637e-26
missing_time_varying_transmission,56,gic_pred,predictive_support,tv_sir,0.8840920155925245
missing_time_varying_transmission,56,gic_pred,predictive_support,ude_sir_h2,0.09917876771356035
missing_time_varying_transmission,56,gic_evid,equal_prior_posterior_approximation,neural_ode_h2,1.679621403348451e-12
missing_time_varying_transmission,56,gic_evid,equal_prior_posterior_approximation,seir,4.291402020350633e-06
missing_time_varying_transmission,56,gic_evid,equal_prior_posterior_approximation,sir,2.4677631148001055e-25
missing_time_varying_transmission,56,gic_evid,equal_prior_posterior_approximation,tv_sir,0.9511192436939168
missing_time_varying_transmission,56,gic_evid,equal_prior_posterior_approximation,ude_sir_h2,0.04887646490238337
missing_time_varying_transmission,57,gic_pred,predictive_support,neural_ode_h2,0.004777193794627181
missing_time_varying_transmission,57,gic_pred,predictive_support,seir,2.7624122438662403e-06
missing_time_varying_transmission,57,gic_pred,predictive_support,sir,5.86978964009194e-22
missing_time_varying_transmission,57,gic_pred,predictive_support,tv_sir,0.6478797015476337
missing_time_varying_transmission,57,gic_pred,predictive_support,ude_sir_h2,0.34734034224549515
missing_time_varying_transmission,57,gic_evid,equal_prior_posterior_approximation,neural_ode_h2,2.1355203554948744e-13
missing_time_varying_transmission,57,gic_evid,equal_prior_posterior_approximation,seir,3.3008238973058654e-05
missing_time_varying_transmission,57,gic_evid,equal_prior_posterior_approximation,sir,5.9075169034828304e-21
missing_time_varying_transmission,57,gic_evid,equal_prior_posterior_approximation,tv_sir,0.7741202360147315
missing_time_varying_transmission,57,gic_evid,equal_prior_posterior_approximation,ude_sir_h2,0.22584675574608196
missing_time_varying_transmission,58,gic_pred,predictive_support,neural_ode_h2,0.0069276279957675045
missing_time_varying_transmission,58,gic_pred,predictive_support,seir,4.0758815732400776e-11
missing_time_varying_transmission,58,gic_pred,predictive_support,sir,8.072566483117884e-31
missing_time_varying_transmission,58,gic_pred,predictive_support,tv_sir,0.6401564506733578
missing_time_varying_transmission,58,gic_pred,predictive_support,ude_sir_h2,0.35291592129011595
missing_time_varying_transmission,58,gic_evid,equal_prior_posterior_approximation,neural_ode_h2,4.360408616505851e-13
missing_time_varying_transmission,58,gic_evid,equal_prior_posterior_approximation,seir,5.736482159240784e-10
missing_time_varying_transmission,58,gic_evid,equal_prior_posterior_approximation,sir,9.56732771105873e-30
missing_time_varying_transmission,58,gic_evid,equal_prior_posterior_approximation,tv_sir,0.8586326268556465
missing_time_varying_transmission,58,gic_evid,equal_prior_posterior_approximation,ude_sir_h2,0.14136737257026927
missing_time_varying_transmission,59,gic_pred,predictive_support,neural_ode_h2,0.06819488298072393
missing_time_varying_transmission,59,gic_pred,predictive_support,seir,5.875243874300624e-16
missing_time_varying_transmission,59,gic_pred,predictive_support,sir,9.72376500322093e-38
missing_time_varying_transmission,59,gic_pred,predictive_support,tv_sir,0.35835723744271214
missing_time_varying_transmission,59,gic_pred,predictive_support,ude_sir_h2,0.5734478795765634
missing_time_varying_transmission,59,gic_evid,equal_prior_posterior_approximation,neural_ode_h2,2.0579928436729952e-11
missing_time_varying_transmission,59,gic_evid,equal_prior_posterior_approximation,seir,1.4117538441903096e-14
missing_time_varying_transmission,59,gic_evid,equal_prior_posterior_approximation,sir,1.9728565149148804e-36
missing_time_varying_transmission,59,gic_evid,equal_prior_posterior_approximation,tv_sir,0.7460059814142173
missing_time_varying_transmission,59,gic_evid,equal_prior_posterior_approximation,ude_sir_h2,0.2539940185651888
missing_time_varying_transmission,60,gic_pred,predictive_support,neural_ode_h2,0.00392695905115575
missing_time_varying_transmission,60,gic_pred,predictive_support,seir,2.7050646316404275e-10
missing_time_varying_transmission,60,gic_pred,predictive_support,sir,2.91208055019831e-30
missing_time_varying_transmission,60,gic_pred,predictive_support,tv_sir,0.6922304042617392
missing_time_varying_transmission,60,gic_pred,predictive_support,ude_sir_h2,0.30384263641659864
missing_time_varying_transmission,60,gic_evid,equal_prior_posterior_approximation,neural_ode_h2,1.6166028162564466e-13
missing_time_varying_transmission,60,gic_evid,equal_prior_posterior_approximation,seir,3.951211612737535e-09
missing_time_varying_transmission,60,gic_evid,equal_prior_posterior_approximation,sir,3.557950190907226e-29
missing_time_varying_transmission,60,gic_evid,equal_prior_posterior_approximation,tv_sir,0.8900399298634124
missing_time_varying_transmission,60,gic_evid,equal_prior_posterior_approximation,ude_sir_h2,0.10996006618521428
missing_time_varying_transmission,61,gic_pred,predictive_support,neural_ode_h2,0.012676208459920964
missing_time_varying_transmission,61,gic_pred,predictive_support,seir,1.1135315409472384e-09
missing_time_varying_transmission,61,gic_pred,predictive_support,sir,5.541522669449631e-27
missing_time_varying_transmission,61,gic_pred,predictive_support,tv_sir,0.45731177899515474
missing_time_varying_transmission,61,gic_pred,predictive_support,ude_sir_h2,0.5300120114313928
missing_time_varying_transmission,61,gic_evid,equal_prior_posterior_approximation,neural_ode_h2,1.5163769779098876e-12
missing_time_varying_transmission,61,gic_evid,equal_prior_posterior_approximation,seir,1.815759152301323e-08
missing_time_varying_transmission,61,gic_evid,equal_prior_posterior_approximation,sir,7.46961653475159e-26
missing_time_varying_transmission,61,gic_evid,equal_prior_posterior_approximation,tv_sir,0.6719544121076426
missing_time_varying_transmission,61,gic_evid,equal_prior_posterior_approximation,ude_sir_h2,0.3280455697332496
missing_time_varying_transmission,62,gic_pred,predictive_support,neural_ode_h2,0.011441130382181178
missing_time_varying_transmission,62,gic_pred,predictive_support,seir,4.344976866355215e-12
missing_time_varying_transmission,62,gic_pred,predictive_support,sir,2.094267996000806e-34
missing_time_varying_transmission,62,gic_pred,predictive_support,tv_sir,0.8923198409685663
missing_time_varying_transmission,62,gic_pred,predictive_support,ude_sir_h2,0.09623902864490756
missing_time_varying_transmission,62,gic_evid,equal_prior_posterior_approximation,neural_ode_h2,1.6405595079915488e-12
missing_time_varying_transmission,62,gic_evid,equal_prior_posterior_approximation,seir,1.2423264952828975e-10
missing_time_varying_transmission,62,gic_evid,equal_prior_posterior_approximation,sir,5.1186943879866206e-33
missing_time_varying_transmission,62,gic_evid,equal_prior_posterior_approximation,tv_sir,0.9792079716207127
missing_time_varying_transmission,62,gic_evid,equal_prior_posterior_approximation,ude_sir_h2,0.02079202825341413
missing_time_varying_transmission,63,gic_pred,predictive_support,neural_ode_h2,0.0045708159239468485
missing_time_varying_transmission,63,gic_pred,predictive_support,seir,5.268699172644874e-08
missing_time_varying_transmission,63,gic_pred,predictive_support,sir,1.3588634454485422e-26
missing_time_varying_transmission,63,gic_pred,predictive_support,tv_sir,0.7132520586037596
missing_time_varying_transmission,63,gic_pred,predictive_support,ude_sir_h2,0.2821770727853018
missing_time_varying_transmission,63,gic_evid,equal_prior_posterior_approximation,neural_ode_h2,3.9755240195299986e-13
missing_time_varying_transmission,63,gic_evid,equal_prior_posterior_approximation,seir,8.341587586340263e-07
missing_time_varying_transmission,63,gic_evid,equal_prior_posterior_approximation,sir,1.785537501139789e-25
missing_time_varying_transmission,63,gic_evid,equal_prior_posterior_approximation,tv_sir,0.895904960561266
missing_time_varying_transmission,63,gic_evid,equal_prior_posterior_approximation,ude_sir_h2,0.1040942052795778
missing_time_varying_transmission,64,gic_pred,predictive_support,neural_ode_h2,0.01070585269654778
missing_time_varying_transmission,64,gic_pred,predictive_support,seir,1.4552646127403733e-14
missing_time_varying_transmission,64,gic_pred,predictive_support,sir,3.451997881097331e-37
missing_time_varying_transmission,64,gic_pred,predictive_support,tv_sir,0.7055772875863682
missing_time_varying_transmission,64,gic_pred,predictive_support,ude_sir_h2,0.28371685971706956
missing_time_varying_transmission,64,gic_evid,equal_prior_posterior_approximation,neural_ode_h2,2.397091438361461e-13
missing_time_varying_transmission,64,gic_evid,equal_prior_posterior_approximation,seir,2.023436612538113e-13
missing_time_varying_transmission,64,gic_evid,equal_prior_posterior_approximation,sir,4.016403330133173e-36
missing_time_varying_transmission,64,gic_evid,equal_prior_posterior_approximation,tv_sir,0.9014613466299078
missing_time_varying_transmission,64,gic_evid,equal_prior_posterior_approximation,ude_sir_h2,0.09853865336965018
missing_time_varying_transmission,65,gic_pred,predictive_support,neural_ode_h2,0.021001951256999583
missing_time_varying_transmission,65,gic_pred,predictive_support,seir,1.206771652726756e-10
missing_time_varying_transmission,65,gic_pred,predictive_support,sir,3.8321291784118005e-29
missing_time_varying_transmission,65,gic_pred,predictive_support,tv_sir,0.47265421542297087
missing_time_varying_transmission,65,gic_pred,predictive_support,ude_sir_h2,0.5063438331993524
missing_time_varying_transmission,65,gic_evid,equal_prior_posterior_approximation,neural_ode_h2,2.3048966003705136e-12
missing_time_varying_transmission,65,gic_evid,equal_prior_posterior_approximation,seir,1.9762085739821726e-09
missing_time_varying_transmission,65,gic_evid,equal_prior_posterior_approximation,sir,5.223344202353217e-28
missing_time_varying_transmission,65,gic_evid,equal_prior_posterior_approximation,tv_sir,0.7187234777331615
missing_time_varying_transmission,65,gic_evid,equal_prior_posterior_approximation,ude_sir_h2,0.28127652028832506
missing_time_varying_transmission,66,gic_pred,predictive_support,neural_ode_h2,0.003227938584857217
missing_time_varying_transmission,66,gic_pred,predictive_support,seir,1.626030616804126e-05
missing_time_varying_transmission,66,gic_pred,predictive_support,sir,3.059876906629853e-22
missing_time_varying_transmission,66,gic_pred,predictive_support,tv_sir,0.860361658269931
missing_time_varying_transmission,66,gic_pred,predictive_support,ude_sir_h2,0.13639414283904366
missing_time_varying_transmission,66,gic_evid,equal_prior_posterior_approximation,neural_ode_h2,4.3122666387833224e-14
missing_time_varying_transmission,66,gic_evid,equal_prior_posterior_approximation,seir,0.00017539315125341702
missing_time_varying_transmission,66,gic_evid,equal_prior_posterior_approximation,sir,2.7691523051269973e-21
missing_time_varying_transmission,66,gic_evid,equal_prior_posterior_approximation,tv_sir,0.9228541594223865
missing_time_varying_transmission,66,gic_evid,equal_prior_posterior_approximation,ude_sir_h2,0.07697044742631703
missing_time_varying_transmission,67,gic_pred,predictive_support,neural_ode_h2,0.007145725142699322
missing_time_varying_transmission,67,gic_pred,predictive_support,seir,9.822520147714898e-12
missing_time_varying_transmission,67,gic_pred,predictive_support,sir,3.6176827678221624e-33
missing_time_varying_transmission,67,gic_pred,predictive_support,tv_sir,0.7821242144859513
missing_time_varying_transmission,67,gic_pred,predictive_support,ude_sir_h2,0.21073006036152703
missing_time_varying_transmission,67,gic_evid,equal_prior_posterior_approximation,neural_ode_h2,5.384243543149628e-14
missing_time_varying_transmission,67,gic_evid,equal_prior_posterior_approximation,seir,1.2572115487587734e-10
missing_time_varying_transmission,67,gic_evid,equal_prior_posterior_approximation,sir,3.821941225006725e-32
missing_time_varying_transmission,67,gic_evid,equal_prior_posterior_approximation,tv_sir,0.9120366606405811
missing_time_varying_transmission,67,gic_evid,equal_prior_posterior_approximation,ude_sir_h2,0.08796333923364398
missing_time_varying_transmission,68,gic_pred,predictive_support,neural_ode_h2,0.008382072125717451
missing_time_varying_transmission,68,gic_pred,predictive_support,seir,7.567154406349886e-12
missing_time_varying_transmission,68,gic_pred,predictive_support,sir,1.6124651321764445e-33
missing_time_varying_transmission,68,gic_pred,predictive_support,tv_sir,0.8550161627649858
missing_time_varying_transmission,68,gic_pred,predictive_support,ude_sir_h2,0.1366017651017295
missing_time_varying_transmission,68,gic_evid,equal_prior_posterior_approximation,neural_ode_h2,6.814814973870408e-13
missing_time_varying_transmission,68,gic_evid,equal_prior_posterior_approximation,seir,1.4655881500173522e-10
missing_time_varying_transmission,68,gic_evid,equal_prior_posterior_approximation,sir,2.596127902149928e-32
missing_time_varying_transmission,68,gic_evid,equal_prior_posterior_approximation,tv_sir,0.9642031512917433
missing_time_varying_transmission,68,gic_evid,equal_prior_posterior_approximation,ude_sir_h2,0.03579684856101644
missing_time_varying_transmission,69,gic_pred,predictive_support,neural_ode_h2,0.010236366520702977
missing_time_varying_transmission,69,gic_pred,predictive_support,seir,8.878863581105676e-14
missing_time_varying_transmission,69,gic_pred,predictive_support,sir,1.8211700726541727e-34
missing_time_varying_transmission,69,gic_pred,predictive_support,tv_sir,0.6784736734656637
missing_time_varying_transmission,69,gic_pred,predictive_support,ude_sir_h2,0.31128996001354464
missing_time_varying_transmission,69,gic_evid,equal_prior_posterior_approximation,neural_ode_h2,4.1371414897979367e-13
missing_time_varying_transmission,69,gic_evid,equal_prior_posterior_approximation,seir,1.2454822467714682e-12
missing_time_varying_transmission,69,gic_evid,equal_prior_posterior_approximation,sir,2.1319661121920825e-33
missing_time_varying_transmission,69,gic_evid,equal_prior_posterior_approximation,tv_sir,0.8790355545784091
missing_time_varying_transmission,69,gic_evid,equal_prior_posterior_approximation,ude_sir_h2,0.12096444541993157
missing_time_varying_transmission,70,gic_pred,predictive_support,neural_ode_h2,0.010254869126195137
missing_time_varying_transmission,70,gic_pred,predictive_support,seir,9.020943654064532e-08
missing_time_varying_transmission,70,gic_pred,predictive_support,sir,2.750675490343764e-27
missing_time_varying_transmission,70,gic_pred,predictive_support,tv_sir,0.8860428410875651
missing_time_varying_transmission,70,gic_pred,predictive_support,ude_sir_h2,0.10370219957680321
missing_time_varying_transmission,70,gic_evid,equal_prior_posterior_approximation,neural_ode_h2,6.39238757656289e-13
missing_time_varying_transmission,70,gic_evid,equal_prior_posterior_approximation,seir,1.424242629377409e-06
missing_time_varying_transmission,70,gic_evid,equal_prior_posterior_approximation,sir,3.65742914989168e-26
missing_time_varying_transmission,70,gic_evid,equal_prior_posterior_approximation,tv_sir,0.9594493837461031
missing_time_varying_transmission,70,gic_evid,equal_prior_posterior_approximation,ude_sir_h2,0.04054919201062833
missing_time_varying_transmission,71,gic_pred,predictive_support,neural_ode_h2,0.005892345275940115
missing_time_varying_transmission,71,gic_pred,predictive_support,seir,7.381042093397125e-14
missing_time_varying_transmission,71,gic_pred,predictive_support,sir,8.274194438883885e-37
missing_time_varying_transmission,71,gic_pred,predictive_support,tv_sir,0.8445139619526729
missing_time_varying_transmission,71,gic_pred,predictive_support,ude_sir_h2,0.14959369277131312
missing_time_varying_transmission,71,gic_evid,equal_prior_posterior_approximation,neural_ode_h2,3.8826895119827865e-14
missing_time_varying_transmission,71,gic_evid,equal_prior_posterior_approximation,seir,8.871705440912584e-13
missing_time_varying_transmission,71,gic_evid,equal_prior_posterior_approximation,sir,8.383666539681882e-36
missing_time_varying_transmission,71,gic_evid,equal_prior_posterior_approximation,tv_sir,0.9516942363268862
missing_time_varying_transmission,71,gic_evid,equal_prior_posterior_approximation,ude_sir_h2,0.048305763672187835
missing_time_varying_transmission,72,gic_pred,predictive_support,neural_ode_h2,0.006128902755246319
missing_time_varying_transmission,72,gic_pred,predictive_support,seir,4.374327668920638e-09
missing_time_varying_transmission,72,gic_pred,predictive_support,sir,6.525213319742141e-27
missing_time_varying_transmission,72,gic_pred,predictive_support,tv_sir,0.4604011332283021
missing_time_varying_transmission,72,gic_pred,predictive_support,ude_sir_h2,0.533469959642124
missing_time_varying_transmission,72,gic_evid,equal_prior_posterior_approximation,neural_ode_h2,1.2167189688925486e-12
missing_time_varying_transmission,72,gic_evid,equal_prior_posterior_approximation,seir,7.927298526399986e-08
missing_time_varying_transmission,72,gic_evid,equal_prior_posterior_approximation,sir,1.0001697883959204e-25
missing_time_varying_transmission,72,gic_evid,equal_prior_posterior_approximation,tv_sir,0.7695306407163051
missing_time_varying_transmission,72,gic_evid,equal_prior_posterior_approximation,ude_sir_h2,0.23046928000949293
missing_time_varying_transmission,73,gic_pred,predictive_support,neural_ode_h2,0.0037406295007556523
missing_time_varying_transmission,73,gic_pred,predictive_support,seir,1.1066068306267585e-14
missing_time_varying_transmission,73,gic_pred,predictive_support,sir,1.3476992881633145e-35
missing_time_varying_transmission,73,gic_pred,predictive_support,tv_sir,0.7569447387140865
missing_time_varying_transmission,73,gic_pred,predictive_support,ude_sir_h2,0.2393146317851467
missing_time_varying_transmission,73,gic_evid,equal_prior_posterior_approximation,neural_ode_h2,1.115489742630634e-14
missing_time_varying_transmission,73,gic_evid,equal_prior_posterior_approximation,seir,2.1265401835465475e-13
missing_time_varying_transmission,73,gic_evid,equal_prior_posterior_approximation,sir,2.1757201212585704e-34
missing_time_varying_transmission,73,gic_evid,equal_prior_posterior_approximation,tv_sir,0.8948990919594685
missing_time_varying_transmission,73,gic_evid,equal_prior_posterior_approximation,ude_sir_h2,0.10510090804030774
missing_time_varying_transmission,74,gic_pred,predictive_support,neural_ode_h2,0.0066841786423773135
missing_time_varying_transmission,74,gic_pred,predictive_support,seir,7.896297177698323e-09
missing_time_varying_transmission,74,gic_pred,predictive_support,sir,1.9388285142354906e-26
missing_time_varying_transmission,74,gic_pred,predictive_support,tv_sir,0.593387091293687
missing_time_varying_transmission,74,gic_pred,predictive_support,ude_sir_h2,0.3999287221676385
missing_time_varying_transmission,74,gic_evid,equal_prior_posterior_approximation,neural_ode_h2,1.712536266422301e-13
missing_time_varying_transmission,74,gic_evid,equal_prior_posterior_approximation,seir,1.113531714981026e-07
missing_time_varying_transmission,74,gic_evid,equal_prior_posterior_approximation,sir,2.2911406877099696e-25
missing_time_varying_transmission,74,gic_evid,equal_prior_posterior_approximation,tv_sir,0.7641617692503845
missing_time_varying_transmission,74,gic_evid,equal_prior_posterior_approximation,ude_sir_h2,0.23583811939627278
missing_time_varying_transmission,75,gic_pred,predictive_support,neural_ode_h2,0.04699413749880451
missing_time_varying_transmission,75,gic_pred,predictive_support,seir,1.0035716085678142e-16
missing_time_varying_transmission,75,gic_pred,predictive_support,sir,1.516370671860186e-39
missing_time_varying_transmission,75,gic_pred,predictive_support,tv_sir,0.490747422802007
missing_time_varying_transmission,75,gic_pred,predictive_support,ude_sir_h2,0.46225843969918845
missing_time_varying_transmission,75,gic_evid,equal_prior_posterior_approximation,neural_ode_h2,6.6362660555478266e-12
missing_time_varying_transmission,75,gic_evid,equal_prior_posterior_approximation,seir,2.048651357839302e-15
missing_time_varying_transmission,75,gic_evid,equal_prior_posterior_approximation,sir,2.633855426017748e-38
missing_time_varying_transmission,75,gic_evid,equal_prior_posterior_approximation,tv_sir,0.830548774612409
missing_time_varying_transmission,75,gic_evid,equal_prior_posterior_approximation,ude_sir_h2,0.1694512253809528
missing_time_varying_transmission,76,gic_pred,predictive_support,neural_ode_h2,0.0023364035917231465
missing_time_varying_transmission,76,gic_pred,predictive_support,seir,6.194784084390487e-11
missing_time_varying_transmission,76,gic_pred,predictive_support,sir,8.432093172174149e-32
missing_time_varying_transmission,76,gic_pred,predictive_support,tv_sir,0.713378906962153
missing_time_varying_transmission,76,gic_pred,predictive_support,ude_sir_h2,0.28428468938417606
missing_time_varying_transmission,76,gic_evid,equal_prior_posterior_approximation,neural_ode_h2,5.958396264741119e-14
missing_time_varying_transmission,76,gic_evid,equal_prior_posterior_approximation,seir,9.354114829917073e-10
missing_time_varying_transmission,76,gic_evid,equal_prior_posterior_approximation,sir,1.0913663003863088e-30
missing_time_varying_transmission,76,gic_evid,equal_prior_posterior_approximation,tv_sir,0.9215663001722911
missing_time_varying_transmission,76,gic_evid,equal_prior_posterior_approximation,ude_sir_h2,0.07843369889223774
missing_time_varying_transmission,77,gic_pred,predictive_support,neural_ode_h2,0.009088809362877696
missing_time_varying_transmission,77,gic_pred,predictive_support,seir,5.2448673909835504e-08
missing_time_varying_transmission,77,gic_pred,predictive_support,sir,1.5834865909446704e-27
missing_time_varying_transmission,77,gic_pred,predictive_support,tv_sir,0.831399396470306
missing_time_varying_transmission,77,gic_pred,predictive_support,ude_sir_h2,0.1595117417181424
missing_time_varying_transmission,77,gic_evid,equal_prior_posterior_approximation,neural_ode_h2,2.146081183791992e-14
missing_time_varying_transmission,77,gic_evid,equal_prior_posterior_approximation,seir,5.847624245579628e-07
missing_time_varying_transmission,77,gic_evid,equal_prior_posterior_approximation,sir,1.5003978336653604e-26
missing_time_varying_transmission,77,gic_evid,equal_prior_posterior_approximation,tv_sir,0.9205744168637364
missing_time_varying_transmission,77,gic_evid,equal_prior_posterior_approximation,ude_sir_h2,0.07942499837381758
missing_time_varying_transmission,78,gic_pred,predictive_support,neural_ode_h2,0.017040927221979096
missing_time_varying_transmission,78,gic_pred,predictive_support,seir,4.4054777951914697e-07
missing_time_varying_transmission,78,gic_pred,predictive_support,sir,2.2831325469674613e-25
missing_time_varying_transmission,78,gic_pred,predictive_support,tv_sir,0.740225470853166
missing_time_varying_transmission,78,gic_pred,predictive_support,ude_sir_h2,0.24273316137707537
missing_time_varying_transmission,78,gic_evid,equal_prior_posterior_approximation,neural_ode_h2,2.231974199238224e-13
missing_time_varying_transmission,78,gic_evid,equal_prior_posterior_approximation,seir,5.249238785713766e-06
missing_time_varying_transmission,78,gic_evid,equal_prior_posterior_approximation,sir,2.2769803851603445e-24
missing_time_varying_transmission,78,gic_evid,equal_prior_posterior_approximation,tv_sir,0.8645307234328968
missing_time_varying_transmission,78,gic_evid,equal_prior_posterior_approximation,ude_sir_h2,0.13546402732809448
missing_time_varying_transmission,79,gic_pred,predictive_support,neural_ode_h2,0.009878935456531873
missing_time_varying_transmission,79,gic_pred,predictive_support,seir,2.43910918436503e-15
missing_time_varying_transmission,79,gic_pred,predictive_support,sir,6.969155818852915e-36
missing_time_varying_transmission,79,gic_pred,predictive_support,tv_sir,0.6636467043040764
missing_time_varying_transmission,79,gic_pred,predictive_support,ude_sir_h2,0.3264743602393893
missing_time_varying_transmission,79,gic_evid,equal_prior_posterior_approximation,neural_ode_h2,9.65781895359985e-14
missing_time_varying_transmission,79,gic_evid,equal_prior_posterior_approximation,seir,4.331379781751509e-14
missing_time_varying_transmission,79,gic_evid,equal_prior_posterior_approximation,sir,1.031255981553254e-34
missing_time_varying_transmission,79,gic_evid,equal_prior_posterior_approximation,tv_sir,0.8435426618360121
missing_time_varying_transmission,79,gic_evid,equal_prior_posterior_approximation,ude_sir_h2,0.15645733816384805
noisy_sir_overfit_risk,0,gic_pred,predictive_support,neural_ode_h2,0.02149125568278111
noisy_sir_overfit_risk,0,gic_pred,predictive_support,seir,0.3718533301188113
noisy_sir_overfit_risk,0,gic_pred,predictive_support,sir,0.1825503688066551
noisy_sir_overfit_risk,0,gic_pred,predictive_support,tv_sir,0.1976983824005926
noisy_sir_overfit_risk,0,gic_pred,predictive_support,ude_sir_h2,0.22640666299115988
noisy_sir_overfit_risk,0,gic_evid,equal_prior_posterior_approximation,neural_ode_h2,1.0498794656653576e-08
noisy_sir_overfit_risk,0,gic_evid,equal_prior_posterior_approximation,seir,0.45604913174348927
noisy_sir_overfit_risk,0,gic_evid,equal_prior_posterior_approximation,sir,0.2582396789034584
noisy_sir_overfit_risk,0,gic_evid,equal_prior_posterior_approximation,tv_sir,0.10860779858601152
noisy_sir_overfit_risk,0,gic_evid,equal_prior_posterior_approximation,ude_sir_h2,0.17710338026824626
noisy_sir_overfit_risk,1,gic_pred,predictive_support,neural_ode_h2,0.03592366257975064
noisy_sir_overfit_risk,1,gic_pred,predictive_support,seir,0.14671469733261952
noisy_sir_overfit_risk,1,gic_pred,predictive_support,sir,0.3666795245899976
noisy_sir_overfit_risk,1,gic_pred,predictive_support,tv_sir,0.21386250563604037
noisy_sir_overfit_risk,1,gic_pred,predictive_support,ude_sir_h2,0.23681960986159176
noisy_sir_overfit_risk,1,gic_evid,equal_prior_posterior_approximation,neural_ode_h2,7.158314848017109e-07
noisy_sir_overfit_risk,1,gic_evid,equal_prior_posterior_approximation,seir,0.05479725849277555
noisy_sir_overfit_risk,1,gic_evid,equal_prior_posterior_approximation,sir,0.5169743323606107
noisy_sir_overfit_risk,1,gic_evid,equal_prior_posterior_approximation,tv_sir,0.11542223748918995
noisy_sir_overfit_risk,1,gic_evid,equal_prior_posterior_approximation,ude_sir_h2,0.3128054558259388
noisy_sir_overfit_risk,2,gic_pred,predictive_support,neural_ode_h2,0.00815536687965235
noisy_sir_overfit_risk,2,gic_pred,predictive_support,seir,0.3815084206937243
noisy_sir_overfit_risk,2,gic_pred,predictive_support,sir,0.15331073825593966
noisy_sir_overfit_risk,2,gic_pred,predictive_support,tv_sir,0.2216915606570104
noisy_sir_overfit_risk,2,gic_pred,predictive_support,ude_sir_h2,0.23533391351367342
noisy_sir_overfit_risk,2,gic_evid,equal_prior_posterior_approximation,neural_ode_h2,8.117400771404278e-09
noisy_sir_overfit_risk,2,gic_evid,equal_prior_posterior_approximation,seir,0.487484227044892
noisy_sir_overfit_risk,2,gic_evid,equal_prior_posterior_approximation,sir,0.21576810794078932
noisy_sir_overfit_risk,2,gic_evid,equal_prior_posterior_approximation,tv_sir,0.12202255302743714
noisy_sir_overfit_risk,2,gic_evid,equal_prior_posterior_approximation,ude_sir_h2,0.1747251038694807
noisy_sir_overfit_risk,3,gic_pred,predictive_support,neural_ode_h2,0.03816520975874529
noisy_sir_overfit_risk,3,gic_pred,predictive_support,seir,0.1010745082629804
noisy_sir_overfit_risk,3,gic_pred,predictive_support,sir,0.4257945815273322
noisy_sir_overfit_risk,3,gic_pred,predictive_support,tv_sir,0.1695208319430621
noisy_sir_overfit_risk,3,gic_pred,predictive_support,ude_sir_h2,0.26544486850787996
noisy_sir_overfit_risk,3,gic_evid,equal_prior_posterior_approximation,neural_ode_h2,3.1259195723064795e-07
noisy_sir_overfit_risk,3,gic_evid,equal_prior_posterior_approximation,seir,0.06452399607654652
noisy_sir_overfit_risk,3,gic_evid,equal_prior_posterior_approximation,sir,0.5052626083734071
noisy_sir_overfit_risk,3,gic_evid,equal_prior_posterior_approximation,tv_sir,0.07678842131933317
noisy_sir_overfit_risk,3,gic_evid,equal_prior_posterior_approximation,ude_sir_h2,0.35342466163875613
noisy_sir_overfit_risk,4,gic_pred,predictive_support,neural_ode_h2,0.002812086998272996
noisy_sir_overfit_risk,4,gic_pred,predictive_support,seir,0.2664412066341212
noisy_sir_overfit_risk,4,gic_pred,predictive_support,sir,0.3483274452651349
noisy_sir_overfit_risk,4,gic_pred,predictive_support,tv_sir,0.17889786178712921
noisy_sir_overfit_risk,4,gic_pred,predictive_support,ude_sir_h2,0.20352139931534163
noisy_sir_overfit_risk,4,gic_evid,equal_prior_posterior_approximation,neural_ode_h2,4.850797294171457e-08
noisy_sir_overfit_risk,4,gic_evid,equal_prior_posterior_approximation,seir,0.14872174259170393
noisy_sir_overfit_risk,4,gic_evid,equal_prior_posterior_approximation,sir,0.47055618247602354
noisy_sir_overfit_risk,4,gic_evid,equal_prior_posterior_approximation,tv_sir,0.09684725344810487
noisy_sir_overfit_risk,4,gic_evid,equal_prior_posterior_approximation,ude_sir_h2,0.2838747729761948
noisy_sir_overfit_risk,5,gic_pred,predictive_support,neural_ode_h2,0.012807835565133627
noisy_sir_overfit_risk,5,gic_pred,predictive_support,seir,0.13598136585203863
noisy_sir_overfit_risk,5,gic_pred,predictive_support,sir,0.4275725837080388
noisy_sir_overfit_risk,5,gic_pred,predictive_support,tv_sir,0.16058729314793802
noisy_sir_overfit_risk,5,gic_pred,predictive_support,ude_sir_h2,0.26305092172685096
noisy_sir_overfit_risk,5,gic_evid,equal_prior_posterior_approximation,neural_ode_h2,2.2208018628818565e-07
noisy_sir_overfit_risk,5,gic_evid,equal_prior_posterior_approximation,seir,0.08606464074402413
noisy_sir_overfit_risk,5,gic_evid,equal_prior_posterior_approximation,sir,0.4977604201542086
noisy_sir_overfit_risk,5,gic_evid,equal_prior_posterior_approximation,tv_sir,0.07296388270464663
noisy_sir_overfit_risk,5,gic_evid,equal_prior_posterior_approximation,ude_sir_h2,0.3432108343169344
noisy_sir_overfit_risk,6,gic_pred,predictive_support,neural_ode_h2,0.013249200456585042
noisy_sir_overfit_risk,6,gic_pred,predictive_support,seir,0.36214841140931536
noisy_sir_overfit_risk,6,gic_pred,predictive_support,sir,0.3055492232253006
noisy_sir_overfit_risk,6,gic_pred,predictive_support,tv_sir,0.14337163225843863
noisy_sir_overfit_risk,6,gic_pred,predictive_support,ude_sir_h2,0.17568153265036043
noisy_sir_overfit_risk,6,gic_evid,equal_prior_posterior_approximation,neural_ode_h2,5.8014855035436454e-08
noisy_sir_overfit_risk,6,gic_evid,equal_prior_posterior_approximation,seir,0.37524653942604935
noisy_sir_overfit_risk,6,gic_evid,equal_prior_posterior_approximation,sir,0.37496830861130653
noisy_sir_overfit_risk,6,gic_evid,equal_prior_posterior_approximation,tv_sir,0.06377954507818015
noisy_sir_overfit_risk,6,gic_evid,equal_prior_posterior_approximation,ude_sir_h2,0.18600554886960893
noisy_sir_overfit_risk,7,gic_pred,predictive_support,neural_ode_h2,0.007650995187915692
noisy_sir_overfit_risk,7,gic_pred,predictive_support,seir,0.3992110171626287
noisy_sir_overfit_risk,7,gic_pred,predictive_support,sir,0.20266367294448245
noisy_sir_overfit_risk,7,gic_pred,predictive_support,tv_sir,0.18302595289624982
noisy_sir_overfit_risk,7,gic_pred,predictive_support,ude_sir_h2,0.20744836180872323
noisy_sir_overfit_risk,7,gic_evid,equal_prior_posterior_approximation,neural_ode_h2,1.848521895417781e-08
noisy_sir_overfit_risk,7,gic_evid,equal_prior_posterior_approximation,seir,0.4755570940885118
noisy_sir_overfit_risk,7,gic_evid,equal_prior_posterior_approximation,sir,0.26560517973634895
noisy_sir_overfit_risk,7,gic_evid,equal_prior_posterior_approximation,tv_sir,0.09348685360140475
noisy_sir_overfit_risk,7,gic_evid,equal_prior_posterior_approximation,ude_sir_h2,0.16535085408851546
noisy_sir_overfit_risk,8,gic_pred,predictive_support,neural_ode_h2,0.005985601024965046
noisy_sir_overfit_risk,8,gic_pred,predictive_support,seir,0.27948712592071023
noisy_sir_overfit_risk,8,gic_pred,predictive_support,sir,0.33317544917405667
noisy_sir_overfit_risk,8,gic_pred,predictive_support,tv_sir,0.1688316269117865
noisy_sir_overfit_risk,8,gic_pred,predictive_support,ude_sir_h2,0.2125201969684815
noisy_sir_overfit_risk,8,gic_evid,equal_prior_posterior_approximation,neural_ode_h2,2.054887060629632e-08
noisy_sir_overfit_risk,8,gic_evid,equal_prior_posterior_approximation,seir,0.3404810650623507
noisy_sir_overfit_risk,8,gic_evid,equal_prior_posterior_approximation,sir,0.39154428159318955
noisy_sir_overfit_risk,8,gic_evid,equal_prior_posterior_approximation,tv_sir,0.07217288851855182
noisy_sir_overfit_risk,8,gic_evid,equal_prior_posterior_approximation,ude_sir_h2,0.19580174427703734
noisy_sir_overfit_risk,9,gic_pred,predictive_support,neural_ode_h2,0.0021773361441251447
noisy_sir_overfit_risk,9,gic_pred,predictive_support,seir,0.28430957636758
noisy_sir_overfit_risk,9,gic_pred,predictive_support,sir,0.17909348642032974
noisy_sir_overfit_risk,9,gic_pred,predictive_support,tv_sir,0.26500781099025644
noisy_sir_overfit_risk,9,gic_pred,predictive_support,ude_sir_h2,0.2694117900777087
noisy_sir_overfit_risk,9,gic_evid,equal_prior_posterior_approximation,neural_ode_h2,2.6073299880855245e-07
noisy_sir_overfit_risk,9,gic_evid,equal_prior_posterior_approximation,seir,0.14429151062423812
noisy_sir_overfit_risk,9,gic_evid,equal_prior_posterior_approximation,sir,0.317487456764869
noisy_sir_overfit_risk,9,gic_evid,equal_prior_posterior_approximation,tv_sir,0.179326308725455
noisy_sir_overfit_risk,9,gic_evid,equal_prior_posterior_approximation,ude_sir_h2,0.35889446315243917
noisy_sir_overfit_risk,10,gic_pred,predictive_support,neural_ode_h2,0.02002602829196674
noisy_sir_overfit_risk,10,gic_pred,predictive_support,seir,0.27390944380959215
noisy_sir_overfit_risk,10,gic_pred,predictive_support,sir,0.33454997752994065
noisy_sir_overfit_risk,10,gic_pred,predictive_support,tv_sir,0.1764933922804306
noisy_sir_overfit_risk,10,gic_pred,predictive_support,ude_sir_h2,0.19502115808807
noisy_sir_overfit_risk,10,gic_evid,equal_prior_posterior_approximation,neural_ode_h2,1.1899194866523702e-08
noisy_sir_overfit_risk,10,gic_evid,equal_prior_posterior_approximation,seir,0.16479377892310434
noisy_sir_overfit_risk,10,gic_evid,equal_prior_posterior_approximation,sir,0.45533288151194706
noisy_sir_overfit_risk,10,gic_evid,equal_prior_posterior_approximation,tv_sir,0.08751564900876149
noisy_sir_overfit_risk,10,gic_evid,equal_prior_posterior_approximation,ude_sir_h2,0.29235767865699225
noisy_sir_overfit_risk,11,gic_pred,predictive_support,neural_ode_h2,0.01118508435374501
noisy_sir_overfit_risk,11,gic_pred,predictive_support,seir,0.24209255250938122
noisy_sir_overfit_risk,11,gic_pred,predictive_support,sir,0.04501047495942592
noisy_sir_overfit_risk,11,gic_pred,predictive_support,tv_sir,0.3601268274938879
noisy_sir_overfit_risk,11,gic_pred,predictive_support,ude_sir_h2,0.34158506068356
noisy_sir_overfit_risk,11,gic_evid,equal_prior_posterior_approximation,neural_ode_h2,1.1661961877482763e-05
noisy_sir_overfit_risk,11,gic_evid,equal_prior_posterior_approximation,seir,0.10144640083224335
noisy_sir_overfit_risk,11,gic_evid,equal_prior_posterior_approximation,sir,0.10987055666368306
noisy_sir_overfit_risk,11,gic_evid,equal_prior_posterior_approximation,tv_sir,0.319204732299826
noisy_sir_overfit_risk,11,gic_evid,equal_prior_posterior_approximation,ude_sir_h2,0.46946664824237
noisy_sir_overfit_risk,12,gic_pred,predictive_support,neural_ode_h2,0.012865031458412708
noisy_sir_overfit_risk,12,gic_pred,predictive_support,seir,0.15402811989063145
noisy_sir_overfit_risk,12,gic_pred,predictive_support,sir,0.4071096991044028
noisy_sir_overfit_risk,12,gic_pred,predictive_support,tv_sir,0.17896385101142082
noisy_sir_overfit_risk,12,gic_pred,predictive_support,ude_sir_h2,0.24703329853513212
noisy_sir_overfit_risk,12,gic_evid,equal_prior_posterior_approximation,neural_ode_h2,4.090101557334856e-07
noisy_sir_overfit_risk,12,gic_evid,equal_prior_posterior_approximation,seir,0.10264969585339748
noisy_sir_overfit_risk,12,gic_evid,equal_prior_posterior_approximation,sir,0.513373225034147
noisy_sir_overfit_risk,12,gic_evid,equal_prior_posterior_approximation,tv_sir,0.07859454208194379
noisy_sir_overfit_risk,12,gic_evid,equal_prior_posterior_approximation,ude_sir_h2,0.30538212802035597
noisy_sir_overfit_risk,13,gic_pred,predictive_support,neural_ode_h2,0.0005939775143069097
noisy_sir_overfit_risk,13,gic_pred,predictive_support,seir,0.34096068332282076
noisy_sir_overfit_risk,13,gic_pred,predictive_support,sir,0.31300793706449315
noisy_sir_overfit_risk,13,gic_pred,predictive_support,tv_sir,0.153826224733171
noisy_sir_overfit_risk,13,gic_pred,predictive_support,ude_sir_h2,0.19161117736520805
noisy_sir_overfit_risk,13,gic_evid,equal_prior_posterior_approximation,neural_ode_h2,4.4347375289579144e-09
noisy_sir_overfit_risk,13,gic_evid,equal_prior_posterior_approximation,seir,0.31925003783223294
noisy_sir_overfit_risk,13,gic_evid,equal_prior_posterior_approximation,sir,0.3807186108017629
noisy_sir_overfit_risk,13,gic_evid,equal_prior_posterior_approximation,tv_sir,0.0751269070653801
noisy_sir_overfit_risk,13,gic_evid,equal_prior_posterior_approximation,ude_sir_h2,0.22490443986588649
noisy_sir_overfit_risk,14,gic_pred,predictive_support,neural_ode_h2,0.0018881396774372292
noisy_sir_overfit_risk,14,gic_pred,predictive_support,seir,0.43226887600751623
noisy_sir_overfit_risk,14,gic_pred,predictive_support,sir,0.17809714539709323
noisy_sir_overfit_risk,14,gic_pred,predictive_support,tv_sir,0.19456094104439245
noisy_sir_overfit_risk,14,gic_pred,predictive_support,ude_sir_h2,0.19318489787356083
noisy_sir_overfit_risk,14,gic_evid,equal_prior_posterior_approximation,neural_ode_h2,5.520087841050972e-09
noisy_sir_overfit_risk,14,gic_evid,equal_prior_posterior_approximation,seir,0.5179598909288188
noisy_sir_overfit_risk,14,gic_evid,equal_prior_posterior_approximation,sir,0.22850099854799497
noisy_sir_overfit_risk,14,gic_evid,equal_prior_posterior_approximation,tv_sir,0.09970003539692428
noisy_sir_overfit_risk,14,gic_evid,equal_prior_posterior_approximation,ude_sir_h2,0.1538390696061742
noisy_sir_overfit_risk,15,gic_pred,predictive_support,neural_ode_h2,0.007928031045370458
noisy_sir_overfit_risk,15,gic_pred,predictive_support,seir,0.19301195015060144
noisy_sir_overfit_risk,15,gic_pred,predictive_support,sir,0.4013360311303896
noisy_sir_overfit_risk,15,gic_pred,predictive_support,tv_sir,0.17265375158064628
noisy_sir_overfit_risk,15,gic_pred,predictive_support,ude_sir_h2,0.2250702360929922
noisy_sir_overfit_risk,15,gic_evid,equal_prior_posterior_approximation,neural_ode_h2,1.2909025055048916e-08
noisy_sir_overfit_risk,15,gic_evid,equal_prior_posterior_approximation,seir,0.18994675310781212
noisy_sir_overfit_risk,15,gic_evid,equal_prior_posterior_approximation,sir,0.4826482797130245
noisy_sir_overfit_risk,15,gic_evid,equal_prior_posterior_approximation,tv_sir,0.08022013774540121
noisy_sir_overfit_risk,15,gic_evid,equal_prior_posterior_approximation,ude_sir_h2,0.24718481652473714
noisy_sir_overfit_risk,16,gic_pred,predictive_support,neural_ode_h2,0.0016165163036496396
noisy_sir_overfit_risk,16,gic_pred,predictive_support,seir,0.364253048697469
noisy_sir_overfit_risk,16,gic_pred,predictive_support,sir,0.1833940133021702
noisy_sir_overfit_risk,16,gic_pred,predictive_support,tv_sir,0.23405812730911746
noisy_sir_overfit_risk,16,gic_pred,predictive_support,ude_sir_h2,0.2166782943875937
noisy_sir_overfit_risk,16,gic_evid,equal_prior_posterior_approximation,neural_ode_h2,1.0703316389164788e-09
noisy_sir_overfit_risk,16,gic_evid,equal_prior_posterior_approximation,seir,0.4781671888749363
noisy_sir_overfit_risk,16,gic_evid,equal_prior_posterior_approximation,sir,0.24011451678419832
noisy_sir_overfit_risk,16,gic_evid,equal_prior_posterior_approximation,tv_sir,0.1116959721149398
noisy_sir_overfit_risk,16,gic_evid,equal_prior_posterior_approximation,ude_sir_h2,0.170022321155594
noisy_sir_overfit_risk,17,gic_pred,predictive_support,neural_ode_h2,0.049942124460202034
noisy_sir_overfit_risk,17,gic_pred,predictive_support,seir,0.14232083055544612
noisy_sir_overfit_risk,17,gic_pred,predictive_support,sir,0.10248221092638697
noisy_sir_overfit_risk,17,gic_pred,predictive_support,tv_sir,0.40267759092442407
noisy_sir_overfit_risk,17,gic_pred,predictive_support,ude_sir_h2,0.3025772431335409
noisy_sir_overfit_risk,17,gic_evid,equal_prior_posterior_approximation,neural_ode_h2,1.4620223237358016e-05
noisy_sir_overfit_risk,17,gic_evid,equal_prior_posterior_approximation,seir,0.07001982306954234
noisy_sir_overfit_risk,17,gic_evid,equal_prior_posterior_approximation,sir,0.21253912736841893
noisy_sir_overfit_risk,17,gic_evid,equal_prior_posterior_approximation,tv_sir,0.3063167951427112
noisy_sir_overfit_risk,17,gic_evid,equal_prior_posterior_approximation,ude_sir_h2,0.4111096341960901
noisy_sir_overfit_risk,18,gic_pred,predictive_support,neural_ode_h2,0.0035561163213728058
noisy_sir_overfit_risk,18,gic_pred,predictive_support,seir,0.19724606315694396
noisy_sir_overfit_risk,18,gic_pred,predictive_support,sir,0.3761165665726623
noisy_sir_overfit_risk,18,gic_pred,predictive_support,tv_sir,0.15080713248897956
noisy_sir_overfit_risk,18,gic_pred,predictive_support,ude_sir_h2,0.2722741214600415
noisy_sir_overfit_risk,18,gic_evid,equal_prior_posterior_approximation,neural_ode_h2,1.6460576604313524e-08
noisy_sir_overfit_risk,18,gic_evid,equal_prior_posterior_approximation,seir,0.1287718488867054
noisy_sir_overfit_risk,18,gic_evid,equal_prior_posterior_approximation,sir,0.44692228942192314
noisy_sir_overfit_risk,18,gic_evid,equal_prior_posterior_approximation,tv_sir,0.06743863384364365
noisy_sir_overfit_risk,18,gic_evid,equal_prior_posterior_approximation,ude_sir_h2,0.3568672113871512
noisy_sir_overfit_risk,19,gic_pred,predictive_support,neural_ode_h2,0.0011609249873856182
noisy_sir_overfit_risk,19,gic_pred,predictive_support,seir,0.3006133534525815
noisy_sir_overfit_risk,19,gic_pred,predictive_support,sir,0.3129883240720974
noisy_sir_overfit_risk,19,gic_pred,predictive_support,tv_sir,0.18030108601412395
noisy_sir_overfit_risk,19,gic_pred,predictive_support,ude_sir_h2,0.2049363114738115
noisy_sir_overfit_risk,19,gic_evid,equal_prior_posterior_approximation,neural_ode_h2,1.0955632786068615e-08
noisy_sir_overfit_risk,19,gic_evid,equal_prior_posterior_approximation,seir,0.16538416823346025
noisy_sir_overfit_risk,19,gic_evid,equal_prior_posterior_approximation,sir,0.452674515607313
noisy_sir_overfit_risk,19,gic_evid,equal_prior_posterior_approximation,tv_sir,0.1014294493283562
noisy_sir_overfit_risk,19,gic_evid,equal_prior_posterior_approximation,ude_sir_h2,0.28051185587523775
noisy_sir_overfit_risk,20,gic_pred,predictive_support,neural_ode_h2,0.0067654585975854995
noisy_sir_overfit_risk,20,gic_pred,predictive_support,seir,0.16144192247358904
noisy_sir_overfit_risk,20,gic_pred,predictive_support,sir,0.40991191968987045
noisy_sir_overfit_risk,20,gic_pred,predictive_support,tv_sir,0.17799358793347436
noisy_sir_overfit_risk,20,gic_pred,predictive_support,ude_sir_h2,0.2438871113054806
noisy_sir_overfit_risk,20,gic_evid,equal_prior_posterior_approximation,neural_ode_h2,9.183358840233675e-08
noisy_sir_overfit_risk,20,gic_evid,equal_prior_posterior_approximation,seir,0.0969045480082835
noisy_sir_overfit_risk,20,gic_evid,equal_prior_posterior_approximation,sir,0.5210143760935283
noisy_sir_overfit_risk,20,gic_evid,equal_prior_posterior_approximation,tv_sir,0.08385723834333403
noisy_sir_overfit_risk,20,gic_evid,equal_prior_posterior_approximation,ude_sir_h2,0.29822374572126575
noisy_sir_overfit_risk,21,gic_pred,predictive_support,neural_ode_h2,0.004738218668165947
noisy_sir_overfit_risk,21,gic_pred,predictive_support,seir,0.41464417002199483
noisy_sir_overfit_risk,21,gic_pred,predictive_support,sir,0.25664356768075214
noisy_sir_overfit_risk,21,gic_pred,predictive_support,tv_sir,0.15261524239515326
noisy_sir_overfit_risk,21,gic_pred,predictive_support,ude_sir_h2,0.1713588012339339
noisy_sir_overfit_risk,21,gic_evid,equal_prior_posterior_approximation,neural_ode_h2,2.000765730427936e-08
noisy_sir_overfit_risk,21,gic_evid,equal_prior_posterior_approximation,seir,0.4666431010475716
noisy_sir_overfit_risk,21,gic_evid,equal_prior_posterior_approximation,sir,0.30652730532940886
noisy_sir_overfit_risk,21,gic_evid,equal_prior_posterior_approximation,tv_sir,0.069512155476544
noisy_sir_overfit_risk,21,gic_evid,equal_prior_posterior_approximation,ude_sir_h2,0.1573174181388182
noisy_sir_overfit_risk,22,gic_pred,predictive_support,neural_ode_h2,0.0005472744015904266
noisy_sir_overfit_risk,22,gic_pred,predictive_support,seir,0.26382819108968786
noisy_sir_overfit_risk,22,gic_pred,predictive_support,sir,0.3711390621172163
noisy_sir_overfit_risk,22,gic_pred,predictive_support,tv_sir,0.14983350548834806
noisy_sir_overfit_risk,22,gic_pred,predictive_support,ude_sir_h2,0.2146519669031573
noisy_sir_overfit_risk,22,gic_evid,equal_prior_posterior_approximation,neural_ode_h2,4.017670492379303e-09
noisy_sir_overfit_risk,22,gic_evid,equal_prior_posterior_approximation,seir,0.16577350686072426
noisy_sir_overfit_risk,22,gic_evid,equal_prior_posterior_approximation,sir,0.46715935537463105
noisy_sir_overfit_risk,22,gic_evid,equal_prior_posterior_approximation,tv_sir,0.07162317012984207
noisy_sir_overfit_risk,22,gic_evid,equal_prior_posterior_approximation,ude_sir_h2,0.29544396361713204
noisy_sir_overfit_risk,23,gic_pred,predictive_support,neural_ode_h2,0.0016917140459076691
noisy_sir_overfit_risk,23,gic_pred,predictive_support,seir,0.16856681229569653
noisy_sir_overfit_risk,23,gic_pred,predictive_support,sir,0.3526387700260391
noisy_sir_overfit_risk,23,gic_pred,predictive_support,tv_sir,0.12448146374052452
noisy_sir_overfit_risk,23,gic_pred,predictive_support,ude_sir_h2,0.35262123989183225
noisy_sir_overfit_risk,23,gic_evid,equal_prior_posterior_approximation,neural_ode_h2,1.2302147461440755e-08
noisy_sir_overfit_risk,23,gic_evid,equal_prior_posterior_approximation,seir,0.1308196429603348
noisy_sir_overfit_risk,23,gic_evid,equal_prior_posterior_approximation,sir,0.4132007759455598
noisy_sir_overfit_risk,23,gic_evid,equal_prior_posterior_approximation,tv_sir,0.05447309476798188
noisy_sir_overfit_risk,23,gic_evid,equal_prior_posterior_approximation,ude_sir_h2,0.4015064740239761
noisy_sir_overfit_risk,24,gic_pred,predictive_support,neural_ode_h2,0.04470937098513231
noisy_sir_overfit_risk,24,gic_pred,predictive_support,seir,0.09175611150820842
noisy_sir_overfit_risk,24,gic_pred,predictive_support,sir,0.363926328443035
noisy_sir_overfit_risk,24,gic_pred,predictive_support,tv_sir,0.13570245502664466
noisy_sir_overfit_risk,24,gic_pred,predictive_support,ude_sir_h2,0.36390573403697957
noisy_sir_overfit_risk,24,gic_evid,equal_prior_posterior_approximation,neural_ode_h2,2.7022827169820527e-07
noisy_sir_overfit_risk,24,gic_evid,equal_prior_posterior_approximation,seir,0.06813475678803795
noisy_sir_overfit_risk,24,gic_evid,equal_prior_posterior_approximation,sir,0.4391850340997534
noisy_sir_overfit_risk,24,gic_evid,equal_prior_posterior_approximation,tv_sir,0.06572379056292223
noisy_sir_overfit_risk,24,gic_evid,equal_prior_posterior_approximation,ude_sir_h2,0.4269561483210147
noisy_sir_overfit_risk,25,gic_pred,predictive_support,neural_ode_h2,0.004003789254436963
noisy_sir_overfit_risk,25,gic_pred,predictive_support,seir,0.12080496066794673
noisy_sir_overfit_risk,25,gic_pred,predictive_support,sir,0.41701494555990964
noisy_sir_overfit_risk,25,gic_pred,predictive_support,tv_sir,0.20783212098055714
noisy_sir_overfit_risk,25,gic_pred,predictive_support,ude_sir_h2,0.25034418353714954
noisy_sir_overfit_risk,25,gic_evid,equal_prior_posterior_approximation,neural_ode_h2,9.348113158167222e-08
noisy_sir_overfit_risk,25,gic_evid,equal_prior_posterior_approximation,seir,0.0513580586970374
noisy_sir_overfit_risk,25,gic_evid,equal_prior_posterior_approximation,sir,0.5292844126334856
noisy_sir_overfit_risk,25,gic_evid,equal_prior_posterior_approximation,tv_sir,0.10199551194065823
noisy_sir_overfit_risk,25,gic_evid,equal_prior_posterior_approximation,ude_sir_h2,0.3173619232476871
noisy_sir_overfit_risk,26,gic_pred,predictive_support,neural_ode_h2,0.040869034982370406
noisy_sir_overfit_risk,26,gic_pred,predictive_support,seir,0.2850667807458066
noisy_sir_overfit_risk,26,gic_pred,predictive_support,sir,0.27568226337473367
noisy_sir_overfit_risk,26,gic_pred,predictive_support,tv_sir,0.12271532869101112
noisy_sir_overfit_risk,26,gic_pred,predictive_support,ude_sir_h2,0.27566659220607814
noisy_sir_overfit_risk,26,gic_evid,equal_prior_posterior_approximation,neural_ode_h2,1.2202559876750536e-06
noisy_sir_overfit_risk,26,gic_evid,equal_prior_posterior_approximation,seir,0.30974003102749065
noisy_sir_overfit_risk,26,gic_evid,equal_prior_posterior_approximation,sir,0.3280168671782506
noisy_sir_overfit_risk,26,gic_evid,equal_prior_posterior_approximation,tv_sir,0.04353816386256825
noisy_sir_overfit_risk,26,gic_evid,equal_prior_posterior_approximation,ude_sir_h2,0.3187037176757027
noisy_sir_overfit_risk,27,gic_pred,predictive_support,neural_ode_h2,0.0006978932863083999
noisy_sir_overfit_risk,27,gic_pred,predictive_support,seir,0.2700990398951502
noisy_sir_overfit_risk,27,gic_pred,predictive_support,sir,0.35950723931344664
noisy_sir_overfit_risk,27,gic_pred,predictive_support,tv_sir,0.15941081466504525
noisy_sir_overfit_risk,27,gic_pred,predictive_support,ude_sir_h2,0.21028501284004958
noisy_sir_overfit_risk,27,gic_evid,equal_prior_posterior_approximation,neural_ode_h2,1.7697027734380064e-07
noisy_sir_overfit_risk,27,gic_evid,equal_prior_posterior_approximation,seir,0.1578321027303119
noisy_sir_overfit_risk,27,gic_evid,equal_prior_posterior_approximation,sir,0.46693544559983857
noisy_sir_overfit_risk,27,gic_evid,equal_prior_posterior_approximation,tv_sir,0.08738366125887162
noisy_sir_overfit_risk,27,gic_evid,equal_prior_posterior_approximation,ude_sir_h2,0.28784861344070056
noisy_sir_overfit_risk,28,gic_pred,predictive_support,neural_ode_h2,0.002461600346739226
noisy_sir_overfit_risk,28,gic_pred,predictive_support,seir,0.21187050949076205
noisy_sir_overfit_risk,28,gic_pred,predictive_support,sir,0.3644484132050497
noisy_sir_overfit_risk,28,gic_pred,predictive_support,tv_sir,0.19129005292718793
noisy_sir_overfit_risk,28,gic_pred,predictive_support,ude_sir_h2,0.22992942403026106
noisy_sir_overfit_risk,28,gic_evid,equal_prior_posterior_approximation,neural_ode_h2,9.347260136965366e-08
noisy_sir_overfit_risk,28,gic_evid,equal_prior_posterior_approximation,seir,0.11513916716058387
noisy_sir_overfit_risk,28,gic_evid,equal_prior_posterior_approximation,sir,0.4888892135802837
noisy_sir_overfit_risk,28,gic_evid,equal_prior_posterior_approximation,tv_sir,0.10212370117471634
noisy_sir_overfit_risk,28,gic_evid,equal_prior_posterior_approximation,ude_sir_h2,0.2938478246118147
noisy_sir_overfit_risk,29,gic_pred,predictive_support,neural_ode_h2,0.11803013002271405
noisy_sir_overfit_risk,29,gic_pred,predictive_support,seir,0.21160411516470162
noisy_sir_overfit_risk,29,gic_pred,predictive_support,sir,0.3026432193831982
noisy_sir_overfit_risk,29,gic_pred,predictive_support,tv_sir,0.1218973896077289
noisy_sir_overfit_risk,29,gic_pred,predictive_support,ude_sir_h2,0.2458251458216573
noisy_sir_overfit_risk,29,gic_evid,equal_prior_posterior_approximation,neural_ode_h2,4.919381724182572e-06
noisy_sir_overfit_risk,29,gic_evid,equal_prior_posterior_approximation,seir,0.16348593123189833
noisy_sir_overfit_risk,29,gic_evid,equal_prior_posterior_approximation,sir,0.4199750682057767
noisy_sir_overfit_risk,29,gic_evid,equal_prior_posterior_approximation,tv_sir,0.0562283451030299
noisy_sir_overfit_risk,29,gic_evid,equal_prior_posterior_approximation,ude_sir_h2,0.360305736077571
noisy_sir_overfit_risk,30,gic_pred,predictive_support,neural_ode_h2,0.061460546047442985
noisy_sir_overfit_risk,30,gic_pred,predictive_support,seir,0.12240765749919345
noisy_sir_overfit_risk,30,gic_pred,predictive_support,sir,0.29854055981801936
noisy_sir_overfit_risk,30,gic_pred,predictive_support,tv_sir,0.22714868201087707
noisy_sir_overfit_risk,30,gic_pred,predictive_support,ude_sir_h2,0.29044255462446716
noisy_sir_overfit_risk,30,gic_evid,equal_prior_posterior_approximation,neural_ode_h2,4.087569266368425e-05
noisy_sir_overfit_risk,30,gic_evid,equal_prior_posterior_approximation,seir,0.07105082077475464
noisy_sir_overfit_risk,30,gic_evid,equal_prior_posterior_approximation,sir,0.4447454781421437
noisy_sir_overfit_risk,30,gic_evid,equal_prior_posterior_approximation,tv_sir,0.12118078568589938
noisy_sir_overfit_risk,30,gic_evid,equal_prior_posterior_approximation,ude_sir_h2,0.3629820397045387
noisy_sir_overfit_risk,31,gic_pred,predictive_support,neural_ode_h2,0.005635324727567439
noisy_sir_overfit_risk,31,gic_pred,predictive_support,seir,0.26648257133359116
noisy_sir_overfit_risk,31,gic_pred,predictive_support,sir,0.3256869112619037
noisy_sir_overfit_risk,31,gic_pred,predictive_support,tv_sir,0.1935717323061252
noisy_sir_overfit_risk,31,gic_pred,predictive_support,ude_sir_h2,0.20862346037081253
noisy_sir_overfit_risk,31,gic_evid,equal_prior_posterior_approximation,neural_ode_h2,5.242104288179728e-08
noisy_sir_overfit_risk,31,gic_evid,equal_prior_posterior_approximation,seir,0.15157072481659073
noisy_sir_overfit_risk,31,gic_evid,equal_prior_posterior_approximation,sir,0.4597304529184875
noisy_sir_overfit_risk,31,gic_evid,equal_prior_posterior_approximation,tv_sir,0.1071473921041841
noisy_sir_overfit_risk,31,gic_evid,equal_prior_posterior_approximation,ude_sir_h2,0.2815513777396949
noisy_sir_overfit_risk,32,gic_pred,predictive_support,neural_ode_h2,0.03931477797628624
noisy_sir_overfit_risk,32,gic_pred,predictive_support,seir,0.32697270171605325
noisy_sir_overfit_risk,32,gic_pred,predictive_support,sir,0.19304160344037255
noisy_sir_overfit_risk,32,gic_pred,predictive_support,tv_sir,0.2090144563852887
noisy_sir_overfit_risk,32,gic_pred,predictive_support,ude_sir_h2,0.23165646048199912
noisy_sir_overfit_risk,32,gic_evid,equal_prior_posterior_approximation,neural_ode_h2,3.274138571805761e-08
noisy_sir_overfit_risk,32,gic_evid,equal_prior_posterior_approximation,seir,0.4106317301770519
noisy_sir_overfit_risk,32,gic_evid,equal_prior_posterior_approximation,sir,0.28174736928660504
noisy_sir_overfit_risk,32,gic_evid,equal_prior_posterior_approximation,tv_sir,0.11582462983877509
noisy_sir_overfit_risk,32,gic_evid,equal_prior_posterior_approximation,ude_sir_h2,0.19179623795618217
noisy_sir_overfit_risk,33,gic_pred,predictive_support,neural_ode_h2,0.015074936651319818
noisy_sir_overfit_risk,33,gic_pred,predictive_support,seir,0.3428033894861077
noisy_sir_overfit_risk,33,gic_pred,predictive_support,sir,0.2807447234778782
noisy_sir_overfit_risk,33,gic_pred,predictive_support,tv_sir,0.16481847502390456
noisy_sir_overfit_risk,33,gic_pred,predictive_support,ude_sir_h2,0.1965584753607896
noisy_sir_overfit_risk,33,gic_evid,equal_prior_posterior_approximation,neural_ode_h2,1.244071369847563e-07
noisy_sir_overfit_risk,33,gic_evid,equal_prior_posterior_approximation,seir,0.3749393022269212
noisy_sir_overfit_risk,33,gic_evid,equal_prior_posterior_approximation,sir,0.3566367012868761
noisy_sir_overfit_risk,33,gic_evid,equal_prior_posterior_approximation,tv_sir,0.08348224914775045
noisy_sir_overfit_risk,33,gic_evid,equal_prior_posterior_approximation,ude_sir_h2,0.1849416229313153
noisy_sir_overfit_risk,34,gic_pred,predictive_support,neural_ode_h2,0.008109919995752954
noisy_sir_overfit_risk,34,gic_pred,predictive_support,seir,0.18523238535635161
noisy_sir_overfit_risk,34,gic_pred,predictive_support,sir,0.3746986716348371
noisy_sir_overfit_risk,34,gic_pred,predictive_support,tv_sir,0.19697618424071753
noisy_sir_overfit_risk,34,gic_pred,predictive_support,ude_sir_h2,0.23498283877234066
noisy_sir_overfit_risk,34,gic_evid,equal_prior_posterior_approximation,neural_ode_h2,7.861478258391748e-08
noisy_sir_overfit_risk,34,gic_evid,equal_prior_posterior_approximation,seir,0.09916604771059429
noisy_sir_overfit_risk,34,gic_evid,equal_prior_posterior_approximation,sir,0.501340864062553
noisy_sir_overfit_risk,34,gic_evid,equal_prior_posterior_approximation,tv_sir,0.10121733734381493
noisy_sir_overfit_risk,34,gic_evid,equal_prior_posterior_approximation,ude_sir_h2,0.29827567226825524
noisy_sir_overfit_risk,35,gic_pred,predictive_support,neural_ode_h2,0.0006890184530900917
noisy_sir_overfit_risk,35,gic_pred,predictive_support,seir,0.5152388484534556
noisy_sir_overfit_risk,35,gic_pred,predictive_support,sir,0.07547457805370784
noisy_sir_overfit_risk,35,gic_pred,predictive_support,tv_sir,0.22096218657204209
noisy_sir_overfit_risk,35,gic_pred,predictive_support,ude_sir_h2,0.18763536846770434
noisy_sir_overfit_risk,35,gic_evid,equal_prior_posterior_approximation,neural_ode_h2,5.664884846235715e-08
noisy_sir_overfit_risk,35,gic_evid,equal_prior_posterior_approximation,seir,0.2941156184016848
noisy_sir_overfit_risk,35,gic_evid,equal_prior_posterior_approximation,sir,0.1887953110119587
noisy_sir_overfit_risk,35,gic_evid,equal_prior_posterior_approximation,tv_sir,0.2154778707362717
noisy_sir_overfit_risk,35,gic_evid,equal_prior_posterior_approximation,ude_sir_h2,0.3016111432012364
noisy_sir_overfit_risk,36,gic_pred,predictive_support,neural_ode_h2,0.0021600310588399075
noisy_sir_overfit_risk,36,gic_pred,predictive_support,seir,0.22550305781553012
noisy_sir_overfit_risk,36,gic_pred,predictive_support,sir,0.3854515765436476
noisy_sir_overfit_risk,36,gic_pred,predictive_support,tv_sir,0.16063251504746764
noisy_sir_overfit_risk,36,gic_pred,predictive_support,ude_sir_h2,0.22625281953451493
noisy_sir_overfit_risk,36,gic_evid,equal_prior_posterior_approximation,neural_ode_h2,2.2474133967376023e-08
noisy_sir_overfit_risk,36,gic_evid,equal_prior_posterior_approximation,seir,0.1460410746629391
noisy_sir_overfit_risk,36,gic_evid,equal_prior_posterior_approximation,sir,0.4755065435737825
noisy_sir_overfit_risk,36,gic_evid,equal_prior_posterior_approximation,tv_sir,0.07338135990025074
noisy_sir_overfit_risk,36,gic_evid,equal_prior_posterior_approximation,ude_sir_h2,0.3050709993888936
noisy_sir_overfit_risk,37,gic_pred,predictive_support,neural_ode_h2,0.016707368804624655
noisy_sir_overfit_risk,37,gic_pred,predictive_support,seir,0.2067695957528002
noisy_sir_overfit_risk,37,gic_pred,predictive_support,sir,0.20776950739497513
noisy_sir_overfit_risk,37,gic_pred,predictive_support,tv_sir,0.25704407000498875
noisy_sir_overfit_risk,37,gic_pred,predictive_support,ude_sir_h2,0.3117094580426113
noisy_sir_overfit_risk,37,gic_evid,equal_prior_posterior_approximation,neural_ode_h2,4.88532884238147e-06
noisy_sir_overfit_risk,37,gic_evid,equal_prior_posterior_approximation,seir,0.1082007523147849
noisy_sir_overfit_risk,37,gic_evid,equal_prior_posterior_approximation,sir,0.34370625350971384
noisy_sir_overfit_risk,37,gic_evid,equal_prior_posterior_approximation,tv_sir,0.1533493084426196
noisy_sir_overfit_risk,37,gic_evid,equal_prior_posterior_approximation,ude_sir_h2,0.3947388004040393
noisy_sir_overfit_risk,38,gic_pred,predictive_support,neural_ode_h2,0.0052052232403832525
noisy_sir_overfit_risk,38,gic_pred,predictive_support,seir,0.29965902285075874
noisy_sir_overfit_risk,38,gic_pred,predictive_support,sir,0.31818237214160744
noisy_sir_overfit_risk,38,gic_pred,predictive_support,tv_sir,0.17207375024377128
noisy_sir_overfit_risk,38,gic_pred,predictive_support,ude_sir_h2,0.20487963152347918
noisy_sir_overfit_risk,38,gic_evid,equal_prior_posterior_approximation,neural_ode_h2,4.220796688306875e-08
noisy_sir_overfit_risk,38,gic_evid,equal_prior_posterior_approximation,seir,0.3562776814086906
noisy_sir_overfit_risk,38,gic_evid,equal_prior_posterior_approximation,sir,0.3743723166867858
noisy_sir_overfit_risk,38,gic_evid,equal_prior_posterior_approximation,tv_sir,0.07653109576741923
noisy_sir_overfit_risk,38,gic_evid,equal_prior_posterior_approximation,ude_sir_h2,0.19281886392913747
noisy_sir_overfit_risk,39,gic_pred,predictive_support,neural_ode_h2,0.3655778656755512
noisy_sir_overfit_risk,39,gic_pred,predictive_support,seir,0.11346211465271834
noisy_sir_overfit_risk,39,gic_pred,predictive_support,sir,0.24872168607412273
noisy_sir_overfit_risk,39,gic_pred,predictive_support,tv_sir,0.122653637481454
noisy_sir_overfit_risk,39,gic_pred,predictive_support,ude_sir_h2,0.1495846961161539
noisy_sir_overfit_risk,39,gic_evid,equal_prior_posterior_approximation,neural_ode_h2,1.5898516233227345e-07
noisy_sir_overfit_risk,39,gic_evid,equal_prior_posterior_approximation,seir,0.13159872602717088
noisy_sir_overfit_risk,39,gic_evid,equal_prior_posterior_approximation,sir,0.4865336055904426
noisy_sir_overfit_risk,39,gic_evid,equal_prior_posterior_approximation,tv_sir,0.08852825156613225
noisy_sir_overfit_risk,39,gic_evid,equal_prior_posterior_approximation,ude_sir_h2,0.29333925783109205
noisy_sir_overfit_risk,40,gic_pred,predictive_support,neural_ode_h2,0.00747880976338883
noisy_sir_overfit_risk,40,gic_pred,predictive_support,seir,0.1581133818768765
noisy_sir_overfit_risk,40,gic_pred,predictive_support,sir,0.40141075486140393
noisy_sir_overfit_risk,40,gic_pred,predictive_support,tv_sir,0.18531653885394309
noisy_sir_overfit_risk,40,gic_pred,predictive_support,ude_sir_h2,0.24768051464438756
noisy_sir_overfit_risk,40,gic_evid,equal_prior_posterior_approximation,neural_ode_h2,6.495386008406886e-08
noisy_sir_overfit_risk,40,gic_evid,equal_prior_posterior_approximation,seir,0.08903375673862712
noisy_sir_overfit_risk,40,gic_evid,equal_prior_posterior_approximation,sir,0.5187617084614892
noisy_sir_overfit_risk,40,gic_evid,equal_prior_posterior_approximation,tv_sir,0.09036630872206651
noisy_sir_overfit_risk,40,gic_evid,equal_prior_posterior_approximation,ude_sir_h2,0.30183816112395706
noisy_sir_overfit_risk,41,gic_pred,predictive_support,neural_ode_h2,0.011929078636907144
noisy_sir_overfit_risk,41,gic_pred,predictive_support,seir,0.12384656434863425
noisy_sir_overfit_risk,41,gic_pred,predictive_support,sir,0.42293484055329306
noisy_sir_overfit_risk,41,gic_pred,predictive_support,tv_sir,0.19306472541280895
noisy_sir_overfit_risk,41,gic_pred,predictive_support,ude_sir_h2,0.2482247910483566
noisy_sir_overfit_risk,41,gic_evid,equal_prior_posterior_approximation,neural_ode_h2,2.579677695857049e-07
noisy_sir_overfit_risk,41,gic_evid,equal_prior_posterior_approximation,seir,0.07925925478174677
noisy_sir_overfit_risk,41,gic_evid,equal_prior_posterior_approximation,sir,0.5305448088425689
noisy_sir_overfit_risk,41,gic_evid,equal_prior_posterior_approximation,tv_sir,0.08649640990061225
noisy_sir_overfit_risk,41,gic_evid,equal_prior_posterior_approximation,ude_sir_h2,0.3036992685073024
noisy_sir_overfit_risk,42,gic_pred,predictive_support,neural_ode_h2,0.002209784926820022
noisy_sir_overfit_risk,42,gic_pred,predictive_support,seir,0.5021267194865353
noisy_sir_overfit_risk,42,gic_pred,predictive_support,sir,0.05096268748858463
noisy_sir_overfit_risk,42,gic_pred,predictive_support,tv_sir,0.2443427208649436
noisy_sir_overfit_risk,42,gic_pred,predictive_support,ude_sir_h2,0.2003580872331164
noisy_sir_overfit_risk,42,gic_evid,equal_prior_posterior_approximation,neural_ode_h2,1.4627986057885054e-09
noisy_sir_overfit_risk,42,gic_evid,equal_prior_posterior_approximation,seir,0.6800318189891761
noisy_sir_overfit_risk,42,gic_evid,equal_prior_posterior_approximation,sir,0.0721750385985483
noisy_sir_overfit_risk,42,gic_evid,equal_prior_posterior_approximation,tv_sir,0.12430150086033757
noisy_sir_overfit_risk,42,gic_evid,equal_prior_posterior_approximation,ude_sir_h2,0.12349164008913933
noisy_sir_overfit_risk,43,gic_pred,predictive_support,neural_ode_h2,0.04220091081157467
noisy_sir_overfit_risk,43,gic_pred,predictive_support,seir,0.43817647678725336
noisy_sir_overfit_risk,43,gic_pred,predictive_support,sir,0.0264449769084433
noisy_sir_overfit_risk,43,gic_pred,predictive_support,tv_sir,0.261685235829438
noisy_sir_overfit_risk,43,gic_pred,predictive_support,ude_sir_h2,0.2314923996632907
noisy_sir_overfit_risk,43,gic_evid,equal_prior_posterior_approximation,neural_ode_h2,5.104056880483749e-08
noisy_sir_overfit_risk,43,gic_evid,equal_prior_posterior_approximation,seir,0.6896784889894676
noisy_sir_overfit_risk,43,gic_evid,equal_prior_posterior_approximation,sir,0.04725278018077909
noisy_sir_overfit_risk,43,gic_evid,equal_prior_posterior_approximation,tv_sir,0.151118518465627
noisy_sir_overfit_risk,43,gic_evid,equal_prior_posterior_approximation,ude_sir_h2,0.11195016132355758
noisy_sir_overfit_risk,44,gic_pred,predictive_support,neural_ode_h2,0.18809252356518677
noisy_sir_overfit_risk,44,gic_pred,predictive_support,seir,0.21962025590146747
noisy_sir_overfit_risk,44,gic_pred,predictive_support,sir,0.2945755161361968
noisy_sir_overfit_risk,44,gic_pred,predictive_support,tv_sir,0.12549867855040606
noisy_sir_overfit_risk,44,gic_pred,predictive_support,ude_sir_h2,0.17221302584674286
noisy_sir_overfit_risk,44,gic_evid,equal_prior_posterior_approximation,neural_ode_h2,2.8706933882612877e-06
noisy_sir_overfit_risk,44,gic_evid,equal_prior_posterior_approximation,seir,0.212820596821087
noisy_sir_overfit_risk,44,gic_evid,equal_prior_posterior_approximation,sir,0.4778831533053761
noisy_sir_overfit_risk,44,gic_evid,equal_prior_posterior_approximation,tv_sir,0.07342602412351674
noisy_sir_overfit_risk,44,gic_evid,equal_prior_posterior_approximation,ude_sir_h2,0.2358673550566318
noisy_sir_overfit_risk,45,gic_pred,predictive_support,neural_ode_h2,0.008103965288678131
noisy_sir_overfit_risk,45,gic_pred,predictive_support,seir,0.05324646782243421
noisy_sir_overfit_risk,45,gic_pred,predictive_support,sir,0.15180697584125763
noisy_sir_overfit_risk,45,gic_pred,predictive_support,tv_sir,0.4520002952535535
noisy_sir_overfit_risk,45,gic_pred,predictive_support,ude_sir_h2,0.33484229579407654
noisy_sir_overfit_risk,45,gic_evid,equal_prior_posterior_approximation,neural_ode_h2,3.952980856902944e-07
noisy_sir_overfit_risk,45,gic_evid,equal_prior_posterior_approximation,seir,0.015632354480919673
noisy_sir_overfit_risk,45,gic_evid,equal_prior_posterior_approximation,sir,0.270267604453811
noisy_sir_overfit_risk,45,gic_evid,equal_prior_posterior_approximation,tv_sir,0.31121596781749217
noisy_sir_overfit_risk,45,gic_evid,equal_prior_posterior_approximation,ude_sir_h2,0.40288367794969143
noisy_sir_overfit_risk,46,gic_pred,predictive_support,neural_ode_h2,0.0007893133073904059
noisy_sir_overfit_risk,46,gic_pred,predictive_support,seir,0.2920604034670272
noisy_sir_overfit_risk,46,gic_pred,predictive_support,sir,0.32551650916219493
noisy_sir_overfit_risk,46,gic_pred,predictive_support,tv_sir,0.16656003161870517
noisy_sir_overfit_risk,46,gic_pred,predictive_support,ude_sir_h2,0.21507374244468228
noisy_sir_overfit_risk,46,gic_evid,equal_prior_posterior_approximation,neural_ode_h2,3.719097481401264e-08
noisy_sir_overfit_risk,46,gic_evid,equal_prior_posterior_approximation,seir,0.16673305804317395
noisy_sir_overfit_risk,46,gic_evid,equal_prior_posterior_approximation,sir,0.4578934884247044
noisy_sir_overfit_risk,46,gic_evid,equal_prior_posterior_approximation,tv_sir,0.09090756607531932
noisy_sir_overfit_risk,46,gic_evid,equal_prior_posterior_approximation,ude_sir_h2,0.2844658502658276
noisy_sir_overfit_risk,47,gic_pred,predictive_support,neural_ode_h2,0.030694945570740623
noisy_sir_overfit_risk,47,gic_pred,predictive_support,seir,0.10692577985082877
noisy_sir_overfit_risk,47,gic_pred,predictive_support,sir,0.42477576497632413
noisy_sir_overfit_risk,47,gic_pred,predictive_support,tv_sir,0.19077576824724427
noisy_sir_overfit_risk,47,gic_pred,predictive_support,ude_sir_h2,0.24682774135486216
noisy_sir_overfit_risk,47,gic_evid,equal_prior_posterior_approximation,neural_ode_h2,1.1187226485780826e-06
noisy_sir_overfit_risk,47,gic_evid,equal_prior_posterior_approximation,seir,0.06993525215487452
noisy_sir_overfit_risk,47,gic_evid,equal_prior_posterior_approximation,sir,0.5324111595292769
noisy_sir_overfit_risk,47,gic_evid,equal_prior_posterior_approximation,tv_sir,0.08655175207194839
noisy_sir_overfit_risk,47,gic_evid,equal_prior_posterior_approximation,ude_sir_h2,0.31110071752125174
noisy_sir_overfit_risk,48,gic_pred,predictive_support,neural_ode_h2,0.004471094906118869
noisy_sir_overfit_risk,48,gic_pred,predictive_support,seir,0.17438649926994088
noisy_sir_overfit_risk,48,gic_pred,predictive_support,sir,0.3408296558335663
noisy_sir_overfit_risk,48,gic_pred,predictive_support,tv_sir,0.13950024743753967
noisy_sir_overfit_risk,48,gic_pred,predictive_support,ude_sir_h2,0.3408125025528343
noisy_sir_overfit_risk,48,gic_evid,equal_prior_posterior_approximation,neural_ode_h2,7.831668085342739e-09
noisy_sir_overfit_risk,48,gic_evid,equal_prior_posterior_approximation,seir,0.10998007634249538
noisy_sir_overfit_risk,48,gic_evid,equal_prior_posterior_approximation,sir,0.4168989071769941
noisy_sir_overfit_risk,48,gic_evid,equal_prior_posterior_approximation,tv_sir,0.06777400278298185
noisy_sir_overfit_risk,48,gic_evid,equal_prior_posterior_approximation,ude_sir_h2,0.40534700586586053
noisy_sir_overfit_risk,49,gic_pred,predictive_support,neural_ode_h2,0.0018989017794878414
noisy_sir_overfit_risk,49,gic_pred,predictive_support,seir,0.32014979705418906
noisy_sir_overfit_risk,49,gic_pred,predictive_support,sir,0.1316715331394943
noisy_sir_overfit_risk,49,gic_pred,predictive_support,tv_sir,0.27736044675114907
noisy_sir_overfit_risk,49,gic_pred,predictive_support,ude_sir_h2,0.26891932127567975
noisy_sir_overfit_risk,49,gic_evid,equal_prior_posterior_approximation,neural_ode_h2,9.611923995196342e-07
noisy_sir_overfit_risk,49,gic_evid,equal_prior_posterior_approximation,seir,0.14152570267453063
noisy_sir_overfit_risk,49,gic_evid,equal_prior_posterior_approximation,sir,0.26009594507910183
noisy_sir_overfit_risk,49,gic_evid,equal_prior_posterior_approximation,tv_sir,0.22951903314095037
noisy_sir_overfit_risk,49,gic_evid,equal_prior_posterior_approximation,ude_sir_h2,0.36885835791301774
noisy_sir_overfit_risk,50,gic_pred,predictive_support,neural_ode_h2,0.004887103314180545
noisy_sir_overfit_risk,50,gic_pred,predictive_support,seir,0.36604924029092006
noisy_sir_overfit_risk,50,gic_pred,predictive_support,sir,0.2993399557786077
noisy_sir_overfit_risk,50,gic_pred,predictive_support,tv_sir,0.15387737675761307
noisy_sir_overfit_risk,50,gic_pred,predictive_support,ude_sir_h2,0.1758463238586786
noisy_sir_overfit_risk,50,gic_evid,equal_prior_posterior_approximation,neural_ode_h2,1.2773442405277766e-08
noisy_sir_overfit_risk,50,gic_evid,equal_prior_posterior_approximation,seir,0.4278148521105484
noisy_sir_overfit_risk,50,gic_evid,equal_prior_posterior_approximation,sir,0.3452292037804028
noisy_sir_overfit_risk,50,gic_evid,equal_prior_posterior_approximation,tv_sir,0.061070190369568254
noisy_sir_overfit_risk,50,gic_evid,equal_prior_posterior_approximation,ude_sir_h2,0.165885740966038
noisy_sir_overfit_risk,51,gic_pred,predictive_support,neural_ode_h2,0.048816641141395216
noisy_sir_overfit_risk,51,gic_pred,predictive_support,seir,0.1759727067715194
noisy_sir_overfit_risk,51,gic_pred,predictive_support,sir,0.3643950950762961
noisy_sir_overfit_risk,51,gic_pred,predictive_support,tv_sir,0.18425907220001378
noisy_sir_overfit_risk,51,gic_pred,predictive_support,ude_sir_h2,0.22655648481077548
noisy_sir_overfit_risk,51,gic_evid,equal_prior_posterior_approximation,neural_ode_h2,2.0440413854117007e-06
noisy_sir_overfit_risk,51,gic_evid,equal_prior_posterior_approximation,seir,0.13115306817161954
noisy_sir_overfit_risk,51,gic_evid,equal_prior_posterior_approximation,sir,0.48717305933942445
noisy_sir_overfit_risk,51,gic_evid,equal_prior_posterior_approximation,tv_sir,0.06649793385204475
noisy_sir_overfit_risk,51,gic_evid,equal_prior_posterior_approximation,ude_sir_h2,0.3151738945955259
noisy_sir_overfit_risk,52,gic_pred,predictive_support,neural_ode_h2,0.0003382015429373965
noisy_sir_overfit_risk,52,gic_pred,predictive_support,seir,0.2862055001487252
noisy_sir_overfit_risk,52,gic_pred,predictive_support,sir,0.34525064239298814
noisy_sir_overfit_risk,52,gic_pred,predictive_support,tv_sir,0.14723551914010904
noisy_sir_overfit_risk,52,gic_pred,predictive_support,ude_sir_h2,0.22097013677524022
noisy_sir_overfit_risk,52,gic_evid,equal_prior_posterior_approximation,neural_ode_h2,1.3123730920235801e-09
noisy_sir_overfit_risk,52,gic_evid,equal_prior_posterior_approximation,seir,0.23424447260877598
noisy_sir_overfit_risk,52,gic_evid,equal_prior_posterior_approximation,sir,0.41162119755220855
noisy_sir_overfit_risk,52,gic_evid,equal_prior_posterior_approximation,tv_sir,0.06707340890125639
noisy_sir_overfit_risk,52,gic_evid,equal_prior_posterior_approximation,ude_sir_h2,0.2870609196253861
noisy_sir_overfit_risk,53,gic_pred,predictive_support,neural_ode_h2,0.09171923761241625
noisy_sir_overfit_risk,53,gic_pred,predictive_support,seir,0.17872379760199564
noisy_sir_overfit_risk,53,gic_pred,predictive_support,sir,0.36120321789551596
noisy_sir_overfit_risk,53,gic_pred,predictive_support,tv_sir,0.15741798579885008
noisy_sir_overfit_risk,53,gic_pred,predictive_support,ude_sir_h2,0.210935761091222
noisy_sir_overfit_risk,53,gic_evid,equal_prior_posterior_approximation,neural_ode_h2,2.1945569836046071e-07
noisy_sir_overfit_risk,53,gic_evid,equal_prior_posterior_approximation,seir,0.16090315579575293
noisy_sir_overfit_risk,53,gic_evid,equal_prior_posterior_approximation,sir,0.502687699224852
noisy_sir_overfit_risk,53,gic_evid,equal_prior_posterior_approximation,tv_sir,0.086051172259125
noisy_sir_overfit_risk,53,gic_evid,equal_prior_posterior_approximation,ude_sir_h2,0.25035775326457166
noisy_sir_overfit_risk,54,gic_pred,predictive_support,neural_ode_h2,0.04934073088667135
noisy_sir_overfit_risk,54,gic_pred,predictive_support,seir,0.2965951890763118
noisy_sir_overfit_risk,54,gic_pred,predictive_support,sir,0.28519230125314526
noisy_sir_overfit_risk,54,gic_pred,predictive_support,tv_sir,0.162569516023494
noisy_sir_overfit_risk,54,gic_pred,predictive_support,ude_sir_h2,0.20630226276037755
noisy_sir_overfit_risk,54,gic_evid,equal_prior_posterior_approximation,neural_ode_h2,6.926140425351692e-08
noisy_sir_overfit_risk,54,gic_evid,equal_prior_posterior_approximation,seir,0.3238544985610033
noisy_sir_overfit_risk,54,gic_evid,equal_prior_posterior_approximation,sir,0.39274913932222605
noisy_sir_overfit_risk,54,gic_evid,equal_prior_posterior_approximation,tv_sir,0.08629017203571394
noisy_sir_overfit_risk,54,gic_evid,equal_prior_posterior_approximation,ude_sir_h2,0.19710612081965245
noisy_sir_overfit_risk,55,gic_pred,predictive_support,neural_ode_h2,0.004937123133459308
noisy_sir_overfit_risk,55,gic_pred,predictive_support,seir,0.14546260023960939
noisy_sir_overfit_risk,55,gic_pred,predictive_support,sir,0.36108434950711266
noisy_sir_overfit_risk,55,gic_pred,predictive_support,tv_sir,0.1274496747058515
noisy_sir_overfit_risk,55,gic_pred,predictive_support,ude_sir_h2,0.36106625241396717
noisy_sir_overfit_risk,55,gic_evid,equal_prior_posterior_approximation,neural_ode_h2,7.374142426593973e-08
noisy_sir_overfit_risk,55,gic_evid,equal_prior_posterior_approximation,seir,0.11111606517629538
noisy_sir_overfit_risk,55,gic_evid,equal_prior_posterior_approximation,sir,0.42354140789231765
noisy_sir_overfit_risk,55,gic_evid,equal_prior_posterior_approximation,tv_sir,0.05387404534893434
noisy_sir_overfit_risk,55,gic_evid,equal_prior_posterior_approximation,ude_sir_h2,0.4114684078410283
noisy_sir_overfit_risk,56,gic_pred,predictive_support,neural_ode_h2,0.0010494511178479088
noisy_sir_overfit_risk,56,gic_pred,predictive_support,seir,0.4719560863401209
noisy_sir_overfit_risk,56,gic_pred,predictive_support,sir,0.22028712608539125
noisy_sir_overfit_risk,56,gic_pred,predictive_support,tv_sir,0.1597697966959839
noisy_sir_overfit_risk,56,gic_pred,predictive_support,ude_sir_h2,0.14693753976065596
noisy_sir_overfit_risk,56,gic_evid,equal_prior_posterior_approximation,neural_ode_h2,2.955904871382045e-09
noisy_sir_overfit_risk,56,gic_evid,equal_prior_posterior_approximation,seir,0.26993971708791437
noisy_sir_overfit_risk,56,gic_evid,equal_prior_posterior_approximation,sir,0.381860646665847
noisy_sir_overfit_risk,56,gic_evid,equal_prior_posterior_approximation,tv_sir,0.11135496686778129
noisy_sir_overfit_risk,56,gic_evid,equal_prior_posterior_approximation,ude_sir_h2,0.23684466642255245
noisy_sir_overfit_risk,57,gic_pred,predictive_support,neural_ode_h2,0.005891289975700936
noisy_sir_overfit_risk,57,gic_pred,predictive_support,seir,0.17017139107045015
noisy_sir_overfit_risk,57,gic_pred,predictive_support,sir,0.4085787817059292
noisy_sir_overfit_risk,57,gic_pred,predictive_support,tv_sir,0.17566500568407514
noisy_sir_overfit_risk,57,gic_pred,predictive_support,ude_sir_h2,0.23969353156384451
noisy_sir_overfit_risk,57,gic_evid,equal_prior_posterior_approximation,neural_ode_h2,2.4701329678923775e-07
noisy_sir_overfit_risk,57,gic_evid,equal_prior_posterior_approximation,seir,0.10114078220739978
noisy_sir_overfit_risk,57,gic_evid,equal_prior_posterior_approximation,sir,0.5006597835009414
noisy_sir_overfit_risk,57,gic_evid,equal_prior_posterior_approximation,tv_sir,0.08518148687402026
noisy_sir_overfit_risk,57,gic_evid,equal_prior_posterior_approximation,ude_sir_h2,0.31301770040434174
noisy_sir_overfit_risk,58,gic_pred,predictive_support,neural_ode_h2,0.0028783111754239416
noisy_sir_overfit_risk,58,gic_pred,predictive_support,seir,0.15673804430564667
noisy_sir_overfit_risk,58,gic_pred,predictive_support,sir,0.3556303742068094
noisy_sir_overfit_risk,58,gic_pred,predictive_support,tv_sir,0.12914189417765756
noisy_sir_overfit_risk,58,gic_pred,predictive_support,ude_sir_h2,0.35561137613446236
noisy_sir_overfit_risk,58,gic_evid,equal_prior_posterior_approximation,neural_ode_h2,5.516898511610737e-08
noisy_sir_overfit_risk,58,gic_evid,equal_prior_posterior_approximation,seir,0.12253688338814689
noisy_sir_overfit_risk,58,gic_evid,equal_prior_posterior_approximation,sir,0.4147624530489658
noisy_sir_overfit_risk,58,gic_evid,equal_prior_posterior_approximation,tv_sir,0.059452333645748555
noisy_sir_overfit_risk,58,gic_evid,equal_prior_posterior_approximation,ude_sir_h2,0.4032482747481537
noisy_sir_overfit_risk,59,gic_pred,predictive_support,neural_ode_h2,0.018827232870033985
noisy_sir_overfit_risk,59,gic_pred,predictive_support,seir,0.4700082844901782
noisy_sir_overfit_risk,59,gic_pred,predictive_support,sir,0.20288851953769751
noisy_sir_overfit_risk,59,gic_pred,predictive_support,tv_sir,0.1488906086520735
noisy_sir_overfit_risk,59,gic_pred,predictive_support,ude_sir_h2,0.1593853544500167
noisy_sir_overfit_risk,59,gic_evid,equal_prior_posterior_approximation,neural_ode_h2,4.426859093336691e-08
noisy_sir_overfit_risk,59,gic_evid,equal_prior_posterior_approximation,seir,0.5222309894302152
noisy_sir_overfit_risk,59,gic_evid,equal_prior_posterior_approximation,sir,0.2673989625132373
noisy_sir_overfit_risk,59,gic_evid,equal_prior_posterior_approximation,tv_sir,0.07020970408138102
noisy_sir_overfit_risk,59,gic_evid,equal_prior_posterior_approximation,ude_sir_h2,0.14016029970657554
noisy_sir_overfit_risk,60,gic_pred,predictive_support,neural_ode_h2,0.006758047934635873
noisy_sir_overfit_risk,60,gic_pred,predictive_support,seir,0.5109382648697217
noisy_sir_overfit_risk,60,gic_pred,predictive_support,sir,0.1191225840419853
noisy_sir_overfit_risk,60,gic_pred,predictive_support,tv_sir,0.18899726824456534
noisy_sir_overfit_risk,60,gic_pred,predictive_support,ude_sir_h2,0.17418383490909167
noisy_sir_overfit_risk,60,gic_evid,equal_prior_posterior_approximation,neural_ode_h2,6.160231016834588e-09
noisy_sir_overfit_risk,60,gic_evid,equal_prior_posterior_approximation,seir,0.6128501135737509
noisy_sir_overfit_risk,60,gic_evid,equal_prior_posterior_approximation,sir,0.16150148327667205
noisy_sir_overfit_risk,60,gic_evid,equal_prior_posterior_approximation,tv_sir,0.09613392641442009
noisy_sir_overfit_risk,60,gic_evid,equal_prior_posterior_approximation,ude_sir_h2,0.12951447057492596
noisy_sir_overfit_risk,61,gic_pred,predictive_support,neural_ode_h2,0.0027814475607070544
noisy_sir_overfit_risk,61,gic_pred,predictive_support,seir,0.38178647055939274
noisy_sir_overfit_risk,61,gic_pred,predictive_support,sir,0.22890184814821607
noisy_sir_overfit_risk,61,gic_pred,predictive_support,tv_sir,0.18731030364265383
noisy_sir_overfit_risk,61,gic_pred,predictive_support,ude_sir_h2,0.19921993008903027
noisy_sir_overfit_risk,61,gic_evid,equal_prior_posterior_approximation,neural_ode_h2,6.673083468038818e-09
noisy_sir_overfit_risk,61,gic_evid,equal_prior_posterior_approximation,seir,0.46527287301802434
noisy_sir_overfit_risk,61,gic_evid,equal_prior_posterior_approximation,sir,0.2810482763816158
noisy_sir_overfit_risk,61,gic_evid,equal_prior_posterior_approximation,tv_sir,0.08799697464482475
noisy_sir_overfit_risk,61,gic_evid,equal_prior_posterior_approximation,ude_sir_h2,0.16568186928245177
noisy_sir_overfit_risk,62,gic_pred,predictive_support,neural_ode_h2,0.05639515013571117
noisy_sir_overfit_risk,62,gic_pred,predictive_support,seir,0.23250185423922934
noisy_sir_overfit_risk,62,gic_pred,predictive_support,sir,0.3155328923879083
noisy_sir_overfit_risk,62,gic_pred,predictive_support,tv_sir,0.1728849336087141
noisy_sir_overfit_risk,62,gic_pred,predictive_support,ude_sir_h2,0.22268516962843704
noisy_sir_overfit_risk,62,gic_evid,equal_prior_posterior_approximation,neural_ode_h2,1.6220095549031207e-07
noisy_sir_overfit_risk,62,gic_evid,equal_prior_posterior_approximation,seir,0.25752023013970354
noisy_sir_overfit_risk,62,gic_evid,equal_prior_posterior_approximation,sir,0.4336789786375175
noisy_sir_overfit_risk,62,gic_evid,equal_prior_posterior_approximation,tv_sir,0.0922308324765173
noisy_sir_overfit_risk,62,gic_evid,equal_prior_posterior_approximation,ude_sir_h2,0.21656979654530617
noisy_sir_overfit_risk,63,gic_pred,predictive_support,neural_ode_h2,0.006763495673803793
noisy_sir_overfit_risk,63,gic_pred,predictive_support,seir,0.29772148273906557
noisy_sir_overfit_risk,63,gic_pred,predictive_support,sir,0.3275272529319363
noisy_sir_overfit_risk,63,gic_pred,predictive_support,tv_sir,0.16331091439892714
noisy_sir_overfit_risk,63,gic_pred,predictive_support,ude_sir_h2,0.2046768542562673
noisy_sir_overfit_risk,63,gic_evid,equal_prior_posterior_approximation,neural_ode_h2,1.6962618306943692e-07
noisy_sir_overfit_risk,63,gic_evid,equal_prior_posterior_approximation,seir,0.3588903491948971
noisy_sir_overfit_risk,63,gic_evid,equal_prior_posterior_approximation,sir,0.37723259796334696
noisy_sir_overfit_risk,63,gic_evid,equal_prior_posterior_approximation,tv_sir,0.0696138738993903
noisy_sir_overfit_risk,63,gic_evid,equal_prior_posterior_approximation,ude_sir_h2,0.1942630093161827
noisy_sir_overfit_risk,64,gic_pred,predictive_support,neural_ode_h2,0.005758592399266113
noisy_sir_overfit_risk,64,gic_pred,predictive_support,seir,0.19009361807155356
noisy_sir_overfit_risk,64,gic_pred,predictive_support,sir,0.39711901427355206
noisy_sir_overfit_risk,64,gic_pred,predictive_support,tv_sir,0.16700873608196817
noisy_sir_overfit_risk,64,gic_pred,predictive_support,ude_sir_h2,0.24002003917366013
noisy_sir_overfit_risk,64,gic_evid,equal_prior_posterior_approximation,neural_ode_h2,2.584854914059379e-08
noisy_sir_overfit_risk,64,gic_evid,equal_prior_posterior_approximation,seir,0.11166042303561324
noisy_sir_overfit_risk,64,gic_evid,equal_prior_posterior_approximation,sir,0.4829318401771625
noisy_sir_overfit_risk,64,gic_evid,equal_prior_posterior_approximation,tv_sir,0.07979776094663318
noisy_sir_overfit_risk,64,gic_evid,equal_prior_posterior_approximation,ude_sir_h2,0.3256099499920421
noisy_sir_overfit_risk,65,gic_pred,predictive_support,neural_ode_h2,0.006672797310562132
noisy_sir_overfit_risk,65,gic_pred,predictive_support,seir,0.15578581288750626
noisy_sir_overfit_risk,65,gic_pred,predictive_support,sir,0.4087471705095659
noisy_sir_overfit_risk,65,gic_pred,predictive_support,tv_sir,0.1606594640041054
noisy_sir_overfit_risk,65,gic_pred,predictive_support,ude_sir_h2,0.26813475528826025
noisy_sir_overfit_risk,65,gic_evid,equal_prior_posterior_approximation,neural_ode_h2,5.66249650996125e-08
noisy_sir_overfit_risk,65,gic_evid,equal_prior_posterior_approximation,seir,0.09474478281705291
noisy_sir_overfit_risk,65,gic_evid,equal_prior_posterior_approximation,sir,0.47929358827300594
noisy_sir_overfit_risk,65,gic_evid,equal_prior_posterior_approximation,tv_sir,0.07346089473872214
noisy_sir_overfit_risk,65,gic_evid,equal_prior_posterior_approximation,ude_sir_h2,0.35250067754625397
noisy_sir_overfit_risk,66,gic_pred,predictive_support,neural_ode_h2,0.006041242273632229
noisy_sir_overfit_risk,66,gic_pred,predictive_support,seir,0.35328128243461204
noisy_sir_overfit_risk,66,gic_pred,predictive_support,sir,0.07652050389804778
noisy_sir_overfit_risk,66,gic_pred,predictive_support,tv_sir,0.29383082160087454
noisy_sir_overfit_risk,66,gic_pred,predictive_support,ude_sir_h2,0.27032614979283337
noisy_sir_overfit_risk,66,gic_evid,equal_prior_posterior_approximation,neural_ode_h2,3.002886821305962e-09
noisy_sir_overfit_risk,66,gic_evid,equal_prior_posterior_approximation,seir,0.5558731056855624
noisy_sir_overfit_risk,66,gic_evid,equal_prior_posterior_approximation,sir,0.1172718643328282
noisy_sir_overfit_risk,66,gic_evid,equal_prior_posterior_approximation,tv_sir,0.1545738527722292
noisy_sir_overfit_risk,66,gic_evid,equal_prior_posterior_approximation,ude_sir_h2,0.1722811742064935
noisy_sir_overfit_risk,67,gic_pred,predictive_support,neural_ode_h2,0.002733535127601454
noisy_sir_overfit_risk,67,gic_pred,predictive_support,seir,0.3045352761123016
noisy_sir_overfit_risk,67,gic_pred,predictive_support,sir,0.330646884959736
noisy_sir_overfit_risk,67,gic_pred,predictive_support,tv_sir,0.16601795995411148
noisy_sir_overfit_risk,67,gic_pred,predictive_support,ude_sir_h2,0.19606634384624946
noisy_sir_overfit_risk,67,gic_evid,equal_prior_posterior_approximation,neural_ode_h2,7.080708297514884e-09
noisy_sir_overfit_risk,67,gic_evid,equal_prior_posterior_approximation,seir,0.34438908598298207
noisy_sir_overfit_risk,67,gic_evid,equal_prior_posterior_approximation,sir,0.38760657412783317
noisy_sir_overfit_risk,67,gic_evid,equal_prior_posterior_approximation,tv_sir,0.07273420357379257
noisy_sir_overfit_risk,67,gic_evid,equal_prior_posterior_approximation,ude_sir_h2,0.19527012923468387
noisy_sir_overfit_risk,68,gic_pred,predictive_support,neural_ode_h2,0.028848391003448996
noisy_sir_overfit_risk,68,gic_pred,predictive_support,seir,0.24489492421325915
noisy_sir_overfit_risk,68,gic_pred,predictive_support,sir,0.36996269570310514
noisy_sir_overfit_risk,68,gic_pred,predictive_support,tv_sir,0.1494156619853777
noisy_sir_overfit_risk,68,gic_pred,predictive_support,ude_sir_h2,0.20687832709480908
noisy_sir_overfit_risk,68,gic_evid,equal_prior_posterior_approximation,neural_ode_h2,6.83792753913502e-07
noisy_sir_overfit_risk,68,gic_evid,equal_prior_posterior_approximation,seir,0.19573949913387823
noisy_sir_overfit_risk,68,gic_evid,equal_prior_posterior_approximation,sir,0.466149734591278
noisy_sir_overfit_risk,68,gic_evid,equal_prior_posterior_approximation,tv_sir,0.07124796943414002
noisy_sir_overfit_risk,68,gic_evid,equal_prior_posterior_approximation,ude_sir_h2,0.2668621130479498
noisy_sir_overfit_risk,69,gic_pred,predictive_support,neural_ode_h2,0.012752066514365449
noisy_sir_overfit_risk,69,gic_pred,predictive_support,seir,0.18925537782018098
noisy_sir_overfit_risk,69,gic_pred,predictive_support,sir,0.38126520020169324
noisy_sir_overfit_risk,69,gic_pred,predictive_support,tv_sir,0.13894596917106256
noisy_sir_overfit_risk,69,gic_pred,predictive_support,ude_sir_h2,0.2777813862926979
noisy_sir_overfit_risk,69,gic_evid,equal_prior_posterior_approximation,neural_ode_h2,7.180308881411697e-08
noisy_sir_overfit_risk,69,gic_evid,equal_prior_posterior_approximation,seir,0.1479389583781707
noisy_sir_overfit_risk,69,gic_evid,equal_prior_posterior_approximation,sir,0.44163012156867576
noisy_sir_overfit_risk,69,gic_evid,equal_prior_posterior_approximation,tv_sir,0.06075735103334724
noisy_sir_overfit_risk,69,gic_evid,equal_prior_posterior_approximation,ude_sir_h2,0.3496734972167175
noisy_sir_overfit_risk,70,gic_pred,predictive_support,neural_ode_h2,0.019707282722942122
noisy_sir_overfit_risk,70,gic_pred,predictive_support,seir,0.22537031624630155
noisy_sir_overfit_risk,70,gic_pred,predictive_support,sir,0.36128983700186545
noisy_sir_overfit_risk,70,gic_pred,predictive_support,tv_sir,0.18200275464914178
noisy_sir_overfit_risk,70,gic_pred,predictive_support,ude_sir_h2,0.21162980937974898
noisy_sir_overfit_risk,70,gic_evid,equal_prior_posterior_approximation,neural_ode_h2,5.775526812793637e-08
noisy_sir_overfit_risk,70,gic_evid,equal_prior_posterior_approximation,seir,0.1245585869174433
noisy_sir_overfit_risk,70,gic_evid,equal_prior_posterior_approximation,sir,0.4767815040005401
noisy_sir_overfit_risk,70,gic_evid,equal_prior_posterior_approximation,tv_sir,0.0957300557662914
noisy_sir_overfit_risk,70,gic_evid,equal_prior_posterior_approximation,ude_sir_h2,0.30292979556045696
noisy_sir_overfit_risk,71,gic_pred,predictive_support,neural_ode_h2,0.01522861485770295
noisy_sir_overfit_risk,71,gic_pred,predictive_support,seir,0.45196343702885966
noisy_sir_overfit_risk,71,gic_pred,predictive_support,sir,0.22978033430167175
noisy_sir_overfit_risk,71,gic_pred,predictive_support,tv_sir,0.14395545520169759
noisy_sir_overfit_risk,71,gic_pred,predictive_support,ude_sir_h2,0.15907215861006815
noisy_sir_overfit_risk,71,gic_evid,equal_prior_posterior_approximation,neural_ode_h2,2.0283983268663956e-07
noisy_sir_overfit_risk,71,gic_evid,equal_prior_posterior_approximation,seir,0.49743093208197237
noisy_sir_overfit_risk,71,gic_evid,equal_prior_posterior_approximation,sir,0.2894744057666571
noisy_sir_overfit_risk,71,gic_evid,equal_prior_posterior_approximation,tv_sir,0.06479741604222405
noisy_sir_overfit_risk,71,gic_evid,equal_prior_posterior_approximation,ude_sir_h2,0.14829704326931387
noisy_sir_overfit_risk,72,gic_pred,predictive_support,neural_ode_h2,0.013816801826699419
noisy_sir_overfit_risk,72,gic_pred,predictive_support,seir,0.2976449199675373
noisy_sir_overfit_risk,72,gic_pred,predictive_support,sir,0.31540112548831445
noisy_sir_overfit_risk,72,gic_pred,predictive_support,tv_sir,0.16137854506235502
noisy_sir_overfit_risk,72,gic_pred,predictive_support,ude_sir_h2,0.21175860765509386
noisy_sir_overfit_risk,72,gic_evid,equal_prior_posterior_approximation,neural_ode_h2,5.556104933386159e-09
noisy_sir_overfit_risk,72,gic_evid,equal_prior_posterior_approximation,seir,0.18307402601184558
noisy_sir_overfit_risk,72,gic_evid,equal_prior_posterior_approximation,sir,0.42027515770170926
noisy_sir_overfit_risk,72,gic_evid,equal_prior_posterior_approximation,tv_sir,0.08095665887146407
noisy_sir_overfit_risk,72,gic_evid,equal_prior_posterior_approximation,ude_sir_h2,0.31569415185887617
noisy_sir_overfit_risk,73,gic_pred,predictive_support,neural_ode_h2,0.0009904744948326463
noisy_sir_overfit_risk,73,gic_pred,predictive_support,seir,0.3396379250124121
noisy_sir_overfit_risk,73,gic_pred,predictive_support,sir,0.1882905041902909
noisy_sir_overfit_risk,73,gic_pred,predictive_support,tv_sir,0.2262764264173016
noisy_sir_overfit_risk,73,gic_pred,predictive_support,ude_sir_h2,0.24480466988516256
noisy_sir_overfit_risk,73,gic_evid,equal_prior_posterior_approximation,neural_ode_h2,3.840248572433656e-08
noisy_sir_overfit_risk,73,gic_evid,equal_prior_posterior_approximation,seir,0.1729131496186351
noisy_sir_overfit_risk,73,gic_evid,equal_prior_posterior_approximation,sir,0.33627261228818217
noisy_sir_overfit_risk,73,gic_evid,equal_prior_posterior_approximation,tv_sir,0.15435781510060004
noisy_sir_overfit_risk,73,gic_evid,equal_prior_posterior_approximation,ude_sir_h2,0.33645638459009697
noisy_sir_overfit_risk,74,gic_pred,predictive_support,neural_ode_h2,0.008812773131084818
noisy_sir_overfit_risk,74,gic_pred,predictive_support,seir,0.1772109787307204
noisy_sir_overfit_risk,74,gic_pred,predictive_support,sir,0.4009244588815676
noisy_sir_overfit_risk,74,gic_pred,predictive_support,tv_sir,0.18209538335439712
noisy_sir_overfit_risk,74,gic_pred,predictive_support,ude_sir_h2,0.2309564059022301
noisy_sir_overfit_risk,74,gic_evid,equal_prior_posterior_approximation,neural_ode_h2,6.539586301342795e-08
noisy_sir_overfit_risk,74,gic_evid,equal_prior_posterior_approximation,seir,0.1001835035312736
noisy_sir_overfit_risk,74,gic_evid,equal_prior_posterior_approximation,sir,0.49910198962077895
noisy_sir_overfit_risk,74,gic_evid,equal_prior_posterior_approximation,tv_sir,0.09031635684748636
noisy_sir_overfit_risk,74,gic_evid,equal_prior_posterior_approximation,ude_sir_h2,0.3103980846045982
noisy_sir_overfit_risk,75,gic_pred,predictive_support,neural_ode_h2,0.012211167557277093
noisy_sir_overfit_risk,75,gic_pred,predictive_support,seir,0.16841447489372133
noisy_sir_overfit_risk,75,gic_pred,predictive_support,sir,0.31508310031633907
noisy_sir_overfit_risk,75,gic_pred,predictive_support,tv_sir,0.23932495314452307
noisy_sir_overfit_risk,75,gic_pred,predictive_support,ude_sir_h2,0.2649663040881395
noisy_sir_overfit_risk,75,gic_evid,equal_prior_posterior_approximation,neural_ode_h2,4.457649452402986e-07
noisy_sir_overfit_risk,75,gic_evid,equal_prior_posterior_approximation,seir,0.08199695456589079
noisy_sir_overfit_risk,75,gic_evid,equal_prior_posterior_approximation,sir,0.45441749824779976
noisy_sir_overfit_risk,75,gic_evid,equal_prior_posterior_approximation,tv_sir,0.1355582808752682
noisy_sir_overfit_risk,75,gic_evid,equal_prior_posterior_approximation,ude_sir_h2,0.32802682054609594
noisy_sir_overfit_risk,76,gic_pred,predictive_support,neural_ode_h2,0.049697373060075364
noisy_sir_overfit_risk,76,gic_pred,predictive_support,seir,0.16661141479789257
noisy_sir_overfit_risk,76,gic_pred,predictive_support,sir,0.37782726921489596
noisy_sir_overfit_risk,76,gic_pred,predictive_support,tv_sir,0.18393576147254098
noisy_sir_overfit_risk,76,gic_pred,predictive_support,ude_sir_h2,0.22192818145459514
noisy_sir_overfit_risk,76,gic_evid,equal_prior_posterior_approximation,neural_ode_h2,1.615153198517032e-06
noisy_sir_overfit_risk,76,gic_evid,equal_prior_posterior_approximation,seir,0.07073812602974368
noisy_sir_overfit_risk,76,gic_evid,equal_prior_posterior_approximation,sir,0.5226955327304376
noisy_sir_overfit_risk,76,gic_evid,equal_prior_posterior_approximation,tv_sir,0.09903085443544216
noisy_sir_overfit_risk,76,gic_evid,equal_prior_posterior_approximation,ude_sir_h2,0.30753387165117807
noisy_sir_overfit_risk,77,gic_pred,predictive_support,neural_ode_h2,0.0010147828511153395
noisy_sir_overfit_risk,77,gic_pred,predictive_support,seir,0.3681469402556215
noisy_sir_overfit_risk,77,gic_pred,predictive_support,sir,0.01607504622189929
noisy_sir_overfit_risk,77,gic_pred,predictive_support,tv_sir,0.34499460522835595
noisy_sir_overfit_risk,77,gic_pred,predictive_support,ude_sir_h2,0.2697686254430079
noisy_sir_overfit_risk,77,gic_evid,equal_prior_posterior_approximation,neural_ode_h2,2.9717107282905546e-06
noisy_sir_overfit_risk,77,gic_evid,equal_prior_posterior_approximation,seir,0.19176670791864897
noisy_sir_overfit_risk,77,gic_evid,equal_prior_posterior_approximation,sir,0.049293479781670216
noisy_sir_overfit_risk,77,gic_evid,equal_prior_posterior_approximation,tv_sir,0.35753598786051805
noisy_sir_overfit_risk,77,gic_evid,equal_prior_posterior_approximation,ude_sir_h2,0.40140085272843445
noisy_sir_overfit_risk,78,gic_pred,predictive_support,neural_ode_h2,0.0030835569041178725
noisy_sir_overfit_risk,78,gic_pred,predictive_support,seir,0.3112088222254352
noisy_sir_overfit_risk,78,gic_pred,predictive_support,sir,0.2603143483713128
noisy_sir_overfit_risk,78,gic_pred,predictive_support,tv_sir,0.20428658430734303
noisy_sir_overfit_risk,78,gic_pred,predictive_support,ude_sir_h2,0.22110668819179105
noisy_sir_overfit_risk,78,gic_evid,equal_prior_posterior_approximation,neural_ode_h2,6.7489605311843075e-09
noisy_sir_overfit_risk,78,gic_evid,equal_prior_posterior_approximation,seir,0.3812620165136193
noisy_sir_overfit_risk,78,gic_evid,equal_prior_posterior_approximation,sir,0.3319308849708988
noisy_sir_overfit_risk,78,gic_evid,equal_prior_posterior_approximation,tv_sir,0.09880654438848292
noisy_sir_overfit_risk,78,gic_evid,equal_prior_posterior_approximation,ude_sir_h2,0.18800054737803848
noisy_sir_overfit_risk,79,gic_pred,predictive_support,neural_ode_h2,0.02556425336673785
noisy_sir_overfit_risk,79,gic_pred,predictive_support,seir,0.15126440602768387
noisy_sir_overfit_risk,79,gic_pred,predictive_support,sir,0.3491242514763188
noisy_sir_overfit_risk,79,gic_pred,predictive_support,tv_sir,0.1249404914709062
noisy_sir_overfit_risk,79,gic_pred,predictive_support,ude_sir_h2,0.3491065976583533
noisy_sir_overfit_risk,79,gic_evid,equal_prior_posterior_approximation,neural_ode_h2,2.0604989631236613e-07
noisy_sir_overfit_risk,79,gic_evid,equal_prior_posterior_approximation,seir,0.10018723822303516
noisy_sir_overfit_risk,79,gic_evid,equal_prior_posterior_approximation,sir,0.42659719241428623
noisy_sir_overfit_risk,79,gic_evid,equal_prior_posterior_approximation,tv_sir,0.05845233004531653
noisy_sir_overfit_risk,79,gic_evid,equal_prior_posterior_approximation,ude_sir_h2,0.4147630332674658
regular_sir_full,0,gic_pred,predictive_support,neural_ode_h2,6.832676275352822e-05
regular_sir_full,0,gic_pred,predictive_support,seir,5.922195488196754e-15
regular_sir_full,0,gic_pred,predictive_support,sir,0.6494282764835578
regular_sir_full,0,gic_pred,predictive_support,tv_sir,0.1198492815426763
regular_sir_full,0,gic_pred,predictive_support,ude_sir_h2,0.23065411521100654
regular_sir_full,0,gic_evid,equal_prior_posterior_approximation,neural_ode_h2,1.2537499282524585e-26
regular_sir_full,0,gic_evid,equal_prior_posterior_approximation,seir,1.9518639655691904e-16
regular_sir_full,0,gic_evid,equal_prior_posterior_approximation,sir,0.9849217939243571
regular_sir_full,0,gic_evid,equal_prior_posterior_approximation,tv_sir,0.0012916758703222413
regular_sir_full,0,gic_evid,equal_prior_posterior_approximation,ude_sir_h2,0.013786530205320537
regular_sir_full,1,gic_pred,predictive_support,neural_ode_h2,0.003210908913423075
regular_sir_full,1,gic_pred,predictive_support,seir,1.186831258992858e-12
regular_sir_full,1,gic_pred,predictive_support,sir,0.22019038504626148
regular_sir_full,1,gic_pred,predictive_support,tv_sir,0.26159224967157696
regular_sir_full,1,gic_pred,predictive_support,ude_sir_h2,0.5150064563675516
regular_sir_full,1,gic_evid,equal_prior_posterior_approximation,neural_ode_h2,2.910597611853054e-24
regular_sir_full,1,gic_evid,equal_prior_posterior_approximation,seir,1.2708869766398076e-13
regular_sir_full,1,gic_evid,equal_prior_posterior_approximation,sir,0.9491490261620393
regular_sir_full,1,gic_evid,equal_prior_posterior_approximation,tv_sir,0.00790499602719314
regular_sir_full,1,gic_evid,equal_prior_posterior_approximation,ude_sir_h2,0.04294597781064044
regular_sir_full,2,gic_pred,predictive_support,neural_ode_h2,7.038388375723463e-06
regular_sir_full,2,gic_pred,predictive_support,seir,3.54274371625662e-18
regular_sir_full,2,gic_pred,predictive_support,sir,0.6189435889804471
regular_sir_full,2,gic_pred,predictive_support,tv_sir,0.11207589254178063
regular_sir_full,2,gic_pred,predictive_support,ude_sir_h2,0.26897348008939653
regular_sir_full,2,gic_evid,equal_prior_posterior_approximation,neural_ode_h2,1.67227439194735e-27
regular_sir_full,2,gic_evid,equal_prior_posterior_approximation,seir,1.1245050335232065e-19
regular_sir_full,2,gic_evid,equal_prior_posterior_approximation,sir,0.8797745567804942
regular_sir_full,2,gic_evid,equal_prior_posterior_approximation,tv_sir,0.0012013705217376973
regular_sir_full,2,gic_evid,equal_prior_posterior_approximation,ude_sir_h2,0.11902407269776821
regular_sir_full,3,gic_pred,predictive_support,neural_ode_h2,0.0001575182523744291
regular_sir_full,3,gic_pred,predictive_support,seir,5.394506158900624e-18
regular_sir_full,3,gic_pred,predictive_support,sir,0.6949453818956045
regular_sir_full,3,gic_pred,predictive_support,tv_sir,0.11858593973691585
regular_sir_full,3,gic_pred,predictive_support,ude_sir_h2,0.18631116011510523
regular_sir_full,3,gic_evid,equal_prior_posterior_approximation,neural_ode_h2,2.952585586335919e-26
regular_sir_full,3,gic_evid,equal_prior_posterior_approximation,seir,1.6104838918160255e-19
regular_sir_full,3,gic_evid,equal_prior_posterior_approximation,sir,0.9624662019604957
regular_sir_full,3,gic_evid,equal_prior_posterior_approximation,tv_sir,0.0012040587687683394
regular_sir_full,3,gic_evid,equal_prior_posterior_approximation,ude_sir_h2,0.036329739270735996
regular_sir_full,4,gic_pred,predictive_support,neural_ode_h2,1.5750113169761245e-06
regular_sir_full,4,gic_pred,predictive_support,seir,1.7546392250361978e-08
regular_sir_full,4,gic_pred,predictive_support,sir,0.5905242042004853
regular_sir_full,4,gic_pred,predictive_support,tv_sir,0.22151556752962506
regular_sir_full,4,gic_pred,predictive_support,ude_sir_h2,0.18795863571218038
regular_sir_full,4,gic_evid,equal_prior_posterior_approximation,neural_ode_h2,9.867147148096496e-29
regular_sir_full,4,gic_evid,equal_prior_posterior_approximation,seir,7.077883086440751e-10
regular_sir_full,4,gic_evid,equal_prior_posterior_approximation,sir,0.9872388251814885
regular_sir_full,4,gic_evid,equal_prior_posterior_approximation,tv_sir,0.002575642436834858
regular_sir_full,4,gic_evid,equal_prior_posterior_approximation,ude_sir_h2,0.010185531673888278
regular_sir_full,5,gic_pred,predictive_support,neural_ode_h2,3.0193876985181905e-06
regular_sir_full,5,gic_pred,predictive_support,seir,2.2862957534092754e-24
regular_sir_full,5,gic_pred,predictive_support,sir,0.6759101663235514
regular_sir_full,5,gic_pred,predictive_support,tv_sir,0.1093564541160933
regular_sir_full,5,gic_pred,predictive_support,ude_sir_h2,0.21473036017265665
regular_sir_full,5,gic_evid,equal_prior_posterior_approximation,neural_ode_h2,1.006529020977008e-29
regular_sir_full,5,gic_evid,equal_prior_posterior_approximation,seir,6.617236925996872e-26
regular_sir_full,5,gic_evid,equal_prior_posterior_approximation,sir,0.9793039730052849
regular_sir_full,5,gic_evid,equal_prior_posterior_approximation,tv_sir,0.001173570546756362
regular_sir_full,5,gic_evid,equal_prior_posterior_approximation,ude_sir_h2,0.019522456447958757
regular_sir_full,6,gic_pred,predictive_support,neural_ode_h2,0.0003318810431442954
regular_sir_full,6,gic_pred,predictive_support,seir,1.2328608839909242e-14
regular_sir_full,6,gic_pred,predictive_support,sir,0.32299675765002595
regular_sir_full,6,gic_pred,predictive_support,tv_sir,0.2912387440446604
regular_sir_full,6,gic_pred,predictive_support,ude_sir_h2,0.38543261726215694
regular_sir_full,6,gic_evid,equal_prior_posterior_approximation,neural_ode_h2,6.113310491340711e-25
regular_sir_full,6,gic_evid,equal_prior_posterior_approximation,seir,8.422666192797825e-16
regular_sir_full,6,gic_evid,equal_prior_posterior_approximation,sir,0.8467422342576755
regular_sir_full,6,gic_evid,equal_prior_posterior_approximation,tv_sir,0.005793213852291213
regular_sir_full,6,gic_evid,equal_prior_posterior_approximation,ude_sir_h2,0.1474645518900327
regular_sir_full,7,gic_pred,predictive_support,neural_ode_h2,1.7809986603161525e-05
regular_sir_full,7,gic_pred,predictive_support,seir,2.126741703852877e-12
regular_sir_full,7,gic_pred,predictive_support,sir,0.6092866378609059
regular_sir_full,7,gic_pred,predictive_support,tv_sir,0.11060681230513073
regular_sir_full,7,gic_pred,predictive_support,ude_sir_h2,0.2800887398452336
regular_sir_full,7,gic_evid,equal_prior_posterior_approximation,neural_ode_h2,4.054988449055886e-27
regular_sir_full,7,gic_evid,equal_prior_posterior_approximation,seir,6.026241412712e-14
regular_sir_full,7,gic_evid,equal_prior_posterior_approximation,sir,0.8696219891341505
regular_sir_full,7,gic_evid,equal_prior_posterior_approximation,tv_sir,0.0011294039136283494
regular_sir_full,7,gic_evid,equal_prior_posterior_approximation,ude_sir_h2,0.12924860695216114
regular_sir_full,8,gic_pred,predictive_support,neural_ode_h2,0.0001062823623044093
regular_sir_full,8,gic_pred,predictive_support,seir,2.540957466408507e-18
regular_sir_full,8,gic_pred,predictive_support,sir,0.5995772606852249
regular_sir_full,8,gic_pred,predictive_support,tv_sir,0.12042743467464766
regular_sir_full,8,gic_pred,predictive_support,ude_sir_h2,0.2798890222778231
regular_sir_full,8,gic_evid,equal_prior_posterior_approximation,neural_ode_h2,1.565636393406565e-26
regular_sir_full,8,gic_evid,equal_prior_posterior_approximation,seir,6.487486551807587e-20
regular_sir_full,8,gic_evid,equal_prior_posterior_approximation,sir,0.8863392599271718
regular_sir_full,8,gic_evid,equal_prior_posterior_approximation,tv_sir,0.0012648815057369834
regular_sir_full,8,gic_evid,equal_prior_posterior_approximation,ude_sir_h2,0.11239585856709135
regular_sir_full,9,gic_pred,predictive_support,neural_ode_h2,1.1151488477531264e-05
regular_sir_full,9,gic_pred,predictive_support,seir,5.316267972845084e-16
regular_sir_full,9,gic_pred,predictive_support,sir,0.01484160742226558
regular_sir_full,9,gic_pred,predictive_support,tv_sir,0.53294908924976
regular_sir_full,9,gic_pred,predictive_support,ude_sir_h2,0.45219815183949635
regular_sir_full,9,gic_evid,equal_prior_posterior_approximation,neural_ode_h2,1.7877782451497852e-27
regular_sir_full,9,gic_evid,equal_prior_posterior_approximation,seir,2.279554150052771e-16
regular_sir_full,9,gic_evid,equal_prior_posterior_approximation,sir,0.4995749638219008
regular_sir_full,9,gic_evid,equal_prior_posterior_approximation,tv_sir,0.1290670105896366
regular_sir_full,9,gic_evid,equal_prior_posterior_approximation,ude_sir_h2,0.37135802558846237
regular_sir_full,10,gic_pred,predictive_support,neural_ode_h2,0.0007936731647081174
regular_sir_full,10,gic_pred,predictive_support,seir,9.706811180445365e-17
regular_sir_full,10,gic_pred,predictive_support,sir,0.6183008666405133
regular_sir_full,10,gic_pred,predictive_support,tv_sir,0.1165412601466016
regular_sir_full,10,gic_pred,predictive_support,ude_sir_h2,0.2643642000481769
regular_sir_full,10,gic_evid,equal_prior_posterior_approximation,neural_ode_h2,4.171908850017018e-26
regular_sir_full,10,gic_evid,equal_prior_posterior_approximation,seir,2.508709158015981e-18
regular_sir_full,10,gic_evid,equal_prior_posterior_approximation,sir,0.8682042740936071
regular_sir_full,10,gic_evid,equal_prior_posterior_approximation,tv_sir,0.0011780141655269342
regular_sir_full,10,gic_evid,equal_prior_posterior_approximation,ude_sir_h2,0.13061771174086603
regular_sir_full,11,gic_pred,predictive_support,neural_ode_h2,4.063374068113788e-06
regular_sir_full,11,gic_pred,predictive_support,seir,1.8077576749174554e-14
regular_sir_full,11,gic_pred,predictive_support,sir,0.6423908312918074
regular_sir_full,11,gic_pred,predictive_support,tv_sir,0.09100376490320738
regular_sir_full,11,gic_pred,predictive_support,ude_sir_h2,0.2666013404308993
regular_sir_full,11,gic_evid,equal_prior_posterior_approximation,neural_ode_h2,3.6576902558624033e-29
regular_sir_full,11,gic_evid,equal_prior_posterior_approximation,seir,4.730132450835169e-16
regular_sir_full,11,gic_evid,equal_prior_posterior_approximation,sir,0.7418775216014145
regular_sir_full,11,gic_evid,equal_prior_posterior_approximation,tv_sir,0.0007554727199841625
regular_sir_full,11,gic_evid,equal_prior_posterior_approximation,ude_sir_h2,0.25736700567860077
regular_sir_full,12,gic_pred,predictive_support,neural_ode_h2,0.000512920176508357
regular_sir_full,12,gic_pred,predictive_support,seir,2.791532911839529e-12
regular_sir_full,12,gic_pred,predictive_support,sir,0.2914884692535572
regular_sir_full,12,gic_pred,predictive_support,tv_sir,0.3612996577317538
regular_sir_full,12,gic_pred,predictive_support,ude_sir_h2,0.34669895283538915
regular_sir_full,12,gic_evid,equal_prior_posterior_approximation,neural_ode_h2,2.7228341107601318e-24
regular_sir_full,12,gic_evid,equal_prior_posterior_approximation,seir,1.5351135924759222e-13
regular_sir_full,12,gic_evid,equal_prior_posterior_approximation,sir,0.9247858887688701
regular_sir_full,12,gic_evid,equal_prior_posterior_approximation,tv_sir,0.007797171159157838
regular_sir_full,12,gic_evid,equal_prior_posterior_approximation,ude_sir_h2,0.06741694007181848
regular_sir_full,13,gic_pred,predictive_support,neural_ode_h2,0.003533811074467444
regular_sir_full,13,gic_pred,predictive_support,seir,4.778270772602838e-18
regular_sir_full,13,gic_pred,predictive_support,sir,0.5419939364013834
regular_sir_full,13,gic_pred,predictive_support,tv_sir,0.24392862837046375
regular_sir_full,13,gic_pred,predictive_support,ude_sir_h2,0.21054362415368555
regular_sir_full,13,gic_evid,equal_prior_posterior_approximation,neural_ode_h2,1.9377633109674049e-25
regular_sir_full,13,gic_evid,equal_prior_posterior_approximation,seir,1.9870645808088113e-19
regular_sir_full,13,gic_evid,equal_prior_posterior_approximation,sir,0.9846856423786907
regular_sir_full,13,gic_evid,equal_prior_posterior_approximation,tv_sir,0.0033800990495394304
regular_sir_full,13,gic_evid,equal_prior_posterior_approximation,ude_sir_h2,0.011934258571769872
regular_sir_full,14,gic_pred,predictive_support,neural_ode_h2,0.0027060954296681144
regular_sir_full,14,gic_pred,predictive_support,seir,5.198394286984099e-17
regular_sir_full,14,gic_pred,predictive_support,sir,0.678410924747177
regular_sir_full,14,gic_pred,predictive_support,tv_sir,0.11790600581619143
regular_sir_full,14,gic_pred,predictive_support,ude_sir_h2,0.20097697400696327
regular_sir_full,14,gic_evid,equal_prior_posterior_approximation,neural_ode_h2,1.6858819102475934e-25
regular_sir_full,14,gic_evid,equal_prior_posterior_approximation,seir,1.5440093808856792e-18
regular_sir_full,14,gic_evid,equal_prior_posterior_approximation,sir,0.95963283315832
regular_sir_full,14,gic_evid,equal_prior_posterior_approximation,tv_sir,0.0012564064827836707
regular_sir_full,14,gic_evid,equal_prior_posterior_approximation,ude_sir_h2,0.039110760358896324
regular_sir_full,15,gic_pred,predictive_support,neural_ode_h2,5.4565060559257424e-06
regular_sir_full,15,gic_pred,predictive_support,seir,6.944638600377993e-17
regular_sir_full,15,gic_pred,predictive_support,sir,0.5475806846151646
regular_sir_full,15,gic_pred,predictive_support,tv_sir,0.2321853823638975
regular_sir_full,15,gic_pred,predictive_support,ude_sir_h2,0.22022847651488178
regular_sir_full,15,gic_evid,equal_prior_posterior_approximation,neural_ode_h2,7.637005215170578e-30
regular_sir_full,15,gic_evid,equal_prior_posterior_approximation,seir,2.465781012736019e-18
regular_sir_full,15,gic_evid,equal_prior_posterior_approximation,sir,0.9762328644492687
regular_sir_full,15,gic_evid,equal_prior_posterior_approximation,tv_sir,0.003043939123457068
regular_sir_full,15,gic_evid,equal_prior_posterior_approximation,ude_sir_h2,0.020723196427274295
regular_sir_full,16,gic_pred,predictive_support,neural_ode_h2,1.8487928909961254e-05
regular_sir_full,16,gic_pred,predictive_support,seir,4.623347009256995e-13
regular_sir_full,16,gic_pred,predictive_support,sir,0.15793847502155597
regular_sir_full,16,gic_pred,predictive_support,tv_sir,0.30171176909768405
regular_sir_full,16,gic_pred,predictive_support,ude_sir_h2,0.5403312679513878
regular_sir_full,16,gic_evid,equal_prior_posterior_approximation,neural_ode_h2,2.002454284546428e-26
regular_sir_full,16,gic_evid,equal_prior_posterior_approximation,seir,6.255503689859399e-14
regular_sir_full,16,gic_evid,equal_prior_posterior_approximation,sir,0.9295666063846647
regular_sir_full,16,gic_evid,equal_prior_posterior_approximation,tv_sir,0.012097347517105613
regular_sir_full,16,gic_evid,equal_prior_posterior_approximation,ude_sir_h2,0.058336046098167206
regular_sir_full,17,gic_pred,predictive_support,neural_ode_h2,3.279316595897072e-05
regular_sir_full,17,gic_pred,predictive_support,seir,9.803801968082377e-15
regular_sir_full,17,gic_pred,predictive_support,sir,0.5909371099226095
regular_sir_full,17,gic_pred,predictive_support,tv_sir,0.11869514593896757
regular_sir_full,17,gic_pred,predictive_support,ude_sir_h2,0.29033495097245426
regular_sir_full,17,gic_evid,equal_prior_posterior_approximation,neural_ode_h2,1.442819959396836e-26
regular_sir_full,17,gic_evid,equal_prior_posterior_approximation,seir,2.6993617655304644e-16
regular_sir_full,17,gic_evid,equal_prior_posterior_approximation,sir,0.8675096341940048
regular_sir_full,17,gic_evid,equal_prior_posterior_approximation,tv_sir,0.0012626977153626633
regular_sir_full,17,gic_evid,equal_prior_posterior_approximation,ude_sir_h2,0.1312276680906324
regular_sir_full,18,gic_pred,predictive_support,neural_ode_h2,0.0001521183009958326
regular_sir_full,18,gic_pred,predictive_support,seir,3.356513975040127e-14
regular_sir_full,18,gic_pred,predictive_support,sir,0.6777922467651303
regular_sir_full,18,gic_pred,predictive_support,tv_sir,0.10965940237464036
regular_sir_full,18,gic_pred,predictive_support,ude_sir_h2,0.2123962325591999
regular_sir_full,18,gic_evid,equal_prior_posterior_approximation,neural_ode_h2,4.920890067451365e-27
regular_sir_full,18,gic_evid,equal_prior_posterior_approximation,seir,1.018820558571615e-15
regular_sir_full,18,gic_evid,equal_prior_posterior_approximation,sir,0.9849743697622854
regular_sir_full,18,gic_evid,equal_prior_posterior_approximation,tv_sir,0.0011326462523468925
regular_sir_full,18,gic_evid,equal_prior_posterior_approximation,ude_sir_h2,0.013892983985366631
regular_sir_full,19,gic_pred,predictive_support,neural_ode_h2,0.0027863527474399916
regular_sir_full,19,gic_pred,predictive_support,seir,2.4867610924268347e-14
regular_sir_full,19,gic_pred,predictive_support,sir,0.49851508234519365
regular_sir_full,19,gic_pred,predictive_support,tv_sir,0.13719358114932884
regular_sir_full,19,gic_pred,predictive_support,ude_sir_h2,0.3615049837580126
regular_sir_full,19,gic_evid,equal_prior_posterior_approximation,neural_ode_h2,5.030270822858046e-25
regular_sir_full,19,gic_evid,equal_prior_posterior_approximation,seir,1.107496021135582e-15
regular_sir_full,19,gic_evid,equal_prior_posterior_approximation,sir,0.8419956360367212
regular_sir_full,19,gic_evid,equal_prior_posterior_approximation,tv_sir,0.0017138795216731363
regular_sir_full,19,gic_evid,equal_prior_posterior_approximation,ude_sir_h2,0.15629048444160448
regular_sir_full,20,gic_pred,predictive_support,neural_ode_h2,6.387705108205905e-06
regular_sir_full,20,gic_pred,predictive_support,seir,1.0257894289876874e-18
regular_sir_full,20,gic_pred,predictive_support,sir,0.6159894359044691
regular_sir_full,20,gic_pred,predictive_support,tv_sir,0.10919992856984855
regular_sir_full,20,gic_pred,predictive_support,ude_sir_h2,0.27480424782057417
regular_sir_full,20,gic_evid,equal_prior_posterior_approximation,neural_ode_h2,6.249807747652104e-28
regular_sir_full,20,gic_evid,equal_prior_posterior_approximation,seir,3.207608559185896e-20
regular_sir_full,20,gic_evid,equal_prior_posterior_approximation,sir,0.8736091007497775
regular_sir_full,20,gic_evid,equal_prior_posterior_approximation,tv_sir,0.001150930904438208
regular_sir_full,20,gic_evid,equal_prior_posterior_approximation,ude_sir_h2,0.12523996834578421
regular_sir_full,21,gic_pred,predictive_support,neural_ode_h2,0.04503347006183439
regular_sir_full,21,gic_pred,predictive_support,seir,3.674551154401526e-13
regular_sir_full,21,gic_pred,predictive_support,sir,0.2337423112102614
regular_sir_full,21,gic_pred,predictive_support,tv_sir,0.2768498436695536
regular_sir_full,21,gic_pred,predictive_support,ude_sir_h2,0.44437437505798305
regular_sir_full,21,gic_evid,equal_prior_posterior_approximation,neural_ode_h2,7.843593587221118e-22
regular_sir_full,21,gic_evid,equal_prior_posterior_approximation,seir,3.67659423559105e-14
regular_sir_full,21,gic_evid,equal_prior_posterior_approximation,sir,0.9490202955699713
regular_sir_full,21,gic_evid,equal_prior_posterior_approximation,tv_sir,0.008104582476346649
regular_sir_full,21,gic_evid,equal_prior_posterior_approximation,ude_sir_h2,0.04287512195364536
regular_sir_full,22,gic_pred,predictive_support,neural_ode_h2,6.168794879075563e-06
regular_sir_full,22,gic_pred,predictive_support,seir,3.491137384114943e-21
regular_sir_full,22,gic_pred,predictive_support,sir,0.4345102406756344
regular_sir_full,22,gic_pred,predictive_support,tv_sir,0.21834698261235505
regular_sir_full,22,gic_pred,predictive_support,ude_sir_h2,0.3471366079171314
regular_sir_full,22,gic_evid,equal_prior_posterior_approximation,neural_ode_h2,6.282022245773583e-29
regular_sir_full,22,gic_evid,equal_prior_posterior_approximation,seir,1.596245992628321e-22
regular_sir_full,22,gic_evid,equal_prior_posterior_approximation,sir,0.8282143163616288
regular_sir_full,22,gic_evid,equal_prior_posterior_approximation,tv_sir,0.003121981963916163
regular_sir_full,22,gic_evid,equal_prior_posterior_approximation,ude_sir_h2,0.168663701674455
regular_sir_full,23,gic_pred,predictive_support,neural_ode_h2,4.046618249262004e-07
regular_sir_full,23,gic_pred,predictive_support,seir,1.2250994639019157e-23
regular_sir_full,23,gic_pred,predictive_support,sir,0.5059407503026515
regular_sir_full,23,gic_pred,predictive_support,tv_sir,0.16831902087469286
regular_sir_full,23,gic_pred,predictive_support,ude_sir_h2,0.32573982416083075
regular_sir_full,23,gic_evid,equal_prior_posterior_approximation,neural_ode_h2,4.896118621926521e-30
regular_sir_full,23,gic_evid,equal_prior_posterior_approximation,seir,5.237377451047779e-25
regular_sir_full,23,gic_evid,equal_prior_posterior_approximation,sir,0.9670716121020206
regular_sir_full,23,gic_evid,equal_prior_posterior_approximation,tv_sir,0.002428183757788023
regular_sir_full,23,gic_evid,equal_prior_posterior_approximation,ude_sir_h2,0.030500204140191254
regular_sir_full,24,gic_pred,predictive_support,neural_ode_h2,1.884684838652176e-06
regular_sir_full,24,gic_pred,predictive_support,seir,1.2049212423121212e-17
regular_sir_full,24,gic_pred,predictive_support,sir,0.7009372706613991
regular_sir_full,24,gic_pred,predictive_support,tv_sir,0.10863589088471577
regular_sir_full,24,gic_pred,predictive_support,ude_sir_h2,0.19042495376904656
regular_sir_full,24,gic_evid,equal_prior_posterior_approximation,neural_ode_h2,7.778875808734377e-29
regular_sir_full,24,gic_evid,equal_prior_posterior_approximation,seir,3.5774823406633583e-19
regular_sir_full,24,gic_evid,equal_prior_posterior_approximation,sir,0.9539485217482546
regular_sir_full,24,gic_evid,equal_prior_posterior_approximation,tv_sir,0.001096633235530171
regular_sir_full,24,gic_evid,equal_prior_posterior_approximation,ude_sir_h2,0.044954845016215314
regular_sir_full,25,gic_pred,predictive_support,neural_ode_h2,1.5508899529849164e-06
regular_sir_full,25,gic_pred,predictive_support,seir,3.1137473752248157e-15
regular_sir_full,25,gic_pred,predictive_support,sir,0.6370167270789977
regular_sir_full,25,gic_pred,predictive_support,tv_sir,0.16183788101357804
regular_sir_full,25,gic_pred,predictive_support,ude_sir_h2,0.2011438410174681
regular_sir_full,25,gic_evid,equal_prior_posterior_approximation,neural_ode_h2,1.0462183698285903e-28
regular_sir_full,25,gic_evid,equal_prior_posterior_approximation,seir,1.1577493941723157e-16
regular_sir_full,25,gic_evid,equal_prior_posterior_approximation,sir,0.9865511212983353
regular_sir_full,25,gic_evid,equal_prior_posterior_approximation,tv_sir,0.0018368061968729273
regular_sir_full,25,gic_evid,equal_prior_posterior_approximation,ude_sir_h2,0.011612072504791562
regular_sir_full,26,gic_pred,predictive_support,neural_ode_h2,2.6970973195734135e-05
regular_sir_full,26,gic_pred,predictive_support,seir,5.576525611208851e-13
regular_sir_full,26,gic_pred,predictive_support,sir,0.6764817814087932
regular_sir_full,26,gic_pred,predictive_support,tv_sir,0.20342928620655984
regular_sir_full,26,gic_pred,predictive_support,ude_sir_h2,0.12006196141089359
regular_sir_full,26,gic_evid,equal_prior_posterior_approximation,neural_ode_h2,1.3041745343923132e-26
regular_sir_full,26,gic_evid,equal_prior_posterior_approximation,seir,1.8103003801514164e-14
regular_sir_full,26,gic_evid,equal_prior_posterior_approximation,sir,0.9923967251162266
regular_sir_full,26,gic_evid,equal_prior_posterior_approximation,tv_sir,0.002120414427236589
regular_sir_full,26,gic_evid,equal_prior_posterior_approximation,ude_sir_h2,0.005482860456518941
regular_sir_full,27,gic_pred,predictive_support,neural_ode_h2,3.1333323856626086e-07
regular_sir_full,27,gic_pred,predictive_support,seir,3.081951696509055e-18
regular_sir_full,27,gic_pred,predictive_support,sir,0.6413390028683439
regular_sir_full,27,gic_pred,predictive_support,tv_sir,0.09658997590034617
regular_sir_full,27,gic_pred,predictive_support,ude_sir_h2,0.2620707078980714
regular_sir_full,27,gic_evid,equal_prior_posterior_approximation,neural_ode_h2,9.108298937405211e-30
regular_sir_full,27,gic_evid,equal_prior_posterior_approximation,seir,7.823375104337511e-20
regular_sir_full,27,gic_evid,equal_prior_posterior_approximation,sir,0.867660447306079
regular_sir_full,27,gic_evid,equal_prior_posterior_approximation,tv_sir,0.0009551100231419479
regular_sir_full,27,gic_evid,equal_prior_posterior_approximation,ude_sir_h2,0.13138444267077912
regular_sir_full,28,gic_pred,predictive_support,neural_ode_h2,4.374725064435221e-06
regular_sir_full,28,gic_pred,predictive_support,seir,8.162798029626417e-17
regular_sir_full,28,gic_pred,predictive_support,sir,0.6518491845789192
regular_sir_full,28,gic_pred,predictive_support,tv_sir,0.10486486295165072
regular_sir_full,28,gic_pred,predictive_support,ude_sir_h2,0.24328157774436568
regular_sir_full,28,gic_evid,equal_prior_posterior_approximation,neural_ode_h2,8.301926529074434e-28
regular_sir_full,28,gic_evid,equal_prior_posterior_approximation,seir,2.114594303552004e-18
regular_sir_full,28,gic_evid,equal_prior_posterior_approximation,sir,0.8504444817808633
regular_sir_full,28,gic_evid,equal_prior_posterior_approximation,tv_sir,0.0009922204330115446
regular_sir_full,28,gic_evid,equal_prior_posterior_approximation,ude_sir_h2,0.14856329778612518
regular_sir_full,29,gic_pred,predictive_support,neural_ode_h2,1.6671258666207457e-06
regular_sir_full,29,gic_pred,predictive_support,seir,9.024529855499347e-15
regular_sir_full,29,gic_pred,predictive_support,sir,0.6621140980131244
regular_sir_full,29,gic_pred,predictive_support,tv_sir,0.13458686167880718
regular_sir_full,29,gic_pred,predictive_support,ude_sir_h2,0.20329737318219293
regular_sir_full,29,gic_evid,equal_prior_posterior_approximation,neural_ode_h2,1.0078352642986898e-28
regular_sir_full,29,gic_evid,equal_prior_posterior_approximation,seir,3.214883478893024e-16
regular_sir_full,29,gic_evid,equal_prior_posterior_approximation,sir,0.9723998637978377
regular_sir_full,29,gic_evid,equal_prior_posterior_approximation,tv_sir,0.0014427088796977081
regular_sir_full,29,gic_evid,equal_prior_posterior_approximation,ude_sir_h2,0.026157427322464365
regular_sir_full,30,gic_pred,predictive_support,neural_ode_h2,1.0910119357525166e-05
regular_sir_full,30,gic_pred,predictive_support,seir,2.3246642705470697e-13
regular_sir_full,30,gic_pred,predictive_support,sir,0.727697683803321
regular_sir_full,30,gic_pred,predictive_support,tv_sir,0.1257994118544964
regular_sir_full,30,gic_pred,predictive_support,ude_sir_h2,0.1464919942225927
regular_sir_full,30,gic_evid,equal_prior_posterior_approximation,neural_ode_h2,6.696412575621404e-28
regular_sir_full,30,gic_evid,equal_prior_posterior_approximation,seir,6.719170455577614e-15
regular_sir_full,30,gic_evid,equal_prior_posterior_approximation,sir,0.9880150628975234
regular_sir_full,30,gic_evid,equal_prior_posterior_approximation,tv_sir,0.0012134487195011798
regular_sir_full,30,gic_evid,equal_prior_posterior_approximation,ude_sir_h2,0.010771488382968585
regular_sir_full,31,gic_pred,predictive_support,neural_ode_h2,1.3376090756498113e-05
regular_sir_full,31,gic_pred,predictive_support,seir,3.1875798620580175e-15
regular_sir_full,31,gic_pred,predictive_support,sir,0.6383414072071871
regular_sir_full,31,gic_pred,predictive_support,tv_sir,0.09394838045847405
regular_sir_full,31,gic_pred,predictive_support,ude_sir_h2,0.2676968362435792
regular_sir_full,31,gic_evid,equal_prior_posterior_approximation,neural_ode_h2,3.578755212522294e-27
regular_sir_full,31,gic_evid,equal_prior_posterior_approximation,seir,7.764994715596059e-17
regular_sir_full,31,gic_evid,equal_prior_posterior_approximation,sir,0.735359291400909
regular_sir_full,31,gic_evid,equal_prior_posterior_approximation,tv_sir,0.0007747915883147619
regular_sir_full,31,gic_evid,equal_prior_posterior_approximation,ude_sir_h2,0.26386591701077616
regular_sir_full,32,gic_pred,predictive_support,neural_ode_h2,6.584643326359864e-06
regular_sir_full,32,gic_pred,predictive_support,seir,3.173718384059515e-17
regular_sir_full,32,gic_pred,predictive_support,sir,0.4826181099079173
regular_sir_full,32,gic_pred,predictive_support,tv_sir,0.15795305967838502
regular_sir_full,32,gic_pred,predictive_support,ude_sir_h2,0.35942224577037124
regular_sir_full,32,gic_evid,equal_prior_posterior_approximation,neural_ode_h2,4.253167016050936e-28
regular_sir_full,32,gic_evid,equal_prior_posterior_approximation,seir,1.3531328543407793e-18
regular_sir_full,32,gic_evid,equal_prior_posterior_approximation,sir,0.8438932154561068
regular_sir_full,32,gic_evid,equal_prior_posterior_approximation,tv_sir,0.00205290676636812
regular_sir_full,32,gic_evid,equal_prior_posterior_approximation,ude_sir_h2,0.15405387777752508
regular_sir_full,33,gic_pred,predictive_support,neural_ode_h2,3.0204757517811757e-05
regular_sir_full,33,gic_pred,predictive_support,seir,2.5757881292230673e-16
regular_sir_full,33,gic_pred,predictive_support,sir,0.6722679612981272
regular_sir_full,33,gic_pred,predictive_support,tv_sir,0.20304898387638065
regular_sir_full,33,gic_pred,predictive_support,ude_sir_h2,0.12465285006797415
regular_sir_full,33,gic_evid,equal_prior_posterior_approximation,neural_ode_h2,6.36208685900347e-28
regular_sir_full,33,gic_evid,equal_prior_posterior_approximation,seir,8.545421447872096e-18
regular_sir_full,33,gic_evid,equal_prior_posterior_approximation,sir,0.988146046764962
regular_sir_full,33,gic_evid,equal_prior_posterior_approximation,tv_sir,0.0022455569891821517
regular_sir_full,33,gic_evid,equal_prior_posterior_approximation,ude_sir_h2,0.009608396245855924
regular_sir_full,34,gic_pred,predictive_support,neural_ode_h2,1.8590937963515593e-05
regular_sir_full,34,gic_pred,predictive_support,seir,2.1782994769441164e-18
regular_sir_full,34,gic_pred,predictive_support,sir,0.6363264725013248
regular_sir_full,34,gic_pred,predictive_support,tv_sir,0.13275779435128376
regular_sir_full,34,gic_pred,predictive_support,ude_sir_h2,0.23089714220942792
regular_sir_full,34,gic_evid,equal_prior_posterior_approximation,neural_ode_h2,7.687425007117008e-28
regular_sir_full,34,gic_evid,equal_prior_posterior_approximation,seir,7.644680307256705e-20
regular_sir_full,34,gic_evid,equal_prior_posterior_approximation,sir,0.9393641043830601
regular_sir_full,34,gic_evid,equal_prior_posterior_approximation,tv_sir,0.0014452740755171983
regular_sir_full,34,gic_evid,equal_prior_posterior_approximation,ude_sir_h2,0.059190621541422864
regular_sir_full,35,gic_pred,predictive_support,neural_ode_h2,4.353830051714e-06
regular_sir_full,35,gic_pred,predictive_support,seir,1.0094554924959712e-16
regular_sir_full,35,gic_pred,predictive_support,sir,0.6532173900883954
regular_sir_full,35,gic_pred,predictive_support,tv_sir,0.0932188715534882
regular_sir_full,35,gic_pred,predictive_support,ude_sir_h2,0.25355938452806465
regular_sir_full,35,gic_evid,equal_prior_posterior_approximation,neural_ode_h2,9.778065645094015e-29
regular_sir_full,35,gic_evid,equal_prior_posterior_approximation,seir,2.8794357334949565e-18
regular_sir_full,35,gic_evid,equal_prior_posterior_approximation,sir,0.8357716578786198
regular_sir_full,35,gic_evid,equal_prior_posterior_approximation,tv_sir,0.0008976582604182906
regular_sir_full,35,gic_evid,equal_prior_posterior_approximation,ude_sir_h2,0.16333068386096197
regular_sir_full,36,gic_pred,predictive_support,neural_ode_h2,5.6404651457530936e-05
regular_sir_full,36,gic_pred,predictive_support,seir,1.7637424121204752e-23
regular_sir_full,36,gic_pred,predictive_support,sir,0.23690826381341296
regular_sir_full,36,gic_pred,predictive_support,tv_sir,0.2695507716120064
regular_sir_full,36,gic_pred,predictive_support,ude_sir_h2,0.493484559923123
regular_sir_full,36,gic_evid,equal_prior_posterior_approximation,neural_ode_h2,7.104498288050602e-27
regular_sir_full,36,gic_evid,equal_prior_posterior_approximation,seir,1.2721583373908296e-24
regular_sir_full,36,gic_evid,equal_prior_posterior_approximation,sir,0.7564211270644688
regular_sir_full,36,gic_evid,equal_prior_posterior_approximation,tv_sir,0.006606419454093134
regular_sir_full,36,gic_evid,equal_prior_posterior_approximation,ude_sir_h2,0.236972453481438
regular_sir_full,37,gic_pred,predictive_support,neural_ode_h2,3.430070901070218e-05
regular_sir_full,37,gic_pred,predictive_support,seir,1.3424027295487309e-21
regular_sir_full,37,gic_pred,predictive_support,sir,0.6152802327177013
regular_sir_full,37,gic_pred,predictive_support,tv_sir,0.23212142522622886
regular_sir_full,37,gic_pred,predictive_support,ude_sir_h2,0.15256404134705906
regular_sir_full,37,gic_evid,equal_prior_posterior_approximation,neural_ode_h2,2.427884886541037e-28
regular_sir_full,37,gic_evid,equal_prior_posterior_approximation,seir,4.306472915209203e-23
regular_sir_full,37,gic_evid,equal_prior_posterior_approximation,sir,0.9881085266180105
regular_sir_full,37,gic_evid,equal_prior_posterior_approximation,tv_sir,0.002812782218621895
regular_sir_full,37,gic_evid,equal_prior_posterior_approximation,ude_sir_h2,0.00907869116336767
regular_sir_full,38,gic_pred,predictive_support,neural_ode_h2,2.104001593272481e-05
regular_sir_full,38,gic_pred,predictive_support,seir,6.8388420037148e-15
regular_sir_full,38,gic_pred,predictive_support,sir,0.6003643401254198
regular_sir_full,38,gic_pred,predictive_support,tv_sir,0.14727179188479433
regular_sir_full,38,gic_pred,predictive_support,ude_sir_h2,0.2523428279738463
regular_sir_full,38,gic_evid,equal_prior_posterior_approximation,neural_ode_h2,1.5522803680972197e-26
regular_sir_full,38,gic_evid,equal_prior_posterior_approximation,seir,2.2897181833361547e-16
regular_sir_full,38,gic_evid,equal_prior_posterior_approximation,sir,0.902449902281535
regular_sir_full,38,gic_evid,equal_prior_posterior_approximation,tv_sir,0.0016132711629632374
regular_sir_full,38,gic_evid,equal_prior_posterior_approximation,ude_sir_h2,0.09593682655550159
regular_sir_full,39,gic_pred,predictive_support,neural_ode_h2,3.707171545892673e-06
regular_sir_full,39,gic_pred,predictive_support,seir,2.7260146447067215e-21
regular_sir_full,39,gic_pred,predictive_support,sir,0.5555977521326577
regular_sir_full,39,gic_pred,predictive_support,tv_sir,0.30864557868043047
regular_sir_full,39,gic_pred,predictive_support,ude_sir_h2,0.13575296201536594
regular_sir_full,39,gic_evid,equal_prior_posterior_approximation,neural_ode_h2,1.7339750975761202e-29
regular_sir_full,39,gic_evid,equal_prior_posterior_approximation,seir,1.031529937098138e-22
regular_sir_full,39,gic_evid,equal_prior_posterior_approximation,sir,0.9825343888545421
regular_sir_full,39,gic_evid,equal_prior_posterior_approximation,tv_sir,0.004082199838106965
regular_sir_full,39,gic_evid,equal_prior_posterior_approximation,ude_sir_h2,0.01338341130735077
regular_sir_full,40,gic_pred,predictive_support,neural_ode_h2,4.946264842801302e-05
regular_sir_full,40,gic_pred,predictive_support,seir,4.4256162785779293e-16
regular_sir_full,40,gic_pred,predictive_support,sir,0.5179405160650924
regular_sir_full,40,gic_pred,predictive_support,tv_sir,0.3148631396131593
regular_sir_full,40,gic_pred,predictive_support,ude_sir_h2,0.16714688167331992
regular_sir_full,40,gic_evid,equal_prior_posterior_approximation,neural_ode_h2,6.090545625731783e-26
regular_sir_full,40,gic_evid,equal_prior_posterior_approximation,seir,1.8156852082663303e-17
regular_sir_full,40,gic_evid,equal_prior_posterior_approximation,sir,0.9851101998790814
regular_sir_full,40,gic_evid,equal_prior_posterior_approximation,tv_sir,0.004278371219286233
regular_sir_full,40,gic_evid,equal_prior_posterior_approximation,ude_sir_h2,0.010611428901632273
regular_sir_full,41,gic_pred,predictive_support,neural_ode_h2,4.5246405579582325e-07
regular_sir_full,41,gic_pred,predictive_support,seir,1.730870065893852e-18
regular_sir_full,41,gic_pred,predictive_support,sir,0.5689442203373725
regular_sir_full,41,gic_pred,predictive_support,tv_sir,0.1483246178357219
regular_sir_full,41,gic_pred,predictive_support,ude_sir_h2,0.2827307093628499
regular_sir_full,41,gic_evid,equal_prior_posterior_approximation,neural_ode_h2,4.1467067871404186e-29
regular_sir_full,41,gic_evid,equal_prior_posterior_approximation,seir,5.873354432611536e-20
regular_sir_full,41,gic_evid,equal_prior_posterior_approximation,sir,0.8914366690117191
regular_sir_full,41,gic_evid,equal_prior_posterior_approximation,tv_sir,0.001681887352615232
regular_sir_full,41,gic_evid,equal_prior_posterior_approximation,ude_sir_h2,0.10688144363566572
regular_sir_full,42,gic_pred,predictive_support,neural_ode_h2,4.848307805304671e-06
regular_sir_full,42,gic_pred,predictive_support,seir,9.140680316091418e-13
regular_sir_full,42,gic_pred,predictive_support,sir,0.6033523436306366
regular_sir_full,42,gic_pred,predictive_support,tv_sir,0.12138630631045705
regular_sir_full,42,gic_pred,predictive_support,ude_sir_h2,0.275256501750187
regular_sir_full,42,gic_evid,equal_prior_posterior_approximation,neural_ode_h2,6.900180514172866e-29
regular_sir_full,42,gic_evid,equal_prior_posterior_approximation,seir,2.660828254820841e-14
regular_sir_full,42,gic_evid,equal_prior_posterior_approximation,sir,0.8815448269983882
regular_sir_full,42,gic_evid,equal_prior_posterior_approximation,tv_sir,0.0012823585449097809
regular_sir_full,42,gic_evid,equal_prior_posterior_approximation,ude_sir_h2,0.11717281445667534
regular_sir_full,43,gic_pred,predictive_support,neural_ode_h2,2.858325311236184e-05
regular_sir_full,43,gic_pred,predictive_support,seir,3.587931330533198e-12
regular_sir_full,43,gic_pred,predictive_support,sir,0.7181888010195772
regular_sir_full,43,gic_pred,predictive_support,tv_sir,0.10255423264735747
regular_sir_full,43,gic_pred,predictive_support,ude_sir_h2,0.17922838307636504
regular_sir_full,43,gic_evid,equal_prior_posterior_approximation,neural_ode_h2,2.0945355244909364e-28
regular_sir_full,43,gic_evid,equal_prior_posterior_approximation,seir,1.2129702398737651e-13
regular_sir_full,43,gic_evid,equal_prior_posterior_approximation,sir,0.9857685251959851
regular_sir_full,43,gic_evid,equal_prior_posterior_approximation,tv_sir,0.0010115832679488963
regular_sir_full,43,gic_evid,equal_prior_posterior_approximation,ude_sir_h2,0.013219891535944557
regular_sir_full,44,gic_pred,predictive_support,neural_ode_h2,0.0016178540862313228
regular_sir_full,44,gic_pred,predictive_support,seir,1.150233251363813e-15
regular_sir_full,44,gic_pred,predictive_support,sir,0.6445716480582094
regular_sir_full,44,gic_pred,predictive_support,tv_sir,0.09113372282597533
regular_sir_full,44,gic_pred,predictive_support,ude_sir_h2,0.26267677502958275
regular_sir_full,44,gic_evid,equal_prior_posterior_approximation,neural_ode_h2,4.139027069250044e-25
regular_sir_full,44,gic_evid,equal_prior_posterior_approximation,seir,2.8952415894487276e-17
regular_sir_full,44,gic_evid,equal_prior_posterior_approximation,sir,0.7596157931423718
regular_sir_full,44,gic_evid,equal_prior_posterior_approximation,tv_sir,0.0007793812674575674
regular_sir_full,44,gic_evid,equal_prior_posterior_approximation,ude_sir_h2,0.23960482559017052
regular_sir_full,45,gic_pred,predictive_support,neural_ode_h2,0.00031245969958447044
regular_sir_full,45,gic_pred,predictive_support,seir,2.6150389258170622e-14
regular_sir_full,45,gic_pred,predictive_support,sir,0.3276513385838889
regular_sir_full,45,gic_pred,predictive_support,tv_sir,0.18149099235316085
regular_sir_full,45,gic_pred,predictive_support,ude_sir_h2,0.49054520936333956
regular_sir_full,45,gic_evid,equal_prior_posterior_approximation,neural_ode_h2,3.8999126582573086e-26
regular_sir_full,45,gic_evid,equal_prior_posterior_approximation,seir,1.4840702866601466e-15
regular_sir_full,45,gic_evid,equal_prior_posterior_approximation,sir,0.9673051407261233
regular_sir_full,45,gic_evid,equal_prior_posterior_approximation,tv_sir,0.003989866908049103
regular_sir_full,45,gic_evid,equal_prior_posterior_approximation,ude_sir_h2,0.028704992365826108
regular_sir_full,46,gic_pred,predictive_support,neural_ode_h2,0.0045660922361475545
regular_sir_full,46,gic_pred,predictive_support,seir,8.667506575562555e-18
regular_sir_full,46,gic_pred,predictive_support,sir,0.6160026337818668
regular_sir_full,46,gic_pred,predictive_support,tv_sir,0.14485748574096607
regular_sir_full,46,gic_pred,predictive_support,ude_sir_h2,0.23457378824101957
regular_sir_full,46,gic_evid,equal_prior_posterior_approximation,neural_ode_h2,2.4950061139996435e-24
regular_sir_full,46,gic_evid,equal_prior_posterior_approximation,seir,2.293893059076621e-19
regular_sir_full,46,gic_evid,equal_prior_posterior_approximation,sir,0.942031999764993
regular_sir_full,46,gic_evid,equal_prior_posterior_approximation,tv_sir,0.0015596885266975081
regular_sir_full,46,gic_evid,equal_prior_posterior_approximation,ude_sir_h2,0.05640831170830963
regular_sir_full,47,gic_pred,predictive_support,neural_ode_h2,0.000532109959327012
regular_sir_full,47,gic_pred,predictive_support,seir,4.917573693737618e-18
regular_sir_full,47,gic_pred,predictive_support,sir,0.35009757275667897
regular_sir_full,47,gic_pred,predictive_support,tv_sir,0.2305540946946115
regular_sir_full,47,gic_pred,predictive_support,ude_sir_h2,0.41881622258938245
regular_sir_full,47,gic_evid,equal_prior_posterior_approximation,neural_ode_h2,1.1527385458763604e-26
regular_sir_full,47,gic_evid,equal_prior_posterior_approximation,seir,1.709719241262125e-19
regular_sir_full,47,gic_evid,equal_prior_posterior_approximation,sir,0.8014182142753032
regular_sir_full,47,gic_evid,equal_prior_posterior_approximation,tv_sir,0.0036867726987226362
regular_sir_full,47,gic_evid,equal_prior_posterior_approximation,ude_sir_h2,0.1948950130259742
regular_sir_full,48,gic_pred,predictive_support,neural_ode_h2,4.48522277260625e-06
regular_sir_full,48,gic_pred,predictive_support,seir,1.3487981943085587e-14
regular_sir_full,48,gic_pred,predictive_support,sir,0.6757302066945094
regular_sir_full,48,gic_pred,predictive_support,tv_sir,0.1324906384981935
regular_sir_full,48,gic_pred,predictive_support,ude_sir_h2,0.1917746695845109
regular_sir_full,48,gic_evid,equal_prior_posterior_approximation,neural_ode_h2,3.256729668373099e-27
regular_sir_full,48,gic_evid,equal_prior_posterior_approximation,seir,4.0605762637952467e-16
regular_sir_full,48,gic_evid,equal_prior_posterior_approximation,sir,0.9461137272095015
regular_sir_full,48,gic_evid,equal_prior_posterior_approximation,tv_sir,0.0013598790703803184
regular_sir_full,48,gic_evid,equal_prior_posterior_approximation,ude_sir_h2,0.052526393720117824
regular_sir_full,49,gic_pred,predictive_support,neural_ode_h2,6.0142605228414485e-05
regular_sir_full,49,gic_pred,predictive_support,seir,1.16404768054271e-16
regular_sir_full,49,gic_pred,predictive_support,sir,0.6589236956005006
regular_sir_full,49,gic_pred,predictive_support,tv_sir,0.09094191844034674
regular_sir_full,49,gic_pred,predictive_support,ude_sir_h2,0.2500742433539242
regular_sir_full,49,gic_evid,equal_prior_posterior_approximation,neural_ode_h2,7.980890067469419e-27
regular_sir_full,49,gic_evid,equal_prior_posterior_approximation,seir,3.0943775934426485e-18
regular_sir_full,49,gic_evid,equal_prior_posterior_approximation,sir,0.8475582190627036
regular_sir_full,49,gic_evid,equal_prior_posterior_approximation,tv_sir,0.0008506701775481226
regular_sir_full,49,gic_evid,equal_prior_posterior_approximation,ude_sir_h2,0.15159111075974824
regular_sir_full,50,gic_pred,predictive_support,neural_ode_h2,1.0811468776717425e-06
regular_sir_full,50,gic_pred,predictive_support,seir,1.6595331654446096e-18
regular_sir_full,50,gic_pred,predictive_support,sir,0.6859484669790509
regular_sir_full,50,gic_pred,predictive_support,tv_sir,0.13320769818496217
regular_sir_full,50,gic_pred,predictive_support,ude_sir_h2,0.18084275368910913
regular_sir_full,50,gic_evid,equal_prior_posterior_approximation,neural_ode_h2,1.6719769293013354e-29
regular_sir_full,50,gic_evid,equal_prior_posterior_approximation,seir,4.6631046809312895e-20
regular_sir_full,50,gic_evid,equal_prior_posterior_approximation,sir,0.9610154113612891
regular_sir_full,50,gic_evid,equal_prior_posterior_approximation,tv_sir,0.0013961664079657648
regular_sir_full,50,gic_evid,equal_prior_posterior_approximation,ude_sir_h2,0.03758842223074507
regular_sir_full,51,gic_pred,predictive_support,neural_ode_h2,4.59489766319314e-05
regular_sir_full,51,gic_pred,predictive_support,seir,2.862657982658065e-12
regular_sir_full,51,gic_pred,predictive_support,sir,0.2437418497877722
regular_sir_full,51,gic_pred,predictive_support,tv_sir,0.2648791477830552
regular_sir_full,51,gic_pred,predictive_support,ude_sir_h2,0.4913330534496781
regular_sir_full,51,gic_evid,equal_prior_posterior_approximation,neural_ode_h2,8.902919724337206e-28
regular_sir_full,51,gic_evid,equal_prior_posterior_approximation,seir,2.1484198000110205e-13
regular_sir_full,51,gic_evid,equal_prior_posterior_approximation,sir,0.9533716725212492
regular_sir_full,51,gic_evid,equal_prior_posterior_approximation,tv_sir,0.0077077053693958885
regular_sir_full,51,gic_evid,equal_prior_posterior_approximation,ude_sir_h2,0.03892062210913991
regular_sir_full,52,gic_pred,predictive_support,neural_ode_h2,2.3472247495443017e-06
regular_sir_full,52,gic_pred,predictive_support,seir,1.7090067995309593e-16
regular_sir_full,52,gic_pred,predictive_support,sir,0.6131176720226341
regular_sir_full,52,gic_pred,predictive_support,tv_sir,0.11371697255167536
regular_sir_full,52,gic_pred,predictive_support,ude_sir_h2,0.27316300820094086
regular_sir_full,52,gic_evid,equal_prior_posterior_approximation,neural_ode_h2,2.1241509248667784e-28
regular_sir_full,52,gic_evid,equal_prior_posterior_approximation,seir,5.3056441523505286e-18
regular_sir_full,52,gic_evid,equal_prior_posterior_approximation,sir,0.8781473498157517
regular_sir_full,52,gic_evid,equal_prior_posterior_approximation,tv_sir,0.0012085564126151067
regular_sir_full,52,gic_evid,equal_prior_posterior_approximation,ude_sir_h2,0.12064409377163325
regular_sir_full,53,gic_pred,predictive_support,neural_ode_h2,0.07388792345037594
regular_sir_full,53,gic_pred,predictive_support,seir,3.459137404666846e-24
regular_sir_full,53,gic_pred,predictive_support,sir,0.11991684955355819
regular_sir_full,53,gic_pred,predictive_support,tv_sir,0.04061761254476377
regular_sir_full,53,gic_pred,predictive_support,ude_sir_h2,0.7655776144513021
regular_sir_full,53,gic_evid,equal_prior_posterior_approximation,neural_ode_h2,2.386543706491427e-24
regular_sir_full,53,gic_evid,equal_prior_posterior_approximation,seir,5.518137504971117e-25
regular_sir_full,53,gic_evid,equal_prior_posterior_approximation,sir,0.9422549043341945
regular_sir_full,53,gic_evid,equal_prior_posterior_approximation,tv_sir,0.0024086519749800324
regular_sir_full,53,gic_evid,equal_prior_posterior_approximation,ude_sir_h2,0.05533644369082555
regular_sir_full,54,gic_pred,predictive_support,neural_ode_h2,0.00027496480682664623
regular_sir_full,54,gic_pred,predictive_support,seir,4.9442818837114435e-18
regular_sir_full,54,gic_pred,predictive_support,sir,0.4788300560991619
regular_sir_full,54,gic_pred,predictive_support,tv_sir,0.16426052184584675
regular_sir_full,54,gic_pred,predictive_support,ude_sir_h2,0.35663445724816467
regular_sir_full,54,gic_evid,equal_prior_posterior_approximation,neural_ode_h2,2.366950179021736e-27
regular_sir_full,54,gic_evid,equal_prior_posterior_approximation,seir,1.5101671318925436e-19
regular_sir_full,54,gic_evid,equal_prior_posterior_approximation,sir,0.847521722924783
regular_sir_full,54,gic_evid,equal_prior_posterior_approximation,tv_sir,0.0020553719057258206
regular_sir_full,54,gic_evid,equal_prior_posterior_approximation,ude_sir_h2,0.15042290516949125
regular_sir_full,55,gic_pred,predictive_support,neural_ode_h2,3.1291836451515303e-06
regular_sir_full,55,gic_pred,predictive_support,seir,2.3848622007814603e-23
regular_sir_full,55,gic_pred,predictive_support,sir,0.4255045700666074
regular_sir_full,55,gic_pred,predictive_support,tv_sir,0.2526240226973578
regular_sir_full,55,gic_pred,predictive_support,ude_sir_h2,0.32186827805238977
regular_sir_full,55,gic_evid,equal_prior_posterior_approximation,neural_ode_h2,1.9282527477248655e-29
regular_sir_full,55,gic_evid,equal_prior_posterior_approximation,seir,1.2704633966912605e-24
regular_sir_full,55,gic_evid,equal_prior_posterior_approximation,sir,0.9375105368258461
regular_sir_full,55,gic_evid,equal_prior_posterior_approximation,tv_sir,0.004170422359932307
regular_sir_full,55,gic_evid,equal_prior_posterior_approximation,ude_sir_h2,0.058319040814221526
regular_sir_full,56,gic_pred,predictive_support,neural_ode_h2,7.689886543046293e-06
regular_sir_full,56,gic_pred,predictive_support,seir,2.7801379093681485e-11
regular_sir_full,56,gic_pred,predictive_support,sir,0.65128928154953
regular_sir_full,56,gic_pred,predictive_support,tv_sir,0.13575873456274326
regular_sir_full,56,gic_pred,predictive_support,ude_sir_h2,0.21294429397338246
regular_sir_full,56,gic_evid,equal_prior_posterior_approximation,neural_ode_h2,3.0297345421637525e-27
regular_sir_full,56,gic_evid,equal_prior_posterior_approximation,seir,9.779583781314623e-13
regular_sir_full,56,gic_evid,equal_prior_posterior_approximation,sir,0.9310959587282437
regular_sir_full,56,gic_evid,equal_prior_posterior_approximation,tv_sir,0.0014195537853781714
regular_sir_full,56,gic_evid,equal_prior_posterior_approximation,ude_sir_h2,0.06748448748540017
regular_sir_full,57,gic_pred,predictive_support,neural_ode_h2,5.905708829143713e-07
regular_sir_full,57,gic_pred,predictive_support,seir,5.878608840443768e-11
regular_sir_full,57,gic_pred,predictive_support,sir,0.18975041566365167
regular_sir_full,57,gic_pred,predictive_support,tv_sir,0.2131221696384494
regular_sir_full,57,gic_pred,predictive_support,ude_sir_h2,0.59712682406823
regular_sir_full,57,gic_evid,equal_prior_posterior_approximation,neural_ode_h2,8.013103326768272e-30
regular_sir_full,57,gic_evid,equal_prior_posterior_approximation,seir,5.2883304883319925e-12
regular_sir_full,57,gic_evid,equal_prior_posterior_approximation,sir,0.9394105344997936
regular_sir_full,57,gic_evid,equal_prior_posterior_approximation,tv_sir,0.007448398613903179
regular_sir_full,57,gic_evid,equal_prior_posterior_approximation,ude_sir_h2,0.05314106688101482
regular_sir_full,58,gic_pred,predictive_support,neural_ode_h2,1.2930925714947697e-05
regular_sir_full,58,gic_pred,predictive_support,seir,5.738673302227488e-12
regular_sir_full,58,gic_pred,predictive_support,sir,0.6057768807945466
regular_sir_full,58,gic_pred,predictive_support,tv_sir,0.12320514168876165
regular_sir_full,58,gic_pred,predictive_support,ude_sir_h2,0.271005046585238
regular_sir_full,58,gic_evid,equal_prior_posterior_approximation,neural_ode_h2,6.588053162879111e-28
regular_sir_full,58,gic_evid,equal_prior_posterior_approximation,seir,2.1382451400436696e-13
regular_sir_full,58,gic_evid,equal_prior_posterior_approximation,sir,0.9868673257101808
regular_sir_full,58,gic_evid,equal_prior_posterior_approximation,tv_sir,0.001501257379116505
regular_sir_full,58,gic_evid,equal_prior_posterior_approximation,ude_sir_h2,0.011631416910488794
regular_sir_full,59,gic_pred,predictive_support,neural_ode_h2,4.82041359506284e-05
regular_sir_full,59,gic_pred,predictive_support,seir,7.0702634365068545e-15
regular_sir_full,59,gic_pred,predictive_support,sir,0.6528994459816818
regular_sir_full,59,gic_pred,predictive_support,tv_sir,0.15803675161326156
regular_sir_full,59,gic_pred,predictive_support,ude_sir_h2,0.18901559826909892
regular_sir_full,59,gic_evid,equal_prior_posterior_approximation,neural_ode_h2,1.7203246538216732e-27
regular_sir_full,59,gic_evid,equal_prior_posterior_approximation,seir,2.1183508146080706e-16
regular_sir_full,59,gic_evid,equal_prior_posterior_approximation,sir,0.9725235179553615
regular_sir_full,59,gic_evid,equal_prior_posterior_approximation,tv_sir,0.0017495666406292432
regular_sir_full,59,gic_evid,equal_prior_posterior_approximation,ude_sir_h2,0.025726915404008822
regular_sir_full,60,gic_pred,predictive_support,neural_ode_h2,8.184364285498683e-06
regular_sir_full,60,gic_pred,predictive_support,seir,1.6155608158371502e-18
regular_sir_full,60,gic_pred,predictive_support,sir,0.6522215495458193
regular_sir_full,60,gic_pred,predictive_support,tv_sir,0.13774971712336237
regular_sir_full,60,gic_pred,predictive_support,ude_sir_h2,0.2100205489665328
regular_sir_full,60,gic_evid,equal_prior_posterior_approximation,neural_ode_h2,1.2433857550981685e-28
regular_sir_full,60,gic_evid,equal_prior_posterior_approximation,seir,5.352811094126714e-20
regular_sir_full,60,gic_evid,equal_prior_posterior_approximation,sir,0.960694695700959
regular_sir_full,60,gic_evid,equal_prior_posterior_approximation,tv_sir,0.0014818904286982243
regular_sir_full,60,gic_evid,equal_prior_posterior_approximation,ude_sir_h2,0.03782341387034278
regular_sir_full,61,gic_pred,predictive_support,neural_ode_h2,4.420409951573064e-05
regular_sir_full,61,gic_pred,predictive_support,seir,3.4913266415714426e-10
regular_sir_full,61,gic_pred,predictive_support,sir,0.6104791673288533
regular_sir_full,61,gic_pred,predictive_support,tv_sir,0.18572623459949178
regular_sir_full,61,gic_pred,predictive_support,ude_sir_h2,0.20375039362300662
regular_sir_full,61,gic_evid,equal_prior_posterior_approximation,neural_ode_h2,1.91860388281883e-26
regular_sir_full,61,gic_evid,equal_prior_posterior_approximation,seir,1.3407511221551528e-11
regular_sir_full,61,gic_evid,equal_prior_posterior_approximation,sir,0.9771636909225326
regular_sir_full,61,gic_evid,equal_prior_posterior_approximation,tv_sir,0.0021081637964550674
regular_sir_full,61,gic_evid,equal_prior_posterior_approximation,ude_sir_h2,0.020728145267604744
regular_sir_full,62,gic_pred,predictive_support,neural_ode_h2,2.428223824909942e-05
regular_sir_full,62,gic_pred,predictive_support,seir,1.1802768408390494e-16
regular_sir_full,62,gic_pred,predictive_support,sir,0.1293902008299212
regular_sir_full,62,gic_pred,predictive_support,tv_sir,0.4357031901176287
regular_sir_full,62,gic_pred,predictive_support,ude_sir_h2,0.4348823268142009
regular_sir_full,62,gic_evid,equal_prior_posterior_approximation,neural_ode_h2,2.0574307987682435e-28
regular_sir_full,62,gic_evid,equal_prior_posterior_approximation,seir,1.724984887536275e-17
regular_sir_full,62,gic_evid,equal_prior_posterior_approximation,sir,0.9304589192344298
regular_sir_full,62,gic_evid,equal_prior_posterior_approximation,tv_sir,0.023776185577499775
regular_sir_full,62,gic_evid,equal_prior_posterior_approximation,ude_sir_h2,0.045764895188070365
regular_sir_full,63,gic_pred,predictive_support,neural_ode_h2,1.3907085090813072e-05
regular_sir_full,63,gic_pred,predictive_support,seir,7.454790284981773e-10
regular_sir_full,63,gic_pred,predictive_support,sir,0.6824351332059418
regular_sir_full,63,gic_pred,predictive_support,tv_sir,0.14363855194491146
regular_sir_full,63,gic_pred,predictive_support,ude_sir_h2,0.17391240701857688
regular_sir_full,63,gic_evid,equal_prior_posterior_approximation,neural_ode_h2,2.091991646936177e-27
regular_sir_full,63,gic_evid,equal_prior_posterior_approximation,seir,2.338127477063971e-11
regular_sir_full,63,gic_evid,equal_prior_posterior_approximation,sir,0.9814465471997871
regular_sir_full,63,gic_evid,equal_prior_posterior_approximation,tv_sir,0.0014719793194121363
regular_sir_full,63,gic_evid,equal_prior_posterior_approximation,ude_sir_h2,0.017081473457419324
regular_sir_full,64,gic_pred,predictive_support,neural_ode_h2,4.867448333140525e-05
regular_sir_full,64,gic_pred,predictive_support,seir,8.106767070929337e-17
regular_sir_full,64,gic_pred,predictive_support,sir,0.6599566452875679
regular_sir_full,64,gic_pred,predictive_support,tv_sir,0.11019021004347654
regular_sir_full,64,gic_pred,predictive_support,ude_sir_h2,0.22980447018562417
regular_sir_full,64,gic_evid,equal_prior_posterior_approximation,neural_ode_h2,4.4129288193465255e-27
regular_sir_full,64,gic_evid,equal_prior_posterior_approximation,seir,2.1383385167567327e-18
regular_sir_full,64,gic_evid,equal_prior_posterior_approximation,sir,0.9017898012164027
regular_sir_full,64,gic_evid,equal_prior_posterior_approximation,tv_sir,0.0010654934825480662
regular_sir_full,64,gic_evid,equal_prior_posterior_approximation,ude_sir_h2,0.09714470530104934
regular_sir_full,65,gic_pred,predictive_support,neural_ode_h2,0.0002758692079404557
regular_sir_full,65,gic_pred,predictive_support,seir,7.961163102293448e-17
regular_sir_full,65,gic_pred,predictive_support,sir,0.5483764271757245
regular_sir_full,65,gic_pred,predictive_support,tv_sir,0.18055093162962885
regular_sir_full,65,gic_pred,predictive_support,ude_sir_h2,0.270796771986706
regular_sir_full,65,gic_evid,equal_prior_posterior_approximation,neural_ode_h2,3.005253122581247e-26
regular_sir_full,65,gic_evid,equal_prior_posterior_approximation,seir,2.3561746846114943e-18
regular_sir_full,65,gic_evid,equal_prior_posterior_approximation,sir,0.9723207628749195
regular_sir_full,65,gic_evid,equal_prior_posterior_approximation,tv_sir,0.0023424078013968125
regular_sir_full,65,gic_evid,equal_prior_posterior_approximation,ude_sir_h2,0.02533682932368356
regular_sir_full,66,gic_pred,predictive_support,neural_ode_h2,0.0027447951338297723
regular_sir_full,66,gic_pred,predictive_support,seir,3.4786415114205575e-14
regular_sir_full,66,gic_pred,predictive_support,sir,0.5924960937009176
regular_sir_full,66,gic_pred,predictive_support,tv_sir,0.20679766701830013
regular_sir_full,66,gic_pred,predictive_support,ude_sir_h2,0.19796144414691774
regular_sir_full,66,gic_evid,equal_prior_posterior_approximation,neural_ode_h2,3.700115111804114e-24
regular_sir_full,66,gic_evid,equal_prior_posterior_approximation,seir,1.15182672871225e-15
regular_sir_full,66,gic_evid,equal_prior_posterior_approximation,sir,0.9764015004414517
regular_sir_full,66,gic_evid,equal_prior_posterior_approximation,tv_sir,0.002406683812028758
regular_sir_full,66,gic_evid,equal_prior_posterior_approximation,ude_sir_h2,0.021191815746518607
regular_sir_full,67,gic_pred,predictive_support,neural_ode_h2,0.000138564205867731
regular_sir_full,67,gic_pred,predictive_support,seir,3.034254252231043e-17
regular_sir_full,67,gic_pred,predictive_support,sir,0.6493824287164893
regular_sir_full,67,gic_pred,predictive_support,tv_sir,0.09548401033276971
regular_sir_full,67,gic_pred,predictive_support,ude_sir_h2,0.25499499674487314
regular_sir_full,67,gic_evid,equal_prior_posterior_approximation,neural_ode_h2,3.424707886458322e-26
regular_sir_full,67,gic_evid,equal_prior_posterior_approximation,seir,7.53064509593978e-19
regular_sir_full,67,gic_evid,equal_prior_posterior_approximation,sir,0.86043283230511
regular_sir_full,67,gic_evid,equal_prior_posterior_approximation,tv_sir,0.0009369453004294365
regular_sir_full,67,gic_evid,equal_prior_posterior_approximation,ude_sir_h2,0.13863022239446043
regular_sir_full,68,gic_pred,predictive_support,neural_ode_h2,1.6004837768491107e-05
regular_sir_full,68,gic_pred,predictive_support,seir,2.519885495908375e-14
regular_sir_full,68,gic_pred,predictive_support,sir,0.6409800730484686
regular_sir_full,68,gic_pred,predictive_support,tv_sir,0.16614849491436853
regular_sir_full,68,gic_pred,predictive_support,ude_sir_h2,0.19285542719936904
regular_sir_full,68,gic_evid,equal_prior_posterior_approximation,neural_ode_h2,1.167032946995521e-26
regular_sir_full,68,gic_evid,equal_prior_posterior_approximation,seir,7.387796280494018e-16
regular_sir_full,68,gic_evid,equal_prior_posterior_approximation,sir,0.964117677072739
regular_sir_full,68,gic_evid,equal_prior_posterior_approximation,tv_sir,0.0017593707965007676
regular_sir_full,68,gic_evid,equal_prior_posterior_approximation,ude_sir_h2,0.03412295213075956
regular_sir_full,69,gic_pred,predictive_support,neural_ode_h2,3.069057385831606e-06
regular_sir_full,69,gic_pred,predictive_support,seir,7.335582147465428e-13
regular_sir_full,69,gic_pred,predictive_support,sir,0.2714122021311944
regular_sir_full,69,gic_pred,predictive_support,tv_sir,0.4527806454291933
regular_sir_full,69,gic_pred,predictive_support,ude_sir_h2,0.2758040833814929
regular_sir_full,69,gic_evid,equal_prior_posterior_approximation,neural_ode_h2,7.668519481851238e-27
regular_sir_full,69,gic_evid,equal_prior_posterior_approximation,seir,6.55874168809919e-14
regular_sir_full,69,gic_evid,equal_prior_posterior_approximation,sir,0.9624970792293446
regular_sir_full,69,gic_evid,equal_prior_posterior_approximation,tv_sir,0.011403626205493893
regular_sir_full,69,gic_evid,equal_prior_posterior_approximation,ude_sir_h2,0.026099294565095944
regular_sir_full,70,gic_pred,predictive_support,neural_ode_h2,1.06085062293591e-06
regular_sir_full,70,gic_pred,predictive_support,seir,2.05913637084447e-19
regular_sir_full,70,gic_pred,predictive_support,sir,0.6479051560347784
regular_sir_full,70,gic_pred,predictive_support,tv_sir,0.17687118095049462
regular_sir_full,70,gic_pred,predictive_support,ude_sir_h2,0.17522260216410404
regular_sir_full,70,gic_evid,equal_prior_posterior_approximation,neural_ode_h2,3.72373755288181e-30
regular_sir_full,70,gic_evid,equal_prior_posterior_approximation,seir,6.935040174626005e-21
regular_sir_full,70,gic_evid,equal_prior_posterior_approximation,sir,0.9634875289351287
regular_sir_full,70,gic_evid,equal_prior_posterior_approximation,tv_sir,0.001995048647092986
regular_sir_full,70,gic_evid,equal_prior_posterior_approximation,ude_sir_h2,0.034517422417778276
regular_sir_full,71,gic_pred,predictive_support,neural_ode_h2,7.622802386523381e-06
regular_sir_full,71,gic_pred,predictive_support,seir,1.0812597747278254e-14
regular_sir_full,71,gic_pred,predictive_support,sir,0.6534983366347288
regular_sir_full,71,gic_pred,predictive_support,tv_sir,0.09169881544909776
regular_sir_full,71,gic_pred,predictive_support,ude_sir_h2,0.25479522511377617
regular_sir_full,71,gic_evid,equal_prior_posterior_approximation,neural_ode_h2,6.056166751332001e-28
regular_sir_full,71,gic_evid,equal_prior_posterior_approximation,seir,3.0017738676808845e-16
regular_sir_full,71,gic_evid,equal_prior_posterior_approximation,sir,0.8126145515929415
regular_sir_full,71,gic_evid,equal_prior_posterior_approximation,tv_sir,0.000825836170282715
regular_sir_full,71,gic_evid,equal_prior_posterior_approximation,ude_sir_h2,0.18655961223677528
regular_sir_full,72,gic_pred,predictive_support,neural_ode_h2,2.479361068541085e-05
regular_sir_full,72,gic_pred,predictive_support,seir,5.107987589833889e-19
regular_sir_full,72,gic_pred,predictive_support,sir,0.5444932800052907
regular_sir_full,72,gic_pred,predictive_support,tv_sir,0.13465363923831158
regular_sir_full,72,gic_pred,predictive_support,ude_sir_h2,0.32082828714571227
regular_sir_full,72,gic_evid,equal_prior_posterior_approximation,neural_ode_h2,2.8774647532365273e-28
regular_sir_full,72,gic_evid,equal_prior_posterior_approximation,seir,1.8625083466777626e-20
regular_sir_full,72,gic_evid,equal_prior_posterior_approximation,sir,0.8606331960343261
regular_sir_full,72,gic_evid,equal_prior_posterior_approximation,tv_sir,0.0016433383761989956
regular_sir_full,72,gic_evid,equal_prior_posterior_approximation,ude_sir_h2,0.137723465589475
regular_sir_full,73,gic_pred,predictive_support,neural_ode_h2,1.3323725871873079e-05
regular_sir_full,73,gic_pred,predictive_support,seir,2.7163638050849483e-16
regular_sir_full,73,gic_pred,predictive_support,sir,0.4641967562311541
regular_sir_full,73,gic_pred,predictive_support,tv_sir,0.07329416962205186
regular_sir_full,73,gic_pred,predictive_support,ude_sir_h2,0.4624957504209219
regular_sir_full,73,gic_evid,equal_prior_posterior_approximation,neural_ode_h2,1.0903760264417608e-27
regular_sir_full,73,gic_evid,equal_prior_posterior_approximation,seir,6.21371336870818e-18
regular_sir_full,73,gic_evid,equal_prior_posterior_approximation,sir,0.5073017759832706
regular_sir_full,73,gic_evid,equal_prior_posterior_approximation,tv_sir,0.0005601509260667476
regular_sir_full,73,gic_evid,equal_prior_posterior_approximation,ude_sir_h2,0.49213807309066265
regular_sir_full,74,gic_pred,predictive_support,neural_ode_h2,0.00013758137071596957
regular_sir_full,74,gic_pred,predictive_support,seir,1.8606878373050366e-17
regular_sir_full,74,gic_pred,predictive_support,sir,0.6422116442234532
regular_sir_full,74,gic_pred,predictive_support,tv_sir,0.09876236654269506
regular_sir_full,74,gic_pred,predictive_support,ude_sir_h2,0.2588884078631357
regular_sir_full,74,gic_evid,equal_prior_posterior_approximation,neural_ode_h2,4.4091221619549635e-27
regular_sir_full,74,gic_evid,equal_prior_posterior_approximation,seir,5.594126020799158e-19
regular_sir_full,74,gic_evid,equal_prior_posterior_approximation,sir,0.8656578607528927
regular_sir_full,74,gic_evid,equal_prior_posterior_approximation,tv_sir,0.0009735741239693041
regular_sir_full,74,gic_evid,equal_prior_posterior_approximation,ude_sir_h2,0.13336856512313794
regular_sir_full,75,gic_pred,predictive_support,neural_ode_h2,1.3255499238403416e-06
regular_sir_full,75,gic_pred,predictive_support,seir,8.603469771983423e-21
regular_sir_full,75,gic_pred,predictive_support,sir,0.6220169888709429
regular_sir_full,75,gic_pred,predictive_support,tv_sir,0.19079342140073924
regular_sir_full,75,gic_pred,predictive_support,ude_sir_h2,0.18718826417839396
regular_sir_full,75,gic_evid,equal_prior_posterior_approximation,neural_ode_h2,7.1575923031707025e-31
regular_sir_full,75,gic_evid,equal_prior_posterior_approximation,seir,2.9264569759247387e-22
regular_sir_full,75,gic_evid,equal_prior_posterior_approximation,sir,0.9812319825360143
regular_sir_full,75,gic_evid,equal_prior_posterior_approximation,tv_sir,0.002241973150012798
regular_sir_full,75,gic_evid,equal_prior_posterior_approximation,ude_sir_h2,0.016526044313972813
regular_sir_full,76,gic_pred,predictive_support,neural_ode_h2,1.7643404699203203e-07
regular_sir_full,76,gic_pred,predictive_support,seir,1.5591835373491066e-12
regular_sir_full,76,gic_pred,predictive_support,sir,0.6855770267831074
regular_sir_full,76,gic_pred,predictive_support,tv_sir,0.12490382632769319
regular_sir_full,76,gic_pred,predictive_support,ude_sir_h2,0.18951897045359326
regular_sir_full,76,gic_evid,equal_prior_posterior_approximation,neural_ode_h2,3.201876248884298e-30
regular_sir_full,76,gic_evid,equal_prior_posterior_approximation,seir,5.2362482663927305e-14
regular_sir_full,76,gic_evid,equal_prior_posterior_approximation,sir,0.9742291457720574
regular_sir_full,76,gic_evid,equal_prior_posterior_approximation,tv_sir,0.0012732966303053398
regular_sir_full,76,gic_evid,equal_prior_posterior_approximation,ude_sir_h2,0.024497557597584773
regular_sir_full,77,gic_pred,predictive_support,neural_ode_h2,9.24621832722462e-05
regular_sir_full,77,gic_pred,predictive_support,seir,2.7393753692704702e-17
regular_sir_full,77,gic_pred,predictive_support,sir,0.6662728270236552
regular_sir_full,77,gic_pred,predictive_support,tv_sir,0.16592740168466183
regular_sir_full,77,gic_pred,predictive_support,ude_sir_h2,0.1677073091084107
regular_sir_full,77,gic_evid,equal_prior_posterior_approximation,neural_ode_h2,1.1172893773738858e-25
regular_sir_full,77,gic_evid,equal_prior_posterior_approximation,seir,7.103484723122117e-19
regular_sir_full,77,gic_evid,equal_prior_posterior_approximation,sir,0.9827724336302812
regular_sir_full,77,gic_evid,equal_prior_posterior_approximation,tv_sir,0.0017306788504055923
regular_sir_full,77,gic_evid,equal_prior_posterior_approximation,ude_sir_h2,0.015496887519313154
regular_sir_full,78,gic_pred,predictive_support,neural_ode_h2,5.568619671494277e-07
regular_sir_full,78,gic_pred,predictive_support,seir,1.7691344226251385e-12
regular_sir_full,78,gic_pred,predictive_support,sir,0.613482165859717
regular_sir_full,78,gic_pred,predictive_support,tv_sir,0.08624368185078664
regular_sir_full,78,gic_pred,predictive_support,ude_sir_h2,0.3002735954257599
regular_sir_full,78,gic_evid,equal_prior_posterior_approximation,neural_ode_h2,6.519406697610737e-30
regular_sir_full,78,gic_evid,equal_prior_posterior_approximation,seir,4.113654528264364e-14
regular_sir_full,78,gic_evid,equal_prior_posterior_approximation,sir,0.6568369774718666
regular_sir_full,78,gic_evid,equal_prior_posterior_approximation,tv_sir,0.0006855667326225444
regular_sir_full,78,gic_evid,equal_prior_posterior_approximation,ude_sir_h2,0.3424774557954698
regular_sir_full,79,gic_pred,predictive_support,neural_ode_h2,3.244913207287175e-05
regular_sir_full,79,gic_pred,predictive_support,seir,1.1731228997479872e-13
regular_sir_full,79,gic_pred,predictive_support,sir,0.5330239339957902
regular_sir_full,79,gic_pred,predictive_support,tv_sir,0.1516167941448591
regular_sir_full,79,gic_pred,predictive_support,ude_sir_h2,0.31532682272716056
regular_sir_full,79,gic_evid,equal_prior_posterior_approximation,neural_ode_h2,6.775948292824986e-27
regular_sir_full,79,gic_evid,equal_prior_posterior_approximation,seir,3.3021378501130635e-15
regular_sir_full,79,gic_evid,equal_prior_posterior_approximation,sir,0.875187202664682
regular_sir_full,79,gic_evid,equal_prior_posterior_approximation,tv_sir,0.001830821324958935
regular_sir_full,79,gic_evid,equal_prior_posterior_approximation,ude_sir_h2,0.12298197601035574
