scenario,seed,criterion,truth,selected,correct,selection_gap,support_entropy
early_seir_infected_only,0,aic,seir,sir,0,0.6715567152510857,1.0308398160402907
early_seir_infected_only,0,aicc,seir,sir,0,1.748479792174166,0.8065680658060939
early_seir_infected_only,0,bic,seir,sir,0,1.4441454374908602,0.902886799399387
early_seir_infected_only,0,gic_pred,seir,seir,1,0.6059052054580434,1.4791872939196566
early_seir_infected_only,0,gic_evid,seir,seir,1,1.8675575997085048,1.0360653831173614
early_seir_infected_only,0,gic_eff_logn,seir,seir,1,0.6875465242138574,1.4100269524545221
early_seir_infected_only,1,aic,seir,seir,1,0.1598122237571431,1.0730032139043324
early_seir_infected_only,1,aicc,seir,sir,0,0.9171108531659371,0.9078704059917679
early_seir_infected_only,1,bic,seir,sir,0,0.6127764984826314,0.99229023018964
early_seir_infected_only,1,gic_pred,seir,seir,1,0.5699359365782612,1.486920722095395
early_seir_infected_only,1,gic_evid,seir,seir,1,2.658936117208711,0.942062556980642
early_seir_infected_only,1,gic_eff_logn,seir,seir,1,0.896421439112288,1.4221236712619363
early_seir_infected_only,2,aic,seir,seir,1,0.5886897830230424,1.08684773890339
early_seir_infected_only,2,aicc,seir,sir,0,0.4882332939000378,0.9691243183270016
early_seir_infected_only,2,bic,seir,sir,0,0.18389893921673206,1.042486630996378
early_seir_infected_only,2,gic_pred,seir,seir,1,1.0969355727062293,1.4847611286619353
early_seir_infected_only,2,gic_evid,seir,seir,1,3.0325815501538074,0.8825926253383692
early_seir_infected_only,2,gic_eff_logn,seir,seir,1,1.4611102759888297,1.4144785639515114
early_seir_infected_only,3,aic,seir,sir,0,2.344042052421031,0.865725271979038
early_seir_infected_only,3,aicc,seir,sir,0,3.4209651293441112,0.5832962429511607
early_seir_infected_only,3,bic,seir,sir,0,3.1166307746608055,0.6846176684394004
early_seir_infected_only,3,gic_pred,seir,sir,0,0.006779898986778221,1.4897801925488239
early_seir_infected_only,3,gic_evid,seir,sir,0,0.05569178723118284,1.193282515526191
early_seir_infected_only,3,gic_eff_logn,seir,sir,0,0.009381055385560444,1.440060600904289
early_seir_infected_only,4,aic,seir,seir,1,0.5180608817936729,1.0020289769849189
early_seir_infected_only,4,aicc,seir,sir,0,0.5588621951294073,0.8584521613141948
early_seir_infected_only,4,bic,seir,sir,0,0.25452784044610866,0.9290628817553822
early_seir_infected_only,4,gic_pred,seir,seir,1,1.89787313112258,1.305396084862082
early_seir_infected_only,4,gic_evid,seir,seir,1,2.1148146321802557,1.045634666435708
early_seir_infected_only,4,gic_eff_logn,seir,seir,1,1.6594299464444546,1.2682215977130287
early_seir_infected_only,5,aic,seir,sir,0,1.6961726068141445,0.9103154285978838
early_seir_infected_only,5,aicc,seir,sir,0,2.7730956837372247,0.648058980890384
early_seir_infected_only,5,bic,seir,sir,0,2.468761329053919,0.7444577493147085
early_seir_infected_only,5,gic_pred,seir,ude_sir_h2,0,0.0033690574932734307,1.4894040419063543
early_seir_infected_only,5,gic_evid,seir,seir,1,0.7751485127542281,1.1539406507116285
early_seir_infected_only,5,gic_eff_logn,seir,ude_sir_h2,0,0.003523442938060839,1.411842498487304
early_seir_infected_only,6,aic,seir,seir,1,0.39352021878096366,1.084096326373284
early_seir_infected_only,6,aicc,seir,sir,0,0.2141202104696589,1.0068717869694455
early_seir_infected_only,6,bic,seir,seir,1,0.09021414421364682,1.0685508240180646
early_seir_infected_only,6,gic_pred,seir,seir,1,1.291962008911753,1.3997195423819677
early_seir_infected_only,6,gic_evid,seir,seir,1,3.068831287528738,0.8685030087381977
early_seir_infected_only,6,gic_eff_logn,seir,seir,1,2.346198367720419,1.3368360220703441
early_seir_infected_only,7,aic,seir,sir,0,1.7700801604040635,0.8565861354500433
early_seir_infected_only,7,aicc,seir,sir,0,2.8470032373271437,0.6087684290141809
early_seir_infected_only,7,bic,seir,sir,0,2.542668882643838,0.6958906643848957
early_seir_infected_only,7,gic_pred,seir,ude_sir_h2,0,0.0010767853006257155,1.393833135831411
early_seir_infected_only,7,gic_evid,seir,seir,1,0.7167077426128259,1.1606920661109266
early_seir_infected_only,7,gic_eff_logn,seir,ude_sir_h2,0,0.0009334703127734656,1.3287903245393946
early_seir_infected_only,8,aic,seir,sir,0,1.2576904969743197,0.9253141193436606
early_seir_infected_only,8,aicc,seir,sir,0,2.3346135738974,0.6850576051315748
early_seir_infected_only,8,bic,seir,sir,0,2.030279219214094,0.7749506332771311
early_seir_infected_only,8,gic_pred,seir,seir,1,0.30953351693612774,1.4083940155564083
early_seir_infected_only,8,gic_evid,seir,seir,1,1.022056204809914,1.1363234486486085
early_seir_infected_only,8,gic_eff_logn,seir,seir,1,0.14331014996560043,1.3434272662829034
early_seir_infected_only,9,aic,seir,sir,0,0.6971687589142732,1.070219680294295
early_seir_infected_only,9,aicc,seir,sir,0,1.7740918358373534,0.8562908443414211
early_seir_infected_only,9,bic,seir,sir,0,1.4697574811540477,0.9567056890383175
early_seir_infected_only,9,gic_pred,seir,seir,1,0.3035078980385464,1.4293582147935011
early_seir_infected_only,9,gic_evid,seir,sir,0,0.038782621453435695,1.2381418116226128
early_seir_infected_only,9,gic_eff_logn,seir,seir,1,0.3485617717509797,1.4196889579009362
early_seir_infected_only,10,aic,seir,sir,0,1.5335138085853117,0.8748957655823595
early_seir_infected_only,10,aicc,seir,sir,0,2.610436885508392,0.6349023241625802
early_seir_infected_only,10,bic,seir,sir,0,2.306102530825086,0.7206186345822557
early_seir_infected_only,10,gic_pred,seir,seir,1,0.0492351537925515,1.3971955502960216
early_seir_infected_only,10,gic_evid,seir,seir,1,0.9138344070548641,1.1453805002944069
early_seir_infected_only,10,gic_eff_logn,seir,ude_sir_h2,0,0.0035783727575875446,1.3298712025597172
early_seir_infected_only,11,aic,seir,sir,0,1.470538943413743,0.982197894798232
early_seir_infected_only,11,aicc,seir,sir,0,2.5474620203368232,0.7175118892186194
early_seir_infected_only,11,bic,seir,sir,0,2.2431276656535175,0.8224735781491305
early_seir_infected_only,11,gic_pred,seir,seir,1,0.10558975740775622,1.513144358429218
early_seir_infected_only,11,gic_evid,seir,seir,1,0.9010231635048456,1.1478422223893947
early_seir_infected_only,11,gic_eff_logn,seir,ude_sir_h2,0,0.0025574047635075203,1.4403894774045245
early_seir_infected_only,12,aic,seir,sir,0,2.0246363466216337,0.872279900094622
early_seir_infected_only,12,aicc,seir,sir,0,3.101559423544714,0.6038151207031723
early_seir_infected_only,12,bic,seir,sir,0,2.797225068861408,0.6996829361782174
early_seir_infected_only,12,gic_pred,seir,sir,0,0.00418668406595657,1.4964844396438894
early_seir_infected_only,12,gic_evid,seir,sir,0,0.05890784534851434,1.177622236548891
early_seir_infected_only,12,gic_eff_logn,seir,sir,0,0.005908846960124947,1.444885675299135
early_seir_infected_only,13,aic,seir,sir,0,1.3511584816985618,1.0057608828649083
early_seir_infected_only,13,aicc,seir,sir,0,2.428081558621642,0.746064538618063
early_seir_infected_only,13,bic,seir,sir,0,2.1237472039383363,0.8523410216224071
early_seir_infected_only,13,gic_pred,seir,neural_ode_h2,0,0.37376947232120017,1.5669073514681693
early_seir_infected_only,13,gic_evid,seir,seir,1,0.8807264269015036,1.2185625372248219
early_seir_infected_only,13,gic_eff_logn,seir,seir,1,0.14953232982418285,1.5558055137756228
early_seir_infected_only,14,aic,seir,sir,0,1.3373579322111908,0.9467244707767316
early_seir_infected_only,14,aicc,seir,sir,0,2.414281009134271,0.6953420473140315
early_seir_infected_only,14,bic,seir,sir,0,2.1099466544509653,0.7910920290510065
early_seir_infected_only,14,gic_pred,seir,seir,1,0.08556815599821732,1.4518336896966408
early_seir_infected_only,14,gic_evid,seir,seir,1,0.35111818716110577,1.1745574293475212
early_seir_infected_only,14,gic_eff_logn,seir,sir,0,0.004302484920714278,1.3954026388030614
early_seir_infected_only,15,aic,seir,sir,0,1.8419139162534321,0.8995837519198583
early_seir_infected_only,15,aicc,seir,sir,0,2.9188369931765124,0.6323611604500883
early_seir_infected_only,15,bic,seir,sir,0,2.6145026384932066,0.729767948298858
early_seir_infected_only,15,gic_pred,seir,ude_sir_h2,0,0.00362195144637667,1.547324997618586
early_seir_infected_only,15,gic_evid,seir,seir,1,0.5566630028379933,1.152110902922213
early_seir_infected_only,15,gic_eff_logn,seir,ude_sir_h2,0,0.0037416514549022395,1.477751662458453
early_seir_infected_only,16,aic,seir,sir,0,1.9265207522399663,0.8464186680816537
early_seir_infected_only,16,aicc,seir,sir,0,3.0034438291630465,0.5930212950351186
early_seir_infected_only,16,bic,seir,sir,0,2.699109474479741,0.6814425709467783
early_seir_infected_only,16,gic_pred,seir,sir,0,0.001090000932293833,1.5384535310991225
early_seir_infected_only,16,gic_evid,seir,seir,1,0.36881189591134955,1.1694569540878432
early_seir_infected_only,16,gic_eff_logn,seir,sir,0,0.0017980095052081424,1.4855926156756887
early_seir_infected_only,17,aic,seir,sir,0,0.6928486399209532,0.963701886281994
early_seir_infected_only,17,aicc,seir,sir,0,1.7697717168440334,0.7490827506981281
early_seir_infected_only,17,bic,seir,sir,0,1.4654373621607277,0.8345420688591182
early_seir_infected_only,17,gic_pred,seir,seir,1,0.8555871152043295,1.420578582757463
early_seir_infected_only,17,gic_evid,seir,seir,1,1.7446020280818715,1.0934735976694345
early_seir_infected_only,17,gic_eff_logn,seir,seir,1,0.6832636571426463,1.3524625199168003
early_seir_infected_only,18,aic,seir,sir,0,0.6231932400535385,1.047904872966406
early_seir_infected_only,18,aicc,seir,sir,0,1.7001163169766187,0.828462496564375
early_seir_infected_only,18,bic,seir,sir,0,1.395781962293313,0.9260137555983895
early_seir_infected_only,18,gic_pred,seir,seir,1,0.9559956925911024,1.4521541384277667
early_seir_infected_only,18,gic_evid,seir,seir,1,1.6658941412759702,1.1001633530227877
early_seir_infected_only,18,gic_eff_logn,seir,seir,1,0.7949271404292233,1.3899420910746365
early_seir_infected_only,19,aic,seir,sir,0,1.960142876179873,0.9029201317004343
early_seir_infected_only,19,aicc,seir,sir,0,3.037065953102953,0.6285548090387573
early_seir_infected_only,19,bic,seir,sir,0,2.7327315984196474,0.7291656501639228
early_seir_infected_only,19,gic_pred,seir,ude_sir_h2,0,0.002128090569726737,1.5078688847223911
early_seir_infected_only,19,gic_evid,seir,seir,1,0.386043595651671,1.1799495686959747
early_seir_infected_only,19,gic_eff_logn,seir,ude_sir_h2,0,0.0020585822873613324,1.4335517364562245
early_seir_infected_only,20,aic,seir,tv_sir,0,2.3515076751457116,0.9251305671220508
early_seir_infected_only,20,aicc,seir,sir,0,0.36177903814100887,1.071601004736901
early_seir_infected_only,20,bic,seir,tv_sir,0,0.8063302306661484,1.043734148239687
early_seir_infected_only,20,gic_pred,seir,tv_sir,0,0.19948899421476085,1.4691593269325933
early_seir_infected_only,20,gic_evid,seir,seir,1,2.311776585519709,1.149853138776311
early_seir_infected_only,20,gic_eff_logn,seir,ude_sir_h2,0,0.4846621392542545,1.5176569886767897
early_seir_infected_only,21,aic,seir,sir,0,1.9011593926824446,0.8414241372319528
early_seir_infected_only,21,aicc,seir,sir,0,2.978082469605525,0.5916171583463193
early_seir_infected_only,21,bic,seir,sir,0,2.673748114922219,0.6784621851447233
early_seir_infected_only,21,gic_pred,seir,ude_sir_h2,0,0.000422313369469407,1.4063435811524223
early_seir_infected_only,21,gic_evid,seir,seir,1,0.49388240663077454,1.161791547176471
early_seir_infected_only,21,gic_eff_logn,seir,sir,0,1.866616754853112e-05,1.3400189519220664
early_seir_infected_only,22,aic,seir,sir,0,1.4323985583618253,0.9469771977257216
early_seir_infected_only,22,aicc,seir,sir,0,2.5093216352849055,0.689986958431918
early_seir_infected_only,22,bic,seir,sir,0,2.2049872806015998,0.7878171143417664
early_seir_infected_only,22,gic_pred,seir,seir,1,0.07459141836774563,1.4215927216411473
early_seir_infected_only,22,gic_evid,seir,seir,1,0.2179821304367806,1.1925052647585157
early_seir_infected_only,22,gic_eff_logn,seir,sir,0,0.006875235318815953,1.3730006351183108
early_seir_infected_only,23,aic,seir,sir,0,1.2758278033703192,0.9413195322437394
early_seir_infected_only,23,aicc,seir,sir,0,2.3527508802933994,0.6950988776314461
early_seir_infected_only,23,bic,seir,sir,0,2.0484165256100937,0.7884966166939619
early_seir_infected_only,23,gic_pred,seir,seir,1,0.28127365529908843,1.4580253752923644
early_seir_infected_only,23,gic_evid,seir,seir,1,1.1841220902292946,1.1327897067733284
early_seir_infected_only,23,gic_eff_logn,seir,seir,1,0.11170522033215491,1.3836695106188845
early_seir_infected_only,24,aic,seir,sir,0,1.5403109092009828,0.9412076918066223
early_seir_infected_only,24,aicc,seir,sir,0,2.617233986124063,0.6794351953154065
early_seir_infected_only,24,bic,seir,sir,0,2.3128996314407573,0.7784665289589096
early_seir_infected_only,24,gic_pred,seir,sir,0,0.013494099793760483,1.5339931845590922
early_seir_infected_only,24,gic_evid,seir,seir,1,0.9328566014089574,1.1391339871231738
early_seir_infected_only,24,gic_eff_logn,seir,sir,0,0.12198956364748881,1.4578422603796157
early_seir_infected_only,25,aic,seir,sir,0,2.0580523190542834,0.8299132502711087
early_seir_infected_only,25,aicc,seir,sir,0,3.1349753959773636,0.5753815293154397
early_seir_infected_only,25,bic,seir,sir,0,2.830641041294058,0.6632492140615005
early_seir_infected_only,25,gic_pred,seir,sir,0,0.0010173692268722334,1.397746120548471
early_seir_infected_only,25,gic_evid,seir,sir,0,0.053928740062744396,1.2288176265977058
early_seir_infected_only,25,gic_eff_logn,seir,sir,0,0.0017696479344095906,1.3561923760685144
early_seir_infected_only,26,aic,seir,sir,0,1.2508391507561356,0.922351784545191
early_seir_infected_only,26,aicc,seir,sir,0,2.327762227679216,0.6834942531450173
early_seir_infected_only,26,bic,seir,sir,0,2.02342787299591,0.7726537335928627
early_seir_infected_only,26,gic_pred,seir,seir,1,0.30084954457565516,1.4324556529068817
early_seir_infected_only,26,gic_evid,seir,seir,1,1.1993994604106746,1.1283602669213988
early_seir_infected_only,26,gic_eff_logn,seir,seir,1,0.12921314204589862,1.3602201980112834
early_seir_infected_only,27,aic,seir,sir,0,1.087188864300316,1.0626964105625918
early_seir_infected_only,27,aicc,seir,sir,0,2.195363821499498,0.8326928884361977
early_seir_infected_only,27,bic,seir,sir,0,1.8910294668161924,0.9396105891607494
early_seir_infected_only,27,gic_pred,seir,seir,1,0.12917849294835548,1.5862889585311843
early_seir_infected_only,27,gic_evid,seir,seir,1,1.444375376408857,1.131439570550349
early_seir_infected_only,27,gic_eff_logn,seir,seir,1,0.18855293805881956,1.537977546047252
early_seir_infected_only,28,aic,seir,sir,0,0.9459296228196052,0.9764009812865299
early_seir_infected_only,28,aicc,seir,sir,0,2.0228526997426854,0.7418271111379305
early_seir_infected_only,28,bic,seir,sir,0,1.7185183450593797,0.8347983061446264
early_seir_infected_only,28,gic_pred,seir,seir,1,0.606266222115309,1.4869459374586642
early_seir_infected_only,28,gic_evid,seir,seir,1,1.5666007406583304,1.0619712869229527
early_seir_infected_only,28,gic_eff_logn,seir,seir,1,0.43328200212761203,1.4117996486797668
early_seir_infected_only,29,aic,seir,tv_sir,0,2.6629930029957336,0.7432901617622414
early_seir_infected_only,29,aicc,seir,tv_sir,0,1.0266293666320934,1.0308305417195829
early_seir_infected_only,29,bic,seir,tv_sir,0,1.890404280755945,0.914523970845592
early_seir_infected_only,29,gic_pred,seir,tv_sir,0,1.5116969982103257,1.2297163754586442
early_seir_infected_only,29,gic_evid,seir,seir,1,3.818922783610276,0.8540793479131699
early_seir_infected_only,29,gic_eff_logn,seir,tv_sir,0,0.29436912134207205,1.3292870202985323
early_seir_infected_only,30,aic,seir,seir,1,0.07954603873868393,1.0734793671409506
early_seir_infected_only,30,aicc,seir,seir,1,0.02159802020774748,1.0361642399916702
early_seir_infected_only,30,bic,seir,seir,1,0.3259323748910532,1.0839927374714493
early_seir_infected_only,30,gic_pred,seir,seir,1,0.06081147518358421,1.493717724944414
early_seir_infected_only,30,gic_evid,seir,seir,1,3.527971016150005,0.9055719788417679
early_seir_infected_only,30,gic_eff_logn,seir,seir,1,0.4973070953978578,1.454421148298087
early_seir_infected_only,31,aic,seir,sir,0,1.9410215229111856,0.8701490606262214
early_seir_infected_only,31,aicc,seir,sir,0,3.0179445998342658,0.6070557894701893
early_seir_infected_only,31,bic,seir,sir,0,2.71361024515096,0.7006863728279858
early_seir_infected_only,31,gic_pred,seir,sir,0,0.002703561727230408,1.42452779744358
early_seir_infected_only,31,gic_evid,seir,seir,1,0.40704791311834754,1.1719477464637642
early_seir_infected_only,31,gic_eff_logn,seir,sir,0,0.003885503302399229,1.3619349789329984
early_seir_infected_only,32,aic,seir,sir,0,0.6877914106010223,0.9582524290219103
early_seir_infected_only,32,aicc,seir,sir,0,1.7647144875241025,0.7455212552072232
early_seir_infected_only,32,bic,seir,sir,0,1.4603801328407968,0.8298455216938139
early_seir_infected_only,32,gic_pred,seir,seir,1,0.8783452471867577,1.3975024879952647
early_seir_infected_only,32,gic_evid,seir,seir,1,1.7069313836107227,1.067064445572047
early_seir_infected_only,32,gic_eff_logn,seir,seir,1,0.7107462845935544,1.3306966442288597
early_seir_infected_only,33,aic,seir,sir,0,0.6251249459093202,1.0803659123284122
early_seir_infected_only,33,aicc,seir,sir,0,2.0207134357534358,0.8793670693591321
early_seir_infected_only,33,bic,seir,sir,0,1.71637908107013,0.9810050035809198
early_seir_infected_only,33,gic_pred,seir,neural_ode_h2,0,0.692350978437446,1.5579741852613054
early_seir_infected_only,33,gic_evid,seir,seir,1,1.6352336132462995,1.0796204877749072
early_seir_infected_only,33,gic_eff_logn,seir,neural_ode_h2,0,0.20402974863824852,1.5652924378003965
early_seir_infected_only,34,aic,seir,sir,0,1.9906011516019788,0.8567926985091145
early_seir_infected_only,34,aicc,seir,sir,0,3.067524228525059,0.5956721864634296
early_seir_infected_only,34,bic,seir,sir,0,2.7631898738417533,0.6876351913110567
early_seir_infected_only,34,gic_pred,seir,ude_sir_h2,0,0.001387474789225962,1.5065739811371186
early_seir_infected_only,34,gic_evid,seir,seir,1,0.38122054896140867,1.1723974836066637
early_seir_infected_only,34,gic_eff_logn,seir,ude_sir_h2,0,0.0012195958213396807,1.4341276281731759
early_seir_infected_only,35,aic,seir,sir,0,0.8519752252519055,1.0181388655435137
early_seir_infected_only,35,aicc,seir,sir,0,1.9288983021749857,0.7838807154720056
early_seir_infected_only,35,bic,seir,sir,0,1.62456394749168,0.8819842826431415
early_seir_infected_only,35,gic_pred,seir,seir,1,0.7291536302696073,1.487519847343099
early_seir_infected_only,35,gic_evid,seir,seir,1,1.546821009272449,1.09397890593713
early_seir_infected_only,35,gic_eff_logn,seir,seir,1,0.56734606912174,1.4161598937663737
early_seir_infected_only,36,aic,seir,seir,1,1.3351942115762938,1.0389124887015482
early_seir_infected_only,36,aicc,seir,seir,1,0.2582711346532136,0.9485947720081152
early_seir_infected_only,36,bic,seir,seir,1,0.5626054893365193,1.010140095250685
early_seir_infected_only,36,gic_pred,seir,seir,1,1.8229164939991733,1.3764223033820302
early_seir_infected_only,36,gic_evid,seir,seir,1,3.541456969189653,0.8024462283218597
early_seir_infected_only,36,gic_eff_logn,seir,seir,1,2.144664309208494,1.2903543156012964
early_seir_infected_only,37,aic,seir,sir,0,0.4720691637009935,1.020965378688258
early_seir_infected_only,37,aicc,seir,sir,0,1.5489922406240737,0.8094134086498874
early_seir_infected_only,37,bic,seir,sir,0,1.244657885940768,0.9003482081762515
early_seir_infected_only,37,gic_pred,seir,seir,1,0.9366467508566529,1.4835167988961058
early_seir_infected_only,37,gic_evid,seir,seir,1,2.0064090246041104,1.022138398157788
early_seir_infected_only,37,gic_eff_logn,seir,seir,1,0.9504549999168006,1.4100637881891895
early_seir_infected_only,38,aic,seir,sir,0,0.48377097220094356,1.041871797750593
early_seir_infected_only,38,aicc,seir,sir,0,1.5606940491240238,0.829137154545887
early_seir_infected_only,38,bic,seir,sir,0,1.256359694440718,0.9232276745272868
early_seir_infected_only,38,gic_pred,seir,seir,1,0.5878835536873481,1.4905314309441902
early_seir_infected_only,38,gic_evid,seir,seir,1,2.053961447588023,1.014208994015282
early_seir_infected_only,38,gic_eff_logn,seir,seir,1,0.8266241953316182,1.4218485420591795
early_seir_infected_only,39,aic,seir,sir,0,2.3142403574803154,0.8214356573871803
early_seir_infected_only,39,aicc,seir,sir,0,3.3911634344033956,0.5558277814175988
early_seir_infected_only,39,bic,seir,sir,0,3.08682907972009,0.647438059887274
early_seir_infected_only,39,gic_pred,seir,sir,0,0.006358990614458548,1.432211749692594
early_seir_infected_only,39,gic_evid,seir,seir,1,0.0678697442092897,1.1933118703366314
early_seir_infected_only,39,gic_eff_logn,seir,sir,0,0.008712913346101914,1.3786550173722147
early_seir_infected_only,40,aic,seir,sir,0,1.5876831137101988,0.890164364356206
early_seir_infected_only,40,aicc,seir,sir,0,2.664606190633279,0.6409892813425417
early_seir_infected_only,40,bic,seir,sir,0,2.3602718359499733,0.7309976826307327
early_seir_infected_only,40,gic_pred,seir,sir,0,0.027959896033337373,1.4507644145759215
early_seir_infected_only,40,gic_evid,seir,seir,1,0.8197902679602294,1.1411754672510481
early_seir_infected_only,40,gic_eff_logn,seir,sir,0,0.04627208554414608,1.375054226913378
early_seir_infected_only,41,aic,seir,sir,0,1.9356504576686575,0.8557704899095742
early_seir_infected_only,41,aicc,seir,sir,0,3.0125735345917377,0.5982478861708194
early_seir_infected_only,41,bic,seir,sir,0,2.708239179908432,0.6888155834093345
early_seir_infected_only,41,gic_pred,seir,sir,0,0.0059039063025210226,1.4039972440250847
early_seir_infected_only,41,gic_evid,seir,sir,0,0.05291139681499146,1.1976723692306241
early_seir_infected_only,41,gic_eff_logn,seir,sir,0,0.008103157114774717,1.354229792001536
early_seir_infected_only,42,aic,seir,sir,0,1.7692076100500458,0.9518260567783774
early_seir_infected_only,42,aicc,seir,sir,0,2.846130686973126,0.6765287595191984
early_seir_infected_only,42,bic,seir,sir,0,2.5417963322898203,0.7823746375898802
early_seir_infected_only,42,gic_pred,seir,ude_sir_h2,0,0.004853858805134337,1.482801521880583
early_seir_infected_only,42,gic_evid,seir,seir,1,0.6779905714757319,1.1839416600183998
early_seir_infected_only,42,gic_eff_logn,seir,ude_sir_h2,0,0.005214850793507253,1.4087030151668865
early_seir_infected_only,43,aic,seir,sir,0,0.4534035444601443,1.037773334035466
early_seir_infected_only,43,aicc,seir,sir,0,1.5303266213832245,0.8268285187910223
early_seir_infected_only,43,bic,seir,sir,0,1.2259922666999188,0.9198064270474032
early_seir_infected_only,43,gic_pred,seir,seir,1,0.8898419817582237,1.4952398535896314
early_seir_infected_only,43,gic_evid,seir,seir,1,2.0360669274029988,0.9973973859338799
early_seir_infected_only,43,gic_eff_logn,seir,seir,1,0.9654954278390449,1.4209944825861356
early_seir_infected_only,44,aic,seir,tv_sir,0,4.672619895669484,0.36913367551274656
early_seir_infected_only,44,aicc,seir,tv_sir,0,3.036256259305844,0.6369185955974094
early_seir_infected_only,44,bic,seir,tv_sir,0,3.9000311734296957,0.4937458617169704
early_seir_infected_only,44,gic_pred,seir,tv_sir,0,2.1593094863550277,1.0294371621702596
early_seir_infected_only,44,gic_evid,seir,seir,1,2.427281752073057,0.7160911416318153
early_seir_infected_only,44,gic_eff_logn,seir,tv_sir,0,2.1385032233986436,1.1406175463035975
early_seir_infected_only,45,aic,seir,sir,0,2.1139460065154623,0.8412128208229811
early_seir_infected_only,45,aicc,seir,sir,0,3.1908690834385425,0.5789686453267356
early_seir_infected_only,45,bic,seir,sir,0,2.8865347287552368,0.6703881983078384
early_seir_infected_only,45,gic_pred,seir,sir,0,0.0026256754666889037,1.4726775876044687
early_seir_infected_only,45,gic_evid,seir,seir,1,0.23411678609042497,1.1669753182410187
early_seir_infected_only,45,gic_eff_logn,seir,sir,0,0.003835145483492397,1.4048899186558064
early_seir_infected_only,46,aic,seir,seir,1,0.9496108085425732,0.9759331817261299
early_seir_infected_only,46,aicc,seir,sir,0,0.12731226838050702,0.8620802411952635
early_seir_infected_only,46,bic,seir,seir,1,0.1770220863027987,0.9229781340722378
early_seir_infected_only,46,gic_pred,seir,seir,1,1.943923841465562,1.2958275820339333
early_seir_infected_only,46,gic_evid,seir,seir,1,3.2240251595776073,0.8166098425579302
early_seir_infected_only,46,gic_eff_logn,seir,seir,1,2.2019426855290334,1.2149174872567368
early_seir_infected_only,47,aic,seir,sir,0,2.4551082546374374,0.8247200764375463
early_seir_infected_only,47,aicc,seir,sir,0,3.5320313315605176,0.5505785617073602
early_seir_infected_only,47,bic,seir,sir,0,3.227696976877212,0.6458465734948464
early_seir_infected_only,47,gic_pred,seir,sir,0,0.004639733237596033,1.435860393004437
early_seir_infected_only,47,gic_evid,seir,sir,0,0.05941858667385702,1.2612179918086848
early_seir_infected_only,47,gic_eff_logn,seir,sir,0,0.006890196767201928,1.398777470645458
early_seir_infected_only,48,aic,seir,tv_sir,0,0.17646689100618573,1.0761809915231375
early_seir_infected_only,48,aicc,seir,sir,0,0.21159902570748557,1.043314892100179
early_seir_infected_only,48,bic,seir,seir,1,0.09273532897582015,1.090602144764781
early_seir_infected_only,48,gic_pred,seir,seir,1,0.7451606968058115,1.4046706634788682
early_seir_infected_only,48,gic_evid,seir,seir,1,3.047540185504687,0.879662822542913
early_seir_infected_only,48,gic_eff_logn,seir,seir,1,1.8737689592698814,1.3626329013146665
early_seir_infected_only,49,aic,seir,tv_sir,0,0.8979886529288592,0.9957149725210614
early_seir_infected_only,49,aicc,seir,seir,1,0.4869419059059794,1.086538383528944
early_seir_infected_only,49,bic,seir,tv_sir,0,0.12539993068907762,1.0803428572919827
early_seir_infected_only,49,gic_pred,seir,ude_sir_h2,0,1.3056025554566588,1.4046033579064254
early_seir_infected_only,49,gic_evid,seir,seir,1,3.172253868832229,0.964743719639114
early_seir_infected_only,49,gic_eff_logn,seir,ude_sir_h2,0,0.8238450472955776,1.4018157346869207
early_seir_infected_only,50,aic,seir,sir,0,2.519424640840697,0.7966312984939995
early_seir_infected_only,50,aicc,seir,sir,0,3.596347717763777,0.5300743795126307
early_seir_infected_only,50,bic,seir,sir,0,3.2920133630804713,0.6208306660211552
early_seir_infected_only,50,gic_pred,seir,sir,0,0.00837366533669126,1.5020096513137786
early_seir_infected_only,50,gic_evid,seir,seir,1,0.33245890514650966,1.1964260658105565
early_seir_infected_only,50,gic_eff_logn,seir,sir,0,0.01163155649039993,1.4509023354691348
early_seir_infected_only,51,aic,seir,sir,0,1.777942372221375,0.8657398477234413
early_seir_infected_only,51,aicc,seir,sir,0,2.854865449144455,0.613865377562997
early_seir_infected_only,51,bic,seir,sir,0,2.5505310944611495,0.7030429305093953
early_seir_infected_only,51,gic_pred,seir,ude_sir_h2,0,0.0022647570538367745,1.4426181374578968
early_seir_infected_only,51,gic_evid,seir,seir,1,0.6071171633525836,1.151809915816338
early_seir_infected_only,51,gic_eff_logn,seir,ude_sir_h2,0,0.0021544964222925955,1.3682374267981388
early_seir_infected_only,52,aic,seir,sir,0,0.5720143295766604,1.0496293410356223
early_seir_infected_only,52,aicc,seir,sir,0,1.6489374064997406,0.833044345294397
early_seir_infected_only,52,bic,seir,sir,0,1.344603051816435,0.9297784997493342
early_seir_infected_only,52,gic_pred,seir,seir,1,0.9916008288701192,1.5065130060712306
early_seir_infected_only,52,gic_evid,seir,seir,1,1.8716054558942972,1.031771837980122
early_seir_infected_only,52,gic_eff_logn,seir,seir,1,0.8439420882243809,1.4348766992198416
early_seir_infected_only,53,aic,seir,sir,0,1.5827912782820874,0.9263365342329766
early_seir_infected_only,53,aicc,seir,sir,0,2.6597143552051676,0.6659706775166647
early_seir_infected_only,53,bic,seir,sir,0,2.355380000521862,0.7630622916433393
early_seir_infected_only,53,gic_pred,seir,ude_sir_h2,0,0.004597735983850271,1.5076093242653563
early_seir_infected_only,53,gic_evid,seir,seir,1,0.8827247085129812,1.1447678464680473
early_seir_infected_only,53,gic_eff_logn,seir,ude_sir_h2,0,0.004882791997360414,1.4279730495557827
early_seir_infected_only,54,aic,seir,sir,0,0.14084565810624383,1.0686221290074858
early_seir_infected_only,54,aicc,seir,sir,0,1.217768735029324,0.8827839948433026
early_seir_infected_only,54,bic,seir,sir,0,0.9134343803460254,0.972847958081436
early_seir_infected_only,54,gic_pred,seir,seir,1,1.430596147313409,1.4544271112221492
early_seir_infected_only,54,gic_evid,seir,seir,1,2.1225282125717797,0.9842621686094013
early_seir_infected_only,54,gic_eff_logn,seir,seir,1,1.265046533335294,1.3856220260635992
early_seir_infected_only,55,aic,seir,sir,0,1.894459578664197,0.916195406495059
early_seir_infected_only,55,aicc,seir,sir,0,2.971382655587277,0.6417126622859466
early_seir_infected_only,55,bic,seir,sir,0,2.6670483009039714,0.7435073227962713
early_seir_infected_only,55,gic_pred,seir,ude_sir_h2,0,0.00267187708395511,1.5613527262059934
early_seir_infected_only,55,gic_evid,seir,seir,1,0.3464571705772528,1.1711661440946186
early_seir_infected_only,55,gic_eff_logn,seir,ude_sir_h2,0,0.002629984674399566,1.4950731821777947
early_seir_infected_only,56,aic,seir,sir,0,1.4992473876497598,0.8871686523282649
early_seir_infected_only,56,aicc,seir,sir,0,2.57617046457284,0.644692319240701
early_seir_infected_only,56,bic,seir,sir,0,2.2718361098895343,0.7321685755014018
early_seir_infected_only,56,gic_pred,seir,seir,1,0.08948048304057465,1.3991543883170943
early_seir_infected_only,56,gic_evid,seir,seir,1,0.8669363131940173,1.1446971012186207
early_seir_infected_only,56,gic_eff_logn,seir,ude_sir_h2,0,0.0022355561282836334,1.333144850680882
early_seir_infected_only,57,aic,seir,sir,0,1.9701043999038035,0.8890450664407318
early_seir_infected_only,57,aicc,seir,sir,0,3.0470274768268837,0.6181437678968789
early_seir_infected_only,57,bic,seir,sir,0,2.742693122143578,0.7162166329762752
early_seir_infected_only,57,gic_pred,seir,ude_sir_h2,0,0.0013774532999661915,1.4822345380012742
early_seir_infected_only,57,gic_evid,seir,seir,1,0.3405053727520766,1.175241109469538
early_seir_infected_only,57,gic_eff_logn,seir,ude_sir_h2,0,0.0011022355039926879,1.4094909812928367
early_seir_infected_only,58,aic,seir,sir,0,1.8910019997132537,0.9119421970725682
early_seir_infected_only,58,aicc,seir,sir,0,2.967925076636334,0.6387133563258798
early_seir_infected_only,58,bic,seir,sir,0,2.663590721953028,0.7396135461433033
early_seir_infected_only,58,gic_pred,seir,seir,1,0.24185019000523766,1.5729402393899252
early_seir_infected_only,58,gic_evid,seir,seir,1,0.5615706103535842,1.2100331530248654
early_seir_infected_only,58,gic_eff_logn,seir,seir,1,0.29317024175591655,1.527605864360099
early_seir_infected_only,59,aic,seir,sir,0,1.9017679746207818,0.872739812940304
early_seir_infected_only,59,aicc,seir,sir,0,2.978691051543862,0.6109661126523134
early_seir_infected_only,59,bic,seir,sir,0,2.6743566968605563,0.7042717945022539
early_seir_infected_only,59,gic_pred,seir,ude_sir_h2,0,0.0024101784339620735,1.4508073184428818
early_seir_infected_only,59,gic_evid,seir,seir,1,0.4868162897855228,1.1661669887882784
early_seir_infected_only,59,gic_eff_logn,seir,ude_sir_h2,0,0.002365667191767784,1.3765169747009012
early_seir_infected_only,60,aic,seir,sir,0,2.3944142965091544,0.8086423179328038
early_seir_infected_only,60,aicc,seir,sir,0,3.4713373734322346,0.5438104893392438
early_seir_infected_only,60,bic,seir,sir,0,3.167003018748929,0.6344526305279122
early_seir_infected_only,60,gic_pred,seir,sir,0,0.006024127215269459,1.4614231373720414
early_seir_infected_only,60,gic_evid,seir,sir,0,0.05657095530837353,1.2046524866091546
early_seir_infected_only,60,gic_eff_logn,seir,sir,0,0.008344166115676899,1.4123459542013852
early_seir_infected_only,61,aic,seir,tv_sir,0,0.4913172986292693,1.0903960882265658
early_seir_infected_only,61,aicc,seir,sir,0,1.1699041911280261,1.0013208320100684
early_seir_infected_only,61,bic,seir,sir,0,0.8655698364447204,1.0704285630534165
early_seir_infected_only,61,gic_pred,seir,tv_sir,0,1.0926559161499085,1.3303858167358842
early_seir_infected_only,61,gic_evid,seir,sir,0,0.05722791552634021,1.303200296097827
early_seir_infected_only,61,gic_eff_logn,seir,tv_sir,0,0.5164428308739701,1.398838926657502
early_seir_infected_only,62,aic,seir,sir,0,2.4839057709282315,0.796215264445481
early_seir_infected_only,62,aicc,seir,sir,0,3.5608288478513117,0.5316899327165064
early_seir_infected_only,62,bic,seir,sir,0,3.256494493168006,0.6216164572907884
early_seir_infected_only,62,gic_pred,seir,sir,0,0.0060191244606926375,1.4680511739794835
early_seir_infected_only,62,gic_evid,seir,sir,0,0.05804568591659631,1.214531263443873
early_seir_infected_only,62,gic_eff_logn,seir,sir,0,0.008472444683420122,1.4221508300429453
early_seir_infected_only,63,aic,seir,seir,1,0.6359956055492262,1.0508741171681621
early_seir_infected_only,63,aicc,seir,sir,0,0.440927471373854,0.9132365293608492
early_seir_infected_only,63,bic,seir,sir,0,0.1365931166905483,0.9876217278421664
early_seir_infected_only,63,gic_pred,seir,seir,1,1.1703170013308721,1.4299257026710452
early_seir_infected_only,63,gic_evid,seir,seir,1,3.030162801486526,0.8815523991430118
early_seir_infected_only,63,gic_eff_logn,seir,seir,1,1.4881247189991456,1.3534847189484451
early_seir_infected_only,64,aic,seir,sir,0,1.7124291776628269,0.8969719371699775
early_seir_infected_only,64,aicc,seir,sir,0,2.789352254585907,0.6379421675318706
early_seir_infected_only,64,bic,seir,sir,0,2.4850178999026014,0.7320379622347124
early_seir_infected_only,64,gic_pred,seir,ude_sir_h2,0,0.001196587116382375,1.461766446715491
early_seir_infected_only,64,gic_evid,seir,seir,1,0.6350143627968237,1.1524183637927874
early_seir_infected_only,64,gic_eff_logn,seir,ude_sir_h2,0,0.0008771134990581686,1.3882586418335894
early_seir_infected_only,65,aic,seir,sir,0,2.1890411253703377,0.9003699384680076
early_seir_infected_only,65,aicc,seir,sir,0,3.265964202293418,0.6158538393862314
early_seir_infected_only,65,bic,seir,sir,0,2.961629847610112,0.7207952721400975
early_seir_infected_only,65,gic_pred,seir,sir,0,0.007171672815047714,1.4624176380325347
early_seir_infected_only,65,gic_evid,seir,sir,0,0.056228128280793044,1.2154715765745245
early_seir_infected_only,65,gic_eff_logn,seir,sir,0,0.009981775085833533,1.420727411704854
early_seir_infected_only,66,aic,seir,sir,0,2.0740215695880124,0.8834216792759948
early_seir_infected_only,66,aicc,seir,sir,0,3.1509446465110926,0.6087999289097661
early_seir_infected_only,66,bic,seir,sir,0,2.846610291827787,0.7079651761017891
early_seir_infected_only,66,gic_pred,seir,seir,1,0.16188125260690356,1.582103914626362
early_seir_infected_only,66,gic_evid,seir,seir,1,0.49243328401445297,1.2252863018326903
early_seir_infected_only,66,gic_eff_logn,seir,seir,1,0.25300918259306115,1.5452336674536318
early_seir_infected_only,67,aic,seir,tv_sir,0,6.451144584102238,0.21709908658674704
early_seir_infected_only,67,aicc,seir,tv_sir,0,4.814780947738598,0.4175136837494567
early_seir_infected_only,67,bic,seir,tv_sir,0,5.678555861862456,0.3027663814098679
early_seir_infected_only,67,gic_pred,seir,tv_sir,0,0.420503460213979,1.0401303434421918
early_seir_infected_only,67,gic_evid,seir,seir,1,0.7162814324359701,0.8623614892510282
early_seir_infected_only,67,gic_eff_logn,seir,tv_sir,0,0.42106480423584003,1.1402991939094713
early_seir_infected_only,68,aic,seir,tv_sir,0,5.428976663663903,0.3759341052614109
early_seir_infected_only,68,aicc,seir,tv_sir,0,2.7156899503771825,0.7132567952047211
early_seir_infected_only,68,bic,seir,tv_sir,0,3.88379921918434,0.5493370728310133
early_seir_infected_only,68,gic_pred,seir,tv_sir,0,3.2523509910230644,1.0209491175454646
early_seir_infected_only,68,gic_evid,seir,tv_sir,0,0.2208518165515585,1.2396714404506888
early_seir_infected_only,68,gic_eff_logn,seir,tv_sir,0,2.5056867977164785,1.1970997473961011
early_seir_infected_only,69,aic,seir,sir,0,1.7694108419311618,0.8705680463741361
early_seir_infected_only,69,aicc,seir,sir,0,2.846333918854242,0.6173923463604138
early_seir_infected_only,69,bic,seir,sir,0,2.5419995641709363,0.7073737806288098
early_seir_infected_only,69,gic_pred,seir,ude_sir_h2,0,0.003729992786631442,1.446576728085164
early_seir_infected_only,69,gic_evid,seir,seir,1,0.6887821979919835,1.1583971703083527
early_seir_infected_only,69,gic_eff_logn,seir,ude_sir_h2,0,0.003946021569703362,1.3709101910210668
early_seir_infected_only,70,aic,seir,tv_sir,0,0.8848111756269645,0.9814959407170651
early_seir_infected_only,70,aicc,seir,seir,1,0.6824588131928095,1.0832962782324702
early_seir_infected_only,70,bic,seir,tv_sir,0,0.11222245338717585,1.07217365369435
early_seir_infected_only,70,gic_pred,seir,seir,1,0.1990712414846456,1.4577584939439034
early_seir_infected_only,70,gic_evid,seir,seir,1,4.094130464136427,0.772976956211272
early_seir_infected_only,70,gic_eff_logn,seir,seir,1,1.2487992294589958,1.4336801613531736
early_seir_infected_only,71,aic,seir,seir,1,0.05086363382633863,1.015532446837693
early_seir_infected_only,71,aicc,seir,sir,0,1.0260594430967416,0.8394539618012581
early_seir_infected_only,71,bic,seir,sir,0,0.7217250884134359,0.9197843931432045
early_seir_infected_only,71,gic_pred,seir,seir,1,1.2829779842567461,1.3888368047703026
early_seir_infected_only,71,gic_evid,seir,sir,0,0.05524871745690518,1.2333104865248707
early_seir_infected_only,71,gic_eff_logn,seir,seir,1,0.9863480878431403,1.3734986064305512
early_seir_infected_only,72,aic,seir,sir,0,2.0433880372421243,0.8606162181766579
early_seir_infected_only,72,aicc,seir,sir,0,3.1203111141652045,0.5951388123271584
early_seir_infected_only,72,bic,seir,sir,0,2.8159767594818987,0.689030052430394
early_seir_infected_only,72,gic_pred,seir,sir,0,0.0017820434972293242,1.501059755996302
early_seir_infected_only,72,gic_evid,seir,seir,1,0.3097136334725832,1.1800164026387892
early_seir_infected_only,72,gic_eff_logn,seir,sir,0,0.0027161098632433323,1.434365599276681
early_seir_infected_only,73,aic,seir,sir,0,0.5431572424172657,1.0476594237220462
early_seir_infected_only,73,aicc,seir,sir,0,1.620080319340346,0.8321298427280757
early_seir_infected_only,73,bic,seir,sir,0,1.3157459646570402,0.9280743211333734
early_seir_infected_only,73,gic_pred,seir,seir,1,0.7523672861515109,1.5330150333827905
early_seir_infected_only,73,gic_evid,seir,seir,1,1.9670532734300679,1.0144613653088626
early_seir_infected_only,73,gic_eff_logn,seir,seir,1,0.8865142508705901,1.4626639782328987
early_seir_infected_only,74,aic,seir,sir,0,1.9424986159188364,0.9588724285059644
early_seir_infected_only,74,aicc,seir,sir,0,3.0194216928419166,0.6760009644877638
early_seir_infected_only,74,bic,seir,sir,0,2.715087338158611,0.7866135224751999
early_seir_infected_only,74,gic_pred,seir,sir,0,0.005259832675548637,1.5033775216272622
early_seir_infected_only,74,gic_evid,seir,sir,0,0.051784797337347754,1.184831643069516
early_seir_infected_only,74,gic_eff_logn,seir,sir,0,0.007250661867317376,1.4544728462099155
early_seir_infected_only,75,aic,seir,sir,0,1.2445750209455468,0.9248050826713052
early_seir_infected_only,75,aicc,seir,sir,0,2.321498097868627,0.6855485180627985
early_seir_infected_only,75,bic,seir,sir,0,2.0171637431853213,0.7750573860357138
early_seir_infected_only,75,gic_pred,seir,seir,1,0.314093044084359,1.4411123843885054
early_seir_infected_only,75,gic_evid,seir,seir,1,1.2168962763619788,1.1265108663050094
early_seir_infected_only,75,gic_eff_logn,seir,seir,1,0.14518491919818644,1.3675892509153726
early_seir_infected_only,76,aic,seir,sir,0,1.6156014919099846,0.99784289667101
early_seir_infected_only,76,aicc,seir,sir,0,2.692524568833065,0.7275322302996348
early_seir_infected_only,76,bic,seir,sir,0,2.388190214149759,0.8378512752969058
early_seir_infected_only,76,gic_pred,seir,sir,0,0.006440943924147291,1.4657715016032018
early_seir_infected_only,76,gic_evid,seir,sir,0,0.05683113159928155,1.2407155217457273
early_seir_infected_only,76,gic_eff_logn,seir,sir,0,0.008961106442214373,1.444590634149666
early_seir_infected_only,77,aic,seir,sir,0,1.3395067044453555,0.9444827909528608
early_seir_infected_only,77,aicc,seir,sir,0,2.4164297813684357,0.6935430415605327
early_seir_infected_only,77,bic,seir,sir,0,2.11209542668513,0.7889112500998432
early_seir_infected_only,77,gic_pred,seir,seir,1,0.24906512424227856,1.4355610311308653
early_seir_infected_only,77,gic_evid,seir,seir,1,1.1303336984984185,1.1400572584354962
early_seir_infected_only,77,gic_eff_logn,seir,seir,1,0.09128106364457267,1.3654898077159485
early_seir_infected_only,78,aic,seir,sir,0,1.7991725532113492,0.913755903708934
early_seir_infected_only,78,aicc,seir,sir,0,2.8760956301344294,0.6448368705363688
early_seir_infected_only,78,bic,seir,sir,0,2.5717612754511237,0.7441260346086969
early_seir_infected_only,78,gic_pred,seir,seir,1,0.25675905485974226,1.5702193359349785
early_seir_infected_only,78,gic_evid,seir,seir,1,0.532814072675933,1.2011219726645403
early_seir_infected_only,78,gic_eff_logn,seir,seir,1,0.27836511966596333,1.5225058354737013
early_seir_infected_only,79,aic,seir,sir,0,0.9734267173857774,0.9653924414392897
early_seir_infected_only,79,aicc,seir,sir,0,2.0503497943088576,0.7316611697440212
early_seir_infected_only,79,bic,seir,sir,0,1.7460154396255518,0.8231862454202955
early_seir_infected_only,79,gic_pred,seir,seir,1,0.5679817304818187,1.4633742683834325
early_seir_infected_only,79,gic_evid,seir,seir,1,1.527167674479756,1.0582298390224614
early_seir_infected_only,79,gic_eff_logn,seir,seir,1,0.3908303998358491,1.388487137765235
missing_neural_feedback,0,aic,ude_sir_h2,tv_sir,0,8.814611794729558,0.12018705047923223
missing_neural_feedback,0,aicc,ude_sir_h2,tv_sir,0,18.12461179472956,0.0011863179054834993
missing_neural_feedback,0,bic,ude_sir_h2,tv_sir,0,20.091037183239138,0.000523100914214141
missing_neural_feedback,0,gic_pred,ude_sir_h2,neural_ode_h2,0,4.036062375913019,0.41360593026731907
missing_neural_feedback,0,gic_evid,ude_sir_h2,ude_sir_h2,1,1.535530996078137,0.6246772754313858
missing_neural_feedback,0,gic_eff_logn,ude_sir_h2,neural_ode_h2,0,2.749703010724687,0.5868707873861123
missing_neural_feedback,1,aic,ude_sir_h2,tv_sir,0,14.40297643400848,0.006265180515500944
missing_neural_feedback,1,aicc,ude_sir_h2,tv_sir,0,23.712976434008482,9.121851290952405e-05
missing_neural_feedback,1,bic,ude_sir_h2,tv_sir,0,25.67940182251806,3.680285887638599e-05
missing_neural_feedback,1,gic_pred,ude_sir_h2,tv_sir,0,0.5437608617447154,0.8390177890992425
missing_neural_feedback,1,gic_evid,ude_sir_h2,tv_sir,0,2.892709453999089,0.4870386279336876
missing_neural_feedback,1,gic_eff_logn,ude_sir_h2,tv_sir,0,0.6571569399755219,0.759613389413701
missing_neural_feedback,2,aic,ude_sir_h2,tv_sir,0,14.570613300064906,0.005861052621429602
missing_neural_feedback,2,aicc,ude_sir_h2,tv_sir,0,23.88061330006491,8.444104786848462e-05
missing_neural_feedback,2,bic,ude_sir_h2,tv_sir,0,25.847038688574457,3.407100890450852e-05
missing_neural_feedback,2,gic_pred,ude_sir_h2,tv_sir,0,0.7572228136575347,0.845268845117544
missing_neural_feedback,2,gic_evid,ude_sir_h2,tv_sir,0,3.740128509520815,0.3930504715814381
missing_neural_feedback,2,gic_eff_logn,ude_sir_h2,tv_sir,0,0.9075291177156828,0.7517376974253598
missing_neural_feedback,3,aic,ude_sir_h2,tv_sir,0,12.246617032248594,0.019483933652466326
missing_neural_feedback,3,aicc,ude_sir_h2,tv_sir,0,21.556617032248596,0.0002465971643939197
missing_neural_feedback,3,bic,ude_sir_h2,tv_sir,0,23.523042420758173,0.00010192531246897078
missing_neural_feedback,3,gic_pred,ude_sir_h2,neural_ode_h2,0,1.0108324354989406,0.9756114711464265
missing_neural_feedback,3,gic_evid,ude_sir_h2,tv_sir,0,0.0976637753661862,0.6928552117181893
missing_neural_feedback,3,gic_eff_logn,ude_sir_h2,ude_sir_h2,1,0.46030389188669574,1.0507759804085162
missing_neural_feedback,4,aic,ude_sir_h2,tv_sir,0,13.066404856599718,0.011696058028759487
missing_neural_feedback,4,aicc,ude_sir_h2,tv_sir,0,22.37640485659972,0.00016882623172795503
missing_neural_feedback,4,bic,ude_sir_h2,tv_sir,0,24.34283024510927,6.860331096191837e-05
missing_neural_feedback,4,gic_pred,ude_sir_h2,ude_sir_h2,1,0.9828509173666475,0.9982764711719625
missing_neural_feedback,4,gic_evid,ude_sir_h2,tv_sir,0,1.3654131535480474,0.6381140907167602
missing_neural_feedback,4,gic_eff_logn,ude_sir_h2,ude_sir_h2,1,1.022524421658403,0.8694377301187879
missing_neural_feedback,5,aic,ude_sir_h2,tv_sir,0,12.11201343049811,0.017061308451740566
missing_neural_feedback,5,aicc,ude_sir_h2,tv_sir,0,21.42201343049811,0.00026126493028992526
missing_neural_feedback,5,bic,ude_sir_h2,tv_sir,0,23.38843881900766,0.0001062037791411492
missing_neural_feedback,5,gic_pred,ude_sir_h2,ude_sir_h2,1,1.7026521660122569,0.894768894511904
missing_neural_feedback,5,gic_evid,ude_sir_h2,tv_sir,0,0.7580607802967165,0.6755069135995406
missing_neural_feedback,5,gic_eff_logn,ude_sir_h2,ude_sir_h2,1,1.5533729108068712,0.8080102323982397
missing_neural_feedback,6,aic,ude_sir_h2,tv_sir,0,11.473348880932093,0.02221127413572807
missing_neural_feedback,6,aicc,ude_sir_h2,tv_sir,0,20.783348880932095,0.000349698602187673
missing_neural_feedback,6,bic,ude_sir_h2,tv_sir,0,22.749774269441673,0.00014236824683630625
missing_neural_feedback,6,gic_pred,ude_sir_h2,ude_sir_h2,1,2.3287432804267496,0.7630438580392098
missing_neural_feedback,6,gic_evid,ude_sir_h2,tv_sir,0,1.0278529224261774,0.6611910862473946
missing_neural_feedback,6,gic_eff_logn,ude_sir_h2,ude_sir_h2,1,2.169336639266845,0.6769095939162164
missing_neural_feedback,7,aic,ude_sir_h2,tv_sir,0,14.55874778050557,0.005945166737091199
missing_neural_feedback,7,aicc,ude_sir_h2,tv_sir,0,23.868747780505572,8.491754664290951e-05
missing_neural_feedback,7,bic,ude_sir_h2,tv_sir,0,25.83517316901512,3.428866478553794e-05
missing_neural_feedback,7,gic_pred,ude_sir_h2,tv_sir,0,0.7284294885768361,0.8875823880977451
missing_neural_feedback,7,gic_evid,ude_sir_h2,tv_sir,0,3.684883703891785,0.3990432153783581
missing_neural_feedback,7,gic_eff_logn,ude_sir_h2,tv_sir,0,0.8651011400668835,0.7826390217909748
missing_neural_feedback,8,aic,ude_sir_h2,tv_sir,0,13.630445822406386,0.009852293045020943
missing_neural_feedback,8,aicc,ude_sir_h2,tv_sir,0,22.94044582240639,0.00013046846208364182
missing_neural_feedback,8,bic,ude_sir_h2,tv_sir,0,24.906871210915938,5.326773064933234e-05
missing_neural_feedback,8,gic_pred,ude_sir_h2,ude_sir_h2,1,0.3082276019056849,1.0918794008606216
missing_neural_feedback,8,gic_evid,ude_sir_h2,tv_sir,0,2.163657496451833,0.5657815367333627
missing_neural_feedback,8,gic_eff_logn,ude_sir_h2,ude_sir_h2,1,0.258831562257285,0.9960499251152528
missing_neural_feedback,9,aic,ude_sir_h2,tv_sir,0,11.871770815101428,0.025184344918854292
missing_neural_feedback,9,aicc,ude_sir_h2,tv_sir,0,21.18177081510143,0.00029338870930879763
missing_neural_feedback,9,bic,ude_sir_h2,tv_sir,0,23.148196203611008,0.00012268381581125986
missing_neural_feedback,9,gic_pred,ude_sir_h2,neural_ode_h2,0,1.8752645049584942,0.837845593628346
missing_neural_feedback,9,gic_evid,ude_sir_h2,ude_sir_h2,1,0.378973684211644,0.6886961282662961
missing_neural_feedback,9,gic_eff_logn,ude_sir_h2,neural_ode_h2,0,0.360106185783593,0.9876583465121578
missing_neural_feedback,10,aic,ude_sir_h2,tv_sir,0,12.586353279848112,0.0143955560924568
missing_neural_feedback,10,aicc,ude_sir_h2,tv_sir,0,21.896353279848114,0.0002103992821957628
missing_neural_feedback,10,bic,ude_sir_h2,tv_sir,0,23.862778668357663,8.562585114227539e-05
missing_neural_feedback,10,gic_pred,ude_sir_h2,ude_sir_h2,1,1.2615265527015538,1.0264025828733006
missing_neural_feedback,10,gic_evid,ude_sir_h2,tv_sir,0,1.2446495406975373,0.6469839242703188
missing_neural_feedback,10,gic_eff_logn,ude_sir_h2,ude_sir_h2,1,1.1390000013914516,0.9381900002300652
missing_neural_feedback,11,aic,ude_sir_h2,tv_sir,0,14.156311801993041,0.007953896750614276
missing_neural_feedback,11,aicc,ude_sir_h2,tv_sir,0,23.466311801993044,0.00010245093102234026
missing_neural_feedback,11,bic,ude_sir_h2,tv_sir,0,25.43273719050262,4.1827123625030736e-05
missing_neural_feedback,11,gic_pred,ude_sir_h2,ude_sir_h2,1,0.19127699981876845,1.0943756522885102
missing_neural_feedback,11,gic_evid,ude_sir_h2,tv_sir,0,2.0949108752110988,0.5727617037624386
missing_neural_feedback,11,gic_eff_logn,ude_sir_h2,ude_sir_h2,1,0.4712455133553419,0.9979136853798588
missing_neural_feedback,12,aic,ude_sir_h2,tv_sir,0,11.172029899882432,0.03659364817421708
missing_neural_feedback,12,aicc,ude_sir_h2,tv_sir,0,20.482029899882434,0.0004045819299310927
missing_neural_feedback,12,bic,ude_sir_h2,tv_sir,0,22.448455288391983,0.00017115434505326628
missing_neural_feedback,12,gic_pred,ude_sir_h2,neural_ode_h2,0,1.9722704767703476,0.788389978519978
missing_neural_feedback,12,gic_evid,ude_sir_h2,ude_sir_h2,1,0.05213134036640099,0.6930705516022495
missing_neural_feedback,12,gic_eff_logn,ude_sir_h2,neural_ode_h2,0,0.07247468706026439,0.9730494859515437
missing_neural_feedback,13,aic,ude_sir_h2,tv_sir,0,11.143807772920752,0.027990834109760627
missing_neural_feedback,13,aicc,ude_sir_h2,tv_sir,0,20.453807772920754,0.0004070432853559439
missing_neural_feedback,13,bic,ude_sir_h2,tv_sir,0,22.420233161430303,0.0001671521033080188
missing_neural_feedback,13,gic_pred,ude_sir_h2,ude_sir_h2,1,0.5469207197101298,0.9736205036939343
missing_neural_feedback,13,gic_evid,ude_sir_h2,tv_sir,0,0.07328356310526374,0.6929856932471208
missing_neural_feedback,13,gic_eff_logn,ude_sir_h2,ude_sir_h2,1,1.9589077325119604,0.928851639885069
missing_neural_feedback,14,aic,ude_sir_h2,tv_sir,0,11.844657893960289,0.019148702366704285
missing_neural_feedback,14,aicc,ude_sir_h2,tv_sir,0,21.15465789396029,0.0002952279718226097
missing_neural_feedback,14,bic,ude_sir_h2,tv_sir,0,23.12108328246987,0.00012012700913039899
missing_neural_feedback,14,gic_pred,ude_sir_h2,ude_sir_h2,1,1.997665452614882,0.8820218182347158
missing_neural_feedback,14,gic_evid,ude_sir_h2,tv_sir,0,0.4080274649087414,0.6879719984870709
missing_neural_feedback,14,gic_eff_logn,ude_sir_h2,ude_sir_h2,1,1.870663379910951,0.7922034949750119
missing_neural_feedback,15,aic,ude_sir_h2,tv_sir,0,12.934804217607507,0.012012659425788991
missing_neural_feedback,15,aicc,ude_sir_h2,tv_sir,0,22.24480421760751,0.00017924054491817192
missing_neural_feedback,15,bic,ude_sir_h2,tv_sir,0,24.211229606117087,7.268861025956966e-05
missing_neural_feedback,15,gic_pred,ude_sir_h2,ude_sir_h2,1,0.9786355781334919,0.9088891597446
missing_neural_feedback,15,gic_evid,ude_sir_h2,tv_sir,0,1.080601481551497,0.6579464205668784
missing_neural_feedback,15,gic_eff_logn,ude_sir_h2,ude_sir_h2,1,0.9089148863519938,0.8051620798039816
missing_neural_feedback,16,aic,ude_sir_h2,tv_sir,0,10.225137356157433,0.039964949275176145
missing_neural_feedback,16,aicc,ude_sir_h2,tv_sir,0,19.535137356157435,0.0006176378099921693
missing_neural_feedback,16,bic,ude_sir_h2,tv_sir,0,21.501562744666984,0.0002538587525124891
missing_neural_feedback,16,gic_pred,ude_sir_h2,ude_sir_h2,1,1.977443042220358,0.8608262764633174
missing_neural_feedback,16,gic_evid,ude_sir_h2,ude_sir_h2,1,0.45617113020375655,0.6866870331979245
missing_neural_feedback,16,gic_eff_logn,ude_sir_h2,ude_sir_h2,1,3.5096310075753365,0.7102734199846098
missing_neural_feedback,17,aic,ude_sir_h2,tv_sir,0,14.551086107634973,0.006045200814065023
missing_neural_feedback,17,aicc,ude_sir_h2,tv_sir,0,23.861086107634975,8.523790259111476e-05
missing_neural_feedback,17,bic,ude_sir_h2,tv_sir,0,25.827511496144524,3.445549296951937e-05
missing_neural_feedback,17,gic_pred,ude_sir_h2,tv_sir,0,0.38697270528021477,0.9471789975026599
missing_neural_feedback,17,gic_evid,ude_sir_h2,tv_sir,0,2.3663325675471754,0.5446377823921398
missing_neural_feedback,17,gic_eff_logn,ude_sir_h2,tv_sir,0,0.254786095501089,0.8401882956522296
missing_neural_feedback,18,aic,ude_sir_h2,tv_sir,0,11.020632286196502,0.028964792724738918
missing_neural_feedback,18,aicc,ude_sir_h2,tv_sir,0,20.330632286196504,0.0004303764945534571
missing_neural_feedback,18,bic,ude_sir_h2,tv_sir,0,22.297057674706053,0.00017653834756261542
missing_neural_feedback,18,gic_pred,ude_sir_h2,ude_sir_h2,1,1.005588050872774,0.9627706003487594
missing_neural_feedback,18,gic_evid,ude_sir_h2,ude_sir_h2,1,0.8428265902317094,0.6714345969906912
missing_neural_feedback,18,gic_eff_logn,ude_sir_h2,ude_sir_h2,1,2.4672989963792418,0.8917604403402337
missing_neural_feedback,19,aic,ude_sir_h2,tv_sir,0,11.969351387454964,0.019226548560793665
missing_neural_feedback,19,aicc,ude_sir_h2,tv_sir,0,21.279351387454966,0.00027916231723474803
missing_neural_feedback,19,bic,ude_sir_h2,tv_sir,0,23.245776775964515,0.00011407071572536265
missing_neural_feedback,19,gic_pred,ude_sir_h2,ude_sir_h2,1,1.114272972540192,1.0249886848151077
missing_neural_feedback,19,gic_evid,ude_sir_h2,tv_sir,0,0.3228668256817002,0.6899020347809863
missing_neural_feedback,19,gic_eff_logn,ude_sir_h2,ude_sir_h2,1,1.7365669683785256,0.9538791127223212
missing_neural_feedback,20,aic,ude_sir_h2,tv_sir,0,9.541380393565703,0.05066142413298598
missing_neural_feedback,20,aicc,ude_sir_h2,tv_sir,0,18.851380393565705,0.0008410798913745258
missing_neural_feedback,20,bic,ude_sir_h2,tv_sir,0,20.817805782075254,0.000345389887761805
missing_neural_feedback,20,gic_pred,ude_sir_h2,ude_sir_h2,1,3.016096093014056,0.7327875815110919
missing_neural_feedback,20,gic_evid,ude_sir_h2,ude_sir_h2,1,0.9617291147000344,0.6650587105769392
missing_neural_feedback,20,gic_eff_logn,ude_sir_h2,ude_sir_h2,1,4.050898092435602,0.6228439294797665
missing_neural_feedback,21,aic,ude_sir_h2,tv_sir,0,6.107302867618415,0.35320381951239366
missing_neural_feedback,21,aicc,ude_sir_h2,tv_sir,0,15.42241654273002,0.003980808032333418
missing_neural_feedback,21,bic,ude_sir_h2,tv_sir,0,17.38884193123957,0.0018051571254630889
missing_neural_feedback,21,gic_pred,ude_sir_h2,neural_ode_h2,0,4.0248964931334115,0.3807538135195597
missing_neural_feedback,21,gic_evid,ude_sir_h2,ude_sir_h2,1,3.3078650262790177,0.4407133024780796
missing_neural_feedback,21,gic_eff_logn,ude_sir_h2,neural_ode_h2,0,2.4299128284461347,0.5723902000517687
missing_neural_feedback,22,aic,ude_sir_h2,tv_sir,0,8.940558218104457,0.0795519696105252
missing_neural_feedback,22,aicc,ude_sir_h2,tv_sir,0,18.25055821810446,0.001107787375179693
missing_neural_feedback,22,bic,ude_sir_h2,tv_sir,0,20.216983606614008,0.00046476732377125676
missing_neural_feedback,22,gic_pred,ude_sir_h2,neural_ode_h2,0,1.3353389410584384,0.7582270783637398
missing_neural_feedback,22,gic_evid,ude_sir_h2,ude_sir_h2,1,1.766299086063782,0.6044110176597766
missing_neural_feedback,22,gic_eff_logn,ude_sir_h2,ude_sir_h2,1,0.023201366231774045,0.8593411341723942
missing_neural_feedback,23,aic,ude_sir_h2,tv_sir,0,13.326033986961448,0.0104478384475724
missing_neural_feedback,23,aicc,ude_sir_h2,tv_sir,0,22.63603398696145,0.00014985189286106432
missing_neural_feedback,23,bic,ude_sir_h2,tv_sir,0,24.602459375471028,6.084429881700255e-05
missing_neural_feedback,23,gic_pred,ude_sir_h2,ude_sir_h2,1,0.7123015616831765,1.0050094593852301
missing_neural_feedback,23,gic_evid,ude_sir_h2,tv_sir,0,0.9948926575544874,0.6631474729332082
missing_neural_feedback,23,gic_eff_logn,ude_sir_h2,ude_sir_h2,1,0.7431792726845288,0.880206045371836
missing_neural_feedback,24,aic,ude_sir_h2,tv_sir,0,14.944804992058977,0.005131895905556694
missing_neural_feedback,24,aicc,ude_sir_h2,tv_sir,0,24.25480499205898,7.10842573147962e-05
missing_neural_feedback,24,bic,ude_sir_h2,tv_sir,0,26.221230380568556,2.8726295881805536e-05
missing_neural_feedback,24,gic_pred,ude_sir_h2,tv_sir,0,1.0658337672730624,0.9220468629541668
missing_neural_feedback,24,gic_evid,ude_sir_h2,tv_sir,0,3.561375252985272,0.4125476786085084
missing_neural_feedback,24,gic_eff_logn,ude_sir_h2,tv_sir,0,1.1633174782419644,0.7995745472173024
missing_neural_feedback,25,aic,ude_sir_h2,tv_sir,0,12.798472054594043,0.012882288082058178
missing_neural_feedback,25,aicc,ude_sir_h2,tv_sir,0,22.108472054594046,0.00019084126953714122
missing_neural_feedback,25,bic,ude_sir_h2,tv_sir,0,24.074897443103595,7.749240424497112e-05
missing_neural_feedback,25,gic_pred,ude_sir_h2,ude_sir_h2,1,1.0728956543723598,0.9470582317895655
missing_neural_feedback,25,gic_evid,ude_sir_h2,tv_sir,0,1.801338326783707,0.6011755989632591
missing_neural_feedback,25,gic_eff_logn,ude_sir_h2,ude_sir_h2,1,0.9692876234871051,0.8331820828468037
missing_neural_feedback,26,aic,ude_sir_h2,tv_sir,0,12.838645625377154,0.0122552046950112
missing_neural_feedback,26,aicc,ude_sir_h2,tv_sir,0,22.148645625377156,0.00018725761436491306
missing_neural_feedback,26,bic,ude_sir_h2,tv_sir,0,24.115071013886705,7.584026692466372e-05
missing_neural_feedback,26,gic_pred,ude_sir_h2,ude_sir_h2,1,1.1082880815072542,0.8114878900028708
missing_neural_feedback,26,gic_evid,ude_sir_h2,tv_sir,0,0.46551963920083494,0.6864207857448268
missing_neural_feedback,26,gic_eff_logn,ude_sir_h2,ude_sir_h2,1,1.065545360438506,0.7511836801612289
missing_neural_feedback,27,aic,ude_sir_h2,tv_sir,0,12.154225312822547,0.017402585604497797
missing_neural_feedback,27,aicc,ude_sir_h2,tv_sir,0,21.46422531282255,0.00025643887013254214
missing_neural_feedback,27,bic,ude_sir_h2,tv_sir,0,23.430650701332098,0.00010454198766739809
missing_neural_feedback,27,gic_pred,ude_sir_h2,ude_sir_h2,1,1.819199849871353,0.9862905737295875
missing_neural_feedback,27,gic_evid,ude_sir_h2,ude_sir_h2,1,0.1341636338462422,0.6925874165967693
missing_neural_feedback,27,gic_eff_logn,ude_sir_h2,ude_sir_h2,1,2.1140111350854056,0.8713601908919595
missing_neural_feedback,28,aic,ude_sir_h2,tv_sir,0,13.555551997567278,0.009105441251422824
missing_neural_feedback,28,aicc,ude_sir_h2,tv_sir,0,22.86555199756728,0.0001347620843383515
missing_neural_feedback,28,bic,ude_sir_h2,tv_sir,0,24.831977386076858,5.451653228465858e-05
missing_neural_feedback,28,gic_pred,ude_sir_h2,ude_sir_h2,1,0.202404917644202,0.886467070349735
missing_neural_feedback,28,gic_evid,ude_sir_h2,tv_sir,0,2.7323545755526197,0.5048589224934993
missing_neural_feedback,28,gic_eff_logn,ude_sir_h2,ude_sir_h2,1,0.007449147185468519,0.797848749330974
missing_neural_feedback,29,aic,ude_sir_h2,tv_sir,0,13.212011327564312,0.010734955928320569
missing_neural_feedback,29,aicc,ude_sir_h2,tv_sir,0,22.522011327564314,0.00015784691543779244
missing_neural_feedback,29,bic,ude_sir_h2,tv_sir,0,24.488436716073863,6.399679889327983e-05
missing_neural_feedback,29,gic_pred,ude_sir_h2,ude_sir_h2,1,0.48593870249248994,0.9824911199001334
missing_neural_feedback,29,gic_evid,ude_sir_h2,tv_sir,0,2.9928437178669185,0.4758522617592914
missing_neural_feedback,29,gic_eff_logn,ude_sir_h2,ude_sir_h2,1,0.24264984894489317,0.8893363219886599
missing_neural_feedback,30,aic,ude_sir_h2,tv_sir,0,17.056551456958914,0.0023568301586332683
missing_neural_feedback,30,aicc,ude_sir_h2,tv_sir,0,26.366551456958916,2.680431544520607e-05
missing_neural_feedback,30,bic,ude_sir_h2,tv_sir,0,28.332976845468465,1.0936691693517636e-05
missing_neural_feedback,30,gic_pred,ude_sir_h2,tv_sir,0,2.4710477445117363,0.8774067031087678
missing_neural_feedback,30,gic_evid,ude_sir_h2,tv_sir,0,5.646019685188406,0.21608045265662318
missing_neural_feedback,30,gic_eff_logn,ude_sir_h2,tv_sir,0,2.849945845766257,0.7377036167618989
missing_neural_feedback,31,aic,ude_sir_h2,tv_sir,0,11.450861831918417,0.022283267078159138
missing_neural_feedback,31,aicc,ude_sir_h2,tv_sir,0,20.76086183191842,0.00035326768473704
missing_neural_feedback,31,bic,ude_sir_h2,tv_sir,0,22.727287220427968,0.0001437659688491477
missing_neural_feedback,31,gic_pred,ude_sir_h2,ude_sir_h2,1,2.413140520890522,0.7542236800989366
missing_neural_feedback,31,gic_evid,ude_sir_h2,tv_sir,0,0.5293610118155243,0.6844667019944577
missing_neural_feedback,31,gic_eff_logn,ude_sir_h2,ude_sir_h2,1,2.303599997921765,0.6856696836760068
missing_neural_feedback,32,aic,ude_sir_h2,tv_sir,0,12.186244356815507,0.016786190400682095
missing_neural_feedback,32,aicc,ude_sir_h2,tv_sir,0,21.49624435681551,0.0002526105393757798
missing_neural_feedback,32,bic,ude_sir_h2,tv_sir,0,23.46266974532506,0.00010278492031198052
missing_neural_feedback,32,gic_pred,ude_sir_h2,ude_sir_h2,1,1.7159346259020651,0.958828589324026
missing_neural_feedback,32,gic_evid,ude_sir_h2,tv_sir,0,0.499124330112636,0.6854233116206321
missing_neural_feedback,32,gic_eff_logn,ude_sir_h2,ude_sir_h2,1,1.6371438114153705,0.8628414135711033
missing_neural_feedback,33,aic,ude_sir_h2,tv_sir,0,11.78515951603248,0.020918363004643552
missing_neural_feedback,33,aicc,ude_sir_h2,tv_sir,0,21.09515951603248,0.000303703085960639
missing_neural_feedback,33,bic,ude_sir_h2,tv_sir,0,23.06158490454206,0.0001242350431876642
missing_neural_feedback,33,gic_pred,ude_sir_h2,ude_sir_h2,1,0.959504687932963,1.0120825445082153
missing_neural_feedback,33,gic_evid,ude_sir_h2,tv_sir,0,0.1091399380286191,0.69277783792677
missing_neural_feedback,33,gic_eff_logn,ude_sir_h2,ude_sir_h2,1,2.0873598573387255,0.9448251260450224
missing_neural_feedback,34,aic,ude_sir_h2,tv_sir,0,12.984009707970188,0.011528649364358
missing_neural_feedback,34,aicc,ude_sir_h2,tv_sir,0,22.29400970797019,0.00017518244533637205
missing_neural_feedback,34,bic,ude_sir_h2,tv_sir,0,24.260435096479767,7.092561697709904e-05
missing_neural_feedback,34,gic_pred,ude_sir_h2,ude_sir_h2,1,0.7912364144021922,0.8406817218377354
missing_neural_feedback,34,gic_evid,ude_sir_h2,tv_sir,0,1.9585314175172925,0.5862567303396107
missing_neural_feedback,34,gic_eff_logn,ude_sir_h2,ude_sir_h2,1,0.6102063906988349,0.7825091975437256
missing_neural_feedback,35,aic,ude_sir_h2,tv_sir,0,13.069712401576794,0.011873638308205585
missing_neural_feedback,35,aicc,ude_sir_h2,tv_sir,0,22.379712401576796,0.00016862128168566601
missing_neural_feedback,35,bic,ude_sir_h2,tv_sir,0,24.346137790086374,6.861414244901232e-05
missing_neural_feedback,35,gic_pred,ude_sir_h2,ude_sir_h2,1,0.9131444105348692,1.0350044933862264
missing_neural_feedback,35,gic_evid,ude_sir_h2,tv_sir,0,0.5870426563510591,0.6824939437986368
missing_neural_feedback,35,gic_eff_logn,ude_sir_h2,ude_sir_h2,1,0.8993362763103221,0.9124809992161094
missing_neural_feedback,36,aic,ude_sir_h2,tv_sir,0,9.611102252816835,0.08077699143710948
missing_neural_feedback,36,aicc,ude_sir_h2,tv_sir,0,18.921102252816837,0.0008256084711045958
missing_neural_feedback,36,bic,ude_sir_h2,tv_sir,0,20.887527641326415,0.0003583776576201698
missing_neural_feedback,36,gic_pred,ude_sir_h2,neural_ode_h2,0,3.363586610313348,0.5186575407992724
missing_neural_feedback,36,gic_evid,ude_sir_h2,ude_sir_h2,1,1.8138331081260333,0.600049501977941
missing_neural_feedback,36,gic_eff_logn,ude_sir_h2,neural_ode_h2,0,1.8712921850940347,0.7251373574070379
missing_neural_feedback,37,aic,ude_sir_h2,tv_sir,0,10.916617869605517,0.04165059090829967
missing_neural_feedback,37,aicc,ude_sir_h2,tv_sir,0,20.22661786960552,0.000454770672333338
missing_neural_feedback,37,bic,ude_sir_h2,tv_sir,0,22.19304325811507,0.0001931007334638118
missing_neural_feedback,37,gic_pred,ude_sir_h2,neural_ode_h2,0,2.6230735346210565,0.689005818682443
missing_neural_feedback,37,gic_evid,ude_sir_h2,tv_sir,0,0.42541820285950394,0.6875317338310352
missing_neural_feedback,37,gic_eff_logn,ude_sir_h2,neural_ode_h2,0,1.128575862310754,0.9004589412972577
missing_neural_feedback,38,aic,ude_sir_h2,tv_sir,0,13.637967292624666,0.008719324700252008
missing_neural_feedback,38,aicc,ude_sir_h2,tv_sir,0,22.947967292624668,0.00012973457348019565
missing_neural_feedback,38,bic,ude_sir_h2,tv_sir,0,24.914392681134245,5.244045092304709e-05
missing_neural_feedback,38,gic_pred,ude_sir_h2,ude_sir_h2,1,0.32655743834567375,0.8470296357825241
missing_neural_feedback,38,gic_evid,ude_sir_h2,tv_sir,0,1.5864830368686853,0.6202743338359187
missing_neural_feedback,38,gic_eff_logn,ude_sir_h2,ude_sir_h2,1,0.29798356517778757,0.773130497397637
missing_neural_feedback,39,aic,ude_sir_h2,tv_sir,0,11.126633523052192,0.026820994919716772
missing_neural_feedback,39,aicc,ude_sir_h2,tv_sir,0,20.436633523052194,0.00040985532510879783
missing_neural_feedback,39,bic,ude_sir_h2,tv_sir,0,22.403058911561743,0.00016760740277535816
missing_neural_feedback,39,gic_pred,ude_sir_h2,ude_sir_h2,1,2.4991867460012713,0.8930533107731539
missing_neural_feedback,39,gic_evid,ude_sir_h2,ude_sir_h2,1,0.33934888107404504,0.6895618164611759
missing_neural_feedback,39,gic_eff_logn,ude_sir_h2,ude_sir_h2,1,2.575129313112143,0.7569280474552393
missing_neural_feedback,40,aic,ude_sir_h2,tv_sir,0,11.473498841912061,0.023839589725071178
missing_neural_feedback,40,aicc,ude_sir_h2,tv_sir,0,20.783498841912063,0.00035011842523304914
missing_neural_feedback,40,bic,ude_sir_h2,tv_sir,0,22.749924230421612,0.00014335850974727069
missing_neural_feedback,40,gic_pred,ude_sir_h2,ude_sir_h2,1,1.0464078436890532,0.9858159840842162
missing_neural_feedback,40,gic_evid,ude_sir_h2,ude_sir_h2,1,1.0834095949934692,0.6577727423248424
missing_neural_feedback,40,gic_eff_logn,ude_sir_h2,ude_sir_h2,1,2.493905550028984,0.9091843038750165
missing_neural_feedback,41,aic,ude_sir_h2,tv_sir,0,12.292877870507255,0.01781437504312921
missing_neural_feedback,41,aicc,ude_sir_h2,tv_sir,0,21.602877870507257,0.00024106506908491286
missing_neural_feedback,41,bic,ude_sir_h2,tv_sir,0,23.569303259016806,9.894838446303397e-05
missing_neural_feedback,41,gic_pred,ude_sir_h2,neural_ode_h2,0,0.12946160917360316,1.0457362278586708
missing_neural_feedback,41,gic_evid,ude_sir_h2,tv_sir,0,1.203417792595019,0.6498610118136108
missing_neural_feedback,41,gic_eff_logn,ude_sir_h2,ude_sir_h2,1,1.2858222123372798,1.0471357252537823
missing_neural_feedback,42,aic,ude_sir_h2,tv_sir,0,13.047321152871802,0.014746464219405352
missing_neural_feedback,42,aicc,ude_sir_h2,tv_sir,0,22.357321152871805,0.00017112766639394396
missing_neural_feedback,42,bic,ude_sir_h2,tv_sir,0,24.323746541381354,7.10541782045712e-05
missing_neural_feedback,42,gic_pred,ude_sir_h2,neural_ode_h2,0,1.661011921194529,0.9534312919558515
missing_neural_feedback,42,gic_evid,ude_sir_h2,tv_sir,0,1.8324498511100842,0.598289778284847
missing_neural_feedback,42,gic_eff_logn,ude_sir_h2,neural_ode_h2,0,0.16266988593199017,1.071645090375894
missing_neural_feedback,43,aic,ude_sir_h2,tv_sir,0,10.288504527126463,0.06543384114523113
missing_neural_feedback,43,aicc,ude_sir_h2,tv_sir,0,19.598504527126465,0.0006089692632355861
missing_neural_feedback,43,bic,ude_sir_h2,tv_sir,0,21.564929915636014,0.00026639301855765094
missing_neural_feedback,43,gic_pred,ude_sir_h2,neural_ode_h2,0,3.743368339808711,0.48977474521086856
missing_neural_feedback,43,gic_evid,ude_sir_h2,ude_sir_h2,1,1.3358167882388443,0.6403788491863338
missing_neural_feedback,43,gic_eff_logn,ude_sir_h2,neural_ode_h2,0,2.2519877483419464,0.7077038388836012
missing_neural_feedback,44,aic,ude_sir_h2,tv_sir,0,12.070269857234393,0.017556095908687865
missing_neural_feedback,44,aicc,ude_sir_h2,tv_sir,0,21.380269857234396,0.0002663479414766798
missing_neural_feedback,44,bic,ude_sir_h2,tv_sir,0,23.346695245743973,0.00010837463766446109
missing_neural_feedback,44,gic_pred,ude_sir_h2,ude_sir_h2,1,1.7673963523082534,0.8953011684694416
missing_neural_feedback,44,gic_evid,ude_sir_h2,tv_sir,0,0.8969284373183939,0.6686256134150578
missing_neural_feedback,44,gic_eff_logn,ude_sir_h2,ude_sir_h2,1,1.6366431468706537,0.7802223721925867
missing_neural_feedback,45,aic,ude_sir_h2,tv_sir,0,15.14601087173935,0.0046869845928410175
missing_neural_feedback,45,aicc,ude_sir_h2,tv_sir,0,24.456010871739352,6.477137425330266e-05
missing_neural_feedback,45,bic,ude_sir_h2,tv_sir,0,26.42243626024893,2.6157272891768113e-05
missing_neural_feedback,45,gic_pred,ude_sir_h2,tv_sir,0,1.1844242477976081,0.9026684229339481
missing_neural_feedback,45,gic_evid,ude_sir_h2,tv_sir,0,3.5093504245573683,0.4182752588134624
missing_neural_feedback,45,gic_eff_logn,ude_sir_h2,tv_sir,0,1.215364645586277,0.7878487945067751
missing_neural_feedback,46,aic,ude_sir_h2,tv_sir,0,12.388448659613516,0.018477233241922922
missing_neural_feedback,46,aicc,ude_sir_h2,tv_sir,0,21.69844865961352,0.00023113980695768933
missing_neural_feedback,46,bic,ude_sir_h2,tv_sir,0,23.664874048123096,9.556962958650101e-05
missing_neural_feedback,46,gic_pred,ude_sir_h2,neural_ode_h2,0,0.5917005240665958,1.0115559813029973
missing_neural_feedback,46,gic_evid,ude_sir_h2,tv_sir,0,0.5627441806636,0.6833554176612815
missing_neural_feedback,46,gic_eff_logn,ude_sir_h2,ude_sir_h2,1,1.289930424105222,1.0311146583325879
missing_neural_feedback,47,aic,ude_sir_h2,tv_sir,0,13.669341876870476,0.00864834032794254
missing_neural_feedback,47,aicc,ude_sir_h2,tv_sir,0,22.97934187687048,0.0001278874073623053
missing_neural_feedback,47,bic,ude_sir_h2,tv_sir,0,24.945767265380056,5.171056977836042e-05
missing_neural_feedback,47,gic_pred,ude_sir_h2,ude_sir_h2,1,0.14983636687688318,0.8759216341293322
missing_neural_feedback,47,gic_evid,ude_sir_h2,tv_sir,0,2.4516371033136295,0.5355207324707778
missing_neural_feedback,47,gic_eff_logn,ude_sir_h2,ude_sir_h2,1,0.004191863805289131,0.7914105840816553
missing_neural_feedback,48,aic,ude_sir_h2,tv_sir,0,14.114153950885225,0.007164310438484083
missing_neural_feedback,48,aicc,ude_sir_h2,tv_sir,0,23.424153950885227,0.00010421925966348842
missing_neural_feedback,48,bic,ude_sir_h2,tv_sir,0,25.390579339394776,4.210633840022099e-05
missing_neural_feedback,48,gic_pred,ude_sir_h2,ude_sir_h2,1,0.03639562593647838,0.8973684618031674
missing_neural_feedback,48,gic_evid,ude_sir_h2,tv_sir,0,3.2627818429474758,0.4456569065486854
missing_neural_feedback,48,gic_eff_logn,ude_sir_h2,ude_sir_h2,1,0.15765713095805722,0.8071195553269601
missing_neural_feedback,49,aic,ude_sir_h2,tv_sir,0,13.939972059907348,0.008137814533988305
missing_neural_feedback,49,aicc,ude_sir_h2,tv_sir,0,23.24997205990735,0.00011302598459667909
missing_neural_feedback,49,bic,ude_sir_h2,tv_sir,0,25.2163974484169,4.5877656392998496e-05
missing_neural_feedback,49,gic_pred,ude_sir_h2,ude_sir_h2,1,0.22569495164631803,1.0345293229452925
missing_neural_feedback,49,gic_evid,ude_sir_h2,tv_sir,0,1.792438064090021,0.6019993003734601
missing_neural_feedback,49,gic_eff_logn,ude_sir_h2,ude_sir_h2,1,0.35913292986933243,0.909363173896818
missing_neural_feedback,50,aic,ude_sir_h2,tv_sir,0,5.711747966245525,0.34616447028338837
missing_neural_feedback,50,aicc,ude_sir_h2,tv_sir,0,16.01544702348488,0.0030956870506893665
missing_neural_feedback,50,bic,ude_sir_h2,tv_sir,0,17.98187241199443,0.0014615649820235784
missing_neural_feedback,50,gic_pred,ude_sir_h2,neural_ode_h2,0,5.319196122297711,0.2559854733094545
missing_neural_feedback,50,gic_evid,ude_sir_h2,ude_sir_h2,1,3.2741459443785175,0.44451146463492164
missing_neural_feedback,50,gic_eff_logn,ude_sir_h2,neural_ode_h2,0,3.9704527359612882,0.3955896297085574
missing_neural_feedback,51,aic,ude_sir_h2,tv_sir,0,8.9173686381545,0.116145002245348
missing_neural_feedback,51,aicc,ude_sir_h2,tv_sir,0,18.227368638154502,0.0011329615445760269
missing_neural_feedback,51,bic,ude_sir_h2,tv_sir,0,20.19379402666405,0.000499900971843223
missing_neural_feedback,51,gic_pred,ude_sir_h2,neural_ode_h2,0,3.8073889938085017,0.44397354285850676
missing_neural_feedback,51,gic_evid,ude_sir_h2,ude_sir_h2,1,1.5939920677209898,0.6196581099278466
missing_neural_feedback,51,gic_eff_logn,ude_sir_h2,neural_ode_h2,0,2.3071701659395956,0.6482839617703737
missing_neural_feedback,52,aic,ude_sir_h2,tv_sir,0,12.566035358951012,0.014305605413857753
missing_neural_feedback,52,aicc,ude_sir_h2,tv_sir,0,21.876035358951015,0.0002123103824101448
missing_neural_feedback,52,bic,ude_sir_h2,tv_sir,0,23.842460747460564,8.630423007586777e-05
missing_neural_feedback,52,gic_pred,ude_sir_h2,ude_sir_h2,1,1.2579859386549401,0.991704533887686
missing_neural_feedback,52,gic_evid,ude_sir_h2,tv_sir,0,1.3331063123429487,0.6405502289339635
missing_neural_feedback,52,gic_eff_logn,ude_sir_h2,ude_sir_h2,1,1.1162423166896929,0.900119601295726
missing_neural_feedback,53,aic,ude_sir_h2,tv_sir,0,12.943220887153785,0.012578480056267972
missing_neural_feedback,53,aicc,ude_sir_h2,tv_sir,0,22.253220887153788,0.00017870735810010375
missing_neural_feedback,53,bic,ude_sir_h2,tv_sir,0,24.219646275663337,7.276362944108407e-05
missing_neural_feedback,53,gic_pred,ude_sir_h2,ude_sir_h2,1,0.9601517606436403,1.0362450699038157
missing_neural_feedback,53,gic_evid,ude_sir_h2,tv_sir,0,1.4231203057314303,0.6336498295974878
missing_neural_feedback,53,gic_eff_logn,ude_sir_h2,ude_sir_h2,1,0.8823223943863923,0.9136753060759828
missing_neural_feedback,54,aic,ude_sir_h2,tv_sir,0,11.5879019918479,0.023502712506931926
missing_neural_feedback,54,aicc,ude_sir_h2,tv_sir,0,20.897901991847903,0.0003325306828937717
missing_neural_feedback,54,bic,ude_sir_h2,tv_sir,0,22.86432738035745,0.0001365073815295328
missing_neural_feedback,54,gic_pred,ude_sir_h2,ude_sir_h2,1,0.5699074764018519,1.001037254575921
missing_neural_feedback,54,gic_evid,ude_sir_h2,ude_sir_h2,1,0.6130818199790724,0.681542765143534
missing_neural_feedback,54,gic_eff_logn,ude_sir_h2,ude_sir_h2,1,2.2238733345045034,0.9376698787719657
missing_neural_feedback,55,aic,ude_sir_h2,tv_sir,0,14.472993944900537,0.006152267570875689
missing_neural_feedback,55,aicc,ude_sir_h2,tv_sir,0,23.78299394490054,8.833872141598724e-05
missing_neural_feedback,55,bic,ude_sir_h2,tv_sir,0,25.74941933341009,3.5668797427401324e-05
missing_neural_feedback,55,gic_pred,ude_sir_h2,tv_sir,0,0.3134577859784713,0.8995623377439632
missing_neural_feedback,55,gic_evid,ude_sir_h2,tv_sir,0,2.9984132467514257,0.47522937970631596
missing_neural_feedback,55,gic_eff_logn,ude_sir_h2,tv_sir,0,0.18495795791747582,0.8082715000564944
missing_neural_feedback,56,aic,ude_sir_h2,tv_sir,0,0.9938123881852619,0.7747092806573455
missing_neural_feedback,56,aicc,ude_sir_h2,tv_sir,0,15.394467465243991,0.004793764889235816
missing_neural_feedback,56,bic,ude_sir_h2,tv_sir,0,17.10299151462749,0.0034891489520737003
missing_neural_feedback,56,gic_pred,ude_sir_h2,neural_ode_h2,0,9.442115830701454,0.05247459314806334
missing_neural_feedback,56,gic_evid,ude_sir_h2,ude_sir_h2,1,3.972715062307941,0.36923114252090516
missing_neural_feedback,56,gic_eff_logn,ude_sir_h2,neural_ode_h2,0,8.114285129874474,0.09010723299387367
missing_neural_feedback,57,aic,ude_sir_h2,tv_sir,0,7.654436324404088,0.15882563482993353
missing_neural_feedback,57,aicc,ude_sir_h2,tv_sir,0,18.422553201543764,0.001060061511556853
missing_neural_feedback,57,bic,ude_sir_h2,tv_sir,0,20.38897859005334,0.0005074591683562401
missing_neural_feedback,57,gic_pred,ude_sir_h2,neural_ode_h2,0,5.679740458895168,0.24426628223218125
missing_neural_feedback,57,gic_evid,ude_sir_h2,ude_sir_h2,1,2.4655106804466413,0.5341674425772469
missing_neural_feedback,57,gic_eff_logn,ude_sir_h2,neural_ode_h2,0,4.247331245108114,0.3932600683313713
missing_neural_feedback,58,aic,ude_sir_h2,tv_sir,0,12.877210341750526,0.01226679964618751
missing_neural_feedback,58,aicc,ude_sir_h2,tv_sir,0,22.18721034175053,0.0001840266050223825
missing_neural_feedback,58,bic,ude_sir_h2,tv_sir,0,24.153635730260078,7.461998940279366e-05
missing_neural_feedback,58,gic_pred,ude_sir_h2,ude_sir_h2,1,1.0804486842968117,0.892609966909852
missing_neural_feedback,58,gic_evid,ude_sir_h2,tv_sir,0,0.7834234057902449,0.6743295190922833
missing_neural_feedback,58,gic_eff_logn,ude_sir_h2,ude_sir_h2,1,1.046344767607252,0.7931405071645661
missing_neural_feedback,59,aic,ude_sir_h2,tv_sir,0,13.942334725508431,0.008084621499285988
missing_neural_feedback,59,aicc,ude_sir_h2,tv_sir,0,23.252334725508433,0.000112891620460021
missing_neural_feedback,59,bic,ude_sir_h2,tv_sir,0,25.21876011401801,4.5801435144252585e-05
missing_neural_feedback,59,gic_pred,ude_sir_h2,tv_sir,0,0.0067688462478656675,1.0250410548208735
missing_neural_feedback,59,gic_evid,ude_sir_h2,tv_sir,0,1.8635349470805522,0.5953614625562629
missing_neural_feedback,59,gic_eff_logn,ude_sir_h2,tv_sir,0,0.05866788589020189,0.9016105998246151
missing_neural_feedback,60,aic,ude_sir_h2,tv_sir,0,11.697600534816502,0.02012713858215455
missing_neural_feedback,60,aicc,ude_sir_h2,tv_sir,0,21.007600534816504,0.00031566840320095083
missing_neural_feedback,60,bic,ude_sir_h2,tv_sir,0,22.974025923326053,0.00012838434280694147
missing_neural_feedback,60,gic_pred,ude_sir_h2,ude_sir_h2,1,2.165994583237648,0.7596707939330278
missing_neural_feedback,60,gic_evid,ude_sir_h2,tv_sir,0,0.13764429951339707,0.6925555521112231
missing_neural_feedback,60,gic_eff_logn,ude_sir_h2,ude_sir_h2,1,2.056126049388297,0.6779128315518179
missing_neural_feedback,61,aic,ude_sir_h2,tv_sir,0,9.428267922006057,0.08065277039489893
missing_neural_feedback,61,aicc,ude_sir_h2,tv_sir,0,19.988379607372963,0.0005195576572411782
missing_neural_feedback,61,bic,ude_sir_h2,tv_sir,0,21.95480499588251,0.00024383025894767092
missing_neural_feedback,61,gic_pred,ude_sir_h2,neural_ode_h2,0,5.4079750257742205,0.3025992063378943
missing_neural_feedback,61,gic_evid,ude_sir_h2,tv_sir,0,0.0005748109549870151,0.6931873850096896
missing_neural_feedback,61,gic_eff_logn,ude_sir_h2,neural_ode_h2,0,3.9242095545359916,0.4936882667653022
missing_neural_feedback,62,aic,ude_sir_h2,tv_sir,0,14.319467067902622,0.007055419994785449
missing_neural_feedback,62,aicc,ude_sir_h2,tv_sir,0,23.629467067902624,9.494024443890116e-05
missing_neural_feedback,62,bic,ude_sir_h2,tv_sir,0,25.595892456412173,3.8575791764516996e-05
missing_neural_feedback,62,gic_pred,ude_sir_h2,tv_sir,0,0.2305832674529995,1.054340255470646
missing_neural_feedback,62,gic_evid,ude_sir_h2,tv_sir,0,1.2472553685137768,0.6467993505067708
missing_neural_feedback,62,gic_eff_logn,ude_sir_h2,tv_sir,0,0.15899101430889573,0.9320323893142775
missing_neural_feedback,63,aic,ude_sir_h2,tv_sir,0,11.689036220792872,0.0205384019579714
missing_neural_feedback,63,aicc,ude_sir_h2,tv_sir,0,20.999036220792874,0.00031699161397208707
missing_neural_feedback,63,bic,ude_sir_h2,tv_sir,0,22.965461609302423,0.00012908742375805524
missing_neural_feedback,63,gic_pred,ude_sir_h2,ude_sir_h2,1,2.1939276782788966,0.8404771706976277
missing_neural_feedback,63,gic_evid,ude_sir_h2,tv_sir,0,0.6481369967508215,0.6801901019825694
missing_neural_feedback,63,gic_eff_logn,ude_sir_h2,ude_sir_h2,1,2.0996599025732223,0.7256262684867187
missing_neural_feedback,64,aic,ude_sir_h2,tv_sir,0,13.1066134228586,0.011410273471377897
missing_neural_feedback,64,aicc,ude_sir_h2,tv_sir,0,22.416613422858603,0.00016571734575453038
missing_neural_feedback,64,bic,ude_sir_h2,tv_sir,0,24.38303881136818,6.729156587075199e-05
missing_neural_feedback,64,gic_pred,ude_sir_h2,ude_sir_h2,1,0.7109993869764253,1.0230328958504424
missing_neural_feedback,64,gic_evid,ude_sir_h2,tv_sir,0,1.7383650815413034,0.6069380481985932
missing_neural_feedback,64,gic_eff_logn,ude_sir_h2,ude_sir_h2,1,0.5640939911396572,0.9280807017302911
missing_neural_feedback,65,aic,ude_sir_h2,tv_sir,0,13.547345432597325,0.00927215978063465
missing_neural_feedback,65,aicc,ude_sir_h2,tv_sir,0,22.857345432597327,0.00013530477442308763
missing_neural_feedback,65,bic,ude_sir_h2,tv_sir,0,24.823770821106905,5.4799455479303825e-05
missing_neural_feedback,65,gic_pred,ude_sir_h2,ude_sir_h2,1,0.38342242302422846,0.9419227052469086
missing_neural_feedback,65,gic_evid,ude_sir_h2,tv_sir,0,2.0972722196721634,0.5725200385726389
missing_neural_feedback,65,gic_eff_logn,ude_sir_h2,ude_sir_h2,1,0.32765877226924545,0.83386982376744
missing_neural_feedback,66,aic,ude_sir_h2,tv_sir,0,12.038881141297594,0.017945801660768344
missing_neural_feedback,66,aicc,ude_sir_h2,tv_sir,0,21.348881141297596,0.0002702375220754975
missing_neural_feedback,66,bic,ude_sir_h2,tv_sir,0,23.315306529807174,0.00011004260470736615
missing_neural_feedback,66,gic_pred,ude_sir_h2,ude_sir_h2,1,1.860403088380565,0.9384334977147946
missing_neural_feedback,66,gic_evid,ude_sir_h2,tv_sir,0,0.810864788082938,0.6730158013060255
missing_neural_feedback,66,gic_eff_logn,ude_sir_h2,ude_sir_h2,1,1.779280669131964,0.8240934223667724
missing_neural_feedback,67,aic,ude_sir_h2,tv_sir,0,14.318969516913086,0.0065173318329042745
missing_neural_feedback,67,aicc,ude_sir_h2,tv_sir,0,23.628969516913088,9.482486301350017e-05
missing_neural_feedback,67,bic,ude_sir_h2,tv_sir,0,25.595394905422637,3.8274399109450505e-05
missing_neural_feedback,67,gic_pred,ude_sir_h2,tv_sir,0,0.5181399094436472,0.8466802871729995
missing_neural_feedback,67,gic_evid,ude_sir_h2,tv_sir,0,3.660074999509874,0.4017443449384951
missing_neural_feedback,67,gic_eff_logn,ude_sir_h2,tv_sir,0,0.6785634859415381,0.759512887052332
missing_neural_feedback,68,aic,ude_sir_h2,tv_sir,0,9.76825422966985,0.04547440415949414
missing_neural_feedback,68,aicc,ude_sir_h2,tv_sir,0,19.078254229669852,0.0007588741007335227
missing_neural_feedback,68,bic,ude_sir_h2,tv_sir,0,21.0446796181794,0.00031100045006828437
missing_neural_feedback,68,gic_pred,ude_sir_h2,ude_sir_h2,1,3.662001158869458,0.6704365156924122
missing_neural_feedback,68,gic_evid,ude_sir_h2,tv_sir,0,0.11046159994239702,0.6927661520411603
missing_neural_feedback,68,gic_eff_logn,ude_sir_h2,ude_sir_h2,1,3.2030952587521995,0.600356949249925
missing_neural_feedback,69,aic,ude_sir_h2,tv_sir,0,14.1236885817479,0.007155266204238706
missing_neural_feedback,69,aicc,ude_sir_h2,tv_sir,0,23.4336885817479,0.00010376757937623617
missing_neural_feedback,69,bic,ude_sir_h2,tv_sir,0,25.40011397025748,4.1932221491612165e-05
missing_neural_feedback,69,gic_pred,ude_sir_h2,tv_sir,0,0.2582234906314511,0.8938395367717866
missing_neural_feedback,69,gic_evid,ude_sir_h2,tv_sir,0,2.332283061978103,0.5482431134969009
missing_neural_feedback,69,gic_eff_logn,ude_sir_h2,tv_sir,0,0.3665858379297333,0.7960277134614241
missing_neural_feedback,70,aic,ude_sir_h2,tv_sir,0,9.406906798808592,0.07612153180350509
missing_neural_feedback,70,aicc,ude_sir_h2,tv_sir,0,18.716906798808594,0.0009011589084527588
missing_neural_feedback,70,bic,ude_sir_h2,tv_sir,0,20.68333218731817,0.0003838038431267071
missing_neural_feedback,70,gic_pred,ude_sir_h2,neural_ode_h2,0,2.478377411272959,0.6320827719689135
missing_neural_feedback,70,gic_evid,ude_sir_h2,ude_sir_h2,1,1.8558079352258972,0.5961154174006423
missing_neural_feedback,70,gic_eff_logn,ude_sir_h2,neural_ode_h2,0,1.0157639812097443,0.806408767069345
missing_neural_feedback,71,aic,ude_sir_h2,tv_sir,0,11.977909870864863,0.018596695052782504
missing_neural_feedback,71,aicc,ude_sir_h2,tv_sir,0,21.287909870864866,0.0002779217469598644
missing_neural_feedback,71,bic,ude_sir_h2,tv_sir,0,23.254335259374415,0.00011328129358515451
missing_neural_feedback,71,gic_pred,ude_sir_h2,ude_sir_h2,1,1.9780922112626342,0.976272851553057
missing_neural_feedback,71,gic_evid,ude_sir_h2,tv_sir,0,0.4664922033958874,0.6863938934806
missing_neural_feedback,71,gic_eff_logn,ude_sir_h2,ude_sir_h2,1,1.942653694252698,0.876981749131867
missing_neural_feedback,72,aic,ude_sir_h2,tv_sir,0,12.054539482690814,0.019262731427373614
missing_neural_feedback,72,aicc,ude_sir_h2,tv_sir,0,21.364539482690816,0.0002687002168482495
missing_neural_feedback,72,bic,ude_sir_h2,tv_sir,0,23.330964871200393,0.00011013423917733332
missing_neural_feedback,72,gic_pred,ude_sir_h2,ude_sir_h2,1,0.3218505451767726,1.0253324811332174
missing_neural_feedback,72,gic_evid,ude_sir_h2,ude_sir_h2,1,0.272745279695755,0.6908342464904889
missing_neural_feedback,72,gic_eff_logn,ude_sir_h2,ude_sir_h2,1,1.7905845025447604,0.9860114573596342
missing_neural_feedback,73,aic,ude_sir_h2,tv_sir,0,15.602021423893973,0.003723289818834028
missing_neural_feedback,73,aicc,ude_sir_h2,tv_sir,0,24.912021423893975,5.2428782750030354e-05
missing_neural_feedback,73,bic,ude_sir_h2,tv_sir,0,26.878446812403524,2.1099792091602367e-05
missing_neural_feedback,73,gic_pred,ude_sir_h2,tv_sir,0,1.8294766431784808,0.7481701499867272
missing_neural_feedback,73,gic_evid,ude_sir_h2,tv_sir,0,4.547146771449121,0.3101875089996892
missing_neural_feedback,73,gic_eff_logn,ude_sir_h2,tv_sir,0,2.0126824867134303,0.6546512490592767
missing_neural_feedback,74,aic,ude_sir_h2,tv_sir,0,12.562828470812235,0.013910510124399046
missing_neural_feedback,74,aicc,ude_sir_h2,tv_sir,0,21.872828470812237,0.00021251717732052384
missing_neural_feedback,74,bic,ude_sir_h2,tv_sir,0,23.839253859321786,8.619306575285853e-05
missing_neural_feedback,74,gic_pred,ude_sir_h2,ude_sir_h2,1,1.3163226834722934,0.8289731352677934
missing_neural_feedback,74,gic_evid,ude_sir_h2,tv_sir,0,1.208789974339055,0.649489186212522
missing_neural_feedback,74,gic_eff_logn,ude_sir_h2,ude_sir_h2,1,1.2189838983295829,0.7484597694402191
missing_neural_feedback,75,aic,ude_sir_h2,tv_sir,0,12.598295563118882,0.01517229403262162
missing_neural_feedback,75,aicc,ude_sir_h2,tv_sir,0,21.908295563118884,0.00020951483811399213
missing_neural_feedback,75,bic,ude_sir_h2,tv_sir,0,23.874720951628433,8.573099774345408e-05
missing_neural_feedback,75,gic_pred,ude_sir_h2,ude_sir_h2,1,0.44864653254100517,1.064512336143066
missing_neural_feedback,75,gic_evid,ude_sir_h2,tv_sir,0,0.07469633672883447,0.6929763323067903
missing_neural_feedback,75,gic_eff_logn,ude_sir_h2,ude_sir_h2,1,1.2535511224076572,1.0151757053809174
missing_neural_feedback,76,aic,ude_sir_h2,tv_sir,0,12.937678346898366,0.011827815710232451
missing_neural_feedback,76,aicc,ude_sir_h2,tv_sir,0,22.24767834689837,0.00017928297490756698
missing_neural_feedback,76,bic,ude_sir_h2,tv_sir,0,24.214103735407946,7.303313968199696e-05
missing_neural_feedback,76,gic_pred,ude_sir_h2,ude_sir_h2,1,1.338781085722644,0.845804063092819
missing_neural_feedback,76,gic_evid,ude_sir_h2,ude_sir_h2,1,0.3359662120498683,0.6896368752177392
missing_neural_feedback,76,gic_eff_logn,ude_sir_h2,ude_sir_h2,1,1.5614578117869655,0.749906889931907
missing_neural_feedback,77,aic,ude_sir_h2,tv_sir,0,11.785677285031198,0.019333886856481613
missing_neural_feedback,77,aicc,ude_sir_h2,tv_sir,0,21.0956772850312,0.0003032122462354459
missing_neural_feedback,77,bic,ude_sir_h2,tv_sir,0,23.06210267354075,0.0001232571021255279
missing_neural_feedback,77,gic_pred,ude_sir_h2,ude_sir_h2,1,2.1618207150890782,0.7472445684408463
missing_neural_feedback,77,gic_evid,ude_sir_h2,tv_sir,0,0.0010644292741801564,0.6931473987830292
missing_neural_feedback,77,gic_eff_logn,ude_sir_h2,ude_sir_h2,1,2.1195325090611163,0.6668681369663225
missing_neural_feedback,78,aic,ude_sir_h2,tv_sir,0,10.98029971857423,0.02799155626499164
missing_neural_feedback,78,aicc,ude_sir_h2,tv_sir,0,20.290299718574232,0.00043794346012073605
missing_neural_feedback,78,bic,ude_sir_h2,tv_sir,0,22.25672510708378,0.00017891651684638206
missing_neural_feedback,78,gic_pred,ude_sir_h2,ude_sir_h2,1,2.8709577605552283,0.840231095123093
missing_neural_feedback,78,gic_evid,ude_sir_h2,tv_sir,0,0.04010220365847772,0.6930978406312985
missing_neural_feedback,78,gic_eff_logn,ude_sir_h2,ude_sir_h2,1,2.7511517649341215,0.719253763214427
missing_neural_feedback,79,aic,ude_sir_h2,tv_sir,0,15.426839849850694,0.0040278493502981
missing_neural_feedback,79,aicc,ude_sir_h2,tv_sir,0,24.736839849850696,5.685665087543065e-05
missing_neural_feedback,79,bic,ude_sir_h2,tv_sir,0,26.703265238360245,2.28938320305381e-05
missing_neural_feedback,79,gic_pred,ude_sir_h2,tv_sir,0,1.614321360168276,0.7775123572387359
missing_neural_feedback,79,gic_evid,ude_sir_h2,tv_sir,0,3.873975365233747,0.37867117288520213
missing_neural_feedback,79,gic_eff_logn,ude_sir_h2,tv_sir,0,1.7653300217983485,0.68449717231777
missing_time_varying_transmission,0,aic,tv_sir,tv_sir,1,14.075826612799403,0.009151343624509336
missing_time_varying_transmission,0,aicc,tv_sir,tv_sir,1,16.38884178655414,0.002644739098803568
missing_time_varying_transmission,0,bic,tv_sir,tv_sir,1,15.300651146637193,0.004157503232923181
missing_time_varying_transmission,0,gic_pred,tv_sir,tv_sir,1,0.732682260188227,0.7589521279825366
missing_time_varying_transmission,0,gic_evid,tv_sir,tv_sir,1,1.8270427274273402,0.6081213601583155
missing_time_varying_transmission,0,gic_eff_logn,tv_sir,tv_sir,1,1.2617525243883563,0.6804737514188128
missing_time_varying_transmission,1,aic,tv_sir,tv_sir,1,17.04875464913556,0.0019095773941783989
missing_time_varying_transmission,1,aicc,tv_sir,tv_sir,1,26.358754649135562,2.6791134051991595e-05
missing_time_varying_transmission,1,bic,tv_sir,tv_sir,1,28.32518003764511,1.072539178743455e-05
missing_time_varying_transmission,1,gic_pred,tv_sir,tv_sir,1,3.804137428465509,0.41531191316917065
missing_time_varying_transmission,1,gic_evid,tv_sir,tv_sir,1,6.352906432931917,0.16813957703347537
missing_time_varying_transmission,1,gic_eff_logn,tv_sir,tv_sir,1,4.412567253528266,0.3334681084112889
missing_time_varying_transmission,2,aic,tv_sir,tv_sir,1,11.67341011505394,0.02032571036655656
missing_time_varying_transmission,2,aicc,tv_sir,tv_sir,1,20.983410115053942,0.00031917117164498293
missing_time_varying_transmission,2,bic,tv_sir,tv_sir,1,22.94983550356349,0.0001298151153648793
missing_time_varying_transmission,2,gic_pred,tv_sir,ude_sir_h2,0,1.4311362145132307,0.8031148760058058
missing_time_varying_transmission,2,gic_evid,tv_sir,tv_sir,1,0.9407995483343541,0.6662343577096791
missing_time_varying_transmission,2,gic_eff_logn,tv_sir,ude_sir_h2,0,0.7098850356915989,0.7553010039423828
missing_time_varying_transmission,3,aic,tv_sir,tv_sir,1,16.95899430108946,0.0019885773906624642
missing_time_varying_transmission,3,aicc,tv_sir,tv_sir,1,26.268994301089464,2.7933266811164476e-05
missing_time_varying_transmission,3,bic,tv_sir,tv_sir,1,28.235419689599013,1.1186371634599902e-05
missing_time_varying_transmission,3,gic_pred,tv_sir,tv_sir,1,3.3070409687415747,0.4729689422654377
missing_time_varying_transmission,3,gic_evid,tv_sir,tv_sir,1,6.179390337654894,0.1790181814227513
missing_time_varying_transmission,3,gic_eff_logn,tv_sir,tv_sir,1,3.587378274420047,0.4215037055104355
missing_time_varying_transmission,4,aic,tv_sir,tv_sir,1,16.41523911244539,0.00258089760559107
missing_time_varying_transmission,4,aicc,tv_sir,tv_sir,1,25.147788701453976,8.293768474179629e-05
missing_time_varying_transmission,4,bic,tv_sir,tv_sir,1,24.05959806153703,9.212678336044078e-05
missing_time_varying_transmission,4,gic_pred,tv_sir,tv_sir,1,2.995308965533951,0.5235260526857335
missing_time_varying_transmission,4,gic_evid,tv_sir,tv_sir,1,4.5974850235784,0.3056261311375251
missing_time_varying_transmission,4,gic_eff_logn,tv_sir,tv_sir,1,3.4625314239966087,0.4409379372887408
missing_time_varying_transmission,5,aic,tv_sir,tv_sir,1,14.197481338578456,0.0067195980304954874
missing_time_varying_transmission,5,aicc,tv_sir,tv_sir,1,23.507481338578458,0.00010051460264747422
missing_time_varying_transmission,5,bic,tv_sir,tv_sir,1,25.473906727088035,4.0853421557507716e-05
missing_time_varying_transmission,5,gic_pred,tv_sir,tv_sir,1,0.9743574412023577,0.6982028875596362
missing_time_varying_transmission,5,gic_evid,tv_sir,tv_sir,1,2.1023983242656925,0.5720043191108043
missing_time_varying_transmission,5,gic_eff_logn,tv_sir,tv_sir,1,1.6000992560133795,0.6313958655553593
missing_time_varying_transmission,6,aic,tv_sir,tv_sir,1,16.107343015740696,0.002950585713505019
missing_time_varying_transmission,6,aicc,tv_sir,tv_sir,1,25.4173430157407,5.075894246781672e-05
missing_time_varying_transmission,6,bic,tv_sir,tv_sir,1,27.383768404250247,3.2078440943147447e-05
missing_time_varying_transmission,6,gic_pred,tv_sir,tv_sir,1,2.757179619563999,0.5802792334671363
missing_time_varying_transmission,6,gic_evid,tv_sir,tv_sir,1,4.250768380086981,0.3395102036827802
missing_time_varying_transmission,6,gic_eff_logn,tv_sir,tv_sir,1,3.280596332259421,0.47279863660797516
missing_time_varying_transmission,7,aic,tv_sir,tv_sir,1,13.804059982362958,0.007978309631938666
missing_time_varying_transmission,7,aicc,tv_sir,tv_sir,1,23.11405998236296,0.00012019701350825486
missing_time_varying_transmission,7,bic,tv_sir,tv_sir,1,25.08048537087251,4.8551126333957045e-05
missing_time_varying_transmission,7,gic_pred,tv_sir,tv_sir,1,0.5177271275304349,0.7214247572393029
missing_time_varying_transmission,7,gic_evid,tv_sir,tv_sir,1,2.7698296086952325,0.5007085812043706
missing_time_varying_transmission,7,gic_eff_logn,tv_sir,tv_sir,1,1.0925567214384273,0.6711118355501927
missing_time_varying_transmission,8,aic,tv_sir,tv_sir,1,14.078653473456683,0.007191691574093918
missing_time_varying_transmission,8,aicc,tv_sir,tv_sir,1,22.992094193834873,0.00023297780797728029
missing_time_varying_transmission,8,bic,tv_sir,tv_sir,1,21.903903553917928,0.00025214331984729115
missing_time_varying_transmission,8,gic_pred,tv_sir,tv_sir,1,0.37719141314306626,0.7353718857226041
missing_time_varying_transmission,8,gic_evid,tv_sir,tv_sir,1,2.3468489104158152,0.5472942945759067
missing_time_varying_transmission,8,gic_eff_logn,tv_sir,tv_sir,1,0.6176514704653755,0.6991662035353203
missing_time_varying_transmission,9,aic,tv_sir,tv_sir,1,15.765291250428845,0.003446336371994098
missing_time_varying_transmission,9,aicc,tv_sir,tv_sir,1,25.075291250428847,4.860796948283712e-05
missing_time_varying_transmission,9,bic,tv_sir,tv_sir,1,27.041716638938425,1.9546632198579483e-05
missing_time_varying_transmission,9,gic_pred,tv_sir,tv_sir,1,2.5417982212431696,0.627218708726597
missing_time_varying_transmission,9,gic_evid,tv_sir,tv_sir,1,5.132445763322806,0.25710204778948303
missing_time_varying_transmission,9,gic_eff_logn,tv_sir,tv_sir,1,3.167242715532126,0.49449392597366754
missing_time_varying_transmission,10,aic,tv_sir,tv_sir,1,16.715086781228138,0.0022118697270939246
missing_time_varying_transmission,10,aicc,tv_sir,tv_sir,1,26.02508678122814,3.12901993039951e-05
missing_time_varying_transmission,10,bic,tv_sir,tv_sir,1,27.991512169737717,1.254499244903671e-05
missing_time_varying_transmission,10,gic_pred,tv_sir,tv_sir,1,3.0492322822553604,0.4959991821911143
missing_time_varying_transmission,10,gic_evid,tv_sir,tv_sir,1,5.77445640350885,0.20664555003332485
missing_time_varying_transmission,10,gic_eff_logn,tv_sir,tv_sir,1,3.318372768772491,0.4489699001912342
missing_time_varying_transmission,11,aic,tv_sir,tv_sir,1,11.073905825607,0.026223788436525692
missing_time_varying_transmission,11,aicc,tv_sir,tv_sir,1,20.383905825607002,0.0004202078902241644
missing_time_varying_transmission,11,bic,tv_sir,tv_sir,1,22.35033121411655,0.00017217975375099045
missing_time_varying_transmission,11,gic_pred,tv_sir,ude_sir_h2,0,2.587854981468837,0.6995664831053623
missing_time_varying_transmission,11,gic_evid,tv_sir,tv_sir,1,0.19189810770825488,0.6920001552836268
missing_time_varying_transmission,11,gic_eff_logn,tv_sir,ude_sir_h2,0,2.3154171941488926,0.6302923147768547
missing_time_varying_transmission,12,aic,tv_sir,tv_sir,1,13.415312957742003,0.009816600035707192
missing_time_varying_transmission,12,aicc,tv_sir,tv_sir,1,21.586750162080023,0.00038589046051953706
missing_time_varying_transmission,12,bic,tv_sir,tv_sir,1,20.498559522163077,0.00045615770914520697
missing_time_varying_transmission,12,gic_pred,tv_sir,ude_sir_h2,0,0.2712844619596524,0.8314106854654595
missing_time_varying_transmission,12,gic_evid,tv_sir,tv_sir,1,1.3508964669400712,0.6402896116897225
missing_time_varying_transmission,12,gic_eff_logn,tv_sir,ude_sir_h2,0,0.01885154672390854,0.7531607004689147
missing_time_varying_transmission,13,aic,tv_sir,tv_sir,1,11.19040201922175,0.026344710349871635
missing_time_varying_transmission,13,aicc,tv_sir,tv_sir,1,20.500402019221752,0.00039851553196759156
missing_time_varying_transmission,13,bic,tv_sir,tv_sir,1,22.46682740773133,0.0001634684156479736
missing_time_varying_transmission,13,gic_pred,tv_sir,ude_sir_h2,0,1.9847665512716333,0.9385098584867193
missing_time_varying_transmission,13,gic_evid,tv_sir,ude_sir_h2,0,0.9278316716616075,0.6669526963181005
missing_time_varying_transmission,13,gic_eff_logn,tv_sir,ude_sir_h2,0,1.3203986889195676,0.8229813144654168
missing_time_varying_transmission,14,aic,tv_sir,tv_sir,1,15.25980673686712,0.004201424046097749
missing_time_varying_transmission,14,aicc,tv_sir,tv_sir,1,24.569806736867122,6.157444578663004e-05
missing_time_varying_transmission,14,bic,tv_sir,tv_sir,1,26.53623212537667,2.4977954328808264e-05
missing_time_varying_transmission,14,gic_pred,tv_sir,tv_sir,1,1.761070433173046,0.6213424010961218
missing_time_varying_transmission,14,gic_evid,tv_sir,tv_sir,1,4.216598718572072,0.3429320746041915
missing_time_varying_transmission,14,gic_eff_logn,tv_sir,tv_sir,1,2.1648177668417645,0.5717306138677413
missing_time_varying_transmission,15,aic,tv_sir,tv_sir,1,15.750075610310034,0.0034107672892300703
missing_time_varying_transmission,15,aicc,tv_sir,tv_sir,1,25.060075610310037,4.893818154947812e-05
missing_time_varying_transmission,15,bic,tv_sir,tv_sir,1,27.026500998819614,1.9654776351396736e-05
missing_time_varying_transmission,15,gic_pred,tv_sir,tv_sir,1,2.149678824893215,0.6164892554311485
missing_time_varying_transmission,15,gic_evid,tv_sir,tv_sir,1,4.849155059278019,0.2819757585736461
missing_time_varying_transmission,15,gic_eff_logn,tv_sir,tv_sir,1,2.4715428130543273,0.5519485966861732
missing_time_varying_transmission,16,aic,tv_sir,tv_sir,1,12.79371856511375,0.012442993207969677
missing_time_varying_transmission,16,aicc,tv_sir,tv_sir,1,22.103718565113752,0.0002048965819380077
missing_time_varying_transmission,16,bic,tv_sir,tv_sir,1,24.0701439536233,0.00010023272861849156
missing_time_varying_transmission,16,gic_pred,tv_sir,ude_sir_h2,0,0.5709354510131277,0.7652066068659855
missing_time_varying_transmission,16,gic_evid,tv_sir,tv_sir,1,1.077316735546077,0.6582063830393581
missing_time_varying_transmission,16,gic_eff_logn,tv_sir,ude_sir_h2,0,0.059190337939242,0.7275587446218357
missing_time_varying_transmission,17,aic,tv_sir,tv_sir,1,15.687073528335588,0.0034854919354045787
missing_time_varying_transmission,17,aicc,tv_sir,tv_sir,1,24.99707352833559,5.139191892440323e-05
missing_time_varying_transmission,17,bic,tv_sir,tv_sir,1,26.96349891684514,2.1915300251924258e-05
missing_time_varying_transmission,17,gic_pred,tv_sir,tv_sir,1,1.9452258510807496,0.6109706177961431
missing_time_varying_transmission,17,gic_evid,tv_sir,tv_sir,1,4.442817581582801,0.32032737006926537
missing_time_varying_transmission,17,gic_eff_logn,tv_sir,tv_sir,1,2.1531569515312015,0.5753100867544524
missing_time_varying_transmission,18,aic,tv_sir,tv_sir,1,12.348401584494326,0.015060507149803897
missing_time_varying_transmission,18,aicc,tv_sir,tv_sir,1,21.658401584494328,0.00023440771137687847
missing_time_varying_transmission,18,bic,tv_sir,tv_sir,1,23.624826973003906,9.506412373677486e-05
missing_time_varying_transmission,18,gic_pred,tv_sir,ude_sir_h2,0,0.8611725996871087,0.7534414641636575
missing_time_varying_transmission,18,gic_evid,tv_sir,tv_sir,1,0.9608750208414563,0.6651063331835538
missing_time_varying_transmission,18,gic_eff_logn,tv_sir,ude_sir_h2,0,0.22451704702785946,0.7248118807504789
missing_time_varying_transmission,19,aic,tv_sir,tv_sir,1,13.55241971376239,0.008925549939873378
missing_time_varying_transmission,19,aicc,tv_sir,tv_sir,1,22.862419713762392,0.000134911938036713
missing_time_varying_transmission,19,bic,tv_sir,tv_sir,1,24.82884510227197,5.44936460647081e-05
missing_time_varying_transmission,19,gic_pred,tv_sir,tv_sir,1,0.4202083518669042,0.7437146861553221
missing_time_varying_transmission,19,gic_evid,tv_sir,tv_sir,1,2.488525165981571,0.531544851046887
missing_time_varying_transmission,19,gic_eff_logn,tv_sir,tv_sir,1,1.1191764826227484,0.6775676964174824
missing_time_varying_transmission,20,aic,tv_sir,tv_sir,1,16.42375300417808,0.002522586263019663
missing_time_varying_transmission,20,aicc,tv_sir,tv_sir,1,25.733753004178084,3.654780262684631e-05
missing_time_varying_transmission,20,bic,tv_sir,tv_sir,1,27.700178392687633,1.5586775360892854e-05
missing_time_varying_transmission,20,gic_pred,tv_sir,tv_sir,1,3.07338038417177,0.5006472201846892
missing_time_varying_transmission,20,gic_evid,tv_sir,tv_sir,1,4.93811687159976,0.2740000132130479
missing_time_varying_transmission,20,gic_eff_logn,tv_sir,tv_sir,1,3.5966285756597927,0.42111623643644147
missing_time_varying_transmission,21,aic,tv_sir,tv_sir,1,12.945716717534879,0.013985664806135032
missing_time_varying_transmission,21,aicc,tv_sir,tv_sir,1,12.422989444807598,0.014475510825896147
missing_time_varying_transmission,21,bic,tv_sir,tv_sir,1,11.334798804890653,0.022988520160391695
missing_time_varying_transmission,21,gic_pred,tv_sir,tv_sir,1,2.796418197198193,0.5695003218772013
missing_time_varying_transmission,21,gic_evid,tv_sir,tv_sir,1,3.6674441454574094,0.47078633069837106
missing_time_varying_transmission,21,gic_eff_logn,tv_sir,tv_sir,1,3.036979754347925,0.5115716913867205
missing_time_varying_transmission,22,aic,tv_sir,tv_sir,1,14.465338540407203,0.0060441755701661
missing_time_varying_transmission,22,aicc,tv_sir,tv_sir,1,23.775338540407205,0.00017267666665452534
missing_time_varying_transmission,22,bic,tv_sir,tv_sir,1,22.800793276861242,0.00017446178870707697
missing_time_varying_transmission,22,gic_pred,tv_sir,tv_sir,1,1.0248456012645875,0.6990849781204449
missing_time_varying_transmission,22,gic_evid,tv_sir,tv_sir,1,2.490353999205041,0.531734184618838
missing_time_varying_transmission,22,gic_eff_logn,tv_sir,tv_sir,1,1.4755055745576442,0.6442253104919894
missing_time_varying_transmission,23,aic,tv_sir,tv_sir,1,14.976398494580906,0.0048006561491729235
missing_time_varying_transmission,23,aicc,tv_sir,tv_sir,1,24.286398494580908,6.999209391710871e-05
missing_time_varying_transmission,23,bic,tv_sir,tv_sir,1,26.252823883090457,2.8165899685258594e-05
missing_time_varying_transmission,23,gic_pred,tv_sir,tv_sir,1,1.4518139285737846,0.6881697194688408
missing_time_varying_transmission,23,gic_evid,tv_sir,tv_sir,1,4.266645612111915,0.3378564071033662
missing_time_varying_transmission,23,gic_eff_logn,tv_sir,tv_sir,1,1.834741547857078,0.6194490616781734
missing_time_varying_transmission,24,aic,tv_sir,tv_sir,1,11.899324506174366,0.018275864890146393
missing_time_varying_transmission,24,aicc,tv_sir,tv_sir,1,21.20932450617437,0.0002878382204710663
missing_time_varying_transmission,24,bic,tv_sir,tv_sir,1,23.175749894683918,0.0001168973862826695
missing_time_varying_transmission,24,gic_pred,tv_sir,ude_sir_h2,0,1.739443846544333,0.7039593789236303
missing_time_varying_transmission,24,gic_evid,tv_sir,tv_sir,1,1.2773933318353556,0.6446427014158778
missing_time_varying_transmission,24,gic_eff_logn,tv_sir,ude_sir_h2,0,1.4484865809346275,0.6719396761669392
missing_time_varying_transmission,25,aic,tv_sir,tv_sir,1,14.487591644580675,0.005945648127341384
missing_time_varying_transmission,25,aicc,tv_sir,tv_sir,1,23.797591644580677,8.785672219416379e-05
missing_time_varying_transmission,25,bic,tv_sir,tv_sir,1,25.764017033090227,3.558967651066254e-05
missing_time_varying_transmission,25,gic_pred,tv_sir,tv_sir,1,1.284513116142989,0.7014858295905473
missing_time_varying_transmission,25,gic_evid,tv_sir,tv_sir,1,2.9980405329999655,0.4752714937120738
missing_time_varying_transmission,25,gic_eff_logn,tv_sir,tv_sir,1,1.926400652898252,0.610812233982626
missing_time_varying_transmission,26,aic,tv_sir,tv_sir,1,14.525827427944051,0.005828141067287449
missing_time_varying_transmission,26,aicc,tv_sir,tv_sir,1,23.835827427944054,8.6179888590104e-05
missing_time_varying_transmission,26,bic,tv_sir,tv_sir,1,25.802252816453603,3.4725278727382324e-05
missing_time_varying_transmission,26,gic_pred,tv_sir,tv_sir,1,1.4662802997234792,0.6727953175311601
missing_time_varying_transmission,26,gic_evid,tv_sir,tv_sir,1,3.2617873429109068,0.4457677758297715
missing_time_varying_transmission,26,gic_eff_logn,tv_sir,tv_sir,1,2.2237764882970623,0.5756183925070291
missing_time_varying_transmission,27,aic,tv_sir,tv_sir,1,14.941165721665755,0.0048479632341310855
missing_time_varying_transmission,27,aicc,tv_sir,tv_sir,1,24.251165721665757,7.113423058531393e-05
missing_time_varying_transmission,27,bic,tv_sir,tv_sir,1,26.217591110175306,2.861631792240484e-05
missing_time_varying_transmission,27,gic_pred,tv_sir,tv_sir,1,1.8101989022108853,0.6310483096320665
missing_time_varying_transmission,27,gic_evid,tv_sir,tv_sir,1,4.012403008906915,0.36403267991397165
missing_time_varying_transmission,27,gic_eff_logn,tv_sir,tv_sir,1,2.5101694608220555,0.5402744105347272
missing_time_varying_transmission,28,aic,tv_sir,tv_sir,1,13.756097204718685,0.008153044160392111
missing_time_varying_transmission,28,aicc,tv_sir,tv_sir,1,23.066097204718687,0.00012284252610575362
missing_time_varying_transmission,28,bic,tv_sir,tv_sir,1,25.032522593228236,4.95807083126798e-05
missing_time_varying_transmission,28,gic_pred,tv_sir,tv_sir,1,0.5327458635999847,0.7238159426212023
missing_time_varying_transmission,28,gic_evid,tv_sir,tv_sir,1,2.7670441253913793,0.5010172349353753
missing_time_varying_transmission,28,gic_eff_logn,tv_sir,tv_sir,1,1.1583044818114843,0.6672252661870828
missing_time_varying_transmission,29,aic,tv_sir,tv_sir,1,13.883311177487911,0.009016238191053651
missing_time_varying_transmission,29,aicc,tv_sir,tv_sir,1,23.193311177487914,0.0001161903963915428
missing_time_varying_transmission,29,bic,tv_sir,tv_sir,1,25.159736565997463,4.749942813274826e-05
missing_time_varying_transmission,29,gic_pred,tv_sir,tv_sir,1,0.7400146743650851,1.0616418991428636
missing_time_varying_transmission,29,gic_evid,tv_sir,tv_sir,1,3.575186269412029,0.41103070441324463
missing_time_varying_transmission,29,gic_eff_logn,tv_sir,tv_sir,1,1.4300541788372527,0.8555028534406105
missing_time_varying_transmission,30,aic,tv_sir,tv_sir,1,13.328064318246106,0.010432715959507614
missing_time_varying_transmission,30,aicc,tv_sir,tv_sir,1,22.63806431824611,0.00014971082064407342
missing_time_varying_transmission,30,bic,tv_sir,tv_sir,1,24.604489706755686,6.0784023102386635e-05
missing_time_varying_transmission,30,gic_pred,tv_sir,tv_sir,1,0.041320048722440106,0.9719596774909697
missing_time_varying_transmission,30,gic_evid,tv_sir,tv_sir,1,2.5707622236108136,0.5226166922583515
missing_time_varying_transmission,30,gic_eff_logn,tv_sir,tv_sir,1,0.6158182649826642,0.816664766551843
missing_time_varying_transmission,31,aic,tv_sir,tv_sir,1,16.888695781895393,0.00213927268511802
missing_time_varying_transmission,31,aicc,tv_sir,tv_sir,1,26.198695781895395,2.8983047813618753e-05
missing_time_varying_transmission,31,bic,tv_sir,tv_sir,1,28.165121170404973,1.177698541415509e-05
missing_time_varying_transmission,31,gic_pred,tv_sir,tv_sir,1,3.682221781476784,0.5245246685242807
missing_time_varying_transmission,31,gic_evid,tv_sir,tv_sir,1,5.543808924062205,0.2238237048764724
missing_time_varying_transmission,31,gic_eff_logn,tv_sir,tv_sir,1,4.321374404914081,0.37986398057242954
missing_time_varying_transmission,32,aic,tv_sir,tv_sir,1,11.759398152888991,0.019742926910749765
missing_time_varying_transmission,32,aicc,tv_sir,tv_sir,1,21.069398152888994,0.00030850822428088996
missing_time_varying_transmission,32,bic,tv_sir,tv_sir,1,23.035823541398543,0.00012751379093691825
missing_time_varying_transmission,32,gic_pred,tv_sir,ude_sir_h2,0,1.4220543049200387,0.8638025096178166
missing_time_varying_transmission,32,gic_evid,tv_sir,tv_sir,1,0.23459115203942815,0.6914354844553453
missing_time_varying_transmission,32,gic_eff_logn,tv_sir,ude_sir_h2,0,0.7627478558868859,0.7976485777733529
missing_time_varying_transmission,33,aic,tv_sir,tv_sir,1,14.425542411259556,0.00606438311732106
missing_time_varying_transmission,33,aicc,tv_sir,tv_sir,1,23.73554241125956,9.129212586063033e-05
missing_time_varying_transmission,33,bic,tv_sir,tv_sir,1,25.701967799769136,3.809956748305616e-05
missing_time_varying_transmission,33,gic_pred,tv_sir,tv_sir,1,0.9390660860204605,0.6833160737762384
missing_time_varying_transmission,33,gic_evid,tv_sir,tv_sir,1,3.2598066858734853,0.4459942740863462
missing_time_varying_transmission,33,gic_eff_logn,tv_sir,tv_sir,1,1.3526883291400793,0.6453769444699442
missing_time_varying_transmission,34,aic,tv_sir,tv_sir,1,13.47726342984592,0.009194012305241701
missing_time_varying_transmission,34,aicc,tv_sir,tv_sir,1,22.787263429845922,0.00013964645513403706
missing_time_varying_transmission,34,bic,tv_sir,tv_sir,1,24.7536888183555,5.640420130671452e-05
missing_time_varying_transmission,34,gic_pred,tv_sir,ude_sir_h2,0,0.1571834749954064,0.722400489570455
missing_time_varying_transmission,34,gic_evid,tv_sir,tv_sir,1,2.1828903529969352,0.5638093137816249
missing_time_varying_transmission,34,gic_eff_logn,tv_sir,tv_sir,1,0.13725453951138888,0.7026237974917399
missing_time_varying_transmission,35,aic,tv_sir,tv_sir,1,13.59688498463521,0.008919782791133746
missing_time_varying_transmission,35,aicc,tv_sir,tv_sir,1,22.906884984635212,0.00013221938868481395
missing_time_varying_transmission,35,bic,tv_sir,tv_sir,1,24.87331037314476,5.347081862069304e-05
missing_time_varying_transmission,35,gic_pred,tv_sir,tv_sir,1,0.4085620815169193,0.8390713741352291
missing_time_varying_transmission,35,gic_evid,tv_sir,tv_sir,1,2.8369215937262595,0.4932547648238867
missing_time_varying_transmission,35,gic_eff_logn,tv_sir,tv_sir,1,1.062334668841828,0.7240906088450585
missing_time_varying_transmission,36,aic,tv_sir,tv_sir,1,12.166828171344179,0.016368870930381096
missing_time_varying_transmission,36,aicc,tv_sir,tv_sir,1,21.47682817134418,0.0002548030840008897
missing_time_varying_transmission,36,bic,tv_sir,tv_sir,1,23.44325355985373,0.00010352248740605404
missing_time_varying_transmission,36,gic_pred,tv_sir,ude_sir_h2,0,1.3328984152641112,0.7662257114749724
missing_time_varying_transmission,36,gic_evid,tv_sir,tv_sir,1,0.8871240075334867,0.6691460918313754
missing_time_varying_transmission,36,gic_eff_logn,tv_sir,ude_sir_h2,0,0.9299487138379163,0.7219019156803982
missing_time_varying_transmission,37,aic,tv_sir,tv_sir,1,11.813891651816164,0.019217846325695696
missing_time_varying_transmission,37,aicc,tv_sir,tv_sir,1,21.123891651816166,0.00029942377920557544
missing_time_varying_transmission,37,bic,tv_sir,tv_sir,1,23.090317040325715,0.00012184159812399741
missing_time_varying_transmission,37,gic_pred,tv_sir,ude_sir_h2,0,1.4147786773003475,0.8081501145386794
missing_time_varying_transmission,37,gic_evid,tv_sir,ude_sir_h2,0,0.42218813750196205,0.6876082093874649
missing_time_varying_transmission,37,gic_eff_logn,tv_sir,ude_sir_h2,0,0.7935042856102257,0.7477357328828962
missing_time_varying_transmission,38,aic,tv_sir,tv_sir,1,14.87672266560864,0.004990756150392266
missing_time_varying_transmission,38,aicc,tv_sir,tv_sir,1,24.18672266560864,7.328505725653786e-05
missing_time_varying_transmission,38,bic,tv_sir,tv_sir,1,26.15314805411822,2.9489357334188076e-05
missing_time_varying_transmission,38,gic_pred,tv_sir,tv_sir,1,1.7412956806981015,0.6408153586759653
missing_time_varying_transmission,38,gic_evid,tv_sir,tv_sir,1,3.8160436098119703,0.384869323575453
missing_time_varying_transmission,38,gic_eff_logn,tv_sir,tv_sir,1,2.437673759096299,0.5493329500274866
missing_time_varying_transmission,39,aic,tv_sir,tv_sir,1,13.719486485655835,0.008604655670976957
missing_time_varying_transmission,39,aicc,tv_sir,tv_sir,1,23.029486485655838,0.00012500740239161935
missing_time_varying_transmission,39,bic,tv_sir,tv_sir,1,24.995911874165387,5.060573500002464e-05
missing_time_varying_transmission,39,gic_pred,tv_sir,tv_sir,1,0.077831095294016,0.916511927814649
missing_time_varying_transmission,39,gic_evid,tv_sir,tv_sir,1,2.797475409995144,0.49764038252213194
missing_time_varying_transmission,39,gic_eff_logn,tv_sir,tv_sir,1,0.3664629705768334,0.7992764019620194
missing_time_varying_transmission,40,aic,tv_sir,tv_sir,1,16.898006665995865,0.0020325488664733587
missing_time_varying_transmission,40,aicc,tv_sir,tv_sir,1,26.208006665995867,2.908700364849e-05
missing_time_varying_transmission,40,bic,tv_sir,tv_sir,1,28.174432054505417,1.2095143736185735e-05
missing_time_varying_transmission,40,gic_pred,tv_sir,tv_sir,1,3.2989497783631805,0.45802209547812667
missing_time_varying_transmission,40,gic_evid,tv_sir,tv_sir,1,5.6945525543078475,0.21247874463225383
missing_time_varying_transmission,40,gic_eff_logn,tv_sir,tv_sir,1,3.6218929991951256,0.4117858881262281
missing_time_varying_transmission,41,aic,tv_sir,tv_sir,1,16.597200874813296,0.0023339323485493755
missing_time_varying_transmission,41,aicc,tv_sir,tv_sir,1,25.9072008748133,3.3041983952128404e-05
missing_time_varying_transmission,41,bic,tv_sir,tv_sir,1,27.873626263322848,1.324060596924393e-05
missing_time_varying_transmission,41,gic_pred,tv_sir,tv_sir,1,3.090012134152346,0.49608270816247296
missing_time_varying_transmission,41,gic_evid,tv_sir,tv_sir,1,5.950411278568907,0.19424921428926728
missing_time_varying_transmission,41,gic_eff_logn,tv_sir,tv_sir,1,3.486951376763386,0.4320357713107589
missing_time_varying_transmission,42,aic,tv_sir,tv_sir,1,18.34821145038154,0.0014097977054771081
missing_time_varying_transmission,42,aicc,tv_sir,tv_sir,1,27.658211450381543,1.4713667117594383e-05
missing_time_varying_transmission,42,bic,tv_sir,tv_sir,1,29.624636838891092,6.028533780170808e-06
missing_time_varying_transmission,42,gic_pred,tv_sir,tv_sir,1,3.8653546342739844,0.6294051227440117
missing_time_varying_transmission,42,gic_evid,tv_sir,tv_sir,1,6.645147670658105,0.15106661745051356
missing_time_varying_transmission,42,gic_eff_logn,tv_sir,tv_sir,1,4.795099541692309,0.4329440323630623
missing_time_varying_transmission,43,aic,tv_sir,tv_sir,1,14.536785409249177,0.0057867364901314135
missing_time_varying_transmission,43,aicc,tv_sir,tv_sir,1,23.84678540924918,8.780331930519178e-05
missing_time_varying_transmission,43,bic,tv_sir,tv_sir,1,25.813210797758757,3.797884585032283e-05
missing_time_varying_transmission,43,gic_pred,tv_sir,tv_sir,1,1.073999564501662,0.6868140718693014
missing_time_varying_transmission,43,gic_evid,tv_sir,tv_sir,1,3.1768974198172657,0.4552654436359462
missing_time_varying_transmission,43,gic_eff_logn,tv_sir,tv_sir,1,1.5067035173127863,0.6378712999291384
missing_time_varying_transmission,44,aic,tv_sir,tv_sir,1,15.198493172018289,0.004334153674637223
missing_time_varying_transmission,44,aicc,tv_sir,tv_sir,1,24.50849317201829,6.330631710591605e-05
missing_time_varying_transmission,44,bic,tv_sir,tv_sir,1,26.47491856052784,2.563810513138463e-05
missing_time_varying_transmission,44,gic_pred,tv_sir,tv_sir,1,1.947391755260469,0.6236759754682528
missing_time_varying_transmission,44,gic_evid,tv_sir,tv_sir,1,3.7478031023143217,0.3922212656354115
missing_time_varying_transmission,44,gic_eff_logn,tv_sir,tv_sir,1,2.5505988265098267,0.5382455559350702
missing_time_varying_transmission,45,aic,tv_sir,tv_sir,1,11.698370499639339,0.019917808915941464
missing_time_varying_transmission,45,aicc,tv_sir,tv_sir,1,21.00837049963934,0.0003155081196626745
missing_time_varying_transmission,45,bic,tv_sir,tv_sir,1,22.97479588814892,0.00012822620071737957
missing_time_varying_transmission,45,gic_pred,tv_sir,ude_sir_h2,0,1.6030344442330318,0.723346169534536
missing_time_varying_transmission,45,gic_evid,tv_sir,tv_sir,1,1.057181644542311,0.6594042032523175
missing_time_varying_transmission,45,gic_eff_logn,tv_sir,ude_sir_h2,0,1.0403447994326598,0.7048815086801954
missing_time_varying_transmission,46,aic,tv_sir,tv_sir,1,14.191398610241379,0.006824490957978052
missing_time_varying_transmission,46,aicc,tv_sir,tv_sir,1,23.50139861024138,0.00010495073553032822
missing_time_varying_transmission,46,bic,tv_sir,tv_sir,1,25.46782399875093,4.7894254704121156e-05
missing_time_varying_transmission,46,gic_pred,tv_sir,tv_sir,1,0.41607500559842947,0.7841822132365928
missing_time_varying_transmission,46,gic_evid,tv_sir,tv_sir,1,2.638943820464135,0.5151832268096843
missing_time_varying_transmission,46,gic_eff_logn,tv_sir,tv_sir,1,0.5970426205129229,0.7204818889186052
missing_time_varying_transmission,47,aic,tv_sir,tv_sir,1,14.93983592207806,0.004844553433668056
missing_time_varying_transmission,47,aicc,tv_sir,tv_sir,1,24.249835922078063,7.11767575498321e-05
missing_time_varying_transmission,47,bic,tv_sir,tv_sir,1,26.21626131058764,2.8631177484980916e-05
missing_time_varying_transmission,47,gic_pred,tv_sir,tv_sir,1,1.812894958198001,0.6239609007765463
missing_time_varying_transmission,47,gic_evid,tv_sir,tv_sir,1,3.9417542489926234,0.3714722398265086
missing_time_varying_transmission,47,gic_eff_logn,tv_sir,tv_sir,1,2.51610817823871,0.5370236864124689
missing_time_varying_transmission,48,aic,tv_sir,tv_sir,1,15.40271788384328,0.0039942139146527025
missing_time_varying_transmission,48,aicc,tv_sir,tv_sir,1,24.712717883843283,5.7477143898860843e-05
missing_time_varying_transmission,48,bic,tv_sir,tv_sir,1,26.67914327235283,2.3111982476649965e-05
missing_time_varying_transmission,48,gic_pred,tv_sir,tv_sir,1,2.2357909761711596,0.6250041357617944
missing_time_varying_transmission,48,gic_evid,tv_sir,tv_sir,1,4.4598306426740635,0.3186551196950708
missing_time_varying_transmission,48,gic_eff_logn,tv_sir,tv_sir,1,2.9067971596576,0.5098046851381798
missing_time_varying_transmission,49,aic,tv_sir,tv_sir,1,15.527347313325976,0.0037669715721781872
missing_time_varying_transmission,49,aicc,tv_sir,tv_sir,1,24.837347313325978,5.4996250616664194e-05
missing_time_varying_transmission,49,bic,tv_sir,tv_sir,1,26.803772701835555,2.3043889185825057e-05
missing_time_varying_transmission,49,gic_pred,tv_sir,tv_sir,1,2.0810892765952076,0.6270776023677818
missing_time_varying_transmission,49,gic_evid,tv_sir,tv_sir,1,4.112513790267855,0.35361447525849676
missing_time_varying_transmission,49,gic_eff_logn,tv_sir,tv_sir,1,2.5271057004017905,0.5470104468442079
missing_time_varying_transmission,50,aic,tv_sir,tv_sir,1,13.689611474177724,0.008546801793128075
missing_time_varying_transmission,50,aicc,tv_sir,tv_sir,1,22.46091300759298,0.0002888836501017861
missing_time_varying_transmission,50,bic,tv_sir,tv_sir,1,21.372722367676033,0.00031822290035245785
missing_time_varying_transmission,50,gic_pred,tv_sir,tv_sir,1,0.42344833776564883,0.7496460405059225
missing_time_varying_transmission,50,gic_evid,tv_sir,tv_sir,1,1.5497177546288299,0.623984729002366
missing_time_varying_transmission,50,gic_eff_logn,tv_sir,tv_sir,1,1.0145238120218494,0.6864232319516677
missing_time_varying_transmission,51,aic,tv_sir,tv_sir,1,14.289814055724577,0.0064678313970639245
missing_time_varying_transmission,51,aicc,tv_sir,tv_sir,1,23.59981405572458,9.722621908903293e-05
missing_time_varying_transmission,51,bic,tv_sir,tv_sir,1,25.566239444234128,4.064338438272376e-05
missing_time_varying_transmission,51,gic_pred,tv_sir,tv_sir,1,0.8478472296411041,0.7137299037000253
missing_time_varying_transmission,51,gic_evid,tv_sir,tv_sir,1,2.4447031308697547,0.5362715307620922
missing_time_varying_transmission,51,gic_eff_logn,tv_sir,tv_sir,1,1.2973200474970668,0.6581460430242692
missing_time_varying_transmission,52,aic,tv_sir,tv_sir,1,16.876580582065372,0.0020627751011417935
missing_time_varying_transmission,52,aicc,tv_sir,tv_sir,1,26.186580582065375,2.902272576791329e-05
missing_time_varying_transmission,52,bic,tv_sir,tv_sir,1,28.153005970574952,1.1623831700325637e-05
missing_time_varying_transmission,52,gic_pred,tv_sir,tv_sir,1,3.5516099279015805,0.44559286741354465
missing_time_varying_transmission,52,gic_evid,tv_sir,tv_sir,1,6.0230506329400555,0.18930808978582944
missing_time_varying_transmission,52,gic_eff_logn,tv_sir,tv_sir,1,4.09531836028566,0.3668478340185582
missing_time_varying_transmission,53,aic,tv_sir,tv_sir,1,18.892088002339705,0.0008642973948259883
missing_time_varying_transmission,53,aicc,tv_sir,tv_sir,1,28.202088002339707,1.2866300697725658e-05
missing_time_varying_transmission,53,bic,tv_sir,tv_sir,1,30.168513390849284,7.05782996087891e-06
missing_time_varying_transmission,53,gic_pred,tv_sir,tv_sir,1,4.705816501701747,0.3582289109486561
missing_time_varying_transmission,53,gic_evid,tv_sir,tv_sir,1,6.956348421075035,0.1345517989042169
missing_time_varying_transmission,53,gic_eff_logn,tv_sir,tv_sir,1,4.555782453205381,0.33295486130150576
missing_time_varying_transmission,54,aic,tv_sir,tv_sir,1,11.962447119641865,0.018009773095118392
missing_time_varying_transmission,54,aicc,tv_sir,tv_sir,1,21.272447119641868,0.0004025965722166513
missing_time_varying_transmission,54,bic,tv_sir,tv_sir,1,21.9763989680267,0.0003162113170116369
missing_time_varying_transmission,54,gic_pred,tv_sir,ude_sir_h2,0,1.5071711611159913,0.7778511645113074
missing_time_varying_transmission,54,gic_evid,tv_sir,tv_sir,1,0.13902881830134106,0.692904057086766
missing_time_varying_transmission,54,gic_eff_logn,tv_sir,ude_sir_h2,0,1.0799704550829006,0.72787301087451
missing_time_varying_transmission,55,aic,tv_sir,tv_sir,1,16.302870015751637,0.0026620572972080522
missing_time_varying_transmission,55,aicc,tv_sir,tv_sir,1,25.61287001575164,3.826702688091736e-05
missing_time_varying_transmission,55,bic,tv_sir,tv_sir,1,27.579295404261217,1.584142869909214e-05
missing_time_varying_transmission,55,gic_pred,tv_sir,tv_sir,1,3.0387294691537647,0.5044316412844516
missing_time_varying_transmission,55,gic_evid,tv_sir,tv_sir,1,4.936035649590053,0.2741825995352458
missing_time_varying_transmission,55,gic_eff_logn,tv_sir,tv_sir,1,3.6314340564908036,0.4167783268881655
missing_time_varying_transmission,56,aic,tv_sir,tv_sir,1,18.192483243944707,0.0011879333664344158
missing_time_varying_transmission,56,aicc,tv_sir,tv_sir,1,27.50248324394471,2.151854132432808e-05
missing_time_varying_transmission,56,bic,tv_sir,tv_sir,1,28.558140714773003,1.5914585266223998e-05
missing_time_varying_transmission,56,gic_pred,tv_sir,tv_sir,1,4.375274382041937,0.4065357691777789
missing_time_varying_transmission,56,gic_evid,tv_sir,tv_sir,1,5.936686904184256,0.19525079313485763
missing_time_varying_transmission,56,gic_eff_logn,tv_sir,tv_sir,1,4.5225051413586925,0.34293301844381247
missing_time_varying_transmission,57,aic,tv_sir,tv_sir,1,14.475542089491967,0.006009321916917815
missing_time_varying_transmission,57,aicc,tv_sir,tv_sir,1,23.78554208949197,0.00017399252113078196
missing_time_varying_transmission,57,bic,tv_sir,tv_sir,1,22.75654113506343,0.00017713985399662088
missing_time_varying_transmission,57,gic_pred,tv_sir,tv_sir,1,1.2467998414137185,0.6740716588732539
missing_time_varying_transmission,57,gic_evid,tv_sir,tv_sir,1,2.463741015711747,0.5345741843144387
missing_time_varying_transmission,57,gic_eff_logn,tv_sir,tv_sir,1,1.8680163053319347,0.6050996700007654
missing_time_varying_transmission,58,aic,tv_sir,tv_sir,1,14.456019267649594,0.006003026816008893
missing_time_varying_transmission,58,aicc,tv_sir,tv_sir,1,23.766019267649597,8.898900354330856e-05
missing_time_varying_transmission,58,bic,tv_sir,tv_sir,1,25.732444656159146,3.5849262836852735e-05
missing_time_varying_transmission,58,gic_pred,tv_sir,tv_sir,1,1.1909655108155164,0.687553820592701
missing_time_varying_transmission,58,gic_evid,tv_sir,tv_sir,1,3.6079583478201016,0.4074379319675738
missing_time_varying_transmission,58,gic_eff_logn,tv_sir,tv_sir,1,1.7829345447887874,0.6167124789259286
missing_time_varying_transmission,59,aic,tv_sir,tv_sir,1,12.296484609215696,0.015722414791463305
missing_time_varying_transmission,59,aicc,tv_sir,tv_sir,1,21.6064846092157,0.00024011134180818158
missing_time_varying_transmission,59,bic,tv_sir,tv_sir,1,23.572909997725276,9.752641819254108e-05
missing_time_varying_transmission,59,gic_pred,tv_sir,ude_sir_h2,0,0.9402733846640103,0.8697723092435887
missing_time_varying_transmission,59,gic_evid,tv_sir,tv_sir,1,2.1548458007356714,0.5666806334884031
missing_time_varying_transmission,59,gic_eff_logn,tv_sir,ude_sir_h2,0,0.325513274993142,0.784619265872762
missing_time_varying_transmission,60,aic,tv_sir,tv_sir,1,15.125967255179802,0.0044623051846852625
missing_time_varying_transmission,60,aicc,tv_sir,tv_sir,1,24.435967255179804,6.532333262411148e-05
missing_time_varying_transmission,60,bic,tv_sir,tv_sir,1,26.40239264368938,2.627889542971733e-05
missing_time_varying_transmission,60,gic_pred,tv_sir,tv_sir,1,1.6468178606400272,0.6383336130729472
missing_time_varying_transmission,60,gic_evid,tv_sir,tv_sir,1,4.182298123070694,0.3464319174542876
missing_time_varying_transmission,60,gic_eff_logn,tv_sir,tv_sir,1,2.0663416457137487,0.5842774106924338
missing_time_varying_transmission,61,aic,tv_sir,tv_sir,1,12.845500624015273,0.012119868157724345
missing_time_varying_transmission,61,aicc,tv_sir,tv_sir,1,22.155500624015275,0.00018672331262667863
missing_time_varying_transmission,61,bic,tv_sir,tv_sir,1,24.121926012524852,7.567608466256979e-05
missing_time_varying_transmission,61,gic_pred,tv_sir,ude_sir_h2,0,0.2950685626749703,0.7496472729322017
missing_time_varying_transmission,61,gic_evid,tv_sir,tv_sir,1,1.4340759364978055,0.632786225166253
missing_time_varying_transmission,61,gic_eff_logn,tv_sir,tv_sir,1,0.3971676832445894,0.7121389832132126
missing_time_varying_transmission,62,aic,tv_sir,tv_sir,1,18.66039909153065,0.0009518271035292596
missing_time_varying_transmission,62,aicc,tv_sir,tv_sir,1,27.970399091530652,1.265439480288818e-05
missing_time_varying_transmission,62,bic,tv_sir,tv_sir,1,29.93682448004023,5.059693109502803e-06
missing_time_varying_transmission,62,gic_pred,tv_sir,tv_sir,1,4.453979311705808,0.3780985072043158
missing_time_varying_transmission,62,gic_evid,tv_sir,tv_sir,1,7.704348792958655,0.10110574806884345
missing_time_varying_transmission,62,gic_eff_logn,tv_sir,tv_sir,1,4.287716651283887,0.35765461831557266
missing_time_varying_transmission,63,aic,tv_sir,tv_sir,1,15.69372111470281,0.003477953809284771
missing_time_varying_transmission,63,aicc,tv_sir,tv_sir,1,25.003721114702813,5.197087414245132e-05
missing_time_varying_transmission,63,bic,tv_sir,tv_sir,1,26.970146503212362,2.3075378162761012e-05
missing_time_varying_transmission,63,gic_pred,tv_sir,tv_sir,1,1.8546001695221435,0.6226673660656796
missing_time_varying_transmission,63,gic_evid,tv_sir,tv_sir,1,4.305076054833819,0.333999261641521
missing_time_varying_transmission,63,gic_eff_logn,tv_sir,tv_sir,1,1.9841816451109935,0.5935126921005658
missing_time_varying_transmission,64,aic,tv_sir,tv_sir,1,14.970280580256485,0.004809023722991588
missing_time_varying_transmission,64,aicc,tv_sir,tv_sir,1,24.280280580256488,7.018884850703666e-05
missing_time_varying_transmission,64,bic,tv_sir,tv_sir,1,26.246705968766037,2.8243192922057595e-05
missing_time_varying_transmission,64,gic_pred,tv_sir,tv_sir,1,1.822079094707334,0.6520547709148834
missing_time_varying_transmission,64,gic_evid,tv_sir,tv_sir,1,4.427136547596916,0.3218601508404919
missing_time_varying_transmission,64,gic_eff_logn,tv_sir,tv_sir,1,2.508167837153593,0.5489306487395054
missing_time_varying_transmission,65,aic,tv_sir,tv_sir,1,13.014433519145683,0.011322596811185867
missing_time_varying_transmission,65,aicc,tv_sir,tv_sir,1,22.324433519145686,0.00017274951191959375
missing_time_varying_transmission,65,bic,tv_sir,tv_sir,1,24.290858907655235,6.99206260250797e-05
missing_time_varying_transmission,65,gic_pred,tv_sir,ude_sir_h2,0,0.13770375048969186,0.7799232826344793
missing_time_varying_transmission,65,gic_evid,tv_sir,tv_sir,1,1.8762768949077326,0.5941549451607435
missing_time_varying_transmission,65,gic_eff_logn,tv_sir,tv_sir,1,0.5452148794142317,0.71890111072153
missing_time_varying_transmission,66,aic,tv_sir,tv_sir,1,17.051556846911893,0.002161762485639856
missing_time_varying_transmission,66,aicc,tv_sir,tv_sir,1,20.89993639117472,0.0003582116742172008
missing_time_varying_transmission,66,bic,tv_sir,tv_sir,1,19.811745751257774,0.0005546758436196976
missing_time_varying_transmission,66,gic_pred,tv_sir,tv_sir,1,3.6836080605915242,0.41982026090921887
missing_time_varying_transmission,66,gic_evid,tv_sir,tv_sir,1,4.96809933273309,0.2729852813186964
missing_time_varying_transmission,66,gic_eff_logn,tv_sir,tv_sir,1,4.192699371504062,0.35291397551041165
missing_time_varying_transmission,67,aic,tv_sir,tv_sir,1,15.816069362878636,0.0033050975614745317
missing_time_varying_transmission,67,aicc,tv_sir,tv_sir,1,25.12606936287864,4.746390162520894e-05
missing_time_varying_transmission,67,bic,tv_sir,tv_sir,1,27.092494751388188,1.905687527535069e-05
missing_time_varying_transmission,67,gic_pred,tv_sir,tv_sir,1,2.622871180671382,0.5556533575768219
missing_time_varying_transmission,67,gic_evid,tv_sir,tv_sir,1,4.677520118556856,0.2978002389814433
missing_time_varying_transmission,67,gic_eff_logn,tv_sir,tv_sir,1,3.2727169307894997,0.4582879382340866
missing_time_varying_transmission,68,aic,tv_sir,tv_sir,1,17.593051553789707,0.0015090040576480283
missing_time_varying_transmission,68,aicc,tv_sir,tv_sir,1,26.90305155378971,2.080275979975034e-05
missing_time_varying_transmission,68,bic,tv_sir,tv_sir,1,28.869476942299286,8.323636522658229e-06
missing_time_varying_transmission,68,gic_pred,tv_sir,tv_sir,1,3.6681010076836174,0.4459367376713111
missing_time_varying_transmission,68,gic_evid,tv_sir,tv_sir,1,6.586884299505925,0.15434812193070602
missing_time_varying_transmission,68,gic_eff_logn,tv_sir,tv_sir,1,3.7285502624895344,0.41128984487694153
missing_time_varying_transmission,69,aic,tv_sir,tv_sir,1,14.698580772444728,0.005413092838829692
missing_time_varying_transmission,69,aicc,tv_sir,tv_sir,1,24.00858077244473,7.956908313896324e-05
missing_time_varying_transmission,69,bic,tv_sir,tv_sir,1,25.975006160954308,3.20378790017676e-05
missing_time_varying_transmission,69,gic_pred,tv_sir,tv_sir,1,1.5582417046319392,0.6733723873393114
missing_time_varying_transmission,69,gic_evid,tv_sir,tv_sir,1,3.9666573656980972,0.3688421874723327
missing_time_varying_transmission,69,gic_eff_logn,tv_sir,tv_sir,1,2.2506633018623177,0.5758532484596162
missing_time_varying_transmission,70,aic,tv_sir,tv_sir,1,18.139407102620908,0.001193917300371432
missing_time_varying_transmission,70,aicc,tv_sir,tv_sir,1,27.44940710262091,1.8470694118597077e-05
missing_time_varying_transmission,70,bic,tv_sir,tv_sir,1,29.415832491130487,1.03513267979353e-05
missing_time_varying_transmission,70,gic_pred,tv_sir,tv_sir,1,4.290483953670218,0.38918433157798527
missing_time_varying_transmission,70,gic_evid,tv_sir,tv_sir,1,6.327687413417351,0.16970613765070058
missing_time_varying_transmission,70,gic_eff_logn,tv_sir,tv_sir,1,4.412170156440823,0.3432213264553221
missing_time_varying_transmission,71,aic,tv_sir,tv_sir,1,16.59732044719891,0.00233735280162967
missing_time_varying_transmission,71,aicc,tv_sir,tv_sir,1,25.907320447198913,3.304093438452103e-05
missing_time_varying_transmission,71,bic,tv_sir,tv_sir,1,27.873745835708462,1.324166250937353e-05
missing_time_varying_transmission,71,gic_pred,tv_sir,tv_sir,1,3.4616767297655997,0.457172638447523
missing_time_varying_transmission,71,gic_evid,tv_sir,tv_sir,1,5.96138583729342,0.19349612384240578
missing_time_varying_transmission,71,gic_eff_logn,tv_sir,tv_sir,1,4.157880239012201,0.360396996672883
missing_time_varying_transmission,72,aic,tv_sir,tv_sir,1,13.315226435631473,0.009858965160720495
missing_time_varying_transmission,72,aicc,tv_sir,tv_sir,1,22.625226435631475,0.00015070312576821325
missing_time_varying_transmission,72,bic,tv_sir,tv_sir,1,24.591651824141053,6.123120587376995e-05
missing_time_varying_transmission,72,gic_pred,tv_sir,ude_sir_h2,0,0.294609245675133,0.723545866362411
missing_time_varying_transmission,72,gic_evid,tv_sir,tv_sir,1,2.411326386745742,0.5398441110200776
missing_time_varying_transmission,72,gic_eff_logn,tv_sir,tv_sir,1,0.019652099253789856,0.706346134456797
missing_time_varying_transmission,73,aic,tv_sir,tv_sir,1,15.201682264153476,0.004316660804074338
missing_time_varying_transmission,73,aicc,tv_sir,tv_sir,1,24.511682264153478,6.306491811846592e-05
missing_time_varying_transmission,73,bic,tv_sir,tv_sir,1,26.478107652663027,2.535038184412451e-05
missing_time_varying_transmission,73,gic_pred,tv_sir,tv_sir,1,2.3030222264831366,0.5739013652231467
missing_time_varying_transmission,73,gic_evid,tv_sir,tv_sir,1,4.283580095768684,0.33614839234851523
missing_time_varying_transmission,73,gic_eff_logn,tv_sir,tv_sir,1,3.1901063630970157,0.4614883351150324
missing_time_varying_transmission,74,aic,tv_sir,tv_sir,1,13.938334588284846,0.007524861463354725
missing_time_varying_transmission,74,aicc,tv_sir,tv_sir,1,23.248334588284848,0.00011336018027253036
missing_time_varying_transmission,74,bic,tv_sir,tv_sir,1,25.214759976794426,4.623740815132771e-05
missing_time_varying_transmission,74,gic_pred,tv_sir,tv_sir,1,0.7891212343384382,0.7096905097870052
missing_time_varying_transmission,74,gic_evid,tv_sir,tv_sir,1,2.3512677434123077,0.5462368066547509
missing_time_varying_transmission,74,gic_eff_logn,tv_sir,tv_sir,1,1.474394958321568,0.6428423584417209
missing_time_varying_transmission,75,aic,tv_sir,tv_sir,1,13.35142724492033,0.00992590420171619
missing_time_varying_transmission,75,aicc,tv_sir,tv_sir,1,22.661427244920333,0.0001480111910283297
missing_time_varying_transmission,75,bic,tv_sir,tv_sir,1,24.62785263342988,5.9901153605540974e-05
missing_time_varying_transmission,75,gic_pred,tv_sir,tv_sir,1,0.11961090725040435,0.8497151361076987
missing_time_varying_transmission,75,gic_evid,tv_sir,tv_sir,1,3.179043053993638,0.45501499312771954
missing_time_varying_transmission,75,gic_eff_logn,tv_sir,tv_sir,1,0.7383513181744945,0.7445987734340016
missing_time_varying_transmission,76,aic,tv_sir,tv_sir,1,15.467962850847414,0.0038317678064105037
missing_time_varying_transmission,76,aicc,tv_sir,tv_sir,1,24.777962850847416,5.575966984839013e-05
missing_time_varying_transmission,76,bic,tv_sir,tv_sir,1,26.744388239356994,2.240005249008352e-05
missing_time_varying_transmission,76,gic_pred,tv_sir,tv_sir,1,1.8400730841925679,0.6126623766787263
missing_time_varying_transmission,76,gic_evid,tv_sir,tv_sir,1,4.927642109611725,0.27492717447205683
missing_time_varying_transmission,76,gic_eff_logn,tv_sir,tv_sir,1,2.1397926043795223,0.5736447644989423
missing_time_varying_transmission,77,aic,tv_sir,tv_sir,1,16.55474892595558,0.002394138928278629
missing_time_varying_transmission,77,aicc,tv_sir,tv_sir,1,25.86474892595558,3.540611090901134e-05
missing_time_varying_transmission,77,bic,tv_sir,tv_sir,1,27.83117431446516,1.6354570189996323e-05
missing_time_varying_transmission,77,gic_pred,tv_sir,tv_sir,1,3.3019855311907804,0.4890442456616818
missing_time_varying_transmission,77,gic_evid,tv_sir,tv_sir,1,4.900369363365456,0.2773716961292173
missing_time_varying_transmission,77,gic_eff_logn,tv_sir,tv_sir,1,3.9038539473691856,0.39246001927530993
missing_time_varying_transmission,78,aic,tv_sir,tv_sir,1,15.500948033445525,0.0038448991113025502
missing_time_varying_transmission,78,aicc,tv_sir,tv_sir,1,24.810948033445527,6.842219210407408e-05
missing_time_varying_transmission,78,bic,tv_sir,tv_sir,1,26.742699235324835,4.449144783953509e-05
missing_time_varying_transmission,78,gic_pred,tv_sir,tv_sir,1,2.2299841829500338,0.6357193967036923
missing_time_varying_transmission,78,gic_evid,tv_sir,tv_sir,1,3.7069614387083334,0.396711451469569
missing_time_varying_transmission,78,gic_eff_logn,tv_sir,tv_sir,1,2.8171928790510776,0.5247183673424769
missing_time_varying_transmission,79,aic,tv_sir,tv_sir,1,14.49884316039828,0.005906905352573008
missing_time_varying_transmission,79,aicc,tv_sir,tv_sir,1,23.808843160398283,8.724994245695021e-05
missing_time_varying_transmission,79,bic,tv_sir,tv_sir,1,25.77526854890783,3.514838498836307e-05
missing_time_varying_transmission,79,gic_pred,tv_sir,tv_sir,1,1.4187970390816815,0.6831698622102393
missing_time_varying_transmission,79,gic_evid,tv_sir,tv_sir,1,3.369654209285443,0.433748365176162
missing_time_varying_transmission,79,gic_eff_logn,tv_sir,tv_sir,1,2.1597821300704823,0.5842083383402396
noisy_sir_overfit_risk,0,aic,sir,sir,1,0.23659189439085537,1.0393005354769527
noisy_sir_overfit_risk,0,aicc,sir,sir,1,0.7350534328523821,0.959342237152928
noisy_sir_overfit_risk,0,bic,sir,sir,1,1.60388772437733,0.8245402406578828
noisy_sir_overfit_risk,0,gic_pred,sir,seir,0,0.9923334531673333,1.417636702573983
noisy_sir_overfit_risk,0,gic_evid,sir,seir,0,1.1374248141691794,1.2553719488998996
noisy_sir_overfit_risk,0,gic_eff_logn,sir,seir,0,1.1901910515702525,1.3128103533981137
noisy_sir_overfit_risk,1,aic,sir,sir,1,2.6955911939314205,0.8499316986347778
noisy_sir_overfit_risk,1,aicc,sir,sir,1,3.1940527323929473,0.7123023001840655
noisy_sir_overfit_risk,1,bic,sir,sir,1,4.062887023917895,0.5284242608171589
noisy_sir_overfit_risk,1,gic_pred,sir,sir,1,0.874379050141016,1.4399515163571968
noisy_sir_overfit_risk,1,gic_evid,sir,sir,1,1.0048235511731747,1.1129769121638766
noisy_sir_overfit_risk,1,gic_eff_logn,sir,sir,1,1.9356011167019744,1.2906762217965868
noisy_sir_overfit_risk,2,aic,sir,seir,0,0.32518144793651516,1.0532199833511897
noisy_sir_overfit_risk,2,aicc,sir,sir,1,0.1732800905250116,0.9932226276037726
noisy_sir_overfit_risk,2,bic,sir,sir,1,1.0421143820499594,0.8856280442061035
noisy_sir_overfit_risk,2,gic_pred,sir,seir,0,0.9662550177898908,1.3687923040968781
noisy_sir_overfit_risk,2,gic_evid,sir,seir,0,1.6301073569850502,1.2426433160605228
noisy_sir_overfit_risk,2,gic_eff_logn,sir,seir,0,1.4802439821342688,1.3058291940953293
noisy_sir_overfit_risk,3,aic,sir,sir,1,3.128542890628154,0.7563951526591512
noisy_sir_overfit_risk,3,aicc,sir,sir,1,3.6270044290896806,0.62024851979676
noisy_sir_overfit_risk,3,bic,sir,sir,1,4.495838720614628,0.45004433639550445
noisy_sir_overfit_risk,3,gic_pred,sir,sir,1,0.9450997188725836,1.3727705770659366
noisy_sir_overfit_risk,3,gic_evid,sir,sir,1,0.7148159386394894,1.086462527965774
noisy_sir_overfit_risk,3,gic_eff_logn,sir,sir,1,1.6321386961547688,1.176323291700087
noisy_sir_overfit_risk,4,aic,sir,sir,1,0.7538657900276888,0.931977952669982
noisy_sir_overfit_risk,4,aicc,sir,sir,1,1.2523273284892156,0.8383650562307636
noisy_sir_overfit_risk,4,bic,sir,sir,1,2.1211616200141634,0.6984576144413729
noisy_sir_overfit_risk,4,gic_pred,sir,sir,1,0.5359787315615421,1.368139078334053
noisy_sir_overfit_risk,4,gic_evid,sir,sir,1,1.0107643227075016,1.2217035764130415
noisy_sir_overfit_risk,4,gic_eff_logn,sir,sir,1,1.7543165283236277,1.2539696811291234
noisy_sir_overfit_risk,5,aic,sir,sir,1,2.55409658641841,0.7954323219564357
noisy_sir_overfit_risk,5,aicc,sir,sir,1,3.052558124879937,0.6659841493466682
noisy_sir_overfit_risk,5,bic,sir,sir,1,3.921392416404885,0.4979969114969577
noisy_sir_overfit_risk,5,gic_pred,sir,sir,1,0.971552856493858,1.3353879453471578
noisy_sir_overfit_risk,5,gic_evid,sir,sir,1,0.7435478832016855,1.1163835934070305
noisy_sir_overfit_risk,5,gic_eff_logn,sir,sir,1,1.6827832637097373,1.1625085325702336
noisy_sir_overfit_risk,6,aic,sir,sir,1,1.2487184936067877,0.9169076791328755
noisy_sir_overfit_risk,6,aicc,sir,sir,1,1.7471800320683144,0.8085403753838127
noisy_sir_overfit_risk,6,bic,sir,sir,1,2.6160143235932622,0.6518130074141867
noisy_sir_overfit_risk,6,gic_pred,sir,seir,0,0.33988642991512563,1.371391982065127
noisy_sir_overfit_risk,6,gic_evid,sir,seir,0,0.0014834727850399076,1.2240179830577942
noisy_sir_overfit_risk,6,gic_eff_logn,sir,seir,0,0.05863704364239197,1.242726735115776
noisy_sir_overfit_risk,7,aic,sir,sir,1,0.2093624917346517,1.0138594739815063
noisy_sir_overfit_risk,7,aicc,sir,sir,1,0.7078240301961785,0.9329916480249261
noisy_sir_overfit_risk,7,bic,sir,sir,1,1.5766583217211263,0.8027122637062226
noisy_sir_overfit_risk,7,gic_pred,sir,seir,0,1.309215384424263,1.3644487714961535
noisy_sir_overfit_risk,7,gic_evid,sir,seir,0,1.1649520540714775,1.2247287052309859
noisy_sir_overfit_risk,7,gic_eff_logn,sir,seir,0,1.0586667501804072,1.2718229620671861
noisy_sir_overfit_risk,8,aic,sir,sir,1,1.2184587651561571,0.9302643638040807
noisy_sir_overfit_risk,8,aicc,sir,sir,1,1.7169203036176839,0.8214587616622134
noisy_sir_overfit_risk,8,bic,sir,sir,1,2.5857545951426317,0.6630176110414097
noisy_sir_overfit_risk,8,gic_pred,sir,sir,1,0.3514259903994059,1.3825757161337582
noisy_sir_overfit_risk,8,gic_evid,sir,sir,1,0.27947820344784446,1.2429721652812833
noisy_sir_overfit_risk,8,gic_eff_logn,sir,sir,1,1.1259766716926407,1.269845605365152
noisy_sir_overfit_risk,9,aic,sir,seir,0,0.7318006699545663,1.025463489335462
noisy_sir_overfit_risk,9,aicc,sir,seir,0,0.23333913149303953,0.9748633448688131
noisy_sir_overfit_risk,9,bic,sir,sir,1,0.6354951600319083,0.8906684193696607
noisy_sir_overfit_risk,9,gic_pred,sir,seir,0,0.10764534977037954,1.3842002401276141
noisy_sir_overfit_risk,9,gic_evid,sir,ude_sir_h2,0,0.2451801189271805,1.3195491839434865
noisy_sir_overfit_risk,9,gic_eff_logn,sir,sir,1,0.31137466165965577,1.390330425934366
noisy_sir_overfit_risk,10,aic,sir,sir,1,0.6107898319668834,0.9395490845605248
noisy_sir_overfit_risk,10,aicc,sir,sir,1,1.1092513704284102,0.84999219880343
noisy_sir_overfit_risk,10,bic,sir,sir,1,1.978085661953358,0.7147479164384962
noisy_sir_overfit_risk,10,gic_pred,sir,sir,1,0.3999774466943933,1.4242528563792163
noisy_sir_overfit_risk,10,gic_evid,sir,sir,1,0.886101559220279,1.2280733105954453
noisy_sir_overfit_risk,10,gic_eff_logn,sir,sir,1,1.6231518290345832,1.2981203900553986
noisy_sir_overfit_risk,11,aic,sir,seir,0,1.1319402308728428,0.9384178061809674
noisy_sir_overfit_risk,11,aicc,sir,seir,0,1.8386068975395204,0.9388662969516798
noisy_sir_overfit_risk,11,bic,sir,seir,0,1.81669831802499,0.9533153351180111
noisy_sir_overfit_risk,11,gic_pred,sir,tv_sir,0,0.10571908081114145,1.2679339943650063
noisy_sir_overfit_risk,11,gic_evid,sir,ude_sir_h2,0,0.7715291368023145,1.1944065850502257
noisy_sir_overfit_risk,11,gic_eff_logn,sir,tv_sir,0,0.14139149534999262,1.3239461583948757
noisy_sir_overfit_risk,12,aic,sir,sir,1,2.192419018089481,0.8512310414184784
noisy_sir_overfit_risk,12,aicc,sir,sir,1,2.690880556551008,0.7232499080819934
noisy_sir_overfit_risk,12,bic,sir,sir,1,3.5597148480759557,0.5509807199184941
noisy_sir_overfit_risk,12,gic_pred,sir,sir,1,0.9991190813397992,1.3633210170610843
noisy_sir_overfit_risk,12,gic_evid,sir,sir,1,1.038878487321341,1.1381170722058858
noisy_sir_overfit_risk,12,gic_eff_logn,sir,sir,1,2.0185678732667185,1.1863840623780773
noisy_sir_overfit_risk,13,aic,sir,sir,1,0.27377001707361615,0.9304606671055051
noisy_sir_overfit_risk,13,aicc,sir,sir,1,0.7722315555351429,0.8536128477110576
noisy_sir_overfit_risk,13,bic,sir,sir,1,1.6410658470600907,0.7358105391311446
noisy_sir_overfit_risk,13,gic_pred,sir,seir,0,0.17107724842091443,1.3393980508155188
noisy_sir_overfit_risk,13,gic_evid,sir,sir,1,0.35217186903780373,1.2622186530498758
noisy_sir_overfit_risk,13,gic_eff_logn,sir,sir,1,0.8920996760197824,1.2628401678432666
noisy_sir_overfit_risk,14,aic,sir,seir,0,0.5016986298753352,1.0072841011551077
noisy_sir_overfit_risk,14,aicc,sir,seir,0,0.0032370914138084572,0.9488752820163514
noisy_sir_overfit_risk,14,bic,sir,sir,1,0.8655972001111394,0.8550674679861497
noisy_sir_overfit_risk,14,gic_pred,sir,seir,0,1.5966047145033997,1.317798249273729
noisy_sir_overfit_risk,14,gic_evid,sir,seir,0,1.636714456568825,1.195891140262448
noisy_sir_overfit_risk,14,gic_eff_logn,sir,seir,0,1.275562895350916,1.2610641029916474
noisy_sir_overfit_risk,15,aic,sir,sir,1,1.9242350143799598,0.8646392589120964
noisy_sir_overfit_risk,15,aicc,sir,sir,1,2.4226965528414866,0.7421539231687211
noisy_sir_overfit_risk,15,bic,sir,sir,1,3.2915308443664344,0.5743605667093495
noisy_sir_overfit_risk,15,gic_pred,sir,sir,1,1.156773090715916,1.3611756689829508
noisy_sir_overfit_risk,15,gic_evid,sir,sir,1,1.3383037743261639,1.2149614120740109
noisy_sir_overfit_risk,15,gic_eff_logn,sir,sir,1,2.1625373840890205,1.2018108940655028
noisy_sir_overfit_risk,16,aic,sir,seir,0,0.5891433276202349,1.0248330536428167
noisy_sir_overfit_risk,16,aicc,sir,seir,0,0.09068178915870817,0.9698721277767
noisy_sir_overfit_risk,16,bic,sir,sir,1,0.7781525023662397,0.8783536094372008
noisy_sir_overfit_risk,16,gic_pred,sir,seir,0,0.8845586460413273,1.3605805934776616
noisy_sir_overfit_risk,16,gic_evid,sir,seir,0,1.377688952099561,1.2414307469665473
noisy_sir_overfit_risk,16,gic_eff_logn,sir,seir,0,0.5406160263896567,1.3432014965443135
noisy_sir_overfit_risk,17,aic,sir,tv_sir,0,0.17940128783067166,1.092393931031997
noisy_sir_overfit_risk,17,aicc,sir,sir,1,0.051270048709014304,1.0906282477686862
noisy_sir_overfit_risk,17,bic,sir,sir,1,0.9201043402339621,1.0152470074803215
noisy_sir_overfit_risk,17,gic_pred,sir,tv_sir,0,0.5715992503224356,1.3886008758976507
noisy_sir_overfit_risk,17,gic_evid,sir,ude_sir_h2,0,0.5884801682560976,1.2433358508721204
noisy_sir_overfit_risk,17,gic_eff_logn,sir,tv_sir,0,0.49420581748144343,1.4226873162956628
noisy_sir_overfit_risk,18,aic,sir,sir,1,1.5477190178696958,0.8746867410467515
noisy_sir_overfit_risk,18,aicc,sir,sir,1,2.0461805563312225,0.7622224952704224
noisy_sir_overfit_risk,18,bic,sir,sir,1,2.9150148478561704,0.6042181273954315
noisy_sir_overfit_risk,18,gic_pred,sir,sir,1,0.6461795090648224,1.3475351637692699
noisy_sir_overfit_risk,18,gic_evid,sir,sir,1,0.4500419492886323,1.173447420037757
noisy_sir_overfit_risk,18,gic_eff_logn,sir,sir,1,1.1082132349830687,1.2194657950947922
noisy_sir_overfit_risk,19,aic,sir,sir,1,0.28748354173859525,0.9481455456331563
noisy_sir_overfit_risk,19,aicc,sir,sir,1,0.785945080200122,0.8684794628332716
noisy_sir_overfit_risk,19,bic,sir,sir,1,1.6547793717250698,0.7463375367579522
noisy_sir_overfit_risk,19,gic_pred,sir,sir,1,0.08068197512967856,1.3664406114003158
noisy_sir_overfit_risk,19,gic_evid,sir,sir,1,0.9571147352689451,1.2450679996352423
noisy_sir_overfit_risk,19,gic_eff_logn,sir,sir,1,1.306598345286659,1.278431466972096
noisy_sir_overfit_risk,20,aic,sir,sir,1,2.089429605592855,0.8546164544599462
noisy_sir_overfit_risk,20,aicc,sir,sir,1,2.5878911440543817,0.7288403581873321
noisy_sir_overfit_risk,20,bic,sir,sir,1,3.4567254355793295,0.5586074402673383
noisy_sir_overfit_risk,20,gic_pred,sir,sir,1,1.038473693889543,1.3451267440129688
noisy_sir_overfit_risk,20,gic_evid,sir,sir,1,1.1158672105935068,1.1345453476525253
noisy_sir_overfit_risk,20,gic_eff_logn,sir,sir,1,2.0844233143805866,1.173933060536408
noisy_sir_overfit_risk,21,aic,sir,sir,1,0.5954332608983037,0.9610359997575023
noisy_sir_overfit_risk,21,aicc,sir,sir,1,1.0938947993598305,0.8697019538864338
noisy_sir_overfit_risk,21,bic,sir,sir,1,1.9627290908847783,0.7307720033840593
noisy_sir_overfit_risk,21,gic_pred,sir,seir,0,0.9594650094401089,1.328605140653109
noisy_sir_overfit_risk,21,gic_evid,sir,seir,0,0.8405157779239971,1.1944180400496096
noisy_sir_overfit_risk,21,gic_eff_logn,sir,seir,0,0.6551721399970916,1.22252265833386
noisy_sir_overfit_risk,22,aic,sir,sir,1,0.9142251460824582,0.9009260219586689
noisy_sir_overfit_risk,22,aicc,sir,sir,1,1.412686684543985,0.8060663611536689
noisy_sir_overfit_risk,22,bic,sir,sir,1,2.281520976068933,0.6662217372482885
noisy_sir_overfit_risk,22,gic_pred,sir,sir,1,0.6825574458357551,1.3382266794447253
noisy_sir_overfit_risk,22,gic_evid,sir,sir,1,0.9163824901875017,1.2025155474607894
noisy_sir_overfit_risk,22,gic_eff_logn,sir,sir,1,1.8914741355772975,1.2174258288290616
noisy_sir_overfit_risk,23,aic,sir,sir,1,1.7860307718512587,0.8466729480881268
noisy_sir_overfit_risk,23,aicc,sir,sir,1,2.2844923103127854,0.7308857728511832
noisy_sir_overfit_risk,23,bic,sir,sir,1,3.1533266018377333,0.5716048134007176
noisy_sir_overfit_risk,23,gic_pred,sir,sir,1,9.942508557969632e-05,1.3054040114540308
noisy_sir_overfit_risk,23,gic_evid,sir,sir,1,0.05741991457520612,1.1561814547108573
noisy_sir_overfit_risk,23,gic_eff_logn,sir,sir,1,0.00017052539759276897,1.1669907952504777
noisy_sir_overfit_risk,24,aic,sir,sir,1,3.073436975027576,0.7477675588051039
noisy_sir_overfit_risk,24,aicc,sir,sir,1,3.571898513489103,0.613944334024088
noisy_sir_overfit_risk,24,bic,sir,sir,1,4.440732805014051,0.44692518278373455
noisy_sir_overfit_risk,24,gic_pred,sir,sir,1,0.00011318218651013012,1.364861456207749
noisy_sir_overfit_risk,24,gic_evid,sir,sir,1,0.05647900687090157,1.0866996382534484
noisy_sir_overfit_risk,24,gic_eff_logn,sir,sir,1,0.0001965732312783075,1.1721498348735633
noisy_sir_overfit_risk,25,aic,sir,sir,1,3.325931713714951,0.7728130004133786
noisy_sir_overfit_risk,25,aicc,sir,sir,1,3.8243932521764776,0.63164230859621
noisy_sir_overfit_risk,25,bic,sir,sir,1,4.6932275437014255,0.4540760370361822
noisy_sir_overfit_risk,25,gic_pred,sir,sir,1,1.0205707132929547,1.3153844886873314
noisy_sir_overfit_risk,25,gic_evid,sir,sir,1,1.0229661861538943,1.0863047297241293
noisy_sir_overfit_risk,25,gic_eff_logn,sir,sir,1,2.021941586277862,1.1776102688203651
noisy_sir_overfit_risk,26,aic,sir,sir,1,1.4623797283848887,0.9049285174158156
noisy_sir_overfit_risk,26,aicc,sir,sir,1,1.9608412668464155,0.7913309154704328
noisy_sir_overfit_risk,26,bic,sir,sir,1,2.8296755583713633,0.6294086105509582
noisy_sir_overfit_risk,26,gic_pred,sir,seir,0,0.06694897665738608,1.4563169770357016
noisy_sir_overfit_risk,26,gic_evid,sir,sir,1,0.0576062898089873,1.229565243461106
noisy_sir_overfit_risk,26,gic_eff_logn,sir,sir,1,0.00019533197637144895,1.3383112635434267
noisy_sir_overfit_risk,27,aic,sir,sir,1,0.8135645956273407,0.9105781829216402
noisy_sir_overfit_risk,27,aicc,sir,sir,1,1.3120261340888675,0.8177746703428108
noisy_sir_overfit_risk,27,bic,sir,sir,1,2.1808604256138153,0.6800054218411579
noisy_sir_overfit_risk,27,gic_pred,sir,sir,1,0.5718912159315437,1.3470229869144257
noisy_sir_overfit_risk,27,gic_evid,sir,sir,1,0.9675126436686412,1.2184542721853986
noisy_sir_overfit_risk,27,gic_eff_logn,sir,sir,1,1.7739675437796052,1.233613580515685
noisy_sir_overfit_risk,28,aic,sir,sir,1,1.2952852782323134,0.9216167272652291
noisy_sir_overfit_risk,28,aicc,sir,sir,1,1.7937468166938402,0.8112694372994487
noisy_sir_overfit_risk,28,bic,sir,sir,1,2.662581108218788,0.6517844335845038
noisy_sir_overfit_risk,28,gic_pred,sir,sir,1,0.9212252081648984,1.3658057563698256
noisy_sir_overfit_risk,28,gic_evid,sir,sir,1,1.0181477534735137,1.19162237524421
noisy_sir_overfit_risk,28,gic_eff_logn,sir,sir,1,1.968892557431957,1.2340829080517792
noisy_sir_overfit_risk,29,aic,sir,sir,1,1.5850079882871597,0.8799638578245296
noisy_sir_overfit_risk,29,aicc,sir,sir,1,2.0834695267486865,0.7655367984568517
noisy_sir_overfit_risk,29,bic,sir,sir,1,2.9523038182736343,0.6050404956343499
noisy_sir_overfit_risk,29,gic_pred,sir,sir,1,0.415868248150133,1.544025320791393
noisy_sir_overfit_risk,29,gic_evid,sir,sir,1,0.30648482038282054,1.1901362346248132
noisy_sir_overfit_risk,29,gic_eff_logn,sir,sir,1,0.7086154955350281,1.3999388471414576
noisy_sir_overfit_risk,30,aic,sir,sir,1,1.9915552730738852,0.9416405559930908
noisy_sir_overfit_risk,30,aicc,sir,sir,1,2.490016811535412,0.8143303674596277
noisy_sir_overfit_risk,30,bic,sir,sir,1,3.35885110306036,0.6286671399163785
noisy_sir_overfit_risk,30,gic_pred,sir,sir,1,0.05499998442252263,1.485188048279805
noisy_sir_overfit_risk,30,gic_evid,sir,sir,1,0.4062976073223723,1.1722487205718184
noisy_sir_overfit_risk,30,gic_eff_logn,sir,sir,1,1.1835396997266372,1.368051493211344
noisy_sir_overfit_risk,31,aic,sir,sir,1,0.6174833236239721,0.9535781686542121
noisy_sir_overfit_risk,31,aicc,sir,sir,1,1.1159448620854988,0.8622001045060844
noisy_sir_overfit_risk,31,bic,sir,sir,1,1.9847791536104467,0.7237756308417095
noisy_sir_overfit_risk,31,gic_pred,sir,sir,1,0.4012553637911651,1.3917795434542486
noisy_sir_overfit_risk,31,gic_evid,sir,sir,1,0.9806508014382516,1.2394018286777002
noisy_sir_overfit_risk,31,gic_eff_logn,sir,sir,1,1.6207273998746956,1.284598548764726
noisy_sir_overfit_risk,32,aic,sir,sir,1,0.7345444457200756,1.0401208104005328
noisy_sir_overfit_risk,32,aicc,sir,sir,1,1.2330059841816023,0.9471263400714507
noisy_sir_overfit_risk,32,bic,sir,sir,1,2.10184027570655,0.7899820043530535
noisy_sir_overfit_risk,32,gic_pred,sir,seir,0,0.6892423719380645,1.4762475761614529
noisy_sir_overfit_risk,32,gic_evid,sir,seir,0,0.7533719267155874,1.2887866532006984
noisy_sir_overfit_risk,32,gic_eff_logn,sir,seir,0,0.9093410611601342,1.3628556905660352
noisy_sir_overfit_risk,33,aic,sir,sir,1,1.1077245737070314,0.9494641951353376
noisy_sir_overfit_risk,33,aicc,sir,sir,1,1.6061861121685581,0.8425273673045336
noisy_sir_overfit_risk,33,bic,sir,sir,1,2.475020403693506,0.6843954651390332
noisy_sir_overfit_risk,33,gic_pred,sir,seir,0,0.3994225505233402,1.4037859162776083
noisy_sir_overfit_risk,33,gic_evid,sir,seir,0,0.10009306393297379,1.2549452848163647
noisy_sir_overfit_risk,33,gic_eff_logn,sir,seir,0,0.062484709605016064,1.2886105060750146
noisy_sir_overfit_risk,34,aic,sir,sir,1,1.6110601396215003,0.9086624251618907
noisy_sir_overfit_risk,34,aicc,sir,sir,1,2.109521678083027,0.7902401876236231
noisy_sir_overfit_risk,34,bic,sir,sir,1,2.978355969607975,0.6224440548824115
noisy_sir_overfit_risk,34,gic_pred,sir,sir,1,0.9332193513464517,1.3795256692870297
noisy_sir_overfit_risk,34,gic_evid,sir,sir,1,1.038536207034113,1.1680023358894758
noisy_sir_overfit_risk,34,gic_eff_logn,sir,sir,1,1.9872531447538648,1.2288087518931052
noisy_sir_overfit_risk,35,aic,sir,seir,0,3.6076044249514325,0.7283552727646896
noisy_sir_overfit_risk,35,aicc,sir,seir,0,3.157874977850895,0.7140698849408841
noisy_sir_overfit_risk,35,bic,sir,seir,0,2.289040686325947,0.7450750566911203
noisy_sir_overfit_risk,35,gic_pred,sir,seir,0,1.693277982319941,1.1892695289951534
noisy_sir_overfit_risk,35,gic_evid,sir,ude_sir_h2,0,0.050331265006036574,1.3669260712018692
noisy_sir_overfit_risk,35,gic_eff_logn,sir,seir,0,1.7518485311849759,1.2531895182082162
noisy_sir_overfit_risk,36,aic,sir,sir,1,1.3199196840954954,0.8916590288339308
noisy_sir_overfit_risk,36,aicc,sir,sir,1,1.8183812225570222,0.7841878039877399
noisy_sir_overfit_risk,36,bic,sir,sir,1,2.68721551408197,0.6304372362418116
noisy_sir_overfit_risk,36,gic_pred,sir,sir,1,1.0655250570028016,1.3465661125757324
noisy_sir_overfit_risk,36,gic_evid,sir,sir,1,0.8876722179019652,1.1883054985129125
noisy_sir_overfit_risk,36,gic_eff_logn,sir,sir,1,1.9045311192005698,1.2102494388355458
noisy_sir_overfit_risk,37,aic,sir,sir,1,0.20247067753219028,1.0495485373907802
noisy_sir_overfit_risk,37,aicc,sir,sir,1,0.700932215993717,0.9721637696130863
noisy_sir_overfit_risk,37,bic,sir,sir,1,1.5697665075186649,0.8381033651164153
noisy_sir_overfit_risk,37,gic_pred,sir,ude_sir_h2,0,0.3856479618307276,1.4332895309082239
noisy_sir_overfit_risk,37,gic_evid,sir,ude_sir_h2,0,0.2768738060083962,1.262197810579092
noisy_sir_overfit_risk,37,gic_eff_logn,sir,sir,1,0.36385393747883654,1.40337189084375
noisy_sir_overfit_risk,38,aic,sir,sir,1,1.0455018964943577,0.9415844381894756
noisy_sir_overfit_risk,38,aicc,sir,sir,1,1.5439634349558844,0.8372268922633199
noisy_sir_overfit_risk,38,bic,sir,sir,1,2.4127977264808322,0.6831500875093559
noisy_sir_overfit_risk,38,gic_pred,sir,sir,1,0.11995895588839289,1.3804752804886116
noisy_sir_overfit_risk,38,gic_evid,sir,sir,1,0.09908074126468591,1.2495877382319844
noisy_sir_overfit_risk,38,gic_eff_logn,sir,sir,1,0.8545092842929023,1.2802523526114495
noisy_sir_overfit_risk,39,aic,sir,sir,1,1.8588701305513666,0.8853539793467989
noisy_sir_overfit_risk,39,aicc,sir,sir,1,2.3573316690128934,0.7622051599203592
noisy_sir_overfit_risk,39,bic,sir,sir,1,3.226165960537841,0.5917011923609283
noisy_sir_overfit_risk,39,gic_pred,sir,neural_ode_h2,0,0.770289501103548,1.502444897579213
noisy_sir_overfit_risk,39,gic_evid,sir,sir,1,1.0119523194562419,1.1917968299898067
noisy_sir_overfit_risk,39,gic_eff_logn,sir,sir,1,1.3897119471716906,1.4622512684755864
noisy_sir_overfit_risk,40,aic,sir,sir,1,2.0728296378171507,0.8638433592899394
noisy_sir_overfit_risk,40,aicc,sir,sir,1,2.5712911762786774,0.7374428060986784
noisy_sir_overfit_risk,40,bic,sir,sir,1,3.4401254678036253,0.5655440910935304
noisy_sir_overfit_risk,40,gic_pred,sir,sir,1,0.9656911222413953,1.3526936998531598
noisy_sir_overfit_risk,40,gic_evid,sir,sir,1,1.0831073168041172,1.1346106430628204
noisy_sir_overfit_risk,40,gic_eff_logn,sir,sir,1,2.030971816575473,1.1845383671004155
noisy_sir_overfit_risk,41,aic,sir,sir,1,2.689147617950539,0.8180949438152085
noisy_sir_overfit_risk,41,aicc,sir,sir,1,3.1876091564120657,0.6828007602514596
noisy_sir_overfit_risk,41,bic,sir,sir,1,4.0564434479370135,0.506315181676554
noisy_sir_overfit_risk,41,gic_pred,sir,sir,1,1.0657667495989358,1.3388829753398093
noisy_sir_overfit_risk,41,gic_evid,sir,sir,1,1.1157329126857292,1.1108516914049202
noisy_sir_overfit_risk,41,gic_eff_logn,sir,sir,1,2.0975640472175883,1.1550959980104405
noisy_sir_overfit_risk,42,aic,sir,seir,0,1.7086427688495576,0.9284954094456042
noisy_sir_overfit_risk,42,aicc,sir,seir,0,2.4153094355162352,0.917622132003104
noisy_sir_overfit_risk,42,bic,sir,seir,0,1.586377247868782,0.9245623406196554
noisy_sir_overfit_risk,42,gic_pred,sir,seir,0,1.4405613672198,1.1775568922489514
noisy_sir_overfit_risk,42,gic_evid,sir,seir,0,3.398859033525767,0.9694217962578258
noisy_sir_overfit_risk,42,gic_eff_logn,sir,seir,0,2.624583905933605,1.0668493300332704
noisy_sir_overfit_risk,43,aic,sir,seir,0,1.0974152243550463,0.8950028650517161
noisy_sir_overfit_risk,43,aicc,sir,seir,0,1.804081891021724,0.8938621560885097
noisy_sir_overfit_risk,43,bic,sir,seir,0,2.4604506179718157,0.9137413911170074
noisy_sir_overfit_risk,43,gic_pred,sir,seir,0,1.0309587054353955,1.2807397803016134
noisy_sir_overfit_risk,43,gic_evid,sir,seir,0,3.03632222312514,0.9311686555776003
noisy_sir_overfit_risk,43,gic_eff_logn,sir,seir,0,2.352821674824739,1.1214302294657361
noisy_sir_overfit_risk,44,aic,sir,sir,1,1.47000446599408,0.8936506618651424
noisy_sir_overfit_risk,44,aicc,sir,sir,1,1.9684660044556068,0.7808722696745339
noisy_sir_overfit_risk,44,bic,sir,sir,1,2.8373002959805547,0.6212764671944397
noisy_sir_overfit_risk,44,gic_pred,sir,sir,1,0.5872708927327324,1.570611758331118
noisy_sir_overfit_risk,44,gic_evid,sir,sir,1,1.4121933225763286,1.2146562198658244
noisy_sir_overfit_risk,44,gic_eff_logn,sir,sir,1,1.351087755864583,1.4272513006891727
noisy_sir_overfit_risk,45,aic,sir,tv_sir,0,0.08014114694168484,0.943675158396675
noisy_sir_overfit_risk,45,aicc,sir,sir,1,1.1249870581865196,0.9088346392970303
noisy_sir_overfit_risk,45,bic,sir,sir,1,2.6544505130312643,0.7489101682583182
noisy_sir_overfit_risk,45,gic_pred,sir,tv_sir,0,0.6000463417763058,1.2066350571645452
noisy_sir_overfit_risk,45,gic_evid,sir,ude_sir_h2,0,0.5163215570065631,1.1481512774591642
noisy_sir_overfit_risk,45,gic_eff_logn,sir,tv_sir,0,0.5249191600149459,1.273277192086995
noisy_sir_overfit_risk,46,aic,sir,sir,1,0.4251905984485802,0.9350009744805787
noisy_sir_overfit_risk,46,aicc,sir,sir,1,0.923652136910107,0.8522270064224794
noisy_sir_overfit_risk,46,bic,sir,sir,1,1.7924864284350548,0.7264186221519603
noisy_sir_overfit_risk,46,gic_pred,sir,sir,1,0.2169050753816748,1.3595083082075814
noisy_sir_overfit_risk,46,gic_evid,sir,sir,1,0.9520467737940521,1.2319512591700348
noisy_sir_overfit_risk,46,gic_eff_logn,sir,sir,1,1.4418069418001522,1.2619143895800358
noisy_sir_overfit_risk,47,aic,sir,sir,1,3.007394173888116,0.7874311324014857
noisy_sir_overfit_risk,47,aicc,sir,sir,1,3.5058557123496428,0.6495732410271382
noisy_sir_overfit_risk,47,bic,sir,sir,1,4.374690003874591,0.47400248693507663
noisy_sir_overfit_risk,47,gic_pred,sir,sir,1,1.0857414559208678,1.3710443947701576
noisy_sir_overfit_risk,47,gic_evid,sir,sir,1,1.074598673596924,1.0967021484119117
noisy_sir_overfit_risk,47,gic_eff_logn,sir,sir,1,2.0780983694685915,1.171442202845249
noisy_sir_overfit_risk,48,aic,sir,sir,1,1.589100547873386,0.8734931846864228
noisy_sir_overfit_risk,48,aicc,sir,sir,1,2.0875620863349127,0.7598893325331911
noisy_sir_overfit_risk,48,bic,sir,sir,1,2.9563963778598605,0.6007410335271341
noisy_sir_overfit_risk,48,gic_pred,sir,sir,1,0.00010065856710639309,1.337242003930353
noisy_sir_overfit_risk,48,gic_evid,sir,sir,1,0.05620051741993848,1.155978024841462
noisy_sir_overfit_risk,48,gic_eff_logn,sir,sir,1,0.00017447324904651396,1.1974884940884964
noisy_sir_overfit_risk,49,aic,sir,seir,0,1.5934852936806152,0.985263351635193
noisy_sir_overfit_risk,49,aicc,sir,seir,0,1.0950237552190885,0.9552391483745714
noisy_sir_overfit_risk,49,bic,sir,seir,0,0.2261894636941406,0.9162436774537497
noisy_sir_overfit_risk,49,gic_pred,sir,seir,0,0.2869421799079106,1.3523769642942585
noisy_sir_overfit_risk,49,gic_evid,sir,ude_sir_h2,0,0.6987242679518602,1.3326844768129897
noisy_sir_overfit_risk,49,gic_eff_logn,sir,seir,0,0.3137502841506432,1.3903214240073398
noisy_sir_overfit_risk,50,aic,sir,sir,1,0.7384710556065954,0.9466332647894922
noisy_sir_overfit_risk,50,aicc,sir,sir,1,1.2369325940681222,0.8518895393046784
noisy_sir_overfit_risk,50,bic,sir,sir,1,2.10576688559307,0.7095651850526606
noisy_sir_overfit_risk,50,gic_pred,sir,seir,0,0.4023759145896264,1.3485795619195176
noisy_sir_overfit_risk,50,gic_evid,sir,seir,0,0.4289639164701953,1.1991524280817378
noisy_sir_overfit_risk,50,gic_eff_logn,sir,sir,1,0.18498226289584352,1.2467744211611613
noisy_sir_overfit_risk,51,aic,sir,sir,1,2.2913157147863643,0.8768675460122521
noisy_sir_overfit_risk,51,aicc,sir,sir,1,2.789777253247891,0.7447935651153536
noisy_sir_overfit_risk,51,bic,sir,sir,1,3.658611544772839,0.5641615731075724
noisy_sir_overfit_risk,51,gic_pred,sir,sir,1,0.9504888202515502,1.4690536695720864
noisy_sir_overfit_risk,51,gic_evid,sir,sir,1,0.8709897702105565,1.1609511815330977
noisy_sir_overfit_risk,51,gic_eff_logn,sir,sir,1,1.8568209717057016,1.3052497255307902
noisy_sir_overfit_risk,52,aic,sir,sir,1,0.705549920747643,0.9130419315369033
noisy_sir_overfit_risk,52,aicc,sir,sir,1,1.2040114592091697,0.8237421138515051
noisy_sir_overfit_risk,52,bic,sir,sir,1,2.0728457507341176,0.6900758126125581
noisy_sir_overfit_risk,52,gic_pred,sir,sir,1,0.37512113632028843,1.3435946618635457
noisy_sir_overfit_risk,52,gic_evid,sir,sir,1,0.7208180925311893,1.2448560535957225
noisy_sir_overfit_risk,52,gic_eff_logn,sir,sir,1,1.5165200167792818,1.2495377604656428
noisy_sir_overfit_risk,53,aic,sir,sir,1,2.358912043048562,0.8342324816628292
noisy_sir_overfit_risk,53,aicc,sir,sir,1,2.857373581510089,0.7041486930054308
noisy_sir_overfit_risk,53,bic,sir,sir,1,3.7262078730350368,0.5315606312336594
noisy_sir_overfit_risk,53,gic_pred,sir,sir,1,1.0757741861765595,1.5139857549078495
noisy_sir_overfit_risk,53,gic_evid,sir,sir,1,1.3941563859731758,1.1974864347803107
noisy_sir_overfit_risk,53,gic_eff_logn,sir,sir,1,2.1170653758871367,1.3321510722108987
noisy_sir_overfit_risk,54,aic,sir,sir,1,1.3214378814092385,0.9399682596330066
noisy_sir_overfit_risk,54,aicc,sir,sir,1,1.8198994198707652,0.8272608005325051
noisy_sir_overfit_risk,54,bic,sir,sir,1,2.688733711395713,0.6629961642536163
noisy_sir_overfit_risk,54,gic_pred,sir,seir,0,0.07840903071669914,1.4877063359873384
noisy_sir_overfit_risk,54,gic_evid,sir,sir,1,0.3857534986171345,1.2637088181584344
noisy_sir_overfit_risk,54,gic_eff_logn,sir,sir,1,0.33188437648514935,1.348926150093561
noisy_sir_overfit_risk,55,aic,sir,sir,1,2.1157921745593598,0.825848644874912
noisy_sir_overfit_risk,55,aicc,sir,sir,1,2.6142537130208865,0.7034142681314356
noisy_sir_overfit_risk,55,bic,sir,sir,1,3.4830880045458343,0.5392697029530621
noisy_sir_overfit_risk,55,gic_pred,sir,sir,1,0.00010023999482200452,1.304831879078353
noisy_sir_overfit_risk,55,gic_evid,sir,sir,1,0.05783808147182867,1.130774567159266
noisy_sir_overfit_risk,55,gic_eff_logn,sir,sir,1,0.0001713840371024844,1.1533340085696426
noisy_sir_overfit_risk,56,aic,sir,seir,0,1.3241045311557684,0.869942398822961
noisy_sir_overfit_risk,56,aicc,sir,seir,0,0.8256429926942417,0.8439819407278386
noisy_sir_overfit_risk,56,bic,sir,sir,1,0.04319129883070616,0.8125961550852789
noisy_sir_overfit_risk,56,gic_pred,sir,seir,0,1.5239082596938687,1.2696419152865623
noisy_sir_overfit_risk,56,gic_evid,sir,sir,1,0.6937141574438215,1.306685611845824
noisy_sir_overfit_risk,56,gic_eff_logn,sir,seir,0,0.2932078321303493,1.2709944447507757
noisy_sir_overfit_risk,57,aic,sir,sir,1,2.0017451585679,0.8540609181794656
noisy_sir_overfit_risk,57,aicc,sir,sir,1,2.5002066970294266,0.7307732723387176
noisy_sir_overfit_risk,57,bic,sir,sir,1,3.3690409885543744,0.5631574319918393
noisy_sir_overfit_risk,57,gic_pred,sir,sir,1,1.0666471925040213,1.3452085200331
noisy_sir_overfit_risk,57,gic_evid,sir,sir,1,0.9393341116137464,1.151480657794238
noisy_sir_overfit_risk,57,gic_eff_logn,sir,sir,1,1.964119717557267,1.1866903531842237
noisy_sir_overfit_risk,58,aic,sir,sir,1,1.985321870563439,0.8335554611209798
noisy_sir_overfit_risk,58,aicc,sir,sir,1,2.4837834090249657,0.7137305692056142
noisy_sir_overfit_risk,58,bic,sir,sir,1,3.3526177005499136,0.5514844502177499
noisy_sir_overfit_risk,58,gic_pred,sir,sir,1,0.0001068445284175823,1.3069824535926893
noisy_sir_overfit_risk,58,gic_evid,sir,sir,1,0.056307030852053686,1.1562995327356251
noisy_sir_overfit_risk,58,gic_eff_logn,sir,sir,1,0.000185456912419113,1.1672455790417922
noisy_sir_overfit_risk,59,aic,sir,sir,1,0.07719953385480949,0.9876043507235459
noisy_sir_overfit_risk,59,aicc,sir,sir,1,0.5756610723163362,0.911484331712918
noisy_sir_overfit_risk,59,bic,sir,sir,1,1.444495363841284,0.7918774687285833
noisy_sir_overfit_risk,59,gic_pred,sir,seir,0,1.6801873155339706,1.3295447773688585
noisy_sir_overfit_risk,59,gic_evid,sir,seir,0,1.3387364274738758,1.1538749052568562
noisy_sir_overfit_risk,59,gic_eff_logn,sir,seir,0,1.514325340968682,1.1784679597527263
noisy_sir_overfit_risk,60,aic,sir,seir,0,1.2245905096194463,1.001973903795118
noisy_sir_overfit_risk,60,aicc,sir,seir,0,0.7261289711579195,0.9640349028504303
noisy_sir_overfit_risk,60,bic,sir,sir,1,0.14270532036702832,0.9067375743861694
noisy_sir_overfit_risk,60,gic_pred,sir,seir,0,1.9890324185891046,1.2495990298001731
noisy_sir_overfit_risk,60,gic_evid,sir,seir,0,2.667212132223156,1.0843986767842928
noisy_sir_overfit_risk,60,gic_eff_logn,sir,seir,0,2.6986203650879332,1.1232386830721561
noisy_sir_overfit_risk,61,aic,sir,seir,0,0.035252418390840035,0.9949077828593897
noisy_sir_overfit_risk,61,aicc,sir,sir,1,0.4632091200706867,0.9220987046774627
noisy_sir_overfit_risk,61,bic,sir,sir,1,1.3320434115956346,0.80676399669651
noisy_sir_overfit_risk,61,gic_pred,sir,seir,0,1.0231363475184168,1.35664840581918
noisy_sir_overfit_risk,61,gic_evid,sir,seir,0,1.0081952010421418,1.2244259379079465
noisy_sir_overfit_risk,61,gic_eff_logn,sir,seir,0,0.3312053059353275,1.299962827689593
noisy_sir_overfit_risk,62,aic,sir,sir,1,1.8395866950583013,0.9046125598129073
noisy_sir_overfit_risk,62,aicc,sir,sir,1,2.338048233519828,0.7804231008122199
noisy_sir_overfit_risk,62,bic,sir,sir,1,3.206882525044776,0.6062857471808806
noisy_sir_overfit_risk,62,gic_pred,sir,sir,1,0.610729462248571,1.5032164614541397
noisy_sir_overfit_risk,62,gic_evid,sir,sir,1,1.042412598351774,1.262832794407284
noisy_sir_overfit_risk,62,gic_eff_logn,sir,sir,1,1.137919607200331,1.3629193761419671
noisy_sir_overfit_risk,63,aic,sir,sir,1,1.3936658716358181,0.9171717627393396
noisy_sir_overfit_risk,63,aicc,sir,sir,1,1.8921274100973449,0.8042664014033012
noisy_sir_overfit_risk,63,bic,sir,sir,1,2.7609617016222927,0.6421442722492663
noisy_sir_overfit_risk,63,gic_pred,sir,sir,1,0.19082567775845405,1.3807101666466859
noisy_sir_overfit_risk,63,gic_evid,sir,sir,1,0.09969012017712942,1.2393475067637905
noisy_sir_overfit_risk,63,gic_eff_logn,sir,sir,1,0.73580231713062,1.2741699134662414
noisy_sir_overfit_risk,64,aic,sir,sir,1,1.7083219584009441,0.8705646221385618
noisy_sir_overfit_risk,64,aicc,sir,sir,1,2.206783496862471,0.7536468949909276
noisy_sir_overfit_risk,64,bic,sir,sir,1,3.0756177883874187,0.591212809838673
noisy_sir_overfit_risk,64,gic_pred,sir,sir,1,1.0070272068240484,1.3534587874017792
noisy_sir_overfit_risk,64,gic_evid,sir,sir,1,0.7883506668876521,1.1634108927299531
noisy_sir_overfit_risk,64,gic_eff_logn,sir,sir,1,1.756866779140637,1.2053053006922867
noisy_sir_overfit_risk,65,aic,sir,sir,1,2.178473371573702,0.8302519516761568
noisy_sir_overfit_risk,65,aicc,sir,sir,1,2.6769349100352287,0.7054106824181186
noisy_sir_overfit_risk,65,bic,sir,sir,1,3.5457692015601765,0.5384611962057514
noisy_sir_overfit_risk,65,gic_pred,sir,sir,1,0.8432142550136916,1.3354636213212823
noisy_sir_overfit_risk,65,gic_evid,sir,sir,1,0.6145215688710124,1.1351260946331503
noisy_sir_overfit_risk,65,gic_eff_logn,sir,sir,1,1.4539956328345198,1.1830334230556154
noisy_sir_overfit_risk,66,aic,sir,seir,0,0.7694577749681173,1.052507254160676
noisy_sir_overfit_risk,66,aicc,sir,seir,0,1.0524873032799604,1.0478234811160367
noisy_sir_overfit_risk,66,bic,sir,seir,0,0.18365301175501259,1.0133816998654022
noisy_sir_overfit_risk,66,gic_pred,sir,seir,0,0.3685208174844803,1.308614526813911
noisy_sir_overfit_risk,66,gic_evid,sir,seir,0,2.3428243303384733,1.169342012198557
noisy_sir_overfit_risk,66,gic_eff_logn,sir,seir,0,1.4617169324435366,1.2855973945945598
noisy_sir_overfit_risk,67,aic,sir,sir,1,0.8398833690303746,0.9374267197533883
noisy_sir_overfit_risk,67,aicc,sir,sir,1,1.3383449074919014,0.8402306707520765
noisy_sir_overfit_risk,67,bic,sir,sir,1,2.2071791990168492,0.6954870311932677
noisy_sir_overfit_risk,67,gic_pred,sir,sir,1,0.16452812675071016,1.3617079072274936
noisy_sir_overfit_risk,67,gic_evid,sir,sir,1,0.23643751776067745,1.2440537233864202
noisy_sir_overfit_risk,67,gic_eff_logn,sir,sir,1,1.0701187534729257,1.257962147804982
noisy_sir_overfit_risk,68,aic,sir,sir,1,1.8217956381288758,0.86333588900917
noisy_sir_overfit_risk,68,aicc,sir,sir,1,2.3202571765904025,0.7439710592207518
noisy_sir_overfit_risk,68,bic,sir,sir,1,3.1890914681153504,0.5796100075867784
noisy_sir_overfit_risk,68,gic_pred,sir,sir,1,0.8251458806888934,1.4247155576151194
noisy_sir_overfit_risk,68,gic_evid,sir,sir,1,1.115549613814295,1.2157819896977502
noisy_sir_overfit_risk,68,gic_eff_logn,sir,sir,1,1.5110841820229979,1.2768953694779717
noisy_sir_overfit_risk,69,aic,sir,sir,1,2.3653187842425183,0.8093585007248006
noisy_sir_overfit_risk,69,aicc,sir,sir,1,2.863780322704045,0.6826032310474411
noisy_sir_overfit_risk,69,bic,sir,sir,1,3.732614614228993,0.5158044123910952
noisy_sir_overfit_risk,69,gic_pred,sir,sir,1,0.6333215448378837,1.3683590707416389
noisy_sir_overfit_risk,69,gic_evid,sir,sir,1,0.46694569742349756,1.1812371515948044
noisy_sir_overfit_risk,69,gic_eff_logn,sir,sir,1,1.0812242327935593,1.2438962060301728
noisy_sir_overfit_risk,70,aic,sir,sir,1,1.1705494761413888,0.9191332427617953
noisy_sir_overfit_risk,70,aicc,sir,sir,1,1.6690110146029156,0.8131013113505027
noisy_sir_overfit_risk,70,bic,sir,sir,1,2.5378453061278634,0.6588601072768725
noisy_sir_overfit_risk,70,gic_pred,sir,sir,1,0.9438712190465424,1.4197377365255592
noisy_sir_overfit_risk,70,gic_evid,sir,sir,1,0.9071144844210579,1.1989837396639964
noisy_sir_overfit_risk,70,gic_eff_logn,sir,sir,1,1.9277406302515487,1.273612430899847
noisy_sir_overfit_risk,71,aic,sir,sir,1,0.4379600623795028,0.9703900720865071
noisy_sir_overfit_risk,71,aicc,sir,sir,1,0.9364216008410295,0.8835390755393044
noisy_sir_overfit_risk,71,bic,sir,sir,1,1.8052558923659774,0.7499446796350223
noisy_sir_overfit_risk,71,gic_pred,sir,seir,0,1.3529550014599039,1.3320358009026405
noisy_sir_overfit_risk,71,gic_evid,sir,seir,0,1.0827796645508414,1.1665644813442992
noisy_sir_overfit_risk,71,gic_eff_logn,sir,seir,0,1.2100145207972304,1.188211664710082
noisy_sir_overfit_risk,72,aic,sir,sir,1,0.3456681498289669,0.9329703437990836
noisy_sir_overfit_risk,72,aicc,sir,sir,1,0.8441296882904936,0.8533809853371114
noisy_sir_overfit_risk,72,bic,sir,sir,1,1.7129639798154415,0.7316525513585667
noisy_sir_overfit_risk,72,gic_pred,sir,sir,1,0.11588802130064835,1.406877979702967
noisy_sir_overfit_risk,72,gic_evid,sir,sir,1,0.5722715262467659,1.242650404656742
noisy_sir_overfit_risk,72,gic_eff_logn,sir,sir,1,1.3260951455118715,1.3105821959060144
noisy_sir_overfit_risk,73,aic,sir,seir,0,0.9955088795408358,0.9763537182319221
noisy_sir_overfit_risk,73,aicc,sir,seir,0,0.49704734107930904,0.9321385211993719
noisy_sir_overfit_risk,73,bic,sir,sir,1,0.3717869504456388,0.8672666507881006
noisy_sir_overfit_risk,73,gic_pred,sir,seir,0,0.6548389939091663,1.3687782883971595
noisy_sir_overfit_risk,73,gic_evid,sir,ude_sir_h2,0,0.0010926974002245515,1.3248506159425801
noisy_sir_overfit_risk,73,gic_eff_logn,sir,sir,1,0.06152539447776917,1.3711084206393294
noisy_sir_overfit_risk,74,aic,sir,sir,1,1.8618145344467933,0.8710508625015028
noisy_sir_overfit_risk,74,aicc,sir,sir,1,2.36027607290832,0.7495817567299005
noisy_sir_overfit_risk,74,bic,sir,sir,1,3.229110364433268,0.5821828666897295
noisy_sir_overfit_risk,74,gic_pred,sir,sir,1,1.1030881080897075,1.3634063857999394
noisy_sir_overfit_risk,74,gic_evid,sir,sir,1,0.9499096906546214,1.1576413689606997
noisy_sir_overfit_risk,74,gic_eff_logn,sir,sir,1,1.9804391780570967,1.2038806662389414
noisy_sir_overfit_risk,75,aic,sir,sir,1,1.4448064192572332,0.9670455251030173
noisy_sir_overfit_risk,75,aicc,sir,sir,1,1.94326795771876,0.850818230064773
noisy_sir_overfit_risk,75,bic,sir,sir,1,2.8121022492437078,0.6770427095692939
noisy_sir_overfit_risk,75,gic_pred,sir,sir,1,0.3464675020895527,1.4118261779947026
noisy_sir_overfit_risk,75,gic_evid,sir,sir,1,0.6518420002692125,1.2000353861130493
noisy_sir_overfit_risk,75,gic_eff_logn,sir,sir,1,1.4683880349213894,1.3004489147892393
noisy_sir_overfit_risk,76,aic,sir,sir,1,2.48202104472945,0.8382503771644714
noisy_sir_overfit_risk,76,aicc,sir,sir,1,2.9804825831909767,0.7051195824006419
noisy_sir_overfit_risk,76,bic,sir,sir,1,3.8493168747159245,0.5285765779427427
noisy_sir_overfit_risk,76,gic_pred,sir,sir,1,1.064166617722762,1.4610359768561483
noisy_sir_overfit_risk,76,gic_evid,sir,sir,1,1.06082781252816,1.1181186763876512
noisy_sir_overfit_risk,76,gic_eff_logn,sir,sir,1,2.0603789318653156,1.2941531218001823
noisy_sir_overfit_risk,77,aic,sir,seir,0,2.039006025368792,0.7085369349117977
noisy_sir_overfit_risk,77,aicc,sir,seir,0,2.7456726920354697,0.6683668911175588
noisy_sir_overfit_risk,77,bic,sir,seir,0,3.4063018553552666,0.6620260412438695
noisy_sir_overfit_risk,77,gic_pred,sir,seir,0,0.1299067455105387,1.1618728218419359
noisy_sir_overfit_risk,77,gic_evid,sir,ude_sir_h2,0,0.23144907666792847,1.1992366787431772
noisy_sir_overfit_risk,77,gic_eff_logn,sir,seir,0,0.1920508333068227,1.196232413636509
noisy_sir_overfit_risk,78,aic,sir,sir,1,0.3521828438392447,0.996427645334284
noisy_sir_overfit_risk,78,aicc,sir,sir,1,0.8506443823007714,0.9110935415891028
noisy_sir_overfit_risk,78,bic,sir,sir,1,1.7194786738257193,0.7767832660190139
noisy_sir_overfit_risk,78,gic_pred,sir,seir,0,0.3571484160676732,1.389576152478538
noisy_sir_overfit_risk,78,gic_evid,sir,seir,0,0.27712015340635787,1.2766059498034537
noisy_sir_overfit_risk,78,gic_eff_logn,sir,sir,1,0.5252145770439114,1.3294022728387427
noisy_sir_overfit_risk,79,aic,sir,sir,1,2.537281753839437,0.7913391373649652
noisy_sir_overfit_risk,79,aicc,sir,sir,1,3.035743292300964,0.6629354510017944
noisy_sir_overfit_risk,79,bic,sir,sir,1,3.904577583825912,0.49635603922720556
noisy_sir_overfit_risk,79,gic_pred,sir,sir,1,0.00010113456310989477,1.3740809319684368
noisy_sir_overfit_risk,79,gic_evid,sir,sir,1,0.05626574347459723,1.1249192647108837
noisy_sir_overfit_risk,79,gic_eff_logn,sir,sir,1,0.00017505439976162052,1.2204485420117042
regular_sir_full,0,aic,sir,sir,1,3.398711212351145,0.4347473805996701
regular_sir_full,0,aicc,sir,sir,1,3.7436589475428264,0.3936368667609133
regular_sir_full,0,bic,sir,sir,1,8.330527449660394,0.07908614433515
regular_sir_full,0,gic_pred,sir,sir,1,2.0703462991045853,0.8735838663137991
regular_sir_full,0,gic_evid,sir,sir,1,8.537740395144965,0.08261831007860956
regular_sir_full,0,gic_eff_logn,sir,sir,1,8.288109489767635,0.1499931158887973
regular_sir_full,1,aic,sir,tv_sir,0,0.3253728425341933,0.6963534346648965
regular_sir_full,1,aicc,sir,sir,1,0.019574892657487908,0.6947143876088643
regular_sir_full,1,bic,sir,sir,1,4.606443394775056,0.30451544150449017
regular_sir_full,1,gic_pred,sir,ude_sir_h2,0,1.3547848894294248,1.0441731288899652
regular_sir_full,1,gic_evid,sir,sir,1,6.1912456507221805,0.2229836880004842
regular_sir_full,1,gic_eff_logn,sir,sir,1,2.9311815159165917,0.716273956511072
regular_sir_full,2,aic,sir,sir,1,3.4378041686728693,0.42743583301963123
regular_sir_full,2,aicc,sir,sir,1,3.7827519038645505,0.38872843403293744
regular_sir_full,2,bic,sir,sir,1,8.369620405982118,0.07786903318283979
regular_sir_full,2,gic_pred,sir,sir,1,1.6668026966298157,0.8955036625407133
regular_sir_full,2,gic_evid,sir,sir,1,4.00067984988641,0.37410267791271284
regular_sir_full,2,gic_eff_logn,sir,sir,1,4.286596305748162,0.40380556752963276
regular_sir_full,3,aic,sir,sir,1,3.555979665876862,0.41437151509753833
regular_sir_full,3,aicc,sir,sir,1,3.900927401068543,0.37607506195341317
regular_sir_full,3,bic,sir,sir,1,8.487795903186111,0.07429432042825643
regular_sir_full,3,gic_pred,sir,sir,1,2.632830150926452,0.8201898487909492
regular_sir_full,3,gic_evid,sir,sir,1,6.553724562370007,0.16535156953893368
regular_sir_full,3,gic_eff_logn,sir,sir,1,6.361612276945152,0.23847067665046523
regular_sir_full,4,aic,sir,sir,1,1.9798020598512949,0.5875885048992963
regular_sir_full,4,aicc,sir,sir,1,2.324749795042976,0.5498307050127273
regular_sir_full,4,bic,sir,sir,1,6.911618297160544,0.13680849293021488
regular_sir_full,4,gic_pred,sir,sir,1,1.9610355096259582,0.9591380441733177
regular_sir_full,4,gic_evid,sir,sir,1,9.14788746198144,0.07475337684727464
regular_sir_full,4,gic_eff_logn,sir,sir,1,6.869713452655446,0.1991946430756528
regular_sir_full,5,aic,sir,sir,1,3.6625377996239195,0.40462706542774673
regular_sir_full,5,aicc,sir,sir,1,4.007485534815601,0.3652631178384294
regular_sir_full,5,bic,sir,sir,1,8.594354036933169,0.07120169819923905
regular_sir_full,5,gic_pred,sir,sir,1,2.293354149705351,0.837145708257013
regular_sir_full,5,gic_evid,sir,sir,1,7.83055334403025,0.10524337365939812
regular_sir_full,5,gic_eff_logn,sir,sir,1,8.201092554350453,0.15363313129600395
regular_sir_full,6,aic,sir,sir,1,0.22733388634253515,0.6942909708966228
regular_sir_full,6,aicc,sir,sir,1,0.5722816215342164,0.6836718032552342
regular_sir_full,6,bic,sir,sir,1,5.159150123651784,0.25483913206948156
regular_sir_full,6,gic_pred,sir,ude_sir_h2,0,0.3534481993879126,1.0944242071899815
regular_sir_full,6,gic_evid,sir,sir,1,3.495616999388517,0.45297624164237427
regular_sir_full,6,gic_eff_logn,sir,sir,1,3.205261708675039,0.6533930775935215
regular_sir_full,7,aic,sir,sir,1,3.4316896435389026,0.4281459818479763
regular_sir_full,7,aicc,sir,sir,1,3.776637378730584,0.38939464397714135
regular_sir_full,7,bic,sir,sir,1,8.363505880848152,0.0780582380653926
regular_sir_full,7,gic_pred,sir,sir,1,1.554364691450246,0.9020616116817481
regular_sir_full,7,gic_evid,sir,sir,1,3.8126417731652964,0.39359241075020457
regular_sir_full,7,gic_eff_logn,sir,sir,1,4.106777737729885,0.4214911420799037
regular_sir_full,8,aic,sir,sir,1,3.229318946349281,0.4508292356015963
regular_sir_full,8,aicc,sir,sir,1,3.574266681540962,0.4114530024697866
regular_sir_full,8,bic,sir,sir,1,8.16113518365853,0.0845638598712668
regular_sir_full,8,gic_pred,sir,sir,1,1.5236633315482777,0.9189842171760663
regular_sir_full,8,gic_evid,sir,sir,1,4.130145395804902,0.3610487657814213
regular_sir_full,8,gic_eff_logn,sir,sir,1,4.385128300106203,0.4001119964773263
regular_sir_full,9,aic,sir,tv_sir,0,7.142625241605174,0.13139188317543424
regular_sir_full,9,aicc,sir,tv_sir,0,6.797677506413493,0.1443081435257311
regular_sir_full,9,bic,sir,tv_sir,0,2.2108090042959248,0.5609357697073691
regular_sir_full,9,gic_pred,sir,tv_sir,0,0.32861085891090625,0.7568958090408735
regular_sir_full,9,gic_evid,sir,sir,1,0.5931820774850394,0.9788217162303158
regular_sir_full,9,gic_eff_logn,sir,tv_sir,0,0.290800037195595,1.0075775966730505
regular_sir_full,10,aic,sir,sir,1,3.3567183269823317,0.4364089497537786
regular_sir_full,10,aicc,sir,sir,1,3.701666062174013,0.3974882642505592
regular_sir_full,10,bic,sir,sir,1,8.28853456429158,0.08041274097991079
regular_sir_full,10,gic_pred,sir,sir,1,1.699294960259067,0.9051566738554884
regular_sir_full,10,gic_evid,sir,sir,1,3.78830439982562,0.39651603192944457
regular_sir_full,10,gic_eff_logn,sir,sir,1,4.2530709478562585,0.409201841739593
regular_sir_full,11,aic,sir,sir,1,3.927620915129296,0.3740278147060361
regular_sir_full,11,aicc,sir,sir,1,4.272568650320977,0.3374929885043536
regular_sir_full,11,bic,sir,sir,1,8.859437152438545,0.06401835030898029
regular_sir_full,11,gic_pred,sir,sir,1,1.7588849086830578,0.8549158633987612
regular_sir_full,11,gic_evid,sir,sir,1,2.1173621208727127,0.576245590816446
regular_sir_full,11,gic_eff_logn,sir,sir,1,3.9356845671018164,0.4267781486184804
regular_sir_full,12,aic,sir,tv_sir,0,0.41086946500081467,0.6910815238507811
regular_sir_full,12,aicc,sir,tv_sir,0,0.06592172980913347,0.6937782695177442
regular_sir_full,12,bic,sir,sir,1,4.5209467723084344,0.31271429323055133
regular_sir_full,12,gic_pred,sir,tv_sir,0,0.08250171703843989,1.0982972964998945
regular_sir_full,12,gic_evid,sir,sir,1,5.237331832803648,0.29197322273792947
regular_sir_full,12,gic_eff_logn,sir,sir,1,4.021510300153636,0.6247521023198987
regular_sir_full,13,aic,sir,sir,1,1.6171299298824806,0.6216693199126612
regular_sir_full,13,aicc,sir,sir,1,1.9620776650741618,0.5868391003269539
regular_sir_full,13,bic,sir,sir,1,6.54894616719173,0.1565174250565863
regular_sir_full,13,gic_pred,sir,sir,1,1.5967582761987842,1.0241152708496721
regular_sir_full,13,gic_evid,sir,sir,1,8.825818619522408,0.08727772726509764
regular_sir_full,13,gic_eff_logn,sir,sir,1,6.503457200403432,0.2280446841806652
regular_sir_full,14,aic,sir,sir,1,3.5197778895519605,0.4185410329510445
regular_sir_full,14,aicc,sir,sir,1,3.8647256247436417,0.37996182304574866
regular_sir_full,14,bic,sir,sir,1,8.45159412686121,0.07537297554821672
regular_sir_full,14,gic_pred,sir,sir,1,2.433125687452275,0.8537719928441093
regular_sir_full,14,gic_evid,sir,sir,1,6.400306231435934,0.17470535175448876
regular_sir_full,14,gic_eff_logn,sir,sir,1,6.1556526743880795,0.2520750437017679
regular_sir_full,15,aic,sir,sir,1,1.7355622538086664,0.6090052973936777
regular_sir_full,15,aicc,sir,sir,1,2.0805099890003476,0.5746231784515046
regular_sir_full,15,bic,sir,sir,1,6.6673784911179155,0.1498303675260705
regular_sir_full,15,gic_pred,sir,sir,1,1.7159474109867006,1.0021111002426928
regular_sir_full,15,gic_evid,sir,sir,1,7.704894950720586,0.12145435513567085
regular_sir_full,15,gic_eff_logn,sir,sir,1,6.173101369171377,0.32070639356641717
regular_sir_full,16,aic,sir,tv_sir,0,1.2757115807351056,0.6518031008243255
regular_sir_full,16,aicc,sir,tv_sir,0,0.9307638455434244,0.6685520762053565
regular_sir_full,16,bic,sir,sir,1,3.6561046565741435,0.4021778272796955
regular_sir_full,16,gic_pred,sir,ude_sir_h2,0,1.1654205119223207,0.985834186916615
regular_sir_full,16,gic_evid,sir,sir,1,5.536996548348952,0.28706350286799265
regular_sir_full,16,gic_eff_logn,sir,sir,1,2.1979421625911755,0.8463473312163676
regular_sir_full,17,aic,sir,sir,1,3.2296825333610286,0.4507071554172347
regular_sir_full,17,aicc,sir,sir,1,3.57463026855271,0.4113949172932452
regular_sir_full,17,bic,sir,sir,1,8.161498770670278,0.0845517352985491
regular_sir_full,17,gic_pred,sir,sir,1,1.421348677845458,0.9232242827653122
regular_sir_full,17,gic_evid,sir,sir,1,3.7773857566888864,0.3982258401177253
regular_sir_full,17,gic_eff_logn,sir,sir,1,4.000384591752891,0.43761697278233735
regular_sir_full,18,aic,sir,sir,1,3.6617962914551754,0.4051079749700079
regular_sir_full,18,aicc,sir,sir,1,4.006744026646857,0.3654330357631818
regular_sir_full,18,bic,sir,sir,1,8.593612528764424,0.07122281874965299
regular_sir_full,18,gic_pred,sir,sir,1,2.320774537106672,0.8363948218385764
regular_sir_full,18,gic_evid,sir,sir,1,8.52246331366797,0.08200669841991992
regular_sir_full,18,gic_eff_logn,sir,sir,1,8.551469783146445,0.14193488396530274
regular_sir_full,19,aic,sir,sir,1,2.6000504603327954,0.5213950236893613
regular_sir_full,19,aicc,sir,sir,1,2.9449981955244766,0.4816356116492513
regular_sir_full,19,bic,sir,sir,1,7.5318666976420445,0.10807665342440845
regular_sir_full,19,gic_pred,sir,sir,1,0.6427160331359119,1.003759264869155
regular_sir_full,19,gic_evid,sir,sir,1,3.3681169517851686,0.4458037002584928
regular_sir_full,19,gic_eff_logn,sir,sir,1,3.3409200845113673,0.5246412723717232
regular_sir_full,20,aic,sir,sir,1,3.4798024857881273,0.4227795858454023
regular_sir_full,20,aicc,sir,sir,1,3.8247502209798085,0.38421235950910526
regular_sir_full,20,bic,sir,sir,1,8.411618723097376,0.07658083945956955
regular_sir_full,20,gic_pred,sir,sir,1,1.6143415915793184,0.8953340091163295
regular_sir_full,20,gic_evid,sir,sir,1,3.8848027575031665,0.38602158874059966
regular_sir_full,20,gic_eff_logn,sir,sir,1,4.140112317664716,0.41697029970480787
regular_sir_full,21,aic,sir,tv_sir,0,0.3191446819907924,0.7029579016589705
regular_sir_full,21,aicc,sir,sir,1,0.025803053200888826,0.6961399509443601
regular_sir_full,21,bic,sir,sir,1,4.612671555318457,0.30392378042961066
regular_sir_full,21,gic_pred,sir,ude_sir_h2,0,0.9463842312480892,1.1953517411677599
regular_sir_full,21,gic_evid,sir,sir,1,6.194276869538044,0.2237174131831641
regular_sir_full,21,gic_eff_logn,sir,sir,1,4.5694252052684305,0.5011178382692864
regular_sir_full,22,aic,sir,sir,1,1.396146037523181,0.6376796970779762
regular_sir_full,22,aicc,sir,sir,1,1.741093772714862,0.6071373386842797
regular_sir_full,22,bic,sir,sir,1,6.32796227483243,0.1696689619925579
regular_sir_full,22,gic_pred,sir,sir,1,0.4490022561379874,1.0617891787455094
regular_sir_full,22,gic_evid,sir,sir,1,3.1827303112377194,0.4743120289237762
regular_sir_full,22,gic_eff_logn,sir,sir,1,3.414573407971943,0.5662821487442219
regular_sir_full,23,aic,sir,sir,1,2.221129022696232,0.5654401665735892
regular_sir_full,23,aicc,sir,sir,1,2.566076757887913,0.524435819717833
regular_sir_full,23,bic,sir,sir,1,7.152945260005481,0.12491667298795936
regular_sir_full,23,gic_pred,sir,sir,1,0.8806411816741502,1.0100162653218807
regular_sir_full,23,gic_evid,sir,sir,1,6.913078343895222,0.15344573006827253
regular_sir_full,23,gic_eff_logn,sir,sir,1,7.04314984676364,0.25096553825211093
regular_sir_full,24,aic,sir,sir,1,3.7486708218172,0.3932858927293978
regular_sir_full,24,aicc,sir,sir,1,4.093618557008881,0.35582359195135865
regular_sir_full,24,bic,sir,sir,1,8.680487059126449,0.06878933914788675
regular_sir_full,24,gic_pred,sir,sir,1,2.6063204480900595,0.8060578343410068
regular_sir_full,24,gic_evid,sir,sir,1,6.109902335323227,0.191902839615233
regular_sir_full,24,gic_eff_logn,sir,sir,1,6.109788776915252,0.24871855751625968
regular_sir_full,25,aic,sir,sir,1,2.759930637251614,0.5051884401309005
regular_sir_full,25,aicc,sir,sir,1,3.104878372443295,0.46409175944213477
regular_sir_full,25,bic,sir,sir,1,7.691746874560863,0.10160116185709954
regular_sir_full,25,gic_pred,sir,sir,1,2.3055512706106356,0.9046035265075412
regular_sir_full,25,gic_evid,sir,sir,1,8.88433970980708,0.07666943936564628
regular_sir_full,25,gic_eff_logn,sir,sir,1,7.64813949719894,0.1705211176488633
regular_sir_full,26,aic,sir,sir,1,2.422251689703444,0.5407001319946348
regular_sir_full,26,aicc,sir,sir,1,2.767199424895125,0.5014627349286719
regular_sir_full,26,bic,sir,sir,1,7.354067927012693,0.11570934352456128
regular_sir_full,26,gic_pred,sir,sir,1,2.403174120044696,0.8431358059636752
regular_sir_full,26,gic_evid,sir,sir,1,10.39699201191388,0.04917234759219989
regular_sir_full,26,gic_eff_logn,sir,sir,1,7.311468590400864,0.15797745124388646
regular_sir_full,27,aic,sir,sir,1,3.8056482146890858,0.38715739745073263
regular_sir_full,27,aicc,sir,sir,1,4.150595949880767,0.3499438055519217
regular_sir_full,27,bic,sir,sir,1,8.737464451998335,0.06723553205441087
regular_sir_full,27,gic_pred,sir,sir,1,1.7898876758509914,0.8615930768798272
regular_sir_full,27,gic_evid,sir,sir,1,3.775345492133397,0.39647161310330614
regular_sir_full,27,gic_eff_logn,sir,sir,1,4.3052687177679445,0.392770217767816
regular_sir_full,28,aic,sir,sir,1,3.673681846715567,0.4013344121110125
regular_sir_full,28,aicc,sir,sir,1,4.018629581907248,0.3636183487275088
regular_sir_full,28,bic,sir,sir,1,8.605498084024816,0.0708851494119463
regular_sir_full,28,gic_pred,sir,sir,1,1.9711873890478273,0.8593738166953921
regular_sir_full,28,gic_evid,sir,sir,1,3.489496034817307,0.4279026949773705
regular_sir_full,28,gic_eff_logn,sir,sir,1,4.4918328342400855,0.37817912021243594
regular_sir_full,29,aic,sir,sir,1,3.2059310879976692,0.45355319064365524
regular_sir_full,29,aicc,sir,sir,1,3.5508788231893504,0.41404863809838544
regular_sir_full,29,bic,sir,sir,1,8.137747325306918,0.08534691816361846
regular_sir_full,29,gic_pred,sir,sir,1,2.361536189846902,0.8668134980518282
regular_sir_full,29,gic_evid,sir,sir,1,7.2312678491269935,0.1319605740195613
regular_sir_full,29,gic_eff_logn,sir,sir,1,6.473430819990995,0.24247525826978028
regular_sir_full,30,aic,sir,sir,1,3.529338539239461,0.41831918263854007
regular_sir_full,30,aicc,sir,sir,1,3.8742862744311424,0.3791447554292654
regular_sir_full,30,bic,sir,sir,1,8.46115477654871,0.07508675286385433
regular_sir_full,30,gic_pred,sir,sir,1,3.2058298248566643,0.7736077309317619
regular_sir_full,30,gic_evid,sir,sir,1,9.03759052948135,0.06886430038090441
regular_sir_full,30,gic_eff_logn,sir,sir,1,8.418852595408339,0.12806731699398222
regular_sir_full,31,aic,sir,sir,1,3.8512931062107327,0.38214722672116597
regular_sir_full,31,aicc,sir,sir,1,4.196240841402414,0.3452400528839774
regular_sir_full,31,bic,sir,sir,1,8.783109343519982,0.06601436704212515
regular_sir_full,31,gic_pred,sir,sir,1,1.738036258134457,0.8616766254060513
regular_sir_full,31,gic_evid,sir,sir,1,2.0498362551913942,0.58314862852131
regular_sir_full,31,gic_eff_logn,sir,sir,1,3.8885879411914175,0.43327974019894944
regular_sir_full,32,aic,sir,sir,1,2.2535131603078753,0.5583777991511967
regular_sir_full,32,aicc,sir,sir,1,2.5984608954995565,0.5200194741108876
regular_sir_full,32,bic,sir,sir,1,7.185329397617124,0.12339170097957922
regular_sir_full,32,gic_pred,sir,sir,1,0.5894556175906018,1.010957254756431
regular_sir_full,32,gic_evid,sir,sir,1,3.401447135386661,0.4440883470929903
regular_sir_full,32,gic_eff_logn,sir,sir,1,3.3212448827800927,0.5388523963943843
regular_sir_full,33,aic,sir,sir,1,2.4144855964598264,0.5414576838940554
regular_sir_full,33,aicc,sir,sir,1,2.7594333316515076,0.5023064052883225
regular_sir_full,33,bic,sir,sir,1,7.3463018337690755,0.11605339430122658
regular_sir_full,33,gic_pred,sir,sir,1,2.394419526314323,0.850548405534381
regular_sir_full,33,gic_evid,sir,sir,1,9.266386364532423,0.0701107565237705
regular_sir_full,33,gic_eff_logn,sir,sir,1,7.301495220982815,0.163631265221398
regular_sir_full,34,aic,sir,sir,1,3.153955274271084,0.45923730212005504
regular_sir_full,34,aicc,sir,sir,1,3.498903009462765,0.41974556701923194
regular_sir_full,34,bic,sir,sir,1,8.085771511580333,0.08711091865543576
regular_sir_full,34,gic_pred,sir,sir,1,2.027478827280902,0.894363237913096
regular_sir_full,34,gic_evid,sir,sir,1,5.528880104428708,0.2355419439508053
regular_sir_full,34,gic_eff_logn,sir,sir,1,5.497149359236801,0.3080547767551387
regular_sir_full,35,aic,sir,sir,1,3.9139848495859724,0.37550063395533295
regular_sir_full,35,aicc,sir,sir,1,4.258932584777654,0.33887644179173165
regular_sir_full,35,bic,sir,sir,1,8.845801086895221,0.06437076609553687
regular_sir_full,35,gic_pred,sir,sir,1,1.892623859134119,0.847336852684845
regular_sir_full,35,gic_evid,sir,sir,1,3.265157116443447,0.4521866923526331
regular_sir_full,35,gic_eff_logn,sir,sir,1,4.305307629307663,0.3903143652290112
regular_sir_full,36,aic,sir,tv_sir,0,0.2378126533391196,0.6953779968836522
regular_sir_full,36,aicc,sir,sir,1,0.1071350818525616,0.6937574631262791
regular_sir_full,36,bic,sir,sir,1,4.6940035839701295,0.2962566575418983
regular_sir_full,36,gic_pred,sir,ude_sir_h2,0,1.2094696140280803,1.0436300943871273
regular_sir_full,36,gic_evid,sir,sir,1,2.3213087262491854,0.5855182279193143
regular_sir_full,36,gic_eff_logn,sir,sir,1,2.06068117050404,0.783942824704956
regular_sir_full,37,aic,sir,sir,1,1.9697972718488472,0.5878084694292108
regular_sir_full,37,aicc,sir,sir,1,2.3147450070405284,0.5507049943213732
regular_sir_full,37,bic,sir,sir,1,6.901613509158096,0.13732186710674749
regular_sir_full,37,gic_pred,sir,sir,1,1.949634415270225,0.9250389206469676
regular_sir_full,37,gic_evid,sir,sir,1,9.379724998501388,0.07102801183210336
regular_sir_full,37,gic_eff_logn,sir,sir,1,6.856590776713119,0.19061126436251175
regular_sir_full,38,aic,sir,sir,1,2.829949224426855,0.4953195531532799
regular_sir_full,38,aicc,sir,sir,1,3.174896959618536,0.4557687742929243
regular_sir_full,38,bic,sir,sir,1,7.761765461736104,0.09887669402962422
regular_sir_full,38,gic_pred,sir,sir,1,1.7334962260642897,0.9361067929887388
regular_sir_full,38,gic_evid,sir,sir,1,4.482846521177976,0.3278840583420912
regular_sir_full,38,gic_eff_logn,sir,sir,1,4.665213899714672,0.38687823284069744
regular_sir_full,39,aic,sir,sir,1,1.1956878456695677,0.6521005756319439
regular_sir_full,39,aicc,sir,sir,1,1.5406355808612489,0.6245313449074789
regular_sir_full,39,bic,sir,sir,1,6.127504082978817,0.18238147030395713
regular_sir_full,39,gic_pred,sir,sir,1,1.1757018820002259,0.9604966192974884
regular_sir_full,39,gic_evid,sir,sir,1,8.592238733197632,0.09750140703961992
regular_sir_full,39,gic_eff_logn,sir,sir,1,6.0828763442737,0.25501027009734634
regular_sir_full,40,aic,sir,sir,1,1.0147885912306265,0.664894749563482
regular_sir_full,40,aicc,sir,sir,1,1.3597363264223077,0.6392327574646416
regular_sir_full,40,bic,sir,sir,1,5.946604828539876,0.19451112445752866
regular_sir_full,40,gic_pred,sir,sir,1,0.9954446696399373,1.004108164758627
regular_sir_full,40,gic_evid,sir,sir,1,9.061643788834203,0.08635109642848039
regular_sir_full,40,gic_eff_logn,sir,sir,1,5.903410740300501,0.25814300928039596
regular_sir_full,41,aic,sir,sir,1,2.7079084795502695,0.5090493155765489
regular_sir_full,41,aicc,sir,sir,1,3.0528562147419507,0.46947371437481694
regular_sir_full,41,bic,sir,sir,1,7.639724716859519,0.10366879341300729
regular_sir_full,41,gic_pred,sir,sir,1,1.398575021351462,0.9610938148438565
regular_sir_full,41,gic_evid,sir,sir,1,4.24222835865362,0.35217896961758843
regular_sir_full,41,gic_eff_logn,sir,sir,1,4.351478904386909,0.41981336061196317
regular_sir_full,42,aic,sir,sir,1,3.2262845754912632,0.4510720861227466
regular_sir_full,42,aicc,sir,sir,1,3.5712323106829444,0.41176479970391194
regular_sir_full,42,bic,sir,sir,1,8.158100812800512,0.0846650778816711
regular_sir_full,42,gic_pred,sir,sir,1,1.5695958945950679,0.9159773180170603
regular_sir_full,42,gic_evid,sir,sir,1,4.036051923917739,0.37091482309074675
regular_sir_full,42,gic_eff_logn,sir,sir,1,4.304263150734869,0.4079165518365694
regular_sir_full,43,aic,sir,sir,1,3.91178867576582,0.3774531367544599
regular_sir_full,43,aicc,sir,sir,1,4.256736410957501,0.33949083540466307
regular_sir_full,43,bic,sir,sir,1,8.843604913075069,0.06442776387105643
regular_sir_full,43,gic_pred,sir,sir,1,2.776143225692749,0.7796996974151542
regular_sir_full,43,gic_evid,sir,sir,1,8.62339787146044,0.07829552549260715
regular_sir_full,43,gic_eff_logn,sir,sir,1,8.800939382063348,0.12704294171374164
regular_sir_full,44,aic,sir,sir,1,3.9318366213200306,0.3736346351441157
regular_sir_full,44,aicc,sir,sir,1,4.276784356511712,0.3370718827059504
regular_sir_full,44,bic,sir,sir,1,8.86365285862928,0.06390976286049847
regular_sir_full,44,gic_pred,sir,sir,1,1.7953234011478116,0.8629321337572233
regular_sir_full,44,gic_evid,sir,sir,1,2.3076435277682776,0.5567675260041987
regular_sir_full,44,gic_eff_logn,sir,sir,1,4.020877278501075,0.41807669941149694
regular_sir_full,45,aic,sir,sir,1,1.201425899026276,0.6557724281579878
regular_sir_full,45,aicc,sir,sir,1,1.5463736342179573,0.6250331570903629
regular_sir_full,45,bic,sir,sir,1,6.133242136335525,0.18200725055323708
regular_sir_full,45,gic_pred,sir,ude_sir_h2,0,0.8071347876576738,1.027225125168227
regular_sir_full,45,gic_evid,sir,sir,1,7.034885884036385,0.15611683826121997
regular_sir_full,45,gic_eff_logn,sir,sir,1,3.777585452595872,0.5406338490181184
regular_sir_full,46,aic,sir,sir,1,2.9138364202040066,0.4863717189365446
regular_sir_full,46,aicc,sir,sir,1,3.2587841553956878,0.44646560894625964
regular_sir_full,46,bic,sir,sir,1,7.845652657513256,0.0956996786060002
regular_sir_full,46,gic_pred,sir,sir,1,1.9309620774901077,0.9430567426862388
regular_sir_full,46,gic_evid,sir,sir,1,5.630845451330401,0.22851682596427247
regular_sir_full,46,gic_eff_logn,sir,sir,1,5.622829659550462,0.30677549299922535
regular_sir_full,47,aic,sir,sir,1,0.8540190484784489,0.673652024353705
regular_sir_full,47,aicc,sir,sir,1,1.19896678367013,0.6508193993378636
regular_sir_full,47,bic,sir,sir,1,5.785835285787698,0.20582555157419524
regular_sir_full,47,gic_pred,sir,ude_sir_h2,0,0.35844063839283535,1.074244457163597
regular_sir_full,47,gic_evid,sir,sir,1,2.827843814350217,0.5167795334190781
regular_sir_full,47,gic_eff_logn,sir,sir,1,2.875496211510608,0.6471864044308709
regular_sir_full,48,aic,sir,sir,1,3.2782277149101446,0.44503583768630206
regular_sir_full,48,aicc,sir,sir,1,3.623175450101826,0.4060190603142694
regular_sir_full,48,bic,sir,sir,1,8.210043952219394,0.08294753877509056
regular_sir_full,48,gic_pred,sir,sir,1,2.5189456138932655,0.8494144424913482
regular_sir_full,48,gic_evid,sir,sir,1,5.782094000140432,0.21614913475247144
regular_sir_full,48,gic_eff_logn,sir,sir,1,5.878106109311034,0.2771584318456974
regular_sir_full,49,aic,sir,sir,1,3.98007565142359,0.368527330888684
regular_sir_full,49,aicc,sir,sir,1,4.325023386615271,0.33223110551118545
regular_sir_full,49,bic,sir,sir,1,8.911891888732839,0.06267939662034662
regular_sir_full,49,gic_pred,sir,sir,1,1.9376997848906967,0.8400915336268868
regular_sir_full,49,gic_evid,sir,sir,1,3.442345393229516,0.43218333166194867
regular_sir_full,49,gic_eff_logn,sir,sir,1,4.420697454809897,0.37771971150998024
regular_sir_full,50,aic,sir,sir,1,3.297691228423105,0.4429166205280582
regular_sir_full,50,aicc,sir,sir,1,3.642638963614786,0.40390425290418097
regular_sir_full,50,bic,sir,sir,1,8.229507465732354,0.08231223505733799
regular_sir_full,50,gic_pred,sir,sir,1,2.6663492287187864,0.8363753460859948
regular_sir_full,50,gic_evid,sir,sir,1,6.482588724108382,0.17072288905407101
regular_sir_full,50,gic_eff_logn,sir,sir,1,6.329642046733625,0.24796814300908085
regular_sir_full,51,aic,sir,tv_sir,0,0.14634366337259053,0.6982361793280314
regular_sir_full,51,aicc,sir,sir,1,0.19860407181909068,0.6933241301777073
regular_sir_full,51,bic,sir,sir,1,4.785472573936659,0.28778238925628724
regular_sir_full,51,gic_pred,sir,ude_sir_h2,0,1.2356970771520537,1.045580637208481
regular_sir_full,51,gic_evid,sir,sir,1,6.396961177547496,0.2093713649909351
regular_sir_full,51,gic_eff_logn,sir,sir,1,3.1862669717916106,0.6804120800494443
regular_sir_full,52,aic,sir,sir,1,3.3894464987257606,0.4328159770533126
regular_sir_full,52,aicc,sir,sir,1,3.734394233917442,0.3939540712978501
regular_sir_full,52,bic,sir,sir,1,8.32126273603501,0.07937698314293393
regular_sir_full,52,gic_pred,sir,sir,1,1.6169763235404844,0.9016721192938433
regular_sir_full,52,gic_evid,sir,sir,1,3.9699391329567106,0.37737816787782624
regular_sir_full,52,gic_eff_logn,sir,sir,1,4.220703175260724,0.4114697028936406
regular_sir_full,53,aic,sir,sir,1,2.1853641380147337,0.6275508069009338
regular_sir_full,53,aicc,sir,sir,1,2.530311873206415,0.5426996784609375
regular_sir_full,53,bic,sir,sir,1,7.117180375323983,0.12662343027696568
regular_sir_full,53,gic_pred,sir,ude_sir_h2,0,3.7076640365481808,0.7814570668333615
regular_sir_full,53,gic_evid,sir,sir,1,5.669688255326605,0.23072738043837282
regular_sir_full,53,gic_eff_logn,sir,sir,1,3.739759327500906,0.5029167131626775
regular_sir_full,54,aic,sir,sir,1,2.158566554127333,0.5682246804536478
regular_sir_full,54,aicc,sir,sir,1,2.503514289319014,0.5303630193954236
regular_sir_full,54,bic,sir,sir,1,7.090382791436582,0.12790912651761108
regular_sir_full,54,gic_pred,sir,sir,1,0.5892688351846118,1.0192792555730334
regular_sir_full,54,gic_evid,sir,sir,1,3.4577315515316513,0.4378769820969244
regular_sir_full,54,gic_eff_logn,sir,sir,1,3.4129131686941037,0.532988586839423
regular_sir_full,55,aic,sir,sir,1,1.0625739506634773,0.6632585777900405
regular_sir_full,55,aicc,sir,sir,1,1.4075216858551585,0.6358644734624384
regular_sir_full,55,bic,sir,sir,1,5.994390187972726,0.1912456569117946
regular_sir_full,55,gic_pred,sir,sir,1,0.5582666018772215,1.0760721741543524
regular_sir_full,55,gic_evid,sir,sir,1,5.554598712882466,0.2490804321493279
regular_sir_full,55,gic_eff_logn,sir,sir,1,5.950116987864931,0.3704310386556943
regular_sir_full,56,aic,sir,sir,1,3.1557177682249176,0.4587959328445355
regular_sir_full,56,aicc,sir,sir,1,3.5006655034165988,0.41949538463611286
regular_sir_full,56,bic,sir,sir,1,8.087534005534167,0.08705055000066085
regular_sir_full,56,gic_pred,sir,sir,1,2.2358466150884624,0.8798238408806709
regular_sir_full,56,gic_evid,sir,sir,1,5.2489291722588405,0.25771083785900695
regular_sir_full,56,gic_eff_logn,sir,sir,1,5.440485227316003,0.3122519047270686
regular_sir_full,57,aic,sir,tv_sir,0,0.2134984850974888,0.7095815287135837
regular_sir_full,57,aicc,sir,sir,1,0.1314492500941924,0.6971545124732847
regular_sir_full,57,bic,sir,sir,1,4.71831775221176,0.2939898055942405
regular_sir_full,57,gic_pred,sir,ude_sir_h2,0,2.0605279175914575,0.9527396659057596
regular_sir_full,57,gic_evid,sir,sir,1,5.744605141350121,0.2511697070112702
regular_sir_full,57,gic_eff_logn,sir,sir,1,4.520136896964232,0.5673136973932841
regular_sir_full,58,aic,sir,sir,1,3.205206106877199,0.45765742240178764
regular_sir_full,58,aicc,sir,sir,1,3.5501538420688803,0.41506932798559765
regular_sir_full,58,bic,sir,sir,1,8.137022344186448,0.08537148011054992
regular_sir_full,58,gic_pred,sir,sir,1,1.6087485839474311,0.9155961223620077
regular_sir_full,58,gic_evid,sir,sir,1,8.881651634286754,0.07461327393576847
regular_sir_full,58,gic_eff_logn,sir,sir,1,8.092621823948889,0.16217919008526183
regular_sir_full,59,aic,sir,sir,1,2.8570014000703168,0.4924175842891744
regular_sir_full,59,aicc,sir,sir,1,3.201949135261998,0.4527682766668399
regular_sir_full,59,bic,sir,sir,1,7.788817637379566,0.09784189829077268
regular_sir_full,59,gic_pred,sir,sir,1,2.479187174927347,0.8852835017916566
regular_sir_full,59,gic_evid,sir,sir,1,7.2647130446588335,0.1323685314383471
regular_sir_full,59,gic_eff_logn,sir,sir,1,6.546448982080165,0.2502832231278689
regular_sir_full,60,aic,sir,sir,1,3.129308142249897,0.46204493337035935
regular_sir_full,60,aicc,sir,sir,1,3.4742558774415784,0.4224795626897687
regular_sir_full,60,bic,sir,sir,1,8.061124379559146,0.08795900383771947
regular_sir_full,60,gic_pred,sir,sir,1,2.2663578519455996,0.8796475621951179
regular_sir_full,60,gic_evid,sir,sir,1,6.4694566773760585,0.17204134320466657
regular_sir_full,60,gic_eff_logn,sir,sir,1,6.13233299356898,0.2652854163824619
regular_sir_full,61,aic,sir,sir,1,2.399035752646455,0.5428018693898795
regular_sir_full,61,aicc,sir,sir,1,2.743983487838136,0.5039463521075387
regular_sir_full,61,bic,sir,sir,1,7.330851989955704,0.11674054388017902
regular_sir_full,61,gic_pred,sir,sir,1,2.194696970015798,0.9385264373412487
regular_sir_full,61,gic_evid,sir,sir,1,7.70632346187881,0.11591166656719597
regular_sir_full,61,gic_eff_logn,sir,sir,1,6.498165212328672,0.270801688685648
regular_sir_full,62,aic,sir,tv_sir,0,2.407628381684617,0.5451734527843025
regular_sir_full,62,aicc,sir,tv_sir,0,2.062680646492936,0.5772312923042056
regular_sir_full,62,bic,sir,sir,1,2.524187855624632,0.5276841068319259
regular_sir_full,62,gic_pred,sir,tv_sir,0,0.003771546990947172,0.9889483012938733
regular_sir_full,62,gic_evid,sir,sir,1,6.024321218727437,0.29711568441335934
regular_sir_full,62,gic_eff_logn,sir,sir,1,2.2241954975293083,0.9292298017752787
regular_sir_full,63,aic,sir,sir,1,3.1358259830929,0.4622387231467835
regular_sir_full,63,aicc,sir,sir,1,3.4807737182845813,0.4219718802568694
regular_sir_full,63,bic,sir,sir,1,8.06764222040215,0.08773404885812676
regular_sir_full,63,gic_pred,sir,sir,1,2.734231430195109,0.8438380457011183
regular_sir_full,63,gic_evid,sir,sir,1,8.102066198558191,0.09749676914648024
regular_sir_full,63,gic_eff_logn,sir,sir,1,8.02501244745406,0.15998901047656883
regular_sir_full,64,aic,sir,sir,1,3.5987817327452376,0.4095842763125708
regular_sir_full,64,aicc,sir,sir,1,3.943729467936919,0.37151694236280847
regular_sir_full,64,bic,sir,sir,1,8.530597970054487,0.07303741217329905
regular_sir_full,64,gic_pred,sir,sir,1,2.109890652348554,0.8557121529070257
regular_sir_full,64,gic_evid,sir,sir,1,4.45635956493652,0.3270121220075916
regular_sir_full,64,gic_eff_logn,sir,sir,1,4.984046172716376,0.33611085625245274
regular_sir_full,65,aic,sir,sir,1,2.241394773144407,0.5600973082587448
regular_sir_full,65,aicc,sir,sir,1,2.586342508336088,0.5214499942395181
regular_sir_full,65,bic,sir,sir,1,7.173211010453656,0.12396038085286594
regular_sir_full,65,gic_pred,sir,sir,1,1.4111866827113317,0.9945437716838207
regular_sir_full,65,gic_evid,sir,sir,1,7.294853422525875,0.1346049744267361
regular_sir_full,65,gic_eff_logn,sir,sir,1,5.75830393682736,0.3232976431682023
regular_sir_full,66,aic,sir,sir,1,2.124281170053564,0.5714529429655668
regular_sir_full,66,aicc,sir,sir,1,2.469228905245245,0.5339951158311336
regular_sir_full,66,bic,sir,sir,1,7.056097407362813,0.12957562758438596
regular_sir_full,66,gic_pred,sir,sir,1,2.105206837699825,0.9728587972929144
regular_sir_full,66,gic_evid,sir,sir,1,7.660517635552594,0.1195051811556693
regular_sir_full,66,gic_eff_logn,sir,sir,1,6.4869183770695145,0.2836035458462006
regular_sir_full,67,aic,sir,sir,1,3.853914037959612,0.38194507129611116
regular_sir_full,67,aicc,sir,sir,1,4.198861773151293,0.344989348779923
regular_sir_full,67,bic,sir,sir,1,8.785730275268861,0.0659448811205862
regular_sir_full,67,gic_pred,sir,sir,1,1.8695557544497206,0.854317228473529
regular_sir_full,67,gic_evid,sir,sir,1,3.6512508764731137,0.40979895456457616
regular_sir_full,67,gic_eff_logn,sir,sir,1,4.366976603778994,0.3857238202692439
regular_sir_full,68,aic,sir,sir,1,2.719153814567676,0.5076839901762913
regular_sir_full,68,aicc,sir,sir,1,3.064101549759357,0.4681865721843935
regular_sir_full,68,bic,sir,sir,1,7.650970051876925,0.10321864220282928
regular_sir_full,68,gic_pred,sir,sir,1,2.4021150856304985,0.9008768057154724
regular_sir_full,68,gic_evid,sir,sir,1,6.6824862358569135,0.16165004374437336
regular_sir_full,68,gic_eff_logn,sir,sir,1,6.349320351129677,0.2664797870744276
regular_sir_full,69,aic,sir,tv_sir,0,1.0041722304862333,0.666627733656122
regular_sir_full,69,aicc,sir,tv_sir,0,0.6592244952945521,0.6807379508840369
regular_sir_full,69,bic,sir,sir,1,3.927644006823016,0.3729663895603759
regular_sir_full,69,gic_pred,sir,tv_sir,0,0.9914340218863344,1.0680051720719022
regular_sir_full,69,gic_evid,sir,sir,1,7.215245491568567,0.18296257639112365
regular_sir_full,69,gic_eff_logn,sir,sir,1,3.884400796271507,0.5450826226838992
regular_sir_full,70,aic,sir,sir,1,2.616883053610195,0.5187232274208043
regular_sir_full,70,aicc,sir,sir,1,2.9618307888018762,0.4795784866091496
regular_sir_full,70,bic,sir,sir,1,7.548699290919444,0.10737784959698657
regular_sir_full,70,gic_pred,sir,sir,1,2.5966452902621313,0.8927972941973512
regular_sir_full,70,gic_evid,sir,sir,1,6.658190700164482,0.16443670857967477
regular_sir_full,70,gic_eff_logn,sir,sir,1,6.378850680036862,0.26880377570923963
regular_sir_full,71,aic,sir,sir,1,3.9468837468159563,0.37200238020039006
regular_sir_full,71,aicc,sir,sir,1,4.2918314820076375,0.33555526474046976
regular_sir_full,71,bic,sir,sir,1,8.878699984125205,0.06352358022114094
regular_sir_full,71,gic_pred,sir,sir,1,1.8837596079250716,0.8455692879594384
regular_sir_full,71,gic_evid,sir,sir,1,2.943012132345757,0.4877133348131271
regular_sir_full,71,gic_eff_logn,sir,sir,1,4.244781473895728,0.3954364167123121
regular_sir_full,72,aic,sir,sir,1,2.8148720526526176,0.4972648518445168
regular_sir_full,72,aicc,sir,sir,1,3.159819787844299,0.4575172286776124
regular_sir_full,72,bic,sir,sir,1,7.746688289961867,0.09945771720900898
regular_sir_full,72,gic_pred,sir,sir,1,1.0578991034312821,0.9659808182741798
regular_sir_full,72,gic_evid,sir,sir,1,3.664841181221277,0.41274304106258175
regular_sir_full,72,gic_eff_logn,sir,sir,1,3.6837930978479108,0.4822358992066311
regular_sir_full,73,aic,sir,sir,1,3.710201044222117,0.39733396777812197
regular_sir_full,73,aicc,sir,sir,1,4.055148779413798,0.35979558808298556
regular_sir_full,73,bic,sir,sir,1,8.642017281531366,0.06985721107690476
regular_sir_full,73,gic_pred,sir,sir,1,0.0073422746312417075,0.9045723944547132
regular_sir_full,73,gic_evid,sir,sir,1,0.06069346387232599,0.6973978901817851
regular_sir_full,73,gic_eff_logn,sir,sir,1,0.016397345680616127,0.7289854615923058
regular_sir_full,74,aic,sir,sir,1,3.763796984731016,0.39165197114000877
regular_sir_full,74,aicc,sir,sir,1,4.108744719922697,0.3542563713281175
regular_sir_full,74,bic,sir,sir,1,8.695613222040265,0.06837361962069001
regular_sir_full,74,gic_pred,sir,sir,1,1.8170416041596127,0.8641082497665997
regular_sir_full,74,gic_evid,sir,sir,1,3.7407465771543684,0.40032536239303096
regular_sir_full,74,gic_eff_logn,sir,sir,1,4.3320522212700325,0.3911686897957495
regular_sir_full,75,aic,sir,sir,1,2.383379905118204,0.5456417847755652
regular_sir_full,75,aicc,sir,sir,1,2.7283276403098853,0.5059527237546302
regular_sir_full,75,bic,sir,sir,1,7.315196142427453,0.11744059514621229
regular_sir_full,75,gic_pred,sir,sir,1,2.363552252551017,0.9250657955477075
regular_sir_full,75,gic_evid,sir,sir,1,8.167742654871859,0.10007106367986385
regular_sir_full,75,gic_eff_logn,sir,sir,1,7.27092190514054,0.19123440777227432
regular_sir_full,76,aic,sir,sir,1,3.4246149770756347,0.4290808399941055
regular_sir_full,76,aicc,sir,sir,1,3.769562712267316,0.39019192618873744
regular_sir_full,76,bic,sir,sir,1,8.356431214384884,0.07827768591451277
regular_sir_full,76,gic_pred,sir,sir,1,2.5715434621658915,0.8338510765244054
regular_sir_full,76,gic_evid,sir,sir,1,7.3661462317709265,0.12478977323328264
regular_sir_full,76,gic_eff_logn,sir,sir,1,6.687437555151746,0.22396310545720088
regular_sir_full,77,aic,sir,sir,1,2.7993064870169064,0.499867413468339
regular_sir_full,77,aicc,sir,sir,1,3.1442542222085876,0.4594609116768366
regular_sir_full,77,bic,sir,sir,1,7.7311227243261555,0.10006081878526019
regular_sir_full,77,gic_pred,sir,sir,1,2.7589579690718438,0.8688898524392017
regular_sir_full,77,gic_evid,sir,sir,1,8.299476785777756,0.09266144630298111
regular_sir_full,77,gic_eff_logn,sir,sir,1,7.688677125334948,0.16701823600447185
regular_sir_full,78,aic,sir,sir,1,3.9437198225779184,0.37232227760312964
regular_sir_full,78,aicc,sir,sir,1,4.2886675577696,0.3358703638805755
regular_sir_full,78,bic,sir,sir,1,8.875536059887168,0.06360460038471644
regular_sir_full,78,gic_pred,sir,sir,1,1.428914300843644,0.8723523449074826
regular_sir_full,78,gic_evid,sir,sir,1,1.3024600459041267,0.6480574025020545
regular_sir_full,78,gic_eff_logn,sir,sir,1,3.192776379968791,0.5047378093701739
regular_sir_full,79,aic,sir,sir,1,2.5340826902692015,0.5283121416206267
regular_sir_full,79,aicc,sir,sir,1,2.8790304254608827,0.4889508343891214
regular_sir_full,79,bic,sir,sir,1,7.465898927578451,0.11085451481922821
regular_sir_full,79,gic_pred,sir,sir,1,1.0499133880739464,0.985651012279469
regular_sir_full,79,gic_evid,sir,sir,1,3.9248000024864496,0.3859528686185615
regular_sir_full,79,gic_eff_logn,sir,sir,1,3.9940477910122354,0.4604473803518102
