truth,loss,seed,theta_hat_log_amplitude,theta_hat_location,training_deviance,mean_new_deviance,empirical_optimism,matched_metric,mismatched_metric,matched_predicted_optimism,mismatched_predicted_optimism,matched_residual,mismatched_residual,new_response_draws
amplitude_change,fisher_trajectory,0,0.29645912652069084,0.49971691508726546,-263.40448355529156,-254.59153871923337,8.812944836058193,fisher_trajectory,wasserstein_quantile,3.9999130636643554,1.999992975634427,4.813031772393838,6.812951860423766,200
amplitude_change,fisher_trajectory,1,0.2883715669566804,0.5002679880136295,-254.2061803024365,-250.94079712005413,3.2653831823823793,fisher_trajectory,wasserstein_quantile,3.999911646075456,1.999992975634427,-0.7345284636930764,1.2653902067479523,200
amplitude_change,fisher_trajectory,2,0.3007073005253809,0.5001282081139458,-275.10968884344607,-254.30497462740584,20.804714216040225,fisher_trajectory,wasserstein_quantile,3.999913799150881,1.999992975634427,16.804800416889343,18.804721240405797,200
amplitude_change,fisher_trajectory,3,0.29679235565575973,0.4996374045312018,-264.29761544791376,-254.57455109588707,9.723064352026682,fisher_trajectory,wasserstein_quantile,3.999913121582443,1.999992975634427,5.723151230444239,7.723071376392255,200
amplitude_change,fisher_trajectory,4,0.29945470883690134,0.49869755143053573,-261.42515853376625,-254.31194452163368,7.113214012132573,fisher_trajectory,wasserstein_quantile,3.9999135829388335,1.999992975634427,3.11330042919374,5.113221036498146,200
amplitude_change,fisher_trajectory,5,0.29317642826208723,0.500448184391253,-263.32236681220587,-253.79667043481325,9.52569637739262,fisher_trajectory,wasserstein_quantile,3.9999124910354764,1.999992975634427,5.525783886357144,7.525703401758193,200
amplitude_change,fisher_trajectory,6,0.3030700460929859,0.4999170280646194,-267.4806309350031,-253.14875963333415,14.33187130166894,fisher_trajectory,wasserstein_quantile,3.999914205517097,1.999992975634427,10.331957096151843,12.331878326034513,200
amplitude_change,fisher_trajectory,7,0.3006987025459052,0.4994200387568252,-265.18284430778994,-255.35270988203635,9.830134425753585,fisher_trajectory,wasserstein_quantile,3.9999137976686137,1.999992975634427,5.830220628084971,7.830141450119157,200
amplitude_change,fisher_trajectory,8,0.2978442967845864,0.5007670757010898,-267.96653378192775,-253.83850193151463,14.128031850413123,fisher_trajectory,wasserstein_quantile,3.9999133041658133,1.999992975634427,10.12811854624731,12.128038874778696,200
amplitude_change,fisher_trajectory,9,0.3066924460073303,0.5015560852428447,-252.37039585031653,-250.9096695317095,1.4607263186070156,fisher_trajectory,wasserstein_quantile,3.999914824813333,1.999992975634427,-2.5391885062063175,-0.5392666570274114,200
amplitude_change,fisher_trajectory,10,0.298713850883066,0.49954664245628316,-247.39410769344872,-253.87669400958342,-6.4825863161347,fisher_trajectory,wasserstein_quantile,3.9999134548029094,1.999992975634427,-10.48249977093761,-8.482579291769127,200
amplitude_change,fisher_trajectory,11,0.3010411270536377,0.4995690383369547,-258.6974328449348,-255.53960589782258,3.1578269471121985,fisher_trajectory,wasserstein_quantile,3.999913856681914,1.999992975634427,-0.8420869095697157,1.1578339714777715,200
amplitude_change,fisher_trajectory,12,0.30144307271723775,0.4983630224556705,-261.08237679654854,-251.9866779021603,9.09569889438825,fisher_trajectory,wasserstein_quantile,3.999913925901521,1.999992975634427,5.095784968486728,7.095705918753822,200
amplitude_change,fisher_trajectory,13,0.29765674445138746,0.4998572751425718,-247.350849569969,-253.54484060686067,-6.193991036891674,fisher_trajectory,wasserstein_quantile,3.999913271640852,1.999992975634427,-10.193904308532526,-8.193984012526101,200
amplitude_change,fisher_trajectory,14,0.29393587145590055,0.4997594846894547,-268.0880229532358,-253.82482646499088,14.263196488244915,fisher_trajectory,wasserstein_quantile,3.999912623846033,1.999992975634427,10.263283864398883,12.263203512610488,200
amplitude_change,fisher_trajectory,15,0.30204241633755186,0.49996074776845356,-265.98036650691176,-253.88899040558928,12.091376101322481,fisher_trajectory,wasserstein_quantile,3.9999140290120256,1.999992975634427,8.091462072310456,10.091383125688054,200
amplitude_change,fisher_trajectory,16,0.3019203581353668,0.5007563098286612,-271.1699623913579,-254.22250027917784,16.947462112180062,fisher_trajectory,wasserstein_quantile,3.9999140080232696,1.999992975634427,12.947548104156793,14.947469136545635,200
amplitude_change,fisher_trajectory,17,0.29394059161242453,0.50009138457781,-268.15006065507924,-253.9265460125256,14.223514642553653,fisher_trajectory,wasserstein_quantile,3.9999126246708583,1.999992975634427,10.223602017882794,12.223521666919225,200
amplitude_change,fisher_trajectory,18,0.29591525570982186,0.49865329795881536,-254.13911986030868,-252.2069688587937,1.9321510015149954,fisher_trajectory,wasserstein_quantile,3.9999129690519863,1.999992975634427,-2.067761967536991,-0.0678419741194316,200
amplitude_change,fisher_trajectory,19,0.30150188784246407,0.49927094398040406,-253.7885908382485,-254.5753497842437,-0.7867589459952171,fisher_trajectory,wasserstein_quantile,3.9999139360254925,1.999992975634427,-4.78667288202071,-2.7867519216296444,200
amplitude_change,fisher_trajectory,20,0.29377744466406336,0.49914774605969503,-260.1898819229288,-253.35676982973303,6.83311209319578,fisher_trajectory,wasserstein_quantile,3.9999125961571833,1.999992975634427,2.8331994970385965,4.833119117561353,200
amplitude_change,fisher_trajectory,21,0.29935795733397996,0.49822510645594764,-256.20311108772864,-251.62246625933386,4.580644828394782,fisher_trajectory,wasserstein_quantile,3.9999135662158407,1.999992975634427,0.5807312621789409,2.5806518527603544,200
amplitude_change,fisher_trajectory,22,0.2996883225012405,0.5007094850686311,-240.05944887658376,-254.1883279345888,-14.128879058005055,fisher_trajectory,wasserstein_quantile,3.999913623304397,1.999992975634427,-18.128792681309452,-16.12887203363948,200
amplitude_change,fisher_trajectory,23,0.3043393907502532,0.5000761771090513,-261.01454576764405,-254.0665248088978,6.948020958746241,fisher_trajectory,wasserstein_quantile,3.999914423038814,1.999992975634427,2.948106535707427,4.948027983111814,200
amplitude_change,fisher_trajectory,24,0.30343084509909934,0.49870179665885706,-251.07239096493578,-253.66845075511378,-2.5960597901780034,fisher_trajectory,wasserstein_quantile,3.999914267401729,1.999992975634427,-6.595974057579733,-4.596052765812431,200
amplitude_change,fisher_trajectory,25,0.3088376941383578,0.4984584251837249,-251.0293465196297,-249.6164265916064,1.4129199280233138,fisher_trajectory,wasserstein_quantile,3.999915189461707,1.999992975634427,-2.586995261438393,-0.5870730476111132,200
amplitude_change,fisher_trajectory,26,0.3008464078614278,0.49813389928651325,-238.24850677127824,-250.18636403233788,-11.937857261059634,fisher_trajectory,wasserstein_quantile,3.999913823129038,1.999992975634427,-15.937771084188672,-13.93785023669406,200
amplitude_change,fisher_trajectory,27,0.30416162903244076,0.4987043644527574,-242.37827162783853,-251.29806429375515,-8.919792665916617,fisher_trajectory,wasserstein_quantile,3.999914392609848,1.999992975634427,-12.919707058526466,-10.919785641551044,200
amplitude_change,fisher_trajectory,28,0.297016468905274,0.49961295885061807,-266.89819884718366,-254.74795954508366,12.150239302100005,fisher_trajectory,wasserstein_quantile,3.9999131605135485,1.999992975634427,8.150326141586456,10.150246326465577,200
amplitude_change,fisher_trajectory,29,0.298365860639865,0.5002643165111857,-252.5382029361992,-253.51422413433068,-0.9760211981314626,fisher_trajectory,wasserstein_quantile,3.9999133945503016,1.999992975634427,-4.975934592681764,-2.97601417376589,200
amplitude_change,fisher_trajectory,30,0.2934311488819618,0.5014124851830742,-249.16257710128593,-251.34138529946068,-2.1788081981747496,fisher_trajectory,wasserstein_quantile,3.999912535603207,1.999992975634427,-6.178720733777956,-4.178801173809177,200
amplitude_change,fisher_trajectory,31,0.30268001981752934,0.5006455437295607,-249.5593552559031,-253.18085658499243,-3.6215013290893125,fisher_trajectory,wasserstein_quantile,3.9999141385691237,1.999992975634427,-7.621415467658436,-5.62149430472374,200
amplitude_change,fisher_trajectory,32,0.30356767464949247,0.4992275597096193,-272.09640057082026,-253.27869427121476,18.817706299605504,fisher_trajectory,wasserstein_quantile,3.9999142908592082,1.999992975634427,14.817792008746295,16.817713323971077,200
amplitude_change,fisher_trajectory,33,0.30769472622025745,0.4997050216129356,-249.67768957619018,-252.09610172773552,-2.41841215154534,fisher_trajectory,wasserstein_quantile,3.9999149953752253,1.999992975634427,-6.418327146920565,-4.418405127179767,200
amplitude_change,fisher_trajectory,34,0.2999631791961269,0.4976741484773338,-270.50709939738294,-249.94096919264658,20.566130204736368,fisher_trajectory,wasserstein_quantile,3.9999136707720955,1.999992975634427,16.566216533964273,18.56613722910194,200
amplitude_change,fisher_trajectory,35,0.2950897327246542,0.5029686133506142,-267.0483051025502,-247.35727984637114,19.691025256179074,fisher_trajectory,wasserstein_quantile,3.9999128252462977,1.999992975634427,15.691112430932776,17.691032280544647,200
amplitude_change,fisher_trajectory,36,0.305567813570434,0.5008553174636996,-264.83965453692053,-253.89384744411564,10.945807092804898,fisher_trajectory,wasserstein_quantile,3.99991463302283,1.999992975634427,6.945892459782068,8.945814117170471,200
amplitude_change,fisher_trajectory,37,0.3074274633733784,0.49987245292590743,-258.50440110755915,-252.10500777152524,6.39939333603391,fisher_trajectory,wasserstein_quantile,3.9999149499274984,1.999992975634427,2.3994783861064115,4.399400360399483,200
amplitude_change,fisher_trajectory,38,0.3074452843783081,0.5012020325607919,-258.7167636590767,-252.18768865883507,6.529075000241647,fisher_trajectory,wasserstein_quantile,3.9999149529586924,1.999992975634427,2.529160047282955,4.52908202460722,200
amplitude_change,fisher_trajectory,39,0.30072122925341177,0.4998498841419887,-237.925026218251,-255.01919476230913,-17.094168544058135,fisher_trajectory,wasserstein_quantile,3.9999138015520996,1.999992975634427,-21.094082345610236,-19.094161519692562,200
amplitude_change,fisher_trajectory,40,0.3067158524516966,0.499718550739587,-249.01044786408767,-254.695442280783,-5.684994416695332,fisher_trajectory,wasserstein_quantile,3.999914828800402,1.999992975634427,-9.684909245495735,-7.684987392329759,200
amplitude_change,fisher_trajectory,41,0.302434944543592,0.5000118261114637,-255.3254978650729,-255.5805404568767,-0.2550425918038002,fisher_trajectory,wasserstein_quantile,3.9999140964752544,1.999992975634427,-4.254956688279055,-2.2550355674382274,200
amplitude_change,fisher_trajectory,42,0.30448754400341205,0.4968547026657856,-253.50986267123957,-245.20427684243796,8.305585828801611,fisher_trajectory,wasserstein_quantile,3.9999144483911655,1.999992975634427,4.305671380410446,6.305592853167184,200
amplitude_change,fisher_trajectory,43,0.3052186241186296,0.49830910809989387,-263.7825818272144,-250.17541494396175,13.60716688325266,fisher_trajectory,wasserstein_quantile,3.999914573385583,1.999992975634427,9.607252309867077,11.607173907618233,200
amplitude_change,fisher_trajectory,44,0.3048265165997214,0.4995235415129294,-256.31621856136985,-253.10053379525777,3.2156847661120764,fisher_trajectory,wasserstein_quantile,3.9999145063688113,1.999992975634427,-0.7842297402567349,1.2156917904776494,200
amplitude_change,fisher_trajectory,45,0.29786605218956497,0.49990539108420906,-239.54779276612203,-255.87851591304215,-16.33072314692012,fisher_trajectory,wasserstein_quantile,3.9999133079378053,1.999992975634427,-20.330636454857927,-18.33071612255455,200
amplitude_change,fisher_trajectory,46,0.30207523240952716,0.49974870992099685,-255.69051724419194,-254.38832859725596,1.3021886469359742,fisher_trajectory,wasserstein_quantile,3.9999140346541027,1.999992975634427,-2.6977253877181284,-0.6978043286984528,200
amplitude_change,fisher_trajectory,47,0.2936278052793323,0.5000810840843636,-251.44841545472718,-253.64857011633623,-2.200154661609048,fisher_trajectory,wasserstein_quantile,3.999912569996088,1.999992975634427,-6.200067231605136,-4.200147637243475,200
amplitude_change,fisher_trajectory,48,0.2928281239381479,0.5002849605803,-268.1478040915507,-252.79088481777305,15.356919273777663,fisher_trajectory,wasserstein_quantile,3.9999124300569133,1.999992975634427,11.35700684372075,13.356926298143236,200
amplitude_change,fisher_trajectory,49,0.3051684801811831,0.49835654492602527,-258.42407611181153,-251.9020930035128,6.521983108298741,fisher_trajectory,wasserstein_quantile,3.999914564818198,1.999992975634427,2.522068543480543,4.521990132664314,200
amplitude_change,fisher_trajectory,50,0.3113277442436556,0.5019846570412564,-238.10948185531163,-248.66578482997764,-10.55630297466601,fisher_trajectory,wasserstein_quantile,3.9999156107622333,1.999992975634427,-14.556218585428244,-12.556295950300438,200
amplitude_change,fisher_trajectory,51,0.2901694533655916,0.5009491107189972,-274.07314395263484,-251.89607971690592,22.17706423572892,fisher_trajectory,wasserstein_quantile,3.9999119631942155,1.999992975634427,18.177152272534705,20.177071260094493,200
amplitude_change,fisher_trajectory,52,0.2929064596024998,0.5011434464782821,-249.27764195789328,-252.47307441142277,-3.1954324535294916,fisher_trajectory,wasserstein_quantile,3.999912443775046,1.999992975634427,-7.195344897304538,-5.195425429163919,200
amplitude_change,fisher_trajectory,53,0.30025643126363216,0.4987618319883799,-238.94929504281305,-252.65945298706873,-13.710157944255684,fisher_trajectory,wasserstein_quantile,3.9999137213879283,1.999992975634427,-17.71007166564361,-15.710150919890111,200
amplitude_change,fisher_trajectory,54,0.29198403118888705,0.5023199361093492,-270.63083825224425,-248.6778603276206,21.95297792462364,fisher_trajectory,wasserstein_quantile,3.9999122821030255,1.999992975634427,17.953065642520613,19.95298494898921,200
amplitude_change,fisher_trajectory,55,0.31073103509550287,0.49926258207758273,-255.85934630879885,-251.80095748999926,4.058388818799585,fisher_trajectory,wasserstein_quantile,3.9999155099939285,1.999992975634427,0.05847330880565682,2.058395843165158,200
amplitude_change,fisher_trajectory,56,0.29360543884315304,0.49977936536550427,-249.42982580916922,-252.89605762525878,-3.466231816089561,fisher_trajectory,wasserstein_quantile,3.999912566085144,1.999992975634427,-7.466144382174704,-5.466224791723988,200
amplitude_change,fisher_trajectory,57,0.3071772870102057,0.4993581781574122,-256.91068087647034,-252.86771190510393,4.042968971366406,fisher_trajectory,wasserstein_quantile,3.99991490736329,1.999992975634427,0.04305406400311629,2.042975995731979,200
amplitude_change,fisher_trajectory,58,0.3036020709584532,0.49954218961419244,-254.45666010426257,-254.2699807029389,0.18667940132365857,fisher_trajectory,wasserstein_quantile,3.999914296754956,1.999992975634427,-3.8132348954312976,-1.8133135743107685,200
amplitude_change,fisher_trajectory,59,0.307495862733965,0.5004520316812333,-249.85749711871335,-252.86883109564016,-3.0113339769268066,fisher_trajectory,wasserstein_quantile,3.9999149615610405,1.999992975634427,-7.011248938487848,-5.011326952561234,200
amplitude_change,fisher_trajectory,60,0.2936427007723207,0.5005143467529014,-244.71596542025534,-253.33155892820702,-8.615593507951672,fisher_trajectory,wasserstein_quantile,3.9999125726005818,1.999992975634427,-12.615506080552255,-10.6155864835861,200
amplitude_change,fisher_trajectory,61,0.29821122075649115,0.49869259159542245,-250.99419972167595,-252.66716846491767,-1.6729687432417109,fisher_trajectory,wasserstein_quantile,3.999913367761788,1.999992975634427,-5.672882111003499,-3.672961718876138,200
amplitude_change,fisher_trajectory,62,0.3022386283564781,0.4991583811897739,-252.42723148158655,-254.05868701150038,-1.6314555299138362,fisher_trajectory,wasserstein_quantile,3.999914062741307,1.999992975634427,-5.631369592655143,-3.6314485055482635,200
amplitude_change,fisher_trajectory,63,0.2949847339651242,0.49978075991511356,-256.23406669793735,-253.17110643059104,3.0629602673463125,fisher_trajectory,wasserstein_quantile,3.999912806938561,1.999992975634427,-0.9369525395922484,1.0629672917118855,200
amplitude_change,fisher_trajectory,64,0.2926855941805777,0.4997414176691168,-270.8089190751847,-252.1343136191806,18.674605456004088,fisher_trajectory,wasserstein_quantile,3.9999124050916004,1.999992975634427,14.674693050912488,16.67461248036966,200
amplitude_change,fisher_trajectory,65,0.30144073597332327,0.4990537318935379,-262.25342649759676,-253.20443439523203,9.048992102364736,fisher_trajectory,wasserstein_quantile,3.9999139254992713,1.999992975634427,5.049078176865464,7.048999126730308,200
amplitude_change,fisher_trajectory,66,0.3106456617174065,0.5015177378796798,-277.7517824238983,-250.202354221872,27.54942820202629,fisher_trajectory,wasserstein_quantile,3.9999154955667953,1.999992975634427,23.549512706459495,25.549435226391864,200
amplitude_change,fisher_trajectory,67,0.30597712396984783,0.5005914135180141,-234.80745679399192,-252.93440875976782,-18.126951965775902,fisher_trajectory,wasserstein_quantile,3.9999147028749906,1.999992975634427,-22.12686666865089,-20.12694494141033,200
amplitude_change,fisher_trajectory,68,0.2973218163137572,0.4990805663514409,-263.31239599383406,-253.95042313323134,9.36197286060272,fisher_trajectory,wasserstein_quantile,3.9999132135279067,1.999992975634427,5.362059647074813,7.361979884968292,200
amplitude_change,fisher_trajectory,69,0.30603595324863125,0.49882843405335947,-223.69303019519805,-251.2654436265427,-27.572413431344643,fisher_trajectory,wasserstein_quantile,3.9999147129099866,1.999992975634427,-31.57232814425463,-29.57240640697907,200
amplitude_change,fisher_trajectory,70,0.29689699408681897,0.5014467313191594,-249.7846115860357,-252.1396463386352,-2.3550347525994937,fisher_trajectory,wasserstein_quantile,3.999913139761536,1.999992975634427,-6.35494789236103,-4.355027728233921,200
amplitude_change,fisher_trajectory,71,0.2893465021261102,0.5018823687872682,-256.30896636363684,-249.64246393528924,6.666502428347599,fisher_trajectory,wasserstein_quantile,3.999911818180112,1.999992975634427,2.6665906101674866,4.666509452713171,200
amplitude_change,fisher_trajectory,72,0.3055301819737266,0.500819906540452,-255.2343940120242,-252.61409494462671,2.6202990673974966,fisher_trajectory,wasserstein_quantile,3.9999146265978207,1.999992975634427,-1.379615559200324,0.6203060917630696,200
amplitude_change,fisher_trajectory,73,0.29983837800421587,0.49812113672263847,-263.00070624211776,-251.3601648089393,11.64054143317847,fisher_trajectory,wasserstein_quantile,3.999913649222187,1.999992975634427,7.640627783956283,9.640548457544043,200
amplitude_change,fisher_trajectory,74,0.30211797848869937,0.49825093541574283,-262.8042166931207,-252.4974976402583,10.306719052862377,fisher_trajectory,wasserstein_quantile,3.9999140420028882,1.999992975634427,6.306805010859488,8.30672607722795,200
amplitude_change,fisher_trajectory,75,0.29422421851485214,0.5002866266921867,-240.83038719867005,-254.43372183653904,-13.603334637868983,fisher_trajectory,wasserstein_quantile,3.999912674219028,1.999992975634427,-17.603247312088012,-15.60332761350341,200
amplitude_change,fisher_trajectory,76,0.30792232026027583,0.5002900587109658,-241.32037657306284,-253.74520662273906,-12.424830049676217,fisher_trajectory,wasserstein_quantile,3.9999150340581737,1.999992975634427,-16.42474508373439,-14.424823025310644,200
amplitude_change,fisher_trajectory,77,0.2972550856650053,0.49999189935179583,-248.203844318983,-254.82674569241692,-6.622901373433933,fisher_trajectory,wasserstein_quantile,3.99991320194491,1.999992975634427,-10.622814575378843,-8.62289434906836,200
amplitude_change,fisher_trajectory,78,0.3016001391001192,0.4988432365693882,-247.57690193176018,-253.25152593517927,-5.674624003419098,fisher_trajectory,wasserstein_quantile,3.9999139529350245,1.999992975634427,-9.674537956354122,-7.674616979053525,200
amplitude_change,fisher_trajectory,79,0.29761252582967396,0.49860671781420557,-258.581609652957,-252.84749403704896,5.734115615908053,fisher_trajectory,wasserstein_quantile,3.999913263970763,1.999992975634427,1.7342023519372898,3.7341226402736254,200
amplitude_change,fisher_trajectory,80,0.3020317983790467,0.4991499458170935,-260.4027046915537,-254.5355261268893,5.867178564664414,fisher_trajectory,wasserstein_quantile,3.9999140271863958,1.999992975634427,1.8672645374780181,3.8671855890299867,200
amplitude_change,fisher_trajectory,81,0.2973954895650921,0.49931873535769866,-252.8205393459568,-254.41568660068623,-1.5951472547294259,fisher_trajectory,wasserstein_quantile,3.999913226314197,1.999992975634427,-5.595060481043623,-3.595140230363853,200
amplitude_change,fisher_trajectory,82,0.30797747525837676,0.5014786853123132,-243.65124134295928,-251.20883317491024,-7.557591831950958,fisher_trajectory,wasserstein_quantile,3.999915043429921,1.999992975634427,-11.557506875380879,-9.557584807585386,200
amplitude_change,fisher_trajectory,83,0.3032322645927129,0.49963880932998844,-255.58687181578202,-254.34397591160757,1.2428959041744463,fisher_trajectory,wasserstein_quantile,3.999914233346514,1.999992975634427,-2.757018329172068,-0.7570970714599807,200
amplitude_change,fisher_trajectory,84,0.2960240490060653,0.5005860368211185,-267.3174847583983,-255.18531371599866,12.13217104239962,fisher_trajectory,wasserstein_quantile,3.9999129879860256,1.999992975634427,8.132258054413594,10.132178066765192,200
amplitude_change,fisher_trajectory,85,0.2958056154454689,0.4985674579548725,-268.54800153817723,-252.65403862169808,15.893962916479154,fisher_trajectory,wasserstein_quantile,3.9999129499663786,1.999992975634427,11.894049966512775,13.893969940844727,200
amplitude_change,fisher_trajectory,86,0.2959240270497169,0.49857744199472054,-268.19616074544336,-252.3034289752389,15.892731770204477,fisher_trajectory,wasserstein_quantile,3.999912970578675,1.999992975634427,11.892818799625802,13.89273879457005,200
amplitude_change,fisher_trajectory,87,0.30166409238097475,0.5009971669246798,-252.9197455438473,-252.47304548208675,0.4467000617605663,fisher_trajectory,wasserstein_quantile,3.99991396393992,1.999992975634427,-3.553213902179354,-1.5532929138738607,200
amplitude_change,fisher_trajectory,88,0.300050838829598,0.49979700020090967,-259.00259703529946,-254.14382143733255,4.858775597966911,fisher_trajectory,wasserstein_quantile,3.9999136859054243,1.999992975634427,0.8588619120614869,2.858782622332484,200
amplitude_change,fisher_trajectory,89,0.2966219692138304,0.5003504740277127,-247.1057828244982,-254.39573799226346,-7.289955167765271,fisher_trajectory,wasserstein_quantile,3.999913091972637,1.999992975634427,-11.289868259737908,-9.289948143399698,200
amplitude_change,fisher_trajectory,90,0.2976445634439602,0.4992859573638173,-252.4596611640971,-254.24415168427564,-1.7844905201785366,fisher_trajectory,wasserstein_quantile,3.9999132695280224,1.999992975634427,-5.784403789706559,-3.784483495812964,200
amplitude_change,fisher_trajectory,91,0.2932011813553632,0.5001856043563802,-275.136915691337,-253.84068690031464,21.296228791022344,fisher_trajectory,wasserstein_quantile,3.9999124953674503,1.999992975634427,17.296316295654893,19.296235815387917,200
amplitude_change,fisher_trajectory,92,0.29726212649524913,0.5014621728288073,-249.92031132892578,-253.56580899324464,-3.6454976643188672,fisher_trajectory,wasserstein_quantile,3.9999132031671145,1.999992975634427,-7.645410867485982,-5.6454906399532945,200
amplitude_change,fisher_trajectory,93,0.3023603195949257,0.5006354593827486,-264.2037025534571,-253.9199091178785,10.283793435578616,fisher_trajectory,wasserstein_quantile,3.9999140836536533,1.999992975634427,6.283879351924963,8.283800459944189,200
amplitude_change,fisher_trajectory,94,0.29220852432286076,0.5002413135480964,-252.60983801431001,-251.75544759233614,0.8543904219738749,fisher_trajectory,wasserstein_quantile,3.9999123214769208,1.999992975634427,-3.145521899503046,-1.145602553660552,200
amplitude_change,fisher_trajectory,95,0.2898884595614892,0.4983454193095926,-252.09822881685815,-248.7640200514188,3.3342087654393424,fisher_trajectory,wasserstein_quantile,3.9999119137064887,1.999992975634427,-0.6657031482671463,1.3342157898049154,200
amplitude_change,fisher_trajectory,96,0.29563619261926033,0.4981638313039727,-269.17703700294834,-250.6215868100557,18.555450192892636,fisher_trajectory,wasserstein_quantile,3.9999129204658987,1.999992975634427,14.555537272426736,16.55545721725821,200
amplitude_change,fisher_trajectory,97,0.30483592220186495,0.49975661283721656,-219.25545812782394,-252.88568358260218,-33.63022545477824,fisher_trajectory,wasserstein_quantile,3.9999145079769782,1.999992975634427,-37.63013996275522,-35.63021843041267,200
amplitude_change,fisher_trajectory,98,0.2889832519713221,0.49937805547502157,-264.1344328085826,-250.4918310890499,13.642601719532678,fisher_trajectory,wasserstein_quantile,3.999911754095025,1.999992975634427,9.642689965437652,11.64260874389825,200
amplitude_change,fisher_trajectory,99,0.3049064269916898,0.4978232785873278,-247.64921208837484,-251.13915842273053,-3.489946334355693,fisher_trajectory,wasserstein_quantile,3.999914520030894,1.999992975634427,-7.4898608543865866,-5.48993930999012,200
amplitude_change,fisher_trajectory,100,0.29724828480882953,0.5015121563742293,-261.9051992602949,-252.41172624949613,9.493473010798795,fisher_trajectory,wasserstein_quantile,3.999913200764337,1.999992975634427,5.493559810034458,7.493480035164367,200
amplitude_change,fisher_trajectory,101,0.3027734472949983,0.4990415127050018,-270.69525151161315,-252.94802411973987,17.74722739187328,fisher_trajectory,wasserstein_quantile,3.9999141546106967,1.999992975634427,13.747313237262585,15.747234416238854,200
amplitude_change,fisher_trajectory,102,0.2966777117250621,0.49925430134883236,-257.02879626054266,-252.668987681081,4.359808579461657,fisher_trajectory,wasserstein_quantile,3.999913101660697,1.999992975634427,0.35989547780095954,2.3598156038272293,200
amplitude_change,fisher_trajectory,103,0.2924595895446282,0.49912715113442896,-255.7838555158723,-252.0267978808957,3.757057634976576,fisher_trajectory,wasserstein_quantile,3.9999123654903523,1.999992975634427,-0.24285473051377648,1.7570646593421488,200
amplitude_change,fisher_trajectory,104,0.2949640895093699,0.4993500095828751,-253.08654688343256,-252.2410081127021,0.8455387707304567,fisher_trajectory,wasserstein_quantile,3.999912803338507,1.999992975634427,-3.1543740326080503,-1.1544542049039703,200
amplitude_change,fisher_trajectory,105,0.2952976364583636,0.4989625409786924,-268.8047061255739,-252.79986972985807,16.004836395715813,fisher_trajectory,wasserstein_quantile,3.999912861485405,1.999992975634427,12.004923534230407,14.004843420081386,200
amplitude_change,fisher_trajectory,106,0.2964304875811677,0.49909093991145237,-235.25330557854252,-254.44119146300562,-19.1878858844631,fisher_trajectory,wasserstein_quantile,3.9999130586848595,1.999992975634427,-23.18779894314796,-21.187878860097527,200
amplitude_change,fisher_trajectory,107,0.3072559613246653,0.5001676556991083,-260.13476284307103,-253.336182466412,6.798580376659032,fisher_trajectory,wasserstein_quantile,3.999914920750983,1.999992975634427,2.7986654559080493,4.798587401024605,200
amplitude_change,fisher_trajectory,108,0.30563112548763166,0.5003154106462682,-249.4233461352223,-254.36316992476372,-4.939823789541435,fisher_trajectory,wasserstein_quantile,3.999914643831265,1.999992975634427,-8.9397384333727,-6.939816765175863,200
amplitude_change,fisher_trajectory,109,0.3003801017584025,0.5015614571626799,-237.45295795173269,-251.1167387515265,-13.663780799793813,fisher_trajectory,wasserstein_quantile,3.9999137427247753,1.999992975634427,-17.663694542518588,-15.66377377542824,200
amplitude_change,fisher_trajectory,110,0.2969051200227717,0.4996595876857567,-242.60170338811054,-253.80989565325052,-11.208192265139985,fisher_trajectory,wasserstein_quantile,3.9999131411731197,1.999992975634427,-15.208105406313106,-13.208185240774412,200
amplitude_change,fisher_trajectory,111,0.3000703924457647,0.4999874956878926,-265.4464733168819,-255.27671831267287,10.169755004209037,fisher_trajectory,wasserstein_quantile,3.999913689280745,1.999992975634427,6.169841314928291,8.16976202857461,200
amplitude_change,fisher_trajectory,112,0.29265010122906704,0.5011032791528979,-273.12529802944255,-254.77832247144875,18.3469755579938,fisher_trajectory,wasserstein_quantile,3.9999123988735956,1.999992975634427,14.347063159120205,16.346982582359374,200
amplitude_change,fisher_trajectory,113,0.29537222265180807,0.5009136806354573,-254.54166538624003,-254.02829742025096,0.5133679659890618,fisher_trajectory,wasserstein_quantile,3.999912874482635,1.999992975634427,-3.486544908493573,-1.4866250096453653,200
amplitude_change,fisher_trajectory,114,0.28867527414041594,0.5003991432012587,-234.49002786849576,-249.96224599594706,-15.472218127451299,fisher_trajectory,wasserstein_quantile,3.999911699724673,1.999992975634427,-19.472129827175973,-17.472211103085726,200
amplitude_change,fisher_trajectory,115,0.29964986787963876,0.4996628037576891,-260.5549243506956,-255.1139799550539,5.440944395641708,fisher_trajectory,wasserstein_quantile,3.9999136166612095,1.999992975634427,1.4410307789804984,3.4409514200072806,200
amplitude_change,fisher_trajectory,116,0.30369856071034523,0.49951083560993254,-264.6975731889365,-255.66751658433407,9.030056604602407,fisher_trajectory,wasserstein_quantile,3.999914313291753,1.999992975634427,5.030142291310654,7.03006362896798,200
amplitude_change,fisher_trajectory,117,0.30369262762080235,0.49867411644810156,-256.15123435141385,-252.63292474684312,3.5183096045707316,fisher_trajectory,wasserstein_quantile,3.9999143122750054,1.999992975634427,-0.48160470770427377,1.5183166289363046,200
amplitude_change,fisher_trajectory,118,0.2842148224855572,0.49959939146618426,-257.05497224108,-246.96306627347093,10.09190596760908,fisher_trajectory,wasserstein_quantile,3.9999109085111204,1.999992975634427,6.091995059097959,8.091912991974652,200
amplitude_change,fisher_trajectory,119,0.30545448768092637,0.5018511088693574,-230.0819950521093,-251.34858103170947,-21.266585979600166,fisher_trajectory,wasserstein_quantile,3.999914613672728,1.999992975634427,-25.266500593272895,-23.266578955234593,200
amplitude_change,fisher_trajectory,120,0.28768149185856906,0.5000533564598394,-236.76341121566054,-250.21949205549217,-13.456080839831628,fisher_trajectory,wasserstein_quantile,3.9999115240539806,1.999992975634427,-17.45599236388561,-15.456073815466056,200
amplitude_change,fisher_trajectory,121,0.29946183397198317,0.5014848316026448,-261.416172224077,-252.6348565992668,8.78131562481019,fisher_trajectory,wasserstein_quantile,3.9999135841702467,1.999992975634427,4.781402040639944,6.781322649175763,200
amplitude_change,fisher_trajectory,122,0.2914653628875038,0.4997944758097315,-258.5756243704164,-252.87572812661463,5.69989624380176,fisher_trajectory,wasserstein_quantile,3.9999121910660964,1.999992975634427,1.6999840527356636,3.6999032681673327,200
amplitude_change,fisher_trajectory,123,0.2962400693342005,0.5006811294851555,-265.7388211630364,-253.91522180864712,11.823599354389273,fisher_trajectory,wasserstein_quantile,3.9999130255693016,1.999992975634427,7.823686328819972,9.823606378754846,200
amplitude_change,fisher_trajectory,124,0.28968554630703497,0.4987835544834132,-259.9095167846089,-249.67582800396312,10.233688780645792,fisher_trajectory,wasserstein_quantile,3.9999118779527674,1.999992975634427,6.233776902693025,8.233695805011365,200
amplitude_change,fisher_trajectory,125,0.3018449012226937,0.4989276301623301,-272.441889875943,-254.56201858751194,17.879871288431048,fisher_trajectory,wasserstein_quantile,3.9999139950453655,1.999992975634427,13.879957293385683,15.87987831279662,200
amplitude_change,fisher_trajectory,126,0.29961673361055563,0.4992777495957406,-248.02155630076157,-253.64338650412074,-5.621830203359167,fisher_trajectory,wasserstein_quantile,3.9999136109367233,1.999992975634427,-9.62174381429589,-7.621823178993594,200
amplitude_change,fisher_trajectory,127,0.29430225770343454,0.5003639868547974,-259.1015353919762,-253.10627287239987,5.995262519576329,fisher_trajectory,wasserstein_quantile,3.999912687847146,1.999992975634427,1.995349831729183,3.9952695439419017,200
amplitude_change,fisher_trajectory,128,0.3048793135528876,0.500076990319793,-265.10008357277127,-254.3637586877711,10.736324885000158,fisher_trajectory,wasserstein_quantile,3.9999145153956266,1.999992975634427,6.736410369604531,8.736331909365731,200
amplitude_change,fisher_trajectory,129,0.296660557110493,0.4977592513295631,-266.38235829412554,-249.96235425136732,16.420004042758222,fisher_trajectory,wasserstein_quantile,3.999913098679327,1.999992975634427,12.420090944078895,14.420011067123795,200
amplitude_change,fisher_trajectory,130,0.2979461513771711,0.49949237610792635,-250.5882484159191,-254.38808523591211,-3.799836819993004,fisher_trajectory,wasserstein_quantile,3.9999133218241294,1.999992975634427,-7.7997501418171336,-5.799829795627431,200
amplitude_change,fisher_trajectory,131,0.3069744271937885,0.5004616146856966,-265.530733257566,-255.28065178327242,10.25008147429358,fisher_trajectory,wasserstein_quantile,3.99991487283373,1.999992975634427,6.25016660145985,8.250088498659153,200
amplitude_change,fisher_trajectory,132,0.30704702982527216,0.5012130526955919,-253.1316648915991,-251.16501604318432,1.9666488484147635,fisher_trajectory,wasserstein_quantile,3.999914885193314,1.999992975634427,-2.0332660367785507,-0.03334412721966351,200
amplitude_change,fisher_trajectory,133,0.29662218030196325,0.5012511849481329,-263.1565526894239,-253.5375324397536,9.619020249670314,fisher_trajectory,wasserstein_quantile,3.9999130920093235,1.999992975634427,5.61910715766099,7.619027274035886,200
amplitude_change,fisher_trajectory,134,0.2999513585202947,0.4992380510254218,-261.2572731210787,-254.20768903123798,7.049584089840721,fisher_trajectory,wasserstein_quantile,3.9999136687312133,1.999992975634427,3.0496704211095076,5.049591114206294,200
amplitude_change,fisher_trajectory,135,0.29820117997889345,0.5002426684204485,-257.591440444033,-253.7621700762111,3.8292703678219198,fisher_trajectory,wasserstein_quantile,3.999913366022125,1.999992975634427,-0.17064299820020512,1.8292773921874927,200
amplitude_change,fisher_trajectory,136,0.3031051161738026,0.4995475312059279,-228.97880034308832,-255.63986133034518,-26.66106098725686,fisher_trajectory,wasserstein_quantile,3.999914211534314,1.999992975634427,-30.660975198791174,-28.661053962891287,200
amplitude_change,fisher_trajectory,137,0.30860924187248584,0.5003821007929838,-240.20894678165496,-253.1208425378122,-12.911895756157236,fisher_trajectory,wasserstein_quantile,3.9999151507038775,1.999992975634427,-16.911810906861113,-14.911888731791663,200
amplitude_change,fisher_trajectory,138,0.30897933377215353,0.4984179314338551,-255.9967536256503,-251.3283146023875,4.668439023262806,fisher_trajectory,wasserstein_quantile,3.999915213482541,1.999992975634427,0.668523809780265,2.668446047628379,200
amplitude_change,fisher_trajectory,139,0.2888089106130904,0.5009354057056734,-270.51226619022447,-251.93295946723035,18.57930672299412,fisher_trajectory,wasserstein_quantile,3.999911723320944,1.999992975634427,14.579394999673175,16.57931374735969,200
amplitude_change,fisher_trajectory,140,0.2908362308207359,0.499658776907471,-248.6362278751564,-252.32185624768906,-3.6856283725326477,fisher_trajectory,wasserstein_quantile,3.999912080513684,1.999992975634427,-7.685540453046332,-5.685621348167075,200
amplitude_change,fisher_trajectory,141,0.3059695367258621,0.49974261334214326,-264.62708687093976,-254.29247687527135,10.334609995668416,fisher_trajectory,wasserstein_quantile,3.9999147015806864,1.999992975634427,6.334695294087729,8.334617020033988,200
amplitude_change,fisher_trajectory,142,0.3049880103348402,0.5021816832911766,-263.26747903029843,-250.44608249650835,12.821396533790079,fisher_trajectory,wasserstein_quantile,3.999914533976754,1.999992975634427,8.821481999813326,10.821403558155652,200
amplitude_change,fisher_trajectory,143,0.3017138291251118,0.5012142138698268,-244.7291580009931,-253.49310926733145,-8.763951266338353,fisher_trajectory,wasserstein_quantile,3.9999139724975,1.999992975634427,-12.763865238835853,-10.76394424197278,200
amplitude_change,fisher_trajectory,144,0.2964271379676104,0.5005019627548527,-261.4630325653623,-255.03863124797215,6.4244013173901635,fisher_trajectory,wasserstein_quantile,3.999913058102439,1.999992975634427,2.4244882592877244,4.424408341755736,200
amplitude_change,fisher_trajectory,145,0.3033538736904738,0.49960963957854326,-250.4827823161471,-253.06892791357794,-2.5861455974308285,fisher_trajectory,wasserstein_quantile,3.9999142542032597,1.999992975634427,-6.586059851634088,-4.586138573065256,200
amplitude_change,fisher_trajectory,146,0.30527124333562294,0.4997486969872203,-245.50387337557657,-253.584498417061,-8.080625041484438,fisher_trajectory,wasserstein_quantile,3.9999145823749656,1.999992975634427,-12.080539623859405,-10.080618017118866,200
amplitude_change,fisher_trajectory,147,0.3054148491764218,0.500082456621493,-234.77351094762238,-255.18633930229424,-20.41282835467186,fisher_trajectory,wasserstein_quantile,3.9999146069035287,1.999992975634427,-24.41274296157539,-22.412821330306286,200
amplitude_change,fisher_trajectory,148,0.29234683723328614,0.5011508587802752,-232.2940781776175,-251.840199649949,-19.546121472331492,fisher_trajectory,wasserstein_quantile,3.999912345726841,1.999992975634427,-23.546033818058334,-21.54611444796592,200
amplitude_change,fisher_trajectory,149,0.2926700410867958,0.5014612499385194,-261.8633555650379,-251.8825424285372,9.980813136500728,fisher_trajectory,wasserstein_quantile,3.9999124023669075,1.999992975634427,5.9809007341338205,7.980820160866301,200
amplitude_change,fisher_trajectory,150,0.28745609932710486,0.5004030903844385,-252.76123337739452,-251.27411190454893,1.4871214728455868,fisher_trajectory,wasserstein_quantile,3.9999114841627925,1.999992975634427,-2.5127900113172057,-0.5128715027888402,200
amplitude_change,fisher_trajectory,151,0.3005032199964725,0.5003697684876087,-255.40310246142383,-254.50978229255924,0.8933201688645909,fisher_trajectory,wasserstein_quantile,3.999913763961106,1.999992975634427,-3.1065935950965153,-1.1066728067698361,200
amplitude_change,fisher_trajectory,152,0.30743219668943206,0.5014556779242878,-255.2295852122218,-252.38859081403606,2.840994398185728,fisher_trajectory,wasserstein_quantile,3.9999149507326006,1.999992975634427,-1.1589205525468724,0.8410014225513012,200
amplitude_change,fisher_trajectory,153,0.2924785342849026,0.5026856575571347,-248.88353837488728,-246.2904166617414,2.5931217131458766,fisher_trajectory,wasserstein_quantile,3.999912368810584,1.999992975634427,-1.4067906556647074,0.5931287375114496,200
amplitude_change,fisher_trajectory,154,0.3073713679076623,0.5006912399320078,-271.42311693415274,-254.1539036902446,17.269213243908155,fisher_trajectory,wasserstein_quantile,3.9999149403854464,1.999992975634427,13.269298303522708,15.269220268273727,200
amplitude_change,fisher_trajectory,155,0.291100391018149,0.5006307542780694,-268.0759526371667,-251.38365129015764,16.692301347009078,fisher_trajectory,wasserstein_quantile,3.9999121269494102,1.999992975634427,12.692389220059667,14.69230837137465,200
amplitude_change,fisher_trajectory,156,0.30481541393516093,0.5004532957650041,-259.41744322461886,-253.07184443706706,6.345598787551808,fisher_trajectory,wasserstein_quantile,3.999914504470442,1.999992975634427,2.345684283081366,4.34560581191738,200
amplitude_change,fisher_trajectory,157,0.29576204688198693,0.4986533347515858,-275.44303082799894,-252.5499749099728,22.893055918026135,fisher_trajectory,wasserstein_quantile,3.9999129423810276,1.999992975634427,18.89314297564511,20.89306294239171,200
amplitude_change,fisher_trajectory,158,0.30833911835909067,0.49986216300974323,-262.57650704994774,-252.98962514138634,9.586881908561395,fisher_trajectory,wasserstein_quantile,3.999915104853499,1.999992975634427,5.586966803707896,7.586888932926968,200
amplitude_change,fisher_trajectory,159,0.29531237892268564,0.4994616907201101,-239.57605550648805,-254.47434347816,-14.898287971671948,fisher_trajectory,wasserstein_quantile,3.99991286405455,1.999992975634427,-18.8982008357265,-16.898280947306375,200
amplitude_change,fisher_trajectory,160,0.29211621185498643,0.4998384492987622,-265.72191448485,-253.2089221189811,12.51299236586891,fisher_trajectory,wasserstein_quantile,3.9999123052883627,1.999992975634427,8.513080060580549,10.512999390234484,200
amplitude_change,fisher_trajectory,161,0.29292353596518494,0.501240066825701,-242.49759066844234,-251.8445936622949,-9.347002993852556,fisher_trajectory,wasserstein_quantile,3.999912446765171,1.999992975634427,-13.346915440617726,-11.346995969486983,200
amplitude_change,fisher_trajectory,162,0.3014381896921587,0.5011566762087714,-248.76733643259155,-252.92778858601469,-4.160452153423137,fisher_trajectory,wasserstein_quantile,3.9999139250609455,1.999992975634427,-8.160366078484081,-6.160445129057564,200
amplitude_change,fisher_trajectory,163,0.30896021333867474,0.4990076090666848,-267.5268660549252,-251.77773799788093,15.749128057044288,fisher_trajectory,wasserstein_quantile,3.9999152102402844,1.999992975634427,11.749212846804003,13.749135081409861,200
amplitude_change,fisher_trajectory,164,0.30051463033354125,0.5003841421828372,-269.1578636379014,-254.23340980386936,14.92445383403205,fisher_trajectory,wasserstein_quantile,3.999913765928979,1.999992975634427,10.92454006810307,12.924460858397623,200
amplitude_change,fisher_trajectory,165,0.3082526160585547,0.4995492834778449,-264.3766141622457,-251.47602856218134,12.900585600064346,fisher_trajectory,wasserstein_quantile,3.999915090165485,1.999992975634427,8.90067050989886,10.900592624429919,200
amplitude_change,fisher_trajectory,166,0.3136764600820429,0.49788985308511136,-247.9681278438539,-246.4239432131805,1.544184630673385,fisher_trajectory,wasserstein_quantile,3.999916006231775,1.999992975634427,-2.45573137555839,-0.45580834496104194,200
amplitude_change,fisher_trajectory,167,0.29184054972964985,0.4993068360528544,-260.9346817086614,-251.70202177935363,9.232659929307772,fisher_trajectory,wasserstein_quantile,3.999912256928539,1.999992975634427,5.232747672379233,7.232666953673345,200
amplitude_change,fisher_trajectory,168,0.300985581186988,0.4989769964479908,-253.48545339030863,-254.37126207556216,-0.8858086852535223,fisher_trajectory,wasserstein_quantile,3.9999138471119062,1.999992975634427,-4.8857225323654285,-2.8858016608879495,200
amplitude_change,fisher_trajectory,169,0.2941868165953695,0.4999530916912256,-277.3399913853139,-254.02202630504172,23.317965080272188,fisher_trajectory,wasserstein_quantile,3.9999126676867123,1.999992975634427,19.318052412585477,21.31797210463776,200
amplitude_change,fisher_trajectory,170,0.2998779059122897,0.5003211076893462,-250.11821301952273,-253.46624421736752,-3.34803119784479,fisher_trajectory,wasserstein_quantile,3.9999136560482147,1.999992975634427,-7.347944853893004,-5.348024173479217,200
amplitude_change,fisher_trajectory,171,0.30124898807451594,0.4994313741047469,-265.02660398231967,-254.46901137365145,10.557592608668216,fisher_trajectory,wasserstein_quantile,3.9999138924848916,1.999992975634427,6.557678716183324,8.557599633033789,200
amplitude_change,fisher_trajectory,172,0.3005924810039382,0.5000136814190205,-250.2468207194516,-254.43865592107258,-4.191835201620989,fisher_trajectory,wasserstein_quantile,3.999913779354223,1.999992975634427,-8.191748980975213,-6.191828177255417,200
amplitude_change,fisher_trajectory,173,0.30388513300093184,0.49935084138028735,-260.8051062067284,-253.74409227275578,7.0610139339726175,fisher_trajectory,wasserstein_quantile,3.9999143452582033,1.999992975634427,3.061099588714414,5.06102095833819,200
amplitude_change,fisher_trajectory,174,0.3061960004452326,0.4997838230980574,-248.21661487377685,-252.58278446218196,-4.366169588405114,fisher_trajectory,wasserstein_quantile,3.999914740204591,1.999992975634427,-8.366084328609706,-6.366162564039541,200
amplitude_change,fisher_trajectory,175,0.304358484019125,0.5008907011485235,-252.54197583352817,-253.34601625369018,-0.8040404201620106,fisher_trajectory,wasserstein_quantile,3.9999144263065243,1.999992975634427,-4.803954846468535,-2.804033395796438,200
amplitude_change,fisher_trajectory,176,0.2998729093536297,0.4988709784894887,-231.52812932288762,-252.2905491853048,-20.762419862417175,fisher_trajectory,wasserstein_quantile,3.9999136551853933,1.999992975634427,-24.76233351760257,-22.762412838051603,200
amplitude_change,fisher_trajectory,177,0.2991614041436551,0.502700904622514,-255.42875611926715,-248.86443099102573,6.564325128241421,fisher_trajectory,wasserstein_quantile,3.9999135322326778,1.999992975634427,2.5644115960087435,4.564332152606994,200
amplitude_change,fisher_trajectory,178,0.29373852677190176,0.49911587516202205,-263.7149467543076,-252.7941684379051,10.920778316402505,fisher_trajectory,wasserstein_quantile,3.9999125893540146,1.999992975634427,6.92086572704849,8.920785340768077,200
amplitude_change,fisher_trajectory,179,0.3030809922155669,0.5019215174046775,-226.79002421809417,-250.13609991320965,-23.346075695115474,fisher_trajectory,wasserstein_quantile,3.9999142073952374,1.999992975634427,-27.34598990251071,-25.3460686707499,200
amplitude_change,fisher_trajectory,180,0.2934853093786685,0.5005022843245599,-252.22116154473613,-252.3906241449139,-0.16946260017775217,fisher_trajectory,wasserstein_quantile,3.9999125450765893,1.999992975634427,-4.1693751452543415,-2.1694555758121794,200
amplitude_change,fisher_trajectory,181,0.3092965916271155,0.49941625395247186,-273.151248584167,-251.3855949778548,21.765653606312185,fisher_trajectory,wasserstein_quantile,3.9999152672620024,1.999992975634427,17.76573833905018,19.765660630677758,200
amplitude_change,fisher_trajectory,182,0.3070907882490295,0.5012603352247635,-251.73652292534007,-252.27381141793612,-0.5372884925960477,fisher_trajectory,wasserstein_quantile,3.999914892641709,1.999992975634427,-4.537203385237756,-2.537281468230475,200
amplitude_change,fisher_trajectory,183,0.30430300142561234,0.5013039550086487,-252.86902767486797,-253.6225811789644,-0.7535535040964305,fisher_trajectory,wasserstein_quantile,3.9999144168106255,1.999992975634427,-4.753467920907056,-2.7535464797308578,200
amplitude_change,fisher_trajectory,184,0.29565395100053504,0.5007648287390547,-269.379915223601,-252.04820785317034,17.331707370430678,fisher_trajectory,wasserstein_quantile,3.9999129235585222,1.999992975634427,13.331794446872156,15.33171439479625,200
amplitude_change,fisher_trajectory,185,0.3056328146587003,0.499770035000138,-237.35586838720258,-253.82712480005156,-16.471256412848987,fisher_trajectory,wasserstein_quantile,3.999914644119617,1.999992975634427,-20.471171056968604,-18.471249388483415,200
amplitude_change,fisher_trajectory,186,0.2948445639033469,0.4997293410808096,-248.4824806241041,-253.4758375567186,-4.993356932614489,fisher_trajectory,wasserstein_quantile,3.9999127824922893,1.999992975634427,-8.993269715106779,-6.993349908248916,200
amplitude_change,fisher_trajectory,187,0.29645514960553543,0.5010860615160035,-270.81013486463814,-252.5695973903501,18.240537474288033,fisher_trajectory,wasserstein_quantile,3.9999130629728983,1.999992975634427,14.240624411315135,16.240544498653605,200
amplitude_change,fisher_trajectory,188,0.3048791422662554,0.4992918174228251,-252.11774319798246,-253.8644166783611,-1.7466734803786323,fisher_trajectory,wasserstein_quantile,3.999914515366342,1.999992975634427,-5.746587995744974,-3.7466664560130596,200
amplitude_change,fisher_trajectory,189,0.30798280977199416,0.501378478016603,-260.43412192260644,-250.7177157222882,9.716406200318232,fisher_trajectory,wasserstein_quantile,3.9999150443362894,1.999992975634427,5.716491155981943,7.716413224683805,200
amplitude_change,fisher_trajectory,190,0.29114078087552214,0.5004729067467403,-272.0548789461705,-253.4379936368832,18.616885309287312,fisher_trajectory,wasserstein_quantile,3.9999121340472295,1.999992975634427,14.616973175240084,16.616892333652885,200
amplitude_change,fisher_trajectory,191,0.29977794145409353,0.49959512024481334,-250.61802636016182,-254.27457032060795,-3.656543960446129,fisher_trajectory,wasserstein_quantile,3.9999136387844434,1.999992975634427,-7.656457599230572,-5.656536936080556,200
amplitude_change,fisher_trajectory,192,0.29818627529027925,0.4995566876568704,-274.48501936779275,-255.01140333067,19.473616037122753,fisher_trajectory,wasserstein_quantile,3.9999133634396724,1.999992975634427,15.47370267368308,17.473623061488325,200
amplitude_change,fisher_trajectory,193,0.3031529210625956,0.5003427299480572,-255.74056541767413,-255.23483674002767,0.5057286776464593,fisher_trajectory,wasserstein_quantile,3.9999142197358513,1.999992975634427,-3.494185542089392,-1.4942642979879677,200
amplitude_change,fisher_trajectory,194,0.2953709752489019,0.500869264700653,-269.36271361365164,-252.95064758204825,16.412066031603388,fisher_trajectory,wasserstein_quantile,3.9999128742652807,1.999992975634427,12.412153157338107,14.41207305596896,200
amplitude_change,fisher_trajectory,195,0.30694410747926454,0.5009865915561698,-264.6793895027267,-252.45955271451135,12.219836788215332,fisher_trajectory,wasserstein_quantile,3.999914867671688,1.999992975634427,8.219921920543644,10.219843812580905,200
amplitude_change,fisher_trajectory,196,0.282934054932194,0.5003301055244594,-251.0770866135302,-246.59929651699983,4.477790096530384,fisher_trajectory,wasserstein_quantile,3.999910680015924,1.999992975634427,0.4778794165144604,2.477797120895957,200
amplitude_change,fisher_trajectory,197,0.3084154992128182,0.4990359879652382,-261.00796364664336,-250.47639154167348,10.531572104969882,fisher_trajectory,wasserstein_quantile,3.9999151178207857,1.999992975634427,6.531656987149097,8.531579129335455,200
amplitude_change,fisher_trajectory,198,0.2997375239609207,0.4999855544808973,-247.5419698800642,-253.59163691314163,-6.049667033077441,fisher_trajectory,wasserstein_quantile,3.9999136318034,1.999992975634427,-10.04958066488084,-8.049660008711868,200
amplitude_change,fisher_trajectory,199,0.29572605041103134,0.5005175039085404,-260.1287941644361,-254.89055153413977,5.238242630296327,fisher_trajectory,wasserstein_quantile,3.9999129361134926,1.999992975634427,1.2383296941828341,3.2382496546618995,200
amplitude_change,wasserstein_quantile,0,0.0,0.4992707030751867,-289.9519019026476,-302.40943856234605,-12.457536659698462,wasserstein_quantile,fisher_trajectory,1.999992975634427,3.9998427140211,-14.45752963533289,-16.45737937371956,200
amplitude_change,wasserstein_quantile,1,0.0,0.5004129722325588,-306.4701263106356,-303.404453098266,3.0656732123695747,wasserstein_quantile,fisher_trajectory,1.999992975634427,3.999842714021101,1.0656802367351477,-0.9341695016515263,200
amplitude_change,wasserstein_quantile,2,0.0,0.4997841016615669,-312.5684235101857,-302.07453498881273,10.49388852137298,wasserstein_quantile,fisher_trajectory,1.999992975634427,3.9998427140211015,8.493895545738553,6.494045807351879,200
amplitude_change,wasserstein_quantile,3,0.0,0.5004451655676145,-306.8343792543079,-303.50425947139763,3.3301197829102875,wasserstein_quantile,fisher_trajectory,1.999992975634427,3.999842714021101,1.3301268072758605,-0.6697229311108135,200
amplitude_change,wasserstein_quantile,4,0.0,0.5012092122759263,-297.640348692364,-301.1172485710187,-3.476899878654706,wasserstein_quantile,fisher_trajectory,1.999992975634427,3.999842714021097,-5.476892854289133,-7.476742592675803,200
amplitude_change,wasserstein_quantile,5,0.0,0.5003149088715882,-315.871290954418,-302.74661412885706,13.124676825560925,wasserstein_quantile,fisher_trajectory,1.999992975634427,3.9998427140211015,11.124683849926498,9.124834111539824,200
amplitude_change,wasserstein_quantile,6,0.0,0.5008789711435032,-306.63207173388275,-302.28089197849897,4.351179755383782,wasserstein_quantile,fisher_trajectory,1.999992975634427,3.9998427140210993,2.351186779749355,0.35133704136268307,200
amplitude_change,wasserstein_quantile,7,0.0,0.49954538517960034,-303.44991179999414,-301.932781561577,1.5171302384171668,wasserstein_quantile,fisher_trajectory,1.999992975634427,3.999842714021101,-0.48286273721726025,-2.4827124756039343,200
amplitude_change,wasserstein_quantile,8,0.0,0.5001896703487638,-291.87074765449165,-302.4128705724526,-10.542122917960967,wasserstein_quantile,fisher_trajectory,1.999992975634427,3.999842714021102,-12.542115893595394,-14.54196563198207,200
amplitude_change,wasserstein_quantile,9,0.0,0.4997775133676875,-302.848643870582,-303.5722697258962,-0.7236258553141965,wasserstein_quantile,fisher_trajectory,1.999992975634427,3.999842714021102,-2.723618830948624,-4.7234685693352985,200
amplitude_change,wasserstein_quantile,10,0.0,0.4997231617128381,-308.8446931225643,-302.20185626245114,6.642836860113164,wasserstein_quantile,fisher_trajectory,1.999992975634427,3.9998427140211015,4.6428438844787365,2.6429941460920623,200
amplitude_change,wasserstein_quantile,11,0.0,0.5001802630142689,-305.42400035019773,-303.2464258415666,2.177574508631153,wasserstein_quantile,fisher_trajectory,1.999992975634427,3.9998427140211015,0.17758153299672608,-1.8222682053899484,200
amplitude_change,wasserstein_quantile,12,0.0,0.5003030991653081,-289.87635392474954,-302.95008694813356,-13.073733023384023,wasserstein_quantile,fisher_trajectory,1.999992975634427,3.999842714021101,-15.07372599901845,-17.073575737405122,200
amplitude_change,wasserstein_quantile,13,0.0,0.4982178858028333,-304.8482423122922,-298.8206109181033,6.027631394188916,wasserstein_quantile,fisher_trajectory,1.999992975634427,3.999842714021091,4.0276384185544885,2.027788680167825,200
amplitude_change,wasserstein_quantile,14,0.0,0.5001656170188201,-291.8346220969016,-303.8872575154093,-12.052635418507691,wasserstein_quantile,fisher_trajectory,1.999992975634427,3.999842714021102,-14.052628394142118,-16.052478132528794,200
amplitude_change,wasserstein_quantile,15,0.0,0.49919332076414485,-301.28384115025113,-302.8494307000035,-1.5655895497523602,wasserstein_quantile,fisher_trajectory,1.999992975634427,3.9998427140210993,-3.5655825253867874,-5.5654322637734595,200
amplitude_change,wasserstein_quantile,16,0.0,0.49981527988464025,-321.7218444153164,-303.43227135831216,18.289573057004247,wasserstein_quantile,fisher_trajectory,1.999992975634427,3.999842714021102,16.28958008136982,14.289730342983145,200
amplitude_change,wasserstein_quantile,17,0.0,0.49764006975284375,-302.87186316105476,-296.47633555935033,6.39552760170443,wasserstein_quantile,fisher_trajectory,1.999992975634427,3.999842714021082,4.395534626070003,2.395684887683348,200
amplitude_change,wasserstein_quantile,18,0.0,0.4982761609778499,-303.4159525046305,-299.5829210773695,3.8330314272610053,wasserstein_quantile,fisher_trajectory,1.999992975634427,3.9998427140210913,1.8330384516265783,-0.16681128676008594,200
amplitude_change,wasserstein_quantile,19,0.0,0.4999903664144497,-319.2947389456628,-304.46050179659994,14.834237149062858,wasserstein_quantile,fisher_trajectory,1.999992975634427,3.999842714021102,12.83424417342843,10.834394435041755,200
amplitude_change,wasserstein_quantile,20,0.0,0.4999653867745836,-313.95853419125945,-302.09960320908147,11.85893098217798,wasserstein_quantile,fisher_trajectory,1.999992975634427,3.999842714021102,9.858938006543553,7.859088268156879,200
amplitude_change,wasserstein_quantile,21,0.0,0.5004363011108558,-298.2570334723796,-302.43627424335284,-4.1792407709732515,wasserstein_quantile,fisher_trajectory,1.999992975634427,3.999842714021101,-6.179233746607679,-8.179083484994353,200
amplitude_change,wasserstein_quantile,22,0.0,0.5022014044354889,-308.24720538334077,-297.7764837045014,10.470721678839368,wasserstein_quantile,fisher_trajectory,1.999992975634427,3.999842714021085,8.47072870320494,6.470878964818283,200
amplitude_change,wasserstein_quantile,23,0.0,0.4978337421123993,-300.3463361682623,-297.23806349495845,3.1082726733038726,wasserstein_quantile,fisher_trajectory,1.999992975634427,3.999842714021085,1.1082796976694456,-0.8915700407172125,200
amplitude_change,wasserstein_quantile,24,0.0,0.49940599386531304,-312.79949610861115,-301.5093580440031,11.290138064608072,wasserstein_quantile,fisher_trajectory,1.999992975634427,3.999842714021101,9.290145088973645,7.290295350586971,200
amplitude_change,wasserstein_quantile,25,0.0,0.49960954335549174,-303.02225416234506,-303.4376567112672,-0.41540254892214534,wasserstein_quantile,fisher_trajectory,1.999992975634427,3.999842714021102,-2.4153955245565726,-4.415245262943247,200
amplitude_change,wasserstein_quantile,26,0.0,0.5010178905833386,-313.8705737919993,-301.97837856606986,11.892195225929413,wasserstein_quantile,fisher_trajectory,1.999992975634427,3.9998427140210984,9.892202250294986,7.892352511908315,200
amplitude_change,wasserstein_quantile,27,0.0,0.5002424827253142,-319.10001240406757,-302.92123881811426,16.17877358595331,wasserstein_quantile,fisher_trajectory,1.999992975634427,3.999842714021102,14.178780610318881,12.178930871932206,200
amplitude_change,wasserstein_quantile,28,0.0,0.4992634204107111,-315.745760862272,-302.2843912790541,13.461369583217902,wasserstein_quantile,fisher_trajectory,1.999992975634427,3.9998427140210997,11.461376607583475,9.461526869196803,200
amplitude_change,wasserstein_quantile,29,0.0,0.4993756991703026,-302.8347953141715,-302.6001632165526,0.23463209761894177,wasserstein_quantile,fisher_trajectory,1.999992975634427,3.9998427140211,-1.7653608780154852,-3.7652106164021584,200
amplitude_change,wasserstein_quantile,30,0.0,0.5007761892584138,-318.43869942358333,-301.5316579060545,16.907041517528853,wasserstein_quantile,fisher_trajectory,1.999992975634427,3.9998427140211,14.907048541894426,12.907198803507754,200
amplitude_change,wasserstein_quantile,31,0.0,0.4992815062400096,-283.87530919253936,-302.0585424808501,-18.18323328831076,wasserstein_quantile,fisher_trajectory,1.999992975634427,3.9998427140211,-20.183226263945187,-22.18307600233186,200
amplitude_change,wasserstein_quantile,32,0.0,0.49992878823500225,-304.74248869248476,-302.407647900128,2.334840792356772,wasserstein_quantile,fisher_trajectory,1.999992975634427,3.999842714021102,0.334847816722345,-1.66500192166433,200
amplitude_change,wasserstein_quantile,33,0.0,0.49850483347358554,-301.30084516574436,-300.33404080304877,0.9668043626955978,wasserstein_quantile,fisher_trajectory,1.999992975634427,3.999842714021094,-1.0331886129388292,-3.033038351325496,200
amplitude_change,wasserstein_quantile,34,0.0,0.49981237371863757,-296.91001210162835,-302.42175774679964,-5.511745645171288,wasserstein_quantile,fisher_trajectory,1.999992975634427,3.999842714021102,-7.5117386208057155,-9.511588359192391,200
amplitude_change,wasserstein_quantile,35,0.0,0.5014512607889567,-293.5517827390406,-300.9073149313465,-7.355532192305873,wasserstein_quantile,fisher_trajectory,1.999992975634427,3.999842714021095,-9.3555251679403,-11.355374906326968,200
amplitude_change,wasserstein_quantile,36,0.0,0.49884126063096457,-294.19028718993985,-302.57906077201505,-8.388773582075203,wasserstein_quantile,fisher_trajectory,1.999992975634427,3.9998427140210975,-10.38876655770963,-12.3886162960963,200
amplitude_change,wasserstein_quantile,37,0.0,0.5011344432189668,-312.41783522351426,-301.31114783842213,11.10668738509213,wasserstein_quantile,fisher_trajectory,1.999992975634427,3.9998427140210975,9.106694409457702,7.106844671071032,200
amplitude_change,wasserstein_quantile,38,0.0,0.49970786207528994,-303.4123431703685,-303.90038211345177,-0.4880389430832679,wasserstein_quantile,fisher_trajectory,1.999992975634427,3.9998427140211015,-2.488031918717695,-4.487881657104369,200
amplitude_change,wasserstein_quantile,39,0.0,0.5004463183793363,-313.05180041706376,-303.0569772765239,9.994823140539836,wasserstein_quantile,fisher_trajectory,1.999992975634427,3.999842714021101,7.994830164905409,5.994980426518735,200
amplitude_change,wasserstein_quantile,40,0.0,0.500528174563585,-302.9780220943601,-303.03206936466023,-0.054047270300145556,wasserstein_quantile,fisher_trajectory,1.999992975634427,3.999842714021101,-2.054040245934573,-4.053889984321247,200
amplitude_change,wasserstein_quantile,41,0.0,0.5019767324132504,-301.2342227658317,-299.3742337287414,1.8599890370903154,wasserstein_quantile,fisher_trajectory,1.999992975634427,3.9998427140210886,-0.14000393854411164,-2.139853676930773,200
amplitude_change,wasserstein_quantile,42,0.0,0.4998883630092103,-314.4109968823299,-303.1699138957085,11.24108298662145,wasserstein_quantile,fisher_trajectory,1.999992975634427,3.9998427140211015,9.241090010987023,7.241240272600349,200
amplitude_change,wasserstein_quantile,43,0.0,0.5008400746125893,-314.21495232297394,-301.8172396929341,12.397712630039848,wasserstein_quantile,fisher_trajectory,1.999992975634427,3.9998427140210997,10.397719654405421,8.397869916018749,200
amplitude_change,wasserstein_quantile,44,0.0,0.4996910316164637,-305.3423903101177,-303.1739270890518,2.168463221065906,wasserstein_quantile,fisher_trajectory,1.999992975634427,3.999842714021102,0.16847024543147904,-1.8313794929551959,200
amplitude_change,wasserstein_quantile,45,0.0,0.5001068947780133,-295.41984488461975,-302.3409660278452,-6.9211211432254345,wasserstein_quantile,fisher_trajectory,1.999992975634427,3.9998427140211015,-8.921114118859862,-10.920963857246536,200
amplitude_change,wasserstein_quantile,46,0.0,0.4993906887334491,-309.77563119556663,-302.55356174354245,7.222069452024186,wasserstein_quantile,fisher_trajectory,1.999992975634427,3.9998427140211006,5.222076476389759,3.222226738003086,200
amplitude_change,wasserstein_quantile,47,0.0,0.4997350641128778,-307.1712568241199,-303.4884619409125,3.682794883207407,wasserstein_quantile,fisher_trajectory,1.999992975634427,3.999842714021102,1.68280190757298,-0.3170478308136948,200
amplitude_change,wasserstein_quantile,48,0.0,0.4996924728828723,-287.74959876844684,-303.20814482962066,-15.45854606117382,wasserstein_quantile,fisher_trajectory,1.999992975634427,3.999842714021102,-17.458539036808247,-19.458388775194923,200
amplitude_change,wasserstein_quantile,49,0.0,0.4987690567789295,-294.82794505743885,-302.1636853532536,-7.33574029581473,wasserstein_quantile,fisher_trajectory,1.999992975634427,3.9998427140210966,-9.335733271449158,-11.335583009835826,200
amplitude_change,wasserstein_quantile,50,0.0,0.4992875307043233,-291.40410135716854,-302.3121811415621,-10.908079784393578,wasserstein_quantile,fisher_trajectory,1.999992975634427,3.9998427140211,-12.908072760028006,-14.907922498414678,200
amplitude_change,wasserstein_quantile,51,0.0,0.5013649526080354,-313.61964168252786,-301.79560058404064,11.824041098487214,wasserstein_quantile,fisher_trajectory,1.999992975634427,3.9998427140210953,9.824048122852787,7.8241983844661185,200
amplitude_change,wasserstein_quantile,52,0.0,0.500055991876869,-298.25116011028143,-303.26751790478755,-5.016357794506121,wasserstein_quantile,fisher_trajectory,1.999992975634427,3.999842714021102,-7.016350770140548,-9.016200508527223,200
amplitude_change,wasserstein_quantile,53,0.0,0.5000181143957177,-308.11004329064184,-302.69892126100183,5.411122029640012,wasserstein_quantile,fisher_trajectory,1.999992975634427,3.999842714021102,3.4111290540055847,1.41127931561891,200
amplitude_change,wasserstein_quantile,54,0.0,0.4996608595425827,-295.8939375703835,-302.27411224133954,-6.380174670956023,wasserstein_quantile,fisher_trajectory,1.999992975634427,3.9998427140211015,-8.38016764659045,-10.380017384977124,200
amplitude_change,wasserstein_quantile,55,0.0,0.500282220971366,-318.9705289916577,-304.042954850055,14.92757414160269,wasserstein_quantile,fisher_trajectory,1.999992975634427,3.9998427140211015,12.927581165968263,10.92773142758159,200
amplitude_change,wasserstein_quantile,56,0.0,0.5005911538338333,-312.5342036442415,-302.85288707492424,9.681316569317232,wasserstein_quantile,fisher_trajectory,1.999992975634427,3.9998427140211,7.681323593682805,5.681473855296132,200
amplitude_change,wasserstein_quantile,57,0.0,0.4997171250670108,-300.88719723205884,-301.45092170276547,-0.5637244707066316,wasserstein_quantile,fisher_trajectory,1.999992975634427,3.999842714021101,-2.563717446341059,-4.563567184727733,200
amplitude_change,wasserstein_quantile,58,0.0,0.49952863446782003,-310.984167215596,-301.88298576095855,9.10118145463747,wasserstein_quantile,fisher_trajectory,1.999992975634427,3.9998427140211015,7.101188479003042,5.101338740616368,200
amplitude_change,wasserstein_quantile,59,0.0,0.500904745670639,-313.2465930853966,-304.0007171909996,9.245875894397045,wasserstein_quantile,fisher_trajectory,1.999992975634427,3.9998427140210993,7.245882918762618,5.246033180375946,200
amplitude_change,wasserstein_quantile,60,0.0,0.500078941114588,-307.6131968968674,-302.82323902352874,4.789957873338665,wasserstein_quantile,fisher_trajectory,1.999992975634427,3.999842714021102,2.7899648977042375,0.7901151593175628,200
amplitude_change,wasserstein_quantile,61,0.0,0.498850256259759,-316.9328342652903,-302.39118852379335,14.54164574149695,wasserstein_quantile,fisher_trajectory,1.999992975634427,3.999842714021097,12.541652765862523,10.541803027475853,200
amplitude_change,wasserstein_quantile,62,0.0,0.5001067790040034,-293.52616292474124,-303.7971239753185,-10.270961050577284,wasserstein_quantile,fisher_trajectory,1.999992975634427,3.9998427140211015,-12.270954026211712,-14.270803764598385,200
amplitude_change,wasserstein_quantile,63,0.0,0.5003091434489892,-289.65117769088675,-302.9132443112929,-13.26206662040613,wasserstein_quantile,fisher_trajectory,1.999992975634427,3.9998427140211015,-15.262059596040558,-17.261909334427234,200
amplitude_change,wasserstein_quantile,64,0.0,0.4986202349762835,-312.40630858750376,-300.09219106310906,12.314117524394703,wasserstein_quantile,fisher_trajectory,1.999992975634427,3.999842714021095,10.314124548760276,8.314274810373607,200
amplitude_change,wasserstein_quantile,65,0.0,0.5004566465571239,-297.05298948788806,-303.5283948570786,-6.475405369190526,wasserstein_quantile,fisher_trajectory,1.999992975634427,3.999842714021101,-8.475398344824953,-10.475248083211627,200
amplitude_change,wasserstein_quantile,66,0.0,0.4995864916587545,-308.2403186228785,-302.94588496478246,5.294433658096011,wasserstein_quantile,fisher_trajectory,1.999992975634427,3.999842714021101,3.294440682461584,1.2945909440749102,200
amplitude_change,wasserstein_quantile,67,0.0,0.5002361252947807,-312.89827900220575,-303.2053464952141,9.692932506991667,wasserstein_quantile,fisher_trajectory,1.999992975634427,3.999842714021102,7.69293953135724,5.693089792970565,200
amplitude_change,wasserstein_quantile,68,0.0,0.4994010878253753,-308.02539184414053,-303.53401667018557,4.491375173954964,wasserstein_quantile,fisher_trajectory,1.999992975634427,3.9998427140211006,2.4913821983205366,0.4915324599338633,200
amplitude_change,wasserstein_quantile,69,0.0,0.500211563022379,-310.6588672446852,-302.3249741772181,8.333893067467102,wasserstein_quantile,fisher_trajectory,1.999992975634427,3.9998427140211015,6.333900091832675,4.334050353446001,200
amplitude_change,wasserstein_quantile,70,0.0,0.49960249447205146,-309.37697184388423,-302.95269792103096,6.424273922853274,wasserstein_quantile,fisher_trajectory,1.999992975634427,3.999842714021101,4.424280947218847,2.424431208832173,200
amplitude_change,wasserstein_quantile,71,0.0,0.4989356620458923,-309.64679248167994,-301.1089217132913,8.537870768388643,wasserstein_quantile,fisher_trajectory,1.999992975634427,3.999842714021098,6.537877792754216,4.538028054367546,200
amplitude_change,wasserstein_quantile,72,0.0,0.5000466873032541,-310.69726494021944,-303.6119138297996,7.085351110419822,wasserstein_quantile,fisher_trajectory,1.999992975634427,3.999842714021102,5.085358134785395,3.08550839639872,200
amplitude_change,wasserstein_quantile,73,0.0,0.5000651603456292,-293.1940702011102,-303.3708141973741,-10.176743996263895,wasserstein_quantile,fisher_trajectory,1.999992975634427,3.999842714021102,-12.176736971898322,-14.176586710284997,200
amplitude_change,wasserstein_quantile,74,0.0,0.49903275201108116,-299.12017029620426,-302.0133258329587,-2.8931555367544206,wasserstein_quantile,fisher_trajectory,1.999992975634427,3.999842714021099,-4.893148512388848,-6.89299825077552,200
amplitude_change,wasserstein_quantile,75,0.0,0.5020725015720556,-315.793772198978,-298.9842926341686,16.809479564809408,wasserstein_quantile,fisher_trajectory,1.999992975634427,3.999842714021087,14.80948658917498,12.809636850788321,200
amplitude_change,wasserstein_quantile,76,0.0,0.5017647850879025,-300.9254458432678,-299.9830344049308,0.9424114383370465,wasserstein_quantile,fisher_trajectory,1.999992975634427,3.999842714021091,-1.0575815372973805,-3.0574312756840443,200
amplitude_change,wasserstein_quantile,77,0.0,0.49917007440299105,-314.54804139609973,-301.8873756671376,12.660665728962158,wasserstein_quantile,fisher_trajectory,1.999992975634427,3.9998427140210993,10.66067275332773,8.660823014941059,200
amplitude_change,wasserstein_quantile,78,0.0,0.49943964896410864,-295.07990840173164,-302.606199338416,-7.526290936684347,wasserstein_quantile,fisher_trajectory,1.999992975634427,3.999842714021101,-9.526283912318775,-11.526133650705448,200
amplitude_change,wasserstein_quantile,79,0.0,0.5000409884458933,-294.3809826726878,-302.8560998089735,-8.47511713628569,wasserstein_quantile,fisher_trajectory,1.999992975634427,3.999842714021102,-10.475110111920117,-12.474959850306792,200
amplitude_change,wasserstein_quantile,80,0.0,0.498933207649448,-298.80415324762095,-301.82894501362466,-3.024791766003716,wasserstein_quantile,fisher_trajectory,1.999992975634427,3.999842714021098,-5.024784741638143,-7.0246344800248135,200
amplitude_change,wasserstein_quantile,81,0.0,0.4987855976017726,-301.61975043990714,-302.05736758181325,-0.43761714190611656,wasserstein_quantile,fisher_trajectory,1.999992975634427,3.9998427140210966,-2.437610117540544,-4.437459855927213,200
amplitude_change,wasserstein_quantile,82,0.0,0.5008263968139857,-306.77266191564183,-303.8905973470197,2.882064568622127,wasserstein_quantile,fisher_trajectory,1.999992975634427,3.9998427140210993,0.8820715929876999,-1.1177781453989724,200
amplitude_change,wasserstein_quantile,83,0.0,0.4984524075659884,-314.28442798126713,-300.5920082836035,13.692419697663638,wasserstein_quantile,fisher_trajectory,1.999992975634427,3.9998427140210935,11.69242672202921,9.692576983642544,200
amplitude_change,wasserstein_quantile,84,0.0,0.499126101365727,-317.68307658725223,-301.6566832761796,16.02639331107264,wasserstein_quantile,fisher_trajectory,1.999992975634427,3.9998427140210993,14.026400335438211,12.02655059705154,200
amplitude_change,wasserstein_quantile,85,0.0,0.4982555193959464,-305.95011244340964,-300.4896189435278,5.4604934998818635,wasserstein_quantile,fisher_trajectory,1.999992975634427,3.9998427140210913,3.4605005242474363,1.4606507858607722,200
amplitude_change,wasserstein_quantile,86,0.0,0.5014249189962009,-305.8517019901469,-300.45208198473074,5.399620005416182,wasserstein_quantile,fisher_trajectory,1.999992975634427,3.999842714021095,3.3996270297817546,1.399777291395087,200
amplitude_change,wasserstein_quantile,87,0.0,0.5006182353339018,-301.4482095093033,-302.4651153656349,-1.0169058563316185,wasserstein_quantile,fisher_trajectory,1.999992975634427,3.999842714021101,-3.0168988319660457,-5.0167485703527195,200
amplitude_change,wasserstein_quantile,88,0.0,0.5007553610380281,-310.94891702237146,-302.1448809766865,8.804036045684938,wasserstein_quantile,fisher_trajectory,1.999992975634427,3.9998427140211,6.804043070050511,4.804193331663838,200
amplitude_change,wasserstein_quantile,89,0.0,0.5004843411065876,-290.49571426754386,-302.4386281295901,-11.942913862046225,wasserstein_quantile,fisher_trajectory,1.999992975634427,3.999842714021101,-13.942906837680653,-15.942756576067326,200
amplitude_change,wasserstein_quantile,90,0.0,0.4997342107444835,-308.20246622498325,-303.4597292752987,4.74273694968457,wasserstein_quantile,fisher_trajectory,1.999992975634427,3.999842714021101,2.7427439740501427,0.7428942356634689,200
amplitude_change,wasserstein_quantile,91,0.0,0.49989572364742346,-284.08375785510134,-302.27763188687345,-18.19387403177211,wasserstein_quantile,fisher_trajectory,1.999992975634427,3.999842714021102,-20.19386700740654,-22.193716745793214,200
amplitude_change,wasserstein_quantile,92,0.0,0.49956001531586797,-294.1776822771818,-302.50931248682355,-8.33163020964173,wasserstein_quantile,fisher_trajectory,1.999992975634427,3.999842714021101,-10.331623185276158,-12.331472923662831,200
amplitude_change,wasserstein_quantile,93,0.0,0.5007161724205064,-309.3006674501892,-302.57564605888604,6.725021391303187,wasserstein_quantile,fisher_trajectory,1.999992975634427,3.9998427140211,4.72502841566876,2.725178677282087,200
amplitude_change,wasserstein_quantile,94,0.0,0.49898946100975194,-306.8696947868671,-301.56986046016624,5.299834326700875,wasserstein_quantile,fisher_trajectory,1.999992975634427,3.9998427140210984,3.2998413510664477,1.2999916126797766,200
amplitude_change,wasserstein_quantile,95,0.0,0.5008686925978487,-307.99706435315136,-302.23591967459674,5.761144678554615,wasserstein_quantile,fisher_trajectory,1.999992975634427,3.9998427140210993,3.7611517029201877,1.7613019645335157,200
amplitude_change,wasserstein_quantile,96,0.0,0.5004909971046155,-312.11313602300936,-301.7097881966218,10.403347826387574,wasserstein_quantile,fisher_trajectory,1.999992975634427,3.999842714021101,8.403354850753146,6.403505112366473,200
amplitude_change,wasserstein_quantile,97,0.0,0.4991698191943737,-313.6157999296986,-302.14554386156954,11.47025606812906,wasserstein_quantile,fisher_trajectory,1.999992975634427,3.9998427140210993,9.470263092494633,7.470413354107961,200
amplitude_change,wasserstein_quantile,98,0.0,0.5010108600971628,-313.9385649329152,-301.6167601460322,12.321804786882979,wasserstein_quantile,fisher_trajectory,1.999992975634427,3.9998427140210984,10.321811811248551,8.32196207286188,200
amplitude_change,wasserstein_quantile,99,0.0,0.49981565293290103,-313.60783763026643,-302.0155303016167,11.592307328649724,wasserstein_quantile,fisher_trajectory,1.999992975634427,3.999842714021102,9.592314353015297,7.592464614628622,200
amplitude_change,wasserstein_quantile,100,0.0,0.4995517238663577,-298.675808886836,-304.4997578350485,-5.8239489482124895,wasserstein_quantile,fisher_trajectory,1.999992975634427,3.999842714021101,-7.823941923846917,-9.82379166223359,200
amplitude_change,wasserstein_quantile,101,0.0,0.49818159849590155,-297.88194850279626,-300.57773504142386,-2.695786538627601,wasserstein_quantile,fisher_trajectory,1.999992975634427,3.99984271402109,-4.695779514262028,-6.695629252648692,200
amplitude_change,wasserstein_quantile,102,0.0,0.49951788155535826,-312.3054171914418,-302.91455846378886,9.390858727652926,wasserstein_quantile,fisher_trajectory,1.999992975634427,3.999842714021101,7.390865752018499,5.391016013631825,200
amplitude_change,wasserstein_quantile,103,0.0,0.49976724412552737,-302.56008891314434,-302.5088565778847,0.05123233525961268,wasserstein_quantile,fisher_trajectory,1.999992975634427,3.999842714021102,-1.9487606403748143,-3.9486103787614892,200
amplitude_change,wasserstein_quantile,104,0.0,0.4976352486287389,-296.713410565859,-296.38753765267825,0.32587291318077405,wasserstein_quantile,fisher_trajectory,1.999992975634427,3.9998427140210824,-1.674120062453653,-3.6739698008403083,200
amplitude_change,wasserstein_quantile,105,0.0,0.5004120843453501,-304.8776985850447,-302.6821904100969,2.195508174947804,wasserstein_quantile,fisher_trajectory,1.999992975634427,3.999842714021101,0.19551519931337702,-1.804334539073297,200
amplitude_change,wasserstein_quantile,106,0.0,0.49875230743654597,-301.20707448866494,-302.14645070370875,-0.9393762150438079,wasserstein_quantile,fisher_trajectory,1.999992975634427,3.9998427140210966,-2.939369190678235,-4.9392189290649045,200
amplitude_change,wasserstein_quantile,107,0.0,0.49989967832281607,-296.9508346634681,-303.3653897810891,-6.414555117621035,wasserstein_quantile,fisher_trajectory,1.999992975634427,3.999842714021102,-8.414548093255462,-10.414397831642138,200
amplitude_change,wasserstein_quantile,108,0.0,0.49983415169090734,-316.1937429995127,-303.59761823264563,12.596124766867092,wasserstein_quantile,fisher_trajectory,1.999992975634427,3.999842714021102,10.596131791232665,8.59628205284599,200
amplitude_change,wasserstein_quantile,109,0.0,0.5005410438078111,-314.392283730987,-303.41022283723873,10.982060893748269,wasserstein_quantile,fisher_trajectory,1.999992975634427,3.9998427140211006,8.982067918113842,6.982218179727168,200
amplitude_change,wasserstein_quantile,110,0.0,0.49955525314649446,-311.32192485936207,-302.70720554341153,8.614719315950538,wasserstein_quantile,fisher_trajectory,1.999992975634427,3.9998427140211015,6.6147263403161105,4.614876601929437,200
amplitude_change,wasserstein_quantile,111,0.0,0.49967429352325,-303.7274787806545,-302.80987717380214,0.9176016068523722,wasserstein_quantile,fisher_trajectory,1.999992975634427,3.999842714021102,-1.0823913687820548,-3.0822411071687297,200
amplitude_change,wasserstein_quantile,112,0.0,0.4992201104126735,-312.90926061531155,-302.3153579359989,10.593902679312635,wasserstein_quantile,fisher_trajectory,1.999992975634427,3.9998427140210993,8.593909703678207,6.594059965291535,200
amplitude_change,wasserstein_quantile,113,0.0,0.5015512784526139,-307.4662893238043,-300.1571613199247,7.309128003879607,wasserstein_quantile,fisher_trajectory,1.999992975634427,3.999842714021093,5.30913502824518,3.309285289858514,200
amplitude_change,wasserstein_quantile,114,0.0,0.50087183391078,-306.8252908246682,-301.5196681389248,5.305622685743344,wasserstein_quantile,fisher_trajectory,1.999992975634427,3.9998427140210993,3.305629710108917,1.3057799717222451,200
amplitude_change,wasserstein_quantile,115,0.0,0.4998719096095792,-304.31846723536955,-304.04336517559966,0.27510205976989255,wasserstein_quantile,fisher_trajectory,1.999992975634427,3.999842714021102,-1.7248909158645345,-3.7247406542512094,200
amplitude_change,wasserstein_quantile,116,0.0,0.4999480066357836,-314.7399032644561,-303.8425850668671,10.897318197588959,wasserstein_quantile,fisher_trajectory,1.999992975634427,3.999842714021102,8.897325221954532,6.897475483567857,200
amplitude_change,wasserstein_quantile,117,0.0,0.4996720161396638,-292.85652126231435,-302.72494750585344,-9.86842624353909,wasserstein_quantile,fisher_trajectory,1.999992975634427,3.9998427140211015,-11.868419219173518,-13.868268957560192,200
amplitude_change,wasserstein_quantile,118,0.0,0.49864766405919037,-317.3205971087546,-301.08566728264236,16.23492982611225,wasserstein_quantile,fisher_trajectory,1.999992975634427,3.9998427140210957,14.234936850477823,12.235087112091154,200
amplitude_change,wasserstein_quantile,119,0.0,0.498676808072522,-313.9268811603412,-299.70368927523816,14.223191885103063,wasserstein_quantile,fisher_trajectory,1.999992975634427,3.9998427140210957,12.223198909468636,10.223349171081967,200
amplitude_change,wasserstein_quantile,120,0.0,0.4983203801600457,-300.4826948997892,-300.34529906604575,0.137395833743426,wasserstein_quantile,fisher_trajectory,1.999992975634427,3.999842714021092,-1.862597141891001,-3.862446880277666,200
amplitude_change,wasserstein_quantile,121,0.0,0.4993312979607198,-301.7770136960173,-303.31458892948535,-1.5375752334680328,wasserstein_quantile,fisher_trajectory,1.999992975634427,3.9998427140211,-3.53756820910246,-5.537417947489133,200
amplitude_change,wasserstein_quantile,122,0.0,0.499114009737171,-294.88348179566924,-303.69633103409126,-8.812849238422018,wasserstein_quantile,fisher_trajectory,1.999992975634427,3.9998427140210993,-10.812842214056445,-12.812691952443117,200
amplitude_change,wasserstein_quantile,123,0.0,0.4994220303945062,-296.3579904341854,-302.51464252267635,-6.156652088490944,wasserstein_quantile,fisher_trajectory,1.999992975634427,3.999842714021101,-8.156645064125371,-10.156494802512045,200
amplitude_change,wasserstein_quantile,124,0.0,0.5000142959720087,-308.3554209264446,-303.19050557744885,5.1649153489957484,wasserstein_quantile,fisher_trajectory,1.999992975634427,3.999842714021102,3.164922373361321,1.1650726349746465,200
amplitude_change,wasserstein_quantile,125,0.0,0.499409990552893,-297.16605112987975,-303.61859120838074,-6.452540078500988,wasserstein_quantile,fisher_trajectory,1.999992975634427,3.9998427140211,-8.452533054135415,-10.452382792522087,200
amplitude_change,wasserstein_quantile,126,0.0,0.5002021217599855,-293.90871644501897,-303.7735376951927,-9.864821250173748,wasserstein_quantile,fisher_trajectory,1.999992975634427,3.999842714021102,-11.864814225808175,-13.86466396419485,200
amplitude_change,wasserstein_quantile,127,0.0,0.500803766360298,-313.09083168178216,-301.5357943890981,11.555037292684062,wasserstein_quantile,fisher_trajectory,1.999992975634427,3.9998427140210993,9.555044317049635,7.555194578662963,200
amplitude_change,wasserstein_quantile,128,0.0,0.49897465124289303,-299.6822661327251,-302.539609813855,-2.857343681129919,wasserstein_quantile,fisher_trajectory,1.999992975634427,3.9998427140210984,-4.857336656764346,-6.857186395151017,200
amplitude_change,wasserstein_quantile,129,0.0,0.5000313638861122,-296.67669130463975,-303.6005224181754,-6.923831113535641,wasserstein_quantile,fisher_trajectory,1.999992975634427,3.999842714021102,-8.923824089170068,-10.923673827556744,200
amplitude_change,wasserstein_quantile,130,0.0,0.4999529882470355,-320.31399602234455,-303.4107390977815,16.90325692456304,wasserstein_quantile,fisher_trajectory,1.999992975634427,3.9998427140211024,14.903263948928611,12.903414210541936,200
amplitude_change,wasserstein_quantile,131,0.0,0.4995617021777075,-316.97192877904234,-302.5631970632803,14.40873171576203,wasserstein_quantile,fisher_trajectory,1.999992975634427,3.999842714021101,12.408738740127603,10.40888900174093,200
amplitude_change,wasserstein_quantile,132,0.0,0.49893760053003233,-299.5878502948675,-301.8801224045673,-2.292272109699809,wasserstein_quantile,fisher_trajectory,1.999992975634427,3.999842714021098,-4.292265085334236,-6.292114823720906,200
amplitude_change,wasserstein_quantile,133,0.0,0.4994198533302448,-309.8216512082485,-303.12909718367735,6.692554024571166,wasserstein_quantile,fisher_trajectory,1.999992975634427,3.999842714021101,4.692561048936739,2.692711310550065,200
amplitude_change,wasserstein_quantile,134,0.0,0.5012639023797277,-296.7216750312619,-300.35019042584884,-3.628515394586941,wasserstein_quantile,fisher_trajectory,1.999992975634427,3.999842714021096,-5.628508370221368,-7.628358108608037,200
amplitude_change,wasserstein_quantile,135,0.0,0.4999704290509958,-310.29928399306334,-302.125653543658,8.173630449405323,wasserstein_quantile,fisher_trajectory,1.999992975634427,3.999842714021102,6.173637473770896,4.173787735384221,200
amplitude_change,wasserstein_quantile,136,0.0,0.4993332089208729,-296.29195417405606,-303.7691392812434,-7.477185107187324,wasserstein_quantile,fisher_trajectory,1.999992975634427,3.9998427140211,-9.477178082821752,-11.477027821208424,200
amplitude_change,wasserstein_quantile,137,0.0,0.5015994116163934,-309.01855428967986,-300.17816342538003,8.84039086429982,wasserstein_quantile,fisher_trajectory,1.999992975634427,3.999842714021093,6.840397888665393,4.840548150278727,200
amplitude_change,wasserstein_quantile,138,0.0,0.5008038139274203,-303.3786815980547,-302.3380800782294,1.0406015198253158,wasserstein_quantile,fisher_trajectory,1.999992975634427,3.9998427140210993,-0.9593914558091112,-2.9592411941957835,200
amplitude_change,wasserstein_quantile,139,0.0,0.49908893580497304,-289.52424844314385,-303.08609274549343,-13.561844302349584,wasserstein_quantile,fisher_trajectory,1.999992975634427,3.999842714021099,-15.561837277984012,-17.561687016370684,200
amplitude_change,wasserstein_quantile,140,0.0,0.4995160977004787,-301.0069993466922,-303.86956027797123,-2.862560931279006,wasserstein_quantile,fisher_trajectory,1.999992975634427,3.999842714021101,-4.862553906913433,-6.862403645300107,200
amplitude_change,wasserstein_quantile,141,0.0,0.49882006583000393,-304.8036835698953,-300.23837306676546,4.565310503129865,wasserstein_quantile,fisher_trajectory,1.999992975634427,3.9998427140210966,2.565317527495438,0.5654677891087685,200
amplitude_change,wasserstein_quantile,142,0.0,0.5006008362904135,-295.9777630806972,-301.9353508915925,-5.9575878108953475,wasserstein_quantile,fisher_trajectory,1.999992975634427,3.999842714021101,-7.957580786529775,-9.957430524916449,200
amplitude_change,wasserstein_quantile,143,0.0,0.5023568567613107,-296.1173582901787,-296.7741195554158,-0.656761265237094,wasserstein_quantile,fisher_trajectory,1.999992975634427,3.9998427140210824,-2.6567542408715212,-4.656603979258176,200
amplitude_change,wasserstein_quantile,144,0.0,0.49989937303377374,-310.93960887097,-303.49037911060947,7.449229760360538,wasserstein_quantile,fisher_trajectory,1.999992975634427,3.999842714021102,5.449236784726111,3.449387046339436,200
amplitude_change,wasserstein_quantile,145,0.0,0.4996737439885379,-308.5702010113489,-301.80455251117695,6.765648500171949,wasserstein_quantile,fisher_trajectory,1.999992975634427,3.999842714021102,4.765655524537522,2.765805786150847,200
amplitude_change,wasserstein_quantile,146,0.0,0.5005896934747573,-291.30626596209595,-303.08705421234487,-11.780788250248918,wasserstein_quantile,fisher_trajectory,1.999992975634427,3.9998427140211006,-13.780781225883345,-15.780630964270019,200
amplitude_change,wasserstein_quantile,147,0.0,0.4996528608842675,-302.1271434553859,-301.5887250002642,0.5384184551217004,wasserstein_quantile,fisher_trajectory,1.999992975634427,3.9998427140211015,-1.4615745205127266,-3.461424258899401,200
amplitude_change,wasserstein_quantile,148,0.0,0.49997601192988755,-306.0223263821338,-303.33828401641455,2.6840423657192787,wasserstein_quantile,fisher_trajectory,1.999992975634427,3.999842714021102,0.6840493900848517,-1.3158003483018232,200
amplitude_change,wasserstein_quantile,149,0.0,0.5004160607608553,-323.8651192514176,-303.08270789655467,20.782411354862916,wasserstein_quantile,fisher_trajectory,1.999992975634427,3.999842714021101,18.78241837922849,16.782568640841816,200
amplitude_change,wasserstein_quantile,150,0.0,0.499529400818899,-286.8033765610817,-302.893588028039,-16.090211466957328,wasserstein_quantile,fisher_trajectory,1.999992975634427,3.999842714021101,-18.090204442591755,-20.090054180978427,200
amplitude_change,wasserstein_quantile,151,0.0,0.5011022009427413,-291.4653518167709,-300.8176639573014,-9.3523121405305,wasserstein_quantile,fisher_trajectory,1.999992975634427,3.999842714021098,-11.352305116164928,-13.352154854551598,200
amplitude_change,wasserstein_quantile,152,0.0,0.49953264358965893,-305.367881198987,-303.18482002836555,2.1830611706214427,wasserstein_quantile,fisher_trajectory,1.999992975634427,3.999842714021101,0.18306819498701565,-1.8167815433996584,200
amplitude_change,wasserstein_quantile,153,0.0,0.49887392636662625,-297.7473704805057,-301.43586422648383,-3.6884937459781213,wasserstein_quantile,fisher_trajectory,1.999992975634427,3.9998427140210975,-5.6884867216125485,-7.688336459999219,200
amplitude_change,wasserstein_quantile,154,0.0,0.4984530061124753,-286.5145079225153,-299.2532398099026,-12.738731887387303,wasserstein_quantile,fisher_trajectory,1.999992975634427,3.9998427140210935,-14.73872486302173,-16.738574601408395,200
amplitude_change,wasserstein_quantile,155,0.0,0.5017432608077661,-305.3074630206969,-299.3893192143763,5.918143806320586,wasserstein_quantile,fisher_trajectory,1.999992975634427,3.9998427140210913,3.9181508306861588,1.9183010922994947,200
amplitude_change,wasserstein_quantile,156,0.0,0.5001824364606247,-312.6368191087465,-303.7154857487208,8.921333360025699,wasserstein_quantile,fisher_trajectory,1.999992975634427,3.999842714021102,6.9213403843912715,4.921490646004597,200
amplitude_change,wasserstein_quantile,157,0.0,0.5001758061365424,-305.10048916634383,-303.5754054822995,1.5250836840443185,wasserstein_quantile,fisher_trajectory,1.999992975634427,3.999842714021102,-0.47490929159010853,-2.4747590299767834,200
amplitude_change,wasserstein_quantile,158,0.0,0.5019719423303731,-302.69645057089593,-298.1720711510818,4.5243794198141245,wasserstein_quantile,fisher_trajectory,1.999992975634427,3.999842714021088,2.5243864441796973,0.5245367057930364,200
amplitude_change,wasserstein_quantile,159,0.0,0.5012722749170487,-303.6100668152474,-301.5544930683269,2.0555737469205155,wasserstein_quantile,fisher_trajectory,1.999992975634427,3.9998427140210957,0.055580771286088515,-1.9442689671005802,200
amplitude_change,wasserstein_quantile,160,0.0,0.49921211668232496,-300.5522176501142,-302.1924156014808,-1.6401979513665879,wasserstein_quantile,fisher_trajectory,1.999992975634427,3.9998427140210997,-3.640190927001015,-5.640040665387687,200
amplitude_change,wasserstein_quantile,161,0.0,0.5018109070491154,-293.7501885789788,-300.0681780274185,-6.317989448439732,wasserstein_quantile,fisher_trajectory,1.999992975634427,3.9998427140210904,-8.31798242407416,-10.317832162460823,200
amplitude_change,wasserstein_quantile,162,0.0,0.5005044101208654,-305.43493651478883,-302.81012629994837,2.6248102148404655,wasserstein_quantile,fisher_trajectory,1.999992975634427,3.999842714021101,0.6248172392060385,-1.3750324991806355,200
amplitude_change,wasserstein_quantile,163,0.0,0.49995306347945456,-303.95457014126873,-303.79296966289456,0.1616004783741687,wasserstein_quantile,fisher_trajectory,1.999992975634427,3.999842714021102,-1.8383924972602583,-3.8382422356469332,200
amplitude_change,wasserstein_quantile,164,0.0,0.5004638633408313,-307.10709721539547,-304.29445703829884,2.8126401770966254,wasserstein_quantile,fisher_trajectory,1.999992975634427,3.999842714021101,0.8126472014621984,-1.1872025369244756,200
amplitude_change,wasserstein_quantile,165,0.0,0.5003877769430588,-311.4828062401631,-302.6447553924229,8.838050847740192,wasserstein_quantile,fisher_trajectory,1.999992975634427,3.9998427140211015,6.8380578721057645,4.838208133719091,200
amplitude_change,wasserstein_quantile,166,0.0,0.5002578505429186,-306.83529810536425,-303.9359600294809,2.8993380758833496,wasserstein_quantile,fisher_trajectory,1.999992975634427,3.999842714021102,0.8993451002489226,-1.1005046381377523,200
amplitude_change,wasserstein_quantile,167,0.0,0.5000325305125948,-306.58683965740113,-303.4475805655142,3.139259091886913,wasserstein_quantile,fisher_trajectory,1.999992975634427,3.999842714021102,1.1392661162524862,-0.8605836221341887,200
amplitude_change,wasserstein_quantile,168,0.0,0.4990302062451125,-309.0253919194381,-302.57607698551533,6.449314933922778,wasserstein_quantile,fisher_trajectory,1.999992975634427,3.9998427140210984,4.449321958288351,2.44947221990168,200
amplitude_change,wasserstein_quantile,169,0.0,0.4987790063318145,-301.4920819040882,-300.7384766333413,0.7536052707469025,wasserstein_quantile,fisher_trajectory,1.999992975634427,3.999842714021096,-1.2463877048875245,-3.2462374432741936,200
amplitude_change,wasserstein_quantile,170,0.0,0.5006925710721262,-289.81440442953806,-302.44136006220583,-12.626955632667773,wasserstein_quantile,fisher_trajectory,1.999992975634427,3.9998427140211,-14.6269486083022,-16.626798346688872,200
amplitude_change,wasserstein_quantile,171,0.0,0.499876172101772,-300.8781700460894,-303.86890107519116,-2.9907310291017666,wasserstein_quantile,fisher_trajectory,1.999992975634427,3.999842714021102,-4.990724004736194,-6.9905737431228685,200
amplitude_change,wasserstein_quantile,172,0.0,0.4995476603571748,-305.91371211543,-304.58868440612935,1.3250277093006275,wasserstein_quantile,fisher_trajectory,1.999992975634427,3.999842714021101,-0.6749652663337995,-2.6748150047204735,200
amplitude_change,wasserstein_quantile,173,0.0,0.5008026059584524,-308.56680503927373,-302.8080821826012,5.758722856672534,wasserstein_quantile,fisher_trajectory,1.999992975634427,3.9998427140210997,3.758729881038107,1.7588801426514347,200
amplitude_change,wasserstein_quantile,174,0.0,0.4997330471567831,-303.7093554240071,-303.0987916143861,0.6105638096209987,wasserstein_quantile,fisher_trajectory,1.999992975634427,3.999842714021102,-1.3894291660134284,-3.3892789044001033,200
amplitude_change,wasserstein_quantile,175,0.0,0.49874819441494866,-320.2436455041912,-300.3985055327193,19.845139971471895,wasserstein_quantile,fisher_trajectory,1.999992975634427,3.9998427140210966,17.845146995837467,15.845297257450799,200
amplitude_change,wasserstein_quantile,176,0.0,0.4998520541120867,-310.82779591127957,-303.5252833102573,7.302512601022272,wasserstein_quantile,fisher_trajectory,1.999992975634427,3.999842714021102,5.302519625387845,3.30266988700117,200
amplitude_change,wasserstein_quantile,177,0.0,0.4999659115151032,-309.03947940279124,-303.5440509491021,5.495428453689158,wasserstein_quantile,fisher_trajectory,1.999992975634427,3.9998427140211015,3.4954354780547305,1.4955857396680563,200
amplitude_change,wasserstein_quantile,178,0.0,0.49903655528504154,-294.7440465923805,-302.697581454755,-7.953534862374454,wasserstein_quantile,fisher_trajectory,1.999992975634427,3.999842714021099,-9.953527838008881,-11.953377576395553,200
amplitude_change,wasserstein_quantile,179,0.0,0.500486540763689,-299.91116553831864,-302.49844790995263,-2.5872823716339894,wasserstein_quantile,fisher_trajectory,1.999992975634427,3.999842714021101,-4.587275347268417,-6.5871250856550905,200
amplitude_change,wasserstein_quantile,180,0.0,0.5002257887506133,-306.345155906274,-303.59020080239986,2.7549551038741242,wasserstein_quantile,fisher_trajectory,1.999992975634427,3.999842714021102,0.7549621282396972,-1.2448876101469777,200
amplitude_change,wasserstein_quantile,181,0.0,0.5002734956462648,-313.5528438295704,-302.3809084858912,11.171935343679195,wasserstein_quantile,fisher_trajectory,1.999992975634427,3.999842714021102,9.171942368044768,7.172092629658093,200
amplitude_change,wasserstein_quantile,182,0.0,0.49829053928542194,-308.9449078989156,-299.1733659459679,9.7715419529477,wasserstein_quantile,fisher_trajectory,1.999992975634427,3.9998427140210913,7.771548977313273,5.771699238926609,200
amplitude_change,wasserstein_quantile,183,0.0,0.5012008465321496,-306.04269303665603,-301.29857703769625,4.744115998959785,wasserstein_quantile,fisher_trajectory,1.999992975634427,3.9998427140210966,2.7441230233253577,0.7442732849386884,200
amplitude_change,wasserstein_quantile,184,0.0,0.49892143328791,-314.44916438685107,-302.87963168134826,11.569532705502809,wasserstein_quantile,fisher_trajectory,1.999992975634427,3.9998427140210975,9.569539729868382,7.569689991481711,200
amplitude_change,wasserstein_quantile,185,0.0,0.4979687273092229,-301.7593838543086,-298.30607010638676,3.453313747921868,wasserstein_quantile,fisher_trajectory,1.999992975634427,3.999842714021087,1.453320772287441,-0.5465289660992187,200
amplitude_change,wasserstein_quantile,186,0.0,0.5017682158216066,-316.8867829781811,-300.1477875458724,16.738995432308684,wasserstein_quantile,fisher_trajectory,1.999992975634427,3.999842714021091,14.739002456674257,12.739152718287594,200
amplitude_change,wasserstein_quantile,187,0.0,0.5005789050405012,-306.8134465912057,-304.13210959003436,2.6813370011713573,wasserstein_quantile,fisher_trajectory,1.999992975634427,3.999842714021101,0.6813440255369303,-1.3185057128497437,200
amplitude_change,wasserstein_quantile,188,0.0,0.5008048597957034,-299.11330012692775,-302.0810017760246,-2.9677016490968526,wasserstein_quantile,fisher_trajectory,1.999992975634427,3.9998427140210993,-4.96769462473128,-6.967544363117952,200
amplitude_change,wasserstein_quantile,189,0.0,0.49933111519463536,-312.85098863804046,-301.1551688701073,11.695819767933187,wasserstein_quantile,fisher_trajectory,1.999992975634427,3.9998427140211,9.69582679229876,7.695977053912087,200
amplitude_change,wasserstein_quantile,190,0.0,0.4995364805828324,-314.4754863769095,-303.32853741424026,11.146948962669228,wasserstein_quantile,fisher_trajectory,1.999992975634427,3.999842714021101,9.1469559870348,7.147106248648127,200
amplitude_change,wasserstein_quantile,191,0.0,0.49949119956968957,-305.50671021412825,-304.1899078194408,1.3168023946874428,wasserstein_quantile,fisher_trajectory,1.999992975634427,3.999842714021101,-0.6831905809469843,-2.6830403193336583,200
amplitude_change,wasserstein_quantile,192,0.0,0.49831370129813707,-294.650998385888,-299.4261755175493,-4.775177131661337,wasserstein_quantile,fisher_trajectory,1.999992975634427,3.999842714021092,-6.775170107295764,-8.77501984568243,200
amplitude_change,wasserstein_quantile,193,0.0,0.5008005953828307,-296.78256394979013,-300.86653310369434,-4.0839691539042065,wasserstein_quantile,fisher_trajectory,1.999992975634427,3.9998427140210993,-6.083962129538634,-8.083811867925306,200
amplitude_change,wasserstein_quantile,194,0.0,0.4988484992018381,-314.7204953187576,-301.47116640133703,13.249328917420598,wasserstein_quantile,fisher_trajectory,1.999992975634427,3.9998427140210975,11.249335941786171,9.249486203399501,200
amplitude_change,wasserstein_quantile,195,0.0,0.4999394286722716,-309.9898776109267,-304.0962412277081,5.89363638321862,wasserstein_quantile,fisher_trajectory,1.999992975634427,3.999842714021102,3.893643407584193,1.8937936691975183,200
amplitude_change,wasserstein_quantile,196,0.0,0.5012068257672821,-302.6399048350429,-301.97499933481134,0.6649055002315549,wasserstein_quantile,fisher_trajectory,1.999992975634427,3.999842714021097,-1.335087475402872,-3.334937213789542,200
amplitude_change,wasserstein_quantile,197,0.0,0.5015235178132776,-307.34160285091446,-300.47575339723977,6.865849453674684,wasserstein_quantile,fisher_trajectory,1.999992975634427,3.9998427140210935,4.865856478040257,2.866006739653591,200
amplitude_change,wasserstein_quantile,198,0.0,0.4996658453354446,-301.5089304473931,-303.3842770607695,-1.8753466133763936,wasserstein_quantile,fisher_trajectory,1.999992975634427,3.9998427140211015,-3.875339589010821,-5.875189327397495,200
amplitude_change,wasserstein_quantile,199,0.0,0.5010125815355402,-294.57358559900996,-301.68225843307476,-7.108672834064805,wasserstein_quantile,fisher_trajectory,1.999992975634427,3.9998427140210984,-9.108665809699232,-11.108515548085904,200
time_shift,fisher_trajectory,0,0.013445694545661944,0.6201686198043537,-245.8768241624974,-251.94080595587147,-6.063981793374069,fisher_trajectory,wasserstein_quantile,3.9998468858826834,1.999992975634427,-10.063828679256751,-8.063974769008496,200
time_shift,fisher_trajectory,1,-0.003207932080653657,0.619939155121249,-253.32193326051706,-253.9315744532909,-0.6096411927738359,fisher_trajectory,wasserstein_quantile,3.9998417005396547,1.999992975634427,-4.609482893313491,-2.609634168408263,200
time_shift,fisher_trajectory,2,0.008773425030865869,0.6193020790290572,-248.95739819721757,-253.51939462959896,-4.561996432381392,fisher_trajectory,wasserstein_quantile,3.9998454485388404,1.999992975634427,-8.561841880920232,-6.561989408015819,200
time_shift,fisher_trajectory,3,-0.009867859290655331,0.6194601173093482,-255.26596208840937,-253.44870218651977,1.8172599018895994,fisher_trajectory,wasserstein_quantile,3.9998395780774096,1.999992975634427,-2.1825796761878102,-0.1827330737448276,200
time_shift,fisher_trajectory,4,0.010978090615047623,0.6191981597190106,-274.01368493990293,-251.81081036105002,22.202874578852914,fisher_trajectory,wasserstein_quantile,3.9998461284706894,1.999992975634427,18.203028450382224,20.202881603218486,200
time_shift,fisher_trajectory,5,-0.0026737367687191416,0.6218037507279479,-258.3129427617267,-253.1119497919934,5.200992969733278,fisher_trajectory,wasserstein_quantile,3.999841869441992,1.999992975634427,1.2011511002912858,3.2009999940988507,200
time_shift,fisher_trajectory,6,-0.01964073743638528,0.6185137827956042,-261.894214782136,-247.29131540257538,14.602899379560597,fisher_trajectory,wasserstein_quantile,3.9998364119347496,1.999992975634427,10.603062967625847,12.60290640392617,200
time_shift,fisher_trajectory,7,0.004791545122345639,0.6182673761458224,-246.6559250060846,-253.40301169089275,-6.747086684808153,fisher_trajectory,wasserstein_quantile,3.999844212952641,1.999992975634427,-10.746930897760794,-8.74707966044258,200
time_shift,fisher_trajectory,8,0.010617663538724665,0.6230650261190624,-266.80843539160145,-249.82757041526665,16.9808649763348,fisher_trajectory,wasserstein_quantile,3.9998460172685846,1.999992975634427,12.981018959066216,14.980872000700373,200
time_shift,fisher_trajectory,9,-0.002378606167995916,0.6216828550332634,-275.42986238283885,-253.24261036576115,22.187252017077697,fisher_trajectory,wasserstein_quantile,3.999841962755042,1.999992975634427,18.187410054322655,20.18725904144327,200
time_shift,fisher_trajectory,10,0.00978887220656395,0.6187615242224881,-266.3689563032324,-253.11127028326283,13.257686019969555,fisher_trajectory,wasserstein_quantile,3.9998457621097776,1.999992975634427,9.257840257859776,11.257693044335127,200
time_shift,fisher_trajectory,11,-0.008701478771975713,0.6202442983593731,-252.84043888010518,-253.76297100152024,-0.9225321214150597,fisher_trajectory,wasserstein_quantile,3.9998399517935352,1.999992975634427,-4.922372073208595,-2.922525097049487,200
time_shift,fisher_trajectory,12,-0.002737541621822726,0.6196488352652054,-250.8160682555881,-254.2145336023432,-3.3984653467551027,fisher_trajectory,wasserstein_quantile,3.9998418494031496,1.999992975634427,-7.398307196158252,-5.39845832238953,200
time_shift,fisher_trajectory,13,0.0039554066937864864,0.6190618372158663,-253.42039602282557,-254.54917218987677,-1.1287761670511998,fisher_trajectory,wasserstein_quantile,3.9998439521862714,1.999992975634427,-5.128620119237471,-3.128769142685627,200
time_shift,fisher_trajectory,14,0.0031708352510718654,0.6179403258388116,-253.84916529578157,-252.18438853266176,1.6647767631198178,fisher_trajectory,wasserstein_quantile,3.9998437072127375,1.999992975634427,-2.3350669440929197,-0.3352162125146092,200
time_shift,fisher_trajectory,15,-0.029827970319781575,0.6193215410591952,-252.7818445419401,-243.41745525771387,9.364389284226235,fisher_trajectory,wasserstein_quantile,3.999833044907702,1.999992975634427,5.364556239318532,7.364396308591807,200
time_shift,fisher_trajectory,16,3.0247831187797396e-05,0.6193779037477072,-256.75432889603405,-253.2767148331324,3.477614062901665,fisher_trajectory,wasserstein_quantile,3.999842722400188,1.999992975634427,-0.5222286594985226,1.4776210872672382,200
time_shift,fisher_trajectory,17,-0.002734307502265603,0.6194171316839359,-254.69659430430443,-253.9810576171077,0.7155366871967317,fisher_trajectory,wasserstein_quantile,3.999841850440218,1.999992975634427,-3.284305163243486,-1.2844562884376953,200
time_shift,fisher_trajectory,18,0.002538868054396352,0.6179996256840653,-249.8112899508672,-253.30740501733803,-3.4961150664708214,fisher_trajectory,wasserstein_quantile,3.999843509553297,1.999992975634427,-7.495958576024119,-5.496108042105249,200
time_shift,fisher_trajectory,19,0.004933235236568699,0.6202537772501122,-278.4434857985787,-253.6086748228184,24.83481097576032,fisher_trajectory,wasserstein_quantile,3.9998442569724197,1.999992975634427,20.8349667187879,22.834818000125892,200
time_shift,fisher_trajectory,20,0.003415164698780099,0.6202616603771677,-253.0792275014133,-254.05787215186658,-0.9786446504532762,fisher_trajectory,wasserstein_quantile,3.9998437834257006,1.999992975634427,-4.978488433878977,-2.9786376260877034,200
time_shift,fisher_trajectory,21,0.017548496593999027,0.6195466938260361,-249.71078206875205,-250.79459043464655,-1.0838083658944981,fisher_trajectory,wasserstein_quantile,3.9998481370955963,1.999992975634427,-5.083656502990094,-3.0838013415289254,200
time_shift,fisher_trajectory,22,0.006559248584864577,0.6207377219314624,-266.2115160258019,-254.66772642806802,11.543789597733905,fisher_trajectory,wasserstein_quantile,3.9998447625677516,1.999992975634427,7.543944835166154,9.543796622099478,200
time_shift,fisher_trajectory,23,-0.0021434629083100314,0.6201093984676496,-245.99754650499858,-254.8962530578493,-8.898706552850712,fisher_trajectory,wasserstein_quantile,3.999842037158632,1.999992975634427,-12.898548590009344,-10.898699528485139,200
time_shift,fisher_trajectory,24,0.003430964738635751,0.6204531186338207,-256.92398421003077,-253.73779551185078,3.18618869817999,fisher_trajectory,wasserstein_quantile,3.999843788349698,1.999992975634427,-0.8136550901697079,1.1861957225455628,200
time_shift,fisher_trajectory,25,0.001756613351710091,0.618540110607512,-249.52732060690283,-254.3063935803246,-4.779072973421762,fisher_trajectory,wasserstein_quantile,3.999843264515791,1.999992975634427,-8.778916237937553,-6.779065949056189,200
time_shift,fisher_trajectory,26,0.004102958809610868,0.6216680997307215,-236.54362670407255,-253.09972478697216,-16.55609808289961,fisher_trajectory,wasserstein_quantile,3.9998439980627136,1.999992975634427,-20.555942080962325,-18.556091058534037,200
time_shift,fisher_trajectory,27,0.002286246474176643,0.6189780871266978,-259.09513726091177,-254.54365174502695,4.551485515884821,fisher_trajectory,wasserstein_quantile,3.9998434304163943,1.999992975634427,0.5516420854684263,2.5514925402503934,200
time_shift,fisher_trajectory,28,0.001017628162062396,0.6195845607086177,-254.52386047176378,-254.85841156140015,-0.3345510896363635,fisher_trajectory,wasserstein_quantile,3.9998430326469796,1.999992975634427,-4.334394122283343,-2.3345440652707907,200
time_shift,fisher_trajectory,29,-0.010863388313172679,0.6189010638290389,-261.38723097472365,-252.3645188073931,9.022712167330553,fisher_trajectory,wasserstein_quantile,3.999839258404958,1.999992975634427,5.022872908925596,7.022719191696126,200
time_shift,fisher_trajectory,30,0.001662301868163795,0.6182027855646177,-261.5777167581173,-253.53807651192278,8.039640246194494,fisher_trajectory,wasserstein_quantile,3.9998432349702764,1.999992975634427,4.039797011224218,6.039647270560067,200
time_shift,fisher_trajectory,31,0.004115037598407209,0.620226948841713,-259.6656000672539,-253.36417266631915,6.3014274009347275,fisher_trajectory,wasserstein_quantile,3.9998440019245147,1.999992975634427,2.301583399010213,4.3014344253003,200
time_shift,fisher_trajectory,32,0.007145221116523537,0.6199509025920767,-246.936943702941,-254.3489029585371,-7.411959255596116,fisher_trajectory,wasserstein_quantile,3.999844944428636,1.999992975634427,-11.411804200024752,-9.411952231230543,200
time_shift,fisher_trajectory,33,0.011047661370027897,0.620260269960104,-255.27260816435341,-253.68053188031342,1.5920762840399902,fisher_trajectory,wasserstein_quantile,3.9998461498138997,1.999992975634427,-2.4077698657739095,-0.4079166915944368,200
time_shift,fisher_trajectory,34,0.0071705919872799,0.6214069220106556,-251.03812519304813,-252.49750041151023,-1.4593752184620996,fisher_trajectory,wasserstein_quantile,3.9998449522031434,1.999992975634427,-5.459220170665243,-3.459368194096527,200
time_shift,fisher_trajectory,35,-0.0139552946762874,0.6189286793352521,-233.01867801222483,-249.40771377473106,-16.38903576250624,fisher_trajectory,wasserstein_quantile,3.999838261393368,1.999992975634427,-20.388874023899607,-18.389028738140667,200
time_shift,fisher_trajectory,36,0.005396936884455507,0.6179883981866865,-247.45385490156139,-251.56608025830334,-4.112225356741959,fisher_trajectory,wasserstein_quantile,3.999844401466583,1.999992975634427,-8.112069758208541,-6.112218332376386,200
time_shift,fisher_trajectory,37,-0.0012271866722700767,0.6184819220916679,-274.2208867062872,-252.9806719276867,21.240214778600517,fisher_trajectory,wasserstein_quantile,3.999842326448325,1.999992975634427,17.240372452152194,19.24022180296609,200
time_shift,fisher_trajectory,38,0.005024083810972343,0.6205434112104662,-238.6670576915481,-254.32966463817345,-15.662606946625345,fisher_trajectory,wasserstein_quantile,3.9998442852478844,1.999992975634427,-19.66245123187323,-17.662599922259773,200
time_shift,fisher_trajectory,39,-0.002222965452691987,0.6194947916621009,-261.3028738485387,-253.63807907971568,7.664794768823015,fisher_trajectory,wasserstein_quantile,3.9998420120794496,1.999992975634427,3.664952756743565,5.6648017931885875,200
time_shift,fisher_trajectory,40,0.0017163501771772936,0.6198098672213985,-256.52319260226705,-254.28122850911356,2.2419640931534843,fisher_trajectory,wasserstein_quantile,3.999843251819096,1.999992975634427,-1.7578791586656117,0.2419711175190573,200
time_shift,fisher_trajectory,41,0.008276178217610673,0.6194705943912485,-267.7549356029208,-253.62108550431483,14.133850098605961,fisher_trajectory,wasserstein_quantile,3.999845294761621,1.999992975634427,10.134004803844341,12.133857122971534,200
time_shift,fisher_trajectory,42,0.004186065647227903,0.6200988747036584,-244.17473672806491,-254.65309881532357,-10.47836208725866,fisher_trajectory,wasserstein_quantile,3.9998440240899917,1.999992975634427,-14.478206111348651,-12.478355062893087,200
time_shift,fisher_trajectory,43,-0.01633932947221627,0.6200483536863096,-245.44867919856978,-250.72359548547473,-5.274916286904954,fisher_trajectory,wasserstein_quantile,3.9998374883518926,1.999992975634427,-9.274753775256848,-7.274909262539381,200
time_shift,fisher_trajectory,44,-0.0010957214665662772,0.6199566297817879,-261.5751377470761,-255.64467093590054,5.930466811175563,fisher_trajectory,wasserstein_quantile,3.999842367808818,1.999992975634427,1.930624443366745,3.930473835541136,200
time_shift,fisher_trajectory,45,0.004458040658455048,0.6202580687710454,-265.22239070451656,-254.88451783995137,10.337872864565185,fisher_trajectory,wasserstein_quantile,3.999844108894712,1.999992975634427,6.338028755670473,8.337879888930757,200
time_shift,fisher_trajectory,46,0.0015347935778843333,0.6205506071188012,-267.4177150275445,-253.7952134293434,13.622501598201097,fisher_trajectory,wasserstein_quantile,3.9998431948486175,1.999992975634427,9.62265840335248,11.62250862256667,200
time_shift,fisher_trajectory,47,-0.0022359475682172335,0.619696495501634,-241.25516543105877,-253.81872081490184,-12.563555383843067,fisher_trajectory,wasserstein_quantile,3.999842007965254,1.999992975634427,-16.56339739180832,-14.563548359477494,200
time_shift,fisher_trajectory,48,0.009374149432698079,0.6182890827168769,-266.59737377241646,-251.64779538482983,14.949578387586627,fisher_trajectory,wasserstein_quantile,3.9998456341596444,1.999992975634427,10.949732753426982,12.9495854119522,200
time_shift,fisher_trajectory,49,-0.0063778587695401505,0.6185258114874644,-256.4574280333649,-252.84573112812433,3.611696905240592,fisher_trajectory,wasserstein_quantile,3.9998406939074034,1.999992975634427,-0.3881437886668113,1.611703929606165,200
time_shift,fisher_trajectory,50,-0.002526436624783709,0.6210636948642536,-242.8255896676142,-254.64688552685763,-11.821295859243435,fisher_trajectory,wasserstein_quantile,3.999841916067269,1.999992975634427,-15.821137775310703,-13.821288834877862,200
time_shift,fisher_trajectory,51,-0.0066753218742910065,0.6190227107081385,-249.56281439809834,-253.28389434992766,-3.7210799518293243,fisher_trajectory,wasserstein_quantile,3.9998405990804926,1.999992975634427,-7.720920550909817,-5.7210729274637515,200
time_shift,fisher_trajectory,52,0.006633148264979252,0.6194880791381571,-257.6239815594318,-253.78848616550806,3.835495393923736,fisher_trajectory,wasserstein_quantile,3.9998447855859056,1.999992975634427,-0.16434939166216944,1.8355024182893092,200
time_shift,fisher_trajectory,53,0.006129595816585069,0.6214378197738342,-256.86069659200285,-252.6400325246949,4.2206640673079505,fisher_trajectory,wasserstein_quantile,3.999844629076951,1.999992975634427,0.2208194382309996,2.2206710916735233,200
time_shift,fisher_trajectory,54,-0.018487103583316983,0.6206392506137465,-268.2572400616207,-249.37032186549385,18.886918196126828,fisher_trajectory,wasserstein_quantile,3.9998367887814408,1.999992975634427,14.887081407345388,16.8869252204924,200
time_shift,fisher_trajectory,55,0.005146617819345429,0.6210155606264571,-249.7897396368474,-254.0954983580832,-4.305758721235804,fisher_trajectory,wasserstein_quantile,3.999844323371202,1.999992975634427,-8.305603044607007,-6.305751696870232,200
time_shift,fisher_trajectory,56,0.011720658551221948,0.621707615971952,-248.21327448883432,-252.02309517788868,-3.809820689054362,fisher_trajectory,wasserstein_quantile,3.9998463566505156,1.999992975634427,-7.809667045704877,-5.8098136646887895,200
time_shift,fisher_trajectory,57,0.0009377415685130807,0.6181500415250043,-263.9754289886273,-254.54503811251706,9.430390876110238,fisher_trajectory,wasserstein_quantile,3.9998430076516938,1.999992975634427,5.430547868458544,7.4303979004758105,200
time_shift,fisher_trajectory,58,0.006491365332746061,0.6194852702998341,-278.55853542554667,-252.92224110352308,25.636294322023588,fisher_trajectory,wasserstein_quantile,3.999844741569108,1.999992975634427,21.63644958045448,23.63630134638916,200
time_shift,fisher_trajectory,59,0.001268746856789038,0.6231694744094044,-240.8323779026787,-250.99638965711642,-10.164011754437723,fisher_trajectory,wasserstein_quantile,3.999843111217855,1.999992975634427,-14.163854865655578,-12.16400473007215,200
time_shift,fisher_trajectory,60,0.0011977720390093862,0.620274236303125,-251.3369590725228,-255.25575344004952,-3.918794367526715,fisher_trajectory,wasserstein_quantile,3.999843089143864,1.999992975634427,-7.918637456670579,-5.918787343161142,200
time_shift,fisher_trajectory,61,-0.021614906477005782,0.6223095522864042,-254.86024405517793,-245.5543171512617,9.30592690391623,fisher_trajectory,wasserstein_quantile,3.9998357645477016,1.999992975634427,5.306091139368529,7.305933928281803,200
time_shift,fisher_trajectory,62,0.0011727410822099996,0.6201265829994481,-233.1774013204875,-255.77707596554205,-22.599674645054563,fisher_trajectory,wasserstein_quantile,3.9998430812981853,1.999992975634427,-26.599517726352747,-24.59966762068899,200
time_shift,fisher_trajectory,63,-0.00043992736469059993,0.6200888249753301,-259.54820622086964,-254.2815883235745,5.266617897295134,fisher_trajectory,wasserstein_quantile,3.9998425744003097,1.999992975634427,1.2667753228948246,3.266624921660707,200
time_shift,fisher_trajectory,64,-0.003751700696915077,0.6213342718267826,-264.48359789960875,-253.09236492732475,11.391232972284001,fisher_trajectory,wasserstein_quantile,3.9998415282100916,1.999992975634427,7.39139144407391,9.391239996649574,200
time_shift,fisher_trajectory,65,0.019213906423278082,0.6204401902965456,-254.35650751738558,-250.46244772423665,3.8940597931489265,fisher_trajectory,wasserstein_quantile,3.9998486419973585,1.999992975634427,-0.10578884884843198,1.8940668175144995,200
time_shift,fisher_trajectory,66,0.005318534637130649,0.6194590239750856,-247.77372425862328,-253.98851779554423,-6.214793536920951,fisher_trajectory,wasserstein_quantile,3.999844376982631,1.999992975634427,-10.214637913903582,-8.214786512555378,200
time_shift,fisher_trajectory,67,0.002620350230260341,0.6217064108112853,-245.23973124025696,-253.45455303805073,-8.214821797793775,fisher_trajectory,wasserstein_quantile,3.9998435348235315,1.999992975634427,-12.214665332617306,-10.214814773428202,200
time_shift,fisher_trajectory,68,-0.018825012103219515,0.6220380380647571,-263.31255271151616,-247.65675065936418,15.655802052151984,fisher_trajectory,wasserstein_quantile,3.9998366783537245,1.999992975634427,11.65596537379826,13.655809076517556,200
time_shift,fisher_trajectory,69,0.010451926375325715,0.6195879482373879,-251.64555504879036,-252.15108733290995,-0.5055322841195959,fisher_trajectory,wasserstein_quantile,3.999845966449162,1.999992975634427,-4.505378250568758,-2.505525259754023,200
time_shift,fisher_trajectory,70,0.0020034461224039124,0.6200912517575947,-269.418181099411,-253.87038693635805,15.54779416305297,fisher_trajectory,wasserstein_quantile,3.99984334177363,1.999992975634427,11.54795082127934,13.547801187418543,200
time_shift,fisher_trajectory,71,-0.011036841283087493,0.6212322017741428,-263.58613975962356,-252.9127378977263,10.673401861897275,fisher_trajectory,wasserstein_quantile,3.9998392024876157,1.999992975634427,6.67356265940966,8.673408886262848,200
time_shift,fisher_trajectory,72,-0.008271853441957038,0.6221587419123744,-257.1632529494035,-251.52567105960992,5.63758188979358,fisher_trajectory,wasserstein_quantile,3.9998400891181207,1.999992975634427,1.6377418006754594,3.637588914159153,200
time_shift,fisher_trajectory,73,0.0028918052129873416,0.6184802708563926,-270.0425845143036,-254.88535731787567,15.157227196427925,fisher_trajectory,wasserstein_quantile,3.9998436199426273,1.999992975634427,11.157383576485298,13.157234220793498,200
time_shift,fisher_trajectory,74,-0.0006879596485757263,0.6190192836830373,-271.7142065828152,-255.04252360730493,16.671682975510294,fisher_trajectory,wasserstein_quantile,3.999842496357957,1.999992975634427,12.671840479152337,14.671689999875866,200
time_shift,fisher_trajectory,75,0.001535494130378763,0.6184457784375773,-266.7204368017879,-252.43275649811326,14.287680303674648,fisher_trajectory,wasserstein_quantile,3.999843195195865,1.999992975634427,10.287837108478783,12.28768732804022,200
time_shift,fisher_trajectory,76,0.006408298582046358,0.6198635000147574,-265.6365338762592,-253.57701341761197,12.059520458647228,fisher_trajectory,wasserstein_quantile,3.9998447157520767,1.999992975634427,8.059675742895152,10.0595274830128,200
time_shift,fisher_trajectory,77,0.0060156537324096105,0.6181966887893858,-265.62920691386506,-253.6351339656016,11.994072948263465,fisher_trajectory,wasserstein_quantile,3.999844593866543,1.999992975634427,7.994228354396922,9.994079972629038,200
time_shift,fisher_trajectory,78,-0.0014817708362399751,0.6203456616759512,-251.42772477335814,-254.45533285097176,-3.027608077613621,fisher_trajectory,wasserstein_quantile,3.999842246037525,1.999992975634427,-7.027450323651147,-5.027601053248048,200
time_shift,fisher_trajectory,79,-0.005306830327464241,0.6196679934721969,-268.23896924438924,-255.1990619475439,13.039907296845342,fisher_trajectory,wasserstein_quantile,3.9998410346940787,1.999992975634427,9.040066262151264,11.039914321210915,200
time_shift,fisher_trajectory,80,-0.01245150941996512,0.6211232274644404,-269.90011011592264,-252.60381466419662,17.296295451726024,fisher_trajectory,wasserstein_quantile,3.9998387469304864,1.999992975634427,13.296456704795538,15.296302476091597,200
time_shift,fisher_trajectory,81,-0.013307588859670599,0.6187529336557233,-272.63842776802153,-250.90120012043212,21.737227647589407,fisher_trajectory,wasserstein_quantile,3.9998384707726236,1.999992975634427,17.737389176816784,19.73723467195498,200
time_shift,fisher_trajectory,82,0.008873252654690258,0.6207079442874528,-255.18658827242953,-251.4356012438917,3.7509870285378213,fisher_trajectory,wasserstein_quantile,3.9998454793047125,1.999992975634427,-0.24885845076689117,1.7509940529033943,200
time_shift,fisher_trajectory,83,0.0011677194756022319,0.6208348232541305,-242.68038900174318,-254.3271182919214,-11.646729290178229,fisher_trajectory,wasserstein_quantile,3.9998430796771904,1.999992975634427,-15.64657236985542,-13.646722265812656,200
time_shift,fisher_trajectory,84,0.02203790390532114,0.6223233106016364,-247.73337486255562,-245.00712882216382,2.7262460403918,fisher_trajectory,wasserstein_quantile,3.999849494284283,1.999992975634427,-1.2736034538924832,0.7262530647573728,200
time_shift,fisher_trajectory,85,0.005264769777913071,0.6226227186942253,-255.39560627932394,-251.71231244719198,3.683293832131966,fisher_trajectory,wasserstein_quantile,3.999844360042875,1.999992975634427,-0.3165505279109091,1.683300856497539,200
time_shift,fisher_trajectory,86,-0.001244665371293212,0.6193782285701914,-263.8253527914422,-254.13632674033775,9.689026051104435,fisher_trajectory,wasserstein_quantile,3.999842320883669,1.999992975634427,5.6891837302207655,7.689033075470007,200
time_shift,fisher_trajectory,87,0.006802115628507807,0.6224590495612801,-240.03629990336412,-250.74932388678036,-10.713023983416235,fisher_trajectory,wasserstein_quantile,3.999844837834057,1.999992975634427,-14.712868821250293,-12.713016959050663,200
time_shift,fisher_trajectory,88,0.02366289313644776,0.6211425844551687,-233.752254323211,-245.72011328114613,-11.967858957935135,fisher_trajectory,wasserstein_quantile,3.9998499826773806,1.999992975634427,-15.967708940612516,-13.967851933569563,200
time_shift,fisher_trajectory,89,-0.00624793190698641,0.6215301087642524,-258.635535300249,-252.6744160303223,5.961119269926684,fisher_trajectory,wasserstein_quantile,3.999840735105591,1.999992975634427,1.9612785348210928,3.9611262942922565,200
time_shift,fisher_trajectory,90,-0.012746001717246568,0.6193101634548185,-262.9191395545193,-252.87264403908077,10.046495515438522,fisher_trajectory,wasserstein_quantile,3.999838652050408,1.999992975634427,6.046656863388114,8.046502539804095,200
time_shift,fisher_trajectory,91,0.005093621141978821,0.6196781094409858,-253.92721585393065,-255.68715933216933,-1.7599434782386822,fisher_trajectory,wasserstein_quantile,3.9998443069546665,1.999992975634427,-5.759787785193349,-3.7599364538731095,200
time_shift,fisher_trajectory,92,-0.0021359876439555644,0.6189417833599143,-253.61378035273574,-253.32599646211295,0.28778389062279075,fisher_trajectory,wasserstein_quantile,3.999842039591451,1.999992975634427,-3.7120581489686604,-1.7122090850116363,200
time_shift,fisher_trajectory,93,0.004714630824373947,0.620323556945412,-264.14558702454167,-254.54062196160876,9.604965062932905,fisher_trajectory,wasserstein_quantile,3.9998441888652576,1.999992975634427,5.605120874067648,7.604972087298478,200
time_shift,fisher_trajectory,94,-0.016188772199602096,0.6203294981089055,-252.9092562127953,-251.66852901124744,1.2407272015478554,fisher_trajectory,wasserstein_quantile,3.9998375372576374,1.999992975634427,-2.759110335709782,-0.7592657740865716,200
time_shift,fisher_trajectory,95,0.010381793171756434,0.6193908160808533,-275.43582864394443,-253.33396449473742,22.101864149207017,fisher_trajectory,wasserstein_quantile,3.9998459448549974,1.999992975634427,18.10201820435202,20.10187117357259,200
time_shift,fisher_trajectory,96,-0.00023162284305617515,0.6193890465907964,-259.19125405655194,-254.75553886157323,4.435715194978712,fisher_trajectory,wasserstein_quantile,3.9998426400104385,1.999992975634427,0.4358725549682738,2.435722219344285,200
time_shift,fisher_trajectory,97,0.011247845458195361,0.6200851060493244,-245.588725922737,-252.24161898932743,-6.652893066590423,fisher_trajectory,wasserstein_quantile,3.999846211405198,1.999992975634427,-10.652739277995622,-8.65288604222485,200
time_shift,fisher_trajectory,98,-0.003364279236056199,0.6189829747341584,-246.98752096862387,-254.48728686404516,-7.499765895421291,fisher_trajectory,wasserstein_quantile,3.999841651094157,1.999992975634427,-11.499607546515447,-9.499758871055718,200
time_shift,fisher_trajectory,99,-0.01019950088093486,0.6219608176239155,-259.3603149321813,-251.58982641100937,7.770488521171956,fisher_trajectory,wasserstein_quantile,3.999839471478944,1.999992975634427,3.7706490496930116,5.770495545537528,200
time_shift,fisher_trajectory,100,-0.0006323319944484167,0.6211393343761399,-263.50506166465533,-254.71812257300314,8.786939091652187,fisher_trajectory,wasserstein_quantile,3.9998425137460885,1.999992975634427,4.787096577906098,6.786946116017759,200
time_shift,fisher_trajectory,101,0.0029788628718155326,0.6191917098002135,-255.86783622526343,-254.28973968562323,1.5780965396401996,fisher_trajectory,wasserstein_quantile,3.999843647125126,1.999992975634427,-2.4217471074849266,-0.42189643599422744,200
time_shift,fisher_trajectory,102,-0.0019068202140686405,0.6219940989712436,-250.441827721923,-253.0750823481541,-2.6332546262310927,fisher_trajectory,wasserstein_quantile,3.9998421117732694,1.999992975634427,-6.633096738004362,-4.63324760186552,200
time_shift,fisher_trajectory,103,0.013910139675234034,0.6168710132768839,-272.4915575572234,-247.6317545864443,24.85980297077913,fisher_trajectory,wasserstein_quantile,3.9998470282196674,1.999992975634427,20.85995594255946,22.8598099951447,200
time_shift,fisher_trajectory,104,-0.0046491035474394956,0.6218482702748214,-253.639127772647,-253.39770039749354,0.24142737515344947,fisher_trajectory,wasserstein_quantile,3.999841243512001,1.999992975634427,-3.7584138683585517,-1.7585656004809775,200
time_shift,fisher_trajectory,105,0.0018774608472569522,0.6218595154700239,-252.67370026250993,-252.78683535837808,-0.1131350958681594,fisher_trajectory,wasserstein_quantile,3.9998433021825583,1.999992975634427,-4.112978398050718,-2.1131280715025866,200
time_shift,fisher_trajectory,106,0.0044327728224625405,0.6199943977365098,-242.6456906625462,-254.0752380075036,-11.429547344957399,fisher_trajectory,wasserstein_quantile,3.999844101033343,1.999992975634427,-15.429391445990742,-13.429540320591826,200
time_shift,fisher_trajectory,107,-0.01268069573958041,0.6181358688806342,-253.92909187434364,-250.6777185527483,3.251373321595338,fisher_trajectory,wasserstein_quantile,3.9998386731919995,1.999992975634427,-0.7484653515966615,1.251380345960911,200
time_shift,fisher_trajectory,108,-0.013618538470820145,0.620851114416375,-267.9912878589457,-252.21949364087843,15.7717942180673,fisher_trajectory,wasserstein_quantile,3.9998383701599973,1.999992975634427,11.771955847907302,13.771801242432872,200
time_shift,fisher_trajectory,109,-0.001407841353157648,0.6190479957643187,-262.43419787431844,-254.7554867125505,7.67871116176795,fisher_trajectory,wasserstein_quantile,3.999842269439524,1.999992975634427,3.678868892328426,5.678718186133523,200
time_shift,fisher_trajectory,110,0.006918509045522393,0.620390710899415,-233.73999674250388,-253.9692913630535,-20.22929462054961,fisher_trajectory,wasserstein_quantile,3.9998448740839314,1.999992975634427,-24.22913949463354,-22.229287596184037,200
time_shift,fisher_trajectory,111,-0.011632289465889099,0.6185935417008881,-236.89678677023107,-250.54717972061565,-13.650392950384571,fisher_trajectory,wasserstein_quantile,3.9998390110606374,1.999992975634427,-17.650231961445208,-15.650385926018998,200
time_shift,fisher_trajectory,112,-0.007179690014097656,0.6205355575393301,-264.9163414531627,-253.62855329614476,11.287788157017957,fisher_trajectory,wasserstein_quantile,3.999840438121722,1.999992975634427,7.287947718896235,9.28779518138353,200
time_shift,fisher_trajectory,113,-0.014789835409569052,0.6186893163967551,-240.87717643695004,-250.4319716293296,-9.554795192379572,fisher_trajectory,wasserstein_quantile,3.999837991245342,1.999992975634427,-13.554633183624915,-11.554788168014,200
time_shift,fisher_trajectory,114,-0.01973157715070015,0.6180927517935977,-250.7444980241714,-247.51229785433497,3.2322001698364318,fisher_trajectory,wasserstein_quantile,3.9998363822384957,1.999992975634427,-0.7676362124020639,1.2322071942020048,200
time_shift,fisher_trajectory,115,0.0016702767107963123,0.6217692382444562,-250.4756173801146,-253.38219749032316,-2.9065801102085516,fisher_trajectory,wasserstein_quantile,3.9998432372487915,1.999992975634427,-6.906423347457343,-4.906573085842979,200
time_shift,fisher_trajectory,116,-0.0015979914363043162,0.622529523156772,-225.12547535405452,-252.14875638543424,-27.023281031379724,fisher_trajectory,wasserstein_quantile,3.999842209220237,1.999992975634427,-31.02312324059996,-29.02327400701415,200
time_shift,fisher_trajectory,117,-0.0028115101304550492,0.6195243739130796,-260.07563493164395,-254.6741768325572,5.401458099086739,fisher_trajectory,wasserstein_quantile,3.999841826014239,1.999992975634427,1.4016162730724995,3.4014651234523114,200
time_shift,fisher_trajectory,118,-0.015879253089934323,0.6221430418259599,-263.0550485747719,-249.77727469293976,13.277773881832132,fisher_trajectory,wasserstein_quantile,3.9998376376663014,1.999992975634427,9.277936244165831,11.277780906197705,200
time_shift,fisher_trajectory,119,-0.005355802438694535,0.621347019758657,-261.3113509514699,-253.15986472654214,8.151486224927737,fisher_trajectory,wasserstein_quantile,3.999841019016049,1.999992975634427,4.151645205911688,6.15149324929331,200
time_shift,fisher_trajectory,120,-0.01376911227821591,0.6191431664875405,-250.42849747069033,-252.24365651104338,-1.815159040353052,fisher_trajectory,wasserstein_quantile,3.9998383215908664,1.999992975634427,-5.814997361943918,-3.815152015987479,200
time_shift,fisher_trajectory,121,-0.0016125790001019205,0.6186002860259283,-258.22558984074453,-253.8282945247963,4.3972953159482415,fisher_trajectory,wasserstein_quantile,3.9998422048700615,1.999992975634427,0.39745311107818004,2.3973023403138143,200
time_shift,fisher_trajectory,122,-0.0021960014413308646,0.6197995599637222,-246.04786028854153,-254.307456537919,-8.259596249377466,fisher_trajectory,wasserstein_quantile,3.999842020579907,1.999992975634427,-12.259438269957373,-10.259589225011894,200
time_shift,fisher_trajectory,123,0.003039888834810478,0.6215418798881179,-263.6749635140592,-254.33903495930454,9.335928554754645,fisher_trajectory,wasserstein_quantile,3.999843666057534,1.999992975634427,5.336084888697111,7.335935579120218,200
time_shift,fisher_trajectory,124,-0.00503662402633662,0.6226644079726216,-268.05857840891804,-250.52373445795953,17.534843950958503,fisher_trajectory,wasserstein_quantile,3.9998411203719355,1.999992975634427,13.535002830586567,15.534850975324076,200
time_shift,fisher_trajectory,125,-0.00803061423699748,0.6175010557910433,-241.0013952401809,-249.76865876192994,-8.767263521749044,fisher_trajectory,wasserstein_quantile,3.9998401665411336,1.999992975634427,-12.767103688290177,-10.767256497383471,200
time_shift,fisher_trajectory,126,-0.01628691275501709,0.6223776036382183,-282.4369930438892,-248.5953164050046,33.841676638884564,fisher_trajectory,wasserstein_quantile,3.999837505227018,1.999992975634427,29.841839133657547,31.841683663250137,200
time_shift,fisher_trajectory,127,0.01166288600388086,0.6206195189223883,-248.492347848523,-252.39445827075326,-3.9021104222302654,fisher_trajectory,wasserstein_quantile,3.9998463389681245,1.999992975634427,-7.90195676119839,-5.902103397864693,200
time_shift,fisher_trajectory,128,0.007094699580799304,0.6217818535438979,-258.85667548763087,-251.03599798739234,7.820677500238531,fisher_trajectory,wasserstein_quantile,3.99984492864398,1.999992975634427,3.8208325715945515,5.820684524604104,200
time_shift,fisher_trajectory,129,-0.006675080940238174,0.6199674007674265,-233.50610997428893,-253.8228303824726,-20.31672040818367,fisher_trajectory,wasserstein_quantile,3.9998405990991275,1.999992975634427,-24.316561007282797,-22.316713383818097,200
time_shift,fisher_trajectory,130,0.004466828901160997,0.6197625502422094,-254.07578680456174,-254.4205306432975,-0.3447438387357522,fisher_trajectory,wasserstein_quantile,3.9998441116651557,1.999992975634427,-4.344587950400908,-2.3447368143701794,200
time_shift,fisher_trajectory,131,0.0029563252740107365,0.6209612168422786,-259.12545760556714,-253.03481632934339,6.090641276223749,fisher_trajectory,wasserstein_quantile,3.9998436399676907,1.999992975634427,2.0907976362560587,4.090648300589322,200
time_shift,fisher_trajectory,132,-0.008286753578310853,0.6214012195652582,-270.32486210584005,-253.14880433707697,17.176057768763087,fisher_trajectory,wasserstein_quantile,3.999840084405475,1.999992975634427,13.176217684357612,15.17606479312866,200
time_shift,fisher_trajectory,133,-0.002791463389446741,0.6210273904395658,-263.72996354544426,-255.1493405708886,8.580622974555666,fisher_trajectory,wasserstein_quantile,3.9998418322599107,1.999992975634427,4.580781142295756,6.580629998921239,200
time_shift,fisher_trajectory,134,-0.005765743639050457,0.6189148120293856,-262.9464528980513,-253.78853373110556,9.157919166945732,fisher_trajectory,wasserstein_quantile,3.99984088877979,1.999992975634427,5.1580782781659416,7.157926191311304,200
time_shift,fisher_trajectory,135,-0.008021060718228964,0.6194490177120376,-271.4884940744049,-255.13238487308078,16.35610920132413,fisher_trajectory,wasserstein_quantile,3.9998401694805956,1.999992975634427,12.356269031843535,14.356116225689703,200
time_shift,fisher_trajectory,136,0.0005053490294689339,0.6185672020014399,-263.01737602582017,-254.1181279217916,8.899248104028572,fisher_trajectory,wasserstein_quantile,3.999842871813123,1.999992975634427,4.899405232215449,6.899255128394145,200
time_shift,fisher_trajectory,137,-0.013375832821377175,0.6202304802683671,-254.43587153410562,-253.66175896938373,0.7741125647218894,fisher_trajectory,wasserstein_quantile,3.999838448633576,1.999992975634427,-3.2257258839116867,-1.2258804109125376,200
time_shift,fisher_trajectory,138,0.017445948046798124,0.6202516134212388,-267.8238580209661,-249.73744863512533,18.086409385840767,fisher_trajectory,wasserstein_quantile,3.9998481059054765,1.999992975634427,14.08656127993529,16.08641641020634,200
time_shift,fisher_trajectory,139,2.403212813388344e-05,0.6196378088373979,-272.1621921057093,-253.35766456033255,18.80452754537677,fisher_trajectory,wasserstein_quantile,3.9998427204293194,1.999992975634427,14.804684824947453,16.804534569742344,200
time_shift,fisher_trajectory,140,-0.0026449146466544287,0.6207747556148137,-281.9885151425926,-254.99793545152707,26.990579691065506,fisher_trajectory,wasserstein_quantile,3.9998418786252623,1.999992975634427,22.990737812440244,24.99058671543108,200
time_shift,fisher_trajectory,141,-0.01347755032633157,0.6196235306179271,-265.6506599109349,-253.05614343248442,12.594516478450487,fisher_trajectory,wasserstein_quantile,3.9998384158059115,1.999992975634427,8.594678062644576,10.59452350281606,200
time_shift,fisher_trajectory,142,0.009327261027340581,0.6214745170242656,-257.0167004964119,-251.27053244170435,5.746168054707539,fisher_trajectory,wasserstein_quantile,3.9998456194900447,1.999992975634427,1.7463224352174942,3.7461750790731116,200
time_shift,fisher_trajectory,143,-0.001233881735274587,0.6199374174331567,-259.9743545791034,-255.06033108219825,4.914023496905173,fisher_trajectory,wasserstein_quantile,3.9998423242497827,1.999992975634427,0.9141811726553906,2.914030521270746,200
time_shift,fisher_trajectory,144,0.014546979564518957,0.6210124417721573,-241.60189565804885,-250.91743715765742,-9.315541499608571,fisher_trajectory,wasserstein_quantile,3.9998472226825252,1.999992975634427,-13.315388722291097,-11.315534475242998,200
time_shift,fisher_trajectory,145,0.002297185745643365,0.6172228125690699,-252.77599830971707,-250.98527876943461,1.7907195402824527,fisher_trajectory,wasserstein_quantile,3.9998434339405975,1.999992975634427,-2.2091238936581448,-0.2092734353519743,200
time_shift,fisher_trajectory,146,-0.004866138369807746,0.6199942919771448,-252.71350671660934,-254.12475269253605,-1.411245975926704,fisher_trajectory,wasserstein_quantile,3.999841174712393,1.999992975634427,-5.411087150639097,-3.411238951561131,200
time_shift,fisher_trajectory,147,0.001553679483125368,0.6206440331144292,-256.27932040530993,-255.27777221000375,1.001548195306185,fisher_trajectory,wasserstein_quantile,3.9998432007649596,1.999992975634427,-2.9982950054587745,-0.9984447803282419,200
time_shift,fisher_trajectory,148,0.0038280300037277486,0.6203586156480324,-257.69743064455884,-253.72827431991976,3.969156324639073,fisher_trajectory,wasserstein_quantile,3.9998439123509755,1.999992975634427,-0.03068758771190261,1.9691633490046458,200
time_shift,fisher_trajectory,149,0.012707155651060963,0.6199964090395806,-266.7334169000793,-252.2833597836477,14.450057116431594,fisher_trajectory,wasserstein_quantile,3.999846659578754,1.999992975634427,10.45021045685284,12.450064140797167,200
time_shift,fisher_trajectory,150,0.006476336248064601,0.6181475966482545,-239.94518053172698,-253.4038622874741,-13.458681755747136,fisher_trajectory,wasserstein_quantile,3.9998447369800783,1.999992975634427,-17.458526492727216,-15.458674731381564,200
time_shift,fisher_trajectory,151,-0.009299833094132064,0.6201250202238705,-267.5717823663402,-254.27009223542504,13.301690130915148,fisher_trajectory,wasserstein_quantile,3.9998397601679683,1.999992975634427,9.301850370747179,11.30169715528072,200
time_shift,fisher_trajectory,152,-0.01453054922220941,0.6189973024781343,-263.5887348957274,-251.66360186679495,11.925133028932436,fisher_trajectory,wasserstein_quantile,3.999838075212649,1.999992975634427,7.925294953719787,9.925140053298009,200
time_shift,fisher_trajectory,153,0.0008759491855929286,0.620900145405653,-244.07675947477355,-254.34662859061763,-10.269869115844074,fisher_trajectory,wasserstein_quantile,3.9998429880827056,1.999992975634427,-14.269712103926778,-12.269862091478501,200
time_shift,fisher_trajectory,154,0.0001596585075891303,0.6212666389012481,-239.96844828487573,-254.71507374094085,-14.746625456065118,fisher_trajectory,wasserstein_quantile,3.999842762979469,1.999992975634427,-18.746468219044587,-16.746618431699545,200
time_shift,fisher_trajectory,155,0.0003856838504187335,0.6206117839849572,-253.36192148285443,-253.89996218068262,-0.538040697828194,fisher_trajectory,wasserstein_quantile,3.9998428340807184,1.999992975634427,-4.537883531908912,-2.538033673462621,200
time_shift,fisher_trajectory,156,0.01220855549559188,0.618527233681251,-243.99379964549485,-250.5208852173297,-6.527085571834846,fisher_trajectory,wasserstein_quantile,3.999846506687041,1.999992975634427,-10.526932078521886,-8.527078547469273,200
time_shift,fisher_trajectory,157,-0.006466979654243366,0.6183962461137759,-271.8413507685216,-252.18981135087094,19.65153941765064,fisher_trajectory,wasserstein_quantile,3.999840665519284,1.999992975634427,15.651698752131356,17.651546442016212,200
time_shift,fisher_trajectory,158,-0.00805162056450342,0.6183190563395544,-243.20169258777295,-253.22213169251424,-10.020439104741286,fisher_trajectory,wasserstein_quantile,3.999840159779791,1.999992975634427,-14.020279264521076,-12.020432080375713,200
time_shift,fisher_trajectory,159,-0.007610165115712634,0.6183184399296474,-254.67758295154565,-253.9015956392006,0.7759873123450518,fisher_trajectory,wasserstein_quantile,3.99984030083304,1.999992975634427,-3.2238529884879883,-1.2240056632893752,200
time_shift,fisher_trajectory,160,0.0018519348836855396,0.6190328468926953,-234.44999090304822,-253.47640565163442,-19.026414748586205,fisher_trajectory,wasserstein_quantile,3.999843294362793,1.999992975634427,-23.026258042949,-21.026407724220633,200
time_shift,fisher_trajectory,161,0.0024450674368783447,0.6202937873744578,-254.76430193560807,-255.9066357984527,-1.1423338628446231,fisher_trajectory,wasserstein_quantile,3.999843480058264,1.999992975634427,-5.142177342902887,-3.1423268384790504,200
time_shift,fisher_trajectory,162,-0.013849502490429927,0.6207440141571458,-259.59316833274045,-251.1155537666674,8.477614566073044,fisher_trajectory,wasserstein_quantile,3.9998382954934586,1.999992975634427,4.477776270579585,6.477621590438616,200
time_shift,fisher_trajectory,163,0.008326965623320243,0.6206113480488631,-261.09369366748984,-253.98856961978373,7.105124047706113,fisher_trajectory,wasserstein_quantile,3.9998453104039133,1.999992975634427,3.1052787373021995,5.105131072071686,200
time_shift,fisher_trajectory,164,-0.0031208831813155794,0.6227852855927797,-271.125360384367,-251.21377178453065,19.911588599836364,fisher_trajectory,wasserstein_quantile,3.999841727903746,1.999992975634427,15.911746871932618,17.911595624201937,200
time_shift,fisher_trajectory,165,-0.008749298130101639,0.6199224175989727,-253.98748017455648,-253.537019322473,0.45046085208349496,fisher_trajectory,wasserstein_quantile,3.9998399365074975,1.999992975634427,-3.5493790844240025,-1.549532123550932,200
time_shift,fisher_trajectory,166,-0.008200368497254687,0.6199916240301558,-259.87634492884837,-253.49613725859527,6.3802076702531,fisher_trajectory,wasserstein_quantile,3.9998401121224445,1.999992975634427,2.380367558130655,4.380214694618672,200
time_shift,fisher_trajectory,167,0.0033591989470181283,0.6195557857538255,-265.76796222780484,-255.0708952582597,10.697066969545148,fisher_trajectory,wasserstein_quantile,3.999843765983777,1.999992975634427,6.697223203561371,8.69707399391072,200
time_shift,fisher_trajectory,168,-0.004093215575970553,0.6205704971217505,-267.9083774344565,-254.52799054182108,13.380386892635414,fisher_trajectory,wasserstein_quantile,3.9998414199895187,1.999992975634427,9.380545472645895,11.380393917000987,200
time_shift,fisher_trajectory,169,-0.0076136949739562,0.6208102828199771,-270.72373039420773,-254.4186010787995,16.305129315408237,fisher_trajectory,wasserstein_quantile,3.9998402995513307,1.999992975634427,12.305289015856907,14.30513633977381,200
time_shift,fisher_trajectory,170,0.0118965314390776,0.6209391870397856,-258.4144531450517,-253.42315075845997,4.991302386591741,fisher_trajectory,wasserstein_quantile,3.9998464107310223,1.999992975634427,0.9914559758607187,2.9913094109573137,200
time_shift,fisher_trajectory,171,0.006776690589062405,0.6198014768312138,-258.55151805864,-254.00813466000335,4.543383398636649,fisher_trajectory,wasserstein_quantile,3.9998448301174427,1.999992975634427,0.5435385685192067,2.543390423002222,200
time_shift,fisher_trajectory,172,-0.008619587562401715,0.6214124384212895,-245.45283433675058,-252.77696418781022,-7.324129851059638,fisher_trajectory,wasserstein_quantile,3.9998399779255256,1.999992975634427,-11.323969828985163,-9.324122826694065,200
time_shift,fisher_trajectory,173,0.002329644540429695,0.6213190026009893,-269.274672181957,-254.44849671093863,14.82617547101836,fisher_trajectory,wasserstein_quantile,3.9998434438581842,1.999992975634427,10.826332027160175,12.826182495383932,200
time_shift,fisher_trajectory,174,-0.0033737196095625127,0.6219913504499218,-266.2277710368032,-252.30449771676518,13.923273320037993,fisher_trajectory,wasserstein_quantile,3.9998416479109444,1.999992975634427,9.923431672127048,11.923280344403565,200
time_shift,fisher_trajectory,175,-0.006274408269319991,0.6221423252866509,-247.43736677650978,-251.49180223404974,-4.054435457539967,fisher_trajectory,wasserstein_quantile,3.9998407266300244,1.999992975634427,-8.054276184169991,-6.054428433174394,200
time_shift,fisher_trajectory,176,0.007103264095140829,0.6207467574421517,-256.6829182772883,-254.69755454591737,1.9853637313709385,fisher_trajectory,wasserstein_quantile,3.999844931367801,1.999992975634427,-2.0144811999968626,-0.01462924426348855,200
time_shift,fisher_trajectory,177,0.002261915082488988,0.619704105158593,-252.74574656790287,-255.28759302618693,-2.5418464582840556,fisher_trajectory,wasserstein_quantile,3.9998434227540116,1.999992975634427,-6.541689881038067,-4.541839433918483,200
time_shift,fisher_trajectory,178,-0.013831315030900381,0.6217260747818256,-252.62764177993603,-250.5175626058729,2.1100791740631166,fisher_trajectory,wasserstein_quantile,3.9998383013079857,1.999992975634427,-1.889759127244869,0.11008619842868961,200
time_shift,fisher_trajectory,179,0.005090108257488922,0.6211600728454596,-242.91944736670126,-255.13314032209223,-12.213692955390968,fisher_trajectory,wasserstein_quantile,3.9998443057674704,1.999992975634427,-16.21353726115844,-14.213685931025395,200
time_shift,fisher_trajectory,180,-0.0041647743579970075,0.620869836539308,-263.50072617155485,-252.94629467060713,10.554431500947715,fisher_trajectory,wasserstein_quantile,3.9998413972742686,1.999992975634427,6.554590103673446,8.554438525313287,200
time_shift,fisher_trajectory,181,0.01595411051478201,0.6193097770268039,-258.8856600678495,-251.072921589794,7.812738478055536,fisher_trajectory,wasserstein_quantile,3.999847652110479,1.999992975634427,3.812890825945057,5.812745502421109,200
time_shift,fisher_trajectory,182,0.01078591649099701,0.6205242623179774,-244.72397083505732,-253.3630525264091,-8.639081691351777,fisher_trajectory,wasserstein_quantile,3.9998460692424462,1.999992975634427,-12.638927760594223,-10.639074666986204,200
time_shift,fisher_trajectory,183,-0.001001276910395532,0.6215860057048017,-252.18700894420243,-253.30074662004023,-1.1137376758377968,fisher_trajectory,wasserstein_quantile,3.9998423974732855,1.999992975634427,-5.113580073311082,-3.113730651472224,200
time_shift,fisher_trajectory,184,-0.002089955363276125,0.6218656745500332,-281.63594971050804,-252.9148595515736,28.72109015893443,fisher_trajectory,wasserstein_quantile,3.9998420539454886,1.999992975634427,24.72124810498894,26.721097183300003,200
time_shift,fisher_trajectory,185,-0.0034937935059296404,0.6181478937165158,-266.83754571104606,-252.67891319281844,14.15863251822762,fisher_trajectory,wasserstein_quantile,3.999841610123351,1.999992975634427,10.158790908104269,12.158639542593193,200
time_shift,fisher_trajectory,186,-3.128648434619993e-06,0.6188520042817887,-274.2017041621512,-254.01898588424353,20.182718277907668,fisher_trajectory,wasserstein_quantile,3.999842711933108,1.999992975634427,16.18287556597456,18.18272530227324,200
time_shift,fisher_trajectory,187,-0.006229381043935542,0.6183110498992506,-263.60960148329434,-251.86188459032692,11.747716892967418,fisher_trajectory,wasserstein_quantile,3.999840741216635,1.999992975634427,7.747876151750782,9.74772391733299,200
time_shift,fisher_trajectory,188,0.010040745271488002,0.620181435019901,-245.71803464438108,-254.6366874655213,-8.918652821140228,fisher_trajectory,wasserstein_quantile,3.9998458396976067,1.999992975634427,-12.918498660837834,-10.918645796774655,200
time_shift,fisher_trajectory,189,0.0007103979709570867,0.6190584720739316,-256.6885713504723,-254.94867182908894,1.739899521383336,fisher_trajectory,wasserstein_quantile,3.999842936204933,1.999992975634427,-2.259943414821597,-0.2600934542510911,200
time_shift,fisher_trajectory,190,0.0021927035057676906,0.6191716740693489,-254.32628779492296,-255.12003736157308,-0.7937495666501206,fisher_trajectory,wasserstein_quantile,3.9998434011120922,1.999992975634427,-4.793592967762213,-2.793742542284548,200
time_shift,fisher_trajectory,191,-0.002532598053770694,0.617982678547887,-257.73816136366713,-251.544094341827,6.194067021840141,fisher_trajectory,wasserstein_quantile,3.999841914307919,1.999992975634427,2.1942251075322217,4.194074046205714,200
time_shift,fisher_trajectory,192,-0.008479639501712466,0.6199177010359395,-243.79861715029466,-253.90950819842274,-10.110891048128082,fisher_trajectory,wasserstein_quantile,3.9998400228039004,1.999992975634427,-14.110731070931982,-12.110884023762509,200
time_shift,fisher_trajectory,193,-0.009905862489304501,0.6189565623222373,-276.9426537894538,-252.48533589797316,24.457317891480642,fisher_trajectory,wasserstein_quantile,3.9998395659154076,1.999992975634427,20.457478325565233,22.457324915846215,200
time_shift,fisher_trajectory,194,-0.005573810800769207,0.6204374063264941,-239.57312620461727,-252.48521587405116,-12.912089669433897,fisher_trajectory,wasserstein_quantile,3.999840949747026,1.999992975634427,-16.91193061918092,-14.912082645068324,200
time_shift,fisher_trajectory,195,-0.008831251659929717,0.6178047877376487,-269.78670576815335,-251.6532263839269,18.13347938422646,fisher_trajectory,wasserstein_quantile,3.9998399103984097,1.999992975634427,14.133639473828051,16.133486408592034,200
time_shift,fisher_trajectory,196,0.017304469825295144,0.622186739344544,-260.83282208465045,-248.34038297928925,12.4924391053612,fisher_trajectory,wasserstein_quantile,3.9998480627987165,1.999992975634427,8.492591042562484,10.492446129726773,200
time_shift,fisher_trajectory,197,-0.003680182653220088,0.6160865443964207,-259.3538502833391,-247.05242780249327,12.301422480845844,fisher_trajectory,wasserstein_quantile,3.999841551183727,1.999992975634427,8.301580929662116,10.301429505211416,200
time_shift,fisher_trajectory,198,0.0176899401895653,0.6213817065122506,-256.6273863718658,-249.8589090054117,6.7684773664540785,fisher_trajectory,wasserstein_quantile,3.9998481799338936,1.999992975634427,2.768629186520185,4.768484390819651,200
time_shift,fisher_trajectory,199,0.003273375934539766,0.619479350515274,-282.9871301320619,-254.82759958422253,28.15953054783938,fisher_trajectory,wasserstein_quantile,3.9998437391708537,1.999992975634427,24.15968680866853,26.159537572204954,200
time_shift,wasserstein_quantile,0,0.0,0.6177345403844005,-297.77189160960523,-297.14237489482224,0.6295167147829943,wasserstein_quantile,fisher_trajectory,1.999992975634427,3.9998427129811316,-1.3704762608514327,-3.3703259981981373,200
time_shift,wasserstein_quantile,1,0.0,0.6197439124792248,-303.62888911839127,-303.91549372803297,-0.2866046096416994,wasserstein_quantile,fisher_trajectory,1.999992975634427,3.9998427128635856,-2.2865975852761267,-4.2864473225052855,200
time_shift,wasserstein_quantile,2,0.0,0.621281533273673,-297.08952735187484,-300.55155809203325,-3.4620307401584114,wasserstein_quantile,fisher_trajectory,1.999992975634427,3.999842712765223,-5.462023715792839,-7.461873452923634,200
time_shift,wasserstein_quantile,3,0.0,0.6211326942142434,-288.8040965480414,-301.64536139527104,-12.841264847229638,wasserstein_quantile,fisher_trajectory,1.999992975634427,3.999842712775081,-14.841257822864065,-16.84110756000472,200
time_shift,wasserstein_quantile,4,0.0,0.6204498853259661,-301.54835218300633,-303.2894125321475,-1.7410603491411507,wasserstein_quantile,fisher_trajectory,1.999992975634427,3.9998427128193694,-3.741053324775578,-5.74090306196052,200
time_shift,wasserstein_quantile,5,0.0,0.6204435684501604,-319.39331846405463,-302.20867211763596,17.184646346418674,wasserstein_quantile,fisher_trajectory,1.999992975634427,3.999842712819772,15.184653370784247,13.184803633598902,200
time_shift,wasserstein_quantile,6,0.0,0.6195217836983198,-307.1728126940562,-302.77764461680096,4.395168077255221,wasserstein_quantile,fisher_trajectory,1.999992975634427,3.999842712877175,2.3951751016207936,0.39532536437804566,200
time_shift,wasserstein_quantile,7,0.0,0.6207403768375964,-312.8158287742764,-302.6947270634875,10.121101710788878,wasserstein_quantile,fisher_trajectory,1.999992975634427,3.9998427128007137,8.12110873515445,6.121258997988164,200
time_shift,wasserstein_quantile,8,0.0,0.62085888639135,-302.5928588887854,-303.06130322639666,-0.4684443376112881,wasserstein_quantile,fisher_trajectory,1.999992975634427,3.999842712793024,-2.4684373132457154,-4.468287050404312,200
time_shift,wasserstein_quantile,9,0.0,0.6219100019577809,-297.4659645233278,-300.3529381287627,-2.886973605434889,wasserstein_quantile,fisher_trajectory,1.999992975634427,3.9998427127227765,-4.886966581069316,-6.886816318157665,200
time_shift,wasserstein_quantile,10,0.0,0.620430522905548,-306.9636189830775,-303.4101639166754,3.55345506640208,wasserstein_quantile,fisher_trajectory,1.999992975634427,3.999842712820603,1.5534620907676528,-0.44638764641852324,200
time_shift,wasserstein_quantile,11,0.0,0.6190105288136041,-307.0937189031335,-302.5061696260086,4.587549277124879,wasserstein_quantile,fisher_trajectory,1.999992975634427,3.99984271290788,2.5875563014904515,0.5877065642169987,200
time_shift,wasserstein_quantile,12,0.0,0.6207106189474707,-307.950467089674,-303.9996796752519,3.950787414422109,wasserstein_quantile,fisher_trajectory,1.999992975634427,3.999842712802637,1.950794438787682,-0.04905529838052791,200
time_shift,wasserstein_quantile,13,0.0,0.6209625860321341,-317.01787985243294,-302.85441182643183,14.163468026001112,wasserstein_quantile,fisher_trajectory,1.999992975634427,3.9998427127862572,12.163475050366685,10.163625313214855,200
time_shift,wasserstein_quantile,14,0.0,0.62024373381998,-298.6971260417424,-303.02268442568055,-4.32555838393813,wasserstein_quantile,fisher_trajectory,1.999992975634427,3.9998427128324447,-6.325551359572557,-8.325401096770575,200
time_shift,wasserstein_quantile,15,0.0,0.6209119449952111,-313.18093296339396,-301.98141514963993,11.199517813754028,wasserstein_quantile,fisher_trajectory,1.999992975634427,3.999842712789566,9.1995248381196,7.199675100964462,200
time_shift,wasserstein_quantile,16,0.0,0.6198284262105288,-302.55944394173747,-303.6728893778167,-1.113445436079246,wasserstein_quantile,fisher_trajectory,1.999992975634427,3.999842712858375,-3.1134384117136733,-5.113288148937621,200
time_shift,wasserstein_quantile,17,0.0,0.6192282695659481,-304.2387494284662,-302.72466480542823,1.5140846230379452,wasserstein_quantile,fisher_trajectory,1.999992975634427,3.9998427128949006,-0.4859083525964818,-2.4857580898569553,200
time_shift,wasserstein_quantile,18,0.0,0.6207402489413375,-306.71208301101973,-302.06842490968097,4.643658101338758,wasserstein_quantile,fisher_trajectory,1.999992975634427,3.9998427128007217,2.643665125704331,0.6438153885380364,200
time_shift,wasserstein_quantile,19,0.0,0.6200780500060064,-299.5411319289487,-302.4090298718919,-2.867897942943216,wasserstein_quantile,fisher_trajectory,1.999992975634427,3.999842712842854,-4.867890918577643,-6.86774065578607,200
time_shift,wasserstein_quantile,20,0.0,0.6188392225514445,-305.4312466327059,-300.6018534861756,4.829393146530265,wasserstein_quantile,fisher_trajectory,1.999992975634427,3.9998427129179914,2.8294001708958376,0.8295504336122734,200
time_shift,wasserstein_quantile,21,0.0,0.6206393859747008,-318.4401435977129,-301.8843497808981,16.5557938168148,wasserstein_quantile,fisher_trajectory,1.999992975634427,3.9998427128072302,14.555800841180371,12.555951104007569,200
time_shift,wasserstein_quantile,22,0.0,0.6204968206328276,-294.19131534022415,-303.36954240342465,-9.178227063200495,wasserstein_quantile,fisher_trajectory,1.999992975634427,3.999842712816374,-11.178220038834922,-13.17806977601687,200
time_shift,wasserstein_quantile,23,0.0,0.6194626045220801,-306.98840484314206,-302.96175004626355,4.026654796878518,wasserstein_quantile,fisher_trajectory,1.999992975634427,3.99984271288077,2.0266618212440903,0.026812083997747482,200
time_shift,wasserstein_quantile,24,0.0,0.6191657270872242,-310.30293744524863,-302.6026903540299,7.700247091218728,wasserstein_quantile,fisher_trajectory,1.999992975634427,3.9998427128986433,5.7002541155843005,3.7004043783200844,200
time_shift,wasserstein_quantile,25,0.0,0.6201621923684153,-303.59899950939507,-302.4343519768295,1.1646475325655956,wasserstein_quantile,fisher_trajectory,1.999992975634427,3.999842712837579,-0.8353454430688314,-2.8351951802719833,200
time_shift,wasserstein_quantile,26,0.0,0.6214791645126458,-287.6587016328387,-301.03652082482535,-13.377819191986646,wasserstein_quantile,fisher_trajectory,1.999992975634427,3.9998427127520193,-15.377812167621073,-17.377661904738666,200
time_shift,wasserstein_quantile,27,0.0,0.6204989187432444,-283.42352036021794,-302.58567599642635,-19.16215563620841,wasserstein_quantile,fisher_trajectory,1.999992975634427,3.9998427128162395,-21.162148611842838,-23.16199834902465,200
time_shift,wasserstein_quantile,28,0.0,0.6198613686928011,-309.8703057714308,-302.0384767987765,7.831828972654307,wasserstein_quantile,fisher_trajectory,1.999992975634427,3.999842712856338,5.83183599701988,3.831986259797969,200
time_shift,wasserstein_quantile,29,0.0,0.6204048513839663,-291.5076665515837,-303.6845573339401,-12.176890782356395,wasserstein_quantile,fisher_trajectory,1.999992975634427,3.9998427128222374,-14.176883757990822,-16.17673349517863,200
time_shift,wasserstein_quantile,30,0.0,0.6204147674454106,-296.18955116124613,-301.94436779613477,-5.754816634888641,wasserstein_quantile,fisher_trajectory,1.999992975634427,3.9998427128216067,-7.754809610523068,-9.754659347710248,200
time_shift,wasserstein_quantile,31,0.0,0.6180820572208069,-321.9131079838672,-298.5641381133511,23.3489698705161,wasserstein_quantile,fisher_trajectory,1.999992975634427,3.9998427129616485,21.348976894881673,19.349127157554452,200
time_shift,wasserstein_quantile,32,0.0,0.6219083226325659,-296.85242987853275,-299.57448006404053,-2.7220501855077828,wasserstein_quantile,fisher_trajectory,1.999992975634427,3.9998427127228915,-4.72204316114221,-6.721892898230674,200
time_shift,wasserstein_quantile,33,0.0,0.6210438922597172,-302.92521995041335,-303.6872241068336,-0.7620041564202324,wasserstein_quantile,fisher_trajectory,1.999992975634427,3.9998427127809273,-2.7619971320546597,-4.761846869201159,200
time_shift,wasserstein_quantile,34,0.0,0.6208057960422642,-310.8059347184072,-301.7487574501213,9.057177268285898,wasserstein_quantile,fisher_trajectory,1.999992975634427,3.9998427127964744,7.0571842926514705,5.057334555489423,200
time_shift,wasserstein_quantile,35,0.0,0.6201240423041589,-300.06964544044405,-302.38833876763715,-2.3186933271931025,wasserstein_quantile,fisher_trajectory,1.999992975634427,3.9998427128399734,-4.31868630282753,-6.3185360400330755,200
time_shift,wasserstein_quantile,36,0.0,0.6187669854264012,-308.9461373569403,-301.2020963236634,7.744041033276915,wasserstein_quantile,fisher_trajectory,1.999992975634427,3.99984271292223,5.7440480576424875,3.744198320354685,200
time_shift,wasserstein_quantile,37,0.0,0.6193080458149268,-303.41226535295476,-302.66089081853744,0.751374534417323,wasserstein_quantile,fisher_trajectory,1.999992975634427,3.999842712890109,-1.248618441217104,-3.248468178472786,200
time_shift,wasserstein_quantile,38,0.0,0.6204692479807854,-291.2826298835537,-302.6851049903898,-11.402475106836107,wasserstein_quantile,fisher_trajectory,1.999992975634427,3.9998427128181344,-13.402468082470534,-15.402317819654241,200
time_shift,wasserstein_quantile,39,0.0,0.6210291930378798,-310.5648322783959,-301.76669830375516,8.798133974640734,wasserstein_quantile,fisher_trajectory,1.999992975634427,3.9998427127818923,6.798140999006307,4.798291261858842,200
time_shift,wasserstein_quantile,40,0.0,0.620262104914428,-304.64704963228155,-303.3424103707758,1.3046392615057698,wasserstein_quantile,fisher_trajectory,1.999992975634427,3.9998427128312843,-0.6953537141286572,-2.6952034513255145,200
time_shift,wasserstein_quantile,41,0.0,0.6201276798204175,-305.5684545961431,-303.0541099006651,2.51434469547803,wasserstein_quantile,fisher_trajectory,1.999992975634427,3.9998427128397456,0.5143517198436032,-1.4854980173617154,200
time_shift,wasserstein_quantile,42,0.0,0.6201616220168551,-308.1697454437775,-302.89767560549524,5.2720698382822775,wasserstein_quantile,fisher_trajectory,1.999992975634427,3.9998427128376144,3.2720768626478502,1.272227125444663,200
time_shift,wasserstein_quantile,43,0.0,0.619960793204799,-291.99625784766073,-303.70471034472837,-11.70845249706764,wasserstein_quantile,fisher_trajectory,1.999992975634427,3.9998427128501692,-13.708445472702067,-15.708295209917809,200
time_shift,wasserstein_quantile,44,0.0,0.6182704146333554,-310.3852817750096,-299.6722970443197,10.712984730689925,wasserstein_quantile,fisher_trajectory,1.999992975634427,3.999842712950944,8.712991755055498,6.713142017738981,200
time_shift,wasserstein_quantile,45,0.0,0.6202744167136285,-291.92842768527794,-303.12114027627626,-11.192712590998326,wasserstein_quantile,fisher_trajectory,1.999992975634427,3.9998427128305067,-13.192705566632753,-15.192555303828833,200
time_shift,wasserstein_quantile,46,0.0,0.6207172687429412,-295.97452284295633,-302.66123713597824,-6.6867142930219075,wasserstein_quantile,fisher_trajectory,1.999992975634427,3.999842712802208,-8.686707268656335,-10.686557005824115,200
time_shift,wasserstein_quantile,47,0.0,0.6211486903883682,-286.2991528610788,-301.36270542381703,-15.06355256273821,wasserstein_quantile,fisher_trajectory,1.999992975634427,3.999842712774025,-17.063545538372637,-19.063395275512235,200
time_shift,wasserstein_quantile,48,0.0,0.6201628959231845,-299.43307742707833,-303.11810390988836,-3.6850264828100308,wasserstein_quantile,fisher_trajectory,1.999992975634427,3.999842712837535,-5.685019458444458,-7.684869195647566,200
time_shift,wasserstein_quantile,49,0.0,0.6196283330080528,-308.80597357505053,-303.26329406625086,5.542679508799665,wasserstein_quantile,fisher_trajectory,1.999992975634427,3.9998427128706755,3.542686533165238,1.5428367959289897,200
time_shift,wasserstein_quantile,50,0.0,0.618014104335199,-311.80498686972754,-298.11201281617457,13.692974053552973,wasserstein_quantile,fisher_trajectory,1.999992975634427,3.9998427129654854,11.692981077918546,9.693131340587488,200
time_shift,wasserstein_quantile,51,0.0,0.6206918888910493,-306.64669147843614,-303.0021985176323,3.644492960803859,wasserstein_quantile,fisher_trajectory,1.999992975634427,3.9998427128038467,1.6444999851694322,-0.35534975199998753,200
time_shift,wasserstein_quantile,52,0.0,0.6215732747117461,-319.9251614491123,-300.61751425388354,19.307647195228753,wasserstein_quantile,fisher_trajectory,1.999992975634427,3.9998427127456857,17.307654219594326,15.307804482483068,200
time_shift,wasserstein_quantile,53,0.0,0.620854289551751,-312.93060053415735,-301.7584562406207,11.172144293536633,wasserstein_quantile,fisher_trajectory,1.999992975634427,3.999842712793323,9.172151317902205,7.1723015807433095,200
time_shift,wasserstein_quantile,54,0.0,0.6211664834402106,-313.3347719901658,-302.04686147447546,11.287910515690328,wasserstein_quantile,fisher_trajectory,1.999992975634427,3.9998427127728498,9.2879175400559,7.288067802917478,200
time_shift,wasserstein_quantile,55,0.0,0.6195082522082939,-309.58992222622817,-303.32122223038164,6.268699995846532,wasserstein_quantile,fisher_trajectory,1.999992975634427,3.9998427128779985,4.268707020212105,2.2688572829685336,200
time_shift,wasserstein_quantile,56,0.0,0.6204440167880135,-298.29636576088564,-303.2393553239816,-4.942989563095978,wasserstein_quantile,fisher_trajectory,1.999992975634427,3.999842712819744,-6.942982538730405,-8.942832275915721,200
time_shift,wasserstein_quantile,57,0.0,0.6208293964594533,-296.7849197731432,-303.49318023781547,-6.708260464672264,wasserstein_quantile,fisher_trajectory,1.999992975634427,3.9998427127949414,-8.708253440306692,-10.708103177467205,200
time_shift,wasserstein_quantile,58,0.0,0.6184684470329485,-305.82006008695396,-300.2527550113143,5.567305075639638,wasserstein_quantile,fisher_trajectory,1.999992975634427,3.9998427129395795,3.5673121000052106,1.5674623627000583,200
time_shift,wasserstein_quantile,59,0.0,0.6204551572833363,-306.2304134770323,-301.1383259323795,5.092087544652827,wasserstein_quantile,fisher_trajectory,1.999992975634427,3.9998427128190333,3.0920945690184,1.0922448318337938,200
time_shift,wasserstein_quantile,60,0.0,0.6197038405982701,-304.1634336121367,-302.2638524014617,1.8995812106750236,wasserstein_quantile,fisher_trajectory,1.999992975634427,3.999842712866049,-0.1004117649594034,-2.1002615021910254,200
time_shift,wasserstein_quantile,61,0.0,0.6210108926376661,-314.2405166324447,-303.2072122955156,11.03330433692912,wasserstein_quantile,fisher_trajectory,1.999992975634427,3.999842712783093,9.033311361294693,7.033461624146027,200
time_shift,wasserstein_quantile,62,0.0,0.6188334465390131,-315.2652666479562,-301.1567276472747,14.108539000681503,wasserstein_quantile,fisher_trajectory,1.999992975634427,3.9998427129183307,12.108546025047076,10.108696287763173,200
time_shift,wasserstein_quantile,63,0.0,0.6189714888004826,-298.5371445056712,-301.51261575287623,-2.9754712472050073,wasserstein_quantile,fisher_trajectory,1.999992975634427,3.9998427129101914,-4.975464222839435,-6.975313960115199,200
time_shift,wasserstein_quantile,64,0.0,0.6203509422800189,-307.13076910556185,-303.1596421641052,3.971126941456646,wasserstein_quantile,fisher_trajectory,1.999992975634427,3.9998427128256617,1.971133965822219,-0.02871577136901582,200
time_shift,wasserstein_quantile,65,0.0,0.6204547670501406,-306.39107800075305,-303.27407672476016,3.117001275992891,wasserstein_quantile,fisher_trajectory,1.999992975634427,3.999842712819058,1.1170083003584639,-0.8828414368261672,200
time_shift,wasserstein_quantile,66,0.0,0.6200270741745808,-308.1503434435259,-304.40520038907897,3.7451430544469417,wasserstein_quantile,fisher_trajectory,1.999992975634427,3.99984271284604,1.7451500788125147,-0.25469965839909836,200
time_shift,wasserstein_quantile,67,0.0,0.6194059001148705,-304.9050559645868,-302.6316407919837,2.273415172603052,wasserstein_quantile,fisher_trajectory,1.999992975634427,3.9998427128842047,0.2734221969686248,-1.7264275402811529,200
time_shift,wasserstein_quantile,68,0.0,0.6194348262566474,-310.51943388272963,-303.2559459898799,7.263487892849753,wasserstein_quantile,fisher_trajectory,1.999992975634427,3.9998427128824545,5.263494917215326,3.2636451799672983,200
time_shift,wasserstein_quantile,69,0.0,0.6203764794939552,-299.93945319996385,-303.4342200960051,-3.4947668960412557,wasserstein_quantile,fisher_trajectory,1.999992975634427,3.999842712824041,-5.494759871675683,-7.4946096088652965,200
time_shift,wasserstein_quantile,70,0.0,0.6191565115249054,-316.32400402547245,-301.94296044745437,14.38104357801808,wasserstein_quantile,fisher_trajectory,1.999992975634427,3.9998427128991936,12.381050602383652,10.381200865118887,200
time_shift,wasserstein_quantile,71,0.0,0.620045679365544,-300.48461469773247,-303.0621511369454,-2.5775364392129063,wasserstein_quantile,fisher_trajectory,1.999992975634427,3.9998427128448784,-4.5775294148473336,-6.577379152057785,200
time_shift,wasserstein_quantile,72,0.0,0.6200863861676531,-299.77982116186394,-302.9780409980527,-3.1982198361887413,wasserstein_quantile,fisher_trajectory,1.999992975634427,3.999842712842333,-5.1982128118231685,-7.198062549031074,200
time_shift,wasserstein_quantile,73,0.0,0.6187661170594845,-309.72918912285,-301.1369304700114,8.59225865283861,wasserstein_quantile,fisher_trajectory,1.999992975634427,3.9998427129222804,6.592265677204182,4.592415939916329,200
time_shift,wasserstein_quantile,74,0.0,0.6192901511710109,-314.78918504516656,-302.37148803483694,12.417697010329618,wasserstein_quantile,fisher_trajectory,1.999992975634427,3.9998427128911853,10.417704034695191,8.417854297438433,200
time_shift,wasserstein_quantile,75,0.0,0.6199544545896151,-313.73979437649075,-302.62527844571997,11.114515930770779,wasserstein_quantile,fisher_trajectory,1.999992975634427,3.9998427128505636,9.114522955136351,7.114673217920215,200
time_shift,wasserstein_quantile,76,0.0,0.621471081501975,-316.7236284205428,-301.1439732244517,15.579655196091096,wasserstein_quantile,fisher_trajectory,1.999992975634427,3.999842712752562,13.579662220456669,11.579812483338534,200
time_shift,wasserstein_quantile,77,0.0,0.619356824527145,-313.35300024615367,-303.57230316189646,9.780697084257213,wasserstein_quantile,fisher_trajectory,1.999992975634427,3.999842712887169,7.7807041086227855,5.780854371370044,200
time_shift,wasserstein_quantile,78,0.0,0.6203086107432838,-301.37236444166405,-303.9339762280509,-2.561611786386834,wasserstein_quantile,fisher_trajectory,1.999992975634427,3.999842712828344,-4.561604762021261,-6.561454499215178,200
time_shift,wasserstein_quantile,79,0.0,0.6186007730230397,-294.42137021358366,-301.5885831459896,-7.16721293240596,wasserstein_quantile,fisher_trajectory,1.999992975634427,3.9998427129319216,-9.167205908040387,-11.167055645337882,200
time_shift,wasserstein_quantile,80,0.0,0.6196267427846963,-297.4908606515751,-303.41018269796245,-5.919322046387379,wasserstein_quantile,fisher_trajectory,1.999992975634427,3.999842712870773,-7.919315022021806,-9.919164759258152,200
time_shift,wasserstein_quantile,81,0.0,0.6187244026508351,-300.0360711277668,-301.1865006544059,-1.1504295266391296,wasserstein_quantile,fisher_trajectory,1.999992975634427,3.99984271292472,-3.150422502273557,-5.150272239563849,200
time_shift,wasserstein_quantile,82,0.0,0.6191489885313537,-313.0390400824364,-302.96047551340257,10.078564569033801,wasserstein_quantile,fisher_trajectory,1.999992975634427,3.9998427128996425,8.078571593399374,6.078721856134159,200
time_shift,wasserstein_quantile,83,0.0,0.6230678315952011,-301.56326181087076,-292.768860029459,8.79440178141175,wasserstein_quantile,fisher_trajectory,1.999992975634427,3.999842712640985,6.794408805777323,4.794559068770765,200
time_shift,wasserstein_quantile,84,0.0,0.6177036794080709,-307.73072891018165,-295.8085029437601,11.922225966421536,wasserstein_quantile,fisher_trajectory,1.999992975634427,3.999842712982845,9.922232990787109,7.92238325343869,200
time_shift,wasserstein_quantile,85,0.0,0.6201199217226638,-296.08978917036836,-303.9809069730573,-7.891117802688939,wasserstein_quantile,fisher_trajectory,1.999992975634427,3.999842712840232,-9.891110778323366,-11.890960515529171,200
time_shift,wasserstein_quantile,86,0.0,0.6210185600766974,-294.69553390689356,-301.6548266801723,-6.959292773278719,wasserstein_quantile,fisher_trajectory,1.999992975634427,3.99984271278259,-8.959285748913146,-10.959135486061308,200
time_shift,wasserstein_quantile,87,0.0,0.6193970409995555,-301.79245588104766,-302.6356653487341,-0.8432094676864494,wasserstein_quantile,fisher_trajectory,1.999992975634427,3.9998427128847407,-2.8432024433208767,-4.84305218057119,200
time_shift,wasserstein_quantile,88,0.0,0.6206351951568307,-303.3851125455312,-302.2840858797174,1.1010266658137766,wasserstein_quantile,fisher_trajectory,1.999992975634427,3.9998427128075003,-0.8989663098206504,-2.8988160469937236,200
time_shift,wasserstein_quantile,89,0.0,0.6199224030294403,-302.27858676113493,-302.85001214684223,-0.5714253857073004,wasserstein_quantile,fisher_trajectory,1.999992975634427,3.999842712852555,-2.5714183613417276,-4.571268098559855,200
time_shift,wasserstein_quantile,90,0.0,0.6192956159943821,-306.35331384312497,-301.45026129647385,4.903052546651111,wasserstein_quantile,fisher_trajectory,1.999992975634427,3.9998427128908567,2.9030595710166835,0.9032098337602541,200
time_shift,wasserstein_quantile,91,0.0,0.6202736792821559,-296.60619252725445,-303.01508142885035,-6.408888901595901,wasserstein_quantile,fisher_trajectory,1.999992975634427,3.999842712830554,-8.408881877230328,-10.408731614426454,200
time_shift,wasserstein_quantile,92,0.0,0.6203851486609983,-292.72838533368105,-302.1018103397294,-9.373425006048365,wasserstein_quantile,fisher_trajectory,1.999992975634427,3.99984271282349,-11.373417981682792,-13.373267718871855,200
time_shift,wasserstein_quantile,93,0.0,0.6188759105010816,-291.75939835285243,-302.1017871470486,-10.342388794196154,wasserstein_quantile,fisher_trajectory,1.999992975634427,3.999842712915833,-12.342381769830581,-14.342231507111986,200
time_shift,wasserstein_quantile,94,0.0,0.6189355813146133,-298.2257078784749,-302.53925965910037,-4.31355178062546,wasserstein_quantile,fisher_trajectory,1.999992975634427,3.999842712912314,-6.313544756259887,-8.313394493537775,200
time_shift,wasserstein_quantile,95,0.0,0.620165523324841,-309.40437123134944,-302.4089879536613,6.99538327768812,wasserstein_quantile,fisher_trajectory,1.999992975634427,3.9998427128373697,4.995390302053693,2.9955405648507503,200
time_shift,wasserstein_quantile,96,0.0,0.6203160440110099,-301.224507774991,-303.1653673825197,-1.9408596075286937,wasserstein_quantile,fisher_trajectory,1.999992975634427,3.9998427128278733,-3.940852583163121,-5.940702320356567,200
time_shift,wasserstein_quantile,97,0.0,0.6197274359490051,-310.7684271391912,-302.36283567535696,8.405591463834241,wasserstein_quantile,fisher_trajectory,1.999992975634427,3.999842712864599,6.405598488199814,4.405748750969643,200
time_shift,wasserstein_quantile,98,0.0,0.6174818926986931,-310.90303199086384,-296.22189677446494,14.6811352163989,wasserstein_quantile,fisher_trajectory,1.999992975634427,3.9998427129950818,12.681142240764473,10.681292503403817,200
time_shift,wasserstein_quantile,99,0.0,0.6200334164398141,-302.2734549918345,-303.8861715740338,-1.6127165821993117,wasserstein_quantile,fisher_trajectory,1.999992975634427,3.999842712845644,-3.612709557833739,-5.612559295044956,200
time_shift,wasserstein_quantile,100,0.0,0.6188200735509239,-306.4164549411264,-302.67088287424406,3.745572066882346,wasserstein_quantile,fisher_trajectory,1.999992975634427,3.9998427129191163,1.745579091247919,-0.2542706460367703,200
time_shift,wasserstein_quantile,101,0.0,0.6211582161161081,-296.9228737418523,-300.91119344757954,-3.9883197057272355,wasserstein_quantile,fisher_trajectory,1.999992975634427,3.999842712773396,-5.988312681361663,-7.9881624185006315,200
time_shift,wasserstein_quantile,102,0.0,0.6193091963806459,-292.0220725813191,-302.6372988442005,-10.615226262881379,wasserstein_quantile,fisher_trajectory,1.999992975634427,3.9998427128900396,-12.615219238515806,-14.615068975771418,200
time_shift,wasserstein_quantile,103,0.0,0.6188877755490525,-301.1673525283418,-301.71317144269256,-0.5458189143507752,wasserstein_quantile,fisher_trajectory,1.999992975634427,3.9998427129151346,-2.5458118899852025,-4.545661627265909,200
time_shift,wasserstein_quantile,104,0.0,0.6199808132590583,-288.54960407161906,-302.7383612518033,-14.188757180184268,wasserstein_quantile,fisher_trajectory,1.999992975634427,3.9998427128489236,-16.188750155818695,-18.188599893033192,200
time_shift,wasserstein_quantile,105,0.0,0.6184868224178449,-322.97758139937383,-299.62413301153936,23.353448387834476,wasserstein_quantile,fisher_trajectory,1.999992975634427,3.999842712938519,21.35345541220005,19.353605674895956,200
time_shift,wasserstein_quantile,106,0.0,0.6187717814565379,-303.0563980643303,-301.6485628101298,1.4078352542005064,wasserstein_quantile,fisher_trajectory,1.999992975634427,3.9998427129219483,-0.5921577214339206,-2.592007458721442,200
time_shift,wasserstein_quantile,107,0.0,0.6201283840952133,-300.8211915089249,-302.9243696086445,-2.103178099719571,wasserstein_quantile,fisher_trajectory,1.999992975634427,3.999842712839701,-4.103171075353998,-6.103020812559272,200
time_shift,wasserstein_quantile,108,0.0,0.6201197965116204,-310.97204420600997,-303.31779302994835,7.654251176061621,wasserstein_quantile,fisher_trajectory,1.999992975634427,3.9998427128402394,5.6542582004271935,3.6544084632213814,200
time_shift,wasserstein_quantile,109,0.0,0.6198145885344889,-303.98487917435,-303.327564057933,0.6573151164170099,wasserstein_quantile,fisher_trajectory,1.999992975634427,3.9998427128592304,-1.3426778592174171,-3.3425275964422205,200
time_shift,wasserstein_quantile,110,0.0,0.6219437412949741,-304.85168636049593,-299.39597402242566,5.455712338070271,wasserstein_quantile,fisher_trajectory,1.999992975634427,3.9998427127204597,3.4557193624358433,1.455869625349811,200
time_shift,wasserstein_quantile,111,0.0,0.6196281234203578,-310.5632073749301,-303.67460239833355,6.888604976596525,wasserstein_quantile,fisher_trajectory,1.999992975634427,3.999842712870689,4.888612000962098,2.8887622637258366,200
time_shift,wasserstein_quantile,112,0.0,0.6207848553372748,-307.67896110457724,-302.52123869574604,5.157722408831205,wasserstein_quantile,fisher_trajectory,1.999992975634427,3.999842712797833,3.157729433196778,1.1578796960333722,200
time_shift,wasserstein_quantile,113,0.0,0.6189716899520231,-308.3624921282095,-302.3096536419713,6.052838486238215,wasserstein_quantile,fisher_trajectory,1.999992975634427,3.99984271291018,4.052845510603788,2.0529957733280355,200
time_shift,wasserstein_quantile,114,0.0,0.6201921591669354,-303.77684831523317,-302.41872257083975,1.3581257443934192,wasserstein_quantile,fisher_trajectory,1.999992975634427,3.9998427128356937,-0.6418672312410079,-2.6417169684422745,200
time_shift,wasserstein_quantile,115,0.0,0.6197341965858328,-317.4604914634286,-303.19437052586744,14.26612093756114,wasserstein_quantile,fisher_trajectory,1.999992975634427,3.9998427128641834,12.266127961926713,10.266278224696958,200
time_shift,wasserstein_quantile,116,0.0,0.6197128070946399,-302.97293196607154,-302.2926935876331,0.680238378438446,wasserstein_quantile,fisher_trajectory,1.999992975634427,3.999842712865498,-1.319754597195981,-3.319604334427052,200
time_shift,wasserstein_quantile,117,0.0,0.6198581536399814,-308.67810955103033,-303.693130121666,4.98497942936433,wasserstein_quantile,fisher_trajectory,1.999992975634427,3.9998427128565366,2.9849864537299027,0.9851367165077933,200
time_shift,wasserstein_quantile,118,0.0,0.6208775637511483,-307.5643294117176,-302.1596854735255,5.404643938192123,wasserstein_quantile,fisher_trajectory,1.999992975634427,3.999842712791807,3.404650962557696,1.4048012254003162,200
time_shift,wasserstein_quantile,119,0.0,0.6207450988213427,-310.56730620975196,-303.21175184246306,7.355554367288903,wasserstein_quantile,fisher_trajectory,1.999992975634427,3.9998427128004077,5.355561391654476,3.3557116544884953,200
time_shift,wasserstein_quantile,120,0.0,0.6191303653782565,-301.543198430477,-301.74236291899297,-0.1991644885159758,wasserstein_quantile,fisher_trajectory,1.999992975634427,3.9998427129007537,-2.199157464150403,-4.1990072014167295,200
time_shift,wasserstein_quantile,121,0.0,0.6195888027322837,-295.9973298548234,-302.57404209322135,-6.576712238397931,wasserstein_quantile,fisher_trajectory,1.999992975634427,3.9998427128730913,-8.576705214032359,-10.576554951271023,200
time_shift,wasserstein_quantile,122,0.0,0.6207948281717286,-308.8942747244593,-302.19140859486185,6.702866129597453,wasserstein_quantile,fisher_trajectory,1.999992975634427,3.9998427127971863,4.702873153963026,2.7030234168002667,200
time_shift,wasserstein_quantile,123,0.0,0.621101877093391,-302.7073287777913,-300.87436244978386,1.8329663280074442,wasserstein_quantile,fisher_trajectory,1.999992975634427,3.9998427127771126,-0.16702664762698283,-2.1668763847696684,200
time_shift,wasserstein_quantile,124,0.0,0.6218430797637784,-309.80499846725553,-299.7578839314216,10.047114535833941,wasserstein_quantile,fisher_trajectory,1.999992975634427,3.99984271272736,8.047121560199514,6.047271823106581,200
time_shift,wasserstein_quantile,125,0.0,0.6209701052053452,-310.4492489895782,-301.4153638015583,9.033885188019894,wasserstein_quantile,fisher_trajectory,1.999992975634427,3.9998427127857656,7.033892212385467,5.034042475234129,200
time_shift,wasserstein_quantile,126,0.0,0.6180264416963913,-306.5297039899557,-296.9957050048836,9.533998985072117,wasserstein_quantile,fisher_trajectory,1.999992975634427,3.9998427129647895,7.5340060094376895,5.534156272107327,200
time_shift,wasserstein_quantile,127,0.0,0.6194491844875081,-301.3171964608504,-302.13802065073173,-0.8208241898813071,wasserstein_quantile,fisher_trajectory,1.999992975634427,3.999842712881584,-2.8208171655157344,-4.820666902762891,200
time_shift,wasserstein_quantile,128,0.0,0.6200437766033402,-318.0823338958298,-303.6516113895404,14.430722506289385,wasserstein_quantile,fisher_trajectory,1.999992975634427,3.9998427128449974,12.430729530654958,10.430879793444387,200
time_shift,wasserstein_quantile,129,0.0,0.619554931091451,-310.769697430457,-303.50911275739924,7.2605846730577355,wasserstein_quantile,fisher_trajectory,1.999992975634427,3.9998427128751577,5.260591697423308,3.260741960182578,200
time_shift,wasserstein_quantile,130,0.0,0.6204470811904177,-306.5895117449399,-302.27566479725465,4.313846947685249,wasserstein_quantile,fisher_trajectory,1.999992975634427,3.9998427128195484,2.313853972050822,0.31400423486570084,200
time_shift,wasserstein_quantile,131,0.0,0.6208716352036721,-287.67415414385897,-302.5481070345187,-14.873952890659723,wasserstein_quantile,fisher_trajectory,1.999992975634427,3.9998427127921943,-16.87394586629415,-18.873795603451917,200
time_shift,wasserstein_quantile,132,0.0,0.6204146865766957,-313.20146863080333,-302.3415459378276,10.859922692975715,wasserstein_quantile,fisher_trajectory,1.999992975634427,3.9998427128216116,8.859929717341288,6.8600799801541035,200
time_shift,wasserstein_quantile,133,0.0,0.6213859081866081,-315.49907663064863,-300.9821349360201,14.516941694628542,wasserstein_quantile,fisher_trajectory,1.999992975634427,3.9998427127582663,12.516948718994115,10.517098981870276,200
time_shift,wasserstein_quantile,134,0.0,0.6211524510116543,-302.79552588521756,-301.5775386646385,1.2179872205790616,wasserstein_quantile,fisher_trajectory,1.999992975634427,3.999842712773777,-0.7820057550553654,-2.7818554921947154,200
time_shift,wasserstein_quantile,135,0.0,0.6204132785419627,-293.17921737300486,-302.42214519371794,-9.242927820713078,wasserstein_quantile,fisher_trajectory,1.999992975634427,3.9998427128217013,-11.242920796347505,-13.24277053353478,200
time_shift,wasserstein_quantile,136,0.0,0.6207293828657418,-302.2142233577091,-301.47099503028,0.743228327429108,wasserstein_quantile,fisher_trajectory,1.999992975634427,3.9998427128014242,-1.256764648205319,-3.256614385372316,200
time_shift,wasserstein_quantile,137,0.0,0.6189870733378234,-300.46972231475064,-302.21715273514775,-1.7474304203971087,wasserstein_quantile,fisher_trajectory,1.999992975634427,3.9998427129092695,-3.747423396031536,-5.747273133306378,200
time_shift,wasserstein_quantile,138,0.0,0.6209374580077368,-307.37104870591895,-302.610779013077,4.760269692841973,wasserstein_quantile,fisher_trajectory,1.999992975634427,3.9998427127879,2.760276717207546,0.7604269800540733,200
time_shift,wasserstein_quantile,139,0.0,0.6194583779696067,-301.5408908208509,-302.0583233849227,-0.5174325640717825,wasserstein_quantile,fisher_trajectory,1.999992975634427,3.9998427128810263,-2.5174255397062097,-4.517275276952809,200
time_shift,wasserstein_quantile,140,0.0,0.6199266053025523,-317.28128174261826,-303.80508419680604,13.476197545812227,wasserstein_quantile,fisher_trajectory,1.999992975634427,3.999842712852294,11.4762045701778,9.476354832959933,200
time_shift,wasserstein_quantile,141,0.0,0.6217114504897387,-315.8511384827617,-300.2425204125477,15.608618070213993,wasserstein_quantile,fisher_trajectory,1.999992975634427,3.999842712736332,13.608625094579565,11.608775357477661,200
time_shift,wasserstein_quantile,142,0.0,0.6186354979920278,-296.3495040177604,-301.49416796495564,-5.144663947195227,wasserstein_quantile,fisher_trajectory,1.999992975634427,3.9998427129299032,-7.144656922829654,-9.14450666012513,200
time_shift,wasserstein_quantile,143,0.0,0.6196556149535453,-319.60946687423524,-303.2321774924863,16.377289381748938,wasserstein_quantile,fisher_trajectory,1.999992975634427,3.9998427128690057,14.37729640611451,12.377446668879932,200
time_shift,wasserstein_quantile,144,0.0,0.619846918884711,-287.4250772018975,-303.4079984166718,-15.982921214774251,wasserstein_quantile,fisher_trajectory,1.999992975634427,3.999842712857232,-17.982914190408678,-19.98276392763148,200
time_shift,wasserstein_quantile,145,0.0,0.6195667413547515,-305.89470475939027,-302.01041359294504,3.884291166445223,wasserstein_quantile,fisher_trajectory,1.999992975634427,3.999842712874438,1.884298190810796,-0.11555154642921472,200
time_shift,wasserstein_quantile,146,0.0,0.6200499777500472,-317.9063782845544,-302.7605343122005,15.14584397235393,wasserstein_quantile,fisher_trajectory,1.999992975634427,3.99984271284461,13.145850996719503,11.146001259509319,200
time_shift,wasserstein_quantile,147,0.0,0.6215899394457483,-304.52720734728655,-300.44622004947837,4.0809872978081785,wasserstein_quantile,fisher_trajectory,1.999992975634427,3.999842712744561,2.0809943221737512,0.08114458506361766,200
time_shift,wasserstein_quantile,148,0.0,0.6197673134946194,-311.7540092525942,-302.20940816073687,9.544601091857317,wasserstein_quantile,fisher_trajectory,1.999992975634427,3.9998427128621454,7.544608116222889,5.544758378995171,200
time_shift,wasserstein_quantile,149,0.0,0.6213165669238387,-297.2436484128783,-300.409303335039,-3.165654922160684,wasserstein_quantile,fisher_trajectory,1.999992975634427,3.9998427127628924,-5.165647897795111,-7.165497634923576,200
time_shift,wasserstein_quantile,150,0.0,0.6201636070139376,-285.4738100782547,-302.02754822599826,-16.55373814774356,wasserstein_quantile,fisher_trajectory,1.999992975634427,3.99984271283749,-18.553731123377986,-20.55358086058105,200
time_shift,wasserstein_quantile,151,0.0,0.6185959549017809,-312.84621376500087,-300.6481582253115,12.198055539689392,wasserstein_quantile,fisher_trajectory,1.999992975634427,3.9998427129322014,10.198062564054965,8.19821282675719,200
time_shift,wasserstein_quantile,152,0.0,0.6184081364552317,-305.6051872569235,-300.72959411212037,4.875593144803133,wasserstein_quantile,fisher_trajectory,1.999992975634427,3.9998427129430523,2.875600169168706,0.8757504318600811,200
time_shift,wasserstein_quantile,153,0.0,0.6210921731274883,-300.6562884279807,-302.99274608826727,-2.3364576602865554,wasserstein_quantile,fisher_trajectory,1.999992975634427,3.9998427127777516,-4.336450635920983,-6.336300373064307,200
time_shift,wasserstein_quantile,154,0.0,0.6195424988844098,-309.495366637849,-302.66928428725873,6.826082350590241,wasserstein_quantile,fisher_trajectory,1.999992975634427,3.999842712875915,4.826089374955814,2.826239637714326,200
time_shift,wasserstein_quantile,155,0.0,0.621071964268746,-314.014968499006,-302.3057670863193,11.709201412686696,wasserstein_quantile,fisher_trajectory,1.999992975634427,3.999842712779082,9.709208437052268,7.709358699907614,200
time_shift,wasserstein_quantile,156,0.0,0.6217975890948234,-309.97457175599703,-300.3568246608296,9.61774709516743,wasserstein_quantile,fisher_trajectory,1.999992975634427,3.9998427127304677,7.617754119533004,5.617904382436963,200
time_shift,wasserstein_quantile,157,0.0,0.61870539967004,-303.92039764788785,-302.8454000543284,1.0749975935594307,wasserstein_quantile,fisher_trajectory,1.999992975634427,3.9998427129258296,-0.9249953820749963,-2.924845119366399,200
time_shift,wasserstein_quantile,158,0.0,0.6199084259243202,-300.972998738054,-302.8661808713628,-1.8931821333088124,wasserstein_quantile,fisher_trajectory,1.999992975634427,3.999842712853422,-3.8931751089432396,-5.893024846162234,200
time_shift,wasserstein_quantile,159,0.0,0.6175658409056122,-312.302679171986,-295.8725810691894,16.43009810279659,wasserstein_quantile,fisher_trajectory,1.999992975634427,3.999842712990466,14.430105127162165,12.430255389806126,200
time_shift,wasserstein_quantile,160,0.0,0.6190947056993001,-303.8443792621357,-302.8315536252044,1.0128256369313249,wasserstein_quantile,fisher_trajectory,1.999992975634427,3.999842712902879,-0.9871673387031021,-2.987017075971554,200
time_shift,wasserstein_quantile,161,0.0,0.6180535908638838,-312.33636155139175,-298.8458491591845,13.490512392207222,wasserstein_quantile,fisher_trajectory,1.999992975634427,3.999842712963257,11.490519416572795,9.490669679243965,200
time_shift,wasserstein_quantile,162,0.0,0.6221343354918476,-306.6726767839796,-298.40960393555577,8.26307284842386,wasserstein_quantile,fisher_trajectory,1.999992975634427,3.9998427127072973,6.263079872789433,4.263230135716563,200
time_shift,wasserstein_quantile,163,0.0,0.6201598538254073,-313.18901996351485,-303.51339748807476,9.675622475440093,wasserstein_quantile,fisher_trajectory,1.999992975634427,3.999842712837726,7.675629499805666,5.675779762602367,200
time_shift,wasserstein_quantile,164,0.0,0.6215664519758562,-309.24925465419875,-300.3408861359413,8.908368518257475,wasserstein_quantile,fisher_trajectory,1.999992975634427,3.999842712746146,6.908375542623048,4.90852580551133,200
time_shift,wasserstein_quantile,165,0.0,0.6212750721040228,-312.8065474581879,-301.6946937356269,11.111853722560966,wasserstein_quantile,fisher_trajectory,1.999992975634427,3.999842712765653,9.111860746926538,7.112011009795313,200
time_shift,wasserstein_quantile,166,0.0,0.6198935045030377,-292.53231081059465,-303.0865793280723,-10.554268517477624,wasserstein_quantile,fisher_trajectory,1.999992975634427,3.9998427128543477,-12.554261493112051,-14.554111230331971,200
time_shift,wasserstein_quantile,167,0.0,0.6201719512430273,-310.705760620422,-302.4691392404078,8.236621380014185,wasserstein_quantile,fisher_trajectory,1.999992975634427,3.9998427128369656,6.236628404379758,4.236778667177219,200
time_shift,wasserstein_quantile,168,0.0,0.6193414675029058,-312.665403798534,-302.44556147594574,10.21984232258825,wasserstein_quantile,fisher_trajectory,1.999992975634427,3.9998427128880953,8.219849346953822,6.219999609700154,200
time_shift,wasserstein_quantile,169,0.0,0.619754821125862,-309.98376575340075,-302.3132356684776,7.6705300849231435,wasserstein_quantile,fisher_trajectory,1.999992975634427,3.9998427128629146,5.670537109288716,3.670687372060229,200
time_shift,wasserstein_quantile,170,0.0,0.6197165008040095,-302.81602176409353,-302.3865788945912,0.42944286950233845,wasserstein_quantile,fisher_trajectory,1.999992975634427,3.9998427128652714,-1.5705501061320886,-3.570399843362933,200
time_shift,wasserstein_quantile,171,0.0,0.6179030051034955,-281.7608689429087,-297.04194796574234,-15.281079022833637,wasserstein_quantile,fisher_trajectory,1.999992975634427,3.9998427129717298,-17.281071998468065,-19.280921735805368,200
time_shift,wasserstein_quantile,172,0.0,0.6196605802268904,-317.90551925621986,-303.8440305744641,14.061488681755748,wasserstein_quantile,fisher_trajectory,1.999992975634427,3.9998427128687024,12.06149570612132,10.061645968887046,200
time_shift,wasserstein_quantile,173,0.0,0.6190515254722722,-318.3172466533747,-303.0114931044196,15.305753548955067,wasserstein_quantile,fisher_trajectory,1.999992975634427,3.999842712905447,13.30576057332064,11.30591083604962,200
time_shift,wasserstein_quantile,174,0.0,0.6217455198396625,-305.3160767853973,-300.6882377997932,4.627838985604058,wasserstein_quantile,fisher_trajectory,1.999992975634427,3.999842712734015,2.6278460099696304,0.6279962728700426,200
time_shift,wasserstein_quantile,175,0.0,0.6191680661595272,-301.4361225834701,-302.9855023683973,-1.5493797849272255,wasserstein_quantile,fisher_trajectory,1.999992975634427,3.999842712898503,-3.5493727605616527,-5.5492224978257285,200
time_shift,wasserstein_quantile,176,0.0,0.6202301036546604,-313.57097886267076,-304.22724781804135,9.343731044629408,wasserstein_quantile,fisher_trajectory,1.999992975634427,3.999842712833304,7.3437380689949805,5.343888331796103,200
time_shift,wasserstein_quantile,177,0.0,0.619564123490679,-293.873320955644,-303.12743171450006,-9.254110758856086,wasserstein_quantile,fisher_trajectory,1.999992975634427,3.999842712874597,-11.254103734490513,-13.253953471730682,200
time_shift,wasserstein_quantile,178,0.0,0.6210236952861168,-304.7073455557075,-301.8237227095177,2.8836228461897804,wasserstein_quantile,fisher_trajectory,1.999992975634427,3.999842712782253,0.8836298705553534,-1.1162198665924725,200
time_shift,wasserstein_quantile,179,0.0,0.6188683247525794,-305.4975060277061,-301.85033095381687,3.6471750738892297,wasserstein_quantile,fisher_trajectory,1.999992975634427,3.99984271291628,1.6471820982548027,-0.35266763902705023,200
time_shift,wasserstein_quantile,180,0.0,0.6200276974980624,-296.63633133081373,-303.85856119661526,-7.222229865801523,wasserstein_quantile,fisher_trajectory,1.999992975634427,3.999842712846001,-9.22222284143595,-11.222072578647523,200
time_shift,wasserstein_quantile,181,0.0,0.6200335920883705,-305.8795447882193,-302.00699042909446,3.8725543591248197,wasserstein_quantile,fisher_trajectory,1.999992975634427,3.9998427128456333,1.8725613834903927,-0.1272883537208136,200
time_shift,wasserstein_quantile,182,0.0,0.6204315686183625,-306.4996498385917,-302.9818762449495,3.5177735936422323,wasserstein_quantile,fisher_trajectory,1.999992975634427,3.9998427128205365,1.5177806180078053,-0.4820691191783042,200
time_shift,wasserstein_quantile,183,0.0,0.6201428962297878,-315.39876695664753,-302.10660079516833,13.292166161479201,wasserstein_quantile,fisher_trajectory,1.999992975634427,3.999842712838791,11.292173185844774,9.29232344864041,200
time_shift,wasserstein_quantile,184,0.0,0.6209541099553662,-306.5087882996369,-303.0515319739793,3.4572563256575677,wasserstein_quantile,fisher_trajectory,1.999992975634427,3.999842712786812,1.4572633500231407,-0.5425863871292442,200
time_shift,wasserstein_quantile,185,0.0,0.6223550438823925,-305.2958381742992,-296.8513867838794,8.444451390419829,wasserstein_quantile,fisher_trajectory,1.999992975634427,3.999842712691898,6.444458414785402,4.444608677727931,200
time_shift,wasserstein_quantile,186,0.0,0.6192877210234353,-313.5266611607565,-301.8372436513127,11.689417509443786,wasserstein_quantile,fisher_trajectory,1.999992975634427,3.9998427128913314,9.689424533809358,7.689574796552455,200
time_shift,wasserstein_quantile,187,0.0,0.6186305546142177,-292.59138102573183,-300.6953137773346,-8.10393275160277,wasserstein_quantile,fisher_trajectory,1.999992975634427,3.9998427129301906,-10.103925727237197,-12.10377546453296,200
time_shift,wasserstein_quantile,188,0.0,0.6212686703509422,-295.2753921584141,-301.5958836430461,-6.320491484631987,wasserstein_quantile,fisher_trajectory,1.999992975634427,3.999842712766078,-8.320484460266414,-10.320334197398065,200
time_shift,wasserstein_quantile,189,0.0,0.6193987106142805,-293.7375679252503,-302.6011286856857,-8.863560760435405,wasserstein_quantile,fisher_trajectory,1.999992975634427,3.9998427128846394,-10.863553736069832,-12.863403473320044,200
time_shift,wasserstein_quantile,190,0.0,0.6199069420349568,-294.2043833774167,-303.4581350745411,-9.253751697124358,wasserstein_quantile,fisher_trajectory,1.999992975634427,3.999842712853514,-11.253744672758785,-13.253594409977872,200
time_shift,wasserstein_quantile,191,0.0,0.6219209941306518,-295.8939138389523,-299.57941067131367,-3.685496832361366,wasserstein_quantile,fisher_trajectory,1.999992975634427,3.999842712722022,-5.685489807995793,-7.685339545083388,200
time_shift,wasserstein_quantile,192,0.0,0.6206431619002503,-304.67648877328554,-302.20357714337536,2.472911629910186,wasserstein_quantile,fisher_trajectory,1.999992975634427,3.9998427128069878,0.4729186542757591,-1.5269310828968017,200
time_shift,wasserstein_quantile,193,0.0,0.6193620802466812,-305.5455466164932,-303.1677724619864,2.377774154506824,wasserstein_quantile,fisher_trajectory,1.999992975634427,3.9998427128868523,0.3777811788723968,-1.6220685583800285,200
time_shift,wasserstein_quantile,194,0.0,0.6203062753256589,-301.37845893406177,-303.85247931901716,-2.474020384955395,wasserstein_quantile,fisher_trajectory,1.999992975634427,3.999842712828492,-4.474013360589822,-6.473863097783887,200
time_shift,wasserstein_quantile,195,0.0,0.6210466289055997,-305.1481379149996,-301.7934495698553,3.354688345144325,wasserstein_quantile,fisher_trajectory,1.999992975634427,3.9998427127807474,1.354695369509898,-0.6451543676364224,200
time_shift,wasserstein_quantile,196,0.0,0.6191223661431133,-299.1071641011769,-302.4122848772155,-3.3051207760385637,wasserstein_quantile,fisher_trajectory,1.999992975634427,3.9998427129012306,-5.305113751672991,-7.304963488939794,200
time_shift,wasserstein_quantile,197,0.0,0.6206411837589189,-299.87993771925795,-301.54108059569967,-1.6611428764417155,wasserstein_quantile,fisher_trajectory,1.999992975634427,3.999842712807115,-3.661135852076143,-5.66098558924883,200
time_shift,wasserstein_quantile,198,0.0,0.6196555183506128,-312.93509555876665,-303.20186285888417,9.733232699882478,wasserstein_quantile,fisher_trajectory,1.999992975634427,3.999842712869012,7.733239724248051,5.733389987013466,200
time_shift,wasserstein_quantile,199,0.0,0.6212957717005132,-305.74222282935693,-300.51339123991124,5.22883158944569,wasserstein_quantile,fisher_trajectory,1.999992975634427,3.999842712764276,3.228838613811263,1.2289888766814139,200
