scenario,truth,candidate,seed,training_deviance,mean_new_deviance,mc_se_new_deviance,empirical_optimism,predicted_optimism,calibration_residual,effective_dimension,new_response_draws
early_seir_infected_only,seir,neural_ode_h2,0,-78.04246652716633,-77.7356688832911,0.4289271857708496,0.30679764387522823,4.6644353305466995,-4.357637686671471,2.3322176652733497,200
early_seir_infected_only,seir,neural_ode_h2,1,-82.63954696975829,-79.02755509610287,0.46990181579766177,3.6119918736554126,4.633041372942128,-1.0210494992867156,2.316520686471064,200
early_seir_infected_only,seir,neural_ode_h2,2,-82.33883190055619,-76.05814254003344,0.5170208255236358,6.280689360522743,4.798875573209539,1.4818137873132038,2.3994377866047696,200
early_seir_infected_only,seir,neural_ode_h2,3,-77.42602468708758,-74.9893352526184,0.4698509200387038,2.436689434469173,4.544871721842279,-2.108182287373106,2.2724358609211395,200
early_seir_infected_only,seir,neural_ode_h2,4,-64.36086581057512,-78.16108660274395,0.44230168052522284,-13.80022079216883,4.683218973632314,-18.483439765801144,2.341609486816157,200
early_seir_infected_only,seir,neural_ode_h2,5,-78.35042606658622,-77.01067058639968,0.46552088891539406,1.3397554801865397,4.554000706460765,-3.214245226274225,2.2770003532303824,200
early_seir_infected_only,seir,neural_ode_h2,6,-74.19270491993832,-78.84109010240525,0.402868286125483,-4.6483851824669244,4.589643229593598,-9.238028412060522,2.294821614796799,200
early_seir_infected_only,seir,neural_ode_h2,7,-88.80338332015937,-73.71926607924323,0.4922453161727431,15.084117240916143,4.3409201141355,10.743197126780643,2.17046005706775,200
early_seir_infected_only,seir,neural_ode_h2,8,-87.77641734789813,-78.84909361744818,0.4037877808535404,8.927323730449956,4.615105228817351,4.312218501632605,2.3075526144086753,200
early_seir_infected_only,seir,neural_ode_h2,9,-76.89028239985532,-70.37488076350434,0.6374139094254152,6.515401636350987,4.264151323564688,2.251250312786299,2.132075661782344,200
early_seir_infected_only,seir,neural_ode_h2,10,-82.2245317895329,-77.34889918649344,0.4714880119543738,4.875632603039463,4.453815641611909,0.4218169614275542,2.2269078208059545,200
early_seir_infected_only,seir,neural_ode_h2,11,-82.38179022338822,-77.86241640788302,0.44807006111564857,4.519373815505205,4.731317094562059,-0.21194327905685473,2.3656585472810296,200
early_seir_infected_only,seir,neural_ode_h2,12,-76.53051485213618,-71.47315773254267,0.6278620645449525,5.0573571195935045,4.936371741580014,0.12098537801349085,2.468185870790007,200
early_seir_infected_only,seir,neural_ode_h2,13,-86.44605250708466,-69.96839612088048,0.6432023151152658,16.477656386204174,4.620464640208327,11.857191745995847,2.3102323201041637,200
early_seir_infected_only,seir,neural_ode_h2,14,-75.96893436995813,-74.85666296018385,0.5008883581492125,1.11227140977428,4.860712042660833,-3.7484406328865525,2.4303560213304163,200
early_seir_infected_only,seir,neural_ode_h2,15,-84.7852034566093,-76.12838054547586,0.46308479916233597,8.656822911133432,4.809056674565516,3.8477662365679155,2.404528337282758,200
early_seir_infected_only,seir,neural_ode_h2,16,-77.07432675791617,-73.03508982353247,0.538649198876373,4.039236934383695,4.534845923020495,-0.4956089886368007,2.2674229615102477,200
early_seir_infected_only,seir,neural_ode_h2,17,-76.12923413666772,-74.97251508492172,0.517347626919665,1.1567190517459949,4.389230654737696,-3.2325116029917007,2.194615327368848,200
early_seir_infected_only,seir,neural_ode_h2,18,-81.59517903022713,-78.36582180469598,0.42101940387428105,3.229357225531146,4.487808254514333,-1.2584510289831874,2.2439041272571667,200
early_seir_infected_only,seir,neural_ode_h2,19,-86.64478842744171,-76.04482051679307,0.5016868338122105,10.599967910648644,4.562741988006156,6.037225922642488,2.281370994003078,200
early_seir_infected_only,seir,neural_ode_h2,20,-76.18479981739831,-78.0807965767054,0.4555965945627681,-1.8959967593070814,4.57035967395034,-6.466356433257421,2.28517983697517,200
early_seir_infected_only,seir,neural_ode_h2,21,-86.18964168551025,-76.92062101388866,0.5046035755169181,9.26902067162159,4.583373621220291,4.685647050401299,2.2916868106101456,200
early_seir_infected_only,seir,neural_ode_h2,22,-71.15243788363975,-77.1386218067268,0.4637316884474767,-5.986183923087054,4.466974083579418,-10.453158006666472,2.233487041789709,200
early_seir_infected_only,seir,neural_ode_h2,23,-85.50956716714444,-77.05961808493178,0.4665858142876413,8.449949082212655,4.492982614372808,3.9569664678398464,2.246491307186404,200
early_seir_infected_only,seir,neural_ode_h2,24,-81.83796672945849,-76.85200963673664,0.4796909044667042,4.985957092721847,4.702816918208328,0.2831401745135187,2.351408459104164,200
early_seir_infected_only,seir,neural_ode_h2,25,-82.63608571472555,-65.24081387185001,0.7037948200146167,17.395271842875545,4.440955592436793,12.954316250438751,2.2204777962183964,200
early_seir_infected_only,seir,neural_ode_h2,26,-83.8009562074274,-77.25143784545685,0.4512768311130082,6.549518361970556,4.500153489924227,2.049364872046329,2.2500767449621133,200
early_seir_infected_only,seir,neural_ode_h2,27,-72.89906633281944,-76.4443497498797,0.5105283748869447,-3.5452834170602614,4.5214516029754055,-8.066735020035667,2.2607258014877027,200
early_seir_infected_only,seir,neural_ode_h2,28,-84.90783123643503,-77.5278195851375,0.5140572773103068,7.3800116512975364,4.713866710358593,2.6661449409389437,2.3569333551792964,200
early_seir_infected_only,seir,neural_ode_h2,29,-78.79130926556437,-77.76401958609198,0.4161573064764065,1.0272896794723891,4.582180150676145,-3.5548904712037555,2.2910900753380723,200
early_seir_infected_only,seir,neural_ode_h2,30,-84.44804880205861,-77.44444614675854,0.4349211793784591,7.003602655300071,4.603904145853491,2.39969850944658,2.3019520729267455,200
early_seir_infected_only,seir,neural_ode_h2,31,-87.30449062550016,-77.45730246447152,0.41753437741062915,9.84718816102864,4.50217421593122,5.345013945097421,2.25108710796561,200
early_seir_infected_only,seir,neural_ode_h2,32,-77.59165514298945,-78.83812658782603,0.4054350062798579,-1.2464714448365726,4.571372860706404,-5.817844305542977,2.285686430353202,200
early_seir_infected_only,seir,neural_ode_h2,33,-85.31498078168553,-78.83046891472405,0.4229142265947672,6.484511866961483,4.8092907862269,1.675221080734583,2.40464539311345,200
early_seir_infected_only,seir,neural_ode_h2,34,-85.11252327414826,-75.23568603006653,0.48285402047821013,9.876837244081727,4.519454077941874,5.357383166139853,2.259727038970937,200
early_seir_infected_only,seir,neural_ode_h2,35,-73.77518211226298,-78.5420861768452,0.42246403632242996,-4.766904064582221,4.619261957021104,-9.386166021603325,2.309630978510552,200
early_seir_infected_only,seir,neural_ode_h2,36,-82.66044690915065,-76.08582198840658,0.5261885352332989,6.574624920744071,4.4412858086492335,2.1333391120948377,2.2206429043246168,200
early_seir_infected_only,seir,neural_ode_h2,37,-81.0082119750033,-78.26910314348632,0.42898290582649706,2.7391088315169867,4.556410717758515,-1.8173018862415287,2.2782053588792577,200
early_seir_infected_only,seir,neural_ode_h2,38,-83.95114678729992,-78.31660897721765,0.4566099342969247,5.634537810082264,4.655214762932205,0.9793230471500589,2.3276073814661027,200
early_seir_infected_only,seir,neural_ode_h2,39,-83.80760763353521,-75.83495341196677,0.5014543165565197,7.9726542215684475,4.482225409263094,3.4904288123053533,2.241112704631547,200
early_seir_infected_only,seir,neural_ode_h2,40,-77.36385279765699,-73.3372171692281,0.5173460381669569,4.026635628428892,4.853053204958474,-0.8264175765295825,2.426526602479237,200
early_seir_infected_only,seir,neural_ode_h2,41,-71.46247659417241,-77.06037140293712,0.4404962364650517,-5.597894808764707,4.515610287030409,-10.113505095795116,2.2578051435152044,200
early_seir_infected_only,seir,neural_ode_h2,42,-73.12145499985445,-78.01295878924456,0.42400558814888356,-4.891503789390114,4.52884310848855,-9.420346897878664,2.264421554244275,200
early_seir_infected_only,seir,neural_ode_h2,43,-80.9103975659233,-76.61507070287637,0.5007819938139402,4.295326863046938,4.753645280222367,-0.45831841717542865,2.3768226401111834,200
early_seir_infected_only,seir,neural_ode_h2,44,-82.72397988594626,-76.42650824703261,0.44656766710939855,6.297471638913649,5.12380446802328,1.1736671708903685,2.56190223401164,200
early_seir_infected_only,seir,neural_ode_h2,45,-87.98982225123514,-76.02457799450275,0.48359444339268737,11.96524425673239,4.683911078575041,7.281333178157349,2.3419555392875204,200
early_seir_infected_only,seir,neural_ode_h2,46,-73.00581178239071,-78.64913649889817,0.43976382393689484,-5.643324716507465,4.497606764708418,-10.140931481215883,2.248803382354209,200
early_seir_infected_only,seir,neural_ode_h2,47,-79.27654272101199,-72.723240861464,0.5558777240175641,6.553301859547986,4.347106357452094,2.206195502095892,2.173553178726047,200
early_seir_infected_only,seir,neural_ode_h2,48,-74.43572807373661,-78.81853301413034,0.40551790935586485,-4.382804940393726,4.6428931966682505,-9.025698137061976,2.3214465983341253,200
early_seir_infected_only,seir,neural_ode_h2,49,-70.12586040887305,-76.0643523325954,0.4531581914463756,-5.938491923722353,4.64064131080605,-10.579133234528403,2.320320655403025,200
early_seir_infected_only,seir,neural_ode_h2,50,-73.53709047732713,-68.40554958782995,0.548510852464117,5.131540889497174,4.321805127341732,0.8097357621554417,2.160902563670866,200
early_seir_infected_only,seir,neural_ode_h2,51,-85.67652913474595,-77.08530741647778,0.4476669734102326,8.591221718268173,4.717843902993334,3.8733778152748393,2.358921951496667,200
early_seir_infected_only,seir,neural_ode_h2,52,-84.79295252234638,-78.68603402591026,0.4525936681826644,6.106918496436123,4.622056126424358,1.484862370011765,2.311028063212179,200
early_seir_infected_only,seir,neural_ode_h2,53,-78.00023928370429,-78.49420776056182,0.45804281578074163,-0.49396847685753187,4.608873644366409,-5.102842121223941,2.3044368221832046,200
early_seir_infected_only,seir,neural_ode_h2,54,-68.01410860993744,-77.03834401826244,0.465512592035462,-9.024235408324998,4.796777345573978,-13.821012753898977,2.398388672786989,200
early_seir_infected_only,seir,neural_ode_h2,55,-81.3802313208454,-73.63297001500902,0.5969749395884575,7.747261305836375,4.797683937971242,2.9495773678651327,2.398841968985621,200
early_seir_infected_only,seir,neural_ode_h2,56,-83.99521336775553,-78.73672917526527,0.41830948497264875,5.258484192490258,4.5491103817269085,0.7093738107633492,2.2745551908634543,200
early_seir_infected_only,seir,neural_ode_h2,57,-72.90887778454142,-75.5811239006095,0.4952711996532712,-2.672246116068081,4.686755044241086,-7.359001160309167,2.343377522120543,200
early_seir_infected_only,seir,neural_ode_h2,58,-89.85643969088515,-71.89091917436197,0.5460576768504594,17.965520516523185,4.5086283459045395,13.456892170618644,2.2543141729522698,200
early_seir_infected_only,seir,neural_ode_h2,59,-81.43935527655438,-76.2995713253161,0.4474508054193362,5.139783951238286,4.596055641247143,0.5437283099911427,2.2980278206235716,200
early_seir_infected_only,seir,neural_ode_h2,60,-82.03845195182518,-73.70303164312229,0.5514473746492361,8.335420308702894,4.553627019021601,3.7817932896812927,2.2768135095108004,200
early_seir_infected_only,seir,neural_ode_h2,61,-71.82277604599011,-72.67304554424636,0.5802295806246647,-0.8502694982562531,4.768690840238902,-5.618960338495155,2.384345420119451,200
early_seir_infected_only,seir,neural_ode_h2,62,-87.69517376227645,-73.62348740115644,0.5445221868560788,14.071686361120015,4.488275280123871,9.583411080996145,2.2441376400619353,200
early_seir_infected_only,seir,neural_ode_h2,63,-78.51643783796315,-78.21295263431283,0.46372523598619697,0.3034852036503253,4.539493605880916,-4.236008402230591,2.269746802940458,200
early_seir_infected_only,seir,neural_ode_h2,64,-83.12980822316771,-76.83698980739666,0.45682680778435963,6.292818415771052,4.736249448637277,1.5565689671337752,2.3681247243186383,200
early_seir_infected_only,seir,neural_ode_h2,65,-84.39782525832209,-73.38704933443366,0.5661121247004711,11.010775923888431,4.432300251916451,6.57847567197198,2.2161501259582255,200
early_seir_infected_only,seir,neural_ode_h2,66,-84.18593234082604,-70.92913658169435,0.6229181414259882,13.256795759131691,4.480799489684045,8.775996269447646,2.2403997448420223,200
early_seir_infected_only,seir,neural_ode_h2,67,-74.87562312074427,-76.50576270837884,0.4299250005613329,-1.6301395876345737,4.69556531986534,-6.325704907499913,2.34778265993267,200
early_seir_infected_only,seir,neural_ode_h2,68,-77.15606084431442,-77.74964510385342,0.4508463457993557,-0.593584259539,4.678161941453195,-5.271746200992195,2.3390809707265974,200
early_seir_infected_only,seir,neural_ode_h2,69,-82.99203758195867,-77.16266705055278,0.4798633514189648,5.8293705314058855,4.514340663926302,1.3150298674795833,2.257170331963151,200
early_seir_infected_only,seir,neural_ode_h2,70,-76.88443134778319,-77.61764833552154,0.46033498870087475,-0.733216987738345,4.726667235527807,-5.459884223266152,2.3633336177639035,200
early_seir_infected_only,seir,neural_ode_h2,71,-79.15076107330756,-77.72096368353766,0.4332175572130234,1.4297973897699023,4.9034891391497375,-3.473691749379835,2.4517445695748687,200
early_seir_infected_only,seir,neural_ode_h2,72,-79.77972392818339,-75.57087978937977,0.517211459453439,4.208844138803613,4.546600942236266,-0.3377568034326526,2.273300471118133,200
early_seir_infected_only,seir,neural_ode_h2,73,-85.6827313815289,-77.33014584158532,0.44785004664155387,8.352585539943576,4.778791190698426,3.5737943492451496,2.389395595349213,200
early_seir_infected_only,seir,neural_ode_h2,74,-79.75366854087616,-76.3906409159877,0.47212845995779884,3.36302762488846,4.72226522248189,-1.35923759759343,2.361132611240945,200
early_seir_infected_only,seir,neural_ode_h2,75,-80.39315604202304,-77.82356684307028,0.42606050984463684,2.5695891989527553,4.581115747954382,-2.0115265490016263,2.290557873977191,200
early_seir_infected_only,seir,neural_ode_h2,76,-73.5501302207538,-75.525695279675,0.5231610277535188,-1.9755650589212053,4.587858002580587,-6.563423061501792,2.2939290012902935,200
early_seir_infected_only,seir,neural_ode_h2,77,-74.63381269572271,-72.5349288661564,0.5380939613220665,2.0988838295663044,4.346254984636337,-2.2473711550700326,2.1731274923181685,200
early_seir_infected_only,seir,neural_ode_h2,78,-82.43758516573652,-72.9529645252181,0.558409569285867,9.484620640518415,4.557057875611606,4.927562764906809,2.278528937805803,200
early_seir_infected_only,seir,neural_ode_h2,79,-82.41162896887205,-76.48889762949759,0.47914314178021583,5.922731339374465,4.769678108558722,1.1530532308157433,2.384839054279361,200
early_seir_infected_only,seir,seir,0,-79.7388649835068,-78.86208763610497,0.4037606466564485,0.876777347401827,2.846129776030635,-1.9693524286288082,1.4230648880153176,200
early_seir_infected_only,seir,seir,1,-83.60443982116013,-80.46182341013491,0.37828032253848853,3.142616411025216,2.6929039808310002,0.4497124301942157,1.3464519904155001,200
early_seir_infected_only,seir,seir,2,-83.15755730981844,-79.18933099879601,0.42037359907238575,3.968226311022434,2.7067324335426814,1.2614938774797526,1.3533662167713407,200
early_seir_infected_only,seir,seir,3,-79.30121609853686,-79.19452553927148,0.3956032973124903,0.10669055926537396,3.68500599318466,-3.578315433919286,1.84250299659233,200
early_seir_infected_only,seir,seir,4,-70.09995737137531,-77.98581116485374,0.45537426542106785,-7.885853793478432,3.3619355127106756,-11.247789306189109,1.6809677563553378,200
early_seir_infected_only,seir,seir,5,-79.21854179473794,-79.31256963951454,0.3682775847369752,-0.09402784477659054,2.9894577021937585,-3.083485546970349,1.4947288510968793,200
early_seir_infected_only,seir,seir,6,-76.63225099576036,-79.323312978513,0.3824898857825508,-2.691061982752643,2.709026088460352,-5.400088071212995,1.354513044230176,200
early_seir_infected_only,seir,seir,7,-91.85081233254223,-75.75511546246247,0.4617752749338037,16.095696870079763,2.997457742727053,13.09823912735271,1.4987288713635265,200
early_seir_infected_only,seir,seir,8,-90.98471763332348,-79.8175863771451,0.4397678325490968,11.16713125617838,3.1490135080054333,8.018117748172946,1.5745067540027167,200
early_seir_infected_only,seir,seir,9,-82.668633427153,-73.79306791333042,0.5430125016132671,8.875565513822579,3.7941812214961854,5.081384292326394,1.8970906107480927,200
early_seir_infected_only,seir,seir,10,-85.0549689375733,-78.5221039268043,0.43781881451270677,6.532865010769001,2.9894000303167827,3.5434649804522182,1.4947000151583913,200
early_seir_infected_only,seir,seir,11,-83.45970016407432,-80.0773621439205,0.40741589367668857,3.3823380201538242,3.1047421396595976,0.2775958804942267,1.5523710698297988,200
early_seir_infected_only,seir,seir,12,-78.39160748727608,-75.88078216980983,0.515796574325161,2.5108253174662423,4.394266832093718,-1.883441514627476,2.197133416046859,200
early_seir_infected_only,seir,seir,13,-84.71761194759486,-78.63106861793983,0.4024248716961526,6.086543329655029,3.2657935530397286,2.8207497766153007,1.6328967765198643,200
early_seir_infected_only,seir,seir,14,-79.08272542697951,-76.0064198512209,0.4852316581270302,3.07630557575861,3.7476007826822864,-0.6712952069236762,1.8738003913411432,200
early_seir_infected_only,seir,seir,15,-83.61113280467866,-79.14406772601077,0.4063113889179748,4.467065078667886,3.099709271768349,1.3673558068995373,1.5498546358841745,200
early_seir_infected_only,seir,seir,16,-75.96745282909384,-77.26729727050987,0.45616095878445134,-1.2998444414160275,3.0787801662439387,-4.378624607659966,1.5393900831219693,200
early_seir_infected_only,seir,seir,17,-78.62443382311193,-76.7754803245262,0.47536824360957486,1.848953498585729,2.7726144102026598,-0.9236609116169308,1.3863072051013299,200
early_seir_infected_only,seir,seir,18,-84.43791438273473,-77.65549276161205,0.4504801388681365,6.78242162112268,2.8844222021125248,3.897999419010155,1.4422111010562624,200
early_seir_infected_only,seir,seir,19,-87.26016927610488,-79.55146970684065,0.4175021633791843,7.708699569264226,3.1059019016556944,4.602797667608532,1.5529509508278472,200
early_seir_infected_only,seir,seir,20,-74.52417462853751,-79.26678711121141,0.3739340624722051,-4.742612482673906,2.6313598344394826,-7.373972317113388,1.3156799172197413,200
early_seir_infected_only,seir,seir,21,-88.75157561305441,-79.49234150922253,0.4171677328072442,9.259234103831886,3.192341450690141,6.066892653141745,1.5961707253450705,200
early_seir_infected_only,seir,seir,22,-75.74326627366807,-79.25082770712143,0.4307237979598875,-3.507561433453361,3.6259254404238237,-7.133486873877185,1.8129627202119118,200
early_seir_infected_only,seir,seir,23,-87.29706036850243,-78.17935390508286,0.4359778814148222,9.117706463419566,2.8995792530173103,6.218127210402256,1.4497896265086552,200
early_seir_infected_only,seir,seir,24,-81.69292327443742,-80.16100217467311,0.43631185339488543,1.531921099764304,2.983600366120454,-1.45167926635615,1.491800183060227,200
early_seir_infected_only,seir,seir,25,-87.85619587897142,-69.60004922136832,0.56415076637499,18.256146657603097,4.738980409364646,13.51716624823845,2.369490204682323,200
early_seir_infected_only,seir,seir,26,-85.96688067398468,-78.25289959957355,0.4572957503229491,7.713981074411123,2.916990055962424,4.796991018448699,1.458495027981212,200
early_seir_infected_only,seir,seir,27,-72.45185165802596,-78.64312028853641,0.4235390596213835,-6.19126863051045,2.782966088584512,-8.974234719094962,1.391483044292256,200
early_seir_infected_only,seir,seir,28,-85.96619473247806,-79.58609289621448,0.4411005818524089,6.380101836263577,2.88786288830402,3.4922389479595575,1.44393144415201,200
early_seir_infected_only,seir,seir,29,-79.67304074577163,-80.05275472510517,0.3870057654660362,-0.37971397933354467,2.5408333321044676,-2.9205473114380123,1.2704166660522338,200
early_seir_infected_only,seir,seir,30,-84.32131001898973,-78.21586574584005,0.4187095805254228,6.105444273149686,2.5645241836295876,3.5409200895200987,1.2822620918147938,200
early_seir_infected_only,seir,seir,31,-90.15251761877435,-79.11832697340755,0.4524296257372254,11.034190645366806,3.251895482852745,7.78229516251406,1.6259477414263726,200
early_seir_infected_only,seir,seir,32,-80.54833573575893,-80.17464551127512,0.4101495464638583,0.3736902244838092,2.903758791323537,-2.530068566839728,1.4518793956617686,200
early_seir_infected_only,seir,seir,33,-82.19906536005463,-80.22029638573233,0.40296544512135674,1.978768974322307,2.7882580967628803,-0.8094891224405734,1.3941290483814401,200
early_seir_infected_only,seir,seir,34,-85.21042683458624,-78.59129818604939,0.4173253925195451,6.619128648536858,3.069860120135635,3.549268528401223,1.5349300600678175,200
early_seir_infected_only,seir,seir,35,-75.37271281384213,-79.4910503066299,0.38255077507115487,-4.118337492787774,2.8960076857567403,-7.014345178544514,1.4480038428783701,200
early_seir_infected_only,seir,seir,36,-84.73808716508316,-77.28296454662308,0.45886285983452374,7.455122618460081,2.5747583146468536,4.880364303813227,1.2873791573234268,200
early_seir_infected_only,seir,seir,37,-82.26654311835213,-79.64329955232868,0.3826538806120421,2.623243566023447,2.747522369810807,-0.12427880378735967,1.3737611849054034,200
early_seir_infected_only,seir,seir,38,-85.22953943549669,-79.80555657229237,0.36621529954936655,5.423982863204316,2.789734607722362,2.6342482554819537,1.394867303861181,200
early_seir_infected_only,seir,seir,39,-86.53100081462574,-78.91735153653904,0.3952653699190101,7.613649278086697,3.443238301584912,4.170410976501785,1.721619150792456,200
early_seir_infected_only,seir,seir,40,-78.83820691301511,-74.32888361152165,0.5081325265000974,4.509323301493467,3.1849126675286223,1.3244106339648445,1.5924563337643112,200
early_seir_infected_only,seir,seir,41,-75.66638917215256,-79.43455055439738,0.4076843513702346,-3.768161382244813,3.7336629372316468,-7.50182431947646,1.8668314686158234,200
early_seir_infected_only,seir,seir,42,-74.75308176327698,-80.00627624801378,0.38130130792225125,-5.253194484736795,3.017903905154715,-8.27109838989151,1.5089519525773576,200
early_seir_infected_only,seir,seir,43,-81.96483074316548,-78.16159068034385,0.4431590499707715,3.8032400628216294,2.8356986708698946,0.9675413919517348,1.4178493354349473,200
early_seir_infected_only,seir,seir,44,-82.27727848013485,-78.61085179204579,0.3993059269475707,3.666426688089061,2.646835570283492,1.019591117805569,1.323417785141746,200
early_seir_infected_only,seir,seir,45,-89.11405685151284,-79.12373970844476,0.388289300970552,9.990317143068083,3.3083764070799004,6.681940735988182,1.6541882035399502,200
early_seir_infected_only,seir,seir,46,-76.25090818503875,-78.74739641179353,0.4573295314435833,-2.496488226754778,2.6862092676223166,-5.182697494377095,1.3431046338111583,200
early_seir_infected_only,seir,seir,47,-82.98068059483937,-76.99714720576729,0.4371143483188423,5.983533389072079,4.1302034578009525,1.8533299312711264,2.0651017289004763,200
early_seir_infected_only,seir,seir,48,-76.61728074678253,-79.72401580969374,0.38380780340788706,-3.1067350629112127,2.7338272958454337,-5.840562358756646,1.3669136479227169,200
early_seir_infected_only,seir,seir,49,-69.30390061920019,-79.48291658790606,0.3999520701573708,-10.179015968705869,2.534044123061497,-12.713060091767366,1.2670220615307486,200
early_seir_infected_only,seir,seir,50,-74.41229367716085,-73.38365364440304,0.552974941634677,1.0286400327578065,3.164445944839627,-2.1358059120818207,1.5822229724198136,200
early_seir_infected_only,seir,seir,51,-87.24183942339442,-78.57174368780767,0.4546121197192825,8.670095735586756,3.1731793994701065,5.49691633611665,1.5865896997350533,200
early_seir_infected_only,seir,seir,52,-85.93245497719039,-80.05222573728115,0.3674808205322251,5.880229239909241,2.808569769538578,3.071659470370663,1.404284884769289,200
early_seir_infected_only,seir,seir,53,-78.41308981885761,-79.46746211744114,0.40651536373703495,-1.0543722985835302,2.9740009300701864,-4.028373228653717,1.4870004650350932,200
early_seir_infected_only,seir,seir,54,-70.14933800519252,-78.86432802644038,0.4211610383193503,-8.714990021247857,2.966597011163469,-11.681587032411326,1.4832985055817345,200
early_seir_infected_only,seir,seir,55,-80.343761129174,-77.66477108849845,0.389013033229676,2.6789900406755436,3.181702226380173,-0.5027121857046293,1.5908511131900864,200
early_seir_infected_only,seir,seir,56,-87.04333800609683,-79.91717546176127,0.40109727285956714,7.126162544335557,3.1024214352683512,4.023741109067206,1.5512107176341756,200
early_seir_infected_only,seir,seir,57,-74.07327160124424,-77.06772838893369,0.4846241333366518,-2.994456787689444,3.2164326534252927,-6.210889441114737,1.6082163267126464,200
early_seir_infected_only,seir,seir,58,-89.75041942564135,-78.87623341975348,0.45990926306993074,10.874186005887879,3.2150086317370636,7.659177374150815,1.6075043158685318,200
early_seir_infected_only,seir,seir,59,-83.03203340113997,-79.77952703705944,0.3862617185286593,3.2525063640805314,3.129623456702519,0.12288290737801244,1.5648117283512595,200
early_seir_infected_only,seir,seir,60,-84.16407483784234,-78.44226692690906,0.45098015283739085,5.721807910933279,3.7088549352749407,2.0129529756583384,1.8544274676374704,200
early_seir_infected_only,seir,seir,61,-77.09201702262261,-74.13622271099675,0.4890082741619752,2.9557943116258656,4.271205722621088,-1.3154114109952229,2.135602861310544,200
early_seir_infected_only,seir,seir,62,-89.70030504139247,-79.14208091718584,0.38356261669468866,10.558224124206632,3.7575680785416687,6.800656045664963,1.8787840392708344,200
early_seir_infected_only,seir,seir,63,-80.19936402365417,-79.41527315618261,0.37949880918123563,0.7840908674715621,2.63450396441585,-1.8504130969442878,1.317251982207925,200
early_seir_infected_only,seir,seir,64,-84.69297486177848,-79.14563096539318,0.4137434566091936,5.5473438963853,3.2096746180559586,2.3376692783293413,1.6048373090279793,200
early_seir_infected_only,seir,seir,65,-87.62916905763254,-77.52025635461354,0.44325745104721376,10.108912703019001,3.8049596994979558,6.303953003521046,1.9024798497489779,200
early_seir_infected_only,seir,seir,66,-83.7510732249211,-78.23176010142642,0.4304409675791244,5.519313123494683,3.321519825145942,2.197793298348741,1.660759912572971,200
early_seir_infected_only,seir,seir,67,-71.52347366588661,-79.25247901364662,0.3973365879575342,-7.729005347760008,2.427198520398974,-10.156203868158983,1.213599260199487,200
early_seir_infected_only,seir,seir,68,-73.18308701751008,-80.19858582553636,0.39810119553502815,-7.01549880802628,2.778351498970218,-9.793850306996497,1.389175749485109,200
early_seir_infected_only,seir,seir,69,-84.47617249630476,-79.06981276536914,0.430832390795864,5.40635973093562,3.011144309023779,2.395215421911841,1.5055721545118894,200
early_seir_infected_only,seir,seir,70,-77.04860444720111,-79.50867160959011,0.37805381782954084,-2.460067162388995,2.5902612436912316,-5.050328406080227,1.2951306218456158,200
early_seir_infected_only,seir,seir,71,-85.19752044022758,-78.50519547915478,0.4294403312782066,6.692324961072799,4.2552045036947845,2.4371204573780147,2.1276022518473923,200
early_seir_infected_only,seir,seir,72,-80.46219652703275,-79.4324034998296,0.3962869796988461,1.0297930272031408,3.164782426015668,-2.134989398812527,1.582391213007834,200
early_seir_infected_only,seir,seir,73,-85.95100982159971,-77.74069131088639,0.44574184018183455,8.210318510713321,2.8160096795326406,5.39430883118068,1.4080048397663203,200
early_seir_infected_only,seir,seir,74,-81.75354295658568,-79.45246557509044,0.434841772977266,2.301077381495233,3.6994091466052175,-1.3983317651099845,1.8497045733026087,200
early_seir_infected_only,seir,seir,75,-82.31829004814288,-79.88069229617325,0.41885704234319293,2.4375977519696335,2.9380665893142743,-0.5004688373446409,1.4690332946571372,200
early_seir_infected_only,seir,seir,76,-77.57099077488115,-79.15773108217489,0.3807047882115906,-1.5867403072937378,4.157934971045198,-5.744675278338936,2.078967485522599,200
early_seir_infected_only,seir,seir,77,-77.263504380053,-73.51483926948326,0.5393722766554603,3.748665110569746,2.868650691129713,0.880014419440033,1.4343253455648566,200
early_seir_infected_only,seir,seir,78,-82.20232630833124,-78.94040462655819,0.3788885248176381,3.261921681773046,3.208197718543135,0.05372396322991113,1.6040988592715675,200
early_seir_infected_only,seir,seir,79,-83.95245747529937,-77.5994167097683,0.48690654203142064,6.353040765531063,2.955110427318975,3.3979303382120873,1.4775552136594876,200
early_seir_infected_only,seir,sir,0,-78.41042169875789,-79.36091717672456,0.402866236371304,-0.950495477966669,2.383820486957776,-3.334315964924445,1.191910243478888,200
early_seir_infected_only,seir,sir,1,-81.44462759740298,-79.09384240285344,0.3977226715159151,2.3507851945495446,2.295662578048819,0.055122616500725474,1.1478312890244096,200
early_seir_infected_only,seir,sir,2,-80.5688675267954,-78.05893135381075,0.43356380690018376,2.509936172984652,2.3582182488247425,0.1517179241599096,1.1791091244123713,200
early_seir_infected_only,seir,sir,3,-79.64525815095789,-77.34065993426003,0.4826653744390705,2.3045982166978547,3.4527450399222457,-1.148146823224391,1.7263725199611228,200
early_seir_infected_only,seir,sir,4,-67.58189648958164,-76.96280588957397,0.4759127142981976,-9.380909399992333,2.74470090599141,-12.125610305983743,1.372350452995705,200
early_seir_infected_only,seir,sir,5,-78.91471440155209,-78.42336525828381,0.4486616539266179,0.4913491432682804,2.5646513286801906,-2.0733021854119102,1.2823256643400953,200
early_seir_infected_only,seir,sir,6,-73.76944812930694,-79.40970926130072,0.3962805169763354,-5.640261131993782,2.3489904346844797,-7.989251566678261,1.1744952173422398,200
early_seir_infected_only,seir,sir,7,-91.6208924929463,-75.14946420064278,0.4906685769302437,16.471428292303514,2.639788461439987,13.831639830863526,1.3198942307199935,200
early_seir_infected_only,seir,sir,8,-90.2424081302978,-78.99615294656397,0.441452465964419,11.246255183733837,2.718483729718322,8.527771454015515,1.359241864859161,200
early_seir_infected_only,seir,sir,9,-81.36580218606727,-72.77730885235582,0.5415645547642927,8.588493333711455,3.105821305955698,5.482672027755757,1.552910652977849,200
early_seir_infected_only,seir,sir,10,-84.58848274615862,-79.13195087780076,0.4061175400889941,5.456531868357857,2.575538752498507,2.88099311585935,1.2877693762492535,200
early_seir_infected_only,seir,sir,11,-82.93023910748806,-79.06848994572618,0.43025567928757713,3.861749161761878,2.6834683768982166,1.1782807848636616,1.3417341884491083,200
early_seir_infected_only,seir,sir,12,-78.41624383389771,-75.1130788952279,0.4747329531569373,3.303164938669809,3.7293364822149764,-0.4261715435451672,1.8646682411074882,200
early_seir_infected_only,seir,sir,13,-84.06877042929342,-77.91712354412596,0.4885215144689771,6.151646885167466,3.5043633928764377,2.647283492291028,1.7521816964382189,200
early_seir_infected_only,seir,sir,14,-78.4200833591907,-75.42740837858341,0.4876947732242387,2.9926749806072905,3.170526870891691,-0.1778518902844004,1.5852634354458455,200
early_seir_infected_only,seir,sir,15,-83.4530467209321,-78.70244679406773,0.40512697316395996,4.750599926864368,2.630964440914367,2.119635485950001,1.3154822204571834,200
early_seir_infected_only,seir,sir,16,-75.89397358133381,-77.44789250582029,0.4829634648695544,-1.5539189244864815,2.7995535538964056,-4.353472478382887,1.3997767769482028,200
early_seir_infected_only,seir,sir,17,-77.31728246303288,-75.58790526497742,0.5187970133390313,1.7293771980554595,2.327664571814741,-0.5982873737592813,1.1638322859073704,200
early_seir_infected_only,seir,sir,18,-83.06110762278827,-77.87649090864244,0.47955703904174873,5.184616714145832,2.468305931581378,2.7163107825644546,1.234152965790689,200
early_seir_infected_only,seir,sir,19,-87.22031215228475,-79.78601888220788,0.43731549039071516,7.434293270076864,2.7040716420907764,4.730221627986088,1.3520358210453882,200
early_seir_infected_only,seir,sir,20,-72.6119883601657,-78.75303837410841,0.4325607986403549,-6.141050013942717,2.211126983319728,-8.352176997262445,1.105563491659864,200
early_seir_infected_only,seir,sir,21,-88.65273500573686,-79.48146107906663,0.4250336071321694,9.171273926670224,2.8438324948597886,6.327441431810436,1.4219162474298943,200
early_seir_infected_only,seir,sir,22,-75.1756648320299,-78.63847715550308,0.4717577721729414,-3.4628123234731873,3.1329154171533986,-6.595727740626586,1.5664577085766993,200
early_seir_infected_only,seir,sir,23,-86.57288817187275,-77.71629278090802,0.46503092296945564,8.856595390964728,2.461524136355222,6.395071254609506,1.230762068177611,200
early_seir_infected_only,seir,sir,24,-81.2332341836384,-79.62664312010166,0.42967620346234225,1.6065910635367402,2.5104171755276807,-0.9038261119909405,1.2552085877638404,200
early_seir_infected_only,seir,sir,25,-87.9142481980257,-67.7637474443507,0.5880335433673939,20.150500753675004,3.9203497976894304,16.230150955985575,1.9601748988447152,200
early_seir_infected_only,seir,sir,26,-85.21771982474081,-78.65819217619288,0.430145670446185,6.5595276485479275,2.473587840547147,4.085939808000781,1.2367939202735736,200
early_seir_infected_only,seir,sir,27,-71.57029240260238,-77.8587848421046,0.45824689274579705,-6.288492439502221,2.28306769990108,-8.571560139403301,1.14153384995054,200
early_seir_infected_only,seir,sir,28,-84.91212435529766,-79.68338794322933,0.38207751296265224,5.228736412068329,2.440058733238932,2.7886776788293974,1.220029366619466,200
early_seir_infected_only,seir,sir,29,-75.81283883110828,-79.44615708577689,0.42082116303115946,-3.633318254668609,2.2491775250375525,-5.882495779706161,1.1245887625187763,200
early_seir_infected_only,seir,sir,30,-81.2227889218589,-79.02398850559526,0.3882833121596136,2.1988004162636514,2.229105316237821,-0.03030489997416952,1.1145526581189105,200
early_seir_infected_only,seir,sir,31,-90.09353914168554,-79.43348534540137,0.40506921911826715,10.660053796284174,2.958780271554348,7.701273524729826,1.479390135777174,200
early_seir_infected_only,seir,sir,32,-79.23612714635995,-79.54703846257486,0.40581073578412097,-0.31091131621491286,2.469895449111316,-2.7808067653262287,1.234947724555658,200
early_seir_infected_only,seir,sir,33,-81.14285571888499,-79.82147875161606,0.4011934641220195,1.3213769672689324,2.3139658054940506,-0.9925888382251182,1.1569829027470253,200
early_seir_infected_only,seir,sir,34,-85.20102798618822,-78.96344779695411,0.42241873831888194,6.237580189234109,2.6922555608109846,3.545324628423124,1.3461277804054923,200
early_seir_infected_only,seir,sir,35,-74.22468803909403,-79.35702808523999,0.40738479879434675,-5.132340046145956,2.477136541278262,-7.609476587424218,1.238568270639131,200
early_seir_infected_only,seir,sir,36,-81.40289295350686,-77.18399938420107,0.42827660062620093,4.218893569305791,2.237669273261851,1.9812242960439406,1.1188346366309254,200
early_seir_infected_only,seir,sir,37,-80.73861228205313,-79.28698929934761,0.41315101686080447,1.4516229827055156,2.3309616071199,-0.8793386244143844,1.16548080355995,200
early_seir_infected_only,seir,sir,38,-83.71331040769763,-79.35433237235026,0.397529634017167,4.358978035347377,2.3499578869564366,2.0090201483909405,1.1749789434782183,200
early_seir_infected_only,seir,sir,39,-86.84524117210606,-78.15355568671738,0.4114762937273268,8.691685485388675,3.2936736097863166,5.398011875602358,1.6468368048931583,200
early_seir_infected_only,seir,sir,40,-78.42589002672531,-74.23714003454371,0.5252857346881368,4.188749992181599,2.727405907142266,1.4613440850393329,1.363702953571133,200
early_seir_infected_only,seir,sir,41,-75.60203962982122,-77.96358141126518,0.4281561255129319,-2.361541781443961,3.3351333851838687,-5.69667516662783,1.6675666925919344,200
early_seir_infected_only,seir,sir,42,-74.52228937332703,-80.06177932451641,0.3540584364326724,-5.539489951189381,2.5402494372608926,-8.079739388450275,1.2701247186304463,200
early_seir_infected_only,seir,sir,43,-80.41823428762562,-78.02171316973998,0.44178390994580824,2.3965211178856407,2.4165228854101706,-0.020001767524529868,1.2082614427050853,200
early_seir_infected_only,seir,sir,44,-76.58702206355466,-78.36585568866603,0.44440686946162977,-1.7788336251113748,2.3093365949112963,-4.088170220022671,1.1546682974556481,200
early_seir_infected_only,seir,sir,45,-89.2280028580283,-79.10958830236535,0.41035205300366645,10.118414555662952,3.040647463029986,7.077767092632966,1.520323731514993,200
early_seir_infected_only,seir,sir,46,-73.30129737649618,-78.53784373782739,0.47939687395407293,-5.236546361331207,2.3026361514292084,-7.539182512760416,1.1513180757146042,200
early_seir_infected_only,seir,sir,47,-83.43578884947681,-75.48882307377264,0.48668030849400873,7.946965775704172,3.7175099390703426,4.229455836633829,1.8587549695351713,200
early_seir_infected_only,seir,sir,48,-73.75195669556693,-79.77288435766059,0.4188964633119509,-6.020927662093655,2.374299406488956,-8.39522706858261,1.187149703244478,200
early_seir_infected_only,seir,sir,49,-65.74003563637113,-79.85346903477861,0.4001102940826248,-14.11343339840748,2.213529269146632,-16.326962667554113,1.106764634573316,200
early_seir_infected_only,seir,sir,50,-74.93171831800154,-73.22130894539575,0.49365406030551495,1.7104093726057954,3.3292793706288144,-1.618869998023019,1.6646396853144072,200
early_seir_infected_only,seir,sir,51,-87.0197817956158,-77.6218441071007,0.4597582532135902,9.3979376885151,2.753166888338622,6.644770800176477,1.376583444169311,200
early_seir_infected_only,seir,sir,52,-84.50446930676705,-79.83574185201297,0.4222820805839561,4.668727454754077,2.387271379687842,2.2814560750662345,1.193635689843921,200
early_seir_infected_only,seir,sir,53,-77.9958810971397,-79.17708772800556,0.39646135428391216,-1.1812066308658586,2.502838301198179,-3.6840449320640376,1.2514191505990895,200
early_seir_infected_only,seir,sir,54,-68.29018366329876,-79.11938489979968,0.4323652990246612,-10.829201236500921,2.5380388165831187,-13.36724005308404,1.2690194082915593,200
early_seir_infected_only,seir,sir,55,-80.2382207078382,-77.30857163805587,0.47567448799091727,2.9296490697823288,2.74306335393009,0.18658571585223882,1.371531676965045,200
early_seir_infected_only,seir,sir,56,-86.54258539374659,-80.09939501499264,0.3473931777328017,6.443190378753954,2.693438415603201,3.7497519631507528,1.3467192078016006,200
early_seir_infected_only,seir,sir,57,-74.04337600114805,-78.2829953444939,0.40103485354221885,-4.239619343345851,2.843146676141024,-7.082766019486875,1.421573338070512,200
early_seir_infected_only,seir,sir,58,-89.64142142535461,-78.5956481426783,0.40119275221847567,11.045773282676308,3.3478608214555514,7.697912461220756,1.6739304107277757,200
early_seir_infected_only,seir,sir,59,-82.93380137576075,-79.32779797441671,0.43329325239210553,3.60600340134404,2.716728080441099,0.8892753209029411,1.3583640402205495,200
early_seir_infected_only,seir,sir,60,-84.55848913435149,-77.50469498488523,0.44921113273151103,7.053794149466256,3.526010758091495,3.5277833913747614,1.7630053790457474,200
early_seir_infected_only,seir,sir,61,-75.18499813682756,-72.73427460616057,0.5908617868635624,2.4507235306669912,3.4892569828775,-1.0385334522105087,1.74462849143875,200
early_seir_infected_only,seir,sir,62,-90.1842108123207,-77.23111803619362,0.4545275353278649,12.953092776127079,3.5961075598332615,9.356985216293818,1.7980537799166307,200
early_seir_infected_only,seir,sir,63,-77.56336841810494,-78.88312845667089,0.4081235486637757,-1.3197600385659456,2.2721995125118095,-3.591959551077755,1.1360997562559048,200
early_seir_infected_only,seir,sir,64,-84.40540403944131,-78.932031578264,0.41941056726365605,5.473372461177306,2.8055819787787213,2.6677904823985843,1.4027909893893606,200
early_seir_infected_only,seir,sir,65,-87.81821018300288,-76.4207859828839,0.5402223121108128,11.397424200118977,3.4613642964914453,7.936059903627531,1.7306821482457226,200
early_seir_infected_only,seir,sir,66,-83.82509479450911,-77.3570343084545,0.4535105943487563,6.468060486054611,3.557422647340853,2.9106378387137584,1.7787113236704264,200
early_seir_infected_only,seir,sir,67,-66.61291872900965,-79.12398976256213,0.3871449780657142,-12.511071033552483,2.1797100730940078,-14.69078110664649,1.0898550365470039,200
early_seir_infected_only,seir,sir,68,-72.28053091900308,-79.53255145878089,0.39332628121013896,-7.252020539777803,2.2398473771174396,-9.491867916895242,1.1199236885587198,200
early_seir_infected_only,seir,sir,69,-84.24558333823592,-78.97272228652322,0.38833233216836344,5.272861051712695,2.5672225502113144,2.705638501501381,1.2836112751056572,200
early_seir_infected_only,seir,sir,70,-73.28922255708522,-79.61681821011342,0.4229528201281114,-6.327595653028197,2.273699211025906,-8.601294864054104,1.136849605512953,200
early_seir_infected_only,seir,sir,71,-83.14665680640124,-78.12317768430086,0.429168909464815,5.023479122100383,3.487318854125199,1.536160267975184,1.7436594270625996,200
early_seir_infected_only,seir,sir,72,-80.50558456427487,-78.60498445880549,0.403025780838345,1.9006001054693797,2.9306427724639788,-1.030042666994599,1.4653213862319894,200
early_seir_infected_only,seir,sir,73,-84.49416706401698,-79.08704688663207,0.4377872031568383,5.407120177384911,2.4046046253770372,3.002515552007874,1.2023023126885186,200
early_seir_infected_only,seir,sir,74,-81.69604157250451,-78.20654565148202,0.39568712616123697,3.4894959210224954,3.272060193354976,0.21743572766751917,1.636030096677488,200
early_seir_infected_only,seir,sir,75,-81.56286506908843,-79.05271202983192,0.40214438526617735,2.510153039256508,2.5016823379646285,0.008470701291879656,1.2508411689823142,200
early_seir_infected_only,seir,sir,76,-77.18659226679114,-77.7566045361588,0.4267730509753631,-0.5700122693676661,3.521452940172181,-4.091465209539847,1.7607264700860905,200
early_seir_infected_only,seir,sir,77,-76.60301108449836,-74.15399235266794,0.4646883783125506,2.449018731830421,2.4609712639052312,-0.011952532074810396,1.2304856319526156,200
early_seir_infected_only,seir,sir,78,-82.00149886154259,-79.4199114356095,0.4139288680273596,2.5815874259330798,3.2641293266142175,-0.6825419006811377,1.6320646633071088,200
early_seir_infected_only,seir,sir,79,-82.92588419268515,-77.56936155327523,0.4609299566663137,5.356522639409917,2.4965188751865655,2.8600037642233516,1.2482594375932827,200
early_seir_infected_only,seir,tv_sir,0,-80.47960636935193,-77.0899044234433,0.4846509492423945,3.3897019459086266,5.4936445350466485,-2.103942589138022,2.7468222675233243,200
early_seir_infected_only,seir,tv_sir,1,-84.47888796077093,-77.68553901624517,0.46896340580585166,6.793348944525761,5.458665102293092,1.3346838422326686,2.729332551146546,200
early_seir_infected_only,seir,tv_sir,2,-84.436019998593,-76.77874053946076,0.5307741978022517,7.657279459132241,5.569963638181512,2.087315820950729,2.784981819090756,200
early_seir_infected_only,seir,tv_sir,3,-80.41760360219804,-77.57092891169378,0.45067975766554175,2.8466746905042584,5.658776903459761,-2.8121022129555024,2.8293884517298804,200
early_seir_infected_only,seir,tv_sir,4,-69.72631394197164,-77.36387314272567,0.4640542344819869,-7.637559200754026,5.575439528918949,-13.212998729672975,2.7877197644594744,200
early_seir_infected_only,seir,tv_sir,5,-79.71384585044434,-78.15286741287724,0.44692878575425665,1.5609784375671012,5.505959885358621,-3.9449814477915197,2.7529799426793105,200
early_seir_infected_only,seir,tv_sir,6,-78.2387307769794,-78.05975952884515,0.4234559664254594,0.17897124813424625,5.607467878591135,-5.4284966304568885,2.8037339392955674,200
early_seir_infected_only,seir,tv_sir,7,-91.73571072632588,-75.32504175019373,0.4801401267310963,16.410668976132143,5.370698427701789,11.039970548430354,2.6853492138508943,200
early_seir_infected_only,seir,tv_sir,8,-90.95952503649126,-79.56408033128419,0.3743650851023339,11.395444705207069,5.536585516350289,5.85885918885678,2.7682927581751446,200
early_seir_infected_only,seir,tv_sir,9,-84.20426421325222,-71.7441407644028,0.5980640839751563,12.460123448849416,5.633319905633948,6.826803543215468,2.816659952816974,200
early_seir_infected_only,seir,tv_sir,10,-84.76904722185547,-78.09946956324029,0.44765073066745475,6.669577658615182,5.404905093013751,1.2646725656014315,2.7024525465068754,200
early_seir_infected_only,seir,tv_sir,11,-84.58418028841459,-79.42864153737487,0.4015801775184817,5.155538751039714,5.649132354183697,-0.4935936031439834,2.8245661770918487,200
early_seir_infected_only,seir,tv_sir,12,-78.97572139268651,-73.88047136240036,0.520457353630937,5.095250030286152,5.759606457210371,-0.6643564269242184,2.8798032286051853,200
early_seir_infected_only,seir,tv_sir,13,-86.00803308925352,-76.2020736702035,0.5301928246984269,9.805959419050012,5.590411517374568,4.2155479016754445,2.795205758687284,200
early_seir_infected_only,seir,tv_sir,14,-79.48261198028736,-75.8203191067946,0.4416073809665903,3.66229287349276,5.66761557635754,-2.00532270286478,2.83380778817877,200
early_seir_infected_only,seir,tv_sir,15,-84.22151047882288,-79.22033524401994,0.4274810971883328,5.001175234802943,5.626308838890939,-0.6251336040879956,2.8131544194454694,200
early_seir_infected_only,seir,tv_sir,16,-76.00772231527628,-76.75907555833788,0.4850424966909633,-0.751353243061601,5.462279622769741,-6.213632865831342,2.7311398113848706,200
early_seir_infected_only,seir,tv_sir,17,-78.39019572695763,-76.37644214534747,0.433586339324589,2.0137535816101604,5.339432038455579,-3.3256784568454183,2.6697160192277893,200
early_seir_infected_only,seir,tv_sir,18,-85.42321255243786,-77.95723332673774,0.4325504584282056,7.465979225700124,5.566119117538177,1.8998601081619473,2.7830595587690885,200
early_seir_infected_only,seir,tv_sir,19,-88.13438512693529,-78.82510294509413,0.46110985153409423,9.309282181841155,5.507573619029046,3.8017085628121094,2.753786809514523,200
early_seir_infected_only,seir,tv_sir,20,-78.96349603531141,-74.19144651023407,0.4568590550716474,4.772049525077335,5.443486533620016,-0.6714370085426804,2.721743266810008,200
early_seir_infected_only,seir,tv_sir,21,-88.67292479015639,-78.90347214852437,0.4508723639172114,9.769452641632014,5.482732755748928,4.286719885883087,2.741366377874464,200
early_seir_infected_only,seir,tv_sir,22,-76.29881913890866,-78.09756533825568,0.43263632283543535,-1.798746199347022,5.580142368581118,-7.37888856792814,2.790071184290559,200
early_seir_infected_only,seir,tv_sir,23,-87.52500750551151,-78.04192128091863,0.364968692175676,9.483086224592881,5.460267859517307,4.022818365075574,2.7301339297586535,200
early_seir_infected_only,seir,tv_sir,24,-82.34521679920005,-79.73052849209589,0.3774277218944438,2.61468830710416,5.581019577270279,-2.966331270166119,2.7905097886351395,200
early_seir_infected_only,seir,tv_sir,25,-87.92623172619403,-68.54577142397743,0.6172661728752588,19.380460302216605,5.6365183956655365,13.743941906551068,2.8182591978327682,200
early_seir_infected_only,seir,tv_sir,26,-85.88908407363452,-79.07065719808826,0.4000049599537561,6.818426875546265,5.4442220078850845,1.3742048676611809,2.7221110039425422,200
early_seir_infected_only,seir,tv_sir,27,-74.48310353830206,-75.63299427090928,0.5504221712625432,-1.1498907326072185,5.465847506193001,-6.61573823880022,2.7329237530965007,200
early_seir_infected_only,seir,tv_sir,28,-86.21859504609459,-78.37766940232271,0.41041579915249715,7.840925643771882,5.5020501069294045,2.338875536842478,2.7510250534647023,200
early_seir_infected_only,seir,tv_sir,29,-84.33603374876736,-74.26881645166935,0.5306183864689589,10.067217297098011,5.6921293368898755,4.375087960208136,2.8460646684449378,200
early_seir_infected_only,seir,tv_sir,30,-86.24176398025105,-76.66280000019474,0.5343714388780668,9.578963980056315,5.43716249527535,4.141801484780965,2.718581247637675,200
early_seir_infected_only,seir,tv_sir,31,-90.54888112860773,-79.23414337819507,0.42715431401374954,11.314737750412661,5.522159993169432,5.792577757243229,2.761079996584716,200
early_seir_infected_only,seir,tv_sir,32,-80.22911626669354,-79.48904519283433,0.3713642744813853,0.7400710738592124,5.467078773940321,-4.727007700081108,2.7335393869701603,200
early_seir_infected_only,seir,tv_sir,33,-84.51773077297567,-78.3412021155647,0.4185320848711422,6.1765286574109695,5.618959981409079,0.5575686760018908,2.8094799907045394,200
early_seir_infected_only,seir,tv_sir,34,-85.51896784458017,-78.3116915925886,0.4213099727274252,7.207276251991573,5.453203823687022,1.7540724283045508,2.726601911843511,200
early_seir_infected_only,seir,tv_sir,35,-76.13195851908753,-79.30491170234684,0.4501662566817586,-3.1729531832593096,5.579218515278251,-8.75217169853756,2.7896092576391256,200
early_seir_infected_only,seir,tv_sir,36,-85.26420000332047,-74.8848124835974,0.5380561339480033,10.379387519723068,5.406890763737069,4.972496755985999,2.7034453818685344,200
early_seir_infected_only,seir,tv_sir,37,-82.64688318573184,-78.71583310008505,0.41103648388285063,3.9310500856467883,5.426402881428466,-1.4953527957816775,2.713201440714233,200
early_seir_infected_only,seir,tv_sir,38,-85.95449238557575,-77.97207088569438,0.4347900789246646,7.982421499881369,5.470500147284164,2.511921352597205,2.735250073642082,200
early_seir_infected_only,seir,tv_sir,39,-87.00295183969268,-77.90865541952898,0.4162747486725773,9.094296420163701,5.507099556967348,3.587196863196353,2.753549778483674,200
early_seir_infected_only,seir,tv_sir,40,-78.86397883967592,-74.94026780857745,0.5107806974574065,3.9237110310984775,5.583262094714425,-1.6595510636159476,2.7916310473572126,200
early_seir_infected_only,seir,tv_sir,41,-75.85554835124927,-77.7586725913535,0.42585157968511506,-1.9031242401042334,5.519571581954081,-7.422695822058315,2.7597857909770407,200
early_seir_infected_only,seir,tv_sir,42,-75.9532323152953,-78.60787047806423,0.4384397794404234,-2.654638162768933,5.470323906862673,-8.124962069631605,2.7351619534313363,200
early_seir_infected_only,seir,tv_sir,43,-82.59465914985753,-77.41579763185545,0.4674876734997325,5.17886151800208,5.550630873442792,-0.371769355440712,2.775315436721396,200
early_seir_infected_only,seir,tv_sir,44,-88.94989837580434,-70.37217088949954,0.6253061759241254,18.577727486304795,5.83090323397237,12.746824252332425,2.915451616986185,200
early_seir_infected_only,seir,tv_sir,45,-89.45136211600611,-79.44609872089018,0.3865227629129355,10.005263395115932,5.5764738896189066,4.428789505497026,2.7882369448094533,200
early_seir_infected_only,seir,tv_sir,46,-75.55205050671475,-78.07244488459298,0.44873496532405743,-2.520394377878233,5.381835212496467,-7.9022295903747,2.6909176062482336,200
early_seir_infected_only,seir,tv_sir,47,-83.78275271339098,-74.3803369487305,0.47863780723969496,9.402415764660475,5.476953389428361,3.9254623752321143,2.7384766947141803,200
early_seir_infected_only,seir,tv_sir,48,-78.79374763778871,-77.67032232234706,0.4227777903414216,1.1234253154416507,5.655454883657428,-4.532029568215777,2.827727441828714,200
early_seir_infected_only,seir,tv_sir,49,-72.20188927212905,-73.3708146661565,0.5266292354558736,-1.168925394027454,5.402264314904552,-6.571189708932006,2.701132157452276,200
early_seir_infected_only,seir,tv_sir,50,-74.97417463084949,-73.10636923190538,0.5204396679506367,1.867805398944114,5.46730730986285,-3.599501910918736,2.733653654931425,200
early_seir_infected_only,seir,tv_sir,51,-87.27039372686717,-79.31095008913445,0.36056107912272756,7.9594436377327185,5.5517460296989425,2.407697608033776,2.7758730148494712,200
early_seir_infected_only,seir,tv_sir,52,-86.88811137701708,-78.29485517466792,0.4359452360086945,8.593256202349167,5.564168685689172,3.0290875166599953,2.782084342844586,200
early_seir_infected_only,seir,tv_sir,53,-78.93159948627633,-80.45256358514767,0.40902333025055176,-1.520964098871346,5.55050614445525,-7.071470243326596,2.775253072227625,200
early_seir_infected_only,seir,tv_sir,54,-71.09361935817087,-77.36929358474447,0.4530625288206287,-6.275674226573599,5.677072865597738,-11.952747092171338,2.838536432798869,200
early_seir_infected_only,seir,tv_sir,55,-81.27578326267292,-77.45610895010138,0.46118124019292683,3.819674312571536,5.606980481518668,-1.787306168947132,2.803490240759334,200
early_seir_infected_only,seir,tv_sir,56,-86.87318554434879,-79.10619729185703,0.4304103163900857,7.766988252491757,5.484481194847673,2.282507057644084,2.7422405974238364,200
early_seir_infected_only,seir,tv_sir,57,-74.77950002260451,-77.69066434896838,0.4630220922282252,-2.911164326363874,5.551231912574944,-8.462396238938819,2.775615956287472,200
early_seir_infected_only,seir,tv_sir,58,-90.61871483689923,-76.01709690988054,0.4657699617177706,14.601617927018694,5.500917964448227,9.100699962570467,2.7504589822241137,200
early_seir_infected_only,seir,tv_sir,59,-83.38940380090293,-79.31740973027102,0.3969453226355249,4.071994070631902,5.506932146384502,-1.4349380757525996,2.753466073192251,200
early_seir_infected_only,seir,tv_sir,60,-84.62781371517332,-77.12986638905876,0.4590177672605524,7.497947326114556,5.5473066244588765,1.9506407016556793,2.7736533122294382,200
early_seir_infected_only,seir,tv_sir,61,-79.67631543545683,-69.82613190378788,0.5902433708220459,9.850183531668947,5.762848219305397,4.08733531236355,2.8814241096526985,200
early_seir_infected_only,seir,tv_sir,62,-90.18239013401414,-77.9646007797992,0.4407282094500433,12.217789354214943,5.537782411027966,6.680006943186977,2.768891205513983,200
early_seir_infected_only,seir,tv_sir,63,-80.6058645809616,-77.43985181429734,0.49374103742405245,3.1660127666642524,5.3984111550375395,-2.232398388373287,2.6992055775187698,200
early_seir_infected_only,seir,tv_sir,64,-85.03432591330282,-79.4073404578243,0.3801702001417165,5.626985455478518,5.596746643791609,0.03023881168690945,2.7983733218958045,200
early_seir_infected_only,seir,tv_sir,65,-88.90231505424217,-75.10695846921566,0.47319299012724625,13.79535658502651,5.613198035100178,8.182158549926333,2.806599017550089,200
early_seir_infected_only,seir,tv_sir,66,-84.57794862904139,-76.13545096810651,0.4797449850227178,8.442497660934876,5.518607261913392,2.9238903990214844,2.759303630956696,200
early_seir_infected_only,seir,tv_sir,67,-79.97461824998885,-68.73903772129285,0.6439896443004639,11.235580528696005,5.768461514456333,5.467119014239672,2.8842307572281665,200
early_seir_infected_only,seir,tv_sir,68,-81.70950758266699,-73.04011871741501,0.4684112785985379,8.669388865251975,5.6473944260147135,3.021994439237261,2.8236972130073568,200
early_seir_infected_only,seir,tv_sir,69,-84.55630038906777,-78.95873684986128,0.4259336066385812,5.59756353920649,5.440058621713591,0.15750491749289885,2.7200293108567957,200
early_seir_infected_only,seir,tv_sir,70,-79.93341562282808,-73.60777505133397,0.5023617543912419,6.325640571494105,5.674143660802842,0.6514969106912636,2.837071830401421,200
early_seir_infected_only,seir,tv_sir,71,-85.13774385267864,-76.5217170302915,0.43186608941630045,8.616026822387141,5.673921964541956,2.9421048578451856,2.836960982270978,200
early_seir_infected_only,seir,tv_sir,72,-80.92484716968735,-79.23307225309534,0.4116900862535102,1.69177491659201,5.4886755394002975,-3.7969006228082876,2.7443377697001488,200
early_seir_infected_only,seir,tv_sir,73,-86.8369686385111,-78.2354422155411,0.4123122701670858,8.601526422969997,5.546045285489703,3.0554811374802933,2.7730226427448517,200
early_seir_infected_only,seir,tv_sir,74,-83.37547448277515,-78.15222480680393,0.4844595880200618,5.223249675971218,5.744874218611642,-0.5216245426404242,2.872437109305821,200
early_seir_infected_only,seir,tv_sir,75,-82.2655116529747,-79.87703521326729,0.398255540014499,2.3884764397074036,5.465877600821467,-3.0774011611140635,2.7329388004107336,200
early_seir_infected_only,seir,tv_sir,76,-79.19324336018178,-76.77325012881842,0.49154145654872977,2.419993231363364,5.656519321827058,-3.236526090463694,2.828259660913529,200
early_seir_infected_only,seir,tv_sir,77,-77.63523056362234,-74.55241759305297,0.5150841117310518,3.0828129705693783,5.423951506335676,-2.341138535766298,2.711975753167838,200
early_seir_infected_only,seir,tv_sir,78,-82.92821968259658,-76.88421976059163,0.4822276627408579,6.043999922004943,5.507226574477581,0.5367733475273617,2.7536132872387906,200
early_seir_infected_only,seir,tv_sir,79,-84.08341416623925,-76.45403239968695,0.5059142457536276,7.629381766552299,5.537977575105784,2.0914041914465153,2.768988787552892,200
early_seir_infected_only,seir,ude_sir_h2,0,-79.64970877599438,-78.92835766278736,0.4189194933669172,0.7213511132070209,3.362878773976268,-2.6415276607692473,1.681439386988134,200
early_seir_infected_only,seir,ude_sir_h2,1,-83.87967672528167,-79.78020206738884,0.4163535860811025,4.099474657892827,3.5380768215308094,0.5613978363620178,1.7690384107654047,200
early_seir_infected_only,seir,ude_sir_h2,2,-83.00336059104433,-77.08872298159967,0.4435573974862792,5.914637609444654,3.6494712874747997,2.265166321969854,1.8247356437373998,200
early_seir_infected_only,seir,ude_sir_h2,3,-79.64521186410886,-78.40457750105855,0.4319921681103233,1.2406343630503045,3.459478652059998,-2.2188442890096933,1.729739326029999,200
early_seir_infected_only,seir,ude_sir_h2,4,-67.58482649932463,-76.69206446556143,0.5070857816556091,-9.107237966236795,2.74467777178258,-11.851915738019375,1.37233888589129,200
early_seir_infected_only,seir,ude_sir_h2,5,-78.91768380152945,-79.12179863300533,0.40368164595857214,-0.20411483147587717,2.5642516711642704,-2.7683665026401476,1.2821258355821352,200
early_seir_infected_only,seir,ude_sir_h2,6,-75.2128574653466,-79.60142411997518,0.3642638085876812,-4.388566654628576,3.3775744597874637,-7.76614111441604,1.6887872298937319,200
early_seir_infected_only,seir,ude_sir_h2,7,-91.6223402776771,-74.89315348957271,0.4703704851702591,16.729186788104386,2.6401594608701635,14.089027327234222,1.3200797304350818,200
early_seir_infected_only,seir,ude_sir_h2,8,-90.2448817778064,-79.16292267442883,0.4158729587288459,11.08195910337757,2.718711169424474,8.363247933953097,1.359355584712237,200
early_seir_infected_only,seir,ude_sir_h2,9,-81.36532332908664,-73.71680931121506,0.5834318895988748,7.648514017871577,3.112818670090106,4.535695347781471,1.556409335045053,200
early_seir_infected_only,seir,ude_sir_h2,10,-84.59138424371297,-77.85007421000209,0.4606324533393984,6.7413100337108744,2.575050490249003,4.166259543461871,1.2875252451245014,200
early_seir_infected_only,seir,ude_sir_h2,11,-82.93294053269481,-79.9571495302812,0.3780041539858981,2.975791002413615,2.6835722656878427,0.2922187367257725,1.3417861328439213,200
early_seir_infected_only,seir,ude_sir_h2,12,-78.41651531196793,-73.93921074590817,0.5241164049542391,4.4773045660597575,3.733794644351155,0.7435099217086023,1.8668973221755776,200
early_seir_infected_only,seir,ude_sir_h2,13,-84.06874520848808,-77.60027172348364,0.4050140782221298,6.468473485004438,3.5106083914230077,2.95786509358143,1.7553041957115039,200
early_seir_infected_only,seir,ude_sir_h2,14,-78.42055902416774,-75.8978357308038,0.4786121937626685,2.5227232933639385,3.173973577472761,-0.6512502841088224,1.5869867887363804,200
early_seir_infected_only,seir,ude_sir_h2,15,-83.4563588050323,-78.26486801076817,0.42928817800039343,5.191490794264126,2.6306545735681883,2.560836220695938,1.3153272867840942,200
early_seir_infected_only,seir,ude_sir_h2,16,-75.89471640180452,-77.81641907683766,0.45379377959411343,-1.9217026750331456,2.801386375299401,-4.723089050332547,1.4006931876497004,200
early_seir_infected_only,seir,ude_sir_h2,17,-77.32275306687669,-75.61021537872517,0.45355689426890655,1.7125376881515137,2.3265207691717444,-0.6139830810202307,1.1632603845858722,200
early_seir_infected_only,seir,ude_sir_h2,18,-83.06496061782043,-78.12497028367922,0.436638770647842,4.939990334141214,2.467464129789317,2.472526204351897,1.2337320648946586,200
early_seir_infected_only,seir,ude_sir_h2,19,-87.22262017890674,-78.95880232139962,0.4445017467159311,8.26381785750712,2.704251578143049,5.559566279364072,1.3521257890715246,200
early_seir_infected_only,seir,ude_sir_h2,20,-76.99294537846812,-77.7423145095063,0.439472437130289,-0.7493691310381791,3.672424870991498,-4.421794002029677,1.836212435495749,200
early_seir_infected_only,seir,ude_sir_h2,21,-88.65429888259106,-79.61446180497397,0.4543201153334353,9.039837077617094,2.8449740583445213,6.194863019272573,1.4224870291722607,200
early_seir_infected_only,seir,ude_sir_h2,22,-75.17550846648282,-78.97462734029536,0.39889523573169927,-3.7991188738125317,3.1377620572034335,-6.936880931015965,1.5688810286017167,200
early_seir_infected_only,seir,ude_sir_h2,23,-86.57682499894138,-77.2041765539051,0.4530823081823058,9.372648445036276,2.4606175387553386,6.912030906280938,1.2303087693776693,200
early_seir_infected_only,seir,ude_sir_h2,24,-81.31036186369153,-79.92263843845868,0.40315947486707293,1.3877234252328492,2.6540499055488613,-1.2663264803160121,1.3270249527744307,200
early_seir_infected_only,seir,ude_sir_h2,25,-87.91517825227498,-69.87811694191628,0.6243141101426332,18.03706131035871,3.9222972211655796,14.11476408919313,1.9611486105827898,200
early_seir_infected_only,seir,ude_sir_h2,26,-85.22171606865538,-78.02113249917174,0.4614410800254475,7.200583569483641,2.4726749952087936,4.7279085742748475,1.2363374976043968,200
early_seir_infected_only,seir,ude_sir_h2,27,-72.65955157896892,-78.04930468082172,0.42525510918923776,-5.389753101852804,3.1198445024758272,-8.509597604328631,1.5599222512379136,200
early_seir_infected_only,seir,ude_sir_h2,28,-85.63933572554552,-78.90351751752657,0.41028011787385055,6.735818208018955,3.2158675913621226,3.5199506166568324,1.6079337956810613,200
early_seir_infected_only,seir,ude_sir_h2,29,-79.24346561660832,-79.1176075167566,0.4227337224257881,0.1258580998517118,3.664566862354898,-3.538708762503186,1.832283431177449,200
early_seir_infected_only,seir,ude_sir_h2,30,-85.3904545155911,-77.7637686497734,0.4387496082564669,7.626685865817706,3.6944801554145412,3.9322057104031645,1.8472400777072706,200
early_seir_infected_only,seir,ude_sir_h2,31,-90.09389527146337,-78.14519605010109,0.46633917823118176,11.948699221362276,2.9618399630593992,8.986859258302877,1.4809199815296996,200
early_seir_infected_only,seir,ude_sir_h2,32,-79.42789198116229,-80.07547246140129,0.4319492510141745,-0.6475804802390002,2.7755123634428203,-3.4230928436818204,1.3877561817214101,200
early_seir_infected_only,seir,ude_sir_h2,33,-83.35851290445741,-79.64840149055648,0.3978076597751845,3.7101114139009326,3.545173887436222,0.1649375264647106,1.772586943718111,200
early_seir_infected_only,seir,ude_sir_h2,34,-85.20285004916917,-78.0845215823115,0.45258828016892416,7.118328466857676,2.6926901490027184,4.425638317854958,1.3463450745013592,200
early_seir_infected_only,seir,ude_sir_h2,35,-74.3604058200403,-79.6937667635443,0.3600542334271011,-5.333360943504005,2.700321142102898,-8.033682085606902,1.350160571051449,200
early_seir_infected_only,seir,ude_sir_h2,36,-83.74807906321413,-76.53710845196329,0.4728492789030425,7.210970611250843,3.4076667067770097,3.8033039044738337,1.7038333533885048,200
early_seir_infected_only,seir,ude_sir_h2,37,-81.75616560812327,-79.44585465613879,0.4108034013950054,2.3103109519844764,3.1737916104385917,-0.8634806584541153,1.5868958052192959,200
early_seir_infected_only,seir,ude_sir_h2,38,-85.25968364942196,-80.19462891694417,0.3955568340857527,5.06505473247779,3.4077623753349813,1.657292357142809,1.7038811876674906,200
early_seir_infected_only,seir,ude_sir_h2,39,-86.84497577997132,-78.39653849076912,0.44415728703371693,8.448437289202204,3.299767208266039,5.1486700809361645,1.6498836041330196,200
early_seir_infected_only,seir,ude_sir_h2,40,-78.44533488559885,-74.73415281382934,0.518735617565988,3.711182071769514,2.7748106620491537,0.9363714097203601,1.3874053310245769,200
early_seir_infected_only,seir,ude_sir_h2,41,-75.60182892288583,-78.80769761114178,0.44364102419307017,-3.205868688255947,3.340826584551003,-6.54669527280695,1.6704132922755015,200
early_seir_infected_only,seir,ude_sir_h2,42,-74.52620873237058,-78.69940246161521,0.42565746863279047,-4.17319372924463,2.539314937499311,-6.7125086667439415,1.2696574687496556,200
early_seir_infected_only,seir,ude_sir_h2,43,-81.65991685495388,-78.39087922585098,0.4182637018528151,3.269037629102897,3.4206267644165123,-0.1515891353136154,1.7103133822082561,200
early_seir_infected_only,seir,ude_sir_h2,44,-86.73672772798666,-74.59377293121055,0.5264613909705506,12.14295479677611,5.777042072509722,6.365912724266388,2.888521036254861,200
early_seir_infected_only,seir,ude_sir_h2,45,-89.22850813692837,-79.47030840698895,0.40287093828253334,9.75819972993942,3.0437784173967395,6.714421312542681,1.5218892086983697,200
early_seir_infected_only,seir,ude_sir_h2,46,-74.97491758317693,-79.41560067381668,0.4300087607360359,-4.440683090639752,3.354142507226063,-7.794825597865815,1.6770712536130314,200
early_seir_infected_only,seir,ude_sir_h2,47,-83.43697488993955,-75.11921474686902,0.5293293650298411,8.31776014307053,3.723335712770678,4.594424430299851,1.861667856385339,200
early_seir_infected_only,seir,ude_sir_h2,48,-75.17568717797381,-79.33839468453489,0.4470640983603052,-4.162707506561077,3.418289062820479,-7.580996569381556,1.7091445314102396,200
early_seir_infected_only,seir,ude_sir_h2,49,-71.96345863076876,-77.25063233555029,0.42017822389994985,-5.287173704781537,3.858231118087608,-9.145404822869146,1.929115559043804,200
early_seir_infected_only,seir,ude_sir_h2,50,-74.93177835370119,-73.31544041381983,0.5200089835249793,1.6163379398813618,3.33771307166515,-1.7213751317837884,1.668856535832575,200
early_seir_infected_only,seir,ude_sir_h2,51,-87.02233198430584,-78.97253317694643,0.4301765319842552,8.049798807359409,2.753452319974822,5.296346487384587,1.376726159987411,200
early_seir_infected_only,seir,ude_sir_h2,52,-85.29613087944185,-79.72903447544485,0.42228366622413505,5.567096403996999,3.1638465006601577,2.403249903336841,1.5819232503300789,200
early_seir_infected_only,seir,ude_sir_h2,53,-77.99974090877828,-78.9945564328464,0.4896542913018326,-0.994815524068116,2.502100376852907,-3.496915900921023,1.2510501884264535,200
early_seir_infected_only,seir,ude_sir_h2,54,-68.92647759775068,-78.91068450921652,0.41294542228850883,-9.984206911465847,3.296070736675809,-13.280277648141656,1.6480353683379045,200
early_seir_infected_only,seir,ude_sir_h2,55,-80.24100103177966,-78.08166311412029,0.4248571429338978,2.1593379176593714,2.743171800787609,-0.5838338831282375,1.3715859003938045,200
early_seir_infected_only,seir,ude_sir_h2,56,-86.54501313734909,-79.49791219403174,0.3849531583876194,7.047100943317346,2.6935770495611857,4.353523893756161,1.3467885247805929,200
early_seir_infected_only,seir,ude_sir_h2,57,-74.04546591060497,-78.01419134923638,0.42695885032291564,-3.9687254386314095,2.843859132297978,-6.8125845709293875,1.421929566148989,200
early_seir_infected_only,seir,ude_sir_h2,58,-89.64118179941005,-78.13449982492644,0.46016619999508585,11.506681974483612,3.354270619440143,8.15241135504347,1.6771353097200714,200
early_seir_infected_only,seir,ude_sir_h2,59,-82.9363267804229,-78.91304779176379,0.4220780322571878,4.023278988659115,2.7168433066692845,1.3064356819898304,1.3584216533346423,200
early_seir_infected_only,seir,ude_sir_h2,60,-84.55847089056068,-77.40024794186336,0.4726057179339452,7.158222948697329,3.5320166415159564,3.6262063071813726,1.7660083207579782,200
early_seir_infected_only,seir,ude_sir_h2,61,-75.1855733994208,-73.65613073343717,0.5651153424029299,1.5294426659836375,3.4974884955510737,-1.9680458295674361,1.7487442477755368,200
early_seir_infected_only,seir,ude_sir_h2,62,-90.18454259657021,-77.70457965584025,0.41779012306910307,12.479962940729962,3.6024584685434555,8.877504472186507,1.8012292342717278,200
early_seir_infected_only,seir,ude_sir_h2,63,-79.85175568611771,-78.71023999255345,0.40133171962224745,1.1415156935642585,3.457212628210275,-2.3156969346460166,1.7286063141051375,200
early_seir_infected_only,seir,ude_sir_h2,64,-84.407427647735,-78.03600500395137,0.4624103515396495,6.371422643783632,2.8064089999560395,3.565013643827592,1.4032044999780198,200
early_seir_infected_only,seir,ude_sir_h2,65,-87.81831302038944,-76.93514445536901,0.49135458815753236,10.883168565020426,3.4686388066930514,7.414529758327375,1.7343194033465257,200
early_seir_infected_only,seir,ude_sir_h2,66,-83.82541316286168,-76.83787448268765,0.4675722411555881,6.987538680174026,3.5642211752206814,3.423317504953345,1.7821105876103407,200
early_seir_infected_only,seir,ude_sir_h2,67,-79.55556794073527,-72.50895309887565,0.583386060436382,7.046614841859622,5.769914665416734,1.2767001764428878,2.884957332708367,200
early_seir_infected_only,seir,ude_sir_h2,68,-76.52426740542344,-78.09672868572038,0.4261633658130934,-1.5724612802969347,3.71450523979423,-5.286966520091164,1.857252619897115,200
early_seir_infected_only,seir,ude_sir_h2,69,-84.24875409743072,-78.74908015468465,0.39354226082128707,5.499673942746071,2.5666633166194823,2.9330106261265887,1.2833316583097412,200
early_seir_infected_only,seir,ude_sir_h2,70,-77.60382250567832,-77.5701902066916,0.4637836110731892,0.033632298986717046,3.8915846411829857,-3.8579523421962687,1.9457923205914929,200
early_seir_infected_only,seir,ude_sir_h2,71,-83.14661404931222,-78.06235809642482,0.4225771656558159,5.084255952887403,3.493643817528352,1.5906121353590512,1.746821908764176,200
early_seir_infected_only,seir,ude_sir_h2,72,-80.50622053786519,-79.12142598962157,0.3827235432642641,1.3847945482436188,2.933060789551531,-1.5482662413079122,1.4665303947757655,200
early_seir_infected_only,seir,ude_sir_h2,73,-85.81019141665168,-78.67034517605966,0.3952109450969843,7.139846240592021,3.4275585607361214,3.7122876798559,1.7137792803680607,200
early_seir_infected_only,seir,ude_sir_h2,74,-81.69593539826191,-78.85314385397152,0.4121767751239517,2.8427915442903924,3.2772138517879137,-0.4344223074975213,1.6386069258939568,200
early_seir_infected_only,seir,ude_sir_h2,75,-81.56694463413915,-80.0252636921402,0.38611522349498756,1.5416809419989477,2.500814219394895,-0.9591332773959471,1.2504071096974474,200
early_seir_infected_only,seir,ude_sir_h2,76,-77.18667526619032,-78.46474661270142,0.46604460217003923,-1.2780713465110978,3.5279768834955143,-4.806048230006612,1.7639884417477572,200
early_seir_infected_only,seir,ude_sir_h2,77,-76.60598374499176,-73.83767908005207,0.526074614253818,2.7683046649396914,2.460195180310748,0.3081094846289436,1.230097590155374,200
early_seir_infected_only,seir,ude_sir_h2,78,-82.00123594009699,-79.45857629833135,0.41300595746375657,2.5426596417656384,3.269729007734192,-0.7270693659685534,1.634864503867096,200
early_seir_infected_only,seir,ude_sir_h2,79,-83.60047286982604,-78.03983717573705,0.44714706636655716,5.560635694088987,3.2739465554197578,2.286689138669229,1.6369732777098789,200
missing_neural_feedback,ude_sir_h2,neural_ode_h2,0,-216.33979247144333,-196.1803398588267,0.7474720723520315,20.159452612616633,9.617086815639603,10.54236579697703,4.808543407819801,200
missing_neural_feedback,ude_sir_h2,neural_ode_h2,1,-210.9404288492422,-205.27252361863407,0.649421920321306,5.667905230608142,9.995616435315975,-4.327711204707834,4.997808217657988,200
missing_neural_feedback,ude_sir_h2,neural_ode_h2,2,-210.06999457904857,-202.2884013649798,0.7125574496759732,7.781593214068778,10.031942731897335,-2.250349517828557,5.015971365948667,200
missing_neural_feedback,ude_sir_h2,neural_ode_h2,3,-201.1305024708069,-198.99704162800649,0.7050064299527997,2.1334608428004174,9.477753286140803,-7.344292443340386,4.738876643070402,200
missing_neural_feedback,ude_sir_h2,neural_ode_h2,4,-200.020079524492,-195.35033514128492,0.8249934323519628,4.669744383207075,10.055613680336053,-5.385869297128979,5.027806840168027,200
missing_neural_feedback,ude_sir_h2,neural_ode_h2,5,-203.37105879207397,-198.22212009876046,0.7277590397615412,5.148938693313511,9.449551854684131,-4.30061316137062,4.7247759273420655,200
missing_neural_feedback,ude_sir_h2,neural_ode_h2,6,-211.28878000001177,-200.99062132063716,0.6529038600843927,10.298158679374609,10.144562608258223,0.15359607111638596,5.0722813041291115,200
missing_neural_feedback,ude_sir_h2,neural_ode_h2,7,-199.10487957182647,-199.9870233133858,0.6395583513040779,-0.8821437415593323,10.086762315828276,-10.968906057387608,5.043381157914138,200
missing_neural_feedback,ude_sir_h2,neural_ode_h2,8,-200.87884577708252,-198.7963223908664,0.675473484852297,2.08252338621611,10.100697171822281,-8.018173785606171,5.0503485859111406,200
missing_neural_feedback,ude_sir_h2,neural_ode_h2,9,-213.1012744646448,-197.07194822346747,0.7204005603594114,16.02932624117733,9.504452707420846,6.524873533756484,4.752226353710423,200
missing_neural_feedback,ude_sir_h2,neural_ode_h2,10,-215.79541940450665,-202.49885905313806,0.6627854976218966,13.296560351368583,9.50302582132161,3.7935345300469727,4.751512910660805,200
missing_neural_feedback,ude_sir_h2,neural_ode_h2,11,-210.19536591754246,-195.0783302926367,0.7595577317243715,15.117035624905753,9.886337311073106,5.230698313832647,4.943168655536553,200
missing_neural_feedback,ude_sir_h2,neural_ode_h2,12,-209.48950565600444,-200.86930208674767,0.6646595152174087,8.620203569256773,10.1690043721403,-1.5488008028835267,5.08450218607015,200
missing_neural_feedback,ude_sir_h2,neural_ode_h2,13,-215.60345162957503,-193.84734002434587,0.8778473743169212,21.756111605229165,9.565685253749763,12.190426351479402,4.782842626874881,200
missing_neural_feedback,ude_sir_h2,neural_ode_h2,14,-219.85997490250588,-202.8608553019369,0.6176419099584334,16.999119600568974,9.470939481818576,7.528180118750399,4.735469740909288,200
missing_neural_feedback,ude_sir_h2,neural_ode_h2,15,-221.68010973677374,-201.20512225798709,0.6741839987091238,20.47498747878666,9.969241008055734,10.505746470730925,4.984620504027867,200
missing_neural_feedback,ude_sir_h2,neural_ode_h2,16,-206.37370414864134,-202.00868891209734,0.6326412736577909,4.3650152365439965,10.116670553071794,-5.751655316527797,5.058335276535897,200
missing_neural_feedback,ude_sir_h2,neural_ode_h2,17,-216.91181722299245,-199.7499228064359,0.7077561202008783,17.16189441655655,9.951119699227892,7.210774717328658,4.975559849613946,200
missing_neural_feedback,ude_sir_h2,neural_ode_h2,18,-204.25242224939407,-200.4471401546143,0.6327437052103455,3.805282094779784,9.510868681221018,-5.705586586441234,4.755434340610509,200
missing_neural_feedback,ude_sir_h2,neural_ode_h2,19,-221.11142425125595,-201.2135807411305,0.7222735964817294,19.897843510125455,9.496762406257483,10.401081103867972,4.748381203128742,200
missing_neural_feedback,ude_sir_h2,neural_ode_h2,20,-214.93929252093892,-201.2474888603397,0.6483668695088898,13.69180366059922,9.54521229444002,4.1465913661592,4.77260614722001,200
missing_neural_feedback,ude_sir_h2,neural_ode_h2,21,-213.94450585282152,-197.24878389292047,0.7329576755856397,16.69572195990105,10.05136255257029,6.644359407330761,5.025681276285145,200
missing_neural_feedback,ude_sir_h2,neural_ode_h2,22,-199.38055474416151,-197.88930417839106,0.7865548885072857,1.4912505657704571,9.56410863416365,-8.072858068393193,4.782054317081825,200
missing_neural_feedback,ude_sir_h2,neural_ode_h2,23,-213.0057146215995,-200.07256252656796,0.6780270632622164,12.933152095031545,9.955309666810216,2.9778424282213294,4.977654833405108,200
missing_neural_feedback,ude_sir_h2,neural_ode_h2,24,-201.60402432363517,-203.0775231621634,0.6947777334450895,-1.4734988385282293,10.085685416059018,-11.559184254587247,5.042842708029509,200
missing_neural_feedback,ude_sir_h2,neural_ode_h2,25,-214.23101777716425,-203.67004997162275,0.640796985664072,10.560967805541509,10.024514196342036,0.5364536091994729,5.012257098171018,200
missing_neural_feedback,ude_sir_h2,neural_ode_h2,26,-212.39717875247968,-198.67744871874896,0.7312089125538749,13.719730033730713,9.476021577270803,4.24370845645991,4.7380107886354015,200
missing_neural_feedback,ude_sir_h2,neural_ode_h2,27,-215.36849148050902,-201.5935368570638,0.672099478405604,13.774954623445211,9.458804804567434,4.316149818877777,4.729402402283717,200
missing_neural_feedback,ude_sir_h2,neural_ode_h2,28,-214.73930956701125,-201.31332452101654,0.667421128992388,13.425985045994707,9.826931883359721,3.599053162634986,4.913465941679861,200
missing_neural_feedback,ude_sir_h2,neural_ode_h2,29,-211.67493149373868,-194.19371400253894,0.8210785249551877,17.481217491199743,9.510219693510026,7.9709977976897175,4.755109846755013,200
missing_neural_feedback,ude_sir_h2,neural_ode_h2,30,-205.62827683607446,-197.32885083986653,0.7242688308441267,8.29942599620793,10.112116823034189,-1.812690826826259,5.056058411517094,200
missing_neural_feedback,ude_sir_h2,neural_ode_h2,31,-217.25040957765557,-199.0421839390679,0.7111081730202414,18.208225638587663,9.533465734696222,8.674759903891442,4.766732867348111,200
missing_neural_feedback,ude_sir_h2,neural_ode_h2,32,-213.62394280437738,-196.34962190034423,0.750129028301888,17.274320904033146,9.491724641079854,7.782596262953293,4.745862320539927,200
missing_neural_feedback,ude_sir_h2,neural_ode_h2,33,-205.7093904709065,-203.2315830775011,0.6656186974726731,2.477807393405385,9.507594774619708,-7.029787381214323,4.753797387309854,200
missing_neural_feedback,ude_sir_h2,neural_ode_h2,34,-202.67712291694858,-201.51869458622102,0.6585169862749995,1.1584283307275598,9.408421701150338,-8.249993370422779,4.704210850575169,200
missing_neural_feedback,ude_sir_h2,neural_ode_h2,35,-194.02030015530784,-199.18693269885472,0.7200027285315979,-5.166632543546882,9.925013464795612,-15.091646008342494,4.962506732397806,200
missing_neural_feedback,ude_sir_h2,neural_ode_h2,36,-202.22997500027725,-199.06974802916713,0.6963388406934853,3.16022697111012,9.583982255464639,-6.4237552843545185,4.791991127732319,200
missing_neural_feedback,ude_sir_h2,neural_ode_h2,37,-198.76825135295314,-192.905277930768,0.8190267759040599,5.862973422185149,9.59318470197785,-3.7302112797927,4.796592350988925,200
missing_neural_feedback,ude_sir_h2,neural_ode_h2,38,-208.0432001034479,-202.52783666331356,0.6408042822276429,5.515363440134337,9.9600959102739,-4.444732470139563,4.98004795513695,200
missing_neural_feedback,ude_sir_h2,neural_ode_h2,39,-201.35206258299036,-197.81930080601057,0.7401355755442728,3.5327617769797826,9.975133821995549,-6.442372045015766,4.987566910997774,200
missing_neural_feedback,ude_sir_h2,neural_ode_h2,40,-193.01787133082664,-198.08433751640388,0.6970374282062595,-5.066466185577241,9.443832321918649,-14.51029850749589,4.721916160959324,200
missing_neural_feedback,ude_sir_h2,neural_ode_h2,41,-205.1723862744488,-199.00632945199993,0.7739713485646149,6.166056822448866,9.510314858547748,-3.344258036098882,4.755157429273874,200
missing_neural_feedback,ude_sir_h2,neural_ode_h2,42,-201.31247750625113,-194.94211366031968,0.7177109947838569,6.37036384593145,9.566278154922214,-3.195914308990764,4.783139077461107,200
missing_neural_feedback,ude_sir_h2,neural_ode_h2,43,-222.0103371562635,-197.51765977064736,0.7030781145724427,24.492677385616133,9.54211076579806,14.950566619818073,4.77105538289903,200
missing_neural_feedback,ude_sir_h2,neural_ode_h2,44,-207.59432906004264,-204.16002577836724,0.5823215483397799,3.4343032816753976,10.073522309901232,-6.639219028225835,5.036761154950616,200
missing_neural_feedback,ude_sir_h2,neural_ode_h2,45,-196.3636620635604,-202.5542535909822,0.6652586635580255,-6.1905915274217875,10.068189303382987,-16.258780830804774,5.034094651691493,200
missing_neural_feedback,ude_sir_h2,neural_ode_h2,46,-197.15400237098086,-198.31060509268337,0.7220988539486762,-1.1566027217025123,10.074956924200205,-11.231559645902717,5.037478462100102,200
missing_neural_feedback,ude_sir_h2,neural_ode_h2,47,-209.06139481564352,-203.97260937124207,0.6381879674459003,5.088785444401452,9.958853092734575,-4.870067648333123,4.9794265463672875,200
missing_neural_feedback,ude_sir_h2,neural_ode_h2,48,-213.6110305913383,-199.4069357748163,0.6425534323381924,14.204094816522002,9.836479045639447,4.367615770882555,4.918239522819723,200
missing_neural_feedback,ude_sir_h2,neural_ode_h2,49,-211.06638754714825,-198.1239969868875,0.7055113540014728,12.942390560260748,9.969100123511684,2.973290436749064,4.984550061755842,200
missing_neural_feedback,ude_sir_h2,neural_ode_h2,50,-205.89325952338035,-197.74948306607982,0.6836573820772994,8.143776457300532,9.63512070862722,-1.4913442513266872,4.81756035431361,200
missing_neural_feedback,ude_sir_h2,neural_ode_h2,51,-212.73223320134684,-198.0650866850557,0.6984342618535381,14.667146516291155,9.593389133882141,5.073757382409013,4.7966945669410705,200
missing_neural_feedback,ude_sir_h2,neural_ode_h2,52,-221.88430815176054,-198.9093815063352,0.6547141843532662,22.97492664542534,9.465213551795093,13.509713093630248,4.732606775897547,200
missing_neural_feedback,ude_sir_h2,neural_ode_h2,53,-218.8062075039722,-202.088302936116,0.6961229579278786,16.71790456785618,10.11811193238311,6.5997926354730705,5.059055966191555,200
missing_neural_feedback,ude_sir_h2,neural_ode_h2,54,-224.01004425978311,-196.07795096421097,0.7542961993838849,27.932093295572145,9.776147491250986,18.155945804321156,4.888073745625493,200
missing_neural_feedback,ude_sir_h2,neural_ode_h2,55,-220.019705164536,-198.2817638170867,0.7023130747816047,21.737941347449294,9.920467838410422,11.817473509038871,4.960233919205211,200
missing_neural_feedback,ude_sir_h2,neural_ode_h2,56,-216.95238138370473,-194.26505300699296,0.8350621567693574,22.687328376711775,9.6243009769162,13.063027399795576,4.8121504884581,200
missing_neural_feedback,ude_sir_h2,neural_ode_h2,57,-224.9004166164065,-200.44981587732352,0.6921632125391372,24.450600739082972,9.571438556655512,14.87916218242746,4.785719278327756,200
missing_neural_feedback,ude_sir_h2,neural_ode_h2,58,-220.0109959609671,-202.04917146048285,0.657822513465741,17.961824500484255,9.899490162751302,8.062334337732953,4.949745081375651,200
missing_neural_feedback,ude_sir_h2,neural_ode_h2,59,-218.60327928221207,-197.67713166405144,0.686848238477654,20.926147618160627,9.94226855258945,10.983879065571177,4.971134276294725,200
missing_neural_feedback,ude_sir_h2,neural_ode_h2,60,-211.8591003373732,-203.56191239699922,0.658103156631401,8.297187940373988,9.954230994617934,-1.657043054243946,4.977115497308967,200
missing_neural_feedback,ude_sir_h2,neural_ode_h2,61,-215.05999371928425,-196.1939210871891,0.7554948992581685,18.866072632095154,9.573936584705905,9.29213604738925,4.786968292352952,200
missing_neural_feedback,ude_sir_h2,neural_ode_h2,62,-194.45178279749587,-193.73470734141497,0.7840999973663905,0.7170754560808916,10.002732570723694,-9.285657114642802,5.001366285361847,200
missing_neural_feedback,ude_sir_h2,neural_ode_h2,63,-204.56617673270577,-205.49588959439367,0.6535019165295383,-0.9297128616879036,10.04861984207585,-10.978332703763753,5.024309921037925,200
missing_neural_feedback,ude_sir_h2,neural_ode_h2,64,-221.9272242710194,-201.27015021406703,0.6400665558197376,20.657074056952382,9.481830345302686,11.175243711649696,4.740915172651343,200
missing_neural_feedback,ude_sir_h2,neural_ode_h2,65,-207.87484555958144,-201.53150147280485,0.6270352404218195,6.343344086776597,10.023339125063773,-3.679995038287176,5.011669562531886,200
missing_neural_feedback,ude_sir_h2,neural_ode_h2,66,-214.1505781644721,-201.66403001860033,0.6805904857094637,12.48654814587178,9.889264945162722,2.5972832007090574,4.944632472581361,200
missing_neural_feedback,ude_sir_h2,neural_ode_h2,67,-212.25553815669434,-203.8039563769416,0.5791321100678873,8.451581779752729,10.09122511389741,-1.6396433341446812,5.045612556948705,200
missing_neural_feedback,ude_sir_h2,neural_ode_h2,68,-218.79651362255265,-201.23861306845814,0.6084628589438851,17.557900554094516,10.017080274477728,7.5408202796167885,5.008540137238864,200
missing_neural_feedback,ude_sir_h2,neural_ode_h2,69,-222.2063908746014,-203.9513392563563,0.6280028572046775,18.25505161824509,9.987344899356975,8.267706718888116,4.9936724496784874,200
missing_neural_feedback,ude_sir_h2,neural_ode_h2,70,-212.85946766035136,-196.96838353497208,0.7351140738141264,15.89108412537928,9.576017592987212,6.315066532392068,4.788008796493606,200
missing_neural_feedback,ude_sir_h2,neural_ode_h2,71,-203.07809239502842,-201.32230552972587,0.6952654154935038,1.7557868653025537,9.481044827407281,-7.7252579621047275,4.740522413703641,200
missing_neural_feedback,ude_sir_h2,neural_ode_h2,72,-213.52844731709783,-194.80078717706962,0.7236487520042109,18.727660140028206,9.46474391361345,9.262916226414756,4.732371956806725,200
missing_neural_feedback,ude_sir_h2,neural_ode_h2,73,-209.1753348352998,-203.76019081749226,0.6151272891443446,5.415144017807535,9.94202481255104,-4.526880794743505,4.97101240627552,200
missing_neural_feedback,ude_sir_h2,neural_ode_h2,74,-207.98944756683818,-202.35791922889598,0.6848653536353289,5.6315283379422,10.004662577281268,-4.373134239339068,5.002331288640634,200
missing_neural_feedback,ude_sir_h2,neural_ode_h2,75,-212.86766746202989,-193.659170115538,0.7716695119329406,19.208497346491896,9.478646556111416,9.72985079038048,4.739323278055708,200
missing_neural_feedback,ude_sir_h2,neural_ode_h2,76,-202.6567730332953,-193.23298714754455,0.8800785707066571,9.42378588575076,9.359361641818603,0.06442424393215695,4.679680820909302,200
missing_neural_feedback,ude_sir_h2,neural_ode_h2,77,-209.06709598325983,-202.79379602736634,0.6703483188894437,6.273299955893492,9.982102407110677,-3.708802451217185,4.9910512035553385,200
missing_neural_feedback,ude_sir_h2,neural_ode_h2,78,-215.20047122208638,-201.71799796681816,0.6745866244596992,13.482473255268218,9.971317601443157,3.5111556538250603,4.985658800721579,200
missing_neural_feedback,ude_sir_h2,neural_ode_h2,79,-214.54389624146876,-201.45283182734107,0.7116374390046444,13.091064414127686,9.880048387675245,3.211016026452441,4.940024193837623,200
missing_neural_feedback,ude_sir_h2,seir,0,-107.24186441527732,-123.53090770419749,1.5221240087677566,-16.28904328892017,5.306015696164632,-21.5950589850848,2.653007848082316,200
missing_neural_feedback,ude_sir_h2,seir,1,-133.10402625751527,-124.32074887356279,1.4428079786812436,8.78327738395248,5.292826600457289,3.4904507834951914,2.6464133002286445,200
missing_neural_feedback,ude_sir_h2,seir,2,-118.50592220275814,-123.68191517307125,1.4155420168348125,-5.175992970313104,5.305129592948965,-10.481122563262069,2.6525647964744823,200
missing_neural_feedback,ude_sir_h2,seir,3,-141.9631369548219,-122.8394057133843,1.4161605814788327,19.123731241437596,5.291656022410248,13.832075219027349,2.645828011205124,200
missing_neural_feedback,ude_sir_h2,seir,4,-110.93960841539706,-118.297007260595,1.388469518609318,-7.357398845197935,5.3136962442512266,-12.67109508944916,2.6568481221256133,200
missing_neural_feedback,ude_sir_h2,seir,5,-130.40405959115668,-119.37106513552597,1.4169284470398966,11.032994455630714,5.312267353351626,5.720727102279088,2.656133676675813,200
missing_neural_feedback,ude_sir_h2,seir,6,-90.95429230354466,-119.73917479178202,1.3690083233914216,-28.784882488237358,5.2968962166763305,-34.08177870491369,2.6484481083381652,200
missing_neural_feedback,ude_sir_h2,seir,7,-88.86052027169757,-121.94983065590101,1.4908829344727836,-33.08931038420344,5.289939793475826,-38.37925017767927,2.644969896737913,200
missing_neural_feedback,ude_sir_h2,seir,8,-99.42832857359906,-122.182228948848,1.276817562506326,-22.753900375248946,5.29702909474928,-28.050929469998227,2.64851454737464,200
missing_neural_feedback,ude_sir_h2,seir,9,-149.56511752357866,-119.74348924049296,1.4116103593832199,29.8216282830857,5.285632900675314,24.535995382410388,2.642816450337657,200
missing_neural_feedback,ude_sir_h2,seir,10,-128.38307185975296,-121.4546045138174,1.440555065498849,6.928467345935559,5.290074709828983,1.638392636106576,2.6450373549144914,200
missing_neural_feedback,ude_sir_h2,seir,11,-136.83812597027548,-122.08581421206063,1.4728173087966347,14.752311758214859,5.317522341984194,9.434789416230664,2.658761170992097,200
missing_neural_feedback,ude_sir_h2,seir,12,-102.73739900155417,-120.50435429044202,1.2858909810982855,-17.766955288887857,5.295197423939258,-23.062152712827114,2.647598711969629,200
missing_neural_feedback,ude_sir_h2,seir,13,-109.08997017617003,-120.68651108400893,1.4916998001927877,-11.5965409078389,5.293276191058754,-16.889817098897655,2.646638095529377,200
missing_neural_feedback,ude_sir_h2,seir,14,-146.13960880530786,-121.51978027128864,1.46666969098708,24.61982853401922,5.293067449572797,19.326761084446424,2.6465337247863987,200
missing_neural_feedback,ude_sir_h2,seir,15,-154.8340899815079,-120.2832503793739,1.4209792813408666,34.550839602134005,5.2859206381033,29.264918964030706,2.64296031905165,200
missing_neural_feedback,ude_sir_h2,seir,16,-108.53272465591877,-118.99371631544429,1.5401207401205144,-10.460991659525519,5.295669925561116,-15.756661585086635,2.647834962780558,200
missing_neural_feedback,ude_sir_h2,seir,17,-142.867218899394,-120.11507135511887,1.3501810878606089,22.752147544275132,5.302040742849432,17.4501068014257,2.651020371424716,200
missing_neural_feedback,ude_sir_h2,seir,18,-140.99441838375944,-124.20336273359234,1.4272299726702025,16.791055650167095,5.294970733183755,11.49608491698334,2.6474853665918774,200
missing_neural_feedback,ude_sir_h2,seir,19,-152.1808676844945,-120.04751899011251,1.3882641526748292,32.13334869438199,5.297453109726863,26.83589558465513,2.6487265548634316,200
missing_neural_feedback,ude_sir_h2,seir,20,-114.20572695858237,-123.94940659250065,1.3279727191904418,-9.743679633918276,5.291966980186347,-15.035646614104623,2.6459834900931734,200
missing_neural_feedback,ude_sir_h2,seir,21,-99.94087976048155,-122.81747330023136,1.298362868175563,-22.876593539749805,5.296465414662339,-28.173058954412145,2.6482327073311693,200
missing_neural_feedback,ude_sir_h2,seir,22,-120.31175809129688,-121.4559890132098,1.429576528226761,-1.1442309219129214,5.299048242698045,-6.443279164610966,2.6495241213490224,200
missing_neural_feedback,ude_sir_h2,seir,23,-149.71472526876585,-124.18926618489188,1.466320933114085,25.52545908387397,5.295979583674375,20.229479500199595,2.6479897918371873,200
missing_neural_feedback,ude_sir_h2,seir,24,-106.42179765594892,-125.51325233342315,1.4088644988055703,-19.091454677474232,5.290409986041809,-24.38186466351604,2.6452049930209043,200
missing_neural_feedback,ude_sir_h2,seir,25,-118.88123399194406,-120.40838102615598,1.490112900774496,-1.5271470342119216,5.291923205500336,-6.819070239712257,2.645961602750168,200
missing_neural_feedback,ude_sir_h2,seir,26,-164.1860252149433,-117.12141910677408,1.6841762341058175,47.064606108169215,5.298646025170628,41.76596008299859,2.649323012585314,200
missing_neural_feedback,ude_sir_h2,seir,27,-157.6620913066617,-124.7080976987512,1.3629896313148786,32.95399360791049,5.2896021451500355,27.664391462760456,2.6448010725750177,200
missing_neural_feedback,ude_sir_h2,seir,28,-127.3481728486291,-119.87647345140098,1.5248560679924024,7.471699397228122,5.306811586105605,2.164887811122517,2.6534057930528023,200
missing_neural_feedback,ude_sir_h2,seir,29,-93.64095047820814,-119.55880703893449,1.4618979987563157,-25.91785656072635,5.294068745541892,-31.211925306268242,2.647034372770946,200
missing_neural_feedback,ude_sir_h2,seir,30,-99.45105297575708,-119.5883157839402,1.5222527959507164,-20.137262808183124,5.291789719928611,-25.429052528111733,2.6458948599643053,200
missing_neural_feedback,ude_sir_h2,seir,31,-114.37206937979977,-121.62001566682483,1.3960860632118646,-7.247946287025059,5.2853829160082615,-12.53332920303332,2.6426914580041307,200
missing_neural_feedback,ude_sir_h2,seir,32,-136.9905209858643,-120.6185960606332,1.464210086904554,16.3719249252311,5.2933436534965,11.078581271734599,2.64667182674825,200
missing_neural_feedback,ude_sir_h2,seir,33,-127.09225599879946,-123.7721424884481,1.325225602029306,3.320113510351362,5.29104565188793,-1.9709321415365677,2.645522825943965,200
missing_neural_feedback,ude_sir_h2,seir,34,-124.2379926032568,-120.353302555482,1.348812074780734,3.8846900477747965,5.307412278435677,-1.4227222306608809,2.6537061392178387,200
missing_neural_feedback,ude_sir_h2,seir,35,-140.4555599332495,-123.15749488598186,1.4066293500215026,17.29806504726764,5.28833864196268,12.009726405304962,2.64416932098134,200
missing_neural_feedback,ude_sir_h2,seir,36,-121.46973487961881,-122.88541811051299,1.4024226824115569,-1.4156832308941745,5.289948261055385,-6.70563149194956,2.6449741305276926,200
missing_neural_feedback,ude_sir_h2,seir,37,-87.15630539017445,-116.4999129714404,1.3407275866413,-29.343607581265942,5.313425844525369,-34.65703342579131,2.6567129222626846,200
missing_neural_feedback,ude_sir_h2,seir,38,-141.69160185940916,-122.45542173112081,1.512143390295119,19.236180128288353,5.28824088788761,13.947939240400743,2.644120443943805,200
missing_neural_feedback,ude_sir_h2,seir,39,-146.36807436779122,-122.55316319849051,1.4510559095453313,23.814911169300714,5.2979522457601105,18.516958923540603,2.6489761228800552,200
missing_neural_feedback,ude_sir_h2,seir,40,-143.15842162855031,-124.94554458734679,1.356405974134982,18.212877041203527,5.288974543115678,12.923902498087848,2.644487271557839,200
missing_neural_feedback,ude_sir_h2,seir,41,-118.79549645504693,-121.95650185823126,1.266879551008988,-3.1610054031843333,5.306891445204808,-8.467896848389142,2.653445722602404,200
missing_neural_feedback,ude_sir_h2,seir,42,-95.84778216026703,-120.1464166568394,1.4449569747749307,-24.298634496572376,5.286951755517859,-29.585586252090234,2.6434758777589296,200
missing_neural_feedback,ude_sir_h2,seir,43,-149.36067293805223,-121.31579439555254,1.4222478604071325,28.04487854249969,5.294862322121921,22.750016220377766,2.6474311610609607,200
missing_neural_feedback,ude_sir_h2,seir,44,-119.95375227856285,-125.25567228482902,1.382884369635203,-5.301920006266172,5.2949665229009995,-10.596886529167172,2.6474832614504997,200
missing_neural_feedback,ude_sir_h2,seir,45,-110.34038455414577,-120.40028999052633,1.4116947874057115,-10.05990543638056,5.298239518107129,-15.35814495448769,2.6491197590535647,200
missing_neural_feedback,ude_sir_h2,seir,46,-109.97121144327474,-121.83011885671385,1.4632167260898534,-11.858907413439113,5.307992016142054,-17.166899429581168,2.653996008071027,200
missing_neural_feedback,ude_sir_h2,seir,47,-121.31928108304704,-120.80063969453406,1.4331044645073685,0.5186413885129895,5.300652053517358,-4.7820106650043686,2.650326026758679,200
missing_neural_feedback,ude_sir_h2,seir,48,-109.5704993333768,-122.14523275483987,1.364596989671951,-12.574733421463065,5.289828250870164,-17.86456167233323,2.644914125435082,200
missing_neural_feedback,ude_sir_h2,seir,49,-136.0134795592315,-118.94214094881733,1.4464827998756806,17.071338610414188,5.309218624426296,11.76211998598789,2.654609312213148,200
missing_neural_feedback,ude_sir_h2,seir,50,-111.39027227822473,-122.35929395840301,1.4499693425284979,-10.969021680178287,5.2957099609170895,-16.264731641095377,2.6478549804585447,200
missing_neural_feedback,ude_sir_h2,seir,51,-106.44666466836648,-122.46529698219285,1.3717982339436114,-16.018632313826373,5.307599415965219,-21.326231729791594,2.6537997079826097,200
missing_neural_feedback,ude_sir_h2,seir,52,-138.6885080027938,-117.80385234632577,1.645969093102959,20.88465565646804,5.28619661897538,15.598459037492661,2.64309830948769,200
missing_neural_feedback,ude_sir_h2,seir,53,-122.8406493520259,-123.2940115054676,1.3910957826771857,-0.45336215344168806,5.295563941233254,-5.748926094674942,2.647781970616627,200
missing_neural_feedback,ude_sir_h2,seir,54,-156.6169903781462,-115.62564466742764,1.5960391893796606,40.99134571071856,5.297533113611239,35.693812597107325,2.6487665568056196,200
missing_neural_feedback,ude_sir_h2,seir,55,-128.44683232596606,-121.1239050596788,1.3592920293410902,7.322927266287252,5.298428575853618,2.024498690433634,2.649214287926809,200
missing_neural_feedback,ude_sir_h2,seir,56,-126.78330731156937,-119.61007455177949,1.4740246926737826,7.173232759789883,5.285353772444715,1.887878987345168,2.6426768862223575,200
missing_neural_feedback,ude_sir_h2,seir,57,-143.39480660445741,-120.14441909846305,1.4870573028887868,23.250387505994368,5.29200194733143,17.95838555866294,2.646000973665715,200
missing_neural_feedback,ude_sir_h2,seir,58,-156.62538038394987,-122.93748615672217,1.39195445107052,33.6878942272277,5.287661804868742,28.40023242235896,2.643830902434371,200
missing_neural_feedback,ude_sir_h2,seir,59,-155.02130421438474,-117.79036559198967,1.4932776260884395,37.23093862239507,5.28132688017408,31.94961174222099,2.64066344008704,200
missing_neural_feedback,ude_sir_h2,seir,60,-147.58713485279947,-122.82959935051782,1.4207246849715658,24.75753550228164,5.29553126548155,19.46200423680009,2.647765632740775,200
missing_neural_feedback,ude_sir_h2,seir,61,-111.30729578572871,-120.70785022342552,1.4766725729314263,-9.400554437696812,5.30590421941583,-14.706458657112641,2.652952109707915,200
missing_neural_feedback,ude_sir_h2,seir,62,-144.28201438603028,-121.88819163125324,1.35374791569508,22.393822754777048,5.300048536332492,17.09377421844456,2.650024268166246,200
missing_neural_feedback,ude_sir_h2,seir,63,-115.95278445578288,-126.91096500547978,1.2609407701925235,-10.958180549696905,5.29379808862328,-16.251978638320185,2.64689904431164,200
missing_neural_feedback,ude_sir_h2,seir,64,-143.82596647128113,-122.46597692692805,1.4954284624347607,21.359989544353084,5.2944488677767545,16.06554067657633,2.6472244338883772,200
missing_neural_feedback,ude_sir_h2,seir,65,-117.74498785385762,-123.68155605914748,1.3737111497713526,-5.936568205289859,5.293412190725011,-11.22998039601487,2.6467060953625055,200
missing_neural_feedback,ude_sir_h2,seir,66,-111.30736287963825,-123.02760084206675,1.4665014481717025,-11.720237962428499,5.293540565169982,-17.013778527598483,2.646770282584991,200
missing_neural_feedback,ude_sir_h2,seir,67,-104.1172222151985,-123.24681452023903,1.5745040469909974,-19.129592305040532,5.305270441912791,-24.43486274695332,2.6526352209563955,200
missing_neural_feedback,ude_sir_h2,seir,68,-133.20897065063062,-123.16660123143426,1.3646249584916823,10.042369419196362,5.304715214192592,4.7376542050037695,2.652357607096296,200
missing_neural_feedback,ude_sir_h2,seir,69,-157.1697060287624,-124.170754582001,1.4924463890888968,32.998951446761396,5.298626555340064,27.70032489142133,2.649313277670032,200
missing_neural_feedback,ude_sir_h2,seir,70,-124.7943591910174,-121.05518411779828,1.4158167244344282,3.73917507321913,5.284644773464668,-1.5454697002455386,2.642322386732334,200
missing_neural_feedback,ude_sir_h2,seir,71,-126.13914573886555,-120.91561706544982,1.418236653343469,5.2235286734157285,5.291259668012641,-0.06773099459691245,2.6456298340063205,200
missing_neural_feedback,ude_sir_h2,seir,72,-151.7946791430357,-117.0636050869065,1.4846025756075496,34.73107405612919,5.284145853396995,29.44692820273219,2.6420729266984977,200
missing_neural_feedback,ude_sir_h2,seir,73,-126.72302530682865,-123.35920260048293,1.4473134284665783,3.363822706345715,5.3188814844489976,-1.9550587781032824,2.6594407422244988,200
missing_neural_feedback,ude_sir_h2,seir,74,-123.15233590620971,-121.01294892677959,1.4228159013439954,2.139386979430128,5.286060032899774,-3.1466730534696463,2.643030016449887,200
missing_neural_feedback,ude_sir_h2,seir,75,-167.09451955998682,-122.81422711174645,1.458495591604884,44.280292448240374,5.290747054581624,38.98954539365875,2.645373527290812,200
missing_neural_feedback,ude_sir_h2,seir,76,-165.77934905514581,-121.75799384825085,1.3537860876864014,44.02135520689497,5.298839585321791,38.72251562157317,2.6494197926608956,200
missing_neural_feedback,ude_sir_h2,seir,77,-134.77373248623047,-122.81990188097001,1.4293340745116607,11.953830605260464,5.292316746867294,6.66151385839317,2.646158373433647,200
missing_neural_feedback,ude_sir_h2,seir,78,-110.2032626401874,-122.63889684269483,1.456018347148826,-12.43563420250743,5.286648505273263,-17.722282707780693,2.6433242526366314,200
missing_neural_feedback,ude_sir_h2,seir,79,-149.63297356041505,-123.39027030916571,1.4739944000280407,26.24270325124934,5.334520926999037,20.9081823242503,2.6672604634995185,200
missing_neural_feedback,ude_sir_h2,sir,0,-29.0773742341826,-44.634961351189084,1.836592371872547,-15.557587117006484,3.999337076999866,-19.55692419400635,1.999668538499933,200
missing_neural_feedback,ude_sir_h2,sir,1,-48.36928774870336,-41.614153750686135,1.7331750605608658,6.755133998017222,3.999350966720449,2.7557830312967724,1.9996754833602246,200
missing_neural_feedback,ude_sir_h2,sir,2,-32.466895500368196,-42.327855681794766,1.7745214516298404,-9.86096018142657,3.9993324350301114,-13.860292616456682,1.9996662175150557,200
missing_neural_feedback,ude_sir_h2,sir,3,-79.1384650254127,-44.070232360906466,1.9065778071667872,35.06823266450623,3.9993352044674726,31.068897460038762,1.9996676022337363,200
missing_neural_feedback,ude_sir_h2,sir,4,-28.234439847585236,-39.91847774433217,1.9047042078600498,-11.684037896746936,3.9993829056762515,-15.683420802423187,1.9996914528381258,200
missing_neural_feedback,ude_sir_h2,sir,5,-55.63668490143016,-41.14666818726736,1.9288038803947956,14.490016714162799,3.99934009771219,10.490676616450608,1.999670048856095,200
missing_neural_feedback,ude_sir_h2,sir,6,4.7912486950203,-43.05456739097361,1.7223118875246806,-47.84581608599391,3.999362160019209,-51.84517824601312,1.9996810800096045,200
missing_neural_feedback,ude_sir_h2,sir,7,3.377121395898996,-48.02922207639556,1.866706731769042,-51.40634347229456,3.999332047037983,-55.40567551933254,1.9996660235189916,200
missing_neural_feedback,ude_sir_h2,sir,8,-15.50095663865443,-43.77533785555552,1.808936092876631,-28.27438121690109,3.9993269093181523,-32.27370812621924,1.9996634546590761,200
missing_neural_feedback,ude_sir_h2,sir,9,-85.26425541041064,-38.993367970263506,1.824098361424393,46.270887440147135,3.9993369502956053,42.27155048985153,1.9996684751478027,200
missing_neural_feedback,ude_sir_h2,sir,10,-48.83199423400535,-48.015616509677805,1.7927160623159497,0.8163777243275447,3.999342366843461,-3.182964642515916,1.9996711834217304,200
missing_neural_feedback,ude_sir_h2,sir,11,-63.974703141001896,-45.40522602310073,1.8859906779930145,18.569477117901165,3.999368295442002,14.570108822459163,1.999684147721001,200
missing_neural_feedback,ude_sir_h2,sir,12,-22.43843368112232,-46.6491315825651,1.8819515826450344,-24.210697901442778,3.9993334847628264,-28.210031386205603,1.9996667423814132,200
missing_neural_feedback,ude_sir_h2,sir,13,-27.286924126341148,-42.93996548397681,1.9260610277992052,-15.653041357635665,3.9993265025862597,-19.652367860221926,1.9996632512931298,200
missing_neural_feedback,ude_sir_h2,sir,14,-71.56252818859824,-46.313782264007365,1.9444843622455974,25.24874592459087,3.9993313488666153,21.249414575724256,1.9996656744333077,200
missing_neural_feedback,ude_sir_h2,sir,15,-79.24310667640614,-41.510798529819816,2.08709587923561,37.73230814658633,3.999337118321912,33.732971028264416,1.999668559160956,200
missing_neural_feedback,ude_sir_h2,sir,16,-28.111367790532995,-39.73733961015875,1.7999889133595164,-11.625971819625754,3.9993350443922484,-15.625306864018002,1.9996675221961242,200
missing_neural_feedback,ude_sir_h2,sir,17,-66.39762352781085,-44.15204604979837,1.710663964679052,22.24557747801248,3.999351980338908,18.24622549767357,1.999675990169454,200
missing_neural_feedback,ude_sir_h2,sir,18,-73.718275802575,-49.481749852921766,1.7472660633976458,24.236525949653227,3.999348108971221,20.23717784068201,1.9996740544856104,200
missing_neural_feedback,ude_sir_h2,sir,19,-81.59048393088324,-44.83207467078273,1.8302566108974283,36.75840926010051,3.9993371168458127,32.75907214325469,1.9996685584229064,200
missing_neural_feedback,ude_sir_h2,sir,20,-30.458843896507346,-42.545773228115884,2.026312421813207,-12.086929331608538,3.9993338606220155,-16.086263192230554,1.9996669303110077,200
missing_neural_feedback,ude_sir_h2,sir,21,-21.375256335661675,-42.001142989143354,1.9230539115777916,-20.62588665348168,3.999331383179718,-24.625218036661398,1.999665691589859,200
missing_neural_feedback,ude_sir_h2,sir,22,-51.913416180978686,-45.25140191184989,1.8164995098026038,6.662014269128797,3.999350493800222,2.662663775328575,1.999675246900111,200
missing_neural_feedback,ude_sir_h2,sir,23,-78.050207917487,-41.1719987772107,1.8627632625307091,36.8782091402763,3.999366516889594,32.8788426233867,1.999683258444797,200
missing_neural_feedback,ude_sir_h2,sir,24,-18.955483060577592,-45.65846483070992,2.0992914547227577,-26.702981770132325,3.9993461856872896,-30.702327955819616,1.9996730928436448,200
missing_neural_feedback,ude_sir_h2,sir,25,-29.151842846704767,-44.41766640311399,1.8326287310477531,-15.265823556409224,3.999346893236232,-19.265170449645456,1.999673446618116,200
missing_neural_feedback,ude_sir_h2,sir,26,-97.79495585644568,-40.69055865675694,2.0713811065364696,57.10439719968874,3.9993447873251773,53.10505241236356,1.9996723936625886,200
missing_neural_feedback,ude_sir_h2,sir,27,-91.50539321279018,-43.66896454014254,1.9865367413353172,47.83642867264764,3.9993432900600285,43.83708538258762,1.9996716450300143,200
missing_neural_feedback,ude_sir_h2,sir,28,-44.97047721008062,-45.9254232447306,1.8830170371683403,-0.9549460346499856,3.9993217350515615,-4.954267769701547,1.9996608675257808,200
missing_neural_feedback,ude_sir_h2,sir,29,-0.5764789912582273,-39.22570145764675,1.8009960401814593,-38.64922246638852,3.9993254795037365,-42.64854794589226,1.9996627397518683,200
missing_neural_feedback,ude_sir_h2,sir,30,-8.666739202025951,-41.49025882852797,1.8711139124386014,-32.82351962650202,3.999337683259803,-36.82285730976182,1.9996688416299016,200
missing_neural_feedback,ude_sir_h2,sir,31,-26.298829772674992,-42.280193293336595,1.9182961865783381,-15.981363520661603,3.9993349105457754,-19.98069843120738,1.9996674552728877,200
missing_neural_feedback,ude_sir_h2,sir,32,-62.98876332835792,-41.40036159374512,1.888437365165076,21.588401734612802,3.999334732777089,17.589067001835712,1.9996673663885445,200
missing_neural_feedback,ude_sir_h2,sir,33,-52.85851037666686,-42.976926524647986,1.9478949966132453,9.88158385201887,3.999342643853698,5.882241208165173,1.999671321926849,200
missing_neural_feedback,ude_sir_h2,sir,34,-43.661900975480336,-43.65328565767597,1.895488739067479,0.008615317804363087,3.999319446836683,-3.99070412903232,1.9996597234183415,200
missing_neural_feedback,ude_sir_h2,sir,35,-75.57782373007873,-48.13283755530707,1.799138485791712,27.444986174771664,3.999337855077518,23.445648319694147,1.999668927538759,200
missing_neural_feedback,ude_sir_h2,sir,36,-51.39890278581393,-45.930986053475024,1.762581803964648,5.467916732338907,3.9993418729162293,1.4685748594226773,1.9996709364581147,200
missing_neural_feedback,ude_sir_h2,sir,37,-3.3412296555030707,-41.38594149880779,1.9600528228471246,-38.04471184330472,3.999338605443813,-42.04405044874853,1.9996693027219066,200
missing_neural_feedback,ude_sir_h2,sir,38,-64.96991600909732,-44.860267849786204,1.8914417936582568,20.109648159311114,3.999340304096081,16.110307855215034,1.9996701520480404,200
missing_neural_feedback,ude_sir_h2,sir,39,-82.32823001719254,-41.65604506525206,1.8261471517227703,40.67218495194048,3.9993359348991353,36.672849017041344,1.9996679674495677,200
missing_neural_feedback,ude_sir_h2,sir,40,-83.07458691441059,-44.10282391285941,1.909517409646493,38.97176300155118,3.9993423498042917,34.97242065174689,1.9996711749021459,200
missing_neural_feedback,ude_sir_h2,sir,41,-40.138492448750526,-48.81342840558986,1.917864756673459,-8.674935956839334,3.999349027682986,-12.67428498452232,1.999674513841493,200
missing_neural_feedback,ude_sir_h2,sir,42,-12.819261599975562,-41.178580737517734,1.8985496956275247,-28.359319137542172,3.9993446362446052,-32.35866377378678,1.9996723181223026,200
missing_neural_feedback,ude_sir_h2,sir,43,-83.97560766773336,-45.85128598965248,1.7993735386838854,38.124321678080875,3.9993338533693077,34.12498782471157,1.9996669266846538,200
missing_neural_feedback,ude_sir_h2,sir,44,-38.98747136973134,-44.25450226087336,1.8824973352557828,-5.267030891142021,3.9993460372011076,-9.266376928343128,1.9996730186005538,200
missing_neural_feedback,ude_sir_h2,sir,45,-25.958138650527474,-45.35922549124657,1.864019424154313,-19.401086840719096,3.999366380226716,-23.400453220945813,1.999683190113358,200
missing_neural_feedback,ude_sir_h2,sir,46,-33.19197274167914,-44.89084501009935,1.8543627389404904,-11.69887226842021,3.999338205285349,-15.69821047370556,1.9996691026426745,200
missing_neural_feedback,ude_sir_h2,sir,47,-36.63213910626666,-45.600900175598625,1.8004478143303746,-8.968761069331961,3.9993544353303294,-12.96811550466229,1.9996772176651647,200
missing_neural_feedback,ude_sir_h2,sir,48,-19.424197590434318,-45.614509261105155,1.8121816476127663,-26.190311670670837,3.999347293453483,-30.18965896412432,1.9996736467267415,200
missing_neural_feedback,ude_sir_h2,sir,49,-60.67193597544352,-45.901079238336955,1.9172445462511998,14.770856737106563,3.999359802660482,10.77149693444608,1.999679901330241,200
missing_neural_feedback,ude_sir_h2,sir,50,-39.820808690425565,-40.52241195078099,1.944213546375058,-0.7016032603554265,3.9993460080906162,-4.700949268446043,1.9996730040453081,200
missing_neural_feedback,ude_sir_h2,sir,51,-27.393781935483446,-43.536855438798305,1.8144999488959743,-16.14307350331486,3.999346186888647,-20.142419690203507,1.9996730934443234,200
missing_neural_feedback,ude_sir_h2,sir,52,-61.05576056446165,-37.76347144245265,1.9362503953045551,23.292289122009002,3.999317056446838,19.292972065562164,1.999658528223419,200
missing_neural_feedback,ude_sir_h2,sir,53,-37.93112368086199,-43.59611930908095,1.9070660520281668,-5.664995628218961,3.999358016171519,-9.66435364439048,1.9996790080857596,200
missing_neural_feedback,ude_sir_h2,sir,54,-89.35205262867714,-42.1174233554464,1.7350867689123137,47.234629273230745,3.9993347036500007,43.235294569580745,1.9996673518250003,200
missing_neural_feedback,ude_sir_h2,sir,55,-43.503511986955374,-44.32511355618747,1.967856049126416,-0.8216015692320937,3.9993574066543784,-4.820958975886472,1.9996787033271892,200
missing_neural_feedback,ude_sir_h2,sir,56,-61.21665672867351,-45.52208511706239,1.838979836693251,15.694571611611124,3.999330238849386,11.695241372761739,1.999665119424693,200
missing_neural_feedback,ude_sir_h2,sir,57,-77.1554417338881,-41.461568235468995,1.735353951911702,35.6938734984191,3.999337181804812,31.69453631661429,1.999668590902406,200
missing_neural_feedback,ude_sir_h2,sir,58,-84.75540658774813,-45.28816602990236,1.9491094879848965,39.46724055784577,3.9993345484170097,35.46790600942876,1.9996672742085049,200
missing_neural_feedback,ude_sir_h2,sir,59,-85.46422550470456,-39.19759779120056,1.7250409632345878,46.266627713504,3.999312651959115,42.267315061544885,1.9996563259795574,200
missing_neural_feedback,ude_sir_h2,sir,60,-72.78306259804387,-44.89775315553929,1.8299830380437376,27.885309442504578,3.9993504123380363,23.885959030166543,1.9996752061690182,200
missing_neural_feedback,ude_sir_h2,sir,61,-33.88128663442217,-43.13452824294247,1.8849940390558317,-9.253241608520305,3.9993228304075092,-13.252564438927815,1.9996614152037546,200
missing_neural_feedback,ude_sir_h2,sir,62,-78.55299530886992,-38.69078422702177,1.9283042109500061,39.86221108184815,3.9993627397678067,35.86284834208035,1.9996813698839033,200
missing_neural_feedback,ude_sir_h2,sir,63,-32.49229302992046,-45.40443734696227,1.8663189817619288,-12.912144317041808,3.999350470406603,-16.91149478744841,1.9996752352033016,200
missing_neural_feedback,ude_sir_h2,sir,64,-67.33598291239932,-46.91717152387322,2.029738170445376,20.418811388526095,3.9993321073823767,16.41947928114372,1.9996660536911883,200
missing_neural_feedback,ude_sir_h2,sir,65,-34.21906422433881,-45.93990189000374,1.86426004412322,-11.72083766566493,3.999349243056341,-15.72018690872127,1.9996746215281704,200
missing_neural_feedback,ude_sir_h2,sir,66,-26.790299902645927,-44.00115398235306,1.930750121933375,-17.210854079707133,3.9993440220718446,-21.21019810177898,1.9996720110359223,200
missing_neural_feedback,ude_sir_h2,sir,67,-7.98110186477237,-44.030306031035046,1.9281446760094985,-36.049204166262676,3.9993661636178826,-40.04857032988056,1.9996830818089413,200
missing_neural_feedback,ude_sir_h2,sir,68,-54.14236075467841,-44.075502668873156,1.8870167672612026,10.06685808580525,3.9993332417262977,6.067524844078953,1.9996666208631488,200
missing_neural_feedback,ude_sir_h2,sir,69,-82.5914483539207,-42.936784792258834,1.8908410241128903,39.65466356166186,3.9993438567131965,35.65531970494867,1.9996719283565982,200
missing_neural_feedback,ude_sir_h2,sir,70,-52.31804217416263,-43.47774284835295,1.9748170060950585,8.840299325809674,3.999326327764914,4.8409729980447604,1.999663163882457,200
missing_neural_feedback,ude_sir_h2,sir,71,-49.431050825368345,-43.71867823342629,1.8590950729884084,5.7123725919420565,3.999352691945732,1.7130198999963246,1.999676345972866,200
missing_neural_feedback,ude_sir_h2,sir,72,-87.7677919869621,-40.76378586823756,1.9115105896180646,47.00400611872453,3.999312252743266,43.00469386598127,1.999656126371633,200
missing_neural_feedback,ude_sir_h2,sir,73,-41.206398013282296,-44.677056397357745,1.956123786186749,-3.470658384075449,3.9993346057689703,-7.469992989844419,1.9996673028844851,200
missing_neural_feedback,ude_sir_h2,sir,74,-42.203690056347796,-44.35700577926407,1.806150984829889,-2.1533157229162754,3.9993207303981735,-6.152636453314448,1.9996603651990867,200
missing_neural_feedback,ude_sir_h2,sir,75,-107.67853168826926,-44.077022682743205,1.866250779024049,63.601509005526054,3.9993436286192625,59.60216537690679,1.9996718143096313,200
missing_neural_feedback,ude_sir_h2,sir,76,-107.46006897512518,-39.62315657836623,1.8938321764934403,67.83691239675895,3.9993510682859803,63.837561328472965,1.9996755341429902,200
missing_neural_feedback,ude_sir_h2,sir,77,-56.85969827515163,-46.71197647523793,1.7730382751183544,10.147721799913697,3.999347500217778,6.148374299695918,1.999673750108889,200
missing_neural_feedback,ude_sir_h2,sir,78,-25.3937512449871,-41.243543564219316,1.8915410357473263,-15.849792319232215,3.999326539965879,-19.849118859198093,1.9996632699829395,200
missing_neural_feedback,ude_sir_h2,sir,79,-72.25276896201686,-44.292143617363635,1.9928620142460385,27.960625344653224,3.9993506752955548,23.961274669357667,1.9996753376477774,200
missing_neural_feedback,ude_sir_h2,tv_sir,0,-205.52129047616657,-198.50635610357585,0.7149485541723549,7.014934372590716,7.755342834866137,-0.740408462275421,3.8776714174330684,200
missing_neural_feedback,ude_sir_h2,tv_sir,1,-213.49166315128957,-202.8444824837857,0.6200732154103921,10.647180667503875,7.614183340857158,3.0329973266467167,3.807091670428579,200
missing_neural_feedback,ude_sir_h2,tv_sir,2,-212.24435295487018,-199.10114113654924,0.6887761310517566,13.143211818320935,7.452298313396103,5.690913504924833,3.7261491566980514,200
missing_neural_feedback,ude_sir_h2,tv_sir,3,-196.53982984606992,-199.12157601016176,0.6694022670308949,-2.5817461640918395,7.55702366050644,-10.13876982459828,3.77851183025322,200
missing_neural_feedback,ude_sir_h2,tv_sir,4,-199.103301632885,-197.2411746481248,0.7561872592768726,1.8621269847602093,7.774483322810471,-5.9123563380502615,3.8872416614052354,200
missing_neural_feedback,ude_sir_h2,tv_sir,5,-203.11165944952137,-196.1293663250799,0.7692375772556354,6.982293124441469,7.494202990613244,-0.5119098661717754,3.747101495306622,200
missing_neural_feedback,ude_sir_h2,tv_sir,6,-211.07759708582358,-197.8915103248133,0.7844710831775341,13.186086761010273,7.619827240975857,5.566259520034416,3.8099136204879285,200
missing_neural_feedback,ude_sir_h2,tv_sir,7,-200.71559471059496,-199.7067972802309,0.7171323586592208,1.0087974303640692,7.650884325155369,-6.6420868947913,3.8254421625776844,200
missing_neural_feedback,ude_sir_h2,tv_sir,8,-198.77911526535462,-199.20617752235216,0.7369035161412781,-0.4270622569975444,7.74231991386268,-8.169382170860224,3.87115995693134,200
missing_neural_feedback,ude_sir_h2,tv_sir,9,-207.21666900952357,-198.58604806219557,0.7116302860742563,8.630620947327998,7.664200472922913,0.9664204744050844,3.8321002364614567,200
missing_neural_feedback,ude_sir_h2,tv_sir,10,-214.40545787660957,-201.02603866272463,0.6535104024792566,13.379419213884944,7.618933849990642,5.760485363894302,3.809466924995321,200
missing_neural_feedback,ude_sir_h2,tv_sir,11,-208.35498541010452,-197.8886232347624,0.7160719955099071,10.466362175342113,7.784733357986931,2.6816288173551817,3.8923666789934654,200
missing_neural_feedback,ude_sir_h2,tv_sir,12,-202.33061505132997,-199.79077790611518,0.6481632253387843,2.53983714521479,7.692913097412794,-5.153075952198004,3.846456548706397,200
missing_neural_feedback,ude_sir_h2,tv_sir,13,-211.54115844218234,-196.4926925577382,0.7200641594199124,15.048465884444141,7.739275813225634,7.309190071218508,3.869637906612817,200
missing_neural_feedback,ude_sir_h2,tv_sir,14,-219.26980118560735,-202.40539046800777,0.6158176387278658,16.864410717599583,7.555044000331629,9.309366717267954,3.7775220001658143,200
missing_neural_feedback,ude_sir_h2,tv_sir,15,-222.0002027835432,-200.1094037787648,0.579773393852688,21.890799004778387,7.626933587335035,14.263865417443352,3.8134667936675175,200
missing_neural_feedback,ude_sir_h2,tv_sir,16,-202.106758290368,-199.73411564604677,0.7632513948056355,2.3726426443212176,7.500238915194189,-5.127596270872972,3.7501194575970946,200
missing_neural_feedback,ude_sir_h2,tv_sir,17,-217.88592817595529,-200.14540598999972,0.6790327328812196,17.74052218595557,7.76905914688769,9.97146303906788,3.884529573443845,200
missing_neural_feedback,ude_sir_h2,tv_sir,18,-200.4638872422793,-200.73284509198177,0.6398233800105825,-0.26895784970247405,7.572716290718965,-7.841674140421439,3.7863581453594826,200
missing_neural_feedback,ude_sir_h2,tv_sir,19,-218.40603715629126,-200.8281852314929,0.7557505688490824,17.577851924798352,7.544866249246265,10.032985675552087,3.7724331246231326,200
missing_neural_feedback,ude_sir_h2,tv_sir,20,-211.69004626168675,-201.47977109289343,0.6804087455195277,10.210275168793316,7.512662474239556,2.6976126945537606,3.756331237119778,200
missing_neural_feedback,ude_sir_h2,tv_sir,21,-200.05180872043994,-200.04248785646362,0.6767945043076227,0.009320863976313376,7.685808967004349,-7.676488103028036,3.8429044835021746,200
missing_neural_feedback,ude_sir_h2,tv_sir,22,-191.29910793272848,-200.30548773357322,0.7317654758277108,-9.00637980084474,7.551175085088164,-16.557554885932905,3.775587542544082,200
missing_neural_feedback,ude_sir_h2,tv_sir,23,-212.3481277218176,-199.22142057882576,0.6849519954167811,13.126707142991847,7.697959875478787,5.42874726751306,3.8489799377393936,200
missing_neural_feedback,ude_sir_h2,tv_sir,24,-202.59688582909587,-201.61204987848723,0.6932191612307537,0.984835950608641,7.665053385486256,-6.680217434877615,3.832526692743128,200
missing_neural_feedback,ude_sir_h2,tv_sir,25,-213.82946979565585,-203.097952640543,0.6380813493776051,10.73151715511284,7.642107007381683,3.089410147731157,3.8210535036908415,200
missing_neural_feedback,ude_sir_h2,tv_sir,26,-214.60388346396635,-196.38208386121053,0.7721256476474277,18.221799602755823,7.614165670101361,10.607633932654462,3.8070828350506805,200
missing_neural_feedback,ude_sir_h2,tv_sir,27,-213.42855389939646,-198.77712581088497,0.7845314290711708,14.651428088511494,7.694011734399166,6.957416354112328,3.847005867199583,200
missing_neural_feedback,ude_sir_h2,tv_sir,28,-216.18798639727186,-199.9843575707541,0.6758072856331856,16.203628826517757,7.417669919030089,8.785958907487668,3.7088349595150447,200
missing_neural_feedback,ude_sir_h2,tv_sir,29,-211.83691618536807,-191.9249267135375,0.7157338461216016,19.911989471830566,7.5061140422524675,12.4058754295781,3.7530570211262337,200
missing_neural_feedback,ude_sir_h2,tv_sir,30,-205.74904864910144,-199.33478837858272,0.7487412292607205,6.414260270518724,7.761840891549444,-1.34758062103072,3.880920445774722,200
missing_neural_feedback,ude_sir_h2,tv_sir,31,-217.666124632263,-199.2260606367955,0.7123851183969957,18.44006399546751,7.693098580995622,10.74696541447189,3.846549290497811,200
missing_neural_feedback,ude_sir_h2,tv_sir,32,-212.57391258105287,-195.90528644601986,0.7505090632923674,16.66862613503301,7.657285229679107,9.0113409053539,3.8286426148395534,200
missing_neural_feedback,ude_sir_h2,tv_sir,33,-202.68570678111186,-203.21155852559457,0.6795656034142158,-0.5258517444827078,7.6686384484815875,-8.194490192964295,3.8343192242407937,200
missing_neural_feedback,ude_sir_h2,tv_sir,34,-204.7828096964079,-199.04954387457445,0.739388423350949,5.733265821833442,7.481209357460805,-1.7479435356273632,3.7406046787304024,200
missing_neural_feedback,ude_sir_h2,tv_sir,35,-192.59929727278885,-199.28912658315784,0.7560198499017527,-6.689829310368992,7.632911894238426,-14.322741204607418,3.816455947119213,200
missing_neural_feedback,ude_sir_h2,tv_sir,36,-192.62476504639102,-202.08606482945484,0.6445575396456573,-9.461299783063822,7.576146839100593,-17.037446622164417,3.7880734195502965,200
missing_neural_feedback,ude_sir_h2,tv_sir,37,-191.2063346981753,-196.41279395062304,0.6873691536382958,-5.206459252447729,7.452784515309274,-12.659243767757003,3.726392257654637,200
missing_neural_feedback,ude_sir_h2,tv_sir,38,-210.2350501449278,-201.40296599429632,0.6409362322819179,8.832084150631488,7.690018613921305,1.1420655367101826,3.8450093069606526,200
missing_neural_feedback,ude_sir_h2,tv_sir,39,-198.5823578779083,-196.2094100239418,0.7625555397045843,2.3729478539664797,7.414422504082232,-5.041474650115752,3.707211252041116,200
missing_neural_feedback,ude_sir_h2,tv_sir,40,-189.7401058552753,-198.3556968635898,0.7496259616476236,-8.61559100831451,7.628106242705723,-16.243697251020233,3.8140531213528615,200
missing_neural_feedback,ude_sir_h2,tv_sir,41,-201.54893648415384,-198.25086469834957,0.6861883996085164,3.298071785804268,7.490100983818421,-4.192029198014153,3.7450504919092107,200
missing_neural_feedback,ude_sir_h2,tv_sir,42,-196.83855286318914,-195.0808187027365,0.74422995098789,1.7577341604526282,7.711748243507125,-5.9540140830544965,3.8558741217535624,200
missing_neural_feedback,ude_sir_h2,tv_sir,43,-212.7038822975561,-200.20996263163764,0.6827745854393275,12.493919665918469,7.538623199874412,4.955296466044056,3.769311599937206,200
missing_neural_feedback,ude_sir_h2,tv_sir,44,-206.66839625979074,-201.6482195860286,0.6538627037231965,5.020176673762137,7.575425028786752,-2.555248355024615,3.787712514393376,200
missing_neural_feedback,ude_sir_h2,tv_sir,45,-197.62065345942912,-200.40585220335836,0.6816495153603546,-2.785198743929243,7.689081060763651,-10.474279804692895,3.8445405303818254,200
missing_neural_feedback,ude_sir_h2,tv_sir,46,-192.61465264157422,-200.31891162242596,0.6391908875599052,-7.704258980851733,7.759100761539262,-15.463359742390995,3.879550380769631,200
missing_neural_feedback,ude_sir_h2,tv_sir,47,-210.7751027933791,-202.2951225556037,0.6917884480561818,8.47998023777538,7.598494466077395,0.8814857716979843,3.7992472330386975,200
missing_neural_feedback,ude_sir_h2,tv_sir,48,-215.30351733829502,-199.48006112178865,0.6850055623133837,15.823456216506372,7.746211411408699,8.077244805097674,3.8731057057043494,200
missing_neural_feedback,ude_sir_h2,tv_sir,49,-210.46436581148964,-199.51306922269512,0.6968536618879213,10.95129658879452,7.772525412575213,3.178771176219307,3.8862627062876065,200
missing_neural_feedback,ude_sir_h2,tv_sir,50,-191.60500748962588,-201.25542577684726,0.7651050610218082,-9.650418287221385,7.559614901981004,-17.210033189202388,3.779807450990502,200
missing_neural_feedback,ude_sir_h2,tv_sir,51,-201.97964888002636,-201.02884831847064,0.6914802071048289,0.9508005615557238,7.478222368001329,-6.527421806445605,3.7391111840006643,200
missing_neural_feedback,ude_sir_h2,tv_sir,52,-221.0519005803339,-198.12572359495687,0.6873494918274765,22.926176985377026,7.5682585673477245,15.357918418029302,3.7841292836738623,200
missing_neural_feedback,ude_sir_h2,tv_sir,53,-217.183355292495,-201.33934650115668,0.6952925107337307,15.844008791338325,7.7115393547151925,8.132469436623133,3.8557696773575962,200
missing_neural_feedback,ude_sir_h2,tv_sir,54,-220.1144084902333,-197.9385886370726,0.6365868380889714,22.175819853160704,7.692568541312408,14.483251311848296,3.846284270656204,200
missing_neural_feedback,ude_sir_h2,tv_sir,55,-221.74139576768997,-200.64563860577974,0.7257991227495517,21.095757161910228,7.7712284165836305,13.324528745326598,3.8856142082918153,200
missing_neural_feedback,ude_sir_h2,tv_sir,56,-197.94619377189,-199.5320720124432,0.7076582743150933,-1.5858782405531997,7.585845095161965,-9.171723335715164,3.7929225475809827,200
missing_neural_feedback,ude_sir_h2,tv_sir,57,-212.55485294081058,-201.6632919838733,0.6739542452881996,10.891560956937269,7.676549178218872,3.215011778718397,3.838274589109436,200
missing_neural_feedback,ude_sir_h2,tv_sir,58,-220.53251671451426,-200.8699996973032,0.699359509165335,19.66251701721106,7.663571119864539,11.99894589734652,3.8317855599322694,200
missing_neural_feedback,ude_sir_h2,tv_sir,59,-218.15989654380886,-197.78905101142303,0.775130696804492,20.37084553238583,7.6138006201939135,12.757044912191915,3.8069003100969567,200
missing_neural_feedback,ude_sir_h2,tv_sir,60,-212.16687935604483,-202.11467700131703,0.683224892212527,10.052202354727797,7.5258733257095525,2.5263290290182443,3.7629366628547762,200
missing_neural_feedback,ude_sir_h2,tv_sir,61,-204.4882616412903,-198.41858602767283,0.7226018058732587,6.069675613617477,7.4629683455081155,-1.3932927318906385,3.7314841727540577,200
missing_neural_feedback,ude_sir_h2,tv_sir,62,-193.64916464699218,-194.1037174290833,0.8015563971022411,-0.4545527820911275,7.715328679807302,-8.16988146189843,3.857664339903651,200
missing_neural_feedback,ude_sir_h2,tv_sir,63,-203.59685818774696,-202.97634319504402,0.6798385090522449,0.6205149927029368,7.576495587706684,-6.955980595003747,3.788247793853342,200
missing_neural_feedback,ude_sir_h2,tv_sir,64,-221.313935097176,-200.77432673505427,0.6169581424506,20.539608362121726,7.545173794192165,12.994434567929561,3.7725868970960823,200
missing_neural_feedback,ude_sir_h2,tv_sir,65,-208.399680831747,-202.04949356188155,0.6584360105464494,6.350187269865444,7.6984648391132575,-1.3482775692478137,3.8492324195566288,200
missing_neural_feedback,ude_sir_h2,tv_sir,66,-212.79398222930348,-202.5332782090808,0.6221415359607309,10.260704020222676,7.719446500904436,2.54125751931824,3.859723250452218,200
missing_neural_feedback,ude_sir_h2,tv_sir,67,-214.5075417947937,-197.5162579785824,0.774446953373181,16.991283816211308,7.552960191858572,9.438323624352735,3.776480095929286,200
missing_neural_feedback,ude_sir_h2,tv_sir,68,-216.7204334577788,-200.9441462735669,0.6743818080172741,15.776287184211895,7.304891666423093,8.471395517788803,3.6524458332115466,200
missing_neural_feedback,ude_sir_h2,tv_sir,69,-223.71853100717365,-201.78801021567853,0.6667358713997266,21.930520791495127,7.5469215271875925,14.383599264307534,3.7734607635937962,200
missing_neural_feedback,ude_sir_h2,tv_sir,70,-203.9721212436849,-198.18791854141216,0.6665926558255433,5.784202702272751,7.617735907811837,-1.8335332055390863,3.8088679539059185,200
missing_neural_feedback,ude_sir_h2,tv_sir,71,-201.28235440888412,-201.01451943344364,0.645845584488616,0.2678349754404792,7.657070147804001,-7.389235172363522,3.8285350739020005,200
missing_neural_feedback,ude_sir_h2,tv_sir,72,-210.081362733578,-198.44769706124822,0.8403176136079643,11.633665672329784,7.68539219394555,3.948273478384234,3.842696096972775,200
missing_neural_feedback,ude_sir_h2,tv_sir,73,-212.25048090725596,-201.01503817173813,0.6498104060856978,11.235442735517836,7.446481311192873,3.788961424324963,3.7232406555964364,200
missing_neural_feedback,ude_sir_h2,tv_sir,74,-209.012288537673,-199.65648142026345,0.7887725503498504,9.35580711740954,7.653658528615195,1.702148588794345,3.8268292643075976,200
missing_neural_feedback,ude_sir_h2,tv_sir,75,-210.04425958396558,-196.7358350000528,0.7112786211465119,13.308424583912796,7.526238048763579,5.782186535149217,3.7631190243817896,200
missing_neural_feedback,ude_sir_h2,tv_sir,76,-204.08343525657182,-193.95579745789118,0.7583619625149334,10.127637798680638,7.728370654931662,2.3992671437489763,3.864185327465831,200
missing_neural_feedback,ude_sir_h2,tv_sir,77,-209.75154689978532,-202.51367233678792,0.6106972080302084,7.237874562997405,7.715178081988199,-0.4773035189907944,3.8575890409940996,200
missing_neural_feedback,ude_sir_h2,tv_sir,78,-213.05860321155293,-199.9370478527886,0.6871428434010561,13.12155535876434,7.6768260382766345,5.444729320487705,3.8384130191383172,200
missing_neural_feedback,ude_sir_h2,tv_sir,79,-217.38042935079847,-199.58996344638803,0.7310173132605919,17.79046590441044,7.418132196793462,10.372333707616978,3.709066098396731,200
missing_neural_feedback,ude_sir_h2,ude_sir_h2,0,-210.706678681437,-203.00697303427577,0.6668168724702561,7.699705647161238,8.020035401546304,-0.3203297543850656,4.010017700773152,200
missing_neural_feedback,ude_sir_h2,ude_sir_h2,1,-213.0886867172811,-205.15831041728723,0.6014160612291803,7.930376299993867,7.754967768593386,0.17540853140048096,3.877483884296693,200
missing_neural_feedback,ude_sir_h2,ude_sir_h2,2,-211.67373965480527,-201.0639550716878,0.6489551461273354,10.609784583117488,7.6389078269887545,2.9708767561287335,3.8194539134943772,200
missing_neural_feedback,ude_sir_h2,ude_sir_h2,3,-198.29321281382133,-202.19847691586745,0.5772585242886015,-3.905264102046118,7.65129606465416,-11.556560166700278,3.82564803232708,200
missing_neural_feedback,ude_sir_h2,ude_sir_h2,4,-200.0368967762853,-199.03102248286766,0.7215604116594133,1.0058742934176337,7.725227548844112,-6.719353255426478,3.862613774422056,200
missing_neural_feedback,ude_sir_h2,ude_sir_h2,5,-204.99964601902326,-199.93643535194403,0.7227457696438999,5.0632106670792325,7.679537394102892,-2.61632672702366,3.839768697051446,200
missing_neural_feedback,ude_sir_h2,ude_sir_h2,6,-213.6042482048915,-200.2238852945171,0.684765185434536,13.380362910374402,7.817735079617034,5.562627830757368,3.908867539808517,200
missing_neural_feedback,ude_sir_h2,ude_sir_h2,7,-200.1568469300894,-201.53482013074884,0.6306594018801703,-1.3779732006594543,7.8205660332266485,-9.198539233886102,3.9102830166133242,200
missing_neural_feedback,ude_sir_h2,ude_sir_h2,8,-199.14866944294823,-201.09528862058744,0.677515330917633,-1.9466191776392066,7.803646489550602,-9.750265667189808,3.901823244775301,200
missing_neural_feedback,ude_sir_h2,ude_sir_h2,9,-209.34489819442214,-200.89110885731967,0.7344111772165959,8.453789337102478,7.623340942156694,0.8304483949457842,3.811670471078347,200
missing_neural_feedback,ude_sir_h2,ude_sir_h2,10,-215.81910459676146,-204.01893611280883,0.6505801121212431,11.800168483952632,7.771054017440986,4.029114466511646,3.885527008720493,200
missing_neural_feedback,ude_sir_h2,ude_sir_h2,11,-208.19867360811148,-201.4174905107419,0.6577080528851244,6.7811830973695635,7.437144556175136,-0.6559614588055727,3.718572278087568,200
missing_neural_feedback,ude_sir_h2,ude_sir_h2,12,-205.15858515144754,-202.4701158651202,0.703891080474789,2.688469286327347,7.81035434435374,-5.121885058026393,3.90517717217687,200
missing_neural_feedback,ude_sir_h2,ude_sir_h2,13,-214.39735066926158,-198.48983032929348,0.6918021909850754,15.907520339968102,7.812663573726177,8.094856766241925,3.9063317868630887,200
missing_neural_feedback,ude_sir_h2,ude_sir_h2,14,-221.42514329164706,-204.2157557034031,0.6457831697595477,17.20938758824397,7.712720653756457,9.496666934487514,3.8563603268782285,200
missing_neural_feedback,ude_sir_h2,ude_sir_h2,15,-223.06539856593568,-200.7750876862521,0.6355982901354419,22.290310879683574,7.713493791594036,14.576817088089538,3.856746895797018,200
missing_neural_feedback,ude_sir_h2,ude_sir_h2,16,-205.88162093421056,-201.29023616631056,0.6505939302771602,4.591384767899996,7.647144296420651,-3.055759528520655,3.8235721482103253,200
missing_neural_feedback,ude_sir_h2,ude_sir_h2,17,-217.3348420683203,-203.82465056347158,0.6630257354310725,13.510191504848734,7.604945744532925,5.905245760315809,3.8024728722664625,200
missing_neural_feedback,ude_sir_h2,ude_sir_h2,18,-203.4432549560828,-203.51551859636606,0.6477959051265625,-0.0722636402832677,7.69611333703696,-7.768376977320227,3.84805666851848,200
missing_neural_feedback,ude_sir_h2,ude_sir_h2,19,-220.4366857688363,-202.03692209568874,0.595498421473563,18.39976367314756,7.70775095129763,10.692012721849931,3.853875475648815,200
missing_neural_feedback,ude_sir_h2,ude_sir_h2,20,-216.14866586812104,-203.30915211625313,0.6102191630939044,12.839513751867912,7.738489548608105,5.101024203259807,3.8692447743040526,200
missing_neural_feedback,ude_sir_h2,ude_sir_h2,21,-207.93939217770992,-203.84419460585144,0.6467481991736961,4.095197571858478,8.0711453705921,-3.975947798733623,4.03557268529605,200
missing_neural_feedback,ude_sir_h2,ude_sir_h2,22,-196.35854971462402,-203.13933867346415,0.6093547507588863,-6.780788958840134,7.877442545684613,-14.658231504524746,3.9387212728423067,200
missing_neural_feedback,ude_sir_h2,ude_sir_h2,23,-213.02209373485616,-201.0091302848637,0.7157804966663742,12.01296344999247,7.659624326834145,4.3533391231583245,3.8298121634170723,200
missing_neural_feedback,ude_sir_h2,ude_sir_h2,24,-201.6520808370369,-205.05715238777023,0.5942495027147167,-3.4050715507333393,7.786082160700342,-11.191153711433682,3.893041080350171,200
missing_neural_feedback,ude_sir_h2,ude_sir_h2,25,-215.0309977410618,-204.6050525168147,0.6019204832179094,10.425945224247101,7.770739298415293,2.655205925831808,3.8853696492076466,200
missing_neural_feedback,ude_sir_h2,ude_sir_h2,26,-215.7652378385892,-196.5002855913025,0.7522997888143416,19.264952247286715,7.667231963216939,11.597720284069776,3.8336159816084696,200
missing_neural_feedback,ude_sir_h2,ude_sir_h2,27,-215.27432858657392,-201.75024485452818,0.6318904918578534,13.524083732045739,7.545442060760957,5.978641671284782,3.7727210303804783,200
missing_neural_feedback,ude_sir_h2,ude_sir_h2,28,-216.63243439970458,-203.3887284095103,0.640318686738756,13.243705990194286,7.659713003818605,5.583992986375681,3.8298565019093025,200
missing_neural_feedback,ude_sir_h2,ude_sir_h2,29,-212.62490485780376,-194.93945014681546,0.7864355192629767,17.685454710988296,7.808164012195671,9.877290698792624,3.9040820060978354,200
missing_neural_feedback,ude_sir_h2,ude_sir_h2,30,-202.69249719214253,-200.28478535888928,0.7305380540804208,2.407711833253245,7.64740704608916,-5.239695212835915,3.82370352304458,200
missing_neural_feedback,ude_sir_h2,ude_sir_h2,31,-220.2152628003446,-198.90260424266395,0.6665781166579202,21.312658557680635,7.8290962281866685,13.483562329493967,3.9145481140933343,200
missing_neural_feedback,ude_sir_h2,ude_sir_h2,32,-214.38766822423736,-199.49397661977383,0.7459176920875323,14.893691604463527,7.755106246961535,7.1385853575019915,3.8775531234807676,200
missing_neural_feedback,ude_sir_h2,ude_sir_h2,33,-204.90054726507938,-204.7286986635472,0.5904797964113129,0.17184860153219006,7.739246880859637,-7.567398279327447,3.8696234404298187,200
missing_neural_feedback,ude_sir_h2,ude_sir_h2,34,-205.7987999884377,-202.5492286508475,0.6671005353105678,3.249571337590197,7.705963235088447,-4.45639189749825,3.8529816175442235,200
missing_neural_feedback,ude_sir_h2,ude_sir_h2,35,-193.52958487121205,-201.561562862745,0.6539189840466201,-8.031977991532955,7.650055082126756,-15.68203307365971,3.825027541063378,200
missing_neural_feedback,ude_sir_h2,ude_sir_h2,36,-197.01366279357418,-204.18755744478196,0.6306372736927627,-7.173894651207775,7.731256659074926,-14.905151310282701,3.865628329537463,200
missing_neural_feedback,ude_sir_h2,ude_sir_h2,37,-194.2897168285698,-198.66860742134782,0.735011577233704,-4.378890592778021,7.737723712215566,-12.116614304993586,3.868861856107783,200
missing_neural_feedback,ude_sir_h2,ude_sir_h2,38,-210.59708285230315,-204.72532958526273,0.592212572533088,5.871753267040418,7.72549388295097,-1.853740615910552,3.862746941475485,200
missing_neural_feedback,ude_sir_h2,ude_sir_h2,39,-201.4557243548561,-197.4162070235625,0.7159568553637093,4.0395173312936095,7.579608847860002,-3.5400915165663926,3.789804423930001,200
missing_neural_feedback,ude_sir_h2,ude_sir_h2,40,-192.26660701336323,-199.93781888190705,0.6976812025751634,-7.671211868543821,7.646160160766184,-15.317372029310006,3.823080080383092,200
missing_neural_feedback,ude_sir_h2,ude_sir_h2,41,-203.2560586136466,-200.71979878801824,0.6975695201231551,2.536259825628349,7.7234488069191425,-5.187188981290793,3.8617244034595712,200
missing_neural_feedback,ude_sir_h2,ude_sir_h2,42,-197.79123171031733,-196.76541695179614,0.7858980620501974,1.025814758521193,7.706044280182933,-6.68022952166174,3.8530221400914666,200
missing_neural_feedback,ude_sir_h2,ude_sir_h2,43,-216.41537777042964,-203.25544852003645,0.6256333423640627,13.15992925039319,7.690519719772928,5.469409530620263,3.845259859886464,200
missing_neural_feedback,ude_sir_h2,ude_sir_h2,44,-208.59812640255635,-203.21215776264398,0.6141744059641236,5.385968639912363,7.737758819244102,-2.351790179331739,3.868879409622051,200
missing_neural_feedback,ude_sir_h2,ude_sir_h2,45,-196.47464258768977,-202.635399089482,0.5785702835032889,-6.160756501792235,7.7274944368219005,-13.888250938614135,3.8637472184109503,200
missing_neural_feedback,ude_sir_h2,ude_sir_h2,46,-194.2262039819607,-202.67824032778782,0.6659785825619516,-8.45203634582711,7.738859059246649,-16.19089540507376,3.8694295296233245,200
missing_neural_feedback,ude_sir_h2,ude_sir_h2,47,-211.10576091650861,-203.6293236028654,0.6546253545031683,7.476437313643203,7.779316222330051,-0.3028789086868482,3.8896581111650255,200
missing_neural_feedback,ude_sir_h2,ude_sir_h2,48,-215.1893633874098,-200.8008105349053,0.6917454497422796,14.388552852504489,7.595661834586987,6.792891017917502,3.7978309172934934,200
missing_neural_feedback,ude_sir_h2,ude_sir_h2,49,-210.5243937515823,-202.51850812109353,0.6848232649787797,8.005885630488763,7.606858401021549,0.3990272294672135,3.8034292005107746,200
missing_neural_feedback,ude_sir_h2,ude_sir_h2,50,-198.899560466141,-203.1016261287193,0.6295962677494561,-4.202065662578292,7.960617773685574,-12.162683436263865,3.980308886842787,200
missing_neural_feedback,ude_sir_h2,ude_sir_h2,51,-207.06228024187186,-202.53728799311037,0.6378799411333015,4.524992248761492,7.730825168215654,-3.2058329194541617,3.865412584107827,200
missing_neural_feedback,ude_sir_h2,ude_sir_h2,52,-222.48586522138288,-199.2644979888905,0.7282078961354375,23.221367232492383,7.744237269741783,15.4771299627506,3.8721186348708914,200
missing_neural_feedback,ude_sir_h2,ude_sir_h2,53,-218.24013440534122,-202.51957123286286,0.7172882421306445,15.720563172478364,7.808166706917769,7.912396465560596,3.9040833534588844,200
missing_neural_feedback,ude_sir_h2,ude_sir_h2,54,-222.5265064983854,-200.2533251387382,0.7633714414516544,22.273181359647197,7.72270225345142,14.550479106195777,3.86135112672571,200
missing_neural_feedback,ude_sir_h2,ude_sir_h2,55,-221.26840182278943,-202.9441368623164,0.6233081413329744,18.324264960473016,7.611692257661572,10.712572702811444,3.805846128830786,200
missing_neural_feedback,ude_sir_h2,ude_sir_h2,56,-205.861726306646,-202.47797333963342,0.6476792417635513,3.383752967012583,7.975761730558934,-4.5920087635463505,3.987880865279467,200
missing_neural_feedback,ude_sir_h2,ude_sir_h2,57,-217.44229973926682,-204.39595824898754,0.6544169349561446,13.046341490279275,7.793062138411013,5.253279351868262,3.8965310692055066,200
missing_neural_feedback,ude_sir_h2,ude_sir_h2,58,-221.65530637276373,-202.41098618047857,0.6319983924974667,19.24432019228516,7.705912093817206,11.538408098467952,3.852956046908603,200
missing_neural_feedback,ude_sir_h2,ude_sir_h2,59,-218.21756181830042,-197.49477412331234,0.6815628912397317,20.722787694988085,7.6782347409333545,13.04455295405473,3.8391173704666772,200
missing_neural_feedback,ude_sir_h2,ude_sir_h2,60,-214.46927882122833,-203.42626524629645,0.6128331703971845,11.043013574931877,7.662278207655399,3.3807353672764773,3.8311391038276996,200
missing_neural_feedback,ude_sir_h2,ude_sir_h2,61,-207.80988203391735,-201.3768927439365,0.7012683974238668,6.4329892899808385,7.731799925113219,-1.29881063513238,3.8658999625566093,200
missing_neural_feedback,ude_sir_h2,ude_sir_h2,62,-193.32969757908955,-195.20130374326186,0.7528752743101387,-1.8716061641723059,7.626444879357672,-9.498051043529978,3.813222439678836,200
missing_neural_feedback,ude_sir_h2,ude_sir_h2,63,-205.9078219669541,-203.48334305137044,0.7192629965403184,2.4244789155836486,7.693531688634922,-5.269052773051273,3.846765844317461,200
missing_neural_feedback,ude_sir_h2,ude_sir_h2,64,-222.2073216743174,-200.95759664250966,0.6925045852448434,21.249725031807742,7.727560984357114,13.522164047450628,3.863780492178557,200
missing_neural_feedback,ude_sir_h2,ude_sir_h2,65,-208.85233539914967,-203.42839100782655,0.6732837187989265,5.4239443913231185,7.767696983491691,-2.3437525921685722,3.8838484917458453,200
missing_neural_feedback,ude_sir_h2,ude_sir_h2,66,-214.7551010880059,-202.6676733426893,0.6609822775138289,12.087427745316575,7.820162271226277,4.267265474090298,3.9100811356131384,200
missing_neural_feedback,ude_sir_h2,ude_sir_h2,67,-214.1885722778806,-200.75157929447678,0.6910715428049131,13.436992983403826,7.752130584389122,5.684862399014704,3.876065292194561,200
missing_neural_feedback,ude_sir_h2,ude_sir_h2,68,-220.95217922810895,-201.12256400481377,0.6771497309506833,19.82961522329518,7.874636277883768,11.95497894541141,3.937318138941884,200
missing_neural_feedback,ude_sir_h2,ude_sir_h2,69,-223.59484242542575,-203.43216951570287,0.5730661533305265,20.162672909722886,7.68145643607116,12.481216473651726,3.84072821803558,200
missing_neural_feedback,ude_sir_h2,ude_sir_h2,70,-208.56521444487632,-201.42366974451843,0.6445996338061001,7.141544700357883,7.760141788785122,-0.6185970884272383,3.880070894392561,200
missing_neural_feedback,ude_sir_h2,ude_sir_h2,71,-203.30444453801925,-203.0606910663502,0.568358795335702,0.24375347166906636,7.701068065676499,-7.457314594007433,3.8505340328382496,200
missing_neural_feedback,ude_sir_h2,ude_sir_h2,72,-212.0268232508872,-197.62519276885575,0.7139216258501064,14.401630482031436,7.641269302226038,6.760361179805398,3.820634651113019,200
missing_neural_feedback,ude_sir_h2,ude_sir_h2,73,-210.648459483362,-203.1555481773222,0.589405871737999,7.492911306039787,7.673936530477393,-0.18102522443760627,3.8369682652386965,200
missing_neural_feedback,ude_sir_h2,ude_sir_h2,74,-210.44946006686075,-201.9235192313702,0.6345821078628789,8.525940835490559,7.774507374330661,0.7514334611598974,3.8872536871653307,200
missing_neural_feedback,ude_sir_h2,ude_sir_h2,75,-211.4459640208467,-197.6981319450673,0.7522618399745424,13.7478320757794,7.608296582387223,6.139535493392176,3.8041482911936115,200
missing_neural_feedback,ude_sir_h2,ude_sir_h2,76,-205.14575690967345,-196.40716054047448,0.7565977975773226,8.738596369198973,7.45191122231065,1.2866851468883231,3.725955611155325,200
missing_neural_feedback,ude_sir_h2,ude_sir_h2,77,-211.96586961475413,-204.18336007589437,0.6334393864465783,7.782509538859756,7.7676800818679315,0.014829456991824586,3.8838400409339657,200
missing_neural_feedback,ude_sir_h2,ude_sir_h2,78,-216.0783034929787,-203.7211818882185,0.66924023536543,12.35712160476021,7.82556855914717,4.531553045613039,3.912784279573585,200
missing_neural_feedback,ude_sir_h2,ude_sir_h2,79,-215.95358950094777,-201.50652849004416,0.6787594758267685,14.44706101090361,7.605613707111038,6.841447303792572,3.802806853555519,200
missing_time_varying_transmission,tv_sir,neural_ode_h2,0,-211.74075657636195,-193.9991450616657,0.7375190814928143,17.741611514696245,10.138038849043834,7.603572665652411,5.069019424521917,200
missing_time_varying_transmission,tv_sir,neural_ode_h2,1,-204.79750231076483,-201.97881822752322,0.6861117713955971,2.8186840832416067,10.197407233259703,-7.3787231500180965,5.098703616629852,200
missing_time_varying_transmission,tv_sir,neural_ode_h2,2,-211.2807408484403,-188.76314703634554,0.9016388399716778,22.51759381209476,10.155578075957386,12.362015736137373,5.077789037978693,200
missing_time_varying_transmission,tv_sir,neural_ode_h2,3,-190.628796622354,-197.74867104063543,0.6930157311529637,-7.119874418281427,10.071772803088383,-17.19164722136981,5.035886401544191,200
missing_time_varying_transmission,tv_sir,neural_ode_h2,4,-196.35747926323603,-192.64509288285365,0.8424277830855365,3.7123863803823838,10.200663459554697,-6.488277079172313,5.1003317297773485,200
missing_time_varying_transmission,tv_sir,neural_ode_h2,5,-197.80000502450608,-196.38293674325098,0.7435950852202192,1.4170682812550979,10.077097922039657,-8.66002964078456,5.038548961019829,200
missing_time_varying_transmission,tv_sir,neural_ode_h2,6,-208.3516313426468,-197.6865021948563,0.7219528325775554,10.665129147790509,10.178760262852816,0.4863688849376935,5.089380131426408,200
missing_time_varying_transmission,tv_sir,neural_ode_h2,7,-192.95122390233348,-191.76217399901208,0.7422031120586011,1.1890499033214041,10.150481313229784,-8.96143140990838,5.075240656614892,200
missing_time_varying_transmission,tv_sir,neural_ode_h2,8,-194.94526756859744,-192.42192792877336,0.7655426698058672,2.523339639824087,10.105261705438526,-7.581922065614439,5.052630852719263,200
missing_time_varying_transmission,tv_sir,neural_ode_h2,9,-206.9933635022038,-194.76344530932096,0.7697573306810365,12.229918192882849,10.285966694103209,1.94395149877964,5.142983347051604,200
missing_time_varying_transmission,tv_sir,neural_ode_h2,10,-209.1212311781326,-198.29527740050457,0.7431145824793666,10.82595377762803,10.142892121564918,0.6830616560631118,5.071446060782459,200
missing_time_varying_transmission,tv_sir,neural_ode_h2,11,-205.19737970202073,-188.4597138497873,0.8399374743669228,16.73766585223342,10.027577358019114,6.710088494214306,5.013788679009557,200
missing_time_varying_transmission,tv_sir,neural_ode_h2,12,-208.6030260904262,-188.78975869974732,0.8292158828618924,19.813267390678874,10.134829716772902,9.678437673905972,5.067414858386451,200
missing_time_varying_transmission,tv_sir,neural_ode_h2,13,-214.32596045913021,-190.54329049278647,0.9241945927883477,23.782669966343747,10.298156982149745,13.484512984194001,5.149078491074873,200
missing_time_varying_transmission,tv_sir,neural_ode_h2,14,-213.8790343939595,-199.2889452467863,0.6681561382653612,14.590089147173188,10.040839097653128,4.54925004952006,5.020419548826564,200
missing_time_varying_transmission,tv_sir,neural_ode_h2,15,-217.83078283006972,-195.33105807330773,0.746281781966624,22.499724756761992,10.15614592406665,12.343578832695343,5.078072962033325,200
missing_time_varying_transmission,tv_sir,neural_ode_h2,16,-205.07457801566568,-190.2502266266795,0.8196096221935937,14.824351388986173,10.095103845500049,4.7292475434861245,5.047551922750024,200
missing_time_varying_transmission,tv_sir,neural_ode_h2,17,-210.42278378230654,-197.73514521074335,0.7266352184972784,12.687638571563184,10.130576177581371,2.5570623939818127,5.065288088790686,200
missing_time_varying_transmission,tv_sir,neural_ode_h2,18,-202.08435947010423,-198.59334341135806,0.7299279155517446,3.491016058746169,10.193835785679937,-6.702819726933768,5.0969178928399685,200
missing_time_varying_transmission,tv_sir,neural_ode_h2,19,-215.8336061987928,-197.04891443140355,0.7665855875962826,18.784691767389262,10.12615725256672,8.658534514822541,5.06307862628336,200
missing_time_varying_transmission,tv_sir,neural_ode_h2,20,-210.27450476193928,-199.4557136248341,0.7291082202326182,10.818791137105194,10.117812660523153,0.7009784765820406,5.058906330261577,200
missing_time_varying_transmission,tv_sir,neural_ode_h2,21,-211.45302476863682,-188.37586296725394,0.8568007238555487,23.077161801382886,10.097543631153796,12.97961817022909,5.048771815576898,200
missing_time_varying_transmission,tv_sir,neural_ode_h2,22,-192.65982603532325,-193.84972401754513,0.8049415796818875,-1.1898979822218791,10.056198593290624,-11.246096575512503,5.028099296645312,200
missing_time_varying_transmission,tv_sir,neural_ode_h2,23,-208.39842065426757,-194.742122273782,0.7083877179092536,13.656298380485566,10.20894690589369,3.4473514745918763,5.104473452946845,200
missing_time_varying_transmission,tv_sir,neural_ode_h2,24,-202.2631121299451,-190.51359006839718,0.9044224162569263,11.749522061547935,10.16345036158301,1.5860716999649256,5.081725180791505,200
missing_time_varying_transmission,tv_sir,neural_ode_h2,25,-209.90502111905033,-200.44973873381187,0.7070921921198833,9.455282385238462,10.199005289355725,-0.7437229041172628,5.099502644677862,200
missing_time_varying_transmission,tv_sir,neural_ode_h2,26,-206.61759741327614,-196.04559871023895,0.7777422044958924,10.571998703037195,10.027094492949423,0.5449042100877719,5.013547246474712,200
missing_time_varying_transmission,tv_sir,neural_ode_h2,27,-209.15124617796462,-198.53810345753053,0.6872623850825054,10.613142720434098,10.172867999543106,0.44027472089099184,5.086433999771553,200
missing_time_varying_transmission,tv_sir,neural_ode_h2,28,-212.37528374425588,-197.83954876725448,0.7367476539574144,14.535734977001397,10.191374514923686,4.344360462077711,5.095687257461843,200
missing_time_varying_transmission,tv_sir,neural_ode_h2,29,-211.9695131512795,-193.94419492560576,0.8224553469788215,18.025318225673743,10.398504420947116,7.626813804726627,5.199252210473558,200
missing_time_varying_transmission,tv_sir,neural_ode_h2,30,-198.67575722145,-195.66285119183797,0.7101742345581804,3.012906029612026,10.348375025489066,-7.33546899587704,5.174187512744533,200
missing_time_varying_transmission,tv_sir,neural_ode_h2,31,-213.30279293202395,-201.43067260959208,0.6754156405147385,11.872120322431869,10.179718239706668,1.6924020827252004,5.089859119853334,200
missing_time_varying_transmission,tv_sir,neural_ode_h2,32,-210.6151123347464,-185.42192339033645,0.8676430699267863,25.193188944409968,9.732998086956812,15.460190857453156,4.866499043478406,200
missing_time_varying_transmission,tv_sir,neural_ode_h2,33,-197.9755678440294,-199.46269864867492,0.6569022311019523,-1.487130804645517,10.072110972230611,-11.559241776876128,5.0360554861153055,200
missing_time_varying_transmission,tv_sir,neural_ode_h2,34,-203.58635536658466,-200.50042602839568,0.6669680712123768,3.0859293381889756,10.087158457541303,-7.0012291193523275,5.043579228770652,200
missing_time_varying_transmission,tv_sir,neural_ode_h2,35,-190.88199898729908,-195.26210303255277,0.7772895749347513,-4.380104045253688,10.212448875366826,-14.592552920620514,5.106224437683413,200
missing_time_varying_transmission,tv_sir,neural_ode_h2,36,-199.59333780913573,-193.48521730377607,0.7733848099295091,6.108120505359665,10.141279472540333,-4.033158967180668,5.0706397362701665,200
missing_time_varying_transmission,tv_sir,neural_ode_h2,37,-194.11750933388728,-189.8011983626795,0.8363992527610917,4.316310971207798,10.156653728725928,-5.84034275751813,5.078326864362964,200
missing_time_varying_transmission,tv_sir,neural_ode_h2,38,-204.7059915951681,-200.15355364238462,0.6869115188277745,4.552437952783464,10.188985785741759,-5.6365478329582945,5.094492892870879,200
missing_time_varying_transmission,tv_sir,neural_ode_h2,39,-193.4440550280973,-192.43074947407277,0.8022087686729407,1.0133055540245266,9.927628067460418,-8.914322513435891,4.963814033730209,200
missing_time_varying_transmission,tv_sir,neural_ode_h2,40,-184.74105009636992,-197.82089861615293,0.691447146901077,-13.079848519783013,10.058218461743737,-23.138066981526748,5.029109230871868,200
missing_time_varying_transmission,tv_sir,neural_ode_h2,41,-196.4636682265596,-196.5856444380653,0.7623700956439864,-0.12197621150568239,10.171335748377604,-10.293311959883287,5.085667874188802,200
missing_time_varying_transmission,tv_sir,neural_ode_h2,42,-195.36847253390965,-190.5320760821469,0.8322759020692099,4.8363964517627664,10.26328250455785,-5.4268860527950835,5.131641252278925,200
missing_time_varying_transmission,tv_sir,neural_ode_h2,43,-211.40222103689754,-195.19943121068346,0.8097603175423883,16.202789826214087,10.010007591981589,6.192782234232498,5.0050037959907945,200
missing_time_varying_transmission,tv_sir,neural_ode_h2,44,-203.091503277308,-198.25108271577272,0.6463678603215381,4.840420561535268,10.152795229058427,-5.312374667523159,5.076397614529213,200
missing_time_varying_transmission,tv_sir,neural_ode_h2,45,-193.5649078635265,-191.91508455006203,0.8135700218621211,1.6498233134644806,10.188516851248469,-8.538693537783988,5.0942584256242345,200
missing_time_varying_transmission,tv_sir,neural_ode_h2,46,-193.85407222725837,-192.0792721505453,0.800739646142066,1.7748000767130634,10.16513160045039,-8.390331523737327,5.082565800225195,200
missing_time_varying_transmission,tv_sir,neural_ode_h2,47,-203.82277757581755,-198.13693110087752,0.7334874071950745,5.6858464749400355,10.185722651652176,-4.4998761767121405,5.092861325826088,200
missing_time_varying_transmission,tv_sir,neural_ode_h2,48,-203.8362930164511,-200.8939824192704,0.6308098304422017,2.9423105971806933,10.263730367310147,-7.321419770129454,5.131865183655074,200
missing_time_varying_transmission,tv_sir,neural_ode_h2,49,-206.541145111616,-195.3786282123782,0.7379351936964119,11.1625168992378,10.214400176389981,0.9481167228478196,5.107200088194991,200
missing_time_varying_transmission,tv_sir,neural_ode_h2,50,-198.80106879573634,-195.17962528064717,0.7430032286040308,3.621443515089169,10.12549295428777,-6.504049439198601,5.062746477143885,200
missing_time_varying_transmission,tv_sir,neural_ode_h2,51,-204.3988429082484,-200.4863012398129,0.7184694253780866,3.912541668435523,10.172450315864271,-6.259908647428748,5.086225157932136,200
missing_time_varying_transmission,tv_sir,neural_ode_h2,52,-215.4716565573455,-196.77168748709929,0.7002736372183879,18.699969070246226,10.148725185279725,8.551243884966501,5.074362592639862,200
missing_time_varying_transmission,tv_sir,neural_ode_h2,53,-215.97879864928217,-194.38556728421864,0.7886980608337134,21.59323136506353,10.143471641132681,11.44975972393085,5.0717358205663405,200
missing_time_varying_transmission,tv_sir,neural_ode_h2,54,-220.8998457884045,-188.65581402179086,0.8392762672705089,32.24403176661363,9.90675092303827,22.33728084357536,4.953375461519135,200
missing_time_varying_transmission,tv_sir,neural_ode_h2,55,-211.32801739866903,-199.3192004361277,0.7054101242923088,12.008816962541346,10.194897972122568,1.8139189904187774,5.097448986061284,200
missing_time_varying_transmission,tv_sir,neural_ode_h2,56,-206.30376712567522,-192.81044677334202,0.7510788328108193,13.4933203523332,10.136671341832734,3.3566490105004654,5.068335670916367,200
missing_time_varying_transmission,tv_sir,neural_ode_h2,57,-216.88375663821964,-197.5711636058343,0.7173344740133877,19.312593032385337,10.0948856465529,9.217707385832437,5.04744282327645,200
missing_time_varying_transmission,tv_sir,neural_ode_h2,58,-215.70479033547764,-197.72021926317134,0.7322156784228254,17.984571072306295,10.150438229580082,7.834132842726213,5.075219114790041,200
missing_time_varying_transmission,tv_sir,neural_ode_h2,59,-218.87147763443426,-188.02926162318684,0.7814959720649555,30.842216011247416,10.19056377951384,20.65165223173358,5.09528188975692,200
missing_time_varying_transmission,tv_sir,neural_ode_h2,60,-206.30678433955623,-199.08813471361785,0.7025385079250511,7.218649625938383,10.104383870960863,-2.88573424502248,5.052191935480431,200
missing_time_varying_transmission,tv_sir,neural_ode_h2,61,-204.98168481777887,-193.17806066159847,0.7985539412124637,11.803624156180405,10.101239460765202,1.702384695415203,5.050619730382601,200
missing_time_varying_transmission,tv_sir,neural_ode_h2,62,-187.89308492542168,-189.51294806070055,0.8315761117071354,-1.6198631352788766,10.09564650125603,-11.715509636534907,5.047823250628015,200
missing_time_varying_transmission,tv_sir,neural_ode_h2,63,-200.90197435874563,-195.7621182303463,0.8310850504957852,5.1398561283993445,10.098138287135246,-4.958282158735901,5.049069143567623,200
missing_time_varying_transmission,tv_sir,neural_ode_h2,64,-217.88929738328815,-197.91323765654863,0.7071875622246508,19.97605972673952,10.230351844808906,9.745707881930615,5.115175922404453,200
missing_time_varying_transmission,tv_sir,neural_ode_h2,65,-204.23985232729123,-194.70669751310547,0.7438302978477793,9.533154814185764,10.232842007523256,-0.6996871933374926,5.116421003761628,200
missing_time_varying_transmission,tv_sir,neural_ode_h2,66,-208.5802237281098,-198.53288336511594,0.7346579183475936,10.04734036299385,10.100818384793802,-0.0534780217999522,5.050409192396901,200
missing_time_varying_transmission,tv_sir,neural_ode_h2,67,-207.38992767249724,-198.4699261894133,0.6714443785173513,8.92000148308395,10.219885681333764,-1.2998841982498135,5.109942840666882,200
missing_time_varying_transmission,tv_sir,neural_ode_h2,68,-213.90465971613105,-191.17259684659024,0.7184659719475308,22.732062869540812,10.074000502203658,12.658062367337154,5.037000251101829,200
missing_time_varying_transmission,tv_sir,neural_ode_h2,69,-217.24156023094213,-198.72707794827105,0.6866008766772352,18.514482282671082,10.175816282845785,8.338665999825297,5.087908141422893,200
missing_time_varying_transmission,tv_sir,neural_ode_h2,70,-206.96135430421143,-193.8440043691634,0.7547153098410773,13.117349935048026,10.129484791922534,2.9878651431254912,5.064742395961267,200
missing_time_varying_transmission,tv_sir,neural_ode_h2,71,-196.30634184739705,-199.63326592726816,0.7488772637982073,-3.3269240798711053,10.249231585142006,-13.576155665013111,5.124615792571003,200
missing_time_varying_transmission,tv_sir,neural_ode_h2,72,-206.6283626503546,-190.10377803648754,0.8054040218179112,16.524584613867063,9.946071021181844,6.578513592685219,4.973035510590922,200
missing_time_varying_transmission,tv_sir,neural_ode_h2,73,-203.67459510964827,-199.60023937923648,0.690595773415294,4.0743557304117815,10.147941125585303,-6.073585395173522,5.073970562792652,200
missing_time_varying_transmission,tv_sir,neural_ode_h2,74,-205.07906132331692,-198.8190759174677,0.7407090052832435,6.259985405849221,10.128619622521596,-3.8686342166723744,5.064309811260798,200
missing_time_varying_transmission,tv_sir,neural_ode_h2,75,-209.69420057234396,-190.32159705006677,0.7981097563815139,19.37260352227719,10.228926015953588,9.1436775063236,5.114463007976794,200
missing_time_varying_transmission,tv_sir,neural_ode_h2,76,-197.88942616449074,-191.3818571026016,0.9166973407293826,6.507569061889143,10.083042167415254,-3.575473105526111,5.041521083707627,200
missing_time_varying_transmission,tv_sir,neural_ode_h2,77,-209.11182463757729,-200.95971366634265,0.6808151019843179,8.152110971234634,10.155247655974055,-2.0031366847394203,5.077623827987027,200
missing_time_varying_transmission,tv_sir,neural_ode_h2,78,-212.89121445662738,-199.15197468783154,0.7263743276125623,13.73923976879584,10.15291403228042,3.5863257365154215,5.07645701614021,200
missing_time_varying_transmission,tv_sir,neural_ode_h2,79,-209.05126419567182,-196.01841621381183,0.7991923387966926,13.032847981859987,10.151717495423647,2.8811304864363407,5.075858747711823,200
missing_time_varying_transmission,tv_sir,seir,0,-196.50128471364422,-161.37634980822605,1.0766329292939456,35.12493490541817,5.246671615379221,29.87826329003895,2.6233358076896107,200
missing_time_varying_transmission,tv_sir,seir,1,-152.93436173624644,-163.37592242934628,1.0855576822281274,-10.44156069309983,5.244469165097253,-15.686029858197085,2.6222345825486264,200
missing_time_varying_transmission,tv_sir,seir,2,-153.45913831835853,-160.0161325275738,1.1722419183951418,-6.556994209215276,5.2332757232182585,-11.790269932433535,2.6166378616091293,200
missing_time_varying_transmission,tv_sir,seir,3,-146.9503046734917,-162.80261438298822,1.214519938078677,-15.852309709496524,5.214740677174934,-21.067050386671458,2.607370338587467,200
missing_time_varying_transmission,tv_sir,seir,4,-174.4702354766394,-159.32766919283173,1.147297213867969,15.142566283807668,5.269309484755327,9.87325679905234,2.6346547423776636,200
missing_time_varying_transmission,tv_sir,seir,5,-164.94592557241646,-163.52409471569467,1.1515208017956737,1.4218308567217832,5.351067390884676,-3.929236534162893,2.675533695442338,200
missing_time_varying_transmission,tv_sir,seir,6,-181.61628811068016,-161.67114590342192,1.1511687608235084,19.945142207258243,5.2939600698511935,14.65118213740705,2.6469800349255967,200
missing_time_varying_transmission,tv_sir,seir,7,-155.69407147793703,-161.44733236781394,1.1520374501249204,-5.753260889876913,5.248279479049899,-11.001540368926811,2.6241397395249497,200
missing_time_varying_transmission,tv_sir,seir,8,-174.46247198159554,-162.44438157203382,0.984900159430705,12.018090409561722,5.219090625925315,6.798999783636408,2.6095453129626573,200
missing_time_varying_transmission,tv_sir,seir,9,-148.71057622231027,-161.4785287424358,1.2407405771252538,-12.767952520125533,5.214321534972136,-17.98227405509767,2.607160767486068,200
missing_time_varying_transmission,tv_sir,seir,10,-170.53152772700184,-163.53896558732268,1.165549047860147,6.9925621396791655,5.226909064919814,1.765653074759351,2.613454532459907,200
missing_time_varying_transmission,tv_sir,seir,11,-168.27583937416773,-159.73435633717276,1.1279542155287643,8.541483036994975,5.221109685876584,3.3203733511183913,2.610554842938292,200
missing_time_varying_transmission,tv_sir,seir,12,-186.2659325151438,-162.39699212786493,1.0782724378838133,23.868940387278855,5.21605587340567,18.652884513873182,2.608027936702835,200
missing_time_varying_transmission,tv_sir,seir,13,-173.0704234831213,-163.2839849175091,1.0779436721853008,9.786438565612201,5.3149146397159575,4.471523925896244,2.6574573198579787,200
missing_time_varying_transmission,tv_sir,seir,14,-182.54540132545065,-164.30406434378904,1.0892983756597883,18.241336981661618,5.237917337160731,13.003419644500887,2.6189586685803654,200
missing_time_varying_transmission,tv_sir,seir,15,-169.27046028272218,-162.96456941247337,1.0749438018965705,6.305890870248817,5.213565726478167,1.0923251437706494,2.6067828632390837,200
missing_time_varying_transmission,tv_sir,seir,16,-177.83024947185598,-160.31863433151685,1.0785217432051086,17.51161514033913,5.217034099178214,12.294581041160917,2.608517049589107,200
missing_time_varying_transmission,tv_sir,seir,17,-181.89881366111098,-162.73894053888708,1.0480076444638171,19.1598731222239,5.229848244612887,13.930024877611013,2.6149241223064434,200
missing_time_varying_transmission,tv_sir,seir,18,-159.5706792769195,-161.9062157545741,1.1335343306876486,-2.335536477654614,5.235655865897778,-7.571192343552392,2.617827932948889,200
missing_time_varying_transmission,tv_sir,seir,19,-170.9943573081054,-162.94490019491263,1.097558996607336,8.049457113192773,5.23552429268406,2.813932820508713,2.61776214634203,200
missing_time_varying_transmission,tv_sir,seir,20,-180.46406369789054,-162.76226662763477,1.0216600122602832,17.701797070255765,5.2424190056615805,12.459378064594183,2.6212095028307902,200
missing_time_varying_transmission,tv_sir,seir,21,-201.69247372320265,-163.50613511137286,1.1609524612398607,38.1863386118298,5.220780978742579,32.965557633087215,2.6103904893712895,200
missing_time_varying_transmission,tv_sir,seir,22,-172.12940360162224,-162.3518256116351,1.2176669364348467,9.77757798998715,5.222095425348713,4.555482564638438,2.6110477126743565,200
missing_time_varying_transmission,tv_sir,seir,23,-160.25046068355556,-159.70165701014884,1.1821126424792636,0.5488036734067236,5.220280335497742,-4.671476662091019,2.610140167748871,200
missing_time_varying_transmission,tv_sir,seir,24,-151.90623722920353,-163.6334142645919,1.0496437582637164,-11.727177035388365,5.216116054032127,-16.943293089420493,2.6080580270160634,200
missing_time_varying_transmission,tv_sir,seir,25,-174.67680982501744,-165.05769618835168,1.0447793331964397,9.619113636665759,5.26610870724997,4.353004929415789,2.633054353624985,200
missing_time_varying_transmission,tv_sir,seir,26,-166.82214421782527,-162.50943110169118,1.219174587656866,4.312713116134091,5.320105693188585,-1.0073925770544934,2.6600528465942923,200
missing_time_varying_transmission,tv_sir,seir,27,-162.68860865563767,-159.81825975605227,1.1856707438060068,2.8703488995853945,5.239178912332644,-2.3688300127472495,2.619589456166322,200
missing_time_varying_transmission,tv_sir,seir,28,-154.10383705152225,-162.48734488080882,1.0790070130079714,-8.383507829286572,5.261961376680896,-13.645469205967467,2.630980688340448,200
missing_time_varying_transmission,tv_sir,seir,29,-130.57794825334915,-159.56265457529756,1.0304219754458197,-28.98470632194841,5.24090607996473,-34.22561240191314,2.620453039982365,200
missing_time_varying_transmission,tv_sir,seir,30,-143.83201776752261,-161.77882049343827,1.2150923795802018,-17.94680272591566,5.21756476901097,-23.16436749492663,2.608782384505485,200
missing_time_varying_transmission,tv_sir,seir,31,-175.95307266903438,-163.32766848563304,1.0923842567169502,12.625404183401344,5.287842224653504,7.337561958747839,2.643921112326752,200
missing_time_varying_transmission,tv_sir,seir,32,-175.44061406325295,-163.68382957612093,1.1018079938219463,11.756784487132023,5.258026444285518,6.4987580428465055,2.629013222142759,200
missing_time_varying_transmission,tv_sir,seir,33,-169.92710001859746,-162.31977465295148,1.2139857999634422,7.607325365645977,5.240888704839735,2.366436660806242,2.6204443524198675,200
missing_time_varying_transmission,tv_sir,seir,34,-153.5852942101284,-159.8138416670632,1.0941686403694322,-6.228547456934791,5.401254930301675,-11.629802387236467,2.7006274651508373,200
missing_time_varying_transmission,tv_sir,seir,35,-132.56477079813084,-162.37381194601127,1.0915754883935487,-29.809041147880436,5.213921209843727,-35.02296235772416,2.6069606049218637,200
missing_time_varying_transmission,tv_sir,seir,36,-159.8902698652454,-163.49818493804327,1.0967994076053256,-3.60791507279788,5.218022121047859,-8.82593719384574,2.6090110605239296,200
missing_time_varying_transmission,tv_sir,seir,37,-152.54000707525663,-158.40106771036363,1.1176342621184108,-5.861060635107009,5.335978126914041,-11.19703876202105,2.6679890634570205,200
missing_time_varying_transmission,tv_sir,seir,38,-161.14673190336805,-161.45298394008023,1.13811001016723,-0.3062520367121806,5.256395383421001,-5.562647420133182,2.6281976917105005,200
missing_time_varying_transmission,tv_sir,seir,39,-143.28207803694772,-162.42196546286067,1.1080412662619585,-19.139887425912946,5.229882305637623,-24.36976973155057,2.6149411528188113,200
missing_time_varying_transmission,tv_sir,seir,40,-155.2236822991748,-160.522204564412,1.108461492835812,-5.298522265237182,5.230102684581205,-10.528624949818386,2.6150513422906023,200
missing_time_varying_transmission,tv_sir,seir,41,-143.3600538473849,-164.7281020045441,1.055982521508517,-21.368048157159194,5.224176610313647,-26.592224767472842,2.6120883051568233,200
missing_time_varying_transmission,tv_sir,seir,42,-142.01628460686112,-163.31165267069605,0.9978484111552186,-21.29536806383493,5.213682429639548,-26.509050493474476,2.606841214819774,200
missing_time_varying_transmission,tv_sir,seir,43,-183.65103525186288,-163.19253661179795,1.061477133279482,20.45849864006493,5.22428051150518,15.234218128559752,2.61214025575259,200
missing_time_varying_transmission,tv_sir,seir,44,-169.28621495432486,-162.45726386708304,1.2088331496831841,6.828951087241819,5.2345237967982685,1.5944272904435506,2.6172618983991343,200
missing_time_varying_transmission,tv_sir,seir,45,-145.00950022649812,-160.80504340514372,1.0971966132180122,-15.795543178645602,5.228820968667344,-21.024364147312944,2.614410484333672,200
missing_time_varying_transmission,tv_sir,seir,46,-164.26102845617663,-161.6202598608059,1.1183951068200602,2.64076859537073,5.212974138363218,-2.5722055429924877,2.606487069181609,200
missing_time_varying_transmission,tv_sir,seir,47,-159.0789305142374,-163.80800572511345,1.0443835005945763,-4.729075210876033,5.275518649158672,-10.004593860034705,2.637759324579336,200
missing_time_varying_transmission,tv_sir,seir,48,-156.85844962861898,-161.96513582512438,1.1944884513345497,-5.106686196505393,5.262445581103941,-10.369131777609333,2.6312227905519703,200
missing_time_varying_transmission,tv_sir,seir,49,-175.28767338586394,-161.1335794793132,1.0584624404768486,14.154093906550742,5.22952335812002,8.924570548430722,2.61476167906001,200
missing_time_varying_transmission,tv_sir,seir,50,-178.00155450097117,-163.6541335054373,1.1273182221085583,14.347420995533867,5.238873882790719,9.108547112743148,2.6194369413953593,200
missing_time_varying_transmission,tv_sir,seir,51,-173.96775179675683,-161.09286145722234,1.1178422404564088,12.874890339534488,5.312032228979933,7.562858110554555,2.6560161144899666,200
missing_time_varying_transmission,tv_sir,seir,52,-169.19263546856064,-160.3626557914061,1.0877183817475686,8.82997967715454,5.2267884548301735,3.6031912223243667,2.6133942274150868,200
missing_time_varying_transmission,tv_sir,seir,53,-186.5598151436678,-162.51672959202565,1.0702571979135929,24.04308555164215,5.2197111794931805,18.82337437214897,2.6098555897465903,200
missing_time_varying_transmission,tv_sir,seir,54,-196.2671906449333,-163.51098946661793,1.0780493521480838,32.756201178315365,5.214903290274883,27.541297888040482,2.6074516451374414,200
missing_time_varying_transmission,tv_sir,seir,55,-180.03710069057422,-164.26882753398957,1.0664604034702765,15.768273156584655,5.273571349119566,10.49470180746509,2.636785674559783,200
missing_time_varying_transmission,tv_sir,seir,56,-179.06777602753078,-162.2811403945423,1.081359574377246,16.786635632988492,5.211190426255237,11.575445206733256,2.6055952131276183,200
missing_time_varying_transmission,tv_sir,seir,57,-197.1315726252031,-161.96727083795685,1.2751845175350192,35.164301787246245,5.253710196385045,29.910591590861202,2.6268550981925225,200
missing_time_varying_transmission,tv_sir,seir,58,-172.87703399154867,-163.02146711879098,1.0328238417631743,9.855566872757691,5.224904201097138,4.630662671660554,2.612452100548569,200
missing_time_varying_transmission,tv_sir,seir,59,-149.1192773229272,-160.93084067523168,1.1424191801495318,-11.81156335230449,5.208819811328867,-17.020383163633355,2.6044099056644336,200
missing_time_varying_transmission,tv_sir,seir,60,-168.44734371121515,-162.5350105227314,1.2020799274424703,5.912333188483757,5.22661362977195,0.6857195587118072,2.613306814885975,200
missing_time_varying_transmission,tv_sir,seir,61,-167.63200970043715,-159.17182534049695,1.0821575254060125,8.4601843599402,5.246966166696561,3.213218193243639,2.6234830833482805,200
missing_time_varying_transmission,tv_sir,seir,62,-139.6334932219965,-158.9341212616535,1.1487503017009049,-19.300628039657,5.218975184118431,-24.51960322377543,2.6094875920592155,200
missing_time_varying_transmission,tv_sir,seir,63,-173.2845721165235,-161.82423202574495,1.0522034674799385,11.460340090778544,5.222403439559245,6.237936651219299,2.6112017197796225,200
missing_time_varying_transmission,tv_sir,seir,64,-158.23768963777366,-162.24205616923985,1.1598161181812974,-4.004366531466189,5.226821793962519,-9.231188325428707,2.6134108969812595,200
missing_time_varying_transmission,tv_sir,seir,65,-161.30083430704508,-163.76629364170057,1.115769616826998,-2.465459334655492,5.243348513193459,-7.708807847848951,2.6216742565967297,200
missing_time_varying_transmission,tv_sir,seir,66,-193.1890586518756,-160.86924959282058,1.0168591470598964,32.31980905905502,5.29139744853336,27.02841161052166,2.64569872426668,200
missing_time_varying_transmission,tv_sir,seir,67,-161.63269960520836,-156.85295773513764,1.1214604247130946,4.779741870070723,5.272862432207402,-0.49312056213667965,2.636431216103701,200
missing_time_varying_transmission,tv_sir,seir,68,-167.39305614950925,-162.70119664840536,0.9588322127071667,4.691859501103892,5.213484732612477,-0.521625231508585,2.6067423663062383,200
missing_time_varying_transmission,tv_sir,seir,69,-161.3533103848382,-161.52285083558925,1.1970673274342898,-0.16954045075104318,5.2289847845451645,-5.398525235296208,2.6144923922725822,200
missing_time_varying_transmission,tv_sir,seir,70,-178.76310746760709,-161.10182429491272,1.147968383482708,17.661283172694368,5.2134962511035825,12.447786921590787,2.6067481255517913,200
missing_time_varying_transmission,tv_sir,seir,71,-141.1038006206678,-162.61698389843068,1.1483077039849525,-21.513183277762863,5.253040932235143,-26.766224209998008,2.6265204661175714,200
missing_time_varying_transmission,tv_sir,seir,72,-173.58961997435355,-158.8296806173525,1.095091469174752,14.759939357001059,5.212875272549229,9.54706408445183,2.6064376362746144,200
missing_time_varying_transmission,tv_sir,seir,73,-145.7755336548835,-161.966945579533,0.987480052520513,-16.191411924649486,5.341662694460039,-21.533074619109527,2.6708313472300196,200
missing_time_varying_transmission,tv_sir,seir,74,-172.9299067061575,-162.5767465989534,1.112336459917147,10.353160107204104,5.2771849199570875,5.075975187247017,2.6385924599785437,200
missing_time_varying_transmission,tv_sir,seir,75,-137.120807754406,-160.98739835912892,1.0286847632289782,-23.866590604722916,5.215660844544462,-29.08225144926738,2.607830422272231,200
missing_time_varying_transmission,tv_sir,seir,76,-158.14164148753161,-155.61230166951233,1.219536535614438,2.529339818019281,5.226429296769498,-2.6970894787502173,2.613214648384749,200
missing_time_varying_transmission,tv_sir,seir,77,-180.12255329143423,-159.81014503399962,1.1000331456186803,20.312408257434612,5.2914151554498385,15.020993101984773,2.6457075777249193,200
missing_time_varying_transmission,tv_sir,seir,78,-186.870530604986,-162.04343318800701,1.1261717516152523,24.827097416978972,5.258449353173972,19.568648063805,2.629224676586986,200
missing_time_varying_transmission,tv_sir,seir,79,-146.13178455397923,-163.60128494740246,0.9894152084527246,-17.469500393423232,5.291823834329919,-22.76132422775315,2.6459119171649594,200
missing_time_varying_transmission,tv_sir,sir,0,-124.72443434859711,-70.44297071922936,1.9420440441527593,54.28146362936775,3.999524595260149,50.2819390341076,1.9997622976300744,200
missing_time_varying_transmission,tv_sir,sir,1,-46.5928033150949,-74.07731526494113,1.5724618807322122,-27.484511949846237,3.9995282225933577,-31.484040172439595,1.9997641112966789,200
missing_time_varying_transmission,tv_sir,sir,2,-63.66957155974228,-67.82798278574683,1.7218090166756863,-4.158411226004546,3.999521074554753,-8.157932300559299,1.9997605372773766,200
missing_time_varying_transmission,tv_sir,sir,3,-50.9689345730838,-71.35703705604776,1.6828538380743363,-20.38810248296396,3.9995246732990046,-24.387627156262962,1.9997623366495023,200
missing_time_varying_transmission,tv_sir,sir,4,-88.3115385509233,-65.41928407177497,1.7636230038885512,22.892254479148335,3.999542477124301,18.892712002024034,1.9997712385621504,200
missing_time_varying_transmission,tv_sir,sir,5,-89.13966379071081,-75.10321624056158,1.7296926153477947,14.036447550149234,3.9995272957444605,10.036920254404773,1.9997636478722303,200
missing_time_varying_transmission,tv_sir,sir,6,-93.1621276496684,-67.95806130583075,1.8201914314434173,25.204066343837653,3.9995314799027177,21.204534863934935,1.9997657399513589,200
missing_time_varying_transmission,tv_sir,sir,7,-68.31678248763689,-69.74035307274443,1.7584152648944067,-1.4235705851075409,3.9995200546193255,-5.423090639726866,1.9997600273096627,200
missing_time_varying_transmission,tv_sir,sir,8,-100.35222284254002,-71.28406057692426,1.7194815219525865,29.068162265615754,3.9995199088724043,25.06864235674335,1.9997599544362021,200
missing_time_varying_transmission,tv_sir,sir,9,-44.19821603523246,-70.20773010423433,1.5589882663908146,-26.009514069001867,3.9995250285880646,-30.00903909758993,1.9997625142940323,200
missing_time_varying_transmission,tv_sir,sir,10,-72.12804906136756,-73.57252647315507,1.738006329548607,-1.4444774117875028,3.9995248477048824,-5.444002259492385,1.9997624238524412,200
missing_time_varying_transmission,tv_sir,sir,11,-90.2905816507685,-68.96066947811022,1.8881855919129122,21.329912172658283,3.9995382075428116,17.33037396511547,1.9997691037714058,200
missing_time_varying_transmission,tv_sir,sir,12,-114.06284458731389,-71.861095101954,1.9221997442255219,42.20174948535988,3.999522019534933,38.20222746582495,1.9997610097674665,200
missing_time_varying_transmission,tv_sir,sir,13,-101.77896562440452,-70.58377949515693,1.692517106610671,31.19518612924759,3.9995210863083077,27.195665042939282,1.9997605431541539,200
missing_time_varying_transmission,tv_sir,sir,14,-94.90741396279765,-71.30737721210275,1.8179217835673427,23.600036750694898,3.9995223005478504,19.600514450147045,1.9997611502739252,200
missing_time_varying_transmission,tv_sir,sir,15,-67.0727803309712,-72.0327623360359,1.859520754304719,-4.9599820050647025,3.9995236029629444,-8.959505608027648,1.9997618014814722,200
missing_time_varying_transmission,tv_sir,sir,16,-103.34053067304657,-69.33354690556305,1.6725793273264016,34.00698376748352,3.9995226890824407,30.00746107840108,1.9997613445412203,200
missing_time_varying_transmission,tv_sir,sir,17,-91.87071186214112,-71.8004339110932,1.7903335063513923,20.070277951047927,3.99953050989963,16.0707474411483,1.999765254949815,200
missing_time_varying_transmission,tv_sir,sir,18,-73.98279200089794,-76.90281642849236,1.6592892330464093,-2.920024427594413,3.999530235222128,-6.919554662816541,1.999765117611064,200
missing_time_varying_transmission,tv_sir,sir,19,-83.98972851539483,-75.75971576671537,1.7546966688061956,8.230012748679457,3.9995254662526682,4.230487282426788,1.9997627331263341,200
missing_time_varying_transmission,tv_sir,sir,20,-88.27540932319175,-71.7126353741116,1.7939280423777466,16.562773949080153,3.9995210341231413,12.563252914957012,1.9997605170615707,200
missing_time_varying_transmission,tv_sir,sir,21,-131.56523478270682,-70.25291898413829,1.7077226344720078,61.312315798568534,3.999521527728424,57.31279427084011,1.999760763864212,200
missing_time_varying_transmission,tv_sir,sir,22,-99.06865736813995,-72.96439946934535,1.779939592137674,26.1042578987946,3.9995306819303478,22.10472721686425,1.9997653409651739,200
missing_time_varying_transmission,tv_sir,sir,23,-61.79863371013988,-70.56205793033881,1.8403393839494648,-8.763424220198928,3.9995360803989426,-12.762960300597872,1.9997680401994713,200
missing_time_varying_transmission,tv_sir,sir,24,-54.73089101226259,-72.74022152430152,1.7940038987311502,-18.00933051203893,3.9995253062437293,-22.008855818282658,1.9997626531218646,200
missing_time_varying_transmission,tv_sir,sir,25,-85.7930560457944,-72.55241936670338,1.6991099191054129,13.240636679091025,3.9995267810365767,9.241109898054448,1.9997633905182883,200
missing_time_varying_transmission,tv_sir,sir,26,-88.0435970112745,-74.19498518420893,1.6811728003293795,13.848611827065568,3.999530991280202,9.849080835785365,1.999765495640101,200
missing_time_varying_transmission,tv_sir,sir,27,-69.20379321965191,-72.55478346639768,1.8192062791542924,-3.3509902467457664,3.9995286923374715,-7.350518939083238,1.9997643461687358,200
missing_time_varying_transmission,tv_sir,sir,28,-53.838739833359966,-69.65315003280283,1.717147258827525,-15.814410199442861,3.999517002012638,-19.8139272014555,1.999758501006319,200
missing_time_varying_transmission,tv_sir,sir,29,-11.339795347124436,-67.09715373096228,1.7814161352913487,-55.75735838383784,3.999515443609212,-59.75687382744705,1.999757721804606,200
missing_time_varying_transmission,tv_sir,sir,30,-43.64675940356051,-68.90422061615412,1.7522540237103499,-25.25746121259361,3.999522177236844,-29.256983389830456,1.999761088618422,200
missing_time_varying_transmission,tv_sir,sir,31,-76.98902108154684,-74.33297802483347,1.5978552795256749,2.656043056713372,3.999521710794111,-1.3434786540807386,1.9997608553970554,200
missing_time_varying_transmission,tv_sir,sir,32,-106.78197019861523,-76.73793440345287,1.8039507628534033,30.04403579516236,3.9995255313320177,26.04451026383034,1.9997627656660089,200
missing_time_varying_transmission,tv_sir,sir,33,-85.75960419295566,-73.07145566296303,1.684679878381741,12.688148529992631,3.9995270095567594,8.688621520435872,1.9997635047783797,200
missing_time_varying_transmission,tv_sir,sir,34,-57.729363640101326,-71.92307559744593,1.6141086524092274,-14.193711957344604,3.9995178999890975,-18.1932298573337,1.9997589499945487,200
missing_time_varying_transmission,tv_sir,sir,35,-36.87637519470883,-72.76697464165109,1.7102281109721478,-35.89059944694226,3.9995260822506493,-39.89012552919291,1.9997630411253247,200
missing_time_varying_transmission,tv_sir,sir,36,-71.06179596943429,-77.47043711773765,1.6610217293770704,-6.40864114830336,3.999525825355337,-10.408166973658698,1.9997629126776686,200
missing_time_varying_transmission,tv_sir,sir,37,-78.07457355770651,-68.18431152565434,1.9120858287887628,9.890262032052178,3.999524662124181,5.890737369927997,1.9997623310620904,200
missing_time_varying_transmission,tv_sir,sir,38,-65.37635868026584,-70.46356051243261,1.866270710328551,-5.08720183216677,3.999526088519203,-9.086727920685973,1.9997630442596015,200
missing_time_varying_transmission,tv_sir,sir,39,-55.6794052952732,-72.9253497926711,1.6280209173497868,-17.2459444973979,3.9995251505635183,-21.245469647961418,1.9997625752817592,200
missing_time_varying_transmission,tv_sir,sir,40,-65.49415362479144,-69.84351795902883,1.765944318326557,-4.349364334237393,3.9995286691974274,-8.34889300343482,1.9997643345987137,200
missing_time_varying_transmission,tv_sir,sir,41,-34.083745329411386,-69.63159808481011,1.7488297204562109,-35.54785275539872,3.999526788722639,-39.54737954412136,1.9997633943613196,200
missing_time_varying_transmission,tv_sir,sir,42,-33.077576277661564,-73.50892960908,1.8657899518844323,-40.431353331418435,3.9995241731345366,-44.430877504552974,1.9997620865672683,200
missing_time_varying_transmission,tv_sir,sir,43,-104.3023586858709,-73.06426308296388,1.5857583847597272,31.238095602907023,3.9995247299061862,27.23857087300084,1.9997623649530931,200
missing_time_varying_transmission,tv_sir,sir,44,-83.14827254265882,-74.25565697736305,1.7497101894885148,8.89261556529577,3.999527039111396,4.893088526184375,1.999763519555698,200
missing_time_varying_transmission,tv_sir,sir,45,-55.412517866463446,-70.55361905759636,1.7805593420238788,-15.141101191132918,3.9995350834488095,-19.140636274581727,1.9997675417244047,200
missing_time_varying_transmission,tv_sir,sir,46,-79.21247260314681,-71.85974845112816,1.7534914398405175,7.352724152018652,3.9995247515761436,3.3531994004425085,1.9997623757880718,200
missing_time_varying_transmission,tv_sir,sir,47,-65.32548764786534,-71.36526572212077,1.8578617045135724,-6.039778074255423,3.9995301553260427,-10.039308229581465,1.9997650776630214,200
missing_time_varying_transmission,tv_sir,sir,48,-56.449111573827906,-74.95374447833944,1.7739144823098647,-18.50463290451154,3.9995264611149874,-22.504159365626528,1.9997632305574937,200
missing_time_varying_transmission,tv_sir,sir,49,-84.85053463183635,-70.90942269496294,1.758233368885222,13.941111936873412,3.9995337110357876,9.941578225837624,1.9997668555178938,200
missing_time_varying_transmission,tv_sir,sir,50,-107.17628758334976,-75.0880417240316,1.6627001250665159,32.088245859318164,3.9995286950715156,28.08871716424665,1.9997643475357578,200
missing_time_varying_transmission,tv_sir,sir,51,-90.23878641933061,-68.67118472826319,1.862533589257787,21.567601691067424,3.9995272572372573,17.568074433830166,1.9997636286186287,200
missing_time_varying_transmission,tv_sir,sir,52,-66.71453420176917,-68.16944569481912,1.8031844514245492,-1.4549114930499485,3.9995153168601068,-5.454426809910055,1.9997576584300534,200
missing_time_varying_transmission,tv_sir,sir,53,-91.47604629878461,-74.83702616686689,1.6292388332760996,16.639020131917718,3.999530459288838,12.63948967262888,1.999765229644419,200
missing_time_varying_transmission,tv_sir,sir,54,-132.22891592862203,-73.62769660609065,1.6791025824771302,58.60121932253138,3.9995263421893883,54.60169298034199,1.9997631710946941,200
missing_time_varying_transmission,tv_sir,sir,55,-88.27394870442609,-69.43661726948318,1.695989198453981,18.83733143494291,3.999531821026986,14.837799613915925,1.999765910513493,200
missing_time_varying_transmission,tv_sir,sir,56,-89.58588014083784,-71.70646893603497,1.856145051045819,17.879411204802878,3.9995215099055925,13.879889694897285,1.9997607549527963,200
missing_time_varying_transmission,tv_sir,sir,57,-123.7020948848419,-71.55100864922602,1.8505589912200595,52.15108623561588,3.9995264371454637,48.151559798470416,1.9997632185727319,200
missing_time_varying_transmission,tv_sir,sir,58,-80.91501915442785,-73.01397314199468,1.8603219759577316,7.90104601243317,3.999524285572485,3.901521726860685,1.9997621427862424,200
missing_time_varying_transmission,tv_sir,sir,59,-47.60387931629322,-70.75460265808309,1.7933908986098388,-23.15072334178987,3.9995152568415278,-27.150238598631397,1.9997576284207639,200
missing_time_varying_transmission,tv_sir,sir,60,-75.26433988977243,-72.08713521168934,1.6503370026618278,3.1772046780830863,3.9995295560700495,-0.8223248779869632,1.9997647780350247,200
missing_time_varying_transmission,tv_sir,sir,61,-86.70096411337545,-72.00794651814687,1.7240296885589854,14.693017595228582,3.999518367800177,10.693499227428404,1.9997591839000886,200
missing_time_varying_transmission,tv_sir,sir,62,-35.64067609922421,-67.3644725821146,1.6927623679748107,-31.723796482890393,3.999534847957146,-35.723331330847536,1.999767423978573,200
missing_time_varying_transmission,tv_sir,sir,63,-86.45836379005092,-75.64721409239517,1.7113829844137913,10.81114969765575,3.999528155463331,6.8116215421924196,1.9997640777316654,200
missing_time_varying_transmission,tv_sir,sir,64,-52.81900566353997,-72.09473896840828,1.7841144567405087,-19.27573330486831,3.999521275679661,-23.275254580547973,1.9997606378398305,200
missing_time_varying_transmission,tv_sir,sir,65,-74.86972453758983,-72.03715082442577,1.8716955464373872,2.8325737131640665,3.99952861436216,-1.1669549011980935,1.99976430718108,200
missing_time_varying_transmission,tv_sir,sir,66,-114.87376017553538,-75.08950320887735,1.8820714861785126,39.784256966658035,3.9995264378058035,35.78473052885223,1.9997632189029018,200
missing_time_varying_transmission,tv_sir,sir,67,-61.65310807282975,-69.0567514522347,1.6299934239904164,-7.403643379404954,3.999532849860015,-11.40317622926497,1.9997664249300076,200
missing_time_varying_transmission,tv_sir,sir,68,-66.37841207698983,-70.13496997414546,1.6079100738514176,-3.7565578971556306,3.999520459309556,-7.756078356465187,1.999760229654778,200
missing_time_varying_transmission,tv_sir,sir,69,-64.8520603023328,-77.27149700969858,1.75529936611444,-12.419436707365776,3.999527186065982,-16.41896389343176,1.999763593032991,200
missing_time_varying_transmission,tv_sir,sir,70,-87.67549233014088,-73.86841171945979,1.7821705412416253,13.807080610681098,3.999519511814615,9.807561098866483,1.9997597559073075,200
missing_time_varying_transmission,tv_sir,sir,71,-34.159828738496856,-73.28152729825155,1.6187128564588142,-39.12169855975469,3.9995298597146447,-43.12122841946933,1.9997649298573223,200
missing_time_varying_transmission,tv_sir,sir,72,-90.28304017128636,-68.14239869274276,1.9201891140302123,22.1406414785436,3.9995171912073433,18.141124287336257,1.9997585956036716,200
missing_time_varying_transmission,tv_sir,sir,73,-48.11902084459712,-72.6818590330013,1.6725533172047464,-24.562838188404186,3.999522822886023,-28.562361011290207,1.9997614114430116,200
missing_time_varying_transmission,tv_sir,sir,74,-90.5557267999877,-70.45444642092902,1.7753325920606695,20.10128037905868,3.9995181873285843,16.101762191730096,1.9997590936642922,200
missing_time_varying_transmission,tv_sir,sir,75,-30.81126983999843,-69.49405343136316,1.7248370894271716,-38.682783591364725,3.9995281712287745,-42.6823117625935,1.9997640856143872,200
missing_time_varying_transmission,tv_sir,sir,76,-60.82284563739216,-64.9197808590918,1.7569106843387425,-4.096935221699638,3.9995325917782396,-8.096467813477878,1.9997662958891198,200
missing_time_varying_transmission,tv_sir,sir,77,-88.93719175797764,-69.5162954305067,1.712308057635013,19.420896327470942,3.999528834995701,15.421367492475241,1.9997644174978506,200
missing_time_varying_transmission,tv_sir,sir,78,-101.40393618582772,-71.9258934675033,1.6671033416782657,29.478042718324417,3.999518873721529,25.47852384460289,1.9997594368607645,200
missing_time_varying_transmission,tv_sir,sir,79,-50.23063955445656,-73.36875406470152,1.7910519382818904,-23.13811451024496,3.9995303069747807,-27.13764481721974,1.9997651534873904,200
missing_time_varying_transmission,tv_sir,tv_sir,0,-215.41285377292564,-198.73624106210843,0.7262840324240334,16.67661271081721,6.976143086579436,9.700469624237774,3.488071543289718,200
missing_time_varying_transmission,tv_sir,tv_sir,1,-211.92887542994816,-204.84219889711758,0.6090530544187321,7.08667653283058,6.988709467168614,0.09796706566196622,3.494354733584307,200
missing_time_varying_transmission,tv_sir,tv_sir,2,-211.6152387701915,-199.92883777826125,0.6817484669772064,11.686400991930242,6.886913266657611,4.7994877252726305,3.4434566333288057,200
missing_time_varying_transmission,tv_sir,tv_sir,3,-197.59021300907196,-204.19901514155404,0.6075008973539247,-6.608802132482083,7.03203968440616,-13.640841816888244,3.51601984220308,200
missing_time_varying_transmission,tv_sir,tv_sir,4,-202.14075145082066,-199.8469060347049,0.7012210954867502,2.293845416115772,7.029351809404623,-4.73550639328885,3.5146759047023113,200
missing_time_varying_transmission,tv_sir,tv_sir,5,-203.65268788740946,-202.57701126638898,0.6767073761158083,1.0756766210204773,6.754798100771246,-5.679121479750768,3.377399050385623,200
missing_time_varying_transmission,tv_sir,tv_sir,6,-212.77249624578548,-201.32372833638195,0.7579537713941844,11.448767909403529,6.953602471918041,4.495165437485488,3.4768012359590204,200
missing_time_varying_transmission,tv_sir,tv_sir,7,-198.53325744498795,-202.58419989997935,0.6675639970506388,-4.0509424549914,6.944662582505297,-10.995605037496698,3.4723312912526487,200
missing_time_varying_transmission,tv_sir,tv_sir,8,-199.9772934481577,-202.25422842038154,0.6839746416235455,-2.2769349722238417,7.020543804354794,-9.297478776578636,3.510271902177397,200
missing_time_varying_transmission,tv_sir,tv_sir,9,-210.57768429615268,-201.0493269611729,0.6969541027132755,9.528357334979773,6.9766751050761835,2.55168222990359,3.4883375525380917,200
missing_time_varying_transmission,tv_sir,tv_sir,10,-216.47108575047437,-204.22003198765572,0.6230779223101147,12.251053762818657,7.066789974543725,5.184263788274932,3.5333949872718624,200
missing_time_varying_transmission,tv_sir,tv_sir,11,-204.89050522353986,-203.0058318823553,0.6756113676205312,1.8846733411845662,7.01297161687639,-5.128298275691824,3.506485808438195,200
missing_time_varying_transmission,tv_sir,tv_sir,12,-210.3754099499511,-200.19915361628554,0.6609216488936651,10.176256333665549,7.0811559544316145,3.0951003792339344,3.5405779772158072,200
missing_time_varying_transmission,tv_sir,tv_sir,13,-211.32409610855507,-203.6097356040149,0.6371555146743232,7.714360504540167,6.714386217576936,0.9999742869632309,3.357193108788468,200
missing_time_varying_transmission,tv_sir,tv_sir,14,-222.03529651565674,-205.32486606480882,0.5582067090556087,16.710430450847923,6.986780685939674,9.723649764908249,3.493390342969837,200
missing_time_varying_transmission,tv_sir,tv_sir,15,-223.40995011725502,-203.6055897322368,0.5590298594539767,19.804360385018214,7.0793575771002715,12.725002807917942,3.5396787885501357,200
missing_time_varying_transmission,tv_sir,tv_sir,16,-208.14282858770736,-201.1444089354466,0.7193568608304168,6.998419652260765,6.999744854190009,-0.0013252019292444572,3.4998724270950046,200
missing_time_varying_transmission,tv_sir,tv_sir,17,-217.77632769709703,-204.28190013444393,0.6398559578830733,13.494427562653101,7.059379906662473,6.435047655990628,3.5296899533312365,200
missing_time_varying_transmission,tv_sir,tv_sir,18,-204.71882206721602,-204.86259368577942,0.5918316264681956,-0.1437716185633917,6.853673626325204,-6.9974452448885955,3.426836813162602,200
missing_time_varying_transmission,tv_sir,tv_sir,19,-220.25817106926482,-204.97845631199132,0.6804558633814782,15.279714757273496,6.8847183055587475,8.394996451714748,3.4423591527793738,200
missing_time_varying_transmission,tv_sir,tv_sir,20,-217.01232337822233,-205.09713338311403,0.5835561264939868,11.915189995108307,7.020258141518642,4.894931853589664,3.510129070759321,200
missing_time_varying_transmission,tv_sir,tv_sir,21,-216.63819044073753,-197.26439146186942,0.7881246861277668,19.37379897886811,7.088985169620877,12.284813809247233,3.5444925848104387,200
missing_time_varying_transmission,tv_sir,tv_sir,22,-198.5411147911277,-203.14872059889373,0.6598342305929948,-4.607605807766021,7.006430530815662,-11.614036338581682,3.503215265407831,200
missing_time_varying_transmission,tv_sir,tv_sir,23,-213.2947366870696,-202.11672639365773,0.6320375892901123,11.178010293411859,7.044632535850646,4.133377757561213,3.522316267925323,200
missing_time_varying_transmission,tv_sir,tv_sir,24,-204.21862474196104,-201.70579356390004,0.7005959298026391,2.512831178060992,7.104901839406654,-4.592070661345662,3.552450919703327,200
missing_time_varying_transmission,tv_sir,tv_sir,25,-214.57616236224845,-205.5799932108848,0.595543269406628,8.99616915136366,6.897880711284698,2.098288440078962,3.448940355642349,200
missing_time_varying_transmission,tv_sir,tv_sir,26,-212.15783722081463,-204.22160312213018,0.6611191099610322,7.9362340986844515,6.772241225262582,1.1639928734218694,3.386120612631291,200
missing_time_varying_transmission,tv_sir,tv_sir,27,-215.59428206546824,-200.6200971115437,0.7291288553085664,14.97418495392452,6.891867943310602,8.08231701061392,3.445933971655301,200
missing_time_varying_transmission,tv_sir,tv_sir,28,-217.59957351381343,-201.49740756319133,0.650524854260366,16.102165950622094,6.809637494481956,9.292528456140138,3.404818747240978,200
missing_time_varying_transmission,tv_sir,tv_sir,29,-209.77218326112362,-196.71166527551853,0.704532998541885,13.060517985605088,6.869176198965819,6.191341786639269,3.4345880994829097,200
missing_time_varying_transmission,tv_sir,tv_sir,30,-198.03966663305883,-204.31660021592631,0.6504420320246819,-6.2769335828674855,7.0219186062842525,-13.298852189151738,3.5109593031421262,200
missing_time_varying_transmission,tv_sir,tv_sir,31,-216.6475657312149,-205.05210481728176,0.6225711486740586,11.595460913933152,6.920617858724683,4.674843055208469,3.4603089293623417,200
missing_time_varying_transmission,tv_sir,tv_sir,32,-210.35992686664827,-203.54899997868517,0.6062641745984426,6.810926887963092,6.844217083486,-0.03329019552290813,3.422108541743,200
missing_time_varying_transmission,tv_sir,tv_sir,33,-205.72235970846083,-205.78704430095087,0.6231381679773105,-0.064684592490039,6.983396175385723,-7.048080767875762,3.4916980876928614,200
missing_time_varying_transmission,tv_sir,tv_sir,34,-209.101890825127,-201.2591552766259,0.7322804473578503,7.842735548501082,6.652253979174392,1.19048156932669,3.326126989587196,200
missing_time_varying_transmission,tv_sir,tv_sir,35,-192.58135677924105,-202.9983015312406,0.6963693619848735,-10.416944751999551,6.965537426245506,-17.382482178245056,3.482768713122753,200
missing_time_varying_transmission,tv_sir,tv_sir,36,-201.10209151042088,-205.10594000527774,0.5797394410306208,-4.003848494856868,7.096933573087641,-11.10078206794451,3.5484667865438206,200
missing_time_varying_transmission,tv_sir,tv_sir,37,-194.21907567027222,-202.15559147746407,0.609912713187633,-7.936515807191853,6.712174429710444,-14.648690236902297,3.356087214855222,200
missing_time_varying_transmission,tv_sir,tv_sir,38,-210.8443764059047,-203.72476375097816,0.6000223055825594,7.119612654926556,6.887905018297607,0.23170763662894878,3.4439525091488035,200
missing_time_varying_transmission,tv_sir,tv_sir,39,-194.12034008675582,-204.472870281367,0.6352258140014165,-10.352530194611177,7.070412805019662,-17.422942999630838,3.535206402509831,200
missing_time_varying_transmission,tv_sir,tv_sir,40,-193.31857233125635,-203.13255504399865,0.6696229653735475,-9.813982712742302,7.013539763476837,-16.827522476219137,3.5067698817384185,200
missing_time_varying_transmission,tv_sir,tv_sir,41,-203.40913136287926,-202.68978541646516,0.6177046970246338,0.7193459464141085,7.074339042314322,-6.354993095900213,3.537169521157161,200
missing_time_varying_transmission,tv_sir,tv_sir,42,-196.11789365472595,-203.8908800976673,0.5982331571572781,-7.772986442941345,7.147348991100161,-14.920335434041506,3.5736744955500805,200
missing_time_varying_transmission,tv_sir,tv_sir,43,-218.00353190833658,-204.29266748292656,0.6404060105248907,13.710864425410023,6.968206328836772,6.74265809657325,3.484103164418386,200
missing_time_varying_transmission,tv_sir,tv_sir,44,-209.25401322949233,-204.28530391319367,0.6132232232389908,4.968709316298657,6.962221714356658,-1.9935123980580007,3.481110857178329,200
missing_time_varying_transmission,tv_sir,tv_sir,45,-195.26099159241912,-202.34804792314975,0.6320563985988401,-7.087056330730633,6.982927129835436,-14.069983460566068,3.491463564917718,200
missing_time_varying_transmission,tv_sir,tv_sir,46,-197.01061937851932,-203.3428513082873,0.608744384367521,-6.332231929767971,7.091362587130879,-13.42359451689885,3.5456812935654396,200
missing_time_varying_transmission,tv_sir,tv_sir,47,-210.86238831893917,-204.51001573082374,0.6552280578007006,6.352372588115429,6.887251890981168,-0.5348793028657388,3.443625945490584,200
missing_time_varying_transmission,tv_sir,tv_sir,48,-208.41728028559717,-205.4784476250018,0.5937052707075325,2.9388326605953807,6.932892253683122,-3.9940595930877416,3.466446126841561,200
missing_time_varying_transmission,tv_sir,tv_sir,49,-211.81628335261297,-202.81352631547637,0.6116229416127457,9.002757037136604,7.035307493832933,1.9674495433036707,3.5176537469164666,200
missing_time_varying_transmission,tv_sir,tv_sir,50,-202.98519478129143,-202.33631279106027,0.6991379972908143,0.6488819902311604,6.902722976103169,-6.253840985872008,3.4513614880515844,200
missing_time_varying_transmission,tv_sir,tv_sir,51,-209.5708476732751,-204.14621222595372,0.666413622356519,5.4246354473213785,6.790247086703366,-1.3656116393819877,3.395123543351683,200
missing_time_varying_transmission,tv_sir,tv_sir,52,-222.39853326045966,-201.39516429781025,0.6609083470210579,21.003368962649404,7.0045977375370825,13.998771225112321,3.5022988687685412,200
missing_time_varying_transmission,tv_sir,tv_sir,53,-221.58818135798992,-204.8430835390688,0.6442995619902647,16.745097818921124,7.178375171954561,9.566722646966564,3.5891875859772804,200
missing_time_varying_transmission,tv_sir,tv_sir,54,-221.85450752560422,-203.03049074068431,0.57582355180894,18.824016784919905,6.94495957909206,11.879057205827845,3.47247978954603,200
missing_time_varying_transmission,tv_sir,tv_sir,55,-217.9294813850848,-206.08510586548786,0.6488901403589586,11.844375519596952,6.962057114599039,4.882318404997912,3.4810285572995197,200
missing_time_varying_transmission,tv_sir,tv_sir,56,-211.236834654948,-201.4158648083663,0.7043568583577301,9.820969846581704,7.134901363821994,2.68606848275971,3.567450681910997,200
missing_time_varying_transmission,tv_sir,tv_sir,57,-223.49903167291075,-201.50490475296843,0.6778681428701643,21.994126919942317,6.890457218238236,15.103669701704082,3.445228609119118,200
missing_time_varying_transmission,tv_sir,tv_sir,58,-221.55706781036628,-203.75632070328282,0.6543996594582616,17.800747107083453,6.950325451270014,10.850421655813438,3.475162725635007,200
missing_time_varying_transmission,tv_sir,tv_sir,59,-218.97312025945206,-198.4845710535391,0.7535724066666858,20.48854920591296,6.973884751762134,13.514664454150825,3.486942375881067,200
missing_time_varying_transmission,tv_sir,tv_sir,60,-213.5774935822701,-205.7636078226351,0.5809675886006629,7.8138857596350135,7.030986101058994,0.78289965857602,3.515493050529497,200
missing_time_varying_transmission,tv_sir,tv_sir,61,-208.91594552409236,-201.72961420461164,0.6485702945034465,7.186331319480729,6.8642231648949235,0.32210815458580555,3.4321115824474617,200
missing_time_varying_transmission,tv_sir,tv_sir,62,-193.64088767588282,-200.3924903031281,0.7129025741569232,-6.7516026272452905,7.130229564282614,-13.881832191527906,3.565114782141307,200
missing_time_varying_transmission,tv_sir,tv_sir,63,-208.00421114499082,-204.25977508630464,0.6615206154189356,3.7444360586861762,7.100088776994457,-3.3556527183082805,3.5500443884972284,200
missing_time_varying_transmission,tv_sir,tv_sir,64,-222.9762210470018,-202.57903628204934,0.6011702670875984,20.397184764952442,6.940824023591298,13.456360741361145,3.470412011795649,200
missing_time_varying_transmission,tv_sir,tv_sir,65,-207.13310854026062,-205.2164560024014,0.6248484140610642,1.9166525378592212,6.898600770245645,-4.981948232386424,3.4493003851228226,200
missing_time_varying_transmission,tv_sir,tv_sir,66,-216.6117223157776,-204.67486965495976,0.5688667038095199,11.936852660817834,6.961298753960736,4.975553906857098,3.480649376980368,200
missing_time_varying_transmission,tv_sir,tv_sir,67,-213.49883703734145,-199.13575606919574,0.7368013798430426,14.36308096814571,6.937796497734503,7.425284470411206,3.4688982488672515,200
missing_time_varying_transmission,tv_sir,tv_sir,68,-220.2128811358195,-202.1575067826255,0.640250010223257,18.055374353193997,7.132171485337985,10.923202867856013,3.5660857426689927,200
missing_time_varying_transmission,tv_sir,tv_sir,69,-222.37091310695644,-204.3052053380478,0.6414503854050373,18.065707768908624,6.917371253342407,11.148336515566218,3.4586856266712034,200
missing_time_varying_transmission,tv_sir,tv_sir,70,-212.85850045338665,-200.80425533089758,0.6824092543365684,12.054245122489078,7.108605594465956,4.945639528023122,3.554302797232978,200
missing_time_varying_transmission,tv_sir,tv_sir,71,-202.9072341789348,-202.94140679365614,0.6206845075718077,-0.03417261472134214,6.919909574225956,-6.954082188947298,3.459954787112978,200
missing_time_varying_transmission,tv_sir,tv_sir,72,-212.31180916999418,-201.86542190747306,0.7164029236099915,10.446387262521114,6.9913527404229905,3.4550345220981233,3.4956763702114952,200
missing_time_varying_transmission,tv_sir,tv_sir,73,-210.88607233277884,-202.85526857618643,0.6255369889753497,8.030803756592405,6.739345673871696,1.291458082720709,3.369672836935848,200
missing_time_varying_transmission,tv_sir,tv_sir,74,-210.7590817179311,-203.0029209126625,0.7212382608226586,7.756160805268621,6.836432783985746,0.9197280212828751,3.418216391992873,200
missing_time_varying_transmission,tv_sir,tv_sir,75,-211.14753135543225,-200.89874244113875,0.6707878938954667,10.248788914293499,6.99044335557987,3.2583455587136285,3.495221677789935,200
missing_time_varying_transmission,tv_sir,tv_sir,76,-206.2575890988838,-198.05647106374636,0.7105551293086522,8.201118035137455,7.008405331609509,1.1927127035279455,3.5042026658047547,200
missing_time_varying_transmission,tv_sir,tv_sir,77,-214.89187835218905,-203.9132803472114,0.5944246943719234,10.978598004977641,6.90316860164595,4.075429403331691,3.451584300822975,200
missing_time_varying_transmission,tv_sir,tv_sir,78,-217.22414775295505,-203.0090177657304,0.6306409580397405,14.215129987224657,6.943173537057064,7.271956450167592,3.471586768528532,200
missing_time_varying_transmission,tv_sir,tv_sir,79,-214.11037855178967,-202.62859845365455,0.6726742543088606,11.481780098135118,6.796141496731993,4.6856386014031255,3.3980707483659964,200
missing_time_varying_transmission,tv_sir,ude_sir_h2,0,-215.33702716012624,-200.24110027780955,0.680973064804024,15.09592688231669,7.632998733968275,7.462928148348414,3.8164993669841376,200
missing_time_varying_transmission,tv_sir,ude_sir_h2,1,-208.8801207808126,-205.42487893766753,0.6149573023460523,3.4552418431450747,7.744092246498547,-4.2888504033534725,3.8720461232492736,200
missing_time_varying_transmission,tv_sir,ude_sir_h2,2,-213.94182865513756,-198.1368970649977,0.7046561198355024,15.804931590139859,7.782366937090443,8.022564653049415,3.8911834685452216,200
missing_time_varying_transmission,tv_sir,ude_sir_h2,3,-194.6312187079825,-204.9566687962075,0.5575952663291999,-10.325450088225011,7.380086352058278,-17.70553644028329,3.690043176029139,200
missing_time_varying_transmission,tv_sir,ude_sir_h2,4,-199.72551233837527,-197.7634720914657,0.7627893192956483,1.9620402469095666,7.609421662493192,-5.6473814155836255,3.804710831246596,200
missing_time_varying_transmission,tv_sir,ude_sir_h2,5,-203.455206548831,-202.66813995120538,0.6837071139024916,0.7870665976256248,7.531674203395135,-6.74460760576951,3.7658371016975676,200
missing_time_varying_transmission,tv_sir,ude_sir_h2,6,-210.66515323004478,-200.2266460454036,0.6761803200960034,10.438507184641168,7.603439075741341,2.8350681088998266,3.8017195378706705,200
missing_time_varying_transmission,tv_sir,ude_sir_h2,7,-198.729197462625,-201.45115867205607,0.6641932015320247,-2.721961209431072,7.658329727672779,-10.380290937103851,3.8291648638363895,200
missing_time_varying_transmission,tv_sir,ude_sir_h2,8,-199.898639974701,-200.33918644960707,0.6328243062748796,-0.44054647490605703,7.319081744041171,-7.759628218947228,3.6595408720205853,200
missing_time_varying_transmission,tv_sir,ude_sir_h2,9,-208.81239304572384,-201.66997218929595,0.7099837452704283,7.14242085642789,7.753182075890521,-0.6107612194626313,3.8765910379452606,200
missing_time_varying_transmission,tv_sir,ude_sir_h2,10,-213.75599896924624,-204.32513257789063,0.6206309525089193,9.430866391355607,7.400935475570951,2.0299309157846563,3.7004677377854756,200
missing_time_varying_transmission,tv_sir,ude_sir_h2,11,-207.81659939793286,-202.81508331078746,0.6482940104354734,5.001516087145404,7.351210809800561,-2.3496947226551566,3.6756054049002804,200
missing_time_varying_transmission,tv_sir,ude_sir_h2,12,-210.9600969922091,-200.22171811339078,0.6786995512234363,10.73837887881831,7.394558534729945,3.343820344088365,3.6972792673649724,200
missing_time_varying_transmission,tv_sir,ude_sir_h2,13,-214.13369408933332,-202.40361349349706,0.624316216429212,11.730080595836256,7.539217647083537,4.190862948752719,3.7696088235417684,200
missing_time_varying_transmission,tv_sir,ude_sir_h2,14,-220.77548977878962,-204.32755771345896,0.6240137059341869,16.44793206533066,7.488044382245597,8.959887683085064,3.7440221911227987,200
missing_time_varying_transmission,tv_sir,ude_sir_h2,15,-221.659874506945,-202.30882459797726,0.6288801533807994,19.351049908967724,7.4789607916834555,11.872089117284268,3.7394803958417278,200
missing_time_varying_transmission,tv_sir,ude_sir_h2,16,-209.3491100225936,-199.51426231727524,0.66779255653339,9.834847705318367,7.6350908380631335,2.1997568672552337,3.8175454190315667,200
missing_time_varying_transmission,tv_sir,ude_sir_h2,17,-216.08925416876144,-203.91384511587282,0.6373391207939926,12.175409052888625,7.317532229407646,4.8578768234809795,3.658766114703823,200
missing_time_varying_transmission,tv_sir,ude_sir_h2,18,-206.3704204827217,-203.7779955721188,0.6391965587051027,2.5924249106028867,7.644099442143751,-5.051674531540864,3.8220497210718754,200
missing_time_varying_transmission,tv_sir,ude_sir_h2,19,-220.70575135550243,-203.30349816995607,0.5972719175135045,17.402253185546357,7.752506943663262,9.649746241883095,3.876253471831631,200
missing_time_varying_transmission,tv_sir,ude_sir_h2,20,-214.58857037404425,-203.25563215020463,0.6172604477702329,11.33293822383962,7.66988552151234,3.6630527023272794,3.83494276075617,200
missing_time_varying_transmission,tv_sir,ude_sir_h2,21,-214.14043619812267,-196.9563438464578,0.7612105517179588,17.184092351664873,7.3876491242042155,9.796443227460657,3.6938245621021077,200
missing_time_varying_transmission,tv_sir,ude_sir_h2,22,-198.0757762507205,-202.84070506475837,0.5932773756907275,-4.764928814037859,7.56593759167306,-12.330866405710918,3.78296879583653,200
missing_time_varying_transmission,tv_sir,ude_sir_h2,23,-212.31833819248868,-201.87175636820785,0.6942519718438045,10.446581824280827,7.520047969843507,2.92653385443732,3.7600239849217534,200
missing_time_varying_transmission,tv_sir,ude_sir_h2,24,-206.31930023578667,-201.8788989723414,0.6538730658010026,4.440401263445267,7.4661334866879585,-3.0257322232426915,3.7330667433439793,200
missing_time_varying_transmission,tv_sir,ude_sir_h2,25,-214.08857071766778,-204.3323714400359,0.6217693007822349,9.756199277631879,7.69480218284702,2.0613970947848586,3.84740109142351,200
missing_time_varying_transmission,tv_sir,ude_sir_h2,26,-211.63200979287058,-201.8082218615714,0.637612003342123,9.823787931299165,7.712694097041998,2.111093834257167,3.856347048520999,200
missing_time_varying_transmission,tv_sir,ude_sir_h2,27,-214.65311634380248,-201.4711947314905,0.6489326428106075,13.181921612311982,7.760901123855735,5.4210204884562465,3.8804505619278675,200
missing_time_varying_transmission,tv_sir,ude_sir_h2,28,-217.84347630909474,-200.5335999176914,0.6881222974918502,17.30987639140335,7.586286153363253,9.723590238040096,3.7931430766816265,200
missing_time_varying_transmission,tv_sir,ude_sir_h2,29,-209.8888720836357,-196.41514104903726,0.7379587004284812,13.473731034598444,7.725879695842985,5.747851338755459,3.8629398479214925,200
missing_time_varying_transmission,tv_sir,ude_sir_h2,30,-198.71160231481272,-202.52544257993577,0.6826985609520297,-3.813840265123048,7.735174336760581,-11.549014601883629,3.8675871683802905,200
missing_time_varying_transmission,tv_sir,ude_sir_h2,31,-213.75886994931952,-202.35026408542325,0.6220841588388366,11.40860586389627,7.714143858306073,3.6944620055901964,3.8570719291530366,200
missing_time_varying_transmission,tv_sir,ude_sir_h2,32,-212.60052871375927,-204.5708460213138,0.6367731890225461,8.029682692445476,7.662764625676964,0.3669180667685126,3.831382312838482,200
missing_time_varying_transmission,tv_sir,ude_sir_h2,33,-205.29681729720127,-205.0092444627586,0.592485785327567,0.28757283444267046,7.496919850146638,-7.209347015703967,3.748459925073319,200
missing_time_varying_transmission,tv_sir,ude_sir_h2,34,-209.62462739528107,-199.34431037840287,0.7258213207691748,10.2803170168782,7.017807074333055,3.2625099425451456,3.5089035371665274,200
missing_time_varying_transmission,tv_sir,ude_sir_h2,35,-192.98447179460584,-203.44101515815245,0.6150686131742842,-10.456543363546615,7.777214523127211,-18.233757886673825,3.8886072615636054,200
missing_time_varying_transmission,tv_sir,ude_sir_h2,36,-202.9352633390767,-204.5473209653628,0.6279125091043742,-1.612057626286088,7.597206986479355,-9.209264612765443,3.7986034932396775,200
missing_time_varying_transmission,tv_sir,ude_sir_h2,37,-196.40518401845605,-200.63679973058103,0.7075386964610676,-4.231615712124977,7.483504100593942,-11.71511981271892,3.741752050296971,200
missing_time_varying_transmission,tv_sir,ude_sir_h2,38,-209.96765374029607,-204.5135335437177,0.5812855854297481,5.454120196578373,7.752478033387069,-2.2983578368086963,3.8762390166935345,200
missing_time_varying_transmission,tv_sir,ude_sir_h2,39,-194.40085360109998,-203.9995227217856,0.6154859110668248,-9.598669120685628,7.428757414657839,-17.027426535343466,3.7143787073289194,200
missing_time_varying_transmission,tv_sir,ude_sir_h2,40,-190.42056566526048,-202.60125893006406,0.666626108960193,-12.18069326480358,7.414482875844161,-19.59517614064774,3.7072414379220806,200
missing_time_varying_transmission,tv_sir,ude_sir_h2,41,-200.81193048806597,-202.14138920267132,0.6695126159181523,-1.3294587146053516,7.567150301653397,-8.896609016258749,3.7835751508266986,200
missing_time_varying_transmission,tv_sir,ude_sir_h2,42,-191.7696822043444,-203.25763843142082,0.6430085169115696,-11.48795622707641,7.394869484294377,-18.882825711370785,3.6974347421471885,200
missing_time_varying_transmission,tv_sir,ude_sir_h2,43,-217.4667464990874,-203.87053158876202,0.6165678840284283,13.596214910325386,7.505420484089257,6.09079442623613,3.7527102420446283,200
missing_time_varying_transmission,tv_sir,ude_sir_h2,44,-208.05552005747404,-202.6432608845314,0.6186382011192998,5.41225917294264,7.711120297598828,-2.298861124656188,3.855560148799414,200
missing_time_varying_transmission,tv_sir,ude_sir_h2,45,-197.56262109277978,-202.05948202116045,0.6165560380810186,-4.49686092838067,7.681522185963083,-12.178383114343752,3.8407610929815417,200
missing_time_varying_transmission,tv_sir,ude_sir_h2,46,-196.81922076827794,-202.5698320755511,0.6571175326761979,-5.750611307273147,7.316038982487922,-13.066650289761068,3.658019491243961,200
missing_time_varying_transmission,tv_sir,ude_sir_h2,47,-209.9225523968611,-202.79734765709298,0.681881558780468,7.125204739768122,7.7603109271010915,-0.6351061873329691,3.8801554635505457,200
missing_time_varying_transmission,tv_sir,ude_sir_h2,48,-207.0145624017539,-203.9921891345977,0.6725029754650982,3.0223732671561834,7.765965346010993,-4.743592078854809,3.8829826730054964,200
missing_time_varying_transmission,tv_sir,ude_sir_h2,49,-210.288936039287,-201.5835007857569,0.6886671091678918,8.705435253530084,7.589049457102162,1.116385796427922,3.794524728551081,200
missing_time_varying_transmission,tv_sir,ude_sir_h2,50,-203.2955833071137,-200.9587028972392,0.6736740702029501,2.33688040987451,7.63655983969109,-5.29967942981658,3.818279919845545,200
missing_time_varying_transmission,tv_sir,ude_sir_h2,51,-209.28103361755052,-201.38583716471396,0.6517737596775917,7.895196452836558,7.348280260619909,0.5469161922166492,3.6741401303099543,200
missing_time_varying_transmission,tv_sir,ude_sir_h2,52,-219.52195267839429,-200.3000302567548,0.6707210361007737,19.221922421639476,7.67962708337331,11.542295338266166,3.839813541686655,200
missing_time_varying_transmission,tv_sir,ude_sir_h2,53,-216.69609335565022,-203.5265116013048,0.671757278132138,13.169581754345415,6.992103671316615,6.1774780830288005,3.4960518356583075,200
missing_time_varying_transmission,tv_sir,ude_sir_h2,54,-223.89206040596235,-202.65764197270153,0.6969927642798588,21.234418433260828,7.475341298334188,13.75907713492664,3.737670649167094,200
missing_time_varying_transmission,tv_sir,ude_sir_h2,55,-215.62661136933318,-203.83892921341746,0.5975016677539383,11.787682155915718,7.697916568001171,4.089765587914547,3.8489582840005854,200
missing_time_varying_transmission,tv_sir,ude_sir_h2,56,-207.0443514110033,-202.8858783551931,0.6421818227457616,4.158473055810191,7.317692501919234,-3.1592194461090433,3.658846250959617,200
missing_time_varying_transmission,tv_sir,ude_sir_h2,57,-223.02348958341878,-201.01139707848793,0.6925329016991428,22.01209250493085,7.661714970159988,14.35037753477086,3.830857485079994,200
missing_time_varying_transmission,tv_sir,ude_sir_h2,58,-221.10104854271668,-203.15076657378515,0.6343132049218451,17.950281968931534,7.6852716944359365,10.265010274495598,3.8426358472179682,200
missing_time_varying_transmission,tv_sir,ude_sir_h2,59,-220.67663565023636,-196.4839570654984,0.6969574094412475,24.192678584737962,7.737126757882438,16.455551826855526,3.868563378941219,200
missing_time_varying_transmission,tv_sir,ude_sir_h2,60,-212.4515263270903,-204.5931515865881,0.5786319290773407,7.8583747405021995,7.551836706519218,0.3065380339829815,3.775918353259609,200
missing_time_varying_transmission,tv_sir,ude_sir_h2,61,-210.0704449000771,-200.76419910099264,0.7138049657510939,9.30624579908445,7.72365397820469,1.5825918208797605,3.861826989102345,200
missing_time_varying_transmission,tv_sir,ude_sir_h2,62,-188.98048858435217,-201.1452801919483,0.658191226200079,-12.164791607596129,6.92380978445778,-19.08860139205391,3.46190489222889,200
missing_time_varying_transmission,tv_sir,ude_sir_h2,63,-206.310490030288,-202.00732445169265,0.75597951640438,4.303165578595355,7.260967831813773,-2.9578022532184187,3.6304839159068867,200
missing_time_varying_transmission,tv_sir,ude_sir_h2,64,-222.0059404667453,-200.2155473834712,0.6913136843596789,21.790393083274097,7.792622538042131,13.997770545231965,3.8963112690210653,200
missing_time_varying_transmission,tv_sir,ude_sir_h2,65,-208.11867502111494,-204.01841530273697,0.6700432995307661,4.10025971837797,7.746463500610288,-3.646203782232318,3.873231750305144,200
missing_time_varying_transmission,tv_sir,ude_sir_h2,66,-213.5601654688657,-200.71160223279003,0.6644529043464569,12.848563236075677,7.5933499676403775,5.255213268435299,3.7966749838201888,200
missing_time_varying_transmission,tv_sir,ude_sir_h2,67,-211.6827676744628,-199.7002629722257,0.720381695399777,11.982504702237122,7.7445983155272335,4.237906386709889,3.8722991577636168,200
missing_time_varying_transmission,tv_sir,ude_sir_h2,68,-216.61982958202978,-201.2885759186721,0.6826528002822663,15.331253663357671,7.207220939231893,8.12403272412578,3.6036104696159463,200
missing_time_varying_transmission,tv_sir,ude_sir_h2,69,-221.6723323345117,-204.00118930067597,0.5668112490104666,17.671143033835733,7.777032185529611,9.894110848306122,3.8885160927648057,200
missing_time_varying_transmission,tv_sir,ude_sir_h2,70,-208.71909335076575,-201.72181700180067,0.6593484162130966,6.997276348965073,7.259682445515271,-0.26240609655019753,3.6298412227576353,200
missing_time_varying_transmission,tv_sir,ude_sir_h2,71,-200.3099137317359,-203.45185680457425,0.5589160099274202,-3.141943072838359,7.784265856792634,-10.926208929630992,3.892132928396317,200
missing_time_varying_transmission,tv_sir,ude_sir_h2,72,-212.9965827343627,-199.21748773881663,0.6647361306560365,13.779094995546075,7.381517059116391,6.397577936429683,3.6907585295581957,200
missing_time_varying_transmission,tv_sir,ude_sir_h2,73,-209.68439006862536,-200.64061129806709,0.6440933440611135,9.043778770558276,7.840685636201361,1.2030931343569158,3.9203428181006803,200
missing_time_varying_transmission,tv_sir,ude_sir_h2,74,-210.82074712964626,-202.01385364168033,0.6234032357147725,8.806893487965937,7.687219430039349,1.1196740579265878,3.8436097150196744,200
missing_time_varying_transmission,tv_sir,ude_sir_h2,75,-211.79610411051192,-200.05134878918082,0.7191552722769723,11.744755321331098,7.758627017909955,3.986128303421143,3.8793135089549775,200
missing_time_varying_transmission,tv_sir,ude_sir_h2,76,-204.7896262480364,-198.0508190867209,0.7084713900896269,6.738807161315492,7.3805155649546546,-0.6417084036391625,3.6902577824773273,200
missing_time_varying_transmission,tv_sir,ude_sir_h2,77,-212.33712942623347,-201.77802646247505,0.6171675609228614,10.55910296375842,7.65040520688115,2.9086977568772703,3.825202603440575,200
missing_time_varying_transmission,tv_sir,ude_sir_h2,78,-215.72319971950952,-203.16268860918143,0.6926717737543429,12.560511110328093,7.672209686561601,4.888301423766492,3.8361048432808005,200
missing_time_varying_transmission,tv_sir,ude_sir_h2,79,-213.61153539139139,-201.18461068250676,0.6693730939373711,12.426924708884627,7.716095375415391,4.710829333469236,3.8580476877076957,200
noisy_sir_overfit_risk,sir,neural_ode_h2,0,-89.49540949738685,-86.35497552178309,0.6193762301198802,3.140433975603756,7.1945140514195405,-4.054080075815785,3.5972570257097702,200
noisy_sir_overfit_risk,sir,neural_ode_h2,1,-79.14489294094749,-85.40962807502846,0.6780826729904165,-6.264735134080979,6.912012383055915,-13.176747517136894,3.4560061915279574,200
noisy_sir_overfit_risk,sir,neural_ode_h2,2,-102.893098338637,-82.98488527436984,0.6682236392480311,19.90821306426716,7.057262807850455,12.850950256416704,3.5286314039252273,200
noisy_sir_overfit_risk,sir,neural_ode_h2,3,-89.46136802863728,-86.14293351373409,0.6234780066898872,3.3184345149031884,7.020395941018569,-3.70196142611538,3.5101979705092843,200
noisy_sir_overfit_risk,sir,neural_ode_h2,4,-81.62747664735905,-83.55226642330283,0.7175750152680002,-1.924789775943779,6.809501869573381,-8.73429164551716,3.4047509347866907,200
noisy_sir_overfit_risk,sir,neural_ode_h2,5,-96.39886048752123,-82.3065610051549,0.6966369202420293,14.092299482366329,6.932263498819851,7.160035983546478,3.4661317494099255,200
noisy_sir_overfit_risk,sir,neural_ode_h2,6,-97.98856516153067,-86.59712884309633,0.6496330920307738,11.391436318434344,7.089332702099767,4.302103616334577,3.5446663510498837,200
noisy_sir_overfit_risk,sir,neural_ode_h2,7,-92.67188467256724,-83.30656344241171,0.650045588921309,9.36532123015553,7.028919541091758,2.3364016890637718,3.514459770545879,200
noisy_sir_overfit_risk,sir,neural_ode_h2,8,-72.71943969055062,-85.1705802286452,0.6419027141161032,-12.451140538094592,7.085989458944131,-19.537129997038722,3.5429947294720656,200
noisy_sir_overfit_risk,sir,neural_ode_h2,9,-92.7886857861258,-77.84640934747682,0.6899736085886519,14.942276438648975,6.5967883503671185,8.345488088281856,3.2983941751835593,200
noisy_sir_overfit_risk,sir,neural_ode_h2,10,-97.86807348530579,-85.60958465834959,0.6387872043597835,12.258488826956196,7.14069636713152,5.117792459824676,3.57034818356576,200
noisy_sir_overfit_risk,sir,neural_ode_h2,11,-93.04865795730674,-72.61923798912395,0.813957800755478,20.4294199681828,6.305098024507815,14.124321943674984,3.1525490122539077,200
noisy_sir_overfit_risk,sir,neural_ode_h2,12,-80.8018628072129,-81.33553873089082,0.6978558748555215,-0.5336759236779187,6.913980094149677,-7.447656017827596,3.4569900470748385,200
noisy_sir_overfit_risk,sir,neural_ode_h2,13,-80.31494482916449,-82.70023940189705,0.6809268900910043,-2.385294572732562,7.009959086144652,-9.395253658877213,3.504979543072326,200
noisy_sir_overfit_risk,sir,neural_ode_h2,14,-100.08273651307067,-81.65602168321287,0.7360037167781167,18.4267148298578,6.9515192914013095,11.475195538456491,3.4757596457006548,200
noisy_sir_overfit_risk,sir,neural_ode_h2,15,-77.57838495282314,-87.92843817272094,0.5839896427168826,-10.350053219897802,7.1029378455121615,-17.452991065409964,3.5514689227560807,200
noisy_sir_overfit_risk,sir,neural_ode_h2,16,-82.66239441907757,-87.89173982113789,0.5535920389974172,-5.229345402060318,7.124452005156604,-12.353797407216922,3.562226002578302,200
noisy_sir_overfit_risk,sir,neural_ode_h2,17,-95.13569670807635,-67.65570825277274,0.8543235517677751,27.479988455303612,6.528976865874915,20.951011589428695,3.2644884329374575,200
noisy_sir_overfit_risk,sir,neural_ode_h2,18,-83.53687378008767,-85.07929053622189,0.6216778069186242,-1.542416756134216,6.97828458814846,-8.520701344282676,3.48914229407423,200
noisy_sir_overfit_risk,sir,neural_ode_h2,19,-89.49226835316956,-85.01359194311571,0.6143290268394754,4.4786764100538505,6.906372981429297,-2.4276965713754466,3.4531864907146486,200
noisy_sir_overfit_risk,sir,neural_ode_h2,20,-92.31000278765619,-80.91306806233538,0.7546239047695763,11.396934725320804,6.941091303587734,4.4558434217330705,3.470545651793867,200
noisy_sir_overfit_risk,sir,neural_ode_h2,21,-92.65724362400931,-83.96070516490492,0.6521249355564586,8.696538459104389,7.020867864669495,1.6756705944348935,3.5104339323347475,200
noisy_sir_overfit_risk,sir,neural_ode_h2,22,-82.32370703660726,-85.03172656291065,0.6491642554044882,-2.7080195263033886,6.940031706676922,-9.648051232980311,3.470015853338461,200
noisy_sir_overfit_risk,sir,neural_ode_h2,23,-90.55600519586815,-83.7839433311332,0.6709175131112661,6.772061864734951,7.010288491261634,-0.23822662652668303,3.505144245630817,200
noisy_sir_overfit_risk,sir,neural_ode_h2,24,-102.39837943931416,-81.3242415938947,0.6489378608814312,21.074137845419457,6.990761092271522,14.083376753147935,3.495380546135761,200
noisy_sir_overfit_risk,sir,neural_ode_h2,25,-72.23394645178658,-82.3986436265292,0.7069216063447975,-10.164697174742628,6.820248378934904,-16.984945553677534,3.410124189467452,200
noisy_sir_overfit_risk,sir,neural_ode_h2,26,-91.43317922013578,-77.17755307054779,0.767251598759921,14.255626149587997,6.82965037982129,7.425975769766707,3.414825189910645,200
noisy_sir_overfit_risk,sir,neural_ode_h2,27,-69.37690913568919,-72.26385817864728,0.7447390420587886,-2.8869490429580935,6.307446403674851,-9.194395446632946,3.1537232018374257,200
noisy_sir_overfit_risk,sir,neural_ode_h2,28,-85.0524991269181,-82.70478779128604,0.7090786158091666,2.347711335632056,6.729945333658662,-4.3822339980266065,3.364972666829331,200
noisy_sir_overfit_risk,sir,neural_ode_h2,29,-94.55912750020606,-81.60867786286073,0.7146051489129227,12.95044963734533,6.908345490595893,6.042104146749436,3.4541727452979467,200
noisy_sir_overfit_risk,sir,neural_ode_h2,30,-88.98079023499263,-73.84422201225884,0.7865443774691739,15.136568222733786,6.2722161126273885,8.864352110106397,3.1361080563136943,200
noisy_sir_overfit_risk,sir,neural_ode_h2,31,-71.03446220797949,-83.19566808907301,0.6766416017251438,-12.161205881093522,6.876077616923542,-19.037283498017064,3.438038808461771,200
noisy_sir_overfit_risk,sir,neural_ode_h2,32,-93.95079242422185,-88.37672053289822,0.5577623029496713,5.5740718913236265,7.207798430933354,-1.6337265396097278,3.603899215466677,200
noisy_sir_overfit_risk,sir,neural_ode_h2,33,-95.48872047510338,-79.02571231256147,0.7001453006302145,16.46300816254191,7.037263907517799,9.425744255024112,3.5186319537588995,200
noisy_sir_overfit_risk,sir,neural_ode_h2,34,-92.18551786330715,-86.06602761707121,0.700939923333273,6.119490246235941,6.981376987583344,-0.8618867413474032,3.490688493791672,200
noisy_sir_overfit_risk,sir,neural_ode_h2,35,-79.11676550761776,-78.72778657014418,0.7393665878721186,0.38897893747358125,6.636646839509839,-6.247667902036258,3.3183234197549196,200
noisy_sir_overfit_risk,sir,neural_ode_h2,36,-90.32921346534067,-79.05404218870439,0.7580388092374358,11.275171276636286,6.904046536569924,4.371124740066362,3.452023268284962,200
noisy_sir_overfit_risk,sir,neural_ode_h2,37,-90.10332560420278,-75.60810211636603,0.8601109230372213,14.495223487836753,6.543009929365342,7.952213558471412,3.271504964682671,200
noisy_sir_overfit_risk,sir,neural_ode_h2,38,-86.74859559657895,-85.24612634870726,0.6524150781535992,1.5024692478716872,6.98579798293825,-5.4833287350665625,3.492898991469125,200
noisy_sir_overfit_risk,sir,neural_ode_h2,39,-86.00176368450596,-83.66443753806944,0.682462674020409,2.3373261464365243,7.153160855492068,-4.815834709055544,3.576580427746034,200
noisy_sir_overfit_risk,sir,neural_ode_h2,40,-96.81231287611962,-80.92656564126263,0.6991255724023143,15.885747234856993,7.026456440042733,8.85929079481426,3.5132282200213667,200
noisy_sir_overfit_risk,sir,neural_ode_h2,41,-88.22682952779476,-80.68079501697049,0.6781811202178921,7.546034510824271,6.923029794458305,0.6230047163659655,3.4615148972291525,200
noisy_sir_overfit_risk,sir,neural_ode_h2,42,-82.57146764637906,-86.689651084566,0.6443699936452832,-4.118183438186932,7.179255215806744,-11.297438653993677,3.589627607903372,200
noisy_sir_overfit_risk,sir,neural_ode_h2,43,-91.77649595197698,-83.7968141828243,0.7530240408565713,7.979681769152677,7.208722205595507,0.7709595635571702,3.6043611027977533,200
noisy_sir_overfit_risk,sir,neural_ode_h2,44,-87.65755688650141,-85.2704064991602,0.581975150413872,2.387150387341208,7.05137515298613,-4.664224765644922,3.525687576493065,200
noisy_sir_overfit_risk,sir,neural_ode_h2,45,-91.80896803641988,-79.25665454906256,0.7148886011968908,12.552313487357324,6.721061871942179,5.8312516154151455,3.3605309359710893,200
noisy_sir_overfit_risk,sir,neural_ode_h2,46,-71.0596868622304,-81.88290426482074,0.7388665087120406,-10.823217402590345,6.777445425301394,-17.60066282789174,3.388722712650697,200
noisy_sir_overfit_risk,sir,neural_ode_h2,47,-97.50692101486769,-82.24444443713121,0.7182712782373984,15.262476577736479,6.870226962435519,8.39224961530096,3.4351134812177593,200
noisy_sir_overfit_risk,sir,neural_ode_h2,48,-92.29418706521112,-86.71554485929867,0.5608186493150941,5.578642205912445,7.029859960507547,-1.4512177545951026,3.5149299802537737,200
noisy_sir_overfit_risk,sir,neural_ode_h2,49,-98.03088758103468,-68.47051433937654,0.9107042312203939,29.56037324165814,6.37283811709081,23.187535124567333,3.186419058545405,200
noisy_sir_overfit_risk,sir,neural_ode_h2,50,-95.03811361410759,-83.43122435014168,0.668256452240203,11.606889263965911,7.1908653092256305,4.416023954740281,3.5954326546128152,200
noisy_sir_overfit_risk,sir,neural_ode_h2,51,-97.50503857412689,-79.90470343679767,0.724828728204639,17.60033513732921,6.890982183552132,10.709352953777078,3.445491091776066,200
noisy_sir_overfit_risk,sir,neural_ode_h2,52,-84.62346136244933,-86.69506587334028,0.6209673732727494,-2.0716045108909498,6.994125568115599,-9.06573007900655,3.4970627840577997,200
noisy_sir_overfit_risk,sir,neural_ode_h2,53,-81.15118400327424,-86.70567298070284,0.6154588941136072,-5.554488977428605,7.123640157513875,-12.67812913494248,3.5618200787569374,200
noisy_sir_overfit_risk,sir,neural_ode_h2,54,-95.2624416195128,-87.43598637963599,0.6471935797183143,7.8264552398768075,7.180720231314189,0.6457350085626183,3.5903601156570946,200
noisy_sir_overfit_risk,sir,neural_ode_h2,55,-79.04231211014526,-81.83801703697203,0.7395306493036647,-2.7957049268267724,6.957092452978694,-9.752797379805466,3.478546226489347,200
noisy_sir_overfit_risk,sir,neural_ode_h2,56,-86.13634880116487,-84.53012418930625,0.6477194098908945,1.6062246118586216,6.915175443812297,-5.308950831953675,3.4575877219061484,200
noisy_sir_overfit_risk,sir,neural_ode_h2,57,-79.4080664818784,-80.13779761961189,0.7274763344054995,-0.729731137733495,6.773379810314826,-7.503110948048321,3.386689905157413,200
noisy_sir_overfit_risk,sir,neural_ode_h2,58,-85.43051007859097,-83.23728287594078,0.7644998154160734,2.193227202650192,6.856043620219745,-4.662816417569553,3.4280218101098723,200
noisy_sir_overfit_risk,sir,neural_ode_h2,59,-83.00043185074594,-84.88652209959808,0.6504395718506609,-1.8860902488521418,7.173716115902958,-9.0598063647551,3.586858057951479,200
noisy_sir_overfit_risk,sir,neural_ode_h2,60,-87.90982397590089,-85.81624184468447,0.6844310484930491,2.0935821312164222,7.196065834986599,-5.102483703770177,3.5980329174932995,200
noisy_sir_overfit_risk,sir,neural_ode_h2,61,-70.24098137875687,-88.18487857232542,0.6296930634320517,-17.943897193568546,7.050040989830753,-24.993938183399298,3.5250204949153763,200
noisy_sir_overfit_risk,sir,neural_ode_h2,62,-92.27621653194942,-81.92733410457558,0.6655490557127421,10.348882427373837,7.069301673835854,3.2795807535379833,3.534650836917927,200
noisy_sir_overfit_risk,sir,neural_ode_h2,63,-87.23400960053564,-78.92541333699968,0.7589726390898323,8.30859626353596,6.838235776297029,1.4703604872389313,3.4191178881485147,200
noisy_sir_overfit_risk,sir,neural_ode_h2,64,-95.9448245758939,-86.32257934402773,0.6064811769180689,9.622245231866174,6.984467107956558,2.637778123909616,3.492233553978279,200
noisy_sir_overfit_risk,sir,neural_ode_h2,65,-93.5264605861135,-84.43347284695669,0.6432993484305323,9.092987739156811,6.980445961330831,2.11254177782598,3.4902229806654157,200
noisy_sir_overfit_risk,sir,neural_ode_h2,66,-96.98625807155398,-84.68584247449009,0.6545907579726677,12.300415597063889,7.171455013689311,5.128960583374578,3.5857275068446555,200
noisy_sir_overfit_risk,sir,neural_ode_h2,67,-86.3353519607903,-86.77621588915434,0.5859766686017092,-0.4408639283640383,7.1047786611435875,-7.545642589507626,3.5523893305717937,200
noisy_sir_overfit_risk,sir,neural_ode_h2,68,-86.02891716945426,-78.92462988519827,0.7192671575254391,7.104287284255989,7.000917100331214,0.10337018392477493,3.500458550165607,200
noisy_sir_overfit_risk,sir,neural_ode_h2,69,-99.92247827032244,-86.33084269485711,0.6002414655232639,13.591635575465332,7.060117654880226,6.531517920585107,3.530058827440113,200
noisy_sir_overfit_risk,sir,neural_ode_h2,70,-83.7611630443676,-83.39472157911587,0.6996667696555955,0.3664414652517394,6.989827431564997,-6.623385966313258,3.4949137157824985,200
noisy_sir_overfit_risk,sir,neural_ode_h2,71,-94.41236579337965,-82.2162175042051,0.702187639729292,12.196148289174545,6.936964922861414,5.259183366313131,3.468482461430707,200
noisy_sir_overfit_risk,sir,neural_ode_h2,72,-84.49526325124987,-88.13888362496614,0.5385453411051828,-3.6436203737162742,7.0839071789769665,-10.72752755269324,3.5419535894884833,200
noisy_sir_overfit_risk,sir,neural_ode_h2,73,-88.89938954885511,-83.0323649662603,0.6726089339652823,5.867024582594809,6.755423774354961,-0.8883991917601524,3.3777118871774805,200
noisy_sir_overfit_risk,sir,neural_ode_h2,74,-96.84726307812896,-85.58239746729927,0.6616678895501099,11.264865610829688,6.938611527118162,4.326254083711525,3.469305763559081,200
noisy_sir_overfit_risk,sir,neural_ode_h2,75,-84.01005964441595,-80.8929402706008,0.6743662532766361,3.117119373815143,6.83808999216896,-3.7209706183538174,3.41904499608448,200
noisy_sir_overfit_risk,sir,neural_ode_h2,76,-102.0495655680929,-82.16338071771837,0.6875920790466146,19.886184850374534,6.881365244362983,13.004819606011552,3.4406826221814915,200
noisy_sir_overfit_risk,sir,neural_ode_h2,77,-93.12406190751699,-62.529003209407456,0.892676518159579,30.595058698109533,6.0202325042916796,24.574826193817852,3.0101162521458398,200
noisy_sir_overfit_risk,sir,neural_ode_h2,78,-94.77040196292803,-86.15529215378974,0.6416022244964219,8.61510980913829,7.000899499984046,1.6142103091542435,3.500449749992023,200
noisy_sir_overfit_risk,sir,neural_ode_h2,79,-88.34576217338605,-85.52443897357757,0.6565459455514705,2.821323199808475,7.019639967468788,-4.198316767660313,3.509819983734394,200
noisy_sir_overfit_risk,sir,seir,0,-92.33742584147029,-86.15389598486887,0.6600382464324671,6.1835298566014245,4.334823670147584,1.8487061864538408,2.167411835073792,200
noisy_sir_overfit_risk,sir,seir,1,-80.17761623606216,-92.44589092666567,0.5368051157154973,-12.268274690603505,5.130548351578568,-17.398823042182073,2.565274175789284,200
noisy_sir_overfit_risk,sir,seir,2,-108.02235636340353,-85.72101473404909,0.6153157420361706,22.30134162935444,4.495607433210017,17.80573419614442,2.2478037166050084,200
noisy_sir_overfit_risk,sir,seir,3,-90.13075290699265,-90.59280803179453,0.5196476659388956,-0.4620551248018785,5.7419136411606235,-6.203968765962502,2.8709568205803118,200
noisy_sir_overfit_risk,sir,seir,4,-89.69641787854194,-91.09888125668176,0.5598906810143384,-1.402463378139828,5.775989711610595,-7.178453089750423,2.8879948558052977,200
noisy_sir_overfit_risk,sir,seir,5,-99.92284365722395,-90.67088929444022,0.5162703566268024,9.251954362783735,5.731325221737363,3.5206291410463724,2.8656626108686813,200
noisy_sir_overfit_risk,sir,seir,6,-101.92101479552667,-89.19864357871404,0.5888555313308894,12.722371216812633,4.4055485433657555,8.316822673446877,2.2027742716828778,200
noisy_sir_overfit_risk,sir,seir,7,-97.98080603847048,-87.01834502690623,0.5931869646621583,10.962461011564244,4.428532081278659,6.533928930285585,2.2142660406393295,200
noisy_sir_overfit_risk,sir,seir,8,-78.44797205305636,-86.93531549092458,0.5808694739354989,-8.487343437868219,5.127322872294839,-13.61466631016306,2.5636614361474197,200
noisy_sir_overfit_risk,sir,seir,9,-101.73713732734996,-89.36423381856243,0.5650479545576755,12.37290350878753,5.801316842111957,6.571586666675573,2.9006584210559785,200
noisy_sir_overfit_risk,sir,seir,10,-101.7424267918029,-88.25840805138257,0.5855561411316332,13.484018740420325,5.783520248288156,7.700498492132169,2.891760124144078,200
noisy_sir_overfit_risk,sir,seir,11,-98.70601663148258,-87.1453740210785,0.61789278863791,11.560642610404088,5.812978769025027,5.747663841379061,2.9064893845125135,200
noisy_sir_overfit_risk,sir,seir,12,-84.59876268408715,-91.56407606566546,0.5261162619673706,-6.965313381578312,5.745635388152977,-12.710948769731289,2.8728176940764887,200
noisy_sir_overfit_risk,sir,seir,13,-91.55964104968507,-88.77061663469344,0.6547182087524335,2.78902441499163,5.5492933316636295,-2.7602689166719996,2.7746466658318147,200
noisy_sir_overfit_risk,sir,seir,14,-108.720001356945,-83.53659551160784,0.6541464547481294,25.183405845337163,4.721872643035645,20.461533202301517,2.3609363215178223,200
noisy_sir_overfit_risk,sir,seir,15,-82.39415830076027,-89.98857804206206,0.5651316860783533,-7.594419741301792,5.5340164095847655,-13.128436150886557,2.7670082047923827,200
noisy_sir_overfit_risk,sir,seir,16,-91.58396293593162,-88.79042831894094,0.5384045896945872,2.7935346169906836,5.210869700150036,-2.4173350831593527,2.605434850075018,200
noisy_sir_overfit_risk,sir,seir,17,-96.48475458873754,-79.99609407877537,0.7166599316070945,16.488660509962173,5.78359663659163,10.705063873370543,2.891798318295815,200
noisy_sir_overfit_risk,sir,seir,18,-90.32734621929043,-87.47951885784208,0.6560234726042348,2.8478273614483527,5.737191082418637,-2.8893637209702847,2.8685955412093187,200
noisy_sir_overfit_risk,sir,seir,19,-99.48625000192122,-90.11010005013416,0.5550613385758405,9.376149951787056,5.787139012750195,3.5890109390368607,2.8935695063750977,200
noisy_sir_overfit_risk,sir,seir,20,-97.48220224240298,-86.22330318927143,0.6112401607390531,11.258899053131543,5.768659926823614,5.490239126307929,2.884329963411807,200
noisy_sir_overfit_risk,sir,seir,21,-99.01877296802375,-87.60137081918958,0.6022782540095917,11.41740214883417,4.438878260421401,6.97852388841277,2.2194391302107004,200
noisy_sir_overfit_risk,sir,seir,22,-93.50249682012003,-89.71332638462704,0.5826519527802222,3.7891704354929914,5.762615382068493,-1.9734449465755013,2.8813076910342463,200
noisy_sir_overfit_risk,sir,seir,23,-98.4334226014515,-89.3461049323765,0.5469231552079699,9.087317669074991,5.684526016760505,3.4027916523144865,2.8422630083802525,200
noisy_sir_overfit_risk,sir,seir,24,-102.52121658688826,-88.2944185138731,0.5949192589863563,14.22679807301516,5.675696292272292,8.551101780742869,2.837848146136146,200
noisy_sir_overfit_risk,sir,seir,25,-77.37352127529442,-90.25713223848717,0.5666689513471428,-12.883610963192751,5.14595095548513,-18.02956191867788,2.572975477742565,200
noisy_sir_overfit_risk,sir,seir,26,-92.95259879466367,-84.7709335698835,0.6998029530339587,8.181665224780176,4.464368382725985,3.717296842054191,2.2321841913629923,200
noisy_sir_overfit_risk,sir,seir,27,-80.73834108310258,-86.89753668200332,0.6306385015019423,-6.159195598900737,5.751922793052765,-11.911118391953503,2.8759613965263826,200
noisy_sir_overfit_risk,sir,seir,28,-93.01647731107806,-90.13807416048184,0.5463572848980962,2.8784031505962275,5.783596322056146,-2.905193171459919,2.891798161028073,200
noisy_sir_overfit_risk,sir,seir,29,-93.94289581614102,-91.21563327878648,0.5754760881444514,2.727262537354534,5.124559373339582,-2.397296835985048,2.562279686669791,200
noisy_sir_overfit_risk,sir,seir,30,-89.87199230915121,-89.63783060015598,0.5545314772838466,0.2341617089952308,5.785495210530803,-5.551333501535572,2.8927476052654013,200
noisy_sir_overfit_risk,sir,seir,31,-77.64848912966345,-89.2574179149514,0.6037258846169078,-11.608928785287958,5.777596397876614,-17.386525183164572,2.888798198938307,200
noisy_sir_overfit_risk,sir,seir,32,-95.18515009328837,-90.17328259903402,0.5935857215358811,5.011867494254346,4.205603683405408,0.8062638108489386,2.102801841702704,200
noisy_sir_overfit_risk,sir,seir,33,-99.186687003666,-83.46522053041525,0.6654737648862197,15.721466473250743,4.486983368173239,11.234483105077505,2.2434916840866195,200
noisy_sir_overfit_risk,sir,seir,34,-97.25342518760327,-90.69195538977638,0.560135667255965,6.561469797826888,5.792237970540294,0.7692318272865935,2.896118985270147,200
noisy_sir_overfit_risk,sir,seir,35,-91.52282173144562,-87.22280985979432,0.5809513086813609,4.300011871651293,5.808467458422879,-1.5084555867715856,2.9042337292114393,200
noisy_sir_overfit_risk,sir,seir,36,-98.4678154896331,-86.43194140916675,0.5878545273829332,12.035874080466343,5.74622632421613,6.289647756250212,2.873113162108065,200
noisy_sir_overfit_risk,sir,seir,37,-94.3929914554894,-89.38679002469223,0.5108753514560548,5.006201430797162,5.801165297721686,-0.7949638669245234,2.900582648860843,200
noisy_sir_overfit_risk,sir,seir,38,-92.93722065713146,-88.89008515891183,0.5240852241736462,4.047135498219632,5.068457749491218,-1.0213222512715863,2.534228874745609,200
noisy_sir_overfit_risk,sir,seir,39,-82.2130808525256,-84.58618344693551,0.683332334992212,-2.3731025944099144,5.704498634891026,-8.07760122930094,2.852249317445513,200
noisy_sir_overfit_risk,sir,seir,40,-101.6733991515987,-84.58480252959556,0.6383338104336095,17.088596622003138,5.785065264116751,11.303531357886387,2.8925326320583755,200
noisy_sir_overfit_risk,sir,seir,41,-91.74559586954669,-88.90279337007365,0.5596871045998871,2.842802499473038,5.76166731066828,-2.9188648111952418,2.88083365533414,200
noisy_sir_overfit_risk,sir,seir,42,-90.61648826367627,-88.8918823412965,0.5664522791905268,1.72460592237978,4.372361184144131,-2.6477552617643507,2.1861805920720654,200
noisy_sir_overfit_risk,sir,seir,43,-93.45472577261197,-88.99276074832072,0.5814150133415721,4.461965024291246,4.206592145739197,0.2553728785520484,2.1032960728695986,200
noisy_sir_overfit_risk,sir,seir,44,-86.02745217885841,-91.07949677105748,0.5719484745164953,-5.052044592199067,5.111338531380845,-10.163383123579912,2.5556692656904225,200
noisy_sir_overfit_risk,sir,seir,45,-93.86350924483719,-89.49597660197487,0.5313239489158021,4.367532642862315,5.010447106934694,-0.642914464072379,2.505223553467347,200
noisy_sir_overfit_risk,sir,seir,46,-81.89516888756913,-90.91122613187632,0.5566229148445321,-9.016057244307191,5.785822281166483,-14.801879525473673,2.8929111405832413,200
noisy_sir_overfit_risk,sir,seir,47,-98.87834139643803,-91.47427690788737,0.49567181371856217,7.4040644885506595,5.745573452255759,1.6584910362949001,2.8727867261278797,200
noisy_sir_overfit_risk,sir,seir,48,-98.33685963451279,-90.380325085111,0.5488741976708661,7.956534549401795,5.745250985881864,2.211283563519931,2.872625492940932,200
noisy_sir_overfit_risk,sir,seir,49,-107.72318502863297,-78.65473490136834,0.7093396357797213,29.068450127264626,5.810108977104681,23.258341150159943,2.9050544885523406,200
noisy_sir_overfit_risk,sir,seir,50,-101.33328657595231,-85.00800732222065,0.6995300841470313,16.325279253731665,4.853702067095126,11.471577186636539,2.426851033547563,200
noisy_sir_overfit_risk,sir,seir,51,-98.33734681383702,-87.74289071777568,0.6354880409532812,10.594456096061336,5.158775131010855,5.435680965050481,2.5793875655054275,200
noisy_sir_overfit_risk,sir,seir,52,-96.77484079324009,-90.5694567939665,0.5123267665994697,6.205383999273593,5.663858268682482,0.5415257305911112,2.831929134341241,200
noisy_sir_overfit_risk,sir,seir,53,-80.40389252142826,-89.45630030114432,0.5116160313027249,-9.052407779716063,5.042129799365112,-14.094537579081175,2.521064899682556,200
noisy_sir_overfit_risk,sir,seir,54,-96.2634043286556,-87.28129447796702,0.6177931582122892,8.982109850688573,4.594446370315952,4.3876634803726215,2.297223185157976,200
noisy_sir_overfit_risk,sir,seir,55,-84.54842449032401,-89.05654978202374,0.5331497372237725,-4.508125291699727,5.696932411897293,-10.20505770359702,2.8484662059486463,200
noisy_sir_overfit_risk,sir,seir,56,-97.23236043732615,-88.65462355972676,0.6229888284751104,8.577736877599392,5.793949757456819,2.7837871201425735,2.8969748787284093,200
noisy_sir_overfit_risk,sir,seir,57,-85.10494277857538,-87.73036175367088,0.6183493877513804,-2.6254189750954993,5.743593852803835,-8.369012827899335,2.8717969264019176,200
noisy_sir_overfit_risk,sir,seir,58,-92.21632946289319,-90.31878068555157,0.6119641278008482,1.897548777341612,5.647118645513016,-3.7495698681714043,2.823559322756508,200
noisy_sir_overfit_risk,sir,seir,59,-86.49858205838171,-88.1489809807458,0.5652554327953151,-1.65039892236409,4.236974438503748,-5.887373360867838,2.118487219251874,200
noisy_sir_overfit_risk,sir,seir,60,-93.67155383405267,-86.7414589500128,0.5806737532409414,6.930094884039875,4.3067663146796935,2.623328569360181,2.1533831573398468,200
noisy_sir_overfit_risk,sir,seir,61,-78.04095885633834,-89.38472341186927,0.5461903422247878,-11.343764555530939,5.006238512903721,-16.35000306843466,2.5031192564518605,200
noisy_sir_overfit_risk,sir,seir,62,-92.80445559453526,-85.0061127604986,0.6445790130682811,7.79834283403666,4.764510664595582,3.0338321694410784,2.382255332297791,200
noisy_sir_overfit_risk,sir,seir,63,-92.75567761896912,-84.71821583031456,0.6382302336482323,8.037461788654554,4.790666674960464,3.2467951136940894,2.395333337480232,200
noisy_sir_overfit_risk,sir,seir,64,-101.71318639756677,-91.43784084726245,0.5318912921933607,10.275345550304323,5.759181714055405,4.516163836248918,2.8795908570277025,200
noisy_sir_overfit_risk,sir,seir,65,-98.59169696003705,-90.93160309129524,0.5431499533831117,7.660093868741811,5.744796514018283,1.9152973547235277,2.8723982570091415,200
noisy_sir_overfit_risk,sir,seir,66,-102.43761935127007,-84.8299989790035,0.5699369152258966,17.607620372266567,4.485506476443633,13.122113895822935,2.2427532382218165,200
noisy_sir_overfit_risk,sir,seir,67,-93.97596415705456,-87.72242493664646,0.6065117113673727,6.253539220408101,5.319008378021541,0.9345308423865593,2.6595041890107707,200
noisy_sir_overfit_risk,sir,seir,68,-88.30316009009546,-86.77196819128102,0.635623183566929,1.5311918988144413,4.997609985974462,-3.4664180871600205,2.498804992987231,200
noisy_sir_overfit_risk,sir,seir,69,-103.28681134151086,-89.23355729909515,0.5767088759538213,14.053254042415702,5.029642785324908,9.023611257090794,2.514821392662454,200
noisy_sir_overfit_risk,sir,seir,70,-87.41180178313985,-89.12336275222138,0.5424961719261474,-1.7115609690815319,5.76695286940739,-7.478513838488922,2.883476434703695,200
noisy_sir_overfit_risk,sir,seir,71,-98.45910205313123,-87.72843105214913,0.560312498329389,10.730671000982099,4.2028510415334885,6.52781995944861,2.1014255207667443,200
noisy_sir_overfit_risk,sir,seir,72,-89.31554614274586,-90.14163304244339,0.5259959160910331,-0.826086899697529,5.764158356345922,-6.590245256043451,2.882079178172961,200
noisy_sir_overfit_risk,sir,seir,73,-99.62865044870856,-89.72192456610857,0.5568042918270518,9.906725882599986,5.809782100799401,4.096943781800585,2.9048910503997005,200
noisy_sir_overfit_risk,sir,seir,74,-101.67592453200481,-91.6129182051045,0.5670184095450898,10.063006326900307,5.764995317563998,4.298011009336309,2.882497658781999,200
noisy_sir_overfit_risk,sir,seir,75,-88.22223657073822,-88.10941922062669,0.5833954008178805,0.11281735011152705,5.802112624586174,-5.689295274474647,2.901056312293087,200
noisy_sir_overfit_risk,sir,seir,76,-102.73712426684831,-91.09970360407344,0.561474208242508,11.637420662774872,5.149499607502625,6.487921055272247,2.5747498037513123,200
noisy_sir_overfit_risk,sir,seir,77,-104.70583144773177,-82.72344727058571,0.7177707406696207,21.98238417714606,5.814387038851297,16.167997138294762,2.9071935194256486,200
noisy_sir_overfit_risk,sir,seir,78,-102.282553648543,-86.5480197963667,0.62738860211201,15.734533852176298,5.284290443029633,10.450243409146665,2.6421452215148165,200
noisy_sir_overfit_risk,sir,seir,79,-90.01143365438753,-90.69609818015084,0.5358542529861542,-0.6846645257633099,5.129642816420764,-5.814307342184074,2.564821408210382,200
noisy_sir_overfit_risk,sir,sir,0,-90.57401773586115,-89.08978676053113,0.5914774277889556,1.4842309753300214,3.9943623130346877,-2.5101313377046663,1.9971811565173438,200
noisy_sir_overfit_risk,sir,sir,1,-80.87320742999358,-91.76753340893416,0.5356865064410363,-10.894325978940572,3.9941428052697847,-14.888468784210357,1.9970714026348924,200
noisy_sir_overfit_risk,sir,sir,2,-105.69717491546702,-88.89680715221348,0.5616433764974277,16.800367763253533,3.9937581699062683,12.806609593347265,1.9968790849531342,200
noisy_sir_overfit_risk,sir,sir,3,-91.25929579762081,-90.48504831838552,0.6175818882745818,0.7742474792352851,3.9942583787081234,-3.2200108994728383,1.9971291893540617,200
noisy_sir_overfit_risk,sir,sir,4,-88.45028366856963,-90.07709339845911,0.579476203010135,-1.6268097298894872,3.993876770076744,-5.620686499966231,1.996938385038372,200
noisy_sir_overfit_risk,sir,sir,5,-100.47694024364236,-90.00201259328796,0.5832530735395374,10.474927650354402,3.9942094084326163,6.480718241921786,1.9971047042163081,200
noisy_sir_overfit_risk,sir,sir,6,-101.16973328913346,-91.37468549670359,0.5157652741892692,9.79504779242987,3.9941534668876635,5.800894325542206,1.9970767334438317,200
noisy_sir_overfit_risk,sir,sir,7,-96.19016853020513,-88.88045402157674,0.5462653253294903,7.309714508628389,3.9937792142649666,3.315935294363422,1.9968896071324833,200
noisy_sir_overfit_risk,sir,sir,8,-77.66643081821252,-88.78408172799683,0.5806847785257413,-11.117650909784317,3.994355647051585,-15.112006556835901,1.9971778235257924,200
noisy_sir_overfit_risk,sir,sir,9,-99.00533665739539,-89.43306816642831,0.556982246109998,9.572268490967076,3.993827696362354,5.578440794604722,1.996913848181177,200
noisy_sir_overfit_risk,sir,sir,10,-100.35321662376978,-90.223138093903,0.5180124763065157,10.130078529866779,3.9943326335606413,6.135745896306138,1.9971663167803206,200
noisy_sir_overfit_risk,sir,sir,11,-93.52202248347112,-91.16845606866691,0.5390078938296424,2.353566414804206,3.9938343447529614,-1.6402679299487555,1.9969171723764807,200
noisy_sir_overfit_risk,sir,sir,12,-84.79118170217663,-92.21419799727454,0.5070419346608549,-7.423016295097909,3.9941594109276486,-11.417175706025558,1.9970797054638243,200
noisy_sir_overfit_risk,sir,sir,13,-89.83341106675869,-90.19309447362254,0.5769893357412001,-0.3596834068638515,3.994140597158159,-4.353824004022011,1.9970702985790796,200
noisy_sir_overfit_risk,sir,sir,14,-106.21830272706967,-85.55594115326554,0.6526681958126678,20.662361573804134,3.993611274607346,16.668750299196788,1.996805637303673,200
noisy_sir_overfit_risk,sir,sir,15,-82.31839331514023,-90.78076934147879,0.5732822466157032,-8.46237602633856,3.9941575151708486,-12.456533541509408,1.9970787575854243,200
noisy_sir_overfit_risk,sir,sir,16,-88.99481960831139,-90.20966313130451,0.5209188031272913,-1.214843522993121,3.994150169309881,-5.208993692303002,1.9970750846549405,200
noisy_sir_overfit_risk,sir,sir,17,-94.03756309898503,-82.52791963215844,0.6995755255604508,11.509643466826589,3.9931944420241248,7.516449024802464,1.9965972210120624,200
noisy_sir_overfit_risk,sir,sir,18,-89.87506523716013,-88.56148341839507,0.5552109459991679,1.3135818187650585,3.994015876398813,-2.6804340576337546,1.9970079381994066,200
noisy_sir_overfit_risk,sir,sir,19,-97.77373354365982,-91.32092037553976,0.5384662795514807,6.452813168120059,3.9939405793591005,2.4588725887609586,1.9969702896795503,200
noisy_sir_overfit_risk,sir,sir,20,-97.57163184799583,-86.15440290689365,0.5884731458249273,11.41722894110218,3.9944958488672384,7.422733092234942,1.9972479244336192,200
noisy_sir_overfit_risk,sir,sir,21,-97.61420622892206,-90.3258655769121,0.5620707950901017,7.288340652009964,3.993776530759819,3.294564121250145,1.9968882653799096,200
noisy_sir_overfit_risk,sir,sir,22,-92.41672196620249,-90.23498396532044,0.6210369732548436,2.1817380008820493,3.9942830823151887,-1.8125450814331394,1.9971415411575943,200
noisy_sir_overfit_risk,sir,sir,23,-98.21945337330276,-89.08961111497452,0.6167320472856782,9.129842258328239,3.99433271806584,5.135509540262399,1.99716635903292,200
noisy_sir_overfit_risk,sir,sir,24,-103.59465356191583,-87.35247705819124,0.6244505964468233,16.242176503724593,3.993498552089916,12.248677951634678,1.996749276044958,200
noisy_sir_overfit_risk,sir,sir,25,-78.69945298900937,-90.63921805199693,0.5574630561623464,-11.939765062987561,3.9939932451236553,-15.933758308111216,1.9969966225618276,200
noisy_sir_overfit_risk,sir,sir,26,-92.41497852304856,-88.54525674200579,0.560840566666006,3.86972178104277,3.993697087768255,-0.12397530672548474,1.9968485438841275,200
noisy_sir_overfit_risk,sir,sir,27,-79.55190567872992,-86.53663208342545,0.6552093460751827,-6.984726404695522,3.9935961727485734,-10.978322577444095,1.9967980863742867,200
noisy_sir_overfit_risk,sir,sir,28,-92.31176258931038,-91.25425111291717,0.4989191770395819,1.057511476393202,3.9940621400717364,-2.9365506636785343,1.9970310700358682,200
noisy_sir_overfit_risk,sir,sir,29,-93.52790380442818,-91.82847556212593,0.5136841919721454,1.6994282423022469,3.9938924210453033,-2.2944641787430564,1.9969462105226516,200
noisy_sir_overfit_risk,sir,sir,30,-89.8635475822251,-90.35541046820593,0.5282584211325675,-0.4918628859808365,3.9939527376046096,-4.485815623585446,1.9969763688023048,200
noisy_sir_overfit_risk,sir,sir,31,-76.26597245328742,-91.41940336817605,0.5110542972260553,-15.15343091488863,3.9938243577094217,-19.147255272598052,1.9969121788547108,200
noisy_sir_overfit_risk,sir,sir,32,-93.91969453900845,-91.2361968987426,0.5860333961944734,2.6834976402658413,3.9940900468852503,-1.310592406619409,1.9970450234426251,200
noisy_sir_overfit_risk,sir,sir,33,-98.29441157737303,-85.45619388125124,0.6602311667218416,12.838217696121788,3.994130492403615,8.844087203718173,1.9970652462018075,200
noisy_sir_overfit_risk,sir,sir,34,-96.86448532722477,-91.3677717954156,0.5867513489461256,5.4967135318091636,3.994276136580684,1.5024373952284797,1.997138068290342,200
noisy_sir_overfit_risk,sir,sir,35,-85.8664852151332,-90.73417781712793,0.5052758602145058,-4.867692601994733,3.9938003251519287,-8.861492927146662,1.9969001625759644,200
noisy_sir_overfit_risk,sir,sir,36,-97.78773517372859,-85.99979738616184,0.6309336002150121,11.787937787566747,3.993982300258754,7.7939554873079935,1.996991150129377,200
noisy_sir_overfit_risk,sir,sir,37,-92.59546213302158,-89.77797862415258,0.5918170549480407,2.817483508869003,3.9939875384831725,-1.1765040296141693,1.9969937692415862,200
noisy_sir_overfit_risk,sir,sir,38,-91.98272255362582,-91.13612016782534,0.5539884288430316,0.8466023858004803,3.9940006900971747,-3.1473983042966944,1.9970003450485874,200
noisy_sir_overfit_risk,sir,sir,39,-82.07195098307696,-86.07466462235323,0.6509771150348161,-4.002713639276266,3.993637655166628,-7.996351294442894,1.996818827583314,200
noisy_sir_overfit_risk,sir,sir,40,-101.74622878941585,-85.47924638757357,0.6151780706756131,16.266982401842284,3.9945492081458767,12.272433193696408,1.9972746040729383,200
noisy_sir_overfit_risk,sir,sir,41,-92.43474348749723,-88.39682782926224,0.5893477287359229,4.0379156582349935,3.9944655070033064,0.04345015123168716,1.9972327535016532,200
noisy_sir_overfit_risk,sir,sir,42,-85.66281518582102,-91.86248120629163,0.5192020937468765,-6.199666020470616,3.994205646293664,-10.19387166676428,1.997102823146832,200
noisy_sir_overfit_risk,sir,sir,43,-87.62697932465368,-90.6718923793975,0.5484692337562475,-3.04491305474383,3.993956723664078,-7.038869778407908,1.996978361832039,200
noisy_sir_overfit_risk,sir,sir,44,-85.49745664485249,-91.34246187569161,0.5106852478127659,-5.845005230839121,3.994072104642183,-9.839077335481303,1.9970360523210915,200
noisy_sir_overfit_risk,sir,sir,45,-94.9421878853335,-90.09908876633554,0.5715188477635689,4.843099118997955,3.9937690521355043,0.8493300668624508,1.9968845260677521,200
noisy_sir_overfit_risk,sir,sir,46,-80.32035948601771,-90.62340771584353,0.5876695929741156,-10.30304822982582,3.9941078042334004,-14.29715603405922,1.9970539021167002,200
noisy_sir_overfit_risk,sir,sir,47,-99.88573557032615,-91.55669974827198,0.5558143824542356,8.329035822054166,3.9941146854562497,4.334921136597917,1.9970573427281249,200
noisy_sir_overfit_risk,sir,sir,48,-97.92596018238618,-91.52036433220631,0.5610347892877618,6.405595850179864,3.994134106905483,2.4114617432743812,1.9970670534527415,200
noisy_sir_overfit_risk,sir,sir,49,-104.12969973495235,-81.70329905203191,0.6786859833282415,22.426400682920445,3.9935808153300325,18.43281986759041,1.9967904076650163,200
noisy_sir_overfit_risk,sir,sir,50,-100.07175763155891,-87.17939053310744,0.5867280156276256,12.892367098451473,3.9945490372913506,8.897818061160123,1.9972745186456753,200
noisy_sir_overfit_risk,sir,sir,51,-98.62866252862338,-87.69875386586038,0.5967008700341971,10.929908662762998,3.994271251455886,6.935637411307112,1.997135625727943,200
noisy_sir_overfit_risk,sir,sir,52,-95.48039071398773,-90.48550058833287,0.5720033589792329,4.994890125654862,3.994287053109823,1.0006030725450392,1.9971435265549116,200
noisy_sir_overfit_risk,sir,sir,53,-80.76280456447682,-90.32937341716948,0.5596538526983328,-9.566568852692654,3.9938435495772233,-13.560412402269877,1.9969217747886117,200
noisy_sir_overfit_risk,sir,sir,54,-95.58484221006483,-90.83482230824285,0.5362490031985891,4.750019901821986,3.9942932824418884,0.7557266193800976,1.9971466412209442,200
noisy_sir_overfit_risk,sir,sir,55,-84.66421666488337,-88.81828993053574,0.6098309687607741,-4.154073265652372,3.9943394351755734,-8.148412700827945,1.9971697175877867,200
noisy_sir_overfit_risk,sir,sir,56,-93.90825590617038,-90.4831601774275,0.5287897259973132,3.425095728742889,3.9937534859949197,-0.5686577572520308,1.9968767429974599,200
noisy_sir_overfit_risk,sir,sir,57,-85.10668793714328,-88.27392253014342,0.6359921601494186,-3.1672345930001455,3.9935817316991633,-7.160816324699309,1.9967908658495817,200
noisy_sir_overfit_risk,sir,sir,58,-92.20165133345662,-90.82835016934533,0.561532231152231,1.3733011641112967,3.9938084909972096,-2.620507326885913,1.9969042454986048,200
noisy_sir_overfit_risk,sir,sir,59,-84.57578159223652,-90.37437045362718,0.572222678611613,-5.798588861390655,3.994361287892534,-9.79295014928319,1.997180643946267,200
noisy_sir_overfit_risk,sir,sir,60,-90.44696332443323,-89.05035795219408,0.608486138122867,1.3966053722391507,3.9943671842869155,-2.597761812047765,1.9971835921434578,200
noisy_sir_overfit_risk,sir,sir,61,-76.0057064379475,-91.06531286457286,0.5421204507426576,-15.059606426625365,3.9941224420312924,-19.053728868656655,1.9970612210156462,200
noisy_sir_overfit_risk,sir,sir,62,-92.64404228959356,-85.47133463382463,0.6543507912883192,7.1727076557689315,3.993367897405302,3.1793397583636294,1.996683948702651,200
noisy_sir_overfit_risk,sir,sir,63,-92.14934349060493,-86.68326065383364,0.6259310708555702,5.466082836771292,3.993506868837825,1.4725759679334676,1.9967534344189124,200
noisy_sir_overfit_risk,sir,sir,64,-101.42150835596772,-91.69310599570508,0.5335766323888776,9.728402360262635,3.994064987811633,5.734337372451002,1.9970324939058166,200
noisy_sir_overfit_risk,sir,sir,65,-98.77017033161076,-90.8422111757327,0.5739326348365397,7.927959155878057,3.994040424855196,3.9339187310228607,1.997020212427598,200
noisy_sir_overfit_risk,sir,sir,66,-98.88667050952859,-87.67045934987887,0.6089829036692443,11.216211159649717,3.993969322683359,7.222241836966358,1.9969846613416795,200
noisy_sir_overfit_risk,sir,sir,67,-92.81584752608494,-89.99725409355415,0.5402065652514079,2.8185934325307898,3.9943636203012076,-1.1757701877704179,1.9971818101506038,200
noisy_sir_overfit_risk,sir,sir,68,-88.12495572822434,-88.34814069376685,0.562269558302985,-0.2231849655425151,3.994259743414448,-4.217444708956963,1.997129871707224,200
noisy_sir_overfit_risk,sir,sir,69,-103.65213012575337,-91.48517268751404,0.49223629483265113,12.166957438239336,3.9941657933525363,8.1727916448868,1.9970828966762681,200
noisy_sir_overfit_risk,sir,sir,70,-86.58235125928124,-88.89012144968954,0.6367559749594216,-2.3077701904083057,3.9936311265022377,-6.301401316910543,1.9968155632511189,200
noisy_sir_overfit_risk,sir,sir,71,-96.89706211551074,-90.1546669718422,0.5363401980478945,6.742395143668531,3.9937661053729023,2.748629038295629,1.9968830526864512,200
noisy_sir_overfit_risk,sir,sir,72,-87.66121429257483,-91.14947680302708,0.4791432333428162,-3.488262510452259,3.993938484874229,-7.4822009953264885,1.9969692424371146,200
noisy_sir_overfit_risk,sir,sir,73,-96.63314156916772,-91.15111214345136,0.5426375752025318,5.482029425716362,3.9940614582618057,1.4879679674545567,1.9970307291309028,200
noisy_sir_overfit_risk,sir,sir,74,-101.5377390664516,-91.39001534650224,0.5058359010352227,10.147723719949369,3.9939457825155467,6.153777937433822,1.9969728912577733,200
noisy_sir_overfit_risk,sir,sir,75,-87.66704298999545,-89.05419314131522,0.5757387441835446,-1.3871501513197728,3.9941023218001144,-5.381252473119887,1.9970511609000572,200
noisy_sir_overfit_risk,sir,sir,76,-103.21914531157776,-90.54304982463204,0.508314006352792,12.676095486945727,3.993974876525547,8.68212061042018,1.9969874382627735,200
noisy_sir_overfit_risk,sir,sir,77,-96.62323214122978,-88.63923925154461,0.60950689519908,7.983992889685169,3.9942157466197976,3.9897771430653712,1.9971078733098988,200
noisy_sir_overfit_risk,sir,sir,78,-100.63473649238225,-89.20805891657491,0.5929164186698507,11.426677575807332,3.993621702936548,7.433055872870784,1.996810851468274,200
noisy_sir_overfit_risk,sir,sir,79,-90.54871540822697,-91.36140089491295,0.5658624630743705,-0.8126854866859787,3.994127487410938,-4.806812974096917,1.997063743705469,200
noisy_sir_overfit_risk,sir,tv_sir,0,-92.80427560247017,-84.82222841114904,0.6934653864282824,7.982047191321129,6.065187340348641,1.9168598509724886,3.0325936701743204,200
noisy_sir_overfit_risk,sir,tv_sir,1,-81.78337486636015,-90.70280095938692,0.5798682178513346,-8.919426093026772,5.982620091761976,-14.902046184788748,2.991310045880988,200
noisy_sir_overfit_risk,sir,tv_sir,2,-108.46949283734975,-85.55768069935117,0.6581814262956581,22.91181213799858,6.028435654505429,16.88337648349315,3.0142178272527147,200
noisy_sir_overfit_risk,sir,tv_sir,3,-91.44489851836728,-90.79447072936037,0.5398967200194736,0.6504277890069119,6.021823510248711,-5.371395721241799,3.0109117551243556,200
noisy_sir_overfit_risk,sir,tv_sir,4,-89.07161178691362,-91.33538195963276,0.5355299277139293,-2.263770172719134,5.947860755620763,-8.211630928339897,2.9739303778103814,200
noisy_sir_overfit_risk,sir,tv_sir,5,-100.54108653976368,-89.28238475002276,0.5956421550915756,11.258701789740925,6.016928470864018,5.241773318876907,3.008464235432009,200
noisy_sir_overfit_risk,sir,tv_sir,6,-101.76083924446674,-90.29557574707236,0.5503381054533382,11.465263497394375,6.098601028199372,5.366662469195003,3.049300514099686,200
noisy_sir_overfit_risk,sir,tv_sir,7,-98.03434240312112,-86.5747416028182,0.6485977897732301,11.459600800302923,6.04179280646537,5.4178079938375525,3.020896403232685,200
noisy_sir_overfit_risk,sir,tv_sir,8,-78.42919516691794,-88.30795956786666,0.5756415683357198,-9.878764400948725,6.116654591345773,-15.995418992294498,3.0583272956728864,200
noisy_sir_overfit_risk,sir,tv_sir,9,-101.72413772401336,-88.40430531319998,0.6150302563410721,13.319832410813376,5.928926041026051,7.390906369787325,2.9644630205130253,200
noisy_sir_overfit_risk,sir,tv_sir,10,-101.06781943400487,-88.22064259420769,0.5645329452388892,12.847176839797186,5.987941123587518,6.8592357162096675,2.993970561793759,200
noisy_sir_overfit_risk,sir,tv_sir,11,-99.57407640060974,-84.95963432968855,0.5795825760390372,14.614442070921186,5.886766205004396,8.72767586591679,2.943383102502198,200
noisy_sir_overfit_risk,sir,tv_sir,12,-85.22380590963508,-90.40169123366704,0.49200658111032697,-5.177885324031962,6.070581306996865,-11.248466631028826,3.0352906534984325,200
noisy_sir_overfit_risk,sir,tv_sir,13,-90.43911436081402,-89.82153362467093,0.5970162292998205,0.6175807361430827,6.020653878807379,-5.403073142664296,3.0103269394036896,200
noisy_sir_overfit_risk,sir,tv_sir,14,-108.41628776614755,-83.96375443205228,0.6663374166676563,24.452533334095264,6.014763766741585,18.43776956735368,3.0073818833707926,200
noisy_sir_overfit_risk,sir,tv_sir,15,-82.68194741897833,-90.7018736612512,0.5173965173104792,-8.019926242272874,6.044733431539675,-14.06465967381255,3.0223667157698375,200
noisy_sir_overfit_risk,sir,tv_sir,16,-91.5481594286893,-88.53463918187038,0.598254252547363,3.0135202468189277,6.059624838949046,-3.046104592130118,3.029812419474523,200
noisy_sir_overfit_risk,sir,tv_sir,17,-98.66415587656822,-78.28498629663817,0.7131652828428937,20.37916957993005,5.882893244289411,14.496276335640639,2.9414466221447055,200
noisy_sir_overfit_risk,sir,tv_sir,18,-90.06362384105796,-89.0780555228188,0.5608194705097393,0.9855683182391601,6.010369201691168,-5.0248008834520075,3.005184600845584,200
noisy_sir_overfit_risk,sir,tv_sir,19,-98.63814811700283,-89.81189610449154,0.6180320381770059,8.82625201251129,5.961430618694841,2.864821393816449,2.9807153093474206,200
noisy_sir_overfit_risk,sir,tv_sir,20,-97.95097393811065,-85.97056291055677,0.630833842091937,11.980411027553885,6.042227498575606,5.9381835289782785,3.021113749287803,200
noisy_sir_overfit_risk,sir,tv_sir,21,-98.63751724694511,-88.6656438700251,0.5406934955019798,9.971873376920016,6.056624003951789,3.9152493729682263,3.0283120019758947,200
noisy_sir_overfit_risk,sir,tv_sir,22,-92.62188624859607,-89.9214579983387,0.5464440100043153,2.7004282502573744,6.013551582030806,-3.313123331773432,3.006775791015403,200
noisy_sir_overfit_risk,sir,tv_sir,23,-98.20704630478538,-89.69501456056481,0.5179227200700026,8.512031744220565,6.0645004483763,2.4475312958442643,3.03225022418815,200
noisy_sir_overfit_risk,sir,tv_sir,24,-103.6107321758488,-86.28682019533485,0.6029842857323824,17.32391198051394,5.982550755049688,11.341361225464253,2.991275377524844,200
noisy_sir_overfit_risk,sir,tv_sir,25,-79.29043446673242,-90.4558647787505,0.5351348771269777,-11.165430312018074,5.977757560218807,-17.14318787223688,2.9888787801094034,200
noisy_sir_overfit_risk,sir,tv_sir,26,-92.97029778372936,-87.78935537315493,0.6249055368209708,5.180942410574431,6.167779770002938,-0.9868373594285069,3.083889885001469,200
noisy_sir_overfit_risk,sir,tv_sir,27,-79.87012018818236,-84.38933489208732,0.7013248933297691,-4.519214703904964,5.9383100901943155,-10.45752479409928,2.9691550450971578,200
noisy_sir_overfit_risk,sir,tv_sir,28,-92.99477906861256,-89.890705427392,0.573212768768009,3.104073641220552,5.966266891422827,-2.8621932502022753,2.9831334457114136,200
noisy_sir_overfit_risk,sir,tv_sir,29,-93.81961459295762,-90.24933852946786,0.5479348473500664,3.5702760634897572,6.104353201348177,-2.5340771378584197,3.0521766006740885,200
noisy_sir_overfit_risk,sir,tv_sir,30,-91.32606358273802,-89.77616329723982,0.5972977006194086,1.5499002854981967,6.003070763089735,-4.453170477591538,3.0015353815448673,200
noisy_sir_overfit_risk,sir,tv_sir,31,-77.18319864218574,-90.42930855608724,0.5922155720590817,-13.246109913901492,5.951627289854766,-19.197737203756258,2.975813644927383,200
noisy_sir_overfit_risk,sir,tv_sir,32,-96.14603869370279,-89.23608675057135,0.5408348982119047,6.909951943131446,6.061438818902895,0.8485131242285515,3.0307194094514474,200
noisy_sir_overfit_risk,sir,tv_sir,33,-99.27498650787751,-84.3431390523213,0.629239424740246,14.931847455556209,6.039907587193291,8.891939868362918,3.0199537935966454,200
noisy_sir_overfit_risk,sir,tv_sir,34,-97.57419268596507,-90.05352041646209,0.588067064259711,7.520672269502981,5.990062158119588,1.5306101113833934,2.995031079059794,200
noisy_sir_overfit_risk,sir,tv_sir,35,-89.91521730649418,-87.35743992606709,0.6462051383798191,2.5577773804270976,5.894141015791387,-3.3363636353642896,2.9470705078956936,200
noisy_sir_overfit_risk,sir,tv_sir,36,-98.06016921240433,-84.93888743811937,0.658064749029211,13.121281774284967,6.017009003318515,7.1042727709664515,3.0085045016592575,200
noisy_sir_overfit_risk,sir,tv_sir,37,-95.00571374693786,-89.51754783321067,0.5237304079995082,5.488165913727187,5.978602710250908,-0.4904367965237215,2.989301355125454,200
noisy_sir_overfit_risk,sir,tv_sir,38,-92.82719193224742,-89.8812722344284,0.4743821932063392,2.945919697819022,6.067873169306161,-3.1219534714871386,3.0339365846530804,200
noisy_sir_overfit_risk,sir,tv_sir,39,-82.65772311436658,-86.17482303443175,0.6203671593329514,-3.517099920065178,5.9933500205699,-9.510449940635077,2.99667501028495,200
noisy_sir_overfit_risk,sir,tv_sir,40,-102.2336755806105,-85.26001471482869,0.6644864594313223,16.97366086578181,6.027835690536728,10.945825175245082,3.013917845268364,200
noisy_sir_overfit_risk,sir,tv_sir,41,-92.93466825819222,-88.36294649696383,0.5774255660967871,4.571721761228389,6.062775534537627,-1.491053773309238,3.0313877672688134,200
noisy_sir_overfit_risk,sir,tv_sir,42,-90.90784549482672,-87.22403337997501,0.6122159172370265,3.6838121148517047,6.1042797825143635,-2.420467667662659,3.0521398912571818,200
noisy_sir_overfit_risk,sir,tv_sir,43,-94.35731054825692,-84.02876405778078,0.6572664952623752,10.328546490476143,6.140135626819544,4.188410863656599,3.070067813409772,200
noisy_sir_overfit_risk,sir,tv_sir,44,-85.89526526171016,-90.51411429916024,0.5805625506685338,-4.618849037450076,6.098361046897457,-10.717210084347533,3.0491805234487286,200
noisy_sir_overfit_risk,sir,tv_sir,45,-99.02232903227518,-86.01702697832248,0.6067794292814273,13.005302053952704,5.891764169109804,7.1135378848429,2.945882084554902,200
noisy_sir_overfit_risk,sir,tv_sir,46,-80.96745196182019,-90.74196780477527,0.5591182495152841,-9.774515842955083,5.981315050144635,-15.755830893099716,2.9906575250723173,200
noisy_sir_overfit_risk,sir,tv_sir,47,-100.32944854198222,-91.5416193376528,0.5492839370746204,8.787829204329412,6.038752992551549,2.7490762117778633,3.0193764962757745,200
noisy_sir_overfit_risk,sir,tv_sir,48,-98.12988590963691,-91.5649574978274,0.5405717082890604,6.564928411809518,5.984692703065445,0.5802357087440733,2.9923463515327224,200
noisy_sir_overfit_risk,sir,tv_sir,49,-107.50139285049138,-79.72316897893555,0.667394078260759,27.778223871555838,5.875258978871007,21.90296489268483,2.9376294894355035,200
noisy_sir_overfit_risk,sir,tv_sir,50,-100.90254018705262,-86.52053953415674,0.6552479367328261,14.382000652895883,6.1561793387003885,8.225821314195494,3.0780896693501942,200
noisy_sir_overfit_risk,sir,tv_sir,51,-99.49466798124931,-89.80929094024424,0.5359078728343132,9.685377041005069,6.224068577341132,3.4613084636639364,3.112034288670566,200
noisy_sir_overfit_risk,sir,tv_sir,52,-95.81278272486486,-89.94112090229405,0.5445436651597324,5.871661822570815,6.031153418496711,-0.15949159592589623,3.0155767092483554,200
noisy_sir_overfit_risk,sir,tv_sir,53,-81.13395460441052,-91.15294432471494,0.5778998550591843,-10.018989720304418,6.026065855212583,-16.045055575517,3.0130329276062917,200
noisy_sir_overfit_risk,sir,tv_sir,54,-96.53737392026432,-88.95834882479295,0.5980696648266042,7.579025095471366,6.07094097817152,1.5080841172998456,3.03547048908576,200
noisy_sir_overfit_risk,sir,tv_sir,55,-84.67796770408569,-89.99113695427745,0.5577302078779465,-5.313169250191763,6.090870489763546,-11.404039739955309,3.045435244881773,200
noisy_sir_overfit_risk,sir,tv_sir,56,-95.19000414406948,-88.83944621438947,0.5921635565037398,6.350557929680008,5.917897334765994,0.43266059491401343,2.958948667382997,200
noisy_sir_overfit_risk,sir,tv_sir,57,-85.39704165259784,-86.78384500495787,0.6195343898638155,-1.3868033523600332,5.972147341672319,-7.358950694032353,2.9860736708361597,200
noisy_sir_overfit_risk,sir,tv_sir,58,-92.19236240607209,-89.01672887794548,0.5851509250308767,3.1756335281266104,6.010479887715418,-2.8348463595888074,3.005239943857709,200
noisy_sir_overfit_risk,sir,tv_sir,59,-86.08370613310815,-89.3776238658307,0.5654791382997473,-3.293917732722548,6.121175423096829,-9.415093155819378,3.0605877115484144,200
noisy_sir_overfit_risk,sir,tv_sir,60,-93.46956752700342,-87.1058163075336,0.5834727616249604,6.363751219469819,6.093812426219547,0.2699387932502715,3.0469062131097737,200
noisy_sir_overfit_risk,sir,tv_sir,61,-77.67412786090173,-89.06574743147367,0.525676067771725,-11.391619570571933,6.063597228168093,-17.455216798740025,3.0317986140840465,200
noisy_sir_overfit_risk,sir,tv_sir,62,-93.47434509238069,-85.42214797394413,0.6732100210937823,8.052197118436553,6.026944063765486,2.025253054671067,3.013472031882743,200
noisy_sir_overfit_risk,sir,tv_sir,63,-92.82893572809846,-85.77777063413501,0.6275273922862515,7.051165093963448,6.064929971209023,0.986235122754425,3.0324649856045114,200
noisy_sir_overfit_risk,sir,tv_sir,64,-101.68048603055198,-91.43574690669189,0.49929868980738856,10.244739123860086,5.985422456213263,4.259316667646822,2.9927112281066317,200
noisy_sir_overfit_risk,sir,tv_sir,65,-98.9082321696274,-90.52218128166096,0.5274491732124514,8.386050887966434,5.999721873590067,2.3863290143763667,2.9998609367950335,200
noisy_sir_overfit_risk,sir,tv_sir,66,-103.66816157630196,-84.70208300430072,0.6250870050802407,18.966078572001237,6.084569518959993,12.881509053041244,3.0422847594799967,200
noisy_sir_overfit_risk,sir,tv_sir,67,-93.53472450525143,-89.12701288481537,0.5342487767786264,4.407711620436061,6.091150635703647,-1.6834390152675862,3.0455753178518234,200
noisy_sir_overfit_risk,sir,tv_sir,68,-88.37974955561427,-89.06860260446143,0.5301004179702701,-0.6888530488471645,6.062393727526426,-6.75124677637359,3.031196863763213,200
noisy_sir_overfit_risk,sir,tv_sir,69,-103.70006630227996,-91.39663731418206,0.5483875450866174,12.303428988097906,6.060922069768948,6.242506918328958,3.030461034884474,200
noisy_sir_overfit_risk,sir,tv_sir,70,-87.16524116260456,-87.09034156275004,0.5803427183288836,0.07489959985451833,5.947838402600243,-5.8729388027457246,2.9739192013001214,200
noisy_sir_overfit_risk,sir,tv_sir,71,-98.06030420419987,-89.3808706794349,0.5392242366055114,8.67943352476496,6.092247936977125,2.587185587787835,3.0461239684885624,200
noisy_sir_overfit_risk,sir,tv_sir,72,-88.2914301845716,-91.96584388933081,0.5104083769469343,-3.6744137047592176,5.964339229252987,-9.638752934012205,2.9821696146264935,200
noisy_sir_overfit_risk,sir,tv_sir,73,-98.94794674009714,-89.27731572920749,0.5847095732064937,9.67063101088965,5.94132388445883,3.72930712643082,2.970661942229415,200
noisy_sir_overfit_risk,sir,tv_sir,74,-101.9344950229649,-90.54881363814859,0.5982557491278746,11.385681384816309,5.969186526152107,5.416494858664201,2.9845932630760537,200
noisy_sir_overfit_risk,sir,tv_sir,75,-89.0749844362267,-88.53360515702714,0.56395350201305,0.5413792791995604,5.952072067053784,-5.410692787854224,2.976036033526892,200
noisy_sir_overfit_risk,sir,tv_sir,76,-103.76757220334854,-90.9225243454114,0.5614386962401892,12.845047857937132,5.982102882722296,6.862944975214836,2.991051441361148,200
noisy_sir_overfit_risk,sir,tv_sir,77,-104.66682542236298,-81.6336722483971,0.6529816765120289,23.03315317396587,5.90528775899304,17.12786541497283,2.95264387949652,200
noisy_sir_overfit_risk,sir,tv_sir,78,-102.187357629123,-86.81526883013419,0.644231292311283,15.372088798988813,6.030975039447947,9.341113759540866,3.0154875197239734,200
noisy_sir_overfit_risk,sir,tv_sir,79,-90.5397659842023,-90.70478425073561,0.6150355820669771,-0.1650182665333091,6.040358712487997,-6.205376979021306,3.0201793562439985,200
noisy_sir_overfit_risk,sir,ude_sir_h2,0,-92.86487123773372,-87.11968559797235,0.5638573874498161,5.745185639761374,5.854602519578346,-0.10941687981697257,2.927301259789173,200
noisy_sir_overfit_risk,sir,ude_sir_h2,1,-81.55112166311585,-91.72796564882819,0.5169379580162906,-10.176843985712338,5.546436088533069,-15.723280074245407,2.7732180442665344,200
noisy_sir_overfit_risk,sir,ude_sir_h2,2,-108.41469680325915,-84.89248745014147,0.5953884184556635,23.522209353117674,5.85420289085552,17.668006462262156,2.92710144542776,200
noisy_sir_overfit_risk,sir,ude_sir_h2,3,-91.31915632541111,-91.38122160132342,0.5520459832064993,-0.062065275912303264,4.999218625371019,-5.061283901283322,2.4996093126855095,200
noisy_sir_overfit_risk,sir,ude_sir_h2,4,-88.78038043572404,-90.49528064655811,0.563707501710401,-1.7149002108340738,5.398717169927181,-7.113617380761255,2.6993585849635906,200
noisy_sir_overfit_risk,sir,ude_sir_h2,5,-100.54573343606893,-90.1184526860412,0.574876777660763,10.427280750027734,5.034555457353029,5.3927252926747045,2.5172777286765147,200
noisy_sir_overfit_risk,sir,ude_sir_h2,6,-101.598717125214,-91.29245142002785,0.5109271233590273,10.30626570518615,5.530013316436062,4.776252388750088,2.765006658218031,200
noisy_sir_overfit_risk,sir,ude_sir_h2,7,-97.99143451325483,-88.17671038362523,0.5665300952562807,9.814724129629596,5.748375940487278,4.066348189142318,2.874187970243639,200
noisy_sir_overfit_risk,sir,ude_sir_h2,8,-78.37969452660556,-87.6316886518419,0.6290655623332887,-9.251994125236337,5.60688374988833,-14.858877875124666,2.803441874944165,200
noisy_sir_overfit_risk,sir,ude_sir_h2,9,-101.54298330593652,-90.17018875039861,0.5421045057710422,11.372794555537908,5.7148081704689,5.657986385069008,2.85740408523445,200
noisy_sir_overfit_risk,sir,ude_sir_h2,10,-100.47491557668246,-88.71960064812345,0.5869515270900145,11.755314928559017,5.195388031214001,6.559926897345016,2.5976940156070003,200
noisy_sir_overfit_risk,sir,ude_sir_h2,11,-99.52053683173233,-87.09291577458734,0.60342475931317,12.42762105714499,5.938945716938122,6.488675340206868,2.969472858469061,200
noisy_sir_overfit_risk,sir,ude_sir_h2,12,-85.2832524124959,-91.19449362198716,0.5454277350112675,-5.911241209491266,5.485349202586712,-11.396590412077977,2.742674601293356,200
noisy_sir_overfit_risk,sir,ude_sir_h2,13,-90.1798904899897,-89.17536755302248,0.5236870468334568,1.00452293696722,5.322140715264732,-4.317617778297512,2.661070357632366,200
noisy_sir_overfit_risk,sir,ude_sir_h2,14,-108.12163222443799,-85.10209983387111,0.5950461423464242,23.01953239056688,5.7343035953955175,17.285228795171363,2.8671517976977587,200
noisy_sir_overfit_risk,sir,ude_sir_h2,15,-82.63279313567797,-90.72874084390533,0.5214379040116969,-8.095947708227357,5.465330426424515,-13.561278134651872,2.7326652132122575,200
noisy_sir_overfit_risk,sir,ude_sir_h2,16,-91.12583277430141,-89.0503584279972,0.5913697454398368,2.075474346304219,5.791609689816703,-3.7161353435124838,2.8958048449083513,200
noisy_sir_overfit_risk,sir,ude_sir_h2,17,-97.97935006019964,-80.26402161570076,0.7355484896654061,17.71532844449888,5.769686678243268,11.945641766255612,2.884843339121634,200
noisy_sir_overfit_risk,sir,ude_sir_h2,18,-89.90472151400974,-88.83918179553844,0.5151091397549512,1.0655397184712996,4.6698516623132535,-3.604311943841954,2.3349258311566268,200
noisy_sir_overfit_risk,sir,ude_sir_h2,19,-98.46059790355108,-89.37114224810738,0.5908455192232989,9.0894556554437,5.527738202108643,3.5617174533350573,2.7638691010543215,200
noisy_sir_overfit_risk,sir,ude_sir_h2,20,-98.06311180064287,-85.6349371375547,0.6043546874279713,12.428174663088171,5.524449495403832,6.903725167684339,2.762224747701916,200
noisy_sir_overfit_risk,sir,ude_sir_h2,21,-98.40666514440564,-89.87699744166268,0.5491136934897676,8.529667702742955,5.5940926762554675,2.935575026487488,2.7970463381277337,200
noisy_sir_overfit_risk,sir,ude_sir_h2,22,-92.5584331703648,-91.52300820382854,0.5111699685104412,1.0354249665362545,5.231112016374068,-4.195687049837813,2.615556008187034,200
noisy_sir_overfit_risk,sir,ude_sir_h2,23,-98.21945794957587,-89.66831779117194,0.5777387757538709,8.551140158403925,3.994436719424529,4.556703438979396,1.9972183597122646,200
noisy_sir_overfit_risk,sir,ude_sir_h2,24,-103.59466235924968,-87.35732126691403,0.6490254400981007,16.237341092335654,3.993620531610275,12.243720560725379,1.9968102658051374,200
noisy_sir_overfit_risk,sir,ude_sir_h2,25,-79.14362874977655,-90.63217045340572,0.6074540727837395,-11.488541703629167,5.458739719183794,-16.94728142281296,2.729369859591897,200
noisy_sir_overfit_risk,sir,ude_sir_h2,26,-92.41498424599044,-87.70997933873448,0.5828793265523862,4.7050049072559545,3.9938165040170177,0.7111884032389368,1.9969082520085089,200
noisy_sir_overfit_risk,sir,ude_sir_h2,27,-79.8299309195782,-85.90570652890068,0.6219778172982136,-6.075775609322477,5.344162412760511,-11.419938022082988,2.6720812063802555,200
noisy_sir_overfit_risk,sir,ude_sir_h2,28,-92.92300362040467,-90.0844406927896,0.5791902455334337,2.8385629276150723,5.526528379330921,-2.687965451715849,2.7632641896654606,200
noisy_sir_overfit_risk,sir,ude_sir_h2,29,-93.5402490283952,-91.05871383162601,0.5434476363139148,2.4815351967691868,4.422105893162451,-1.940570696393264,2.2110529465812254,200
noisy_sir_overfit_risk,sir,ude_sir_h2,30,-91.45930918217056,-89.1301826110841,0.5639332975474395,2.329126571086462,5.644714321972604,-3.3155877508861415,2.822357160986302,200
noisy_sir_overfit_risk,sir,ude_sir_h2,31,-76.8963228806349,-89.18386588161451,0.5578388123054424,-12.28754300097961,5.514985830903687,-17.802528831883297,2.7574929154518437,200
noisy_sir_overfit_risk,sir,ude_sir_h2,32,-96.10352610048764,-90.39521036287759,0.558387588742215,5.70831573761005,5.813222062542751,-0.10490632493270091,2.9066110312713755,200
noisy_sir_overfit_risk,sir,ude_sir_h2,33,-99.23840378105822,-85.07834718742306,0.6529335113019947,14.160056593635161,5.651094351066933,8.508962242568227,2.8255471755334667,200
noisy_sir_overfit_risk,sir,ude_sir_h2,34,-97.47304467554397,-90.33902143413836,0.5147363730508957,7.134023241405615,5.536054836246342,1.5979684051592722,2.768027418123171,200
noisy_sir_overfit_risk,sir,ude_sir_h2,35,-89.47343218220456,-89.71306775847813,0.5399609238937236,-0.2396355762735709,5.779337962130121,-6.018973538403692,2.8896689810650606,200
noisy_sir_overfit_risk,sir,ude_sir_h2,36,-97.94945888586169,-84.62331627489759,0.6525148454230008,13.326142610964098,5.221231069394646,8.104911541569452,2.610615534697323,200
noisy_sir_overfit_risk,sir,ude_sir_h2,37,-95.12566985364654,-89.31219794973158,0.5599965125467353,5.813471903914959,5.712910855128867,0.10056104878609151,2.8564554275644336,200
noisy_sir_overfit_risk,sir,ude_sir_h2,38,-92.68079716810644,-91.58020266012961,0.4981783995818887,1.1005945079768225,5.572479449185145,-4.471884941208322,2.7862397245925723,200
noisy_sir_overfit_risk,sir,ude_sir_h2,39,-82.25552916983766,-86.07314038404292,0.6672915682230912,-3.8176112142052574,5.194159408154967,-9.011770622360224,2.5970797040774833,200
noisy_sir_overfit_risk,sir,ude_sir_h2,40,-102.3387676726658,-85.69233876221845,0.6676808865297694,16.64642891044734,5.552779213637228,11.093649696810113,2.776389606818614,200
noisy_sir_overfit_risk,sir,ude_sir_h2,41,-92.87822919810488,-87.70901113484435,0.6297443969520999,5.16921806326053,5.5037179672098935,-0.33449990394936346,2.7518589836049467,200
noisy_sir_overfit_risk,sir,ude_sir_h2,42,-90.43544728436396,-86.6699250458019,0.6077054905379228,3.765522238562056,6.028812835430759,-2.2632905968687025,3.0144064177153793,200
noisy_sir_overfit_risk,sir,ude_sir_h2,43,-94.09143110323183,-86.65078959964728,0.5903608662787744,7.440641503584544,6.1194468805753335,1.3211946230092106,3.0597234402876667,200
noisy_sir_overfit_risk,sir,ude_sir_h2,44,-85.96692827293467,-90.60546031785043,0.5263955993790185,-4.638532044915763,5.537150050512895,-10.175682095428659,2.7685750252564474,200
noisy_sir_overfit_risk,sir,ude_sir_h2,45,-98.31239106337073,-88.45818463055944,0.5357374877333643,9.854206432811282,5.781872541981662,4.072333890829619,2.890936270990831,200
noisy_sir_overfit_risk,sir,ude_sir_h2,46,-81.03958319448664,-91.20042103505854,0.5185992158962869,-10.1608378405719,5.542195957340831,-15.703033797912731,2.7710979786704155,200
noisy_sir_overfit_risk,sir,ude_sir_h2,47,-100.25155549824646,-90.47497526896113,0.607718434244819,9.77658022928533,5.4456760692974315,4.330904159987898,2.7228380346487158,200
noisy_sir_overfit_risk,sir,ude_sir_h2,48,-97.92596749559858,-90.2617575660775,0.576375383010169,7.664209929521078,3.9942420786849917,3.6699678508360867,1.9971210393424959,200
noisy_sir_overfit_risk,sir,ude_sir_h2,49,-107.32322675195388,-80.53576417515437,0.6589180013771704,26.787462576799513,5.758905877121157,21.028556699678354,2.8794529385605787,200
noisy_sir_overfit_risk,sir,ude_sir_h2,50,-100.60773222745583,-87.47485277176206,0.6015009988494305,13.132879455693768,5.594462532494694,7.538416923199074,2.797231266247347,200
noisy_sir_overfit_risk,sir,ude_sir_h2,51,-99.00390312489924,-89.15747253587138,0.5841357739172156,9.846430589027861,5.320000667983287,4.526429921044574,2.6600003339916434,200
noisy_sir_overfit_risk,sir,ude_sir_h2,52,-95.53685278646805,-90.28945630435769,0.5553466471171621,5.247396482110361,4.943235302139534,0.30416117997082637,2.471617651069767,200
noisy_sir_overfit_risk,sir,ude_sir_h2,53,-81.21016994601311,-90.0366915458025,0.6396322956241154,-8.826521599789388,5.51698311729006,-14.343504717079448,2.75849155864503,200
noisy_sir_overfit_risk,sir,ude_sir_h2,54,-96.63595431635513,-89.84541707159471,0.6187742036758564,6.790537244760415,5.693048000041686,1.0974892447187292,2.846524000020843,200
noisy_sir_overfit_risk,sir,ude_sir_h2,55,-84.6642204902133,-89.73809113764318,0.5544059078293753,-5.073870647429885,3.994443500500319,-9.068314147930204,1.9972217502501595,200
noisy_sir_overfit_risk,sir,ude_sir_h2,56,-94.65264323223535,-89.22615650750454,0.5344476979645334,5.4264867247308075,5.5479892462587275,-0.12150252152791996,2.7739946231293637,200
noisy_sir_overfit_risk,sir,ude_sir_h2,57,-85.3528108202448,-88.85850588943791,0.6080170336043583,-3.5056950691931092,5.3063518073047105,-8.81204687649782,2.6531759036523552,200
noisy_sir_overfit_risk,sir,ude_sir_h2,58,-92.20165947850438,-89.77729025635045,0.5469089227573162,2.4243692221539277,3.993923480573387,-1.5695542584194593,1.9969617402866935,200
noisy_sir_overfit_risk,sir,ude_sir_h2,59,-85.81462129864059,-88.70008548674159,0.5510446441200039,-2.885464188100997,5.715864555208965,-8.601328743309962,2.8579322776044824,200
noisy_sir_overfit_risk,sir,ude_sir_h2,60,-93.06784553687623,-87.96466078951217,0.5812803520490933,5.103184747364068,5.855333030630786,-0.7521482832667177,2.927666515315393,200
noisy_sir_overfit_risk,sir,ude_sir_h2,61,-77.4383156624585,-90.10750682655863,0.5426469724085762,-12.669191164100127,5.704499486891168,-18.373690650991293,2.852249743445584,200
noisy_sir_overfit_risk,sir,ude_sir_h2,62,-93.57547355202175,-85.22859853336007,0.6107368518242713,8.346875018661677,5.6218070654185555,2.725067953243122,2.8109035327092777,200
noisy_sir_overfit_risk,sir,ude_sir_h2,63,-92.73022796396297,-85.95985784316562,0.6970242797866355,6.770370120797352,5.514669046067519,1.2557010747298332,2.7573345230337596,200
noisy_sir_overfit_risk,sir,ude_sir_h2,64,-101.51130241616093,-90.39849775315918,0.5772034642366355,11.112804663001754,5.090886254828896,6.021918408172858,2.545443127414448,200
noisy_sir_overfit_risk,sir,ude_sir_h2,65,-98.82037118754182,-91.16300884687416,0.5503786201918485,7.65736234066766,4.887455535799953,2.7699068048677074,2.4437277678999765,200
noisy_sir_overfit_risk,sir,ude_sir_h2,66,-103.4055962055566,-84.28906994167345,0.6538702190939039,19.11652626388316,5.988754093784589,13.12777217009857,2.9943770468922946,200
noisy_sir_overfit_risk,sir,ude_sir_h2,67,-93.32299174649789,-89.34429375085527,0.5927862356485761,3.9786979956426194,5.546703645012689,-1.56800564937007,2.7733518225063447,200
noisy_sir_overfit_risk,sir,ude_sir_h2,68,-88.26657894155917,-87.43660563370136,0.6073081496900696,0.8299733078578129,5.298425655740859,-4.468452347883046,2.6492128278704294,200
noisy_sir_overfit_risk,sir,ude_sir_h2,69,-103.67397431481537,-91.13006285765844,0.5461259383714437,12.543911457156923,4.649331527252414,7.894579929904509,2.324665763626207,200
noisy_sir_overfit_risk,sir,ude_sir_h2,70,-86.7677823625277,-88.1786586381477,0.6061106379336663,-1.410876275619998,5.248746115021964,-6.659622390641962,2.624373057510982,200
noisy_sir_overfit_risk,sir,ude_sir_h2,71,-97.7862752225756,-89.77464627186248,0.5308784873166621,8.011628950713117,5.618510927024694,2.393118023688423,2.809255463512347,200
noisy_sir_overfit_risk,sir,ude_sir_h2,72,-87.71010546449642,-91.00409939048124,0.528101257806783,-3.2939939259848217,4.839626177157682,-8.133620103142505,2.419813088578841,200
noisy_sir_overfit_risk,sir,ude_sir_h2,73,-98.87808115056544,-89.99962966236582,0.528846190605465,8.878451488199616,5.714051796565443,3.1643996916341726,2.8570258982827217,200
noisy_sir_overfit_risk,sir,ude_sir_h2,74,-101.71798855177218,-91.03805838320478,0.5382636439433326,10.679930168567395,5.277283375925838,5.402646792641558,2.638641687962919,200
noisy_sir_overfit_risk,sir,ude_sir_h2,75,-88.96165492108595,-89.29304241664886,0.6011453570417707,-0.3313874955629075,5.635181754980173,-5.96656925054308,2.8175908774900864,200
noisy_sir_overfit_risk,sir,ude_sir_h2,76,-103.61217953114917,-90.7769748929835,0.5936469818688045,12.835204638165663,5.451175713819712,7.384028924345952,2.725587856909856,200
noisy_sir_overfit_risk,sir,ude_sir_h2,77,-104.27658225718115,-83.66380153445583,0.6494344704544274,20.61278072272532,6.006972855972265,14.605807866753054,3.0034864279861324,200
noisy_sir_overfit_risk,sir,ude_sir_h2,78,-101.98800268651979,-89.52386133287193,0.6046325280770044,12.464141353647861,5.673377088859051,6.79076426478881,2.8366885444295256,200
noisy_sir_overfit_risk,sir,ude_sir_h2,79,-90.54872239925751,-91.08050487082909,0.5579889440139186,-0.5317824715715744,3.994235613004588,-4.526018084576163,1.997117806502294,200
regular_sir_full,sir,neural_ode_h2,0,-545.3784456827791,-534.4527313505617,1.052995191598407,10.925714332217353,15.232904397904736,-4.307190065687383,7.616452198952368,200
regular_sir_full,sir,neural_ode_h2,1,-542.9156748284416,-525.005669963376,1.2937033640867786,17.910004865065616,15.129798365283825,2.780206499781791,7.564899182641913,200
regular_sir_full,sir,neural_ode_h2,2,-554.3540469320063,-534.0866412787062,1.19024540632989,20.267405653300102,15.282429902669978,4.984975750630124,7.641214951334989,200
regular_sir_full,sir,neural_ode_h2,3,-541.3227656794853,-536.727895687637,1.0833715917953481,4.594869991848327,15.320905100666856,-10.726035108818529,7.660452550333428,200
regular_sir_full,sir,neural_ode_h2,4,-526.741595182596,-538.5834407676252,1.1714474040309386,-11.841845585029205,15.254406170131404,-27.09625175516061,7.627203085065702,200
regular_sir_full,sir,neural_ode_h2,5,-542.1926869586081,-538.5209849720007,1.1389918072142147,3.6717019866073315,15.238020818277896,-11.566318831670564,7.619010409138948,200
regular_sir_full,sir,neural_ode_h2,6,-580.6634569453491,-523.9918744695789,1.17809587397328,56.671582475770265,15.351300622046683,41.320281853723586,7.675650311023341,200
regular_sir_full,sir,neural_ode_h2,7,-559.9749279398977,-534.4778230216899,1.1058171015068623,25.49710491820781,15.39442977389292,10.10267514431489,7.69721488694646,200
regular_sir_full,sir,neural_ode_h2,8,-537.5663772641518,-534.0817528076268,1.2139038336322578,3.4846244565250117,15.331548002239893,-11.846923545714882,7.665774001119947,200
regular_sir_full,sir,neural_ode_h2,9,-561.3973391491204,-533.1258628483602,1.266355465415607,28.27147630076024,15.433376390919674,12.838099909840567,7.716688195459837,200
regular_sir_full,sir,neural_ode_h2,10,-567.9486709850329,-533.7400992586048,1.164000222940447,34.20857172642809,15.29584644869745,18.91272527773064,7.647923224348725,200
regular_sir_full,sir,neural_ode_h2,11,-556.368034262848,-534.157203892433,1.0675195358403553,22.21083037041501,15.343460473546502,6.867369896868508,7.671730236773251,200
regular_sir_full,sir,neural_ode_h2,12,-546.3362893476458,-528.1820481478854,1.1256810655776994,18.15424119976035,15.311967226920727,2.8422739728396227,7.655983613460363,200
regular_sir_full,sir,neural_ode_h2,13,-543.3213338676816,-534.2116739438842,1.0363722059361546,9.10965992379738,15.520758752636556,-6.411098828839176,7.760379376318278,200
regular_sir_full,sir,neural_ode_h2,14,-568.3307804341789,-534.5138125840184,1.0461190044902275,33.816967850160495,15.498401266060458,18.318566584100036,7.749200633030229,200
regular_sir_full,sir,neural_ode_h2,15,-537.2856947160138,-544.7430307030905,0.9352908245077272,-7.4573359870767035,15.335516380873157,-22.792852367949862,7.667758190436579,200
regular_sir_full,sir,neural_ode_h2,16,-552.5287734754153,-532.6031372183679,1.1209041902717065,19.92563625704736,15.058518655204509,4.86711760184285,7.529259327602254,200
regular_sir_full,sir,neural_ode_h2,17,-549.4502244354959,-532.3842196581556,1.1239131669328515,17.066004777340254,15.302717240495266,1.763287536844988,7.651358620247633,200
regular_sir_full,sir,neural_ode_h2,18,-527.8883902362987,-535.5089842972687,1.0387013856093572,-7.6205940609700065,15.344150036721608,-22.964744097691614,7.672075018360804,200
regular_sir_full,sir,neural_ode_h2,19,-547.8865424457965,-536.0967873516196,1.195145021069369,11.78975509417694,15.395690149388257,-3.605935055211317,7.697845074694128,200
regular_sir_full,sir,neural_ode_h2,20,-556.8792681281848,-538.2811693800651,1.03695348782732,18.598098748119696,15.405838658728797,3.1922600893908992,7.7029193293643985,200
regular_sir_full,sir,neural_ode_h2,21,-574.2731871150793,-519.8743939499157,1.1653339666393594,54.398793165163625,15.364786484370567,39.034006680793055,7.682393242185284,200
regular_sir_full,sir,neural_ode_h2,22,-533.9764918441394,-539.2187180379334,1.067307129271501,-5.242226193793954,15.368944663966843,-20.611170857760797,7.684472331983422,200
regular_sir_full,sir,neural_ode_h2,23,-524.2464811691634,-539.1014702034682,1.0299853884104617,-14.854989034304822,15.295824353052641,-30.150813387357463,7.6479121765263205,200
regular_sir_full,sir,neural_ode_h2,24,-544.5968109264276,-537.6832386473698,1.0767576205740588,6.913572279057803,15.243828285099278,-8.330256006041475,7.621914142549639,200
regular_sir_full,sir,neural_ode_h2,25,-515.2729802530531,-530.7933316011291,1.1762100186308884,-15.52035134807602,15.426991167249287,-30.947342515325307,7.713495583624644,200
regular_sir_full,sir,neural_ode_h2,26,-555.3774551200175,-534.2118772130489,1.0869834635477669,21.16557790696868,15.377239738173397,5.788338168795281,7.688619869086699,200
regular_sir_full,sir,neural_ode_h2,27,-562.7576438494882,-540.7892398052127,1.1091338920005405,21.96840404427553,15.296076973782174,6.672327070493356,7.648038486891087,200
regular_sir_full,sir,neural_ode_h2,28,-548.5275975444935,-536.6156911992631,1.1028711841311043,11.911906345230364,15.296190450687565,-3.3842841054572013,7.648095225343782,200
regular_sir_full,sir,neural_ode_h2,29,-557.2526576917883,-541.6789039763444,0.977331098453597,15.5737537154439,15.259443622815416,0.3143100926284834,7.629721811407708,200
regular_sir_full,sir,neural_ode_h2,30,-558.2066380471861,-540.070713355074,1.0733159738922118,18.1359246921121,15.335673013388254,2.8002516787238445,7.667836506694127,200
regular_sir_full,sir,neural_ode_h2,31,-567.6984061503255,-538.8545700214225,1.0520142697859487,28.84383612890292,15.368374481992866,13.475461646910055,7.684187240996433,200
regular_sir_full,sir,neural_ode_h2,32,-562.9245475879871,-538.7623886026929,1.0058816653997165,24.16215898529424,15.424083467995741,8.7380755172985,7.712041733997871,200
regular_sir_full,sir,neural_ode_h2,33,-549.2311694449468,-542.8897405102102,1.0931429597868452,6.341428934736541,15.466931401537614,-9.125502466801073,7.733465700768807,200
regular_sir_full,sir,neural_ode_h2,34,-544.1930758981687,-540.534010852978,1.089345810164954,3.6590650451906868,15.304731504442188,-11.645666459251501,7.652365752221094,200
regular_sir_full,sir,neural_ode_h2,35,-547.2435483904934,-538.9485295093856,1.0836719171666453,8.295018881107808,15.34028094103293,-7.045262059925122,7.670140470516465,200
regular_sir_full,sir,neural_ode_h2,36,-559.5988246372725,-531.9161967925564,1.2110979844276066,27.68262784471608,15.454404219410574,12.228223625305507,7.727202109705287,200
regular_sir_full,sir,neural_ode_h2,37,-577.7141030014591,-542.5999319250998,0.996991776725556,35.1141710763593,15.444263520068812,19.669907556290486,7.722131760034406,200
regular_sir_full,sir,neural_ode_h2,38,-550.6954473499487,-531.6999604660102,1.085791135015216,18.995486883938497,15.385510778028756,3.609976105909741,7.692755389014378,200
regular_sir_full,sir,neural_ode_h2,39,-523.0893991935953,-539.5953811589421,1.070468950047295,-16.50598196534679,15.440317420225156,-31.946299385571947,7.720158710112578,200
regular_sir_full,sir,neural_ode_h2,40,-546.0571701837351,-535.0125378908349,1.0580569112723164,11.044632292900246,15.284794414020372,-4.240162121120125,7.642397207010186,200
regular_sir_full,sir,neural_ode_h2,41,-519.054056624442,-533.3174900790448,1.2387769000701483,-14.263433454602819,15.40680366782149,-29.67023712242431,7.703401833910745,200
regular_sir_full,sir,neural_ode_h2,42,-530.6349067043883,-537.8546596639334,1.097433944031388,-7.219752959545076,15.390590805665452,-22.61034376521053,7.695295402832726,200
regular_sir_full,sir,neural_ode_h2,43,-532.8872130390141,-537.3338990813095,1.0333513162549113,-4.446686042295369,15.333530784258576,-19.780216826553946,7.666765392129288,200
regular_sir_full,sir,neural_ode_h2,44,-537.986810539594,-533.2619415234727,1.1231923945915387,4.724869016121261,15.361933532788557,-10.637064516667296,7.6809667663942784,200
regular_sir_full,sir,neural_ode_h2,45,-574.5143382360417,-535.7524358573289,1.1799358257487271,38.76190237871276,15.56695611729044,23.194946261422324,7.78347805864522,200
regular_sir_full,sir,neural_ode_h2,46,-541.7915071399703,-533.9890358737255,1.2172680645958203,7.802471266244879,15.286996803791371,-7.484525537546492,7.643498401895686,200
regular_sir_full,sir,neural_ode_h2,47,-561.6891275159319,-533.1790279062701,1.0926960042312592,28.51009960966178,15.392650903475001,13.117448706186778,7.696325451737501,200
regular_sir_full,sir,neural_ode_h2,48,-538.8576363075144,-530.6783305008337,1.0912779765300562,8.179305806680759,15.339425483654548,-7.160119676973789,7.669712741827274,200
regular_sir_full,sir,neural_ode_h2,49,-561.9774295726858,-536.4375873025358,1.087066463886337,25.53984227014996,15.390548403215602,10.149293866934359,7.695274201607801,200
regular_sir_full,sir,neural_ode_h2,50,-535.9391575581101,-543.7128117776297,1.0509910076928495,-7.773654219519585,15.383197990931848,-23.156852210451433,7.691598995465924,200
regular_sir_full,sir,neural_ode_h2,51,-557.3657153206971,-535.0717159494706,1.1243020582061856,22.293999371226505,15.545662125407958,6.748337245818547,7.772831062703979,200
regular_sir_full,sir,neural_ode_h2,52,-534.0310952095774,-538.9972365141858,1.047722686520221,-4.9661413046084135,15.388672172127476,-20.35481347673589,7.694336086063738,200
regular_sir_full,sir,neural_ode_h2,53,-561.1941443380438,-528.345011903701,1.1426975640537387,32.84913243434278,15.291204006191464,17.557928428151314,7.645602003095732,200
regular_sir_full,sir,neural_ode_h2,54,-537.1098781878171,-539.4788757506084,1.0751467866017013,-2.3689975627912645,15.28639758539136,-17.655395148182624,7.64319879269568,200
regular_sir_full,sir,neural_ode_h2,55,-552.0553335953302,-537.6326211105763,1.2601062546272,14.422712484753902,15.299301152272516,-0.8765886675186145,7.649650576136258,200
regular_sir_full,sir,neural_ode_h2,56,-558.0234774654461,-535.1467813917073,1.1956769680048764,22.8766960737388,15.333331928123322,7.543364145615477,7.666665964061661,200
regular_sir_full,sir,neural_ode_h2,57,-537.3073749386269,-535.4400250914107,1.1699343009637269,1.8673498472162464,15.261444085912078,-13.394094238695832,7.630722042956039,200
regular_sir_full,sir,neural_ode_h2,58,-535.857009190064,-536.0038818917876,1.1753985575972448,-0.14687270172362332,15.493248265445118,-15.640120967168741,7.746624132722559,200
regular_sir_full,sir,neural_ode_h2,59,-552.1169995636407,-540.7717934007667,1.068209703526703,11.345206162873978,15.447647606162523,-4.102441443288544,7.723823803081261,200
regular_sir_full,sir,neural_ode_h2,60,-526.2350092944947,-540.5251702167866,1.0468922780416952,-14.290160922291875,15.30968446622063,-29.599845388512506,7.654842233110315,200
regular_sir_full,sir,neural_ode_h2,61,-539.229611994992,-535.6489414087586,1.1552760238503552,3.5806705862333956,15.334421585403858,-11.753750999170462,7.667210792701929,200
regular_sir_full,sir,neural_ode_h2,62,-553.562063678281,-537.8354231960983,1.0380600798346094,15.726640482182688,15.51141929822724,0.21522118395544787,7.75570964911362,200
regular_sir_full,sir,neural_ode_h2,63,-547.4181348985287,-537.2236632417599,1.0950819431279974,10.19447165676877,15.411837212633058,-5.217365555864289,7.705918606316529,200
regular_sir_full,sir,neural_ode_h2,64,-563.9873759329066,-537.3215821310639,0.9713361012475776,26.66579380184271,15.358471469583822,11.307322332258888,7.679235734791911,200
regular_sir_full,sir,neural_ode_h2,65,-560.0131826080515,-536.4402904635302,1.1549182235208513,23.572892144521234,15.44356735959745,8.129324784923783,7.721783679798725,200
regular_sir_full,sir,neural_ode_h2,66,-531.4613096628509,-531.7536420902501,1.2066673820620841,-0.29233242739917387,15.315964042391194,-15.608296469790368,7.657982021195597,200
regular_sir_full,sir,neural_ode_h2,67,-544.7120782101367,-534.6570489206974,0.9671770399574541,10.05502928943929,15.357405454738451,-5.302376165299162,7.678702727369226,200
regular_sir_full,sir,neural_ode_h2,68,-538.8797831595989,-533.1922655808054,1.2189681539325148,5.687517578793518,15.338320193304208,-9.65080261451069,7.669160096652104,200
regular_sir_full,sir,neural_ode_h2,69,-562.4327355963192,-526.4353228279618,1.1877067382217203,35.99741276835732,15.23782904555468,20.759583722802642,7.61891452277734,200
regular_sir_full,sir,neural_ode_h2,70,-541.7350499474693,-545.135154704327,1.0296012875718488,-3.4001047568576723,15.299847274577388,-18.69995203143506,7.649923637288694,200
regular_sir_full,sir,neural_ode_h2,71,-556.0627899111056,-538.997738419968,1.0773847874565214,17.065051491137638,15.368856394426771,1.6961950967108663,7.684428197213386,200
regular_sir_full,sir,neural_ode_h2,72,-564.0130294811275,-535.2661587265465,1.1011956528466398,28.746870754581096,15.305920443626587,13.44095031095451,7.652960221813293,200
regular_sir_full,sir,neural_ode_h2,73,-564.6405516393268,-532.8023870236592,1.089473312480762,31.83816461566755,15.363699933264947,16.474464682402605,7.681849966632473,200
regular_sir_full,sir,neural_ode_h2,74,-564.9669235083438,-541.1440354994386,1.0178594159636316,23.822888008905238,15.345115099566392,8.477772909338846,7.672557549783196,200
regular_sir_full,sir,neural_ode_h2,75,-524.4114547032091,-544.734493038664,0.9374360855125836,-20.323038335454953,15.334260893802409,-35.65729922925736,7.667130446901204,200
regular_sir_full,sir,neural_ode_h2,76,-534.6368921782511,-539.4539506948241,1.105214108174562,-4.81705851657307,15.222541729090144,-20.039600245663216,7.611270864545072,200
regular_sir_full,sir,neural_ode_h2,77,-542.8405453170342,-533.4403044340715,1.035358432497026,9.400240882962635,15.367515722001777,-5.967274839039142,7.683757861000888,200
regular_sir_full,sir,neural_ode_h2,78,-557.4011201476229,-539.8193406104816,1.1220433286543348,17.5817795371413,15.447085108193884,2.1346944289474177,7.723542554096942,200
regular_sir_full,sir,neural_ode_h2,79,-563.3462879100472,-531.9003459205477,1.1445980579944683,31.445941989499488,15.408371120743773,16.037570868755715,7.7041855603718865,200
regular_sir_full,sir,seir,0,-489.78956934355284,-484.2871880090902,1.4907714274993846,5.502381334462655,5.981748315338245,-0.47936698087559027,2.9908741576691225,200
regular_sir_full,sir,seir,1,-490.3324182718101,-483.95676960689013,1.485251563344319,6.375648664919993,5.983607681915691,0.3920409830043017,2.9918038409578456,200
regular_sir_full,sir,seir,2,-488.41862845365586,-482.774696551679,1.3539662360305955,5.643931901976828,5.9820091202357215,-0.3380772182588938,2.9910045601178608,200
regular_sir_full,sir,seir,3,-469.97302063745025,-483.4239937291806,1.4619459852739312,-13.450973091730361,5.981522854357305,-19.432495946087666,2.9907614271786525,200
regular_sir_full,sir,seir,4,-508.4760823725005,-485.5860966712712,1.6027563350366125,22.889985701229307,5.983232115267941,16.906753585961365,2.9916160576339705,200
regular_sir_full,sir,seir,5,-449.4855461175881,-483.16085084809924,1.4696103213065768,-33.67530473051113,5.980185583136669,-39.655490313647796,2.9900927915683346,200
regular_sir_full,sir,seir,6,-523.2642143829079,-476.76929031266764,1.53097119267473,46.494924070240245,5.984297968248865,40.51062610199138,2.9921489841244324,200
regular_sir_full,sir,seir,7,-518.679431832574,-484.64847298690154,1.4891954827904457,34.030958845672444,5.980291288663841,28.0506675570086,2.9901456443319203,200
regular_sir_full,sir,seir,8,-465.4835899848847,-484.5816727673261,1.4471898992786143,-19.098082782441395,5.977919719914579,-25.076002502355973,2.9889598599572893,200
regular_sir_full,sir,seir,9,-504.40192452097966,-480.8315418278427,1.5136092368648217,23.570382693136935,5.971266495503241,17.599116197633695,2.9856332477516205,200
regular_sir_full,sir,seir,10,-499.1669361614331,-482.915428530107,1.6005024788095792,16.251507631326092,5.978671515984371,10.272836115341722,2.9893357579921855,200
regular_sir_full,sir,seir,11,-508.5456073770447,-480.61386256867013,1.570639133107723,27.93174480837456,5.982247987875664,21.949496820498897,2.991123993937832,200
regular_sir_full,sir,seir,12,-498.9440002816018,-487.2752648797257,1.4353836730771576,11.66873540187612,5.977757988799474,5.690977413076646,2.988878994399737,200
regular_sir_full,sir,seir,13,-465.30890216115716,-485.8199415810039,1.5417487650024948,-20.511039419846725,5.982476226068132,-26.493515645914858,2.991238113034066,200
regular_sir_full,sir,seir,14,-495.6469823890884,-481.4324129498814,1.3633826759215761,14.214569439207025,5.981299841088157,8.233269598118868,2.9906499205440786,200
regular_sir_full,sir,seir,15,-477.75579379848335,-484.45564953752694,1.4735939252422299,-6.699855739043585,5.980164971123718,-12.680020710167302,2.990082485561859,200
regular_sir_full,sir,seir,16,-508.4447151931712,-486.83317044365106,1.5156841791948732,21.611544749520135,5.982649923055071,15.628894826465064,2.9913249615275355,200
regular_sir_full,sir,seir,17,-496.26508496713734,-483.2171530262598,1.6114168708712147,13.047931940877561,5.979009190837317,7.068922750040244,2.9895045954186585,200
regular_sir_full,sir,seir,18,-474.05657865059004,-478.8164312428994,1.5286165065308388,-4.7598525923093575,5.9812111113037245,-10.741063703613083,2.9906055556518623,200
regular_sir_full,sir,seir,19,-487.5909966451218,-482.6745659512515,1.3743768814711854,4.916430693870268,5.984521162563178,-1.06809046869291,2.992260581281589,200
regular_sir_full,sir,seir,20,-488.5353720328868,-484.38600142935366,1.3906074527508705,4.149370603533157,5.981809945503512,-1.832439341970355,2.990904972751756,200
regular_sir_full,sir,seir,21,-513.8283303310642,-484.6902248820559,1.6077947050046673,29.13810544900832,5.9835815644495485,23.154523884558774,2.9917907822247742,200
regular_sir_full,sir,seir,22,-454.3746581098843,-482.6705117191488,1.4665054414421106,-28.295853609264498,5.983215556043022,-34.27906916530752,2.991607778021511,200
regular_sir_full,sir,seir,23,-438.8604706172185,-485.57497612346066,1.5102508726345945,-46.714505506242176,5.982255769730923,-52.6967612759731,2.9911278848654614,200
regular_sir_full,sir,seir,24,-483.78318638398537,-485.6466975074808,1.4513001465719029,-1.8635111234954138,5.981768602211943,-7.845279725707357,2.9908843011059716,200
regular_sir_full,sir,seir,25,-465.7766554232786,-483.82957535148563,1.6383717133025495,-18.052919928207018,5.983201980862467,-24.036121909069486,2.9916009904312335,200
regular_sir_full,sir,seir,26,-510.5937010395688,-482.0306374709318,1.5507315974043894,28.563063568637006,5.982067537112975,22.58099603152403,2.9910337685564876,200
regular_sir_full,sir,seir,27,-502.7507514513642,-484.67129554695185,1.4319389306930888,18.079455904412328,5.979124689845327,12.100331214567,2.9895623449226636,200
regular_sir_full,sir,seir,28,-489.8023253034337,-487.69438797289183,1.4598537978267276,2.1079373305418585,5.980303594360595,-3.872366263818736,2.9901517971802973,200
regular_sir_full,sir,seir,29,-509.90776947888764,-485.94357498805107,1.4744735561131748,23.964194490836576,5.983396476810095,17.98079801402648,2.9916982384050477,200
regular_sir_full,sir,seir,30,-513.5240267319145,-478.3489630106146,1.3665202433736827,35.17506372129992,5.981483222297313,29.193580499002607,2.9907416111486564,200
regular_sir_full,sir,seir,31,-513.9963854126547,-485.9002290282299,1.6366798596301433,28.09615638442483,5.9812991710362216,22.11485721338861,2.9906495855181108,200
regular_sir_full,sir,seir,32,-501.3674395920274,-483.63164382965346,1.557060809034506,17.735795762373925,5.983520071660374,11.752275690713551,2.991760035830187,200
regular_sir_full,sir,seir,33,-488.77116819669357,-483.111786309342,1.5000318848786154,5.6593818873515715,5.982319790743211,-0.3229379033916393,2.9911598953716054,200
regular_sir_full,sir,seir,34,-475.32104523350773,-485.00122396571203,1.3957690608923088,-9.680178732204297,5.9830025512023965,-15.663181283406693,2.9915012756011983,200
regular_sir_full,sir,seir,35,-488.91033866769226,-481.42732456044365,1.656471194665651,7.483014107248607,5.982062798580904,1.5009513086677035,2.991031399290452,200
regular_sir_full,sir,seir,36,-464.9085085253299,-484.88767820238513,1.5691455161024535,-19.97916967705521,5.982208680680873,-25.961378357736084,2.9911043403404367,200
regular_sir_full,sir,seir,37,-492.6911002751164,-485.99108656734546,1.580671566708352,6.70001370777095,5.98022345306876,0.7197902547021897,2.99011172653438,200
regular_sir_full,sir,seir,38,-497.5977274341457,-486.81190976119984,1.4160477744028923,10.785817672945882,5.981937987175683,4.803879685770199,2.9909689935878414,200
regular_sir_full,sir,seir,39,-443.93811933109544,-481.91437463892225,1.5597592913822154,-37.97625530782682,5.981447335167261,-43.95770264299408,2.9907236675836306,200
regular_sir_full,sir,seir,40,-485.8746027847576,-483.60033533892863,1.5500251305208612,2.2742674458289684,5.981545408461012,-3.707277962632044,2.990772704230506,200
regular_sir_full,sir,seir,41,-457.0501268308408,-481.0751739834428,1.5031835031084084,-24.025047152602042,5.981573777980128,-30.00662093058217,2.990786888990064,200
regular_sir_full,sir,seir,42,-490.256814933657,-482.5573039508685,1.3513159057927255,7.699510982788468,5.980480181682518,1.7190308011059496,2.990240090841259,200
regular_sir_full,sir,seir,43,-491.75578198422113,-481.5673217145333,1.56893796526115,10.188460269687823,5.983611216280824,4.204849053406999,2.991805608140412,200
regular_sir_full,sir,seir,44,-472.6619760802894,-486.1437438880085,1.5017208930853416,-13.481767807719109,5.981413073192098,-19.463180880911207,2.990706536596049,200
regular_sir_full,sir,seir,45,-518.5192817931711,-487.42473831107424,1.3684637305627152,31.094543482096867,5.9796541953941285,25.114889286702738,2.9898270976970642,200
regular_sir_full,sir,seir,46,-464.68647812580855,-483.37785814072174,1.4147595816240384,-18.691380014913193,5.977673762104035,-24.66905377701723,2.9888368810520176,200
regular_sir_full,sir,seir,47,-487.64138109994303,-478.57874507195316,1.5620212920060885,9.062636027989868,5.975016521868895,3.087619506120973,2.9875082609344474,200
regular_sir_full,sir,seir,48,-490.25515648487936,-484.12166907308887,1.5511938829599738,6.133487411790497,5.981455539612381,0.15203187217811642,2.9907277698061905,200
regular_sir_full,sir,seir,49,-498.62648477778316,-487.96625607060673,1.4422155678388655,10.66022870717643,5.980935837956407,4.679292869220022,2.9904679189782035,200
regular_sir_full,sir,seir,50,-472.1312969349833,-484.50269366026777,1.4281541280208192,-12.371396725284455,5.980351728227658,-18.351748453512116,2.990175864113829,200
regular_sir_full,sir,seir,51,-514.617243373016,-484.1220799878429,1.421875361441496,30.4951633851731,5.9797733324716535,24.51539005270145,2.9898866662358268,200
regular_sir_full,sir,seir,52,-477.9377828906028,-485.04813298203067,1.5035279860278892,-7.110350091427847,5.981704292732297,-13.092054384160143,2.9908521463661484,200
regular_sir_full,sir,seir,53,-449.0518223128403,-487.51615783734417,1.538299162552674,-38.464335524503895,5.980516175079406,-44.4448516995833,2.990258087539703,200
regular_sir_full,sir,seir,54,-464.5022973937474,-481.4438249939217,1.5241126665838687,-16.941527600174254,5.977681784093397,-22.919209384267653,2.9888408920466984,200
regular_sir_full,sir,seir,55,-463.9082838031085,-484.8309643684303,1.3569283108137344,-20.922680565321798,5.983406139982453,-26.90608670530425,2.9917030699912264,200
regular_sir_full,sir,seir,56,-523.613133853724,-481.72724280169905,1.6257225584806014,41.88589105202493,5.983650237181789,35.90224081484314,2.9918251185908944,200
regular_sir_full,sir,seir,57,-509.5944139666608,-478.5321489032251,1.6270176225194835,31.06226506343569,5.978362536084854,25.083902527350837,2.989181268042427,200
regular_sir_full,sir,seir,58,-497.090488235881,-485.8309480558119,1.523076405639717,11.25954018006911,5.98253589313261,5.277004286936499,2.991267946566305,200
regular_sir_full,sir,seir,59,-497.3641501055422,-485.3075186567151,1.4023671187382951,12.05663144882709,5.9804239921374975,6.076207456689593,2.9902119960687488,200
regular_sir_full,sir,seir,60,-458.400487225515,-484.11104062900455,1.636348394290422,-25.71055340348954,5.982291406673895,-31.692844810163436,2.9911457033369473,200
regular_sir_full,sir,seir,61,-506.38063608367116,-485.89761727134595,1.5107164370753055,20.483018812325213,5.983197905031579,14.499820907293634,2.9915989525157896,200
regular_sir_full,sir,seir,62,-491.9314086243528,-484.90719634845243,1.5171142822525425,7.024212275900368,5.980458354159946,1.0437539217404215,2.990229177079973,200
regular_sir_full,sir,seir,63,-518.3202821939999,-485.90055539496666,1.4799170497249323,32.41972679903324,5.981748476064191,26.43797832296905,2.9908742380320956,200
regular_sir_full,sir,seir,64,-500.3668247455731,-486.0352614933726,1.55804745242838,14.33156325220051,5.979703893707605,8.351859358492906,2.9898519468538023,200
regular_sir_full,sir,seir,65,-492.7990302500589,-484.5358602372845,1.5398510942304475,8.263170012774367,5.976990570602207,2.28617944217216,2.9884952853011035,200
regular_sir_full,sir,seir,66,-471.9426600789105,-483.8967309875862,1.5379388563357264,-11.954070908675703,5.98031568912206,-17.93438659779776,2.99015784456103,200
regular_sir_full,sir,seir,67,-477.03402090205566,-482.9572679818352,1.5063104985617413,-5.9232470797795145,5.978956432657245,-11.90220351243676,2.9894782163286227,200
regular_sir_full,sir,seir,68,-488.98264270422146,-487.2271869186737,1.4101104478293354,1.755455785547781,5.979896375250184,-4.224440589702403,2.989948187625092,200
regular_sir_full,sir,seir,69,-522.6854691003228,-482.39381579742854,1.5634035059938527,40.291653302894304,5.98402125118208,34.307632051712226,2.99201062559104,200
regular_sir_full,sir,seir,70,-473.87675241656166,-484.6060424454334,1.496491269868145,-10.72929002887173,5.9823309681920325,-16.71162099706376,2.9911654840960162,200
regular_sir_full,sir,seir,71,-505.9285129409109,-482.19457222501836,1.5647873753259463,23.733940715892516,5.981975411967242,17.751965303925274,2.990987705983621,200
regular_sir_full,sir,seir,72,-491.66292261936826,-480.01266874241065,1.603212226191707,11.650253876957606,5.982586955137335,5.667666921820271,2.9912934775686675,200
regular_sir_full,sir,seir,73,-506.0257855127878,-477.0772607923819,1.622357275286834,28.948524720405942,5.981140059665448,22.967384660740493,2.990570029832724,200
regular_sir_full,sir,seir,74,-496.3405320587437,-485.63959888561146,1.4938539692847093,10.700933173132228,5.98213430529167,4.718798867840558,2.991067152645835,200
regular_sir_full,sir,seir,75,-449.72194084322587,-483.35536657552336,1.5320260241919272,-33.633425732297496,5.981623476532006,-39.615049208829504,2.990811738266003,200
regular_sir_full,sir,seir,76,-502.1243535645392,-484.1828708302274,1.4625966822697718,17.94148273431182,5.983083322038507,11.958399412273312,2.9915416610192533,200
regular_sir_full,sir,seir,77,-475.7560186221219,-484.1965198709247,1.444669850321299,-8.440501248802775,5.978000681845926,-14.418501930648702,2.989000340922963,200
regular_sir_full,sir,seir,78,-522.6166874961488,-483.7246919638918,1.5733323702605395,38.89199553225694,5.981817003075729,32.91017852918121,2.9909085015378647,200
regular_sir_full,sir,seir,79,-515.039198382275,-484.074518359588,1.5160240940663043,30.96468002268699,5.9774816111723945,24.987198411514598,2.9887408055861973,200
regular_sir_full,sir,sir,0,-552.4645128654688,-553.9487094017883,0.9660645711657456,-1.4841965363194731,3.999879282278993,-5.484075818598466,1.9999396411394965,200
regular_sir_full,sir,sir,1,-540.2416342211365,-553.198068312028,0.9805097091653425,-12.956434090891548,3.999880735911173,-16.95631482680272,1.9999403679555865,200
regular_sir_full,sir,sir,2,-565.8402784908897,-549.3682462987778,0.9569901676554422,16.472032192111897,3.9998810716520303,12.472151120459866,1.9999405358260152,200
regular_sir_full,sir,sir,3,-546.7858352469991,-551.8355767292459,0.9350486123930962,-5.049741482246759,3.9998802789498082,-9.049621761196567,1.9999401394749041,200
regular_sir_full,sir,sir,4,-541.1560758657027,-553.2797441758976,0.9607010948435594,-12.12366831019483,3.9998799622821544,-16.123548272476985,1.9999399811410772,200
regular_sir_full,sir,sir,5,-555.5920690091552,-551.8517734782228,0.8975148315443138,3.7402955309324852,3.9998800805348416,-0.25958454960235633,1.9999400402674208,200
regular_sir_full,sir,sir,6,-583.0732792549248,-550.241929395644,0.9929019556576266,32.83134985928086,3.999881005640139,28.831468853640725,1.9999405028200694,200
regular_sir_full,sir,sir,7,-569.4609468250343,-552.1037203755886,0.9308399661744019,17.357226449445648,3.999879137846256,13.35734731159939,1.999939568923128,200
regular_sir_full,sir,sir,8,-543.5104692289403,-550.2240558429265,0.988103469074885,-6.713586613986195,3.9998784219708337,-10.713465035957029,1.9999392109854168,200
regular_sir_full,sir,sir,9,-564.3510753406206,-552.5042828035803,0.9153969985464449,11.8467925370403,3.999878896458461,7.84691364058184,1.9999394482292305,200
regular_sir_full,sir,sir,10,-569.9688228014294,-551.7366618766362,0.9901765026551015,18.23216092479322,3.999880841008977,14.232280083784243,1.9999404205044884,200
regular_sir_full,sir,sir,11,-568.9663302321369,-550.0966693812095,1.068389550261313,18.869660850927403,3.9998794644610607,14.869781386466343,1.9999397322305303,200
regular_sir_full,sir,sir,12,-547.7094728806469,-553.250643568837,0.9886648722240706,-5.54117068819005,3.999879768555181,-9.54105045674523,1.9999398842775904,200
regular_sir_full,sir,sir,13,-541.866210854326,-554.8147248393801,0.8368343504990226,-12.948513985054092,3.9998799375591445,-16.948393922613235,1.9999399687795723,200
regular_sir_full,sir,sir,14,-567.8807511509027,-550.5817021425366,1.0051808978955126,17.29904900836607,3.9998791968557867,13.299169811510282,1.9999395984278934,200
regular_sir_full,sir,sir,15,-548.9829708575459,-551.9780094382281,1.0578314255563555,-2.9950385806822624,3.99987966130636,-6.994918241988622,1.99993983065318,200
regular_sir_full,sir,sir,16,-559.5758199962345,-552.111815639044,0.9136495104273346,7.464004357190447,3.999879556403021,3.464124800787426,1.9999397782015105,200
regular_sir_full,sir,sir,17,-557.7458777075215,-549.4552935882484,0.952572269043348,8.290584119273035,3.9998810345933595,4.290703084679675,1.9999405172966798,200
regular_sir_full,sir,sir,18,-533.3479935826492,-551.795367423913,0.9548287314139321,-18.44737384126381,3.999878212853079,-22.44725205411689,1.9999391064265395,200
regular_sir_full,sir,sir,19,-546.8645324539679,-553.3008736901388,0.9389073090425283,-6.436341236170961,3.9998794320431155,-10.436220668214077,1.9999397160215577,200
regular_sir_full,sir,sir,20,-568.4265296814356,-552.5140257961465,1.0245620607458321,15.912503885289084,3.9998801580298506,11.912623727259234,1.9999400790149253,200
regular_sir_full,sir,sir,21,-566.2019068890677,-554.0844738290615,0.9596696472840157,12.117433060006192,3.999879694450738,8.117553365555453,1.999939847225369,200
regular_sir_full,sir,sir,22,-544.9323687997693,-551.6238763802955,1.0261525815373826,-6.691507580526263,3.9998790338361263,-10.69138661436239,1.9999395169180632,200
regular_sir_full,sir,sir,23,-541.0282927282423,-551.3693301144962,0.9846437134092255,-10.341037386253902,3.9998790961022124,-14.340916482356114,1.9999395480511062,200
regular_sir_full,sir,sir,24,-559.0056890821493,-551.3517160447802,0.9917333286402832,7.653973037369042,3.9998803129494465,3.6540927244195953,1.9999401564747232,200
regular_sir_full,sir,sir,25,-529.6973134359289,-554.2865978408465,0.8959700650218476,-24.589284404917635,3.9998798221618275,-28.58916422707946,1.9999399110809137,200
regular_sir_full,sir,sir,26,-564.2598936645934,-553.9536110972109,0.8945992006925854,10.306282567382482,3.999879133369438,6.306403434013044,1.999939566684719,200
regular_sir_full,sir,sir,27,-580.5250501395134,-553.0890432218125,0.9632055607726937,27.436006917700865,3.999880350674883,23.436126567025983,1.9999401753374415,200
regular_sir_full,sir,sir,28,-561.0547362739749,-551.583973597161,0.9135234722823377,9.47076267681382,3.9998795266961666,5.470883150117653,1.9999397633480833,200
regular_sir_full,sir,sir,29,-571.7772778323916,-554.8117937775299,0.8866673385095702,16.96548405486169,3.999879627874088,12.965604426987603,1.999939813937044,200
regular_sir_full,sir,sir,30,-569.0867441692997,-551.3022762811293,0.9534252124824597,17.78446788817041,3.9998786726024864,13.784589215567925,1.9999393363012432,200
regular_sir_full,sir,sir,31,-577.876230116095,-555.3247192370981,0.8745552974724798,22.551510878996964,3.9998790500213732,18.55163182897559,1.9999395250106866,200
regular_sir_full,sir,sir,32,-573.904824371746,-552.835359838767,0.8530323858914024,21.069464532979055,3.9998786757282203,17.069585857250836,1.9999393378641102,200
regular_sir_full,sir,sir,33,-557.7849432062243,-554.8813727366087,0.8766096090057779,2.9035704696156017,3.999879470254057,-1.0963090006384553,1.9999397351270285,200
regular_sir_full,sir,sir,34,-553.7698099886089,-554.16016331022,1.0086620248188434,-0.39035332161108727,3.999880042026892,-4.390233363637979,1.999940021013446,200
regular_sir_full,sir,sir,35,-559.74036669856,-551.80901278461,0.90583839807996,7.9313539139500335,3.9998805825628505,3.931473331387183,1.9999402912814253,200
regular_sir_full,sir,sir,36,-564.8300538385112,-554.8055178095742,1.0009479193123823,10.02453602893695,3.9998801308221896,6.02465589811476,1.9999400654110948,200
regular_sir_full,sir,sir,37,-585.8590537504688,-553.611176429957,1.0218771230233383,32.24787732051175,3.999880106804126,28.24799721370762,1.999940053402063,200
regular_sir_full,sir,sir,38,-559.8275487139196,-551.3419229319367,0.9335960932419047,8.48562578198289,3.999880465357734,4.485745316625156,1.999940232678867,200
regular_sir_full,sir,sir,39,-535.4840221767772,-553.0551024648364,0.9580955985436386,-17.571080288059193,3.999879113980029,-21.57095940203922,1.9999395569900145,200
regular_sir_full,sir,sir,40,-553.2850516720779,-553.5774581711253,0.8857386878125196,-0.292406499047388,3.999880155822182,-4.29228665486957,1.999940077911091,200
regular_sir_full,sir,sir,41,-535.7363014748736,-548.9053222185659,0.9701426075758594,-13.169020743692272,3.999879256324623,-17.168900000016894,1.9999396281623114,200
regular_sir_full,sir,sir,42,-542.7074480496719,-549.3802706482043,0.9528640847655537,-6.672822598532321,3.9998783811233345,-10.672700979655655,1.9999391905616672,200
regular_sir_full,sir,sir,43,-541.8168950834423,-553.0313988459375,0.9134018946097126,-11.214503762495156,3.999879275244986,-15.214383037740141,1.999939637622493,200
regular_sir_full,sir,sir,44,-538.5997274128266,-554.3620858496382,0.8972243911936304,-15.76235843681161,3.9998797027582116,-19.76223813956982,1.9999398513791058,200
regular_sir_full,sir,sir,45,-576.85772131741,-556.1101010590604,0.9366040190098981,20.74762025834957,3.999879537985527,16.747740720364042,1.9999397689927636,200
regular_sir_full,sir,sir,46,-540.313576961313,-552.0276138224573,1.0220826786943222,-11.714036861144336,3.999879643943593,-15.71391650508793,1.9999398219717965,200
regular_sir_full,sir,sir,47,-563.2745896091284,-550.1413072710797,1.1128469201067086,13.13328233804873,3.9998789657310234,9.133403372317707,1.9999394828655117,200
regular_sir_full,sir,sir,48,-551.3636134731523,-552.127503704781,0.931776226903561,-0.7638902316286931,3.999880633352144,-4.763770864980837,1.999940316676072,200
regular_sir_full,sir,sir,49,-569.190049287318,-556.3641489156389,0.9736964247439747,12.82590037167904,3.9998790726468623,8.826021299032178,1.9999395363234311,200
regular_sir_full,sir,sir,50,-551.2769102069137,-553.8640614786427,0.8636730017559283,-2.587151271728999,3.9998798769346835,-6.587031148663682,1.9999399384673417,200
regular_sir_full,sir,sir,51,-562.9725989363412,-549.7572495049183,1.0070117350523722,13.215349431422965,3.999878992413798,9.215470439009167,1.999939496206899,200
regular_sir_full,sir,sir,52,-547.5884597073483,-552.8255289734304,0.9030745790133173,-5.2370692660821305,3.999879700406253,-9.236948966488384,1.9999398502031265,200
regular_sir_full,sir,sir,53,-550.8713188923161,-554.71303664502,0.9976545024975757,-3.8417177527038575,3.9998801903326515,-7.8415979430365095,1.9999400951663258,200
regular_sir_full,sir,sir,54,-540.7482752385271,-553.267230964604,0.9915470596801559,-12.51895572607691,3.9998788156966425,-16.518834541773554,1.9999394078483212,200
regular_sir_full,sir,sir,55,-564.3964285964547,-550.4562422376843,1.0078207793638905,13.940186358770461,3.9998785271732444,9.940307831597217,1.9999392635866222,200
regular_sir_full,sir,sir,56,-569.3836314280593,-554.1406224065811,0.9220017047576256,15.243009021478201,3.999879575115047,11.243129446363154,1.9999397875575236,200
regular_sir_full,sir,sir,57,-551.4060724138385,-547.4941457393431,1.0348471299243218,3.911926674495362,3.999880565953619,-0.08795389145825716,1.9999402829768096,200
regular_sir_full,sir,sir,58,-545.8729307767388,-555.2397259658212,0.9143041538031863,-9.366795189082382,3.999879393766506,-13.366674582848887,1.999939696883253,200
regular_sir_full,sir,sir,59,-559.696698950399,-555.7234249804861,0.9120093648158706,3.9732739699128388,3.9998798266313296,-0.026605856718490806,1.9999399133156648,200
regular_sir_full,sir,sir,60,-537.4970321271916,-551.983069977273,1.0432069031316626,-14.486037850081402,3.9998792118480537,-18.485917061929456,1.9999396059240269,200
regular_sir_full,sir,sir,61,-546.9614340774449,-554.1443427009701,0.9292245499194498,-7.182908623525236,3.9998798398691724,-11.18278846339441,1.9999399199345862,200
regular_sir_full,sir,sir,62,-559.2122107672099,-550.8110082912383,0.9490866691365384,8.401202475971559,3.999880819943863,4.4013216560276955,1.9999404099719316,200
regular_sir_full,sir,sir,63,-557.6082261908589,-554.5487610509957,0.995321295772918,3.059465139863164,3.9998798458331684,-0.9404147059700043,1.9999399229165842,200
regular_sir_full,sir,sir,64,-571.6583326875466,-551.57129195296,0.8987035152117094,20.087040734586594,3.9998792515333914,16.0871614830532,1.9999396257666957,200
regular_sir_full,sir,sir,65,-563.7590757173748,-553.6183697342535,0.9761753309183498,10.14070598312128,3.999879725131498,6.140826257989781,1.999939862565749,200
regular_sir_full,sir,sir,66,-530.8945016151681,-553.8237331910443,0.9128552051191478,-22.9292315758762,3.9998803139364982,-26.9291118898127,1.9999401569682491,200
regular_sir_full,sir,sir,67,-550.2594407758445,-549.6921828683969,0.9837837410793805,0.5672579074475834,3.9998814562764067,-3.4326235488288233,1.9999407281382033,200
regular_sir_full,sir,sir,68,-548.7370677780398,-554.9313276506367,0.9525917577518902,-6.194259872596945,3.999879589619158,-10.194139462216103,1.999939794809579,200
regular_sir_full,sir,sir,69,-573.974832969083,-553.2419029985342,0.9387030063726352,20.732929970548753,3.999879395682013,16.73305057486674,1.9999396978410064,200
regular_sir_full,sir,sir,70,-557.079939774354,-554.9749958354348,1.0225530466507387,2.1049439389191775,3.9998800220682194,-1.8949360831490418,1.9999400110341097,200
regular_sir_full,sir,sir,71,-567.4117160374835,-550.1722077268537,0.996054596130207,17.239508310629844,3.999880126052267,13.239628184577578,1.9999400630261335,200
regular_sir_full,sir,sir,72,-572.7010396312593,-548.0996258892781,0.9759402810440844,24.60141374198122,3.999880807026316,20.601532934954903,1.999940403513158,200
regular_sir_full,sir,sir,73,-574.1937648480003,-548.0324450813744,0.955132579100942,26.16131976662598,3.999878264297511,22.16144150232847,1.9999391321487554,200
regular_sir_full,sir,sir,74,-570.5186029557718,-553.7892838833352,0.8554669862534477,16.729319072436624,3.9998792206956724,12.729439851740953,1.9999396103478362,200
regular_sir_full,sir,sir,75,-539.1948633013105,-552.3114402556085,0.8866456041320127,-13.116576954298012,3.999878943002272,-17.116455897300284,1.999939471501136,200
regular_sir_full,sir,sir,76,-553.7598781226559,-552.9824187178228,0.893876602039528,0.7774594048330528,3.9998791107225875,-3.2224197058895347,1.9999395553612938,200
regular_sir_full,sir,sir,77,-549.2382189564552,-554.339119559213,0.9278495646904094,-5.100900602757861,3.9998797926450873,-9.100780395402948,1.9999398963225437,200
regular_sir_full,sir,sir,78,-573.7786030945209,-550.8166707316021,1.0187843044251312,22.961932362918787,3.9998793395203007,18.962053023398486,1.9999396697601504,200
regular_sir_full,sir,sir,79,-571.3510932600071,-551.3035942530961,0.9774673644738117,20.04749900691104,3.9998806501969417,16.047618356714096,1.9999403250984709,200
regular_sir_full,sir,tv_sir,0,-553.0658016531177,-551.7446765106068,0.9350615821299955,1.321125142510823,7.980882939870849,-6.659757797360026,3.9904414699354245,200
regular_sir_full,sir,tv_sir,1,-544.5670070636706,-548.9110527046075,0.9380805434343852,-4.3440456409368835,7.980664710822845,-12.324710351759729,3.9903323554114225,200
regular_sir_full,sir,tv_sir,2,-566.4024743222168,-550.459605136997,1.0450656948845778,15.94286918521982,7.97975266743621,7.96311651778361,3.989876333718105,200
regular_sir_full,sir,tv_sir,3,-547.2298555811223,-552.644266292705,0.9015838841829373,-5.414410711582718,7.980291268484153,-13.394701980066872,3.9901456342420767,200
regular_sir_full,sir,tv_sir,4,-543.1762738058515,-553.3292450028159,0.998515957532621,-10.152971196964472,7.981113412056876,-18.13408460902135,3.990556706028438,200
regular_sir_full,sir,tv_sir,5,-555.9295312095313,-551.5133979434507,0.9816958187363793,4.416133266080578,7.980237099361083,-3.5641038332805044,3.9901185496805414,200
regular_sir_full,sir,tv_sir,6,-586.8459453685823,-545.5315033084253,1.050110295194631,41.314442060157035,7.9795449750195235,33.33489708513751,3.9897724875097618,200
regular_sir_full,sir,tv_sir,7,-570.0292571814954,-552.8732034761867,0.9265272707891727,17.156053705308636,7.980803785170666,9.17524992013797,3.990401892585333,200
regular_sir_full,sir,tv_sir,8,-544.281150282591,-550.5466244330033,0.9185721551748498,-6.265474150412274,7.9809144190303565,-14.24638856944263,3.9904572095151782,200
regular_sir_full,sir,tv_sir,9,-575.4937005822258,-543.1920866687171,1.0744991926310896,32.30161391350862,7.980521431041471,24.321092482467147,3.9902607155207357,200
regular_sir_full,sir,tv_sir,10,-570.612104474447,-550.9386419166945,1.0351842974400456,19.6734625577526,7.980622121149061,11.69284043660354,3.9903110605745304,200
regular_sir_full,sir,tv_sir,11,-569.0387093170076,-549.1827922383168,0.9648970134293057,19.855917078690823,7.980850572776914,11.875066505913908,3.990425286388457,200
regular_sir_full,sir,tv_sir,12,-552.1203423456477,-550.4672478144416,0.9590263789835232,1.6530945312060794,7.981334748731357,-6.328240217525278,3.9906673743656786,200
regular_sir_full,sir,tv_sir,13,-544.2490809244435,-552.7689062722462,0.9217513428046819,-8.51982534780268,7.97950828387547,-16.499333631678148,3.989754141937735,200
regular_sir_full,sir,tv_sir,14,-568.3609732613508,-551.2895661157272,0.9077319387770058,17.07140714562354,7.979832191065813,9.091574954557725,3.9899160955329065,200
regular_sir_full,sir,tv_sir,15,-551.2474086037372,-550.5075638610109,0.906228315802858,0.7398447427262909,7.980264818484386,-7.240420075758095,3.990132409242193,200
regular_sir_full,sir,tv_sir,16,-564.8515315769696,-548.337465443454,1.042734906141656,16.5140661335156,7.981057944971417,8.53300818854418,3.9905289724857087,200
regular_sir_full,sir,tv_sir,17,-558.5161951741604,-549.3434615402134,0.9581878245008594,9.172733633947018,7.980500884223657,1.1922327497233614,3.9902504421118286,200
regular_sir_full,sir,tv_sir,18,-533.686197291194,-549.720552744521,1.008970209996941,-16.034355453326953,7.981005121648261,-24.01536057497521,3.9905025608241305,200
regular_sir_full,sir,tv_sir,19,-548.2644819936351,-549.6053973879772,1.0265295761410131,-1.3409153943421188,7.980310801369318,-9.321226195711436,3.990155400684659,200
regular_sir_full,sir,tv_sir,20,-568.9467271956474,-552.5910794604895,0.9577244898525672,16.35564773515796,7.98017648162663,8.375471253531328,3.990088240813315,200
regular_sir_full,sir,tv_sir,21,-570.5210515710585,-548.4502218379453,0.9116580642719591,22.070829733113214,7.980512368074576,14.090317365038638,3.990256184037288,200
regular_sir_full,sir,tv_sir,22,-547.5362227622461,-549.4728001836152,1.0006631948970937,-1.9365774213690656,7.980001101326073,-9.91657852269514,3.9900005506630367,200
regular_sir_full,sir,tv_sir,23,-542.807163705546,-551.1263715618456,0.973106352254882,-8.319207856299613,7.97986698477028,-16.299074841069892,3.98993349238514,200
regular_sir_full,sir,tv_sir,24,-559.2570182603321,-550.5607078227916,1.0478618008807885,8.696310437540433,7.980042606446533,0.7162678310938997,3.9900213032232665,200
regular_sir_full,sir,tv_sir,25,-530.9373827986773,-552.9253034163007,0.9623638580616263,-21.987920617623445,7.980350814307975,-29.96827143193142,3.9901754071539877,200
regular_sir_full,sir,tv_sir,26,-565.83764197489,-552.0762625100224,0.9770357234311918,13.76137946486756,7.980801563710651,5.780577901156908,3.9904007818553255,200
regular_sir_full,sir,tv_sir,27,-580.7194019248243,-552.1029729181693,1.034290235977557,28.61642900665504,7.9803985681122445,20.636030438542797,3.9901992840561222,200
regular_sir_full,sir,tv_sir,28,-561.3810544272593,-552.5434791642867,0.9261094073809426,8.837575262972564,7.980479122872394,0.85709614010017,3.990239561436197,200
regular_sir_full,sir,tv_sir,29,-572.571346744394,-551.582078669787,0.9154005917150699,20.989268074606912,7.980404724369207,13.008863350237704,3.9902023621846037,200
regular_sir_full,sir,tv_sir,30,-569.5574056300602,-553.7013735565622,0.9136484830678571,15.856032073498,7.980934180232145,7.875097893265854,3.9904670901160726,200
regular_sir_full,sir,tv_sir,31,-578.0249370098843,-554.0743320652473,0.9523101717912916,23.950604944637007,7.980841491523889,15.969763453113117,3.9904207457619445,200
regular_sir_full,sir,tv_sir,32,-575.6513112114382,-550.0710108173719,0.9468386613401439,25.580300394066285,7.980221075327879,17.600079318738405,3.9901105376639396,200
regular_sir_full,sir,tv_sir,33,-559.3704576097645,-552.6851990849865,0.9316358036087431,6.685258524777964,7.9798134001085685,-1.2945548753306042,3.9899067000542843,200
regular_sir_full,sir,tv_sir,34,-554.6158547143378,-551.3117025854591,0.9802365463839645,3.3041521288787408,7.9802955282951125,-4.676143399416372,3.9901477641475562,200
regular_sir_full,sir,tv_sir,35,-559.826381848974,-551.6766399338421,0.9798296274758033,8.149741915131926,7.979815328944012,0.16992658618791445,3.989907664472006,200
regular_sir_full,sir,tv_sir,36,-569.0678664918503,-549.2549291475627,0.9678451497789082,19.812937344287548,7.979525242559587,11.83341210172796,3.9897626212797936,200
regular_sir_full,sir,tv_sir,37,-587.8892564786199,-554.4299972728304,0.922315853320641,33.45925920578952,7.979717250225517,25.479541955564006,3.9898586251127584,200
regular_sir_full,sir,tv_sir,38,-560.9975994894927,-550.3945145437999,0.8725956252944245,10.603084945692785,7.98044504184782,2.6226399038449655,3.99022252092391,200
regular_sir_full,sir,tv_sir,39,-538.2883343311076,-549.175525237407,0.9306085661210641,-10.887190906299338,7.9798931503106845,-18.86708405661002,3.9899465751553422,200
regular_sir_full,sir,tv_sir,40,-556.2702630808473,-551.3008796909645,0.9697674840423647,4.969383389882751,7.980536234231469,-3.011152844348718,3.9902681171157344,200
regular_sir_full,sir,tv_sir,41,-537.0283929953233,-547.5842089566119,0.9536275812986753,-10.555815961288545,7.980729102116793,-18.536545063405338,3.9903645510583967,200
regular_sir_full,sir,tv_sir,42,-543.4811634741807,-549.4293367280117,0.9333562015736073,-5.948173253830987,7.980640345059916,-13.928813598890903,3.990320172529958,200
regular_sir_full,sir,tv_sir,43,-541.9051064076765,-552.1433414452348,0.9424128056230555,-10.238235037558297,7.9807720612683175,-18.219007098826616,3.9903860306341588,200
regular_sir_full,sir,tv_sir,44,-538.6678907915066,-553.769567437315,0.9734756608032546,-15.101676645808425,7.980559231736041,-23.082235877544466,3.9902796158680207,200
regular_sir_full,sir,tv_sir,45,-579.6562954183837,-551.70318613358,0.9597033863515892,27.95310928480376,7.97994169359898,19.973167591204778,3.98997084679949,200
regular_sir_full,sir,tv_sir,46,-541.3997405411089,-552.9609239553479,0.9105679699828995,-11.56118341423894,7.981044897745976,-19.542228311984914,3.990522448872988,200
regular_sir_full,sir,tv_sir,47,-566.4205705606499,-548.1768175390946,1.02641354768922,18.243753021555335,7.981312669037296,10.26244035251804,3.990656334518648,200
regular_sir_full,sir,tv_sir,48,-552.0853857582422,-551.684876208855,1.038033983425385,0.4005095493871522,7.980216725984116,-7.579707176596964,3.990108362992058,200
regular_sir_full,sir,tv_sir,49,-569.2099736358944,-553.81747415587,0.8713078750450857,15.392499480024412,7.980576812802832,7.41192266722158,3.990288406401416,200
regular_sir_full,sir,tv_sir,50,-551.9792189784906,-554.0818377939125,0.956696241594826,-2.10261881542192,7.979974555040931,-10.08259337046285,3.9899872775204654,200
regular_sir_full,sir,tv_sir,51,-567.1189425997138,-548.092509866894,1.0476157549745917,19.026432732819785,7.979894649160229,11.046538083659556,3.9899473245801147,200
regular_sir_full,sir,tv_sir,52,-548.1990132086225,-552.152250319765,0.859388713887783,-3.953237111142471,7.9801216295252795,-11.93335874066775,3.9900608147626397,200
regular_sir_full,sir,tv_sir,53,-552.6859547543014,-554.1046701400898,1.0661382699765203,-1.4187153857883459,7.979709658623113,-9.398425044411459,3.9898548293115565,200
regular_sir_full,sir,tv_sir,54,-542.5897086843997,-549.3885459490677,0.9390815780681673,-6.798837264668009,7.981096322097682,-14.77993358676569,3.990548161048841,200
regular_sir_full,sir,tv_sir,55,-567.3338546457912,-549.1849402263125,1.0747044684776703,18.14891441947873,7.980051339093524,10.168863080385204,3.990025669546762,200
regular_sir_full,sir,tv_sir,56,-570.2279136598344,-550.8416314368801,1.0402670434144576,19.386282222954264,7.980311024208945,11.40597119874532,3.9901555121044723,200
regular_sir_full,sir,tv_sir,57,-555.619570898936,-543.7800105478981,1.0105517965120798,11.839560351037903,7.981067129447785,3.858493221590118,3.9905335647238926,200
regular_sir_full,sir,tv_sir,58,-546.6677246698616,-553.3928686039278,0.9846168962220551,-6.725143934066182,7.979995186990269,-14.705139121056451,3.9899975934951346,200
regular_sir_full,sir,tv_sir,59,-560.8396975503287,-554.5713624456957,0.9832220442770748,6.268335104632911,7.980069463593723,-1.711734358960812,3.9900347317968614,200
regular_sir_full,sir,tv_sir,60,-538.3677239849417,-553.9357270960718,0.8516002072363762,-15.56800311113011,7.980462888887356,-23.548466000017466,3.990231444443678,200
regular_sir_full,sir,tv_sir,61,-548.5623983247984,-551.411480699248,0.8858315541507601,-2.8490823744496083,7.980784960309459,-10.829867334759069,3.9903924801547297,200
regular_sir_full,sir,tv_sir,62,-565.6198391488945,-546.7578301475635,0.9330630619833938,18.86200900133099,7.979251994702892,10.882757006628097,3.989625997351446,200
regular_sir_full,sir,tv_sir,63,-558.472400207766,-552.9129247333159,0.9649547498426273,5.559475474450096,7.980788645649276,-2.4213131711991798,3.990394322824638,200
regular_sir_full,sir,tv_sir,64,-572.0595509548014,-552.0262256497648,0.8840368065603552,20.033325305036556,7.981029697214342,12.052295607822213,3.990514848607171,200
regular_sir_full,sir,tv_sir,65,-565.5176809442304,-551.9080881004097,0.9741434708544728,13.609592843820678,7.980383060734078,5.6292097830866,3.990191530367039,200
regular_sir_full,sir,tv_sir,66,-532.7702204451145,-553.7001788811405,0.9738038298542543,-20.929958436025913,7.9808059815828125,-28.910764417608725,3.9904029907914063,200
regular_sir_full,sir,tv_sir,67,-550.4055267378849,-547.482063601455,1.0174837284612368,2.9234631364298593,7.980093416685566,-5.056630280255707,3.990046708342783,200
regular_sir_full,sir,tv_sir,68,-550.0179139634721,-554.8920431699026,0.930329839909271,-4.874129206430553,7.980958641022289,-12.855087847452841,3.9904793205111444,200
regular_sir_full,sir,tv_sir,69,-578.9790051995692,-546.9109106175042,1.1033176945146062,32.06809458206499,7.9805134752902305,24.087581106774756,3.9902567376451152,200
regular_sir_full,sir,tv_sir,70,-558.4630567207438,-551.0593682934748,0.906763306371781,7.403688427269003,7.979642258720081,-0.5759538314510779,3.9898211293600405,200
regular_sir_full,sir,tv_sir,71,-567.4648322906676,-550.6970405098691,0.8121113554738912,16.76779178079846,7.9806574317168835,8.787134349081578,3.9903287158584417,200
regular_sir_full,sir,tv_sir,72,-573.8861675786067,-549.6992346818754,0.9726421422519494,24.186932896731264,7.979308263222826,16.207624633508438,3.989654131611413,200
regular_sir_full,sir,tv_sir,73,-574.4835638037782,-547.8286859471572,1.0393679005485705,26.654877856621056,7.981332103128955,18.6735457534921,3.9906660515644776,200
regular_sir_full,sir,tv_sir,74,-570.7548059710408,-552.9644243474505,0.9794065685520539,17.790381623590292,7.980484808983894,9.809896814606399,3.990242404491947,200
regular_sir_full,sir,tv_sir,75,-540.8114833961923,-554.010808026783,0.8930010929661265,-13.199324630590695,7.980051290435046,-21.17937592102574,3.990025645217523,200
regular_sir_full,sir,tv_sir,76,-554.3352631455803,-553.8495126759892,0.9397561022804607,0.4857504695910393,7.980697747121965,-7.494947277530926,3.9903488735609827,200
regular_sir_full,sir,tv_sir,77,-550.4389124694383,-553.5863575636946,0.9385242076774082,-3.147445094256341,7.980871072419157,-11.128316166675498,3.9904355362095787,200
regular_sir_full,sir,tv_sir,78,-573.834883271943,-550.3924626648364,0.9430741874054482,23.442420607106556,7.980108306743894,15.462312300362662,3.990054153371947,200
regular_sir_full,sir,tv_sir,79,-572.8170105697379,-548.555639282556,1.0463469472877465,24.261371287181987,7.980218122072994,16.281153165108993,3.990109061036497,200
regular_sir_full,sir,ude_sir_h2,0,-555.6762375582003,-553.0198538465878,0.8929036293800255,2.656383711612534,9.281950274115196,-6.625566562502662,4.640975137057598,200
regular_sir_full,sir,ude_sir_h2,1,-545.6966671918782,-551.160474644655,0.9657193913942064,-5.463807452776791,7.755539949600872,-13.219347402377664,3.877769974800436,200
regular_sir_full,sir,ude_sir_h2,2,-566.2982861951825,-549.3850450971996,0.9470586032477559,16.913241097982905,6.124691472574646,10.788549625408258,3.062345736287323,200
regular_sir_full,sir,ude_sir_h2,3,-547.1772719759376,-554.4630931904076,0.943233931130735,-7.285821214469934,7.024147158814855,-14.30996837328479,3.5120735794074274,200
regular_sir_full,sir,ude_sir_h2,4,-544.2148290039119,-553.5988828382561,0.9124567656879612,-9.384053834344286,9.348210517122233,-18.73226435146652,4.6741052585611165,200
regular_sir_full,sir,ude_sir_h2,5,-558.0902465146265,-550.8724967246642,0.8743489996124258,7.21774978996234,8.791411735711455,-1.573661945749114,4.395705867855727,200
regular_sir_full,sir,ude_sir_h2,6,-586.3130555223712,-547.1532090686387,1.1041344595605633,39.159846453732484,6.886209073698601,32.27363738003388,3.4431045368493005,200
regular_sir_full,sir,ude_sir_h2,7,-569.9767428398736,-551.6647331337635,0.9889193080812962,18.312009706110075,6.07003984413584,12.241969861974235,3.03501992206792,200
regular_sir_full,sir,ude_sir_h2,8,-544.3076263261103,-550.312210566276,1.032267163668741,-6.004584240165741,6.3206988506890855,-12.325283090854827,3.1603494253445428,200
regular_sir_full,sir,ude_sir_h2,9,-575.134422869648,-544.068462122474,1.0050422348312094,31.065960747174017,7.949854577374631,23.116106169799387,3.9749272886873155,200
regular_sir_full,sir,ude_sir_h2,10,-570.3407939749551,-551.6154215131678,0.9396534538814252,18.725372461787288,6.071146974793844,12.654225486993443,3.035573487396922,200
regular_sir_full,sir,ude_sir_h2,11,-568.9729609498888,-549.3250259090611,1.00614075340606,19.647935040827747,5.765395090896056,13.88253994993169,2.882697545448028,200
regular_sir_full,sir,ude_sir_h2,12,-551.5994398562461,-551.51910171594,0.954754693087709,0.0803381403061394,7.5429339763682295,-7.46259583606209,3.7714669881841147,200
regular_sir_full,sir,ude_sir_h2,13,-545.3572760313838,-553.6816398267101,0.919148278020093,-8.324363795326349,9.382068997896159,-17.706432793222508,4.6910344989480794,200
regular_sir_full,sir,ude_sir_h2,14,-568.4668190487872,-549.8616012865816,0.9478448376893474,18.605217762205598,7.019072782192528,11.58614498001307,3.509536391096264,200
regular_sir_full,sir,ude_sir_h2,15,-550.6905401504107,-551.0005619658565,0.998063505647666,-0.31002181544579344,7.52913752002396,-7.839159335469754,3.76456876001198,200
regular_sir_full,sir,ude_sir_h2,16,-565.8136077821721,-547.7782829425468,0.9772480103375889,18.035324839625332,7.777713638251595,10.257611201373738,3.8888568191257975,200
regular_sir_full,sir,ude_sir_h2,17,-558.4162824850437,-550.2321533219958,0.9684801676816611,8.184129163047828,6.091634489961001,2.0924946730868275,3.0458172449805003,200
regular_sir_full,sir,ude_sir_h2,18,-536.1143178343945,-549.6200138542118,0.9128770880844399,-13.505696019817378,9.086977001705044,-22.592673021522423,4.543488500852522,200
regular_sir_full,sir,ude_sir_h2,19,-548.410222412899,-549.5177700772769,0.9682835381740471,-1.1075476643778757,6.188285424110215,-7.295833088488091,3.0941427120551075,200
regular_sir_full,sir,ude_sir_h2,20,-568.8607402698648,-552.457789751566,0.9467719291056093,16.40295051829878,6.048432338038421,10.35451818026036,3.0242161690192106,200
regular_sir_full,sir,ude_sir_h2,21,-573.0389262227887,-550.9977326770785,0.9787135945712405,22.041193545710257,9.552002788556756,12.489190757153501,4.776001394278378,200
regular_sir_full,sir,ude_sir_h2,22,-546.8886233570539,-551.7100227506563,1.0107721995565266,-4.821399393602405,6.405135847258728,-11.226535240861132,3.202567923629364,200
regular_sir_full,sir,ude_sir_h2,23,-545.1458172271709,-551.3208053962699,0.9855269195532226,-6.174988169098924,8.99804477670501,-15.173032945803934,4.499022388352505,200
regular_sir_full,sir,ude_sir_h2,24,-559.2408924542871,-550.1620216227715,0.8995709469285286,9.078870831515587,6.841404133177355,2.237466698338232,3.4207020665886776,200
regular_sir_full,sir,ude_sir_h2,25,-532.5353452678107,-552.7077229231999,0.867043227182453,-20.17237765538914,9.143462924654235,-29.31584058004338,4.571731462327118,200
regular_sir_full,sir,ude_sir_h2,26,-566.01858886508,-550.5649017439242,0.903528279441957,15.453687121155781,9.216369457808124,6.237317663347657,4.608184728904062,200
regular_sir_full,sir,ude_sir_h2,27,-580.7752879840644,-554.2449215807142,0.9542896976526473,26.530366403350286,6.040005871076939,20.490360532273346,3.0200029355384697,200
regular_sir_full,sir,ude_sir_h2,28,-561.1279441534479,-553.9465962279359,0.9021760480832346,7.181347925512,6.044274795216989,1.1370731302950112,3.0221373976084944,200
regular_sir_full,sir,ude_sir_h2,29,-572.7507358372089,-552.7646120524204,0.9545689087692161,19.98612378478856,7.33487382253826,12.6512499622503,3.66743691126913,200
regular_sir_full,sir,ude_sir_h2,30,-570.8427799386385,-551.7459517825337,1.0114945610800288,19.096828156104834,8.961744266797957,10.135083889306877,4.480872133398979,200
regular_sir_full,sir,ude_sir_h2,31,-577.882420795524,-552.5028154016281,0.9282111289847143,25.379605393895872,5.7441059875848595,19.635499406311013,2.8720529937924297,200
regular_sir_full,sir,ude_sir_h2,32,-575.5310143773831,-551.2220225907847,1.0262297692504436,24.308991786598426,6.215524298955973,18.093467487642453,3.1077621494779866,200
regular_sir_full,sir,ude_sir_h2,33,-559.4619894157122,-553.6089615918813,0.9317556311575144,5.853027823830871,9.047174357145414,-3.1941465333145427,4.523587178572707,200
regular_sir_full,sir,ude_sir_h2,34,-554.5564429327341,-552.5869281569214,0.9392132924035979,1.9695147758126268,6.813991813432962,-4.844477037620335,3.406995906716481,200
regular_sir_full,sir,ude_sir_h2,35,-559.8045746872322,-551.4979681646837,0.8869448723688602,8.306606522548464,5.956712430369072,2.349894092179391,2.978356215184536,200
regular_sir_full,sir,ude_sir_h2,36,-569.1593696588424,-548.1115214070719,0.9606566818206556,21.04784825177046,6.861558795523578,14.186289456246882,3.430779397761789,200
regular_sir_full,sir,ude_sir_h2,37,-588.3486275633015,-553.6884757556284,0.8696500823606087,34.660151807673174,9.278440671284722,25.381711136388454,4.639220335642361,200
regular_sir_full,sir,ude_sir_h2,38,-560.4718520915567,-553.354125097142,0.9893923701676859,7.117726994414738,6.37768006905914,0.7400469253555979,3.18884003452957,200
regular_sir_full,sir,ude_sir_h2,39,-537.2455175764818,-550.0539832434082,1.0063347972126309,-12.808465666926395,8.579790087332784,-21.388255754259177,4.289895043666392,200
regular_sir_full,sir,ude_sir_h2,40,-556.3263106373182,-551.1397440816086,0.9724108772456782,5.186566555709646,9.303114011023393,-4.116547455313746,4.651557005511696,200
regular_sir_full,sir,ude_sir_h2,41,-536.7327093490296,-547.125947460419,0.9745492972761557,-10.393238111389337,6.394862151832163,-16.7881002632215,3.1974310759160813,200
regular_sir_full,sir,ude_sir_h2,42,-543.3558320022998,-550.1572233358804,0.9373182440458943,-6.801391333580568,6.21785822834637,-13.019249561926937,3.108929114173185,200
regular_sir_full,sir,ude_sir_h2,43,-544.0114074081661,-553.336459434601,0.8947510403855933,-9.325052026434946,8.970534825661547,-18.29558685209649,4.4852674128307735,200
regular_sir_full,sir,ude_sir_h2,44,-538.60946224602,-551.2269636425863,0.953426104727315,-12.61750139656624,5.8049379370994565,-18.422439333665697,2.9024689685497282,200
regular_sir_full,sir,ude_sir_h2,45,-581.3833403466905,-553.1403030294366,0.9680197687403385,28.24303731725388,7.718363779608393,20.524673537645487,3.8591818898041965,200
regular_sir_full,sir,ude_sir_h2,46,-541.3769418452625,-553.8043366831794,0.9375947820783819,-12.427394837916836,6.994206605383327,-19.421601443300162,3.4971033026916634,200
regular_sir_full,sir,ude_sir_h2,47,-566.2559478051047,-546.4078634849479,1.014989896219815,19.848084320156772,6.622796523314528,13.225287796842245,3.311398261657264,200
regular_sir_full,sir,ude_sir_h2,48,-551.5691493352765,-552.9572208039026,0.962509760227812,-1.3880714686260944,6.724362109369599,-8.112433577995693,3.3621810546847994,200
regular_sir_full,sir,ude_sir_h2,49,-569.2662101577658,-553.647373485161,0.9852268292054798,15.618836672604857,6.013739727985449,9.605096944619408,3.0068698639927245,200
regular_sir_full,sir,ude_sir_h2,50,-551.581712085004,-553.5458867619201,0.9063519652566066,-1.964174676916059,6.971030983743724,-8.935205660659783,3.485515491871862,200
regular_sir_full,sir,ude_sir_h2,51,-568.0960052190858,-547.9091804054669,0.9875923231842383,20.18682481361884,7.721260191380142,12.465564622238698,3.860630095690071,200
regular_sir_full,sir,ude_sir_h2,52,-548.0832626768181,-551.4987067914943,0.89502884739621,-3.4154441146762338,6.1116589934164836,-9.527103108092717,3.0558294967082418,200
regular_sir_full,sir,ude_sir_h2,53,-560.6192918176744,-547.0214442446392,1.0517068526128375,13.59784757303521,10.04018907914271,3.5576584938925,5.020094539571355,200
regular_sir_full,sir,ude_sir_h2,54,-542.4491520191896,-551.0713110628592,0.9225899915537228,-8.622159043669626,6.290024431543819,-14.912183475213446,3.1450122157719096,200
regular_sir_full,sir,ude_sir_h2,55,-568.2420918030602,-549.6136133021133,0.8963686005481507,18.628478500946926,8.403808335655953,10.224670165290974,4.201904167827976,200
regular_sir_full,sir,ude_sir_h2,56,-569.7469397352361,-554.2974716142947,0.965829289777363,15.449468120941333,6.599034497380314,8.850433623561019,3.299517248690157,200
regular_sir_full,sir,ude_sir_h2,57,-559.2246467154156,-544.1839131177742,1.0841065298450598,15.040733597641406,9.525615028335942,5.515118569305464,4.762807514167971,200
regular_sir_full,sir,ude_sir_h2,58,-549.753659375227,-552.6391407455112,0.9768026797277521,-2.8854813702841966,9.489356576202113,-12.37483794648631,4.744678288101056,200
regular_sir_full,sir,ude_sir_h2,59,-560.5163060625613,-554.0077044282526,0.8737658674434384,6.508601634308661,7.29867411372098,-0.7900724794123191,3.64933705686049,200
regular_sir_full,sir,ude_sir_h2,60,-538.3662129535749,-553.4114804518645,0.9028380727442314,-15.045267498289604,7.135417890176937,-22.180685388466543,3.5677089450884685,200
regular_sir_full,sir,ude_sir_h2,61,-548.2571090395843,-552.4153914513195,0.9579842505377858,-4.158282411735172,7.490251772024436,-11.648534183759608,3.745125886012218,200
regular_sir_full,sir,ude_sir_h2,62,-565.4070568248388,-548.9445151844789,0.9089587863837677,16.462541640359973,7.77024121763814,8.692300422721832,3.88512060881907,200
regular_sir_full,sir,ude_sir_h2,63,-559.5755402115676,-552.059388747236,0.9635190920284654,7.516151464331642,8.701425296737106,-1.1852738324054641,4.350712648368553,200
regular_sir_full,sir,ude_sir_h2,64,-571.879555265756,-551.8649463834413,0.9868659106921207,20.014608882314747,6.330992482091294,13.683616400223453,3.165496241045647,200
regular_sir_full,sir,ude_sir_h2,65,-565.8736629442672,-552.4025002967891,1.0263200699921342,13.471162647478081,7.5256536347351455,5.945509012742936,3.7628268173675727,200
regular_sir_full,sir,ude_sir_h2,66,-532.1849538934704,-551.3004575922242,0.9514734531958425,-19.115503698753855,7.482876581989942,-26.598380280743797,3.741438290994971,200
regular_sir_full,sir,ude_sir_h2,67,-550.4154437439086,-548.9466815806961,1.0228109897677735,1.468762163212432,6.025440178790212,-4.55667801557778,3.012720089395106,200
regular_sir_full,sir,ude_sir_h2,68,-549.5363738934984,-554.4501620699434,0.8932829415601661,-4.913788176444996,7.201300790708225,-12.11508896715322,3.6006503953541125,200
regular_sir_full,sir,ude_sir_h2,69,-578.7573306136601,-548.6145482147398,0.909373927019655,30.142782398920303,8.750272911267377,21.392509487652926,4.3751364556336885,200
regular_sir_full,sir,ude_sir_h2,70,-557.5169715072201,-552.7603103541186,0.91992960818201,4.756661153101504,7.05228604199161,-2.2956248888901056,3.526143020995805,200
regular_sir_full,sir,ude_sir_h2,71,-567.4428873615826,-551.0292419677082,0.929908871900224,16.41364539387439,5.914811058076467,10.498834335797923,2.9574055290382333,200
regular_sir_full,sir,ude_sir_h2,72,-573.7728987086392,-546.8396311953281,0.9193339997159949,26.93326751331108,6.1296389878375175,20.803628525473563,3.0648194939187587,200
regular_sir_full,sir,ude_sir_h2,73,-574.1937667813555,-547.009057100744,0.9966465564766501,27.18470968061149,4.007222472283952,23.177487208327538,2.003611236141976,200
regular_sir_full,sir,ude_sir_h2,74,-570.7413864351864,-554.351993818705,0.8981437901191974,16.389392616481473,6.039704304269867,10.349688312211606,3.0198521521349333,200
regular_sir_full,sir,ude_sir_h2,75,-541.710083852777,-552.6131390130097,0.931311316862218,-10.903055160232725,8.916804564348626,-19.81985972458135,4.458402282174313,200
regular_sir_full,sir,ude_sir_h2,76,-554.526572660397,-555.1525630232862,0.9177923511294684,-0.6259903628891834,7.338117110629566,-7.96410747351875,3.669058555314783,200
regular_sir_full,sir,ude_sir_h2,77,-551.3145235888251,-553.1615487621611,0.9148316504017714,-1.8470251733360783,8.835142394086844,-10.682167567422923,4.417571197043422,200
regular_sir_full,sir,ude_sir_h2,78,-573.7802871730586,-553.037797690571,1.0014667866449927,20.7424894824876,5.430477718901581,15.312011763586018,2.7152388594507904,200
regular_sir_full,sir,ude_sir_h2,79,-572.6890501909172,-549.755081954722,1.0142886304641412,22.933968236195255,6.387750969180905,16.54621726701435,3.1938754845904525,200
