n_times,noise,trajectories,seed,criterion,interpretation,candidate,weight
10,0.005,1,0,gic_pred,predictive_support,neural_ode_h2,0.7786194866727312
10,0.005,1,0,gic_pred,predictive_support,sir,1.348318576805916e-90
10,0.005,1,0,gic_pred,predictive_support,tv_sir,0.021573750272132035
10,0.005,1,0,gic_pred,predictive_support,ude_sir_h2,0.19980676305513692
10,0.005,1,0,gic_evid,equal_prior_posterior_approximation,neural_ode_h2,2.2120212355893882e-07
10,0.005,1,0,gic_evid,equal_prior_posterior_approximation,sir,6.130984153811409e-88
10,0.005,1,0,gic_evid,equal_prior_posterior_approximation,tv_sir,0.29376477350225444
10,0.005,1,0,gic_evid,equal_prior_posterior_approximation,ude_sir_h2,0.706235005295622
10,0.005,1,1,gic_pred,predictive_support,neural_ode_h2,0.23707716153105315
10,0.005,1,1,gic_pred,predictive_support,sir,3.6814353632882484e-73
10,0.005,1,1,gic_pred,predictive_support,tv_sir,0.12356686582884041
10,0.005,1,1,gic_pred,predictive_support,ude_sir_h2,0.6393559726401066
10,0.005,1,1,gic_evid,equal_prior_posterior_approximation,neural_ode_h2,3.912092214136474e-08
10,0.005,1,1,gic_evid,equal_prior_posterior_approximation,sir,3.5304158533168507e-71
10,0.005,1,1,gic_evid,equal_prior_posterior_approximation,tv_sir,0.32295392457394495
10,0.005,1,1,gic_evid,equal_prior_posterior_approximation,ude_sir_h2,0.6770460363051329
10,0.005,1,2,gic_pred,predictive_support,neural_ode_h2,0.3019736269243901
10,0.005,1,2,gic_pred,predictive_support,sir,1.9686760779206313e-77
10,0.005,1,2,gic_pred,predictive_support,tv_sir,0.08824492578625816
10,0.005,1,2,gic_pred,predictive_support,ude_sir_h2,0.6097814472893518
10,0.005,1,2,gic_evid,equal_prior_posterior_approximation,neural_ode_h2,4.6181750308415505e-08
10,0.005,1,2,gic_evid,equal_prior_posterior_approximation,sir,2.0744707936923544e-75
10,0.005,1,2,gic_evid,equal_prior_posterior_approximation,tv_sir,0.3207456286654016
10,0.005,1,2,gic_evid,equal_prior_posterior_approximation,ude_sir_h2,0.6792543251528481
10,0.005,1,3,gic_pred,predictive_support,neural_ode_h2,0.9097546390095419
10,0.005,1,3,gic_pred,predictive_support,sir,1.311406647861694e-72
10,0.005,1,3,gic_pred,predictive_support,tv_sir,0.03997399437547048
10,0.005,1,3,gic_pred,predictive_support,ude_sir_h2,0.05027136661498763
10,0.005,1,3,gic_evid,equal_prior_posterior_approximation,neural_ode_h2,7.063571342397939e-07
10,0.005,1,3,gic_evid,equal_prior_posterior_approximation,sir,1.0633957486545459e-69
10,0.005,1,3,gic_evid,equal_prior_posterior_approximation,tv_sir,0.6691197015203179
10,0.005,1,3,gic_evid,equal_prior_posterior_approximation,ude_sir_h2,0.33087959212254786
10,0.005,1,4,gic_pred,predictive_support,neural_ode_h2,0.039714160650724584
10,0.005,1,4,gic_pred,predictive_support,sir,3.9615088086124556e-82
10,0.005,1,4,gic_pred,predictive_support,tv_sir,0.2179886662972131
10,0.005,1,4,gic_pred,predictive_support,ude_sir_h2,0.7422971730520622
10,0.005,1,4,gic_evid,equal_prior_posterior_approximation,neural_ode_h2,1.1388097147902094e-09
10,0.005,1,4,gic_evid,equal_prior_posterior_approximation,sir,2.618835724084483e-80
10,0.005,1,4,gic_evid,equal_prior_posterior_approximation,tv_sir,0.5004965310110561
10,0.005,1,4,gic_evid,equal_prior_posterior_approximation,ude_sir_h2,0.4995034678501343
10,0.005,1,5,gic_pred,predictive_support,neural_ode_h2,0.9288814833783223
10,0.005,1,5,gic_pred,predictive_support,sir,3.8793932413612387e-81
10,0.005,1,5,gic_pred,predictive_support,tv_sir,0.008158522440642635
10,0.005,1,5,gic_pred,predictive_support,ude_sir_h2,0.06295999418103512
10,0.005,1,5,gic_evid,equal_prior_posterior_approximation,neural_ode_h2,2.680343765656356e-06
10,0.005,1,5,gic_evid,equal_prior_posterior_approximation,sir,4.963945346280968e-78
10,0.005,1,5,gic_evid,equal_prior_posterior_approximation,tv_sir,0.2650335708011523
10,0.005,1,5,gic_evid,equal_prior_posterior_approximation,ude_sir_h2,0.734963748855082
10,0.005,1,6,gic_pred,predictive_support,neural_ode_h2,0.14427403474484105
10,0.005,1,6,gic_pred,predictive_support,sir,1.2104994098568077e-76
10,0.005,1,6,gic_pred,predictive_support,tv_sir,0.3744281114494971
10,0.005,1,6,gic_pred,predictive_support,ude_sir_h2,0.48129785380566187
10,0.005,1,6,gic_evid,equal_prior_posterior_approximation,neural_ode_h2,4.391250086203464e-09
10,0.005,1,6,gic_evid,equal_prior_posterior_approximation,sir,6.895956029172618e-75
10,0.005,1,6,gic_evid,equal_prior_posterior_approximation,tv_sir,0.6867366733822667
10,0.005,1,6,gic_evid,equal_prior_posterior_approximation,ude_sir_h2,0.3132633222264832
10,0.005,1,7,gic_pred,predictive_support,neural_ode_h2,0.3655821787584894
10,0.005,1,7,gic_pred,predictive_support,sir,6.001594498494129e-76
10,0.005,1,7,gic_pred,predictive_support,tv_sir,0.027686144760598906
10,0.005,1,7,gic_pred,predictive_support,ude_sir_h2,0.6067316764809118
10,0.005,1,7,gic_evid,equal_prior_posterior_approximation,neural_ode_h2,1.7824133676554246e-07
10,0.005,1,7,gic_evid,equal_prior_posterior_approximation,sir,1.015828251969343e-73
10,0.005,1,7,gic_evid,equal_prior_posterior_approximation,tv_sir,0.13532388587933675
10,0.005,1,7,gic_evid,equal_prior_posterior_approximation,ude_sir_h2,0.8646759358793266
10,0.005,1,8,gic_pred,predictive_support,neural_ode_h2,0.7014223151959433
10,0.005,1,8,gic_pred,predictive_support,sir,1.8968429311877473e-73
10,0.005,1,8,gic_pred,predictive_support,tv_sir,0.010927010862836678
10,0.005,1,8,gic_pred,predictive_support,ude_sir_h2,0.2876506739412201
10,0.005,1,8,gic_evid,equal_prior_posterior_approximation,neural_ode_h2,1.0710254935378257e-06
10,0.005,1,8,gic_evid,equal_prior_posterior_approximation,sir,7.835740490888605e-71
10,0.005,1,8,gic_evid,equal_prior_posterior_approximation,tv_sir,0.1220760209373275
10,0.005,1,8,gic_evid,equal_prior_posterior_approximation,ude_sir_h2,0.8779229080371789
10,0.005,1,9,gic_pred,predictive_support,neural_ode_h2,0.09783470175031854
10,0.005,1,9,gic_pred,predictive_support,sir,1.4714267200966482e-102
10,0.005,1,9,gic_pred,predictive_support,tv_sir,0.21279309083459738
10,0.005,1,9,gic_pred,predictive_support,ude_sir_h2,0.6893722074150841
10,0.005,1,9,gic_evid,equal_prior_posterior_approximation,neural_ode_h2,4.117648472522608e-09
10,0.005,1,9,gic_evid,equal_prior_posterior_approximation,sir,1.3905958239489227e-100
10,0.005,1,9,gic_evid,equal_prior_posterior_approximation,tv_sir,0.5736655317697774
10,0.005,1,9,gic_evid,equal_prior_posterior_approximation,ude_sir_h2,0.42633446411257414
10,0.005,1,10,gic_pred,predictive_support,neural_ode_h2,0.6281359281051655
10,0.005,1,10,gic_pred,predictive_support,sir,1.9692498420780374e-84
10,0.005,1,10,gic_pred,predictive_support,tv_sir,0.005431620514413666
10,0.005,1,10,gic_pred,predictive_support,ude_sir_h2,0.3664324513804209
10,0.005,1,10,gic_evid,equal_prior_posterior_approximation,neural_ode_h2,2.7271361598137295e-07
10,0.005,1,10,gic_evid,equal_prior_posterior_approximation,sir,8.746081146069865e-82
10,0.005,1,10,gic_evid,equal_prior_posterior_approximation,tv_sir,0.08649123427739826
10,0.005,1,10,gic_evid,equal_prior_posterior_approximation,ude_sir_h2,0.9135084930089858
10,0.005,1,11,gic_pred,predictive_support,neural_ode_h2,0.4017384450264811
10,0.005,1,11,gic_pred,predictive_support,sir,4.416633477129804e-75
10,0.005,1,11,gic_pred,predictive_support,tv_sir,0.009197497985251041
10,0.005,1,11,gic_pred,predictive_support,ude_sir_h2,0.5890640569882678
10,0.005,1,11,gic_evid,equal_prior_posterior_approximation,neural_ode_h2,4.125246287587017e-07
10,0.005,1,11,gic_evid,equal_prior_posterior_approximation,sir,1.4575996613393982e-72
10,0.005,1,11,gic_evid,equal_prior_posterior_approximation,tv_sir,0.0836471185695952
10,0.005,1,11,gic_evid,equal_prior_posterior_approximation,ude_sir_h2,0.916352468905776
10,0.005,1,12,gic_pred,predictive_support,neural_ode_h2,0.6396624945073272
10,0.005,1,12,gic_pred,predictive_support,sir,2.0689667333475993e-81
10,0.005,1,12,gic_pred,predictive_support,tv_sir,0.053580915551590884
10,0.005,1,12,gic_pred,predictive_support,ude_sir_h2,0.30675658994108196
10,0.005,1,12,gic_evid,equal_prior_posterior_approximation,neural_ode_h2,1.0243165302477101e-07
10,0.005,1,12,gic_evid,equal_prior_posterior_approximation,sir,4.2693073814254986e-79
10,0.005,1,12,gic_evid,equal_prior_posterior_approximation,tv_sir,0.41657594991990843
10,0.005,1,12,gic_evid,equal_prior_posterior_approximation,ude_sir_h2,0.5834239476484386
10,0.005,1,13,gic_pred,predictive_support,neural_ode_h2,0.5917783464638791
10,0.005,1,13,gic_pred,predictive_support,sir,3.392767257148639e-86
10,0.005,1,13,gic_pred,predictive_support,tv_sir,0.018322339280163698
10,0.005,1,13,gic_pred,predictive_support,ude_sir_h2,0.38989931425595714
10,0.005,1,13,gic_evid,equal_prior_posterior_approximation,neural_ode_h2,2.571376457187566e-07
10,0.005,1,13,gic_evid,equal_prior_posterior_approximation,sir,8.784909121238624e-84
10,0.005,1,13,gic_evid,equal_prior_posterior_approximation,tv_sir,0.16752359529555988
10,0.005,1,13,gic_evid,equal_prior_posterior_approximation,ude_sir_h2,0.8324761475667943
10,0.005,1,14,gic_pred,predictive_support,neural_ode_h2,0.8235749070284734
10,0.005,1,14,gic_pred,predictive_support,sir,5.6854304966298e-82
10,0.005,1,14,gic_pred,predictive_support,tv_sir,0.013228243601868101
10,0.005,1,14,gic_pred,predictive_support,ude_sir_h2,0.1631968493696587
10,0.005,1,14,gic_evid,equal_prior_posterior_approximation,neural_ode_h2,4.3840008081089543e-07
10,0.005,1,14,gic_evid,equal_prior_posterior_approximation,sir,2.956140833428856e-79
10,0.005,1,14,gic_evid,equal_prior_posterior_approximation,tv_sir,0.2595044264851462
10,0.005,1,14,gic_evid,equal_prior_posterior_approximation,ude_sir_h2,0.740495135114773
10,0.005,1,15,gic_pred,predictive_support,neural_ode_h2,0.11729288065618051
10,0.005,1,15,gic_pred,predictive_support,sir,2.4484821412874024e-76
10,0.005,1,15,gic_pred,predictive_support,tv_sir,0.019100198758626254
10,0.005,1,15,gic_pred,predictive_support,ude_sir_h2,0.8636069205851933
10,0.005,1,15,gic_evid,equal_prior_posterior_approximation,neural_ode_h2,3.373610532444954e-08
10,0.005,1,15,gic_evid,equal_prior_posterior_approximation,sir,5.066398509277815e-74
10,0.005,1,15,gic_evid,equal_prior_posterior_approximation,tv_sir,0.1111632599543462
10,0.005,1,15,gic_evid,equal_prior_posterior_approximation,ude_sir_h2,0.8888367063095486
10,0.005,1,16,gic_pred,predictive_support,neural_ode_h2,0.27633363363201086
10,0.005,1,16,gic_pred,predictive_support,sir,1.5435417754649046e-87
10,0.005,1,16,gic_pred,predictive_support,tv_sir,0.0659409988463351
10,0.005,1,16,gic_pred,predictive_support,ude_sir_h2,0.657725367521654
10,0.005,1,16,gic_evid,equal_prior_posterior_approximation,neural_ode_h2,1.3957000587166737e-08
10,0.005,1,16,gic_evid,equal_prior_posterior_approximation,sir,2.0989072572446774e-85
10,0.005,1,16,gic_evid,equal_prior_posterior_approximation,tv_sir,0.3042184606023016
10,0.005,1,16,gic_evid,equal_prior_posterior_approximation,ude_sir_h2,0.6957815254406978
10,0.005,1,17,gic_pred,predictive_support,neural_ode_h2,0.07931237169003061
10,0.005,1,17,gic_pred,predictive_support,sir,1.2372457515548665e-84
10,0.005,1,17,gic_pred,predictive_support,tv_sir,0.15975108096439125
10,0.005,1,17,gic_pred,predictive_support,ude_sir_h2,0.7609365473455781
10,0.005,1,17,gic_evid,equal_prior_posterior_approximation,neural_ode_h2,2.9978205381038715e-09
10,0.005,1,17,gic_evid,equal_prior_posterior_approximation,sir,9.84198439171111e-83
10,0.005,1,17,gic_evid,equal_prior_posterior_approximation,tv_sir,0.42665112920351955
10,0.005,1,17,gic_evid,equal_prior_posterior_approximation,ude_sir_h2,0.5733488677986599
10,0.005,1,18,gic_pred,predictive_support,neural_ode_h2,0.9237886229098025
10,0.005,1,18,gic_pred,predictive_support,sir,8.604701305518823e-75
10,0.005,1,18,gic_pred,predictive_support,tv_sir,0.0015891516694107033
10,0.005,1,18,gic_pred,predictive_support,ude_sir_h2,0.07462222542078664
10,0.005,1,18,gic_evid,equal_prior_posterior_approximation,neural_ode_h2,3.3223350531393195e-06
10,0.005,1,18,gic_evid,equal_prior_posterior_approximation,sir,1.502989825794573e-71
10,0.005,1,18,gic_evid,equal_prior_posterior_approximation,tv_sir,0.09829976465735867
10,0.005,1,18,gic_evid,equal_prior_posterior_approximation,ude_sir_h2,0.9016969130075881
10,0.005,1,19,gic_pred,predictive_support,neural_ode_h2,0.98378280095657
10,0.005,1,19,gic_pred,predictive_support,sir,4.878304628969558e-83
10,0.005,1,19,gic_pred,predictive_support,tv_sir,0.0003161608817842106
10,0.005,1,19,gic_pred,predictive_support,ude_sir_h2,0.015901038161645637
10,0.005,1,19,gic_evid,equal_prior_posterior_approximation,neural_ode_h2,3.6597115956343433e-05
10,0.005,1,19,gic_evid,equal_prior_posterior_approximation,sir,4.7839362600484994e-79
10,0.005,1,19,gic_evid,equal_prior_posterior_approximation,tv_sir,0.08055920257537474
10,0.005,1,19,gic_evid,equal_prior_posterior_approximation,ude_sir_h2,0.9194042003086689
10,0.005,2,0,gic_pred,predictive_support,neural_ode_h2,4.537063856088781e-05
10,0.005,2,0,gic_pred,predictive_support,sir,5.852979536279998e-192
10,0.005,2,0,gic_pred,predictive_support,tv_sir,7.343073301100887e-05
10,0.005,2,0,gic_pred,predictive_support,ude_sir_h2,0.9998811986284282
10,0.005,2,0,gic_evid,equal_prior_posterior_approximation,neural_ode_h2,2.211134178426201e-25
10,0.005,2,0,gic_evid,equal_prior_posterior_approximation,sir,3.908511092450242e-186
10,0.005,2,0,gic_evid,equal_prior_posterior_approximation,tv_sir,0.4131821509263581
10,0.005,2,0,gic_evid,equal_prior_posterior_approximation,ude_sir_h2,0.5868178490736419
10,0.005,2,1,gic_pred,predictive_support,neural_ode_h2,7.740239664950416e-18
10,0.005,2,1,gic_pred,predictive_support,sir,6.039494291764761e-219
10,0.005,2,1,gic_pred,predictive_support,tv_sir,0.031141508998484255
10,0.005,2,1,gic_pred,predictive_support,ude_sir_h2,0.9688584910015157
10,0.005,2,1,gic_evid,equal_prior_posterior_approximation,neural_ode_h2,7.848348400206305e-40
10,0.005,2,1,gic_evid,equal_prior_posterior_approximation,sir,1.9425373963584448e-215
10,0.005,2,1,gic_evid,equal_prior_posterior_approximation,tv_sir,0.9968690675735405
10,0.005,2,1,gic_evid,equal_prior_posterior_approximation,ude_sir_h2,0.003130932426459563
10,0.005,2,2,gic_pred,predictive_support,neural_ode_h2,9.144668499255893e-13
10,0.005,2,2,gic_pred,predictive_support,sir,1.7682785915882916e-213
10,0.005,2,2,gic_pred,predictive_support,tv_sir,4.486656960077396e-06
10,0.005,2,2,gic_pred,predictive_support,ude_sir_h2,0.9999955133421256
10,0.005,2,2,gic_evid,equal_prior_posterior_approximation,neural_ode_h2,2.9336951547202455e-31
10,0.005,2,2,gic_evid,equal_prior_posterior_approximation,sir,3.680255409166326e-207
10,0.005,2,2,gic_evid,equal_prior_posterior_approximation,tv_sir,0.08384781906612451
10,0.005,2,2,gic_evid,equal_prior_posterior_approximation,ude_sir_h2,0.9161521809338755
10,0.005,2,3,gic_pred,predictive_support,neural_ode_h2,4.944447121818582e-13
10,0.005,2,3,gic_pred,predictive_support,sir,1.7718931290234934e-195
10,0.005,2,3,gic_pred,predictive_support,tv_sir,0.0005813129534210453
10,0.005,2,3,gic_pred,predictive_support,ude_sir_h2,0.9994186870460846
10,0.005,2,3,gic_evid,equal_prior_posterior_approximation,neural_ode_h2,5.450348575213638e-32
10,0.005,2,3,gic_evid,equal_prior_posterior_approximation,sir,2.566898478221689e-190
10,0.005,2,3,gic_evid,equal_prior_posterior_approximation,tv_sir,0.8113218138655852
10,0.005,2,3,gic_evid,equal_prior_posterior_approximation,ude_sir_h2,0.18867818613441475
10,0.005,2,4,gic_pred,predictive_support,neural_ode_h2,2.5019028996563938e-08
10,0.005,2,4,gic_pred,predictive_support,sir,2.8750324397950454e-170
10,0.005,2,4,gic_pred,predictive_support,tv_sir,0.013590623373648395
10,0.005,2,4,gic_pred,predictive_support,ude_sir_h2,0.9864093516073226
10,0.005,2,4,gic_evid,equal_prior_posterior_approximation,neural_ode_h2,5.672449511403085e-31
10,0.005,2,4,gic_evid,equal_prior_posterior_approximation,sir,2.6072385067309485e-166
10,0.005,2,4,gic_evid,equal_prior_posterior_approximation,tv_sir,0.9873153761573956
10,0.005,2,4,gic_evid,equal_prior_posterior_approximation,ude_sir_h2,0.012684623842604404
10,0.005,2,5,gic_pred,predictive_support,neural_ode_h2,4.085627719470209e-05
10,0.005,2,5,gic_pred,predictive_support,sir,7.418924907534227e-216
10,0.005,2,5,gic_pred,predictive_support,tv_sir,3.135089651503938e-06
10,0.005,2,5,gic_pred,predictive_support,ude_sir_h2,0.9999560086331538
10,0.005,2,5,gic_evid,equal_prior_posterior_approximation,neural_ode_h2,1.3555762179872137e-24
10,0.005,2,5,gic_evid,equal_prior_posterior_approximation,sir,1.0514050340891012e-209
10,0.005,2,5,gic_evid,equal_prior_posterior_approximation,tv_sir,0.03625334514619338
10,0.005,2,5,gic_evid,equal_prior_posterior_approximation,ude_sir_h2,0.9637466548538066
10,0.005,2,6,gic_pred,predictive_support,neural_ode_h2,3.934900617800752e-07
10,0.005,2,6,gic_pred,predictive_support,sir,3.0441214274793254e-173
10,0.005,2,6,gic_pred,predictive_support,tv_sir,4.553294674840082e-06
10,0.005,2,6,gic_pred,predictive_support,ude_sir_h2,0.9999950532152634
10,0.005,2,6,gic_evid,equal_prior_posterior_approximation,neural_ode_h2,1.6114645984020156e-27
10,0.005,2,6,gic_evid,equal_prior_posterior_approximation,sir,1.25914504464585e-167
10,0.005,2,6,gic_evid,equal_prior_posterior_approximation,tv_sir,0.018380102138354042
10,0.005,2,6,gic_evid,equal_prior_posterior_approximation,ude_sir_h2,0.9816198978616459
10,0.005,2,7,gic_pred,predictive_support,neural_ode_h2,2.5142234510559984e-10
10,0.005,2,7,gic_pred,predictive_support,sir,1.519653905852775e-197
10,0.005,2,7,gic_pred,predictive_support,tv_sir,4.366721807103176e-06
10,0.005,2,7,gic_pred,predictive_support,ude_sir_h2,0.9999956330267705
10,0.005,2,7,gic_evid,equal_prior_posterior_approximation,neural_ode_h2,3.2593368416662764e-32
10,0.005,2,7,gic_evid,equal_prior_posterior_approximation,sir,1.4975700007987268e-191
10,0.005,2,7,gic_evid,equal_prior_posterior_approximation,tv_sir,0.037052975864661206
10,0.005,2,7,gic_evid,equal_prior_posterior_approximation,ude_sir_h2,0.9629470241353388
10,0.005,2,8,gic_pred,predictive_support,neural_ode_h2,9.460245748871307e-07
10,0.005,2,8,gic_pred,predictive_support,sir,1.0028533404425282e-205
10,0.005,2,8,gic_pred,predictive_support,tv_sir,5.4049668172725554e-05
10,0.005,2,8,gic_pred,predictive_support,ude_sir_h2,0.9999450043072525
10,0.005,2,8,gic_evid,equal_prior_posterior_approximation,neural_ode_h2,1.6101690705614299e-24
10,0.005,2,8,gic_evid,equal_prior_posterior_approximation,sir,1.0901179358448135e-199
10,0.005,2,8,gic_evid,equal_prior_posterior_approximation,tv_sir,0.45485025989472666
10,0.005,2,8,gic_evid,equal_prior_posterior_approximation,ude_sir_h2,0.5451497401052734
10,0.005,2,9,gic_pred,predictive_support,neural_ode_h2,4.1869698260537944e-11
10,0.005,2,9,gic_pred,predictive_support,sir,9.946367149467975e-198
10,0.005,2,9,gic_pred,predictive_support,tv_sir,1.0627403034343024e-12
10,0.005,2,9,gic_pred,predictive_support,ude_sir_h2,0.9999999999570675
10,0.005,2,9,gic_evid,equal_prior_posterior_approximation,neural_ode_h2,7.654238376241917e-25
10,0.005,2,9,gic_evid,equal_prior_posterior_approximation,sir,7.029953853181319e-191
10,0.005,2,9,gic_evid,equal_prior_posterior_approximation,tv_sir,5.392622280936732e-08
10,0.005,2,9,gic_evid,equal_prior_posterior_approximation,ude_sir_h2,0.9999999460737772
10,0.005,2,10,gic_pred,predictive_support,neural_ode_h2,1.2358828677723065e-09
10,0.005,2,10,gic_pred,predictive_support,sir,4.531300468334093e-208
10,0.005,2,10,gic_pred,predictive_support,tv_sir,3.1686926689075176e-11
10,0.005,2,10,gic_pred,predictive_support,ude_sir_h2,0.9999999987324302
10,0.005,2,10,gic_evid,equal_prior_posterior_approximation,neural_ode_h2,1.3572268547448582e-25
10,0.005,2,10,gic_evid,equal_prior_posterior_approximation,sir,9.152324340134192e-202
10,0.005,2,10,gic_evid,equal_prior_posterior_approximation,tv_sir,5.936311693352928e-07
10,0.005,2,10,gic_evid,equal_prior_posterior_approximation,ude_sir_h2,0.9999994063688307
10,0.005,2,11,gic_pred,predictive_support,neural_ode_h2,0.0002259421961022697
10,0.005,2,11,gic_pred,predictive_support,sir,1.7052239461053513e-176
10,0.005,2,11,gic_pred,predictive_support,tv_sir,4.3503197003027444e-05
10,0.005,2,11,gic_pred,predictive_support,ude_sir_h2,0.9997305546068948
10,0.005,2,11,gic_evid,equal_prior_posterior_approximation,neural_ode_h2,2.289763129675588e-25
10,0.005,2,11,gic_evid,equal_prior_posterior_approximation,sir,8.200808361049475e-171
10,0.005,2,11,gic_evid,equal_prior_posterior_approximation,tv_sir,0.17508401780291274
10,0.005,2,11,gic_evid,equal_prior_posterior_approximation,ude_sir_h2,0.8249159821970872
10,0.005,2,12,gic_pred,predictive_support,neural_ode_h2,7.448743564455556e-17
10,0.005,2,12,gic_pred,predictive_support,sir,1.4161354371525574e-184
10,0.005,2,12,gic_pred,predictive_support,tv_sir,1.3544625988167788e-05
10,0.005,2,12,gic_pred,predictive_support,ude_sir_h2,0.9999864553740118
10,0.005,2,12,gic_evid,equal_prior_posterior_approximation,neural_ode_h2,2.600985189910426e-35
10,0.005,2,12,gic_evid,equal_prior_posterior_approximation,sir,1.8403775770371505e-178
10,0.005,2,12,gic_evid,equal_prior_posterior_approximation,tv_sir,0.13716657290336082
10,0.005,2,12,gic_evid,equal_prior_posterior_approximation,ude_sir_h2,0.8628334270966392
10,0.005,2,13,gic_pred,predictive_support,neural_ode_h2,4.340469661211581e-12
10,0.005,2,13,gic_pred,predictive_support,sir,3.0931568242052957e-202
10,0.005,2,13,gic_pred,predictive_support,tv_sir,7.747978343410087e-07
10,0.005,2,13,gic_pred,predictive_support,ude_sir_h2,0.9999992251978252
10,0.005,2,13,gic_evid,equal_prior_posterior_approximation,neural_ode_h2,7.779919593312935e-31
10,0.005,2,13,gic_evid,equal_prior_posterior_approximation,sir,6.999956280588e-196
10,0.005,2,13,gic_evid,equal_prior_posterior_approximation,tv_sir,0.015631109617820604
10,0.005,2,13,gic_evid,equal_prior_posterior_approximation,ude_sir_h2,0.9843688903821795
10,0.005,2,14,gic_pred,predictive_support,neural_ode_h2,6.82054347761291e-08
10,0.005,2,14,gic_pred,predictive_support,sir,9.571738789475007e-194
10,0.005,2,14,gic_pred,predictive_support,tv_sir,0.0009564583873953582
10,0.005,2,14,gic_pred,predictive_support,ude_sir_h2,0.9990434734071698
10,0.005,2,14,gic_evid,equal_prior_posterior_approximation,neural_ode_h2,2.1450319620628642e-30
10,0.005,2,14,gic_evid,equal_prior_posterior_approximation,sir,1.120203859862132e-188
10,0.005,2,14,gic_evid,equal_prior_posterior_approximation,tv_sir,0.9216267272300839
10,0.005,2,14,gic_evid,equal_prior_posterior_approximation,ude_sir_h2,0.07837327276991615
10,0.005,2,15,gic_pred,predictive_support,neural_ode_h2,1.8159240181789393e-15
10,0.005,2,15,gic_pred,predictive_support,sir,8.752494050004818e-194
10,0.005,2,15,gic_pred,predictive_support,tv_sir,4.180948337501056e-06
10,0.005,2,15,gic_pred,predictive_support,ude_sir_h2,0.9999958190516606
10,0.005,2,15,gic_evid,equal_prior_posterior_approximation,neural_ode_h2,1.0320990530816914e-36
10,0.005,2,15,gic_evid,equal_prior_posterior_approximation,sir,4.0993095438829954e-188
10,0.005,2,15,gic_evid,equal_prior_posterior_approximation,tv_sir,0.02033167338712837
10,0.005,2,15,gic_evid,equal_prior_posterior_approximation,ude_sir_h2,0.9796683266128716
10,0.005,2,16,gic_pred,predictive_support,neural_ode_h2,1.3631204568324985e-07
10,0.005,2,16,gic_pred,predictive_support,sir,4.502639675679099e-203
10,0.005,2,16,gic_pred,predictive_support,tv_sir,7.657222146492983e-06
10,0.005,2,16,gic_pred,predictive_support,ude_sir_h2,0.9999922064658078
10,0.005,2,16,gic_evid,equal_prior_posterior_approximation,neural_ode_h2,2.3718746082872647e-28
10,0.005,2,16,gic_evid,equal_prior_posterior_approximation,sir,4.6718472252482954e-197
10,0.005,2,16,gic_evid,equal_prior_posterior_approximation,tv_sir,0.07732375968823933
10,0.005,2,16,gic_evid,equal_prior_posterior_approximation,ude_sir_h2,0.9226762403117605
10,0.005,2,17,gic_pred,predictive_support,neural_ode_h2,8.491118910259347e-11
10,0.005,2,17,gic_pred,predictive_support,sir,1.7533717682612845e-197
10,0.005,2,17,gic_pred,predictive_support,tv_sir,1.3815366052670273e-07
10,0.005,2,17,gic_pred,predictive_support,ude_sir_h2,0.9999998617614283
10,0.005,2,17,gic_evid,equal_prior_posterior_approximation,neural_ode_h2,2.0366490355340207e-29
10,0.005,2,17,gic_evid,equal_prior_posterior_approximation,sir,3.7402690324816936e-191
10,0.005,2,17,gic_evid,equal_prior_posterior_approximation,tv_sir,0.0025899504974484927
10,0.005,2,17,gic_evid,equal_prior_posterior_approximation,ude_sir_h2,0.9974100495025515
10,0.005,2,18,gic_pred,predictive_support,neural_ode_h2,1.9672891991861813e-05
10,0.005,2,18,gic_pred,predictive_support,sir,1.4499845187879205e-223
10,0.005,2,18,gic_pred,predictive_support,tv_sir,4.040723751045868e-06
10,0.005,2,18,gic_pred,predictive_support,ude_sir_h2,0.9999762863842571
10,0.005,2,18,gic_evid,equal_prior_posterior_approximation,neural_ode_h2,1.0197972439070344e-23
10,0.005,2,18,gic_evid,equal_prior_posterior_approximation,sir,3.085074916678776e-217
10,0.005,2,18,gic_evid,equal_prior_posterior_approximation,tv_sir,0.06882367399365198
10,0.005,2,18,gic_evid,equal_prior_posterior_approximation,ude_sir_h2,0.9311763260063479
10,0.005,2,19,gic_pred,predictive_support,neural_ode_h2,3.0088058016680006e-11
10,0.005,2,19,gic_pred,predictive_support,sir,1.2934983872194116e-174
10,0.005,2,19,gic_pred,predictive_support,tv_sir,1.3073981365326633e-05
10,0.005,2,19,gic_pred,predictive_support,ude_sir_h2,0.9999869259885467
10,0.005,2,19,gic_evid,equal_prior_posterior_approximation,neural_ode_h2,1.0010482719103101e-29
10,0.005,2,19,gic_evid,equal_prior_posterior_approximation,sir,1.142441650538945e-168
10,0.005,2,19,gic_evid,equal_prior_posterior_approximation,tv_sir,0.0864047045940243
10,0.005,2,19,gic_evid,equal_prior_posterior_approximation,ude_sir_h2,0.9135952954059757
10,0.005,4,0,gic_pred,predictive_support,neural_ode_h2,8.153161410045903e-14
10,0.005,4,0,gic_pred,predictive_support,sir,9.859676543758967e-305
10,0.005,4,0,gic_pred,predictive_support,tv_sir,2.1282190792059546e-36
10,0.005,4,0,gic_pred,predictive_support,ude_sir_h2,0.9999999999999185
10,0.005,4,0,gic_evid,equal_prior_posterior_approximation,neural_ode_h2,1.9537913139459392e-35
10,0.005,4,0,gic_evid,equal_prior_posterior_approximation,sir,9.85967654375977e-305
10,0.005,4,0,gic_evid,equal_prior_posterior_approximation,tv_sir,2.5909071776143436e-31
10,0.005,4,0,gic_evid,equal_prior_posterior_approximation,ude_sir_h2,1.0
10,0.005,4,1,gic_pred,predictive_support,neural_ode_h2,6.571367405841144e-20
10,0.005,4,1,gic_pred,predictive_support,sir,9.85967654375977e-305
10,0.005,4,1,gic_pred,predictive_support,tv_sir,1.3280158146389302e-35
10,0.005,4,1,gic_pred,predictive_support,ude_sir_h2,1.0
10,0.005,4,1,gic_evid,equal_prior_posterior_approximation,neural_ode_h2,4.810205486415302e-47
10,0.005,4,1,gic_evid,equal_prior_posterior_approximation,sir,9.85967654375977e-305
10,0.005,4,1,gic_evid,equal_prior_posterior_approximation,tv_sir,5.106203331433455e-31
10,0.005,4,1,gic_evid,equal_prior_posterior_approximation,ude_sir_h2,1.0
10,0.005,4,2,gic_pred,predictive_support,neural_ode_h2,5.3787894849116415e-17
10,0.005,4,2,gic_pred,predictive_support,sir,9.85967654375977e-305
10,0.005,4,2,gic_pred,predictive_support,tv_sir,7.548578723228946e-42
10,0.005,4,2,gic_pred,predictive_support,ude_sir_h2,1.0
10,0.005,4,2,gic_evid,equal_prior_posterior_approximation,neural_ode_h2,8.132870353650131e-47
10,0.005,4,2,gic_evid,equal_prior_posterior_approximation,sir,9.85967654375977e-305
10,0.005,4,2,gic_evid,equal_prior_posterior_approximation,tv_sir,4.900068631277605e-37
10,0.005,4,2,gic_evid,equal_prior_posterior_approximation,ude_sir_h2,1.0
10,0.005,4,3,gic_pred,predictive_support,neural_ode_h2,4.416168460139074e-12
10,0.005,4,3,gic_pred,predictive_support,sir,9.85967654371623e-305
10,0.005,4,3,gic_pred,predictive_support,tv_sir,2.1444078751450413e-39
10,0.005,4,3,gic_pred,predictive_support,ude_sir_h2,0.9999999999955838
10,0.005,4,3,gic_evid,equal_prior_posterior_approximation,neural_ode_h2,8.796273040880905e-34
10,0.005,4,3,gic_evid,equal_prior_posterior_approximation,sir,9.85967654375977e-305
10,0.005,4,3,gic_evid,equal_prior_posterior_approximation,tv_sir,1.700001341690388e-34
10,0.005,4,3,gic_evid,equal_prior_posterior_approximation,ude_sir_h2,1.0
10,0.005,4,4,gic_pred,predictive_support,neural_ode_h2,3.269335466396622e-17
10,0.005,4,4,gic_pred,predictive_support,sir,9.85967654375977e-305
10,0.005,4,4,gic_pred,predictive_support,tv_sir,1.8160359632036153e-42
10,0.005,4,4,gic_pred,predictive_support,ude_sir_h2,1.0
10,0.005,4,4,gic_evid,equal_prior_posterior_approximation,neural_ode_h2,2.648954962854569e-46
10,0.005,4,4,gic_evid,equal_prior_posterior_approximation,sir,9.85967654375977e-305
10,0.005,4,4,gic_evid,equal_prior_posterior_approximation,tv_sir,2.332851212177686e-37
10,0.005,4,4,gic_evid,equal_prior_posterior_approximation,ude_sir_h2,1.0
10,0.005,4,5,gic_pred,predictive_support,neural_ode_h2,3.8974428820573027e-25
10,0.005,4,5,gic_pred,predictive_support,sir,9.85967654375977e-305
10,0.005,4,5,gic_pred,predictive_support,tv_sir,2.0031056493499362e-29
10,0.005,4,5,gic_pred,predictive_support,ude_sir_h2,1.0
10,0.005,4,5,gic_evid,equal_prior_posterior_approximation,neural_ode_h2,2.664055052086399e-56
10,0.005,4,5,gic_evid,equal_prior_posterior_approximation,sir,9.85967654375977e-305
10,0.005,4,5,gic_evid,equal_prior_posterior_approximation,tv_sir,9.969439617134225e-25
10,0.005,4,5,gic_evid,equal_prior_posterior_approximation,ude_sir_h2,1.0
10,0.005,4,6,gic_pred,predictive_support,neural_ode_h2,2.466960455310382e-15
10,0.005,4,6,gic_pred,predictive_support,sir,9.859676543759746e-305
10,0.005,4,6,gic_pred,predictive_support,tv_sir,1.99423190160474e-44
10,0.005,4,6,gic_pred,predictive_support,ude_sir_h2,0.9999999999999976
10,0.005,4,6,gic_evid,equal_prior_posterior_approximation,neural_ode_h2,5.291800347625411e-46
10,0.005,4,6,gic_evid,equal_prior_posterior_approximation,sir,9.85967654375977e-305
10,0.005,4,6,gic_evid,equal_prior_posterior_approximation,tv_sir,9.810606464361758e-40
10,0.005,4,6,gic_evid,equal_prior_posterior_approximation,ude_sir_h2,1.0
10,0.005,4,7,gic_pred,predictive_support,neural_ode_h2,7.423702643670915e-23
10,0.005,4,7,gic_pred,predictive_support,sir,9.85967654375977e-305
10,0.005,4,7,gic_pred,predictive_support,tv_sir,9.982536148124399e-36
10,0.005,4,7,gic_pred,predictive_support,ude_sir_h2,1.0
10,0.005,4,7,gic_evid,equal_prior_posterior_approximation,neural_ode_h2,2.170049373177721e-49
10,0.005,4,7,gic_evid,equal_prior_posterior_approximation,sir,9.85967654375977e-305
10,0.005,4,7,gic_evid,equal_prior_posterior_approximation,tv_sir,1.2146854120206562e-30
10,0.005,4,7,gic_evid,equal_prior_posterior_approximation,ude_sir_h2,1.0
10,0.005,4,8,gic_pred,predictive_support,neural_ode_h2,5.190522835052947e-21
10,0.005,4,8,gic_pred,predictive_support,sir,9.85967654375977e-305
10,0.005,4,8,gic_pred,predictive_support,tv_sir,7.601449461660471e-51
10,0.005,4,8,gic_pred,predictive_support,ude_sir_h2,1.0
10,0.005,4,8,gic_evid,equal_prior_posterior_approximation,neural_ode_h2,8.313342441728088e-51
10,0.005,4,8,gic_evid,equal_prior_posterior_approximation,sir,9.85967654375977e-305
10,0.005,4,8,gic_evid,equal_prior_posterior_approximation,tv_sir,7.07022736140613e-46
10,0.005,4,8,gic_evid,equal_prior_posterior_approximation,ude_sir_h2,1.0
10,0.005,4,9,gic_pred,predictive_support,neural_ode_h2,4.5002991933630105e-21
10,0.005,4,9,gic_pred,predictive_support,sir,9.85967654375977e-305
10,0.005,4,9,gic_pred,predictive_support,tv_sir,2.733321679245374e-35
10,0.005,4,9,gic_pred,predictive_support,ude_sir_h2,1.0
10,0.005,4,9,gic_evid,equal_prior_posterior_approximation,neural_ode_h2,6.131062929135986e-41
10,0.005,4,9,gic_evid,equal_prior_posterior_approximation,sir,9.85967654375977e-305
10,0.005,4,9,gic_evid,equal_prior_posterior_approximation,tv_sir,3.541346477958645e-30
10,0.005,4,9,gic_evid,equal_prior_posterior_approximation,ude_sir_h2,1.0
10,0.005,4,10,gic_pred,predictive_support,neural_ode_h2,4.9604288751414443e-23
10,0.005,4,10,gic_pred,predictive_support,sir,9.85967654375977e-305
10,0.005,4,10,gic_pred,predictive_support,tv_sir,4.212161842370976e-28
10,0.005,4,10,gic_pred,predictive_support,ude_sir_h2,1.0
10,0.005,4,10,gic_evid,equal_prior_posterior_approximation,neural_ode_h2,1.2223623369866184e-52
10,0.005,4,10,gic_evid,equal_prior_posterior_approximation,sir,9.85967654375977e-305
10,0.005,4,10,gic_evid,equal_prior_posterior_approximation,tv_sir,1.728522957082495e-23
10,0.005,4,10,gic_evid,equal_prior_posterior_approximation,ude_sir_h2,1.0
10,0.005,4,11,gic_pred,predictive_support,neural_ode_h2,1.3119510519789861e-18
10,0.005,4,11,gic_pred,predictive_support,sir,9.85967654375977e-305
10,0.005,4,11,gic_pred,predictive_support,tv_sir,6.344544090827329e-38
10,0.005,4,11,gic_pred,predictive_support,ude_sir_h2,1.0
10,0.005,4,11,gic_evid,equal_prior_posterior_approximation,neural_ode_h2,8.161717048564162e-47
10,0.005,4,11,gic_evid,equal_prior_posterior_approximation,sir,9.85967654375977e-305
10,0.005,4,11,gic_evid,equal_prior_posterior_approximation,tv_sir,3.907753330588252e-33
10,0.005,4,11,gic_evid,equal_prior_posterior_approximation,ude_sir_h2,1.0
10,0.005,4,12,gic_pred,predictive_support,neural_ode_h2,1.7405925687117049e-19
10,0.005,4,12,gic_pred,predictive_support,sir,9.85967654375977e-305
10,0.005,4,12,gic_pred,predictive_support,tv_sir,8.106832258468519e-29
10,0.005,4,12,gic_pred,predictive_support,ude_sir_h2,1.0
10,0.005,4,12,gic_evid,equal_prior_posterior_approximation,neural_ode_h2,2.757345486976948e-48
10,0.005,4,12,gic_evid,equal_prior_posterior_approximation,sir,9.85967654375977e-305
10,0.005,4,12,gic_evid,equal_prior_posterior_approximation,tv_sir,4.70903243799809e-24
10,0.005,4,12,gic_evid,equal_prior_posterior_approximation,ude_sir_h2,1.0
10,0.005,4,13,gic_pred,predictive_support,neural_ode_h2,7.455121332546412e-06
10,0.005,4,13,gic_pred,predictive_support,sir,9.859603038674837e-305
10,0.005,4,13,gic_pred,predictive_support,tv_sir,2.564123269820007e-34
10,0.005,4,13,gic_pred,predictive_support,ude_sir_h2,0.9999925448786674
10,0.005,4,13,gic_evid,equal_prior_posterior_approximation,neural_ode_h2,2.2056746197409895e-28
10,0.005,4,13,gic_evid,equal_prior_posterior_approximation,sir,9.85967654375977e-305
10,0.005,4,13,gic_evid,equal_prior_posterior_approximation,tv_sir,1.5539790262201333e-29
10,0.005,4,13,gic_evid,equal_prior_posterior_approximation,ude_sir_h2,1.0
10,0.005,4,14,gic_pred,predictive_support,neural_ode_h2,1.743244414455229e-23
10,0.005,4,14,gic_pred,predictive_support,sir,9.85967654375977e-305
10,0.005,4,14,gic_pred,predictive_support,tv_sir,6.935231072908024e-31
10,0.005,4,14,gic_pred,predictive_support,ude_sir_h2,1.0
10,0.005,4,14,gic_evid,equal_prior_posterior_approximation,neural_ode_h2,1.705863820600511e-51
10,0.005,4,14,gic_evid,equal_prior_posterior_approximation,sir,9.85967654375977e-305
10,0.005,4,14,gic_evid,equal_prior_posterior_approximation,tv_sir,2.3809932164132608e-26
10,0.005,4,14,gic_evid,equal_prior_posterior_approximation,ude_sir_h2,1.0
10,0.005,4,15,gic_pred,predictive_support,neural_ode_h2,3.00345965606765e-11
10,0.005,4,15,gic_pred,predictive_support,sir,9.85967654346364e-305
10,0.005,4,15,gic_pred,predictive_support,tv_sir,4.133564203756802e-26
10,0.005,4,15,gic_pred,predictive_support,ude_sir_h2,0.9999999999699654
10,0.005,4,15,gic_evid,equal_prior_posterior_approximation,neural_ode_h2,2.3941720049744005e-42
10,0.005,4,15,gic_evid,equal_prior_posterior_approximation,sir,9.85967654375977e-305
10,0.005,4,15,gic_evid,equal_prior_posterior_approximation,tv_sir,7.356308887817687e-22
10,0.005,4,15,gic_evid,equal_prior_posterior_approximation,ude_sir_h2,1.0
10,0.005,4,16,gic_pred,predictive_support,neural_ode_h2,1.5653455870532565e-12
10,0.005,4,16,gic_pred,predictive_support,sir,9.859676543744336e-305
10,0.005,4,16,gic_pred,predictive_support,tv_sir,3.220450026105368e-27
10,0.005,4,16,gic_pred,predictive_support,ude_sir_h2,0.9999999999984346
10,0.005,4,16,gic_evid,equal_prior_posterior_approximation,neural_ode_h2,3.668515466435475e-36
10,0.005,4,16,gic_evid,equal_prior_posterior_approximation,sir,9.85967654375977e-305
10,0.005,4,16,gic_evid,equal_prior_posterior_approximation,tv_sir,1.0226887019829193e-22
10,0.005,4,16,gic_evid,equal_prior_posterior_approximation,ude_sir_h2,1.0
10,0.005,4,17,gic_pred,predictive_support,neural_ode_h2,8.034999772100839e-16
10,0.005,4,17,gic_pred,predictive_support,sir,9.859676543759763e-305
10,0.005,4,17,gic_pred,predictive_support,tv_sir,1.7057666121867637e-34
10,0.005,4,17,gic_pred,predictive_support,ude_sir_h2,0.9999999999999991
10,0.005,4,17,gic_evid,equal_prior_posterior_approximation,neural_ode_h2,1.0667603290965907e-42
10,0.005,4,17,gic_evid,equal_prior_posterior_approximation,sir,9.85967654375977e-305
10,0.005,4,17,gic_evid,equal_prior_posterior_approximation,tv_sir,9.714371146858098e-30
10,0.005,4,17,gic_evid,equal_prior_posterior_approximation,ude_sir_h2,1.0
10,0.005,4,18,gic_pred,predictive_support,neural_ode_h2,1.0944511446398387e-14
10,0.005,4,18,gic_pred,predictive_support,sir,9.859676543759664e-305
10,0.005,4,18,gic_pred,predictive_support,tv_sir,3.647386714728715e-32
10,0.005,4,18,gic_pred,predictive_support,ude_sir_h2,0.9999999999999891
10,0.005,4,18,gic_evid,equal_prior_posterior_approximation,neural_ode_h2,2.6222590397692427e-38
10,0.005,4,18,gic_evid,equal_prior_posterior_approximation,sir,9.85967654375977e-305
10,0.005,4,18,gic_evid,equal_prior_posterior_approximation,tv_sir,2.0754950343872217e-27
10,0.005,4,18,gic_evid,equal_prior_posterior_approximation,ude_sir_h2,1.0
10,0.005,4,19,gic_pred,predictive_support,neural_ode_h2,2.528403858364999e-20
10,0.005,4,19,gic_pred,predictive_support,sir,9.85967654375977e-305
10,0.005,4,19,gic_pred,predictive_support,tv_sir,1.6051280680424786e-39
10,0.005,4,19,gic_pred,predictive_support,ude_sir_h2,1.0
10,0.005,4,19,gic_evid,equal_prior_posterior_approximation,neural_ode_h2,3.35911866200387e-50
10,0.005,4,19,gic_evid,equal_prior_posterior_approximation,sir,9.85967654375977e-305
10,0.005,4,19,gic_evid,equal_prior_posterior_approximation,tv_sir,2.2694602403434784e-34
10,0.005,4,19,gic_evid,equal_prior_posterior_approximation,ude_sir_h2,1.0
10,0.015,1,0,gic_pred,predictive_support,neural_ode_h2,0.14729916147638897
10,0.015,1,0,gic_pred,predictive_support,sir,2.9027142261235943e-12
10,0.015,1,0,gic_pred,predictive_support,tv_sir,0.39109881594180423
10,0.015,1,0,gic_pred,predictive_support,ude_sir_h2,0.461602022578904
10,0.015,1,0,gic_evid,equal_prior_posterior_approximation,neural_ode_h2,1.307276545810444e-07
10,0.015,1,0,gic_evid,equal_prior_posterior_approximation,sir,3.996718835892219e-11
10,0.015,1,0,gic_evid,equal_prior_posterior_approximation,tv_sir,0.7698453400090491
10,0.015,1,0,gic_evid,equal_prior_posterior_approximation,ude_sir_h2,0.23015452922332913
10,0.015,1,1,gic_pred,predictive_support,neural_ode_h2,0.12096970493464332
10,0.015,1,1,gic_pred,predictive_support,sir,9.512673092571414e-07
10,0.015,1,1,gic_pred,predictive_support,tv_sir,0.39620280521849277
10,0.015,1,1,gic_pred,predictive_support,ude_sir_h2,0.48282653857955476
10,0.015,1,1,gic_evid,equal_prior_posterior_approximation,neural_ode_h2,2.1451611536522603e-07
10,0.015,1,1,gic_evid,equal_prior_posterior_approximation,sir,1.0905151027006283e-05
10,0.015,1,1,gic_evid,equal_prior_posterior_approximation,tv_sir,0.6107090883622425
10,0.015,1,1,gic_evid,equal_prior_posterior_approximation,ude_sir_h2,0.389279791970615
10,0.015,1,2,gic_pred,predictive_support,neural_ode_h2,0.1454869800676609
10,0.015,1,2,gic_pred,predictive_support,sir,4.888363657325215e-08
10,0.015,1,2,gic_pred,predictive_support,tv_sir,0.43309641829188616
10,0.015,1,2,gic_pred,predictive_support,ude_sir_h2,0.4214165527568164
10,0.015,1,2,gic_evid,equal_prior_posterior_approximation,neural_ode_h2,1.1935830285511874e-07
10,0.015,1,2,gic_evid,equal_prior_posterior_approximation,sir,5.376567270031088e-07
10,0.015,1,2,gic_evid,equal_prior_posterior_approximation,tv_sir,0.727842839921559
10,0.015,1,2,gic_evid,equal_prior_posterior_approximation,ude_sir_h2,0.2721565030634111
10,0.015,1,3,gic_pred,predictive_support,neural_ode_h2,0.45865732549497346
10,0.015,1,3,gic_pred,predictive_support,sir,5.452051337446488e-07
10,0.015,1,3,gic_pred,predictive_support,tv_sir,0.4264283807118855
10,0.015,1,3,gic_pred,predictive_support,ude_sir_h2,0.11491374858800724
10,0.015,1,3,gic_evid,equal_prior_posterior_approximation,neural_ode_h2,3.540046027414296e-06
10,0.015,1,3,gic_evid,equal_prior_posterior_approximation,sir,1.5118073780433313e-05
10,0.015,1,3,gic_evid,equal_prior_posterior_approximation,tv_sir,0.8062482840622865
10,0.015,1,3,gic_evid,equal_prior_posterior_approximation,ude_sir_h2,0.1937330578179054
10,0.015,1,4,gic_pred,predictive_support,neural_ode_h2,0.031115015956596683
10,0.015,1,4,gic_pred,predictive_support,sir,1.2266773532159315e-09
10,0.015,1,4,gic_pred,predictive_support,tv_sir,0.5597454878963054
10,0.015,1,4,gic_pred,predictive_support,ude_sir_h2,0.40913949492042045
10,0.015,1,4,gic_evid,equal_prior_posterior_approximation,neural_ode_h2,8.576742313049023e-09
10,0.015,1,4,gic_evid,equal_prior_posterior_approximation,sir,1.128672353096983e-08
10,0.015,1,4,gic_evid,equal_prior_posterior_approximation,tv_sir,0.7923550300887956
10,0.015,1,4,gic_evid,equal_prior_posterior_approximation,ude_sir_h2,0.20764495004773856
10,0.015,1,5,gic_pred,predictive_support,neural_ode_h2,0.5245938803645548
10,0.015,1,5,gic_pred,predictive_support,sir,3.5748228166554656e-09
10,0.015,1,5,gic_pred,predictive_support,tv_sir,0.22241814075578675
10,0.015,1,5,gic_pred,predictive_support,ude_sir_h2,0.25298797530483563
10,0.015,1,5,gic_evid,equal_prior_posterior_approximation,neural_ode_h2,1.9678613753415127e-06
10,0.015,1,5,gic_evid,equal_prior_posterior_approximation,sir,9.382564788794832e-08
10,0.015,1,5,gic_evid,equal_prior_posterior_approximation,tv_sir,0.667217018491976
10,0.015,1,5,gic_evid,equal_prior_posterior_approximation,ude_sir_h2,0.3327809198210006
10,0.015,1,6,gic_pred,predictive_support,neural_ode_h2,0.038589473514221255
10,0.015,1,6,gic_pred,predictive_support,sir,6.435882864225783e-08
10,0.015,1,6,gic_pred,predictive_support,tv_sir,0.5453420197763176
10,0.015,1,6,gic_pred,predictive_support,ude_sir_h2,0.4160684423506326
10,0.015,1,6,gic_evid,equal_prior_posterior_approximation,neural_ode_h2,1.8717257679227777e-08
10,0.015,1,6,gic_evid,equal_prior_posterior_approximation,sir,5.401144219753915e-07
10,0.015,1,6,gic_evid,equal_prior_posterior_approximation,tv_sir,0.7298142260961484
10,0.015,1,6,gic_evid,equal_prior_posterior_approximation,ude_sir_h2,0.2701852150721718
10,0.015,1,7,gic_pred,predictive_support,neural_ode_h2,0.2627312823717632
10,0.015,1,7,gic_pred,predictive_support,sir,1.2633722353694082e-07
10,0.015,1,7,gic_pred,predictive_support,tv_sir,0.26176447994189855
10,0.015,1,7,gic_pred,predictive_support,ude_sir_h2,0.4755041113491147
10,0.015,1,7,gic_evid,equal_prior_posterior_approximation,neural_ode_h2,5.638831459611869e-07
10,0.015,1,7,gic_evid,equal_prior_posterior_approximation,sir,1.973070567549708e-06
10,0.015,1,7,gic_evid,equal_prior_posterior_approximation,tv_sir,0.5805139814217983
10,0.015,1,7,gic_evid,equal_prior_posterior_approximation,ude_sir_h2,0.41948348162448823
10,0.015,1,8,gic_pred,predictive_support,neural_ode_h2,0.44116847581955276
10,0.015,1,8,gic_pred,predictive_support,sir,8.160119047821692e-07
10,0.015,1,8,gic_pred,predictive_support,tv_sir,0.1935421156848032
10,0.015,1,8,gic_pred,predictive_support,ude_sir_h2,0.3652885924837391
10,0.015,1,8,gic_evid,equal_prior_posterior_approximation,neural_ode_h2,1.2779975048584388e-06
10,0.015,1,8,gic_evid,equal_prior_posterior_approximation,sir,1.6480190394230053e-05
10,0.015,1,8,gic_evid,equal_prior_posterior_approximation,tv_sir,0.5198779646462461
10,0.015,1,8,gic_evid,equal_prior_posterior_approximation,ude_sir_h2,0.48010427716585474
10,0.015,1,9,gic_pred,predictive_support,neural_ode_h2,0.04606914981234363
10,0.015,1,9,gic_pred,predictive_support,sir,4.3856619819352403e-17
10,0.015,1,9,gic_pred,predictive_support,tv_sir,0.5550716094658772
10,0.015,1,9,gic_pred,predictive_support,ude_sir_h2,0.39885924072177914
10,0.015,1,9,gic_evid,equal_prior_posterior_approximation,neural_ode_h2,1.2379862672505294e-08
10,0.015,1,9,gic_evid,equal_prior_posterior_approximation,sir,5.354012433500629e-16
10,0.015,1,9,gic_evid,equal_prior_posterior_approximation,tv_sir,0.90023986901921
10,0.015,1,9,gic_evid,equal_prior_posterior_approximation,ude_sir_h2,0.09976011860092673
10,0.015,1,10,gic_pred,predictive_support,neural_ode_h2,0.3920704608277686
10,0.015,1,10,gic_pred,predictive_support,sir,2.444604800180906e-10
10,0.015,1,10,gic_pred,predictive_support,tv_sir,0.22357019220677865
10,0.015,1,10,gic_pred,predictive_support,ude_sir_h2,0.3843593467209922
10,0.015,1,10,gic_evid,equal_prior_posterior_approximation,neural_ode_h2,2.576021709023626e-07
10,0.015,1,10,gic_evid,equal_prior_posterior_approximation,sir,4.9725796809734076e-09
10,0.015,1,10,gic_evid,equal_prior_posterior_approximation,tv_sir,0.6641013080015454
10,0.015,1,10,gic_evid,equal_prior_posterior_approximation,ude_sir_h2,0.3358984294237039
10,0.015,1,11,gic_pred,predictive_support,neural_ode_h2,0.3989000685181092
10,0.015,1,11,gic_pred,predictive_support,sir,3.02013207103972e-07
10,0.015,1,11,gic_pred,predictive_support,tv_sir,0.20129685084267976
10,0.015,1,11,gic_pred,predictive_support,ude_sir_h2,0.399802778626004
10,0.015,1,11,gic_evid,equal_prior_posterior_approximation,neural_ode_h2,1.1823622121697624e-06
10,0.015,1,11,gic_evid,equal_prior_posterior_approximation,sir,6.011115262270815e-06
10,0.015,1,11,gic_evid,equal_prior_posterior_approximation,tv_sir,0.5357243549361593
10,0.015,1,11,gic_evid,equal_prior_posterior_approximation,ude_sir_h2,0.4642684515863662
10,0.015,1,12,gic_pred,predictive_support,neural_ode_h2,0.36431691474312256
10,0.015,1,12,gic_pred,predictive_support,sir,1.268948664761901e-09
10,0.015,1,12,gic_pred,predictive_support,tv_sir,0.38827534494051624
10,0.015,1,12,gic_pred,predictive_support,ude_sir_h2,0.24740773904741248
10,0.015,1,12,gic_evid,equal_prior_posterior_approximation,neural_ode_h2,1.1495627668529745e-07
10,0.015,1,12,gic_evid,equal_prior_posterior_approximation,sir,2.115299120031007e-08
10,0.015,1,12,gic_evid,equal_prior_posterior_approximation,tv_sir,0.8085026277757231
10,0.015,1,12,gic_evid,equal_prior_posterior_approximation,ude_sir_h2,0.19149723611500907
10,0.015,1,13,gic_pred,predictive_support,neural_ode_h2,0.36197360809987733
10,0.015,1,13,gic_pred,predictive_support,sir,6.114548616711951e-11
10,0.015,1,13,gic_pred,predictive_support,tv_sir,0.29050385994903233
10,0.015,1,13,gic_pred,predictive_support,ude_sir_h2,0.34752253188994486
10,0.015,1,13,gic_evid,equal_prior_posterior_approximation,neural_ode_h2,2.5574890140287326e-07
10,0.015,1,13,gic_evid,equal_prior_posterior_approximation,sir,1.1457305449727276e-09
10,0.015,1,13,gic_evid,equal_prior_posterior_approximation,tv_sir,0.7768202158044963
10,0.015,1,13,gic_evid,equal_prior_posterior_approximation,ude_sir_h2,0.22317952730087173
10,0.015,1,14,gic_pred,predictive_support,neural_ode_h2,0.49406869569435813
10,0.015,1,14,gic_pred,predictive_support,sir,8.655938138495554e-10
10,0.015,1,14,gic_pred,predictive_support,tv_sir,0.2615943983238438
10,0.015,1,14,gic_pred,predictive_support,ude_sir_h2,0.24433690511620443
10,0.015,1,14,gic_evid,equal_prior_posterior_approximation,neural_ode_h2,2.851451636135073e-07
10,0.015,1,14,gic_evid,equal_prior_posterior_approximation,sir,1.9519931753454676e-08
10,0.015,1,14,gic_evid,equal_prior_posterior_approximation,tv_sir,0.76984744805459
10,0.015,1,14,gic_evid,equal_prior_posterior_approximation,ude_sir_h2,0.23015224728031464
10,0.015,1,15,gic_pred,predictive_support,neural_ode_h2,0.1636929914250018
10,0.015,1,15,gic_pred,predictive_support,sir,1.4080479779526764e-07
10,0.015,1,15,gic_pred,predictive_support,tv_sir,0.304174229559402
10,0.015,1,15,gic_pred,predictive_support,ude_sir_h2,0.5321326382107985
10,0.015,1,15,gic_evid,equal_prior_posterior_approximation,neural_ode_h2,1.6613596809326155e-07
10,0.015,1,15,gic_evid,equal_prior_posterior_approximation,sir,1.841540492578359e-06
10,0.015,1,15,gic_evid,equal_prior_posterior_approximation,tv_sir,0.5493915381644545
10,0.015,1,15,gic_evid,equal_prior_posterior_approximation,ude_sir_h2,0.4506064541590849
10,0.015,1,16,gic_pred,predictive_support,neural_ode_h2,0.049859944825198246
10,0.015,1,16,gic_pred,predictive_support,sir,1.2665168926200398e-11
10,0.015,1,16,gic_pred,predictive_support,tv_sir,0.4309534195460802
10,0.015,1,16,gic_pred,predictive_support,ude_sir_h2,0.5191866356160564
10,0.015,1,16,gic_evid,equal_prior_posterior_approximation,neural_ode_h2,2.1786092075184322e-08
10,0.015,1,16,gic_evid,equal_prior_posterior_approximation,sir,1.4922808412834776e-10
10,0.015,1,16,gic_evid,equal_prior_posterior_approximation,tv_sir,0.7726467640142812
10,0.015,1,16,gic_evid,equal_prior_posterior_approximation,ude_sir_h2,0.22735321405039863
10,0.015,1,17,gic_pred,predictive_support,neural_ode_h2,0.03327145074155769
10,0.015,1,17,gic_pred,predictive_support,sir,1.9085443512110746e-10
10,0.015,1,17,gic_pred,predictive_support,tv_sir,0.5077355588351582
10,0.015,1,17,gic_pred,predictive_support,ude_sir_h2,0.45899299023242973
10,0.015,1,17,gic_evid,equal_prior_posterior_approximation,neural_ode_h2,1.0777476080930228e-08
10,0.015,1,17,gic_evid,equal_prior_posterior_approximation,sir,1.866742936036547e-09
10,0.015,1,17,gic_evid,equal_prior_posterior_approximation,tv_sir,0.7685457000358673
10,0.015,1,17,gic_evid,equal_prior_posterior_approximation,ude_sir_h2,0.23145428731991372
10,0.015,1,18,gic_pred,predictive_support,neural_ode_h2,0.6652105608264448
10,0.015,1,18,gic_pred,predictive_support,sir,3.082225326783248e-07
10,0.015,1,18,gic_pred,predictive_support,tv_sir,0.12765316097481394
10,0.015,1,18,gic_pred,predictive_support,ude_sir_h2,0.20713596997620842
10,0.015,1,18,gic_evid,equal_prior_posterior_approximation,neural_ode_h2,1.536519146545149e-06
10,0.015,1,18,gic_evid,equal_prior_posterior_approximation,sir,8.564343036265768e-06
10,0.015,1,18,gic_evid,equal_prior_posterior_approximation,tv_sir,0.5601759887278868
10,0.015,1,18,gic_evid,equal_prior_posterior_approximation,ude_sir_h2,0.43981391040993056
10,0.015,1,19,gic_pred,predictive_support,neural_ode_h2,0.7595982146020828
10,0.015,1,19,gic_pred,predictive_support,sir,7.232534456189268e-10
10,0.015,1,19,gic_pred,predictive_support,tv_sir,0.07090635698848179
10,0.015,1,19,gic_pred,predictive_support,ude_sir_h2,0.1694954276861821
10,0.015,1,19,gic_evid,equal_prior_posterior_approximation,neural_ode_h2,5.4535403066158224e-06
10,0.015,1,19,gic_evid,equal_prior_posterior_approximation,sir,5.4902228099957495e-08
10,0.015,1,19,gic_evid,equal_prior_posterior_approximation,tv_sir,0.6166524810650731
10,0.015,1,19,gic_evid,equal_prior_posterior_approximation,ude_sir_h2,0.3833420104923923
10,0.015,2,0,gic_pred,predictive_support,neural_ode_h2,0.0004115398021974203
10,0.015,2,0,gic_pred,predictive_support,sir,4.549624312094218e-21
10,0.015,2,0,gic_pred,predictive_support,tv_sir,0.8401897878586019
10,0.015,2,0,gic_pred,predictive_support,ude_sir_h2,0.15939867233920074
10,0.015,2,0,gic_evid,equal_prior_posterior_approximation,neural_ode_h2,4.3227466428347043e-19
10,0.015,2,0,gic_evid,equal_prior_posterior_approximation,sir,8.35546698884639e-20
10,0.015,2,0,gic_evid,equal_prior_posterior_approximation,tv_sir,0.999672582208674
10,0.015,2,0,gic_evid,equal_prior_posterior_approximation,ude_sir_h2,0.0003274177913259875
10,0.015,2,1,gic_pred,predictive_support,neural_ode_h2,5.151364685698214e-08
10,0.015,2,1,gic_pred,predictive_support,sir,2.6356911773688336e-32
10,0.015,2,1,gic_pred,predictive_support,tv_sir,0.6488725820681222
10,0.015,2,1,gic_pred,predictive_support,ude_sir_h2,0.351127366418231
10,0.015,2,1,gic_evid,equal_prior_posterior_approximation,neural_ode_h2,6.073686574500551e-23
10,0.015,2,1,gic_evid,equal_prior_posterior_approximation,sir,5.364215667822026e-31
10,0.015,2,1,gic_evid,equal_prior_posterior_approximation,tv_sir,0.9996379291011991
10,0.015,2,1,gic_evid,equal_prior_posterior_approximation,ude_sir_h2,0.00036207089880078964
10,0.015,2,2,gic_pred,predictive_support,neural_ode_h2,0.0014303993573473095
10,0.015,2,2,gic_pred,predictive_support,sir,2.568394698876732e-28
10,0.015,2,2,gic_pred,predictive_support,tv_sir,0.8136023312363602
10,0.015,2,2,gic_pred,predictive_support,ude_sir_h2,0.1849672694062926
10,0.015,2,2,gic_evid,equal_prior_posterior_approximation,neural_ode_h2,1.0544017594221061e-17
10,0.015,2,2,gic_evid,equal_prior_posterior_approximation,sir,4.311241247751113e-27
10,0.015,2,2,gic_evid,equal_prior_posterior_approximation,tv_sir,0.9997168332097313
10,0.015,2,2,gic_evid,equal_prior_posterior_approximation,ude_sir_h2,0.0002831667902686483
10,0.015,2,3,gic_pred,predictive_support,neural_ode_h2,6.589912135748851e-05
10,0.015,2,3,gic_pred,predictive_support,sir,8.032451522632366e-23
10,0.015,2,3,gic_pred,predictive_support,tv_sir,0.7375579729343491
10,0.015,2,3,gic_pred,predictive_support,ude_sir_h2,0.2623761279442932
10,0.015,2,3,gic_evid,equal_prior_posterior_approximation,neural_ode_h2,6.4502219992061735e-19
10,0.015,2,3,gic_evid,equal_prior_posterior_approximation,sir,1.4035134412237607e-21
10,0.015,2,3,gic_evid,equal_prior_posterior_approximation,tv_sir,0.9996399816770214
10,0.015,2,3,gic_evid,equal_prior_posterior_approximation,ude_sir_h2,0.00036001832297869764
10,0.015,2,4,gic_pred,predictive_support,neural_ode_h2,8.819951749921407e-06
10,0.015,2,4,gic_pred,predictive_support,sir,7.734581109153782e-15
10,0.015,2,4,gic_pred,predictive_support,tv_sir,0.9511444423939696
10,0.015,2,4,gic_pred,predictive_support,ude_sir_h2,0.04884673765427287
10,0.015,2,4,gic_evid,equal_prior_posterior_approximation,neural_ode_h2,4.03832478144396e-21
10,0.015,2,4,gic_evid,equal_prior_posterior_approximation,sir,1.393364686608867e-13
10,0.015,2,4,gic_evid,equal_prior_posterior_approximation,tv_sir,0.9997023190582558
10,0.015,2,4,gic_evid,equal_prior_posterior_approximation,ude_sir_h2,0.00029768094160487413
10,0.015,2,5,gic_pred,predictive_support,neural_ode_h2,0.0018424178060522942
10,0.015,2,5,gic_pred,predictive_support,sir,5.164310956636628e-29
10,0.015,2,5,gic_pred,predictive_support,tv_sir,0.5868611500985197
10,0.015,2,5,gic_pred,predictive_support,ude_sir_h2,0.41129643209542804
10,0.015,2,5,gic_evid,equal_prior_posterior_approximation,neural_ode_h2,8.93303042324109e-18
10,0.015,2,5,gic_evid,equal_prior_posterior_approximation,sir,1.4800831536831528e-27
10,0.015,2,5,gic_evid,equal_prior_posterior_approximation,tv_sir,0.9995507833731506
10,0.015,2,5,gic_evid,equal_prior_posterior_approximation,ude_sir_h2,0.0004492166268494414
10,0.015,2,6,gic_pred,predictive_support,neural_ode_h2,0.00042176171893794367
10,0.015,2,6,gic_pred,predictive_support,sir,2.764116246555548e-15
10,0.015,2,6,gic_pred,predictive_support,tv_sir,0.5653999887323446
10,0.015,2,6,gic_pred,predictive_support,ude_sir_h2,0.43417824954871465
10,0.015,2,6,gic_evid,equal_prior_posterior_approximation,neural_ode_h2,5.505352856942926e-19
10,0.015,2,6,gic_evid,equal_prior_posterior_approximation,sir,6.352507563697867e-14
10,0.015,2,6,gic_evid,equal_prior_posterior_approximation,tv_sir,0.9955634420687189
10,0.015,2,6,gic_evid,equal_prior_posterior_approximation,ude_sir_h2,0.004436557931217564
10,0.015,2,7,gic_pred,predictive_support,neural_ode_h2,9.572374828849333e-05
10,0.015,2,7,gic_pred,predictive_support,sir,1.2358077548056533e-22
10,0.015,2,7,gic_pred,predictive_support,tv_sir,0.6275759614593865
10,0.015,2,7,gic_pred,predictive_support,ude_sir_h2,0.3723283147923251
10,0.015,2,7,gic_evid,equal_prior_posterior_approximation,neural_ode_h2,2.5842738316346634e-19
10,0.015,2,7,gic_evid,equal_prior_posterior_approximation,sir,2.936620261331623e-21
10,0.015,2,7,gic_evid,equal_prior_posterior_approximation,tv_sir,0.9992964808381347
10,0.015,2,7,gic_evid,equal_prior_posterior_approximation,ude_sir_h2,0.0007035191618652635
10,0.015,2,8,gic_pred,predictive_support,neural_ode_h2,0.06169968502597944
10,0.015,2,8,gic_pred,predictive_support,sir,9.778880526913907e-26
10,0.015,2,8,gic_pred,predictive_support,tv_sir,0.7822296831684463
10,0.015,2,8,gic_pred,predictive_support,ude_sir_h2,0.15607063180557423
10,0.015,2,8,gic_evid,equal_prior_posterior_approximation,neural_ode_h2,4.4512085460159836e-17
10,0.015,2,8,gic_evid,equal_prior_posterior_approximation,sir,2.4268531095436764e-24
10,0.015,2,8,gic_evid,equal_prior_posterior_approximation,tv_sir,0.9998720051966998
10,0.015,2,8,gic_evid,equal_prior_posterior_approximation,ude_sir_h2,0.00012799480330014042
10,0.015,2,9,gic_pred,predictive_support,neural_ode_h2,0.8774191205289511
10,0.015,2,9,gic_pred,predictive_support,sir,8.268470030236786e-24
10,0.015,2,9,gic_pred,predictive_support,tv_sir,0.0005586530262643966
10,0.015,2,9,gic_pred,predictive_support,ude_sir_h2,0.12202222644478454
10,0.015,2,9,gic_evid,equal_prior_posterior_approximation,neural_ode_h2,2.2585606242255956e-11
10,0.015,2,9,gic_evid,equal_prior_posterior_approximation,sir,3.409881716907402e-19
10,0.015,2,9,gic_evid,equal_prior_posterior_approximation,tv_sir,0.9655608971425758
10,0.015,2,9,gic_evid,equal_prior_posterior_approximation,ude_sir_h2,0.03443910283483876
10,0.015,2,10,gic_pred,predictive_support,neural_ode_h2,0.22409525447346473
10,0.015,2,10,gic_pred,predictive_support,sir,2.084768279107255e-26
10,0.015,2,10,gic_pred,predictive_support,tv_sir,0.010371128784983334
10,0.015,2,10,gic_pred,predictive_support,ude_sir_h2,0.7655336167415518
10,0.015,2,10,gic_evid,equal_prior_posterior_approximation,neural_ode_h2,1.1949737368037788e-14
10,0.015,2,10,gic_evid,equal_prior_posterior_approximation,sir,2.609941795941384e-23
10,0.015,2,10,gic_evid,equal_prior_posterior_approximation,tv_sir,0.9695578702639646
10,0.015,2,10,gic_evid,equal_prior_posterior_approximation,ude_sir_h2,0.03044212973602347
10,0.015,2,11,gic_pred,predictive_support,neural_ode_h2,0.004294020612988969
10,0.015,2,11,gic_pred,predictive_support,sir,3.513414635370599e-16
10,0.015,2,11,gic_pred,predictive_support,tv_sir,0.6622824818009506
10,0.015,2,11,gic_pred,predictive_support,ude_sir_h2,0.33342349758606005
10,0.015,2,11,gic_evid,equal_prior_posterior_approximation,neural_ode_h2,1.1249675814543657e-18
10,0.015,2,11,gic_evid,equal_prior_posterior_approximation,sir,8.317460390231128e-15
10,0.015,2,11,gic_evid,equal_prior_posterior_approximation,tv_sir,0.9960066553045974
10,0.015,2,11,gic_evid,equal_prior_posterior_approximation,ude_sir_h2,0.003993344695394231
10,0.015,2,12,gic_pred,predictive_support,neural_ode_h2,0.006913233579056305
10,0.015,2,12,gic_pred,predictive_support,sir,2.1763890746188736e-18
10,0.015,2,12,gic_pred,predictive_support,tv_sir,0.7736236781848875
10,0.015,2,12,gic_pred,predictive_support,ude_sir_h2,0.21946308823605623
10,0.015,2,12,gic_evid,equal_prior_posterior_approximation,neural_ode_h2,3.4049257854168956e-17
10,0.015,2,12,gic_evid,equal_prior_posterior_approximation,sir,5.434284436170345e-17
10,0.015,2,12,gic_evid,equal_prior_posterior_approximation,tv_sir,0.9995338354024045
10,0.015,2,12,gic_evid,equal_prior_posterior_approximation,ude_sir_h2,0.00046616459759560796
10,0.015,2,13,gic_pred,predictive_support,neural_ode_h2,0.03458239581535933
10,0.015,2,13,gic_pred,predictive_support,sir,4.509992431129838e-24
10,0.015,2,13,gic_pred,predictive_support,tv_sir,0.45132068153732313
10,0.015,2,13,gic_pred,predictive_support,ude_sir_h2,0.5140969226473174
10,0.015,2,13,gic_evid,equal_prior_posterior_approximation,neural_ode_h2,2.3005365285066184e-17
10,0.015,2,13,gic_evid,equal_prior_posterior_approximation,sir,1.4241545285875492e-22
10,0.015,2,13,gic_evid,equal_prior_posterior_approximation,tv_sir,0.9993075086012283
10,0.015,2,13,gic_evid,equal_prior_posterior_approximation,ude_sir_h2,0.0006924913987718179
10,0.015,2,14,gic_pred,predictive_support,neural_ode_h2,2.33373309839524e-06
10,0.015,2,14,gic_pred,predictive_support,sir,3.6720110421964576e-22
10,0.015,2,14,gic_pred,predictive_support,tv_sir,0.8965853715684653
10,0.015,2,14,gic_pred,predictive_support,ude_sir_h2,0.10341229469843642
10,0.015,2,14,gic_evid,equal_prior_posterior_approximation,neural_ode_h2,5.4023230695491836e-21
10,0.015,2,14,gic_evid,equal_prior_posterior_approximation,sir,6.809010169343824e-21
10,0.015,2,14,gic_evid,equal_prior_posterior_approximation,tv_sir,0.9998113983167731
10,0.015,2,14,gic_evid,equal_prior_posterior_approximation,ude_sir_h2,0.00018860168322695672
10,0.015,2,15,gic_pred,predictive_support,neural_ode_h2,1.0113281720965529e-05
10,0.015,2,15,gic_pred,predictive_support,sir,5.515329032671703e-23
10,0.015,2,15,gic_pred,predictive_support,tv_sir,0.5631301334698938
10,0.015,2,15,gic_pred,predictive_support,ude_sir_h2,0.4368597532483852
10,0.015,2,15,gic_evid,equal_prior_posterior_approximation,neural_ode_h2,1.248983149385715e-21
10,0.015,2,15,gic_evid,equal_prior_posterior_approximation,sir,1.5732323284461724e-21
10,0.015,2,15,gic_evid,equal_prior_posterior_approximation,tv_sir,0.9955406295670963
10,0.015,2,15,gic_evid,equal_prior_posterior_approximation,ude_sir_h2,0.0044593704329036485
10,0.015,2,16,gic_pred,predictive_support,neural_ode_h2,7.585745405074663e-05
10,0.015,2,16,gic_pred,predictive_support,sir,6.233267122377125e-25
10,0.015,2,16,gic_pred,predictive_support,tv_sir,0.6615163747738021
10,0.015,2,16,gic_pred,predictive_support,ude_sir_h2,0.3384077677721473
10,0.015,2,16,gic_evid,equal_prior_posterior_approximation,neural_ode_h2,1.339245260335649e-19
10,0.015,2,16,gic_evid,equal_prior_posterior_approximation,sir,1.2095698087769317e-23
10,0.015,2,16,gic_evid,equal_prior_posterior_approximation,tv_sir,0.9993916051579426
10,0.015,2,16,gic_evid,equal_prior_posterior_approximation,ude_sir_h2,0.0006083948420573218
10,0.015,2,17,gic_pred,predictive_support,neural_ode_h2,0.03687246223704367
10,0.015,2,17,gic_pred,predictive_support,sir,2.5642410746751314e-22
10,0.015,2,17,gic_pred,predictive_support,tv_sir,0.330334834487179
10,0.015,2,17,gic_pred,predictive_support,ude_sir_h2,0.6327927032757774
10,0.015,2,17,gic_evid,equal_prior_posterior_approximation,neural_ode_h2,6.0924297670976185e-18
10,0.015,2,17,gic_evid,equal_prior_posterior_approximation,sir,1.1327621131991097e-20
10,0.015,2,17,gic_evid,equal_prior_posterior_approximation,tv_sir,0.9981497323845892
10,0.015,2,17,gic_evid,equal_prior_posterior_approximation,ude_sir_h2,0.001850267615410848
10,0.015,2,18,gic_pred,predictive_support,neural_ode_h2,0.00371939470337468
10,0.015,2,18,gic_pred,predictive_support,sir,2.671640570798513e-32
10,0.015,2,18,gic_pred,predictive_support,tv_sir,0.6381211680026236
10,0.015,2,18,gic_pred,predictive_support,ude_sir_h2,0.3581594372940018
10,0.015,2,18,gic_evid,equal_prior_posterior_approximation,neural_ode_h2,3.1254407906743043e-16
10,0.015,2,18,gic_evid,equal_prior_posterior_approximation,sir,7.40214810798035e-31
10,0.015,2,18,gic_evid,equal_prior_posterior_approximation,tv_sir,0.9998779767450705
10,0.015,2,18,gic_evid,equal_prior_posterior_approximation,ude_sir_h2,0.00012202325492921655
10,0.015,2,19,gic_pred,predictive_support,neural_ode_h2,0.005241254621843078
10,0.015,2,19,gic_pred,predictive_support,sir,8.54224639038861e-16
10,0.015,2,19,gic_pred,predictive_support,tv_sir,0.7289333259103226
10,0.015,2,19,gic_pred,predictive_support,ude_sir_h2,0.2658254194678336
10,0.015,2,19,gic_evid,equal_prior_posterior_approximation,neural_ode_h2,7.002049495823575e-18
10,0.015,2,19,gic_evid,equal_prior_posterior_approximation,sir,2.559438626753316e-14
10,0.015,2,19,gic_evid,equal_prior_posterior_approximation,tv_sir,0.9982821596972423
10,0.015,2,19,gic_evid,equal_prior_posterior_approximation,ude_sir_h2,0.0017178403027322783
10,0.015,4,0,gic_pred,predictive_support,neural_ode_h2,4.845345418131284e-05
10,0.015,4,0,gic_pred,predictive_support,sir,2.447830135461573e-40
10,0.015,4,0,gic_pred,predictive_support,tv_sir,0.0006836700841328634
10,0.015,4,0,gic_pred,predictive_support,ude_sir_h2,0.9992678764616859
10,0.015,4,0,gic_evid,equal_prior_posterior_approximation,neural_ode_h2,1.137758305164246e-19
10,0.015,4,0,gic_evid,equal_prior_posterior_approximation,sir,5.434491781170959e-36
10,0.015,4,0,gic_evid,equal_prior_posterior_approximation,tv_sir,0.5109483313403226
10,0.015,4,0,gic_evid,equal_prior_posterior_approximation,ude_sir_h2,0.48905166865967753
10,0.015,4,1,gic_pred,predictive_support,neural_ode_h2,0.00021209452636691798
10,0.015,4,1,gic_pred,predictive_support,sir,6.671794146813404e-41
10,0.015,4,1,gic_pred,predictive_support,tv_sir,0.0009501433184344602
10,0.015,4,1,gic_pred,predictive_support,ude_sir_h2,0.9988377621551985
10,0.015,4,1,gic_evid,equal_prior_posterior_approximation,neural_ode_h2,3.068515242390544e-18
10,0.015,4,1,gic_evid,equal_prior_posterior_approximation,sir,1.6649381123646853e-36
10,0.015,4,1,gic_evid,equal_prior_posterior_approximation,tv_sir,0.628602990600831
10,0.015,4,1,gic_evid,equal_prior_posterior_approximation,ude_sir_h2,0.37139700939916903
10,0.015,4,2,gic_pred,predictive_support,neural_ode_h2,8.696402375752853e-05
10,0.015,4,2,gic_pred,predictive_support,sir,1.723232531455485e-48
10,0.015,4,2,gic_pred,predictive_support,tv_sir,4.038926327549761e-06
10,0.015,4,2,gic_pred,predictive_support,ude_sir_h2,0.9999089970499149
10,0.015,4,2,gic_evid,equal_prior_posterior_approximation,neural_ode_h2,5.63812512566043e-19
10,0.015,4,2,gic_evid,equal_prior_posterior_approximation,sir,1.8615018606738207e-43
10,0.015,4,2,gic_evid,equal_prior_posterior_approximation,tv_sir,0.012788715187898673
10,0.015,4,2,gic_evid,equal_prior_posterior_approximation,ude_sir_h2,0.9872112848121013
10,0.015,4,3,gic_pred,predictive_support,neural_ode_h2,2.4912939104057753e-06
10,0.015,4,3,gic_pred,predictive_support,sir,1.2408210790477824e-42
10,0.015,4,3,gic_pred,predictive_support,tv_sir,5.324560324926002e-05
10,0.015,4,3,gic_pred,predictive_support,ude_sir_h2,0.9999442631028403
10,0.015,4,3,gic_evid,equal_prior_posterior_approximation,neural_ode_h2,1.1082805962255109e-20
10,0.015,4,3,gic_evid,equal_prior_posterior_approximation,sir,9.441003576258526e-38
10,0.015,4,3,gic_evid,equal_prior_posterior_approximation,tv_sir,0.11062826557063518
10,0.015,4,3,gic_evid,equal_prior_posterior_approximation,ude_sir_h2,0.8893717344293649
10,0.015,4,4,gic_pred,predictive_support,neural_ode_h2,2.104939520351178e-05
10,0.015,4,4,gic_pred,predictive_support,sir,1.0773938311120564e-50
10,0.015,4,4,gic_pred,predictive_support,tv_sir,2.6196970384667156e-05
10,0.015,4,4,gic_pred,predictive_support,ude_sir_h2,0.9999527536344119
10,0.015,4,4,gic_evid,equal_prior_posterior_approximation,neural_ode_h2,6.32776006775296e-20
10,0.015,4,4,gic_evid,equal_prior_posterior_approximation,sir,9.250792775231885e-46
10,0.015,4,4,gic_evid,equal_prior_posterior_approximation,tv_sir,0.08023755126274651
10,0.015,4,4,gic_evid,equal_prior_posterior_approximation,ude_sir_h2,0.9197624487372534
10,0.015,4,5,gic_pred,predictive_support,neural_ode_h2,7.389821027744534e-09
10,0.015,4,5,gic_pred,predictive_support,sir,1.63927340694352e-45
10,0.015,4,5,gic_pred,predictive_support,tv_sir,0.0416175104374761
10,0.015,4,5,gic_pred,predictive_support,ude_sir_h2,0.9583824821727029
10,0.015,4,5,gic_evid,equal_prior_posterior_approximation,neural_ode_h2,1.7986883205988483e-25
10,0.015,4,5,gic_evid,equal_prior_posterior_approximation,sir,1.0986102787872385e-42
10,0.015,4,5,gic_evid,equal_prior_posterior_approximation,tv_sir,0.9894691226315881
10,0.015,4,5,gic_evid,equal_prior_posterior_approximation,ude_sir_h2,0.010530877368411856
10,0.015,4,6,gic_pred,predictive_support,neural_ode_h2,3.862292447274172e-08
10,0.015,4,6,gic_pred,predictive_support,sir,1.9947795700248823e-47
10,0.015,4,6,gic_pred,predictive_support,tv_sir,2.7276846591664483e-07
10,0.015,4,6,gic_pred,predictive_support,ude_sir_h2,0.9999996886086097
10,0.015,4,6,gic_evid,equal_prior_posterior_approximation,neural_ode_h2,6.245205818998648e-22
10,0.015,4,6,gic_evid,equal_prior_posterior_approximation,sir,1.527331310451671e-42
10,0.015,4,6,gic_evid,equal_prior_posterior_approximation,tv_sir,0.0006904307630219319
10,0.015,4,6,gic_evid,equal_prior_posterior_approximation,ude_sir_h2,0.999309569236978
10,0.015,4,7,gic_pred,predictive_support,neural_ode_h2,1.2508667558406497e-06
10,0.015,4,7,gic_pred,predictive_support,sir,1.477097923061119e-45
10,0.015,4,7,gic_pred,predictive_support,tv_sir,0.0003589117804989053
10,0.015,4,7,gic_pred,predictive_support,ude_sir_h2,0.9996398373527453
10,0.015,4,7,gic_evid,equal_prior_posterior_approximation,neural_ode_h2,2.6710313777414797e-19
10,0.015,4,7,gic_evid,equal_prior_posterior_approximation,sir,8.590971741812336e-41
10,0.015,4,7,gic_evid,equal_prior_posterior_approximation,tv_sir,0.6995457048887591
10,0.015,4,7,gic_evid,equal_prior_posterior_approximation,ude_sir_h2,0.300454295111241
10,0.015,4,8,gic_pred,predictive_support,neural_ode_h2,6.2084936024882025e-09
10,0.015,4,8,gic_pred,predictive_support,sir,6.848897822461684e-44
10,0.015,4,8,gic_pred,predictive_support,tv_sir,1.5282813693366932e-10
10,0.015,4,8,gic_pred,predictive_support,ude_sir_h2,0.9999999936386783
10,0.015,4,8,gic_evid,equal_prior_posterior_approximation,neural_ode_h2,7.431198572328357e-23
10,0.015,4,8,gic_evid,equal_prior_posterior_approximation,sir,2.605012021663403e-38
10,0.015,4,8,gic_evid,equal_prior_posterior_approximation,tv_sir,1.5225006680510582e-06
10,0.015,4,8,gic_evid,equal_prior_posterior_approximation,ude_sir_h2,0.9999984774993319
10,0.015,4,9,gic_pred,predictive_support,neural_ode_h2,3.164394082101908e-05
10,0.015,4,9,gic_pred,predictive_support,sir,2.3500225323099034e-45
10,0.015,4,9,gic_pred,predictive_support,tv_sir,0.0007713988318480882
10,0.015,4,9,gic_pred,predictive_support,ude_sir_h2,0.9991969572273309
10,0.015,4,9,gic_evid,equal_prior_posterior_approximation,neural_ode_h2,2.86647765900585e-18
10,0.015,4,9,gic_evid,equal_prior_posterior_approximation,sir,1.0558388483432101e-40
10,0.015,4,9,gic_evid,equal_prior_posterior_approximation,tv_sir,0.8871943067416989
10,0.015,4,9,gic_evid,equal_prior_posterior_approximation,ude_sir_h2,0.11280569325830118
10,0.015,4,10,gic_pred,predictive_support,neural_ode_h2,8.106797279157352e-09
10,0.015,4,10,gic_pred,predictive_support,sir,6.8494345104475865e-31
10,0.015,4,10,gic_pred,predictive_support,tv_sir,0.052850886645423124
10,0.015,4,10,gic_pred,predictive_support,ude_sir_h2,0.9471491052477796
10,0.015,4,10,gic_evid,equal_prior_posterior_approximation,neural_ode_h2,6.793047743972136e-24
10,0.015,4,10,gic_evid,equal_prior_posterior_approximation,sir,3.8249371583175173e-28
10,0.015,4,10,gic_evid,equal_prior_posterior_approximation,tv_sir,0.9751805101885971
10,0.015,4,10,gic_evid,equal_prior_posterior_approximation,ude_sir_h2,0.024819489811403028
10,0.015,4,11,gic_pred,predictive_support,neural_ode_h2,1.784698288204359e-07
10,0.015,4,11,gic_pred,predictive_support,sir,3.045951324926822e-45
10,0.015,4,11,gic_pred,predictive_support,tv_sir,6.237914508919423e-05
10,0.015,4,11,gic_pred,predictive_support,ude_sir_h2,0.999937442385082
10,0.015,4,11,gic_evid,equal_prior_posterior_approximation,neural_ode_h2,3.1591859149839293e-20
10,0.015,4,11,gic_evid,equal_prior_posterior_approximation,sir,2.814738371905399e-40
10,0.015,4,11,gic_evid,equal_prior_posterior_approximation,tv_sir,0.17058591572628157
10,0.015,4,11,gic_evid,equal_prior_posterior_approximation,ude_sir_h2,0.8294140842737185
10,0.015,4,12,gic_pred,predictive_support,neural_ode_h2,1.2215679865782143e-08
10,0.015,4,12,gic_pred,predictive_support,sir,1.2191141172159546e-42
10,0.015,4,12,gic_pred,predictive_support,tv_sir,0.031642898245849184
10,0.015,4,12,gic_pred,predictive_support,ude_sir_h2,0.968357089538471
10,0.015,4,12,gic_evid,equal_prior_posterior_approximation,neural_ode_h2,9.634240328059428e-24
10,0.015,4,12,gic_evid,equal_prior_posterior_approximation,sir,1.297422147807522e-39
10,0.015,4,12,gic_evid,equal_prior_posterior_approximation,tv_sir,0.9896670422970923
10,0.015,4,12,gic_evid,equal_prior_posterior_approximation,ude_sir_h2,0.010332957702907724
10,0.015,4,13,gic_pred,predictive_support,neural_ode_h2,0.010193237375007854
10,0.015,4,13,gic_pred,predictive_support,sir,1.5207417667239182e-38
10,0.015,4,13,gic_pred,predictive_support,tv_sir,0.003813844031018753
10,0.015,4,13,gic_pred,predictive_support,ude_sir_h2,0.9859929185939734
10,0.015,4,13,gic_evid,equal_prior_posterior_approximation,neural_ode_h2,4.068626566369678e-18
10,0.015,4,13,gic_evid,equal_prior_posterior_approximation,sir,1.1709545257696202e-34
10,0.015,4,13,gic_evid,equal_prior_posterior_approximation,tv_sir,0.7960102597377117
10,0.015,4,13,gic_evid,equal_prior_posterior_approximation,ude_sir_h2,0.2039897402622883
10,0.015,4,14,gic_pred,predictive_support,neural_ode_h2,2.356449449198808e-08
10,0.015,4,14,gic_pred,predictive_support,sir,9.923234765836268e-48
10,0.015,4,14,gic_pred,predictive_support,tv_sir,0.019253897575247595
10,0.015,4,14,gic_pred,predictive_support,ude_sir_h2,0.9807460788602579
10,0.015,4,14,gic_evid,equal_prior_posterior_approximation,neural_ode_h2,6.030043894066077e-24
10,0.015,4,14,gic_evid,equal_prior_posterior_approximation,sir,2.1866862047002952e-44
10,0.015,4,14,gic_evid,equal_prior_posterior_approximation,tv_sir,0.9815885359517504
10,0.015,4,14,gic_evid,equal_prior_posterior_approximation,ude_sir_h2,0.01841146404824959
10,0.015,4,15,gic_pred,predictive_support,neural_ode_h2,5.292107352519752e-08
10,0.015,4,15,gic_pred,predictive_support,sir,1.774088538682245e-41
10,0.015,4,15,gic_pred,predictive_support,tv_sir,0.21181830892327785
10,0.015,4,15,gic_pred,predictive_support,ude_sir_h2,0.7881816381556486
10,0.015,4,15,gic_evid,equal_prior_posterior_approximation,neural_ode_h2,2.0218134856469274e-25
10,0.015,4,15,gic_evid,equal_prior_posterior_approximation,sir,2.365489815437322e-39
10,0.015,4,15,gic_evid,equal_prior_posterior_approximation,tv_sir,0.991902376645882
10,0.015,4,15,gic_evid,equal_prior_posterior_approximation,ude_sir_h2,0.008097623354118108
10,0.015,4,16,gic_pred,predictive_support,neural_ode_h2,3.259184704085804e-09
10,0.015,4,16,gic_pred,predictive_support,sir,1.9946204065125116e-34
10,0.015,4,16,gic_pred,predictive_support,tv_sir,0.11643587300321998
10,0.015,4,16,gic_pred,predictive_support,ude_sir_h2,0.8835641237375954
10,0.015,4,16,gic_evid,equal_prior_posterior_approximation,neural_ode_h2,2.6825521016859494e-24
10,0.015,4,16,gic_evid,equal_prior_posterior_approximation,sir,6.2194256369431e-32
10,0.015,4,16,gic_evid,equal_prior_posterior_approximation,tv_sir,0.9935673378539522
10,0.015,4,16,gic_evid,equal_prior_posterior_approximation,ude_sir_h2,0.006432662146047723
10,0.015,4,17,gic_pred,predictive_support,neural_ode_h2,1.1058987480305626e-07
10,0.015,4,17,gic_pred,predictive_support,sir,5.08459715965264e-43
10,0.015,4,17,gic_pred,predictive_support,tv_sir,0.0024755003969210666
10,0.015,4,17,gic_pred,predictive_support,ude_sir_h2,0.9975243890132042
10,0.015,4,17,gic_evid,equal_prior_posterior_approximation,neural_ode_h2,6.462584428017549e-23
10,0.015,4,17,gic_evid,equal_prior_posterior_approximation,sir,7.476768011802159e-39
10,0.015,4,17,gic_evid,equal_prior_posterior_approximation,tv_sir,0.8965711837203076
10,0.015,4,17,gic_evid,equal_prior_posterior_approximation,ude_sir_h2,0.10342881627969233
10,0.015,4,18,gic_pred,predictive_support,neural_ode_h2,8.023488291775839e-10
10,0.015,4,18,gic_pred,predictive_support,sir,1.6620964535497527e-41
10,0.015,4,18,gic_pred,predictive_support,tv_sir,0.010077106327008376
10,0.015,4,18,gic_pred,predictive_support,ude_sir_h2,0.9899228928706428
10,0.015,4,18,gic_evid,equal_prior_posterior_approximation,neural_ode_h2,1.6618878120113773e-25
10,0.015,4,18,gic_evid,equal_prior_posterior_approximation,sir,4.48830252280181e-38
10,0.015,4,18,gic_evid,equal_prior_posterior_approximation,tv_sir,0.9108430512532452
10,0.015,4,18,gic_evid,equal_prior_posterior_approximation,ude_sir_h2,0.08915694874675487
10,0.015,4,19,gic_pred,predictive_support,neural_ode_h2,2.732677052769083e-06
10,0.015,4,19,gic_pred,predictive_support,sir,3.342357561789753e-40
10,0.015,4,19,gic_pred,predictive_support,tv_sir,5.7226464915358975e-05
10,0.015,4,19,gic_pred,predictive_support,ude_sir_h2,0.9999400408580319
10,0.015,4,19,gic_evid,equal_prior_posterior_approximation,neural_ode_h2,3.533813463939406e-19
10,0.015,4,19,gic_evid,equal_prior_posterior_approximation,sir,2.3408016384030253e-35
10,0.015,4,19,gic_evid,equal_prior_posterior_approximation,tv_sir,0.12232507908511098
10,0.015,4,19,gic_evid,equal_prior_posterior_approximation,ude_sir_h2,0.8776749209148891
10,0.045,1,0,gic_pred,predictive_support,neural_ode_h2,0.08237215226512987
10,0.045,1,0,gic_pred,predictive_support,sir,0.012636120897447894
10,0.045,1,0,gic_pred,predictive_support,tv_sir,0.49400390699665747
10,0.045,1,0,gic_pred,predictive_support,ude_sir_h2,0.4109878198407647
10,0.045,1,0,gic_evid,equal_prior_posterior_approximation,neural_ode_h2,1.6598053391096795e-06
10,0.045,1,0,gic_evid,equal_prior_posterior_approximation,sir,0.057144000645995674
10,0.045,1,0,gic_evid,equal_prior_posterior_approximation,tv_sir,0.7793565559643383
10,0.045,1,0,gic_evid,equal_prior_posterior_approximation,ude_sir_h2,0.16349778358432687
10,0.045,1,1,gic_pred,predictive_support,neural_ode_h2,0.06663816480826806
10,0.045,1,1,gic_pred,predictive_support,sir,0.3833988274848378
10,0.045,1,1,gic_pred,predictive_support,tv_sir,0.24080278488367074
10,0.045,1,1,gic_pred,predictive_support,ude_sir_h2,0.3091602228232235
10,0.045,1,1,gic_evid,equal_prior_posterior_approximation,neural_ode_h2,1.6337582686114616e-06
10,0.045,1,1,gic_evid,equal_prior_posterior_approximation,sir,0.5359207520336148
10,0.045,1,1,gic_evid,equal_prior_posterior_approximation,tv_sir,0.14119277562479515
10,0.045,1,1,gic_evid,equal_prior_posterior_approximation,ude_sir_h2,0.3228848385833215
10,0.045,1,2,gic_pred,predictive_support,neural_ode_h2,0.05862534656310688
10,0.045,1,2,gic_pred,predictive_support,sir,0.27146706500568646
10,0.045,1,2,gic_pred,predictive_support,tv_sir,0.3410768465343486
10,0.045,1,2,gic_pred,predictive_support,ude_sir_h2,0.3288307418968581
10,0.045,1,2,gic_evid,equal_prior_posterior_approximation,neural_ode_h2,1.0418170730433502e-06
10,0.045,1,2,gic_evid,equal_prior_posterior_approximation,sir,0.498222475977858
10,0.045,1,2,gic_evid,equal_prior_posterior_approximation,tv_sir,0.24225437110082076
10,0.045,1,2,gic_evid,equal_prior_posterior_approximation,ude_sir_h2,0.2595221111042481
10,0.045,1,3,gic_pred,predictive_support,neural_ode_h2,0.58497494637627
10,0.045,1,3,gic_pred,predictive_support,sir,0.13107950782647756
10,0.045,1,3,gic_pred,predictive_support,tv_sir,0.1812094412665773
10,0.045,1,3,gic_pred,predictive_support,ude_sir_h2,0.10273610453067512
10,0.045,1,3,gic_evid,equal_prior_posterior_approximation,neural_ode_h2,0.00016929184133946233
10,0.045,1,3,gic_evid,equal_prior_posterior_approximation,sir,0.5086362884324106
10,0.045,1,3,gic_evid,equal_prior_posterior_approximation,tv_sir,0.13369444040498285
10,0.045,1,3,gic_evid,equal_prior_posterior_approximation,ude_sir_h2,0.35749997932126715
10,0.045,1,4,gic_pred,predictive_support,neural_ode_h2,0.03080793409115762
10,0.045,1,4,gic_pred,predictive_support,sir,0.09845766662960441
10,0.045,1,4,gic_pred,predictive_support,tv_sir,0.47727450911849784
10,0.045,1,4,gic_pred,predictive_support,ude_sir_h2,0.3934598901607401
10,0.045,1,4,gic_evid,equal_prior_posterior_approximation,neural_ode_h2,1.579004836299244e-07
10,0.045,1,4,gic_evid,equal_prior_posterior_approximation,sir,0.2568637752399907
10,0.045,1,4,gic_evid,equal_prior_posterior_approximation,tv_sir,0.495389254339773
10,0.045,1,4,gic_evid,equal_prior_posterior_approximation,ude_sir_h2,0.24774681251975267
10,0.045,1,5,gic_pred,predictive_support,neural_ode_h2,0.25592868494569626
10,0.045,1,5,gic_pred,predictive_support,sir,0.13749314133390686
10,0.045,1,5,gic_pred,predictive_support,tv_sir,0.30126062555881566
10,0.045,1,5,gic_pred,predictive_support,ude_sir_h2,0.30531754816158113
10,0.045,1,5,gic_evid,equal_prior_posterior_approximation,neural_ode_h2,7.644100217635922e-06
10,0.045,1,5,gic_evid,equal_prior_posterior_approximation,sir,0.4041084160245064
10,0.045,1,5,gic_evid,equal_prior_posterior_approximation,tv_sir,0.3278744095102313
10,0.045,1,5,gic_evid,equal_prior_posterior_approximation,ude_sir_h2,0.2680095303650447
10,0.045,1,6,gic_pred,predictive_support,neural_ode_h2,0.028844332081640778
10,0.045,1,6,gic_pred,predictive_support,sir,0.22442479325643322
10,0.045,1,6,gic_pred,predictive_support,tv_sir,0.3688788483940071
10,0.045,1,6,gic_pred,predictive_support,ude_sir_h2,0.3778520262679189
10,0.045,1,6,gic_evid,equal_prior_posterior_approximation,neural_ode_h2,8.54785883348185e-07
10,0.045,1,6,gic_evid,equal_prior_posterior_approximation,sir,0.41656721526239066
10,0.045,1,6,gic_evid,equal_prior_posterior_approximation,tv_sir,0.29171134879520316
10,0.045,1,6,gic_evid,equal_prior_posterior_approximation,ude_sir_h2,0.2917205811565229
10,0.045,1,7,gic_pred,predictive_support,neural_ode_h2,0.10253576034612233
10,0.045,1,7,gic_pred,predictive_support,sir,0.2788340021371278
10,0.045,1,7,gic_pred,predictive_support,tv_sir,0.2850863065522258
10,0.045,1,7,gic_pred,predictive_support,ude_sir_h2,0.3335439309645241
10,0.045,1,7,gic_evid,equal_prior_posterior_approximation,neural_ode_h2,3.2625047219340946e-06
10,0.045,1,7,gic_evid,equal_prior_posterior_approximation,sir,0.5246219491962125
10,0.045,1,7,gic_evid,equal_prior_posterior_approximation,tv_sir,0.20491822890989142
10,0.045,1,7,gic_evid,equal_prior_posterior_approximation,ude_sir_h2,0.27045655938917407
10,0.045,1,8,gic_pred,predictive_support,neural_ode_h2,0.14312398622615846
10,0.045,1,8,gic_pred,predictive_support,sir,0.37136224809959417
10,0.045,1,8,gic_pred,predictive_support,tv_sir,0.20100939794595912
10,0.045,1,8,gic_pred,predictive_support,ude_sir_h2,0.2845043677282883
10,0.045,1,8,gic_evid,equal_prior_posterior_approximation,neural_ode_h2,1.7895558801360253e-06
10,0.045,1,8,gic_evid,equal_prior_posterior_approximation,sir,0.5489476150946346
10,0.045,1,8,gic_evid,equal_prior_posterior_approximation,tv_sir,0.11821646716452795
10,0.045,1,8,gic_evid,equal_prior_posterior_approximation,ude_sir_h2,0.3328341281849573
10,0.045,1,9,gic_pred,predictive_support,neural_ode_h2,0.030021100105911826
10,0.045,1,9,gic_pred,predictive_support,sir,8.661448518809588e-05
10,0.045,1,9,gic_pred,predictive_support,tv_sir,0.6338160968452897
10,0.045,1,9,gic_pred,predictive_support,ude_sir_h2,0.3360761885636103
10,0.045,1,9,gic_evid,equal_prior_posterior_approximation,neural_ode_h2,8.368782715151918e-08
10,0.045,1,9,gic_evid,equal_prior_posterior_approximation,sir,0.00045676609334079814
10,0.045,1,9,gic_evid,equal_prior_posterior_approximation,tv_sir,0.9639720300165617
10,0.045,1,9,gic_evid,equal_prior_posterior_approximation,ude_sir_h2,0.035571120202270406
10,0.045,1,10,gic_pred,predictive_support,neural_ode_h2,0.14909556206546948
10,0.045,1,10,gic_pred,predictive_support,sir,0.0660564455560093
10,0.045,1,10,gic_pred,predictive_support,tv_sir,0.39226220684283114
10,0.045,1,10,gic_pred,predictive_support,ude_sir_h2,0.3925857855356901
10,0.045,1,10,gic_evid,equal_prior_posterior_approximation,neural_ode_h2,3.749998124279077e-07
10,0.045,1,10,gic_evid,equal_prior_posterior_approximation,sir,0.2267806212074619
10,0.045,1,10,gic_evid,equal_prior_posterior_approximation,tv_sir,0.517240958725691
10,0.045,1,10,gic_evid,equal_prior_posterior_approximation,ude_sir_h2,0.2559780450670347
10,0.045,1,11,gic_pred,predictive_support,neural_ode_h2,0.10822179242880339
10,0.045,1,11,gic_pred,predictive_support,sir,0.3544892749366303
10,0.045,1,11,gic_pred,predictive_support,tv_sir,0.23660100851214108
10,0.045,1,11,gic_pred,predictive_support,ude_sir_h2,0.30068792412242523
10,0.045,1,11,gic_evid,equal_prior_posterior_approximation,neural_ode_h2,6.1135878832145335e-06
10,0.045,1,11,gic_evid,equal_prior_posterior_approximation,sir,0.5412251443188492
10,0.045,1,11,gic_evid,equal_prior_posterior_approximation,tv_sir,0.14067419671965922
10,0.045,1,11,gic_evid,equal_prior_posterior_approximation,ude_sir_h2,0.31809454537360843
10,0.045,1,12,gic_pred,predictive_support,neural_ode_h2,0.1646418501783707
10,0.045,1,12,gic_pred,predictive_support,sir,0.11012725024135718
10,0.045,1,12,gic_pred,predictive_support,tv_sir,0.40896002009189936
10,0.045,1,12,gic_pred,predictive_support,ude_sir_h2,0.3162708794883728
10,0.045,1,12,gic_evid,equal_prior_posterior_approximation,neural_ode_h2,1.9281601241089927e-07
10,0.045,1,12,gic_evid,equal_prior_posterior_approximation,sir,0.3150199173000317
10,0.045,1,12,gic_evid,equal_prior_posterior_approximation,tv_sir,0.4342469091526559
10,0.045,1,12,gic_evid,equal_prior_posterior_approximation,ude_sir_h2,0.25073298073130007
10,0.045,1,13,gic_pred,predictive_support,neural_ode_h2,0.08122110606058736
10,0.045,1,13,gic_pred,predictive_support,sir,0.0523099269839835
10,0.045,1,13,gic_pred,predictive_support,tv_sir,0.5062602485180352
10,0.045,1,13,gic_pred,predictive_support,ude_sir_h2,0.360208718437394
10,0.045,1,13,gic_evid,equal_prior_posterior_approximation,neural_ode_h2,1.0645214769242026e-06
10,0.045,1,13,gic_evid,equal_prior_posterior_approximation,sir,0.20128918413886762
10,0.045,1,13,gic_evid,equal_prior_posterior_approximation,tv_sir,0.652053894506092
10,0.045,1,13,gic_evid,equal_prior_posterior_approximation,ude_sir_h2,0.1466558568335635
10,0.045,1,14,gic_pred,predictive_support,neural_ode_h2,0.16450350953408668
10,0.045,1,14,gic_pred,predictive_support,sir,0.09434232151631783
10,0.045,1,14,gic_pred,predictive_support,tv_sir,0.4116780087062608
10,0.045,1,14,gic_pred,predictive_support,ude_sir_h2,0.3294761602433347
10,0.045,1,14,gic_evid,equal_prior_posterior_approximation,neural_ode_h2,4.4002073114096534e-07
10,0.045,1,14,gic_evid,equal_prior_posterior_approximation,sir,0.29301163738209635
10,0.045,1,14,gic_evid,equal_prior_posterior_approximation,tv_sir,0.47741065713879816
10,0.045,1,14,gic_evid,equal_prior_posterior_approximation,ude_sir_h2,0.22957726545837442
10,0.045,1,15,gic_pred,predictive_support,neural_ode_h2,0.0788964219085217
10,0.045,1,15,gic_pred,predictive_support,sir,0.31005566263804174
10,0.045,1,15,gic_pred,predictive_support,tv_sir,0.28376873700872945
10,0.045,1,15,gic_pred,predictive_support,ude_sir_h2,0.3272791784447072
10,0.045,1,15,gic_evid,equal_prior_posterior_approximation,neural_ode_h2,4.74061114873621e-07
10,0.045,1,15,gic_evid,equal_prior_posterior_approximation,sir,0.5179452697896119
10,0.045,1,15,gic_evid,equal_prior_posterior_approximation,tv_sir,0.1879118888102899
10,0.045,1,15,gic_evid,equal_prior_posterior_approximation,ude_sir_h2,0.29414236733898336
10,0.045,1,16,gic_pred,predictive_support,neural_ode_h2,0.02691643172076496
10,0.045,1,16,gic_pred,predictive_support,sir,0.010580040256072381
10,0.045,1,16,gic_pred,predictive_support,tv_sir,0.53598340404603
10,0.045,1,16,gic_pred,predictive_support,ude_sir_h2,0.4265201239771327
10,0.045,1,16,gic_evid,equal_prior_posterior_approximation,neural_ode_h2,6.678056599406128e-07
10,0.045,1,16,gic_evid,equal_prior_posterior_approximation,sir,0.04474461811240496
10,0.045,1,16,gic_evid,equal_prior_posterior_approximation,tv_sir,0.8085661568520895
10,0.045,1,16,gic_evid,equal_prior_posterior_approximation,ude_sir_h2,0.1466885572298457
10,0.045,1,17,gic_pred,predictive_support,neural_ode_h2,0.0363139311352006
10,0.045,1,17,gic_pred,predictive_support,sir,0.053250656019065194
10,0.045,1,17,gic_pred,predictive_support,tv_sir,0.48890792782698494
10,0.045,1,17,gic_pred,predictive_support,ude_sir_h2,0.42152748501874937
10,0.045,1,17,gic_evid,equal_prior_posterior_approximation,neural_ode_h2,1.6004046624776552e-07
10,0.045,1,17,gic_evid,equal_prior_posterior_approximation,sir,0.16105687553635772
10,0.045,1,17,gic_evid,equal_prior_posterior_approximation,tv_sir,0.5875116947221906
10,0.045,1,17,gic_evid,equal_prior_posterior_approximation,ude_sir_h2,0.25143126970098545
10,0.045,1,18,gic_pred,predictive_support,neural_ode_h2,0.15483222869291594
10,0.045,1,18,gic_pred,predictive_support,sir,0.3536182731203361
10,0.045,1,18,gic_pred,predictive_support,tv_sir,0.2101669970369374
10,0.045,1,18,gic_pred,predictive_support,ude_sir_h2,0.28138250114981056
10,0.045,1,18,gic_evid,equal_prior_posterior_approximation,neural_ode_h2,1.2983962623480631e-06
10,0.045,1,18,gic_evid,equal_prior_posterior_approximation,sir,0.5425301682616851
10,0.045,1,18,gic_evid,equal_prior_posterior_approximation,tv_sir,0.13825299265933402
10,0.045,1,18,gic_evid,equal_prior_posterior_approximation,ude_sir_h2,0.31921554068271846
10,0.045,1,19,gic_pred,predictive_support,neural_ode_h2,0.21452574834142413
10,0.045,1,19,gic_pred,predictive_support,sir,0.12084514270642342
10,0.045,1,19,gic_pred,predictive_support,tv_sir,0.3443637562265225
10,0.045,1,19,gic_pred,predictive_support,ude_sir_h2,0.32026535272563
10,0.045,1,19,gic_evid,equal_prior_posterior_approximation,neural_ode_h2,7.507721053529681e-06
10,0.045,1,19,gic_evid,equal_prior_posterior_approximation,sir,0.41248571762614594
10,0.045,1,19,gic_evid,equal_prior_posterior_approximation,tv_sir,0.39178296994229556
10,0.045,1,19,gic_evid,equal_prior_posterior_approximation,ude_sir_h2,0.19572380471050488
10,0.045,2,0,gic_pred,predictive_support,neural_ode_h2,0.023858269609856642
10,0.045,2,0,gic_pred,predictive_support,sir,0.012392909771063314
10,0.045,2,0,gic_pred,predictive_support,tv_sir,0.8484184811401778
10,0.045,2,0,gic_pred,predictive_support,ude_sir_h2,0.11533033947890219
10,0.045,2,0,gic_evid,equal_prior_posterior_approximation,neural_ode_h2,2.1509398310687613e-07
10,0.045,2,0,gic_evid,equal_prior_posterior_approximation,sir,0.048402309143571326
10,0.045,2,0,gic_evid,equal_prior_posterior_approximation,tv_sir,0.9399480826190654
10,0.045,2,0,gic_evid,equal_prior_posterior_approximation,ude_sir_h2,0.011649393143380215
10,0.045,2,1,gic_pred,predictive_support,neural_ode_h2,0.008472777675632575
10,0.045,2,1,gic_pred,predictive_support,sir,1.85749330550434e-07
10,0.045,2,1,gic_pred,predictive_support,tv_sir,0.8950692404432031
10,0.045,2,1,gic_pred,predictive_support,ude_sir_h2,0.09645779613183385
10,0.045,2,1,gic_evid,equal_prior_posterior_approximation,neural_ode_h2,4.139272270608343e-09
10,0.045,2,1,gic_evid,equal_prior_posterior_approximation,sir,9.188096344158485e-07
10,0.045,2,1,gic_evid,equal_prior_posterior_approximation,tv_sir,0.9998140131457431
10,0.045,2,1,gic_evid,equal_prior_posterior_approximation,ude_sir_h2,0.00018506390535008376
10,0.045,2,2,gic_pred,predictive_support,neural_ode_h2,0.06814085714229849
10,0.045,2,2,gic_pred,predictive_support,sir,7.259771800025403e-06
10,0.045,2,2,gic_pred,predictive_support,tv_sir,0.7011035957475128
10,0.045,2,2,gic_pred,predictive_support,ude_sir_h2,0.23074828733838884
10,0.045,2,2,gic_evid,equal_prior_posterior_approximation,neural_ode_h2,1.7376731003283008e-07
10,0.045,2,2,gic_evid,equal_prior_posterior_approximation,sir,4.152090054046589e-05
10,0.045,2,2,gic_evid,equal_prior_posterior_approximation,tv_sir,0.9991145421820925
10,0.045,2,2,gic_evid,equal_prior_posterior_approximation,ude_sir_h2,0.0008437631500570962
10,0.045,2,3,gic_pred,predictive_support,neural_ode_h2,0.05113552165706398
10,0.045,2,3,gic_pred,predictive_support,sir,0.0021699588330086703
10,0.045,2,3,gic_pred,predictive_support,tv_sir,0.8290691994456223
10,0.045,2,3,gic_pred,predictive_support,ude_sir_h2,0.11762532006430501
10,0.045,2,3,gic_evid,equal_prior_posterior_approximation,neural_ode_h2,2.786631234823813e-07
10,0.045,2,3,gic_evid,equal_prior_posterior_approximation,sir,0.009477023739959057
10,0.045,2,3,gic_evid,equal_prior_posterior_approximation,tv_sir,0.985392416067055
10,0.045,2,3,gic_evid,equal_prior_posterior_approximation,ude_sir_h2,0.005130281529862656
10,0.045,2,4,gic_pred,predictive_support,neural_ode_h2,0.0007572679225780182
10,0.045,2,4,gic_pred,predictive_support,sir,0.3793435577863901
10,0.045,2,4,gic_pred,predictive_support,tv_sir,0.3741303708430175
10,0.045,2,4,gic_pred,predictive_support,ude_sir_h2,0.2457688034480144
10,0.045,2,4,gic_evid,equal_prior_posterior_approximation,neural_ode_h2,8.236296402289674e-09
10,0.045,2,4,gic_evid,equal_prior_posterior_approximation,sir,0.5325401545321417
10,0.045,2,4,gic_evid,equal_prior_posterior_approximation,tv_sir,0.15679300886489358
10,0.045,2,4,gic_evid,equal_prior_posterior_approximation,ude_sir_h2,0.3106668283666683
10,0.045,2,5,gic_pred,predictive_support,neural_ode_h2,0.0030593285944868873
10,0.045,2,5,gic_pred,predictive_support,sir,1.876707461880771e-05
10,0.045,2,5,gic_pred,predictive_support,tv_sir,0.8683393842222517
10,0.045,2,5,gic_pred,predictive_support,ude_sir_h2,0.1285825201086427
10,0.045,2,5,gic_evid,equal_prior_posterior_approximation,neural_ode_h2,5.1085048291816596e-09
10,0.045,2,5,gic_evid,equal_prior_posterior_approximation,sir,8.228508541841201e-05
10,0.045,2,5,gic_evid,equal_prior_posterior_approximation,tv_sir,0.9980819544585339
10,0.045,2,5,gic_evid,equal_prior_posterior_approximation,ude_sir_h2,0.0018357553475429082
10,0.045,2,6,gic_pred,predictive_support,neural_ode_h2,0.006273046443554367
10,0.045,2,6,gic_pred,predictive_support,sir,0.21763507883291333
10,0.045,2,6,gic_pred,predictive_support,tv_sir,0.6125942025020792
10,0.045,2,6,gic_pred,predictive_support,ude_sir_h2,0.16349767222145317
10,0.045,2,6,gic_evid,equal_prior_posterior_approximation,neural_ode_h2,2.1637669458892155e-07
10,0.045,2,6,gic_evid,equal_prior_posterior_approximation,sir,0.4910872523815431
10,0.045,2,6,gic_evid,equal_prior_posterior_approximation,tv_sir,0.36319465994386024
10,0.045,2,6,gic_evid,equal_prior_posterior_approximation,ude_sir_h2,0.14571787129790198
10,0.045,2,7,gic_pred,predictive_support,neural_ode_h2,0.02560286829461277
10,0.045,2,7,gic_pred,predictive_support,sir,0.003955607589409892
10,0.045,2,7,gic_pred,predictive_support,tv_sir,0.8456278664886431
10,0.045,2,7,gic_pred,predictive_support,ude_sir_h2,0.1248136576273342
10,0.045,2,7,gic_evid,equal_prior_posterior_approximation,neural_ode_h2,4.767918378321933e-07
10,0.045,2,7,gic_evid,equal_prior_posterior_approximation,sir,0.017276170138739482
10,0.045,2,7,gic_evid,equal_prior_posterior_approximation,tv_sir,0.9743766153711152
10,0.045,2,7,gic_evid,equal_prior_posterior_approximation,ude_sir_h2,0.008346737698307648
10,0.045,2,8,gic_pred,predictive_support,neural_ode_h2,0.13729503172955734
10,0.045,2,8,gic_pred,predictive_support,sir,0.0003729405286065164
10,0.045,2,8,gic_pred,predictive_support,tv_sir,0.8418633106352843
10,0.045,2,8,gic_pred,predictive_support,ude_sir_h2,0.02046871710655175
10,0.045,2,8,gic_evid,equal_prior_posterior_approximation,neural_ode_h2,1.553464086301286e-07
10,0.045,2,8,gic_evid,equal_prior_posterior_approximation,sir,0.002123990102714999
10,0.045,2,8,gic_evid,equal_prior_posterior_approximation,tv_sir,0.9956196446441208
10,0.045,2,8,gic_evid,equal_prior_posterior_approximation,ude_sir_h2,0.0022562099067554207
10,0.045,2,9,gic_pred,predictive_support,neural_ode_h2,0.9714011959916349
10,0.045,2,9,gic_pred,predictive_support,sir,0.0005717333466702226
10,0.045,2,9,gic_pred,predictive_support,tv_sir,0.023969256987382826
10,0.045,2,9,gic_pred,predictive_support,ude_sir_h2,0.004057813674311932
10,0.045,2,9,gic_evid,equal_prior_posterior_approximation,neural_ode_h2,0.00010046922365564098
10,0.045,2,9,gic_evid,equal_prior_posterior_approximation,sir,0.10580402874752796
10,0.045,2,9,gic_evid,equal_prior_posterior_approximation,tv_sir,0.8692467243665357
10,0.045,2,9,gic_evid,equal_prior_posterior_approximation,ude_sir_h2,0.024848777662280785
10,0.045,2,10,gic_pred,predictive_support,neural_ode_h2,0.012391928753515172
10,0.045,2,10,gic_pred,predictive_support,sir,0.0004244277967314042
10,0.045,2,10,gic_pred,predictive_support,tv_sir,0.7039090660267051
10,0.045,2,10,gic_pred,predictive_support,ude_sir_h2,0.2832745774230483
10,0.045,2,10,gic_evid,equal_prior_posterior_approximation,neural_ode_h2,2.784233788378239e-08
10,0.045,2,10,gic_evid,equal_prior_posterior_approximation,sir,0.0022485418824419196
10,0.045,2,10,gic_evid,equal_prior_posterior_approximation,tv_sir,0.9918843496187658
10,0.045,2,10,gic_evid,equal_prior_posterior_approximation,ude_sir_h2,0.005867080656454202
10,0.045,2,11,gic_pred,predictive_support,neural_ode_h2,0.00039308557052794606
10,0.045,2,11,gic_pred,predictive_support,sir,0.18598148830603997
10,0.045,2,11,gic_pred,predictive_support,tv_sir,0.397482052156237
10,0.045,2,11,gic_pred,predictive_support,ude_sir_h2,0.4161433739671951
10,0.045,2,11,gic_evid,equal_prior_posterior_approximation,neural_ode_h2,2.3599939058257212e-08
10,0.045,2,11,gic_evid,equal_prior_posterior_approximation,sir,0.47601340708302553
10,0.045,2,11,gic_evid,equal_prior_posterior_approximation,tv_sir,0.30915719326246865
10,0.045,2,11,gic_evid,equal_prior_posterior_approximation,ude_sir_h2,0.21482937605456684
10,0.045,2,12,gic_pred,predictive_support,neural_ode_h2,0.0114904363846682
10,0.045,2,12,gic_pred,predictive_support,sir,0.11869695495420358
10,0.045,2,12,gic_pred,predictive_support,tv_sir,0.795779968720953
10,0.045,2,12,gic_pred,predictive_support,ude_sir_h2,0.07403263994017525
10,0.045,2,12,gic_evid,equal_prior_posterior_approximation,neural_ode_h2,2.9147756311585727e-08
10,0.045,2,12,gic_evid,equal_prior_posterior_approximation,sir,0.32964357546312256
10,0.045,2,12,gic_evid,equal_prior_posterior_approximation,tv_sir,0.521854547122071
10,0.045,2,12,gic_evid,equal_prior_posterior_approximation,ude_sir_h2,0.14850184826704999
10,0.045,2,13,gic_pred,predictive_support,neural_ode_h2,0.03215854164761694
10,0.045,2,13,gic_pred,predictive_support,sir,0.0016647363381031908
10,0.045,2,13,gic_pred,predictive_support,tv_sir,0.8459476164096453
10,0.045,2,13,gic_pred,predictive_support,ude_sir_h2,0.12022910560463465
10,0.045,2,13,gic_evid,equal_prior_posterior_approximation,neural_ode_h2,6.493074906025781e-08
10,0.045,2,13,gic_evid,equal_prior_posterior_approximation,sir,0.007091879346039832
10,0.045,2,13,gic_evid,equal_prior_posterior_approximation,tv_sir,0.9877747061003619
10,0.045,2,13,gic_evid,equal_prior_posterior_approximation,ude_sir_h2,0.005133349622849196
10,0.045,2,14,gic_pred,predictive_support,neural_ode_h2,0.002196419236715287
10,0.045,2,14,gic_pred,predictive_support,sir,0.00449218994064262
10,0.045,2,14,gic_pred,predictive_support,tv_sir,0.8906975937296123
10,0.045,2,14,gic_pred,predictive_support,ude_sir_h2,0.1026137970930298
10,0.045,2,14,gic_evid,equal_prior_posterior_approximation,neural_ode_h2,9.901925722698486e-09
10,0.045,2,14,gic_evid,equal_prior_posterior_approximation,sir,0.017197442928162766
10,0.045,2,14,gic_evid,equal_prior_posterior_approximation,tv_sir,0.9765480101579884
10,0.045,2,14,gic_evid,equal_prior_posterior_approximation,ude_sir_h2,0.006254537011923081
10,0.045,2,15,gic_pred,predictive_support,neural_ode_h2,0.00031645583069173403
10,0.045,2,15,gic_pred,predictive_support,sir,0.00024424827339217405
10,0.045,2,15,gic_pred,predictive_support,tv_sir,0.8941028103010624
10,0.045,2,15,gic_pred,predictive_support,ude_sir_h2,0.10533648559485356
10,0.045,2,15,gic_evid,equal_prior_posterior_approximation,neural_ode_h2,1.0170775893436461e-08
10,0.045,2,15,gic_evid,equal_prior_posterior_approximation,sir,0.0025546080172171234
10,0.045,2,15,gic_evid,equal_prior_posterior_approximation,tv_sir,0.9901034973960733
10,0.045,2,15,gic_evid,equal_prior_posterior_approximation,ude_sir_h2,0.007341884415933624
10,0.045,2,16,gic_pred,predictive_support,neural_ode_h2,0.0025810757357585656
10,0.045,2,16,gic_pred,predictive_support,sir,0.0003130327492993381
10,0.045,2,16,gic_pred,predictive_support,tv_sir,0.8535199592794009
10,0.045,2,16,gic_pred,predictive_support,ude_sir_h2,0.14358593223554117
10,0.045,2,16,gic_evid,equal_prior_posterior_approximation,neural_ode_h2,1.3717196080672734e-08
10,0.045,2,16,gic_evid,equal_prior_posterior_approximation,sir,0.0014872715634671463
10,0.045,2,16,gic_evid,equal_prior_posterior_approximation,tv_sir,0.9953971593507349
10,0.045,2,16,gic_evid,equal_prior_posterior_approximation,ude_sir_h2,0.0031155553686020043
10,0.045,2,17,gic_pred,predictive_support,neural_ode_h2,0.0015313864956782001
10,0.045,2,17,gic_pred,predictive_support,sir,0.007696622210178414
10,0.045,2,17,gic_pred,predictive_support,tv_sir,0.8299472779945095
10,0.045,2,17,gic_pred,predictive_support,ude_sir_h2,0.1608247132996339
10,0.045,2,17,gic_evid,equal_prior_posterior_approximation,neural_ode_h2,4.796736886723427e-09
10,0.045,2,17,gic_evid,equal_prior_posterior_approximation,sir,0.03132103907152939
10,0.045,2,17,gic_evid,equal_prior_posterior_approximation,tv_sir,0.947115750177644
10,0.045,2,17,gic_evid,equal_prior_posterior_approximation,ude_sir_h2,0.021563205954089476
10,0.045,2,18,gic_pred,predictive_support,neural_ode_h2,0.14425780232973942
10,0.045,2,18,gic_pred,predictive_support,sir,2.643286409814035e-07
10,0.045,2,18,gic_pred,predictive_support,tv_sir,0.8167903182851232
10,0.045,2,18,gic_pred,predictive_support,ude_sir_h2,0.038951615056496545
10,0.045,2,18,gic_evid,equal_prior_posterior_approximation,neural_ode_h2,1.6134406793069328e-07
10,0.045,2,18,gic_evid,equal_prior_posterior_approximation,sir,1.407238207272422e-06
10,0.045,2,18,gic_evid,equal_prior_posterior_approximation,tv_sir,0.9999251352218937
10,0.045,2,18,gic_evid,equal_prior_posterior_approximation,ude_sir_h2,7.329619583128898e-05
10,0.045,2,19,gic_pred,predictive_support,neural_ode_h2,0.00032850419174447503
10,0.045,2,19,gic_pred,predictive_support,sir,0.17360236242823365
10,0.045,2,19,gic_pred,predictive_support,tv_sir,0.6196438814284374
10,0.045,2,19,gic_pred,predictive_support,ude_sir_h2,0.2064252519515845
10,0.045,2,19,gic_evid,equal_prior_posterior_approximation,neural_ode_h2,8.352245863273204e-09
10,0.045,2,19,gic_evid,equal_prior_posterior_approximation,sir,0.44072736258083134
10,0.045,2,19,gic_evid,equal_prior_posterior_approximation,tv_sir,0.33386357248490545
10,0.045,2,19,gic_evid,equal_prior_posterior_approximation,ude_sir_h2,0.22540905658201743
10,0.045,4,0,gic_pred,predictive_support,neural_ode_h2,9.139229092069257e-07
10,0.045,4,0,gic_pred,predictive_support,sir,0.0005413782652688051
10,0.045,4,0,gic_pred,predictive_support,tv_sir,0.6787422678395892
10,0.045,4,0,gic_pred,predictive_support,ude_sir_h2,0.32071543997223273
10,0.045,4,0,gic_evid,equal_prior_posterior_approximation,neural_ode_h2,1.2644858548168927e-11
10,0.045,4,0,gic_evid,equal_prior_posterior_approximation,sir,0.003983542268160552
10,0.045,4,0,gic_evid,equal_prior_posterior_approximation,tv_sir,0.9844941088638954
10,0.045,4,0,gic_evid,equal_prior_posterior_approximation,ude_sir_h2,0.011522348855299321
10,0.045,4,1,gic_pred,predictive_support,neural_ode_h2,7.77264422397217e-08
10,0.045,4,1,gic_pred,predictive_support,sir,0.0005201422696146547
10,0.045,4,1,gic_pred,predictive_support,tv_sir,0.7837820506044983
10,0.045,4,1,gic_pred,predictive_support,ude_sir_h2,0.21569772939944484
10,0.045,4,1,gic_evid,equal_prior_posterior_approximation,neural_ode_h2,5.050599298596919e-13
10,0.045,4,1,gic_evid,equal_prior_posterior_approximation,sir,0.004055624436345084
10,0.045,4,1,gic_evid,equal_prior_posterior_approximation,tv_sir,0.9827607817242409
10,0.045,4,1,gic_evid,equal_prior_posterior_approximation,ude_sir_h2,0.013183593838908946
10,0.045,4,2,gic_pred,predictive_support,neural_ode_h2,0.005297486629861352
10,0.045,4,2,gic_pred,predictive_support,sir,2.8517052742647554e-06
10,0.045,4,2,gic_pred,predictive_support,tv_sir,0.24206782435858223
10,0.045,4,2,gic_pred,predictive_support,ude_sir_h2,0.7526318373062822
10,0.045,4,2,gic_evid,equal_prior_posterior_approximation,neural_ode_h2,9.383733123721096e-14
10,0.045,4,2,gic_evid,equal_prior_posterior_approximation,sir,6.266092751116119e-05
10,0.045,4,2,gic_evid,equal_prior_posterior_approximation,tv_sir,0.9676369309192807
10,0.045,4,2,gic_evid,equal_prior_posterior_approximation,ude_sir_h2,0.03230040815311437
10,0.045,4,3,gic_pred,predictive_support,neural_ode_h2,0.10678014323030363
10,0.045,4,3,gic_pred,predictive_support,sir,0.00018856187573807642
10,0.045,4,3,gic_pred,predictive_support,tv_sir,0.4205956309253235
10,0.045,4,3,gic_pred,predictive_support,ude_sir_h2,0.47243566396863484
10,0.045,4,3,gic_evid,equal_prior_posterior_approximation,neural_ode_h2,2.075771737524576e-15
10,0.045,4,3,gic_evid,equal_prior_posterior_approximation,sir,0.0026454720335950042
10,0.045,4,3,gic_evid,equal_prior_posterior_approximation,tv_sir,0.9768272407296038
10,0.045,4,3,gic_evid,equal_prior_posterior_approximation,ude_sir_h2,0.02052728723679915
10,0.045,4,4,gic_pred,predictive_support,neural_ode_h2,1.809057988326161e-07
10,0.045,4,4,gic_pred,predictive_support,sir,1.0580091261146442e-07
10,0.045,4,4,gic_pred,predictive_support,tv_sir,0.6166389102970598
10,0.045,4,4,gic_pred,predictive_support,ude_sir_h2,0.3833608029962288
10,0.045,4,4,gic_evid,equal_prior_posterior_approximation,neural_ode_h2,1.8706809167534366e-12
10,0.045,4,4,gic_evid,equal_prior_posterior_approximation,sir,1.0342734450094943e-06
10,0.045,4,4,gic_evid,equal_prior_posterior_approximation,tv_sir,0.9965105401959745
10,0.045,4,4,gic_evid,equal_prior_posterior_approximation,ude_sir_h2,0.003488425528709602
10,0.045,4,5,gic_pred,predictive_support,neural_ode_h2,7.963115851213388e-07
10,0.045,4,5,gic_pred,predictive_support,sir,1.631483233475814e-06
10,0.045,4,5,gic_pred,predictive_support,tv_sir,0.7330161216984545
10,0.045,4,5,gic_pred,predictive_support,ude_sir_h2,0.26698145050672684
10,0.045,4,5,gic_evid,equal_prior_posterior_approximation,neural_ode_h2,2.4418722869757748e-12
10,0.045,4,5,gic_evid,equal_prior_posterior_approximation,sir,1.2280525221764771e-05
10,0.045,4,5,gic_evid,equal_prior_posterior_approximation,tv_sir,0.9976361052697905
10,0.045,4,5,gic_evid,equal_prior_posterior_approximation,ude_sir_h2,0.0023516142025457403
10,0.045,4,6,gic_pred,predictive_support,neural_ode_h2,0.016308024629738023
10,0.045,4,6,gic_pred,predictive_support,sir,1.2508618986696526e-06
10,0.045,4,6,gic_pred,predictive_support,tv_sir,0.01894679855311363
10,0.045,4,6,gic_pred,predictive_support,ude_sir_h2,0.9647439259552496
10,0.045,4,6,gic_evid,equal_prior_posterior_approximation,neural_ode_h2,8.189407202931714e-15
10,0.045,4,6,gic_evid,equal_prior_posterior_approximation,sir,0.00021455303034850426
10,0.045,4,6,gic_evid,equal_prior_posterior_approximation,tv_sir,0.6535833792001456
10,0.045,4,6,gic_evid,equal_prior_posterior_approximation,ude_sir_h2,0.3462020677694977
10,0.045,4,7,gic_pred,predictive_support,neural_ode_h2,0.0002442030371388765
10,0.045,4,7,gic_pred,predictive_support,sir,1.1287842014465267e-05
10,0.045,4,7,gic_pred,predictive_support,tv_sir,0.5990651854786683
10,0.045,4,7,gic_pred,predictive_support,ude_sir_h2,0.40067932364217834
10,0.045,4,7,gic_evid,equal_prior_posterior_approximation,neural_ode_h2,1.924318589035526e-09
10,0.045,4,7,gic_evid,equal_prior_posterior_approximation,sir,9.339340649263554e-05
10,0.045,4,7,gic_evid,equal_prior_posterior_approximation,tv_sir,0.9958469735997291
10,0.045,4,7,gic_evid,equal_prior_posterior_approximation,ude_sir_h2,0.0040596310694597255
10,0.045,4,8,gic_pred,predictive_support,neural_ode_h2,0.0540078943344088
10,0.045,4,8,gic_pred,predictive_support,sir,9.19820697852756e-05
10,0.045,4,8,gic_pred,predictive_support,tv_sir,0.009474159762586051
10,0.045,4,8,gic_pred,predictive_support,ude_sir_h2,0.93642596383322
10,0.045,4,8,gic_evid,equal_prior_posterior_approximation,neural_ode_h2,4.497498645648961e-16
10,0.045,4,8,gic_evid,equal_prior_posterior_approximation,sir,0.007841877026689538
10,0.045,4,8,gic_evid,equal_prior_posterior_approximation,tv_sir,0.1346832846334456
10,0.045,4,8,gic_evid,equal_prior_posterior_approximation,ude_sir_h2,0.8574748383398643
10,0.045,4,9,gic_pred,predictive_support,neural_ode_h2,4.4063172105491476e-06
10,0.045,4,9,gic_pred,predictive_support,sir,2.3563831775493376e-05
10,0.045,4,9,gic_pred,predictive_support,tv_sir,0.870205580171245
10,0.045,4,9,gic_pred,predictive_support,ude_sir_h2,0.12976644967976889
10,0.045,4,9,gic_evid,equal_prior_posterior_approximation,neural_ode_h2,1.8830027498080835e-11
10,0.045,4,9,gic_evid,equal_prior_posterior_approximation,sir,0.00019634900938939677
10,0.045,4,9,gic_evid,equal_prior_posterior_approximation,tv_sir,0.9990451205180689
10,0.045,4,9,gic_evid,equal_prior_posterior_approximation,ude_sir_h2,0.0007585304537116012
10,0.045,4,10,gic_pred,predictive_support,neural_ode_h2,2.3450234751715534e-05
10,0.045,4,10,gic_pred,predictive_support,sir,0.0950347742284828
10,0.045,4,10,gic_pred,predictive_support,tv_sir,0.6778314617588088
10,0.045,4,10,gic_pred,predictive_support,ude_sir_h2,0.2271103137779566
10,0.045,4,10,gic_evid,equal_prior_posterior_approximation,neural_ode_h2,6.271042863500266e-10
10,0.045,4,10,gic_evid,equal_prior_posterior_approximation,sir,0.36696083503573623
10,0.045,4,10,gic_evid,equal_prior_posterior_approximation,tv_sir,0.5598386084653231
10,0.045,4,10,gic_evid,equal_prior_posterior_approximation,ude_sir_h2,0.07320055587183641
10,0.045,4,11,gic_pred,predictive_support,neural_ode_h2,0.0944367413221629
10,0.045,4,11,gic_pred,predictive_support,sir,1.6546610079599873e-05
10,0.045,4,11,gic_pred,predictive_support,tv_sir,0.31160021187345477
10,0.045,4,11,gic_pred,predictive_support,ude_sir_h2,0.5939465001943027
10,0.045,4,11,gic_evid,equal_prior_posterior_approximation,neural_ode_h2,2.5196619477347618e-11
10,0.045,4,11,gic_evid,equal_prior_posterior_approximation,sir,0.0002830463297910725
10,0.045,4,11,gic_evid,equal_prior_posterior_approximation,tv_sir,0.9963331356326848
10,0.045,4,11,gic_evid,equal_prior_posterior_approximation,ude_sir_h2,0.0033838180123274214
10,0.045,4,12,gic_pred,predictive_support,neural_ode_h2,0.0007666590303057707
10,0.045,4,12,gic_pred,predictive_support,sir,2.818659353071877e-05
10,0.045,4,12,gic_pred,predictive_support,tv_sir,0.5424513308443732
10,0.045,4,12,gic_pred,predictive_support,ude_sir_h2,0.4567538235317902
10,0.045,4,12,gic_evid,equal_prior_posterior_approximation,neural_ode_h2,6.932676124668733e-09
10,0.045,4,12,gic_evid,equal_prior_posterior_approximation,sir,0.0002706266821089351
10,0.045,4,12,gic_evid,equal_prior_posterior_approximation,tv_sir,0.9944358952976518
10,0.045,4,12,gic_evid,equal_prior_posterior_approximation,ude_sir_h2,0.005293471087563174
10,0.045,4,13,gic_pred,predictive_support,neural_ode_h2,2.60759467437611e-07
10,0.045,4,13,gic_pred,predictive_support,sir,0.0015587202067718722
10,0.045,4,13,gic_pred,predictive_support,tv_sir,0.7203212701116061
10,0.045,4,13,gic_pred,predictive_support,ude_sir_h2,0.2781197489221547
10,0.045,4,13,gic_evid,equal_prior_posterior_approximation,neural_ode_h2,6.571849179796494e-12
10,0.045,4,13,gic_evid,equal_prior_posterior_approximation,sir,0.013432847806375227
10,0.045,4,13,gic_evid,equal_prior_posterior_approximation,tv_sir,0.9732023557056148
10,0.045,4,13,gic_evid,equal_prior_posterior_approximation,ude_sir_h2,0.013364796481438162
10,0.045,4,14,gic_pred,predictive_support,neural_ode_h2,0.0015951344856765786
10,0.045,4,14,gic_pred,predictive_support,sir,8.445295477569383e-07
10,0.045,4,14,gic_pred,predictive_support,tv_sir,0.8984755841491908
10,0.045,4,14,gic_pred,predictive_support,ude_sir_h2,0.09992843683558468
10,0.045,4,14,gic_evid,equal_prior_posterior_approximation,neural_ode_h2,1.3319713091338425e-16
10,0.045,4,14,gic_evid,equal_prior_posterior_approximation,sir,8.096142773733743e-06
10,0.045,4,14,gic_evid,equal_prior_posterior_approximation,tv_sir,0.9989679347448872
10,0.045,4,14,gic_evid,equal_prior_posterior_approximation,ude_sir_h2,0.0010239691123389838
10,0.045,4,15,gic_pred,predictive_support,neural_ode_h2,5.1207828893816705e-09
10,0.045,4,15,gic_pred,predictive_support,sir,1.2447170342683614e-05
10,0.045,4,15,gic_pred,predictive_support,tv_sir,0.5762327356997541
10,0.045,4,15,gic_pred,predictive_support,ude_sir_h2,0.42375481200912035
10,0.045,4,15,gic_evid,equal_prior_posterior_approximation,neural_ode_h2,2.881910189447072e-13
10,0.045,4,15,gic_evid,equal_prior_posterior_approximation,sir,0.00011852537119984756
10,0.045,4,15,gic_evid,equal_prior_posterior_approximation,tv_sir,0.9846352838033303
10,0.045,4,15,gic_evid,equal_prior_posterior_approximation,ude_sir_h2,0.015246190825181631
10,0.045,4,16,gic_pred,predictive_support,neural_ode_h2,6.286862580737463e-06
10,0.045,4,16,gic_pred,predictive_support,sir,0.012098789531514324
10,0.045,4,16,gic_pred,predictive_support,tv_sir,0.8916143650914405
10,0.045,4,16,gic_pred,predictive_support,ude_sir_h2,0.0962805585144643
10,0.045,4,16,gic_evid,equal_prior_posterior_approximation,neural_ode_h2,1.2756418868330284e-10
10,0.045,4,16,gic_evid,equal_prior_posterior_approximation,sir,0.07316437470122723
10,0.045,4,16,gic_evid,equal_prior_posterior_approximation,tv_sir,0.9152382455195932
10,0.045,4,16,gic_evid,equal_prior_posterior_approximation,ude_sir_h2,0.011597379651615366
10,0.045,4,17,gic_pred,predictive_support,neural_ode_h2,5.692081575717064e-09
10,0.045,4,17,gic_pred,predictive_support,sir,6.77362010504263e-05
10,0.045,4,17,gic_pred,predictive_support,tv_sir,0.8638554092192848
10,0.045,4,17,gic_pred,predictive_support,ude_sir_h2,0.1360768488875832
10,0.045,4,17,gic_evid,equal_prior_posterior_approximation,neural_ode_h2,4.317619090225929e-14
10,0.045,4,17,gic_evid,equal_prior_posterior_approximation,sir,0.0006021229711088049
10,0.045,4,17,gic_evid,equal_prior_posterior_approximation,tv_sir,0.9964357265918504
10,0.045,4,17,gic_evid,equal_prior_posterior_approximation,ude_sir_h2,0.002962150436997516
10,0.045,4,18,gic_pred,predictive_support,neural_ode_h2,2.4760141803472782e-08
10,0.045,4,18,gic_pred,predictive_support,sir,4.847612269880524e-05
10,0.045,4,18,gic_pred,predictive_support,tv_sir,0.6493666746901683
10,0.045,4,18,gic_pred,predictive_support,ude_sir_h2,0.3505848244269911
10,0.045,4,18,gic_evid,equal_prior_posterior_approximation,neural_ode_h2,1.359217987429136e-13
10,0.045,4,18,gic_evid,equal_prior_posterior_approximation,sir,0.0003891408395988594
10,0.045,4,18,gic_evid,equal_prior_posterior_approximation,tv_sir,0.9919688469574387
10,0.045,4,18,gic_evid,equal_prior_posterior_approximation,ude_sir_h2,0.007642012202826584
10,0.045,4,19,gic_pred,predictive_support,neural_ode_h2,0.11055807450309722
10,0.045,4,19,gic_pred,predictive_support,sir,0.0014996558524188824
10,0.045,4,19,gic_pred,predictive_support,tv_sir,0.5634740735427733
10,0.045,4,19,gic_pred,predictive_support,ude_sir_h2,0.3244681961017105
10,0.045,4,19,gic_evid,equal_prior_posterior_approximation,neural_ode_h2,6.533263403740192e-15
10,0.045,4,19,gic_evid,equal_prior_posterior_approximation,sir,0.013211999662897315
10,0.045,4,19,gic_evid,equal_prior_posterior_approximation,tv_sir,0.9580061818877131
10,0.045,4,19,gic_evid,equal_prior_posterior_approximation,ude_sir_h2,0.028781818449383156
20,0.005,1,0,gic_pred,predictive_support,neural_ode_h2,0.12043552405817327
20,0.005,1,0,gic_pred,predictive_support,sir,8.536201289835386e-153
20,0.005,1,0,gic_pred,predictive_support,tv_sir,0.00039418016254951557
20,0.005,1,0,gic_pred,predictive_support,ude_sir_h2,0.8791702957792772
20,0.005,1,0,gic_evid,equal_prior_posterior_approximation,neural_ode_h2,5.321085008006368e-08
20,0.005,1,0,gic_evid,equal_prior_posterior_approximation,sir,6.854219301102459e-150
20,0.005,1,0,gic_evid,equal_prior_posterior_approximation,tv_sir,0.004582639421689373
20,0.005,1,0,gic_evid,equal_prior_posterior_approximation,ude_sir_h2,0.9954173073674606
20,0.005,1,1,gic_pred,predictive_support,neural_ode_h2,0.7513596864634874
20,0.005,1,1,gic_pred,predictive_support,sir,3.0398034233522836e-185
20,0.005,1,1,gic_pred,predictive_support,tv_sir,0.004513165453737006
20,0.005,1,1,gic_pred,predictive_support,ude_sir_h2,0.24412714808277566
20,0.005,1,1,gic_evid,equal_prior_posterior_approximation,neural_ode_h2,2.7782348958141113e-07
20,0.005,1,1,gic_evid,equal_prior_posterior_approximation,sir,3.105275073869995e-182
20,0.005,1,1,gic_evid,equal_prior_posterior_approximation,tv_sir,0.06458649224643259
20,0.005,1,1,gic_evid,equal_prior_posterior_approximation,ude_sir_h2,0.9354132299300777
20,0.005,1,2,gic_pred,predictive_support,neural_ode_h2,0.19356365076265236
20,0.005,1,2,gic_pred,predictive_support,sir,1.9409811366237758e-154
20,0.005,1,2,gic_pred,predictive_support,tv_sir,0.0027843122598296592
20,0.005,1,2,gic_pred,predictive_support,ude_sir_h2,0.8036520369775181
20,0.005,1,2,gic_evid,equal_prior_posterior_approximation,neural_ode_h2,1.3183262050572996e-08
20,0.005,1,2,gic_evid,equal_prior_posterior_approximation,sir,1.4128862961055616e-151
20,0.005,1,2,gic_evid,equal_prior_posterior_approximation,tv_sir,0.03096770787941112
20,0.005,1,2,gic_evid,equal_prior_posterior_approximation,ude_sir_h2,0.9690322789373268
20,0.005,1,3,gic_pred,predictive_support,neural_ode_h2,0.46094546810791626
20,0.005,1,3,gic_pred,predictive_support,sir,2.3675329512594224e-168
20,0.005,1,3,gic_pred,predictive_support,tv_sir,0.0005171069776244796
20,0.005,1,3,gic_pred,predictive_support,ude_sir_h2,0.5385374249144593
20,0.005,1,3,gic_evid,equal_prior_posterior_approximation,neural_ode_h2,1.3020961486943194e-07
20,0.005,1,3,gic_evid,equal_prior_posterior_approximation,sir,2.6624767312507195e-165
20,0.005,1,3,gic_evid,equal_prior_posterior_approximation,tv_sir,0.008534523523275226
20,0.005,1,3,gic_evid,equal_prior_posterior_approximation,ude_sir_h2,0.9914653462671099
20,0.005,1,4,gic_pred,predictive_support,neural_ode_h2,0.027610885593084302
20,0.005,1,4,gic_pred,predictive_support,sir,9.044295293123857e-183
20,0.005,1,4,gic_pred,predictive_support,tv_sir,0.021147863147424947
20,0.005,1,4,gic_pred,predictive_support,ude_sir_h2,0.9512412512594908
20,0.005,1,4,gic_evid,equal_prior_posterior_approximation,neural_ode_h2,1.0883950953191716e-09
20,0.005,1,4,gic_evid,equal_prior_posterior_approximation,sir,2.2227744459764837e-180
20,0.005,1,4,gic_evid,equal_prior_posterior_approximation,tv_sir,0.07886515103248455
20,0.005,1,4,gic_evid,equal_prior_posterior_approximation,ude_sir_h2,0.9211348478791204
20,0.005,1,5,gic_pred,predictive_support,neural_ode_h2,0.6760018200470523
20,0.005,1,5,gic_pred,predictive_support,sir,2.2241054685569182e-154
20,0.005,1,5,gic_pred,predictive_support,tv_sir,0.0017751454163632409
20,0.005,1,5,gic_pred,predictive_support,ude_sir_h2,0.3222230345365846
20,0.005,1,5,gic_evid,equal_prior_posterior_approximation,neural_ode_h2,3.3177981310364966e-07
20,0.005,1,5,gic_evid,equal_prior_posterior_approximation,sir,2.6678632801524206e-151
20,0.005,1,5,gic_evid,equal_prior_posterior_approximation,tv_sir,0.031581211300839816
20,0.005,1,5,gic_evid,equal_prior_posterior_approximation,ude_sir_h2,0.9684184569193471
20,0.005,1,6,gic_pred,predictive_support,neural_ode_h2,0.7680647871193813
20,0.005,1,6,gic_pred,predictive_support,sir,4.381337274621662e-185
20,0.005,1,6,gic_pred,predictive_support,tv_sir,0.009801761558497234
20,0.005,1,6,gic_pred,predictive_support,ude_sir_h2,0.22213345132212153
20,0.005,1,6,gic_evid,equal_prior_posterior_approximation,neural_ode_h2,1.7992467156709485e-07
20,0.005,1,6,gic_evid,equal_prior_posterior_approximation,sir,3.981705258155017e-182
20,0.005,1,6,gic_evid,equal_prior_posterior_approximation,tv_sir,0.13525167700639038
20,0.005,1,6,gic_evid,equal_prior_posterior_approximation,ude_sir_h2,0.864748143068938
20,0.005,1,7,gic_pred,predictive_support,neural_ode_h2,0.18167397199711707
20,0.005,1,7,gic_pred,predictive_support,sir,2.122813401351842e-175
20,0.005,1,7,gic_pred,predictive_support,tv_sir,3.6789274895633156e-05
20,0.005,1,7,gic_pred,predictive_support,ude_sir_h2,0.8182892387279873
20,0.005,1,7,gic_evid,equal_prior_posterior_approximation,neural_ode_h2,1.8675408151510658e-07
20,0.005,1,7,gic_evid,equal_prior_posterior_approximation,sir,5.0285864234057036e-172
20,0.005,1,7,gic_evid,equal_prior_posterior_approximation,tv_sir,0.0012886859677013465
20,0.005,1,7,gic_evid,equal_prior_posterior_approximation,ude_sir_h2,0.9987111272782171
20,0.005,1,8,gic_pred,predictive_support,neural_ode_h2,0.32617453202790025
20,0.005,1,8,gic_pred,predictive_support,sir,2.101663866438163e-177
20,0.005,1,8,gic_pred,predictive_support,tv_sir,0.012082963087154642
20,0.005,1,8,gic_pred,predictive_support,ude_sir_h2,0.661742504884945
20,0.005,1,8,gic_evid,equal_prior_posterior_approximation,neural_ode_h2,1.3431838992031338e-08
20,0.005,1,8,gic_evid,equal_prior_posterior_approximation,sir,8.307223151708631e-175
20,0.005,1,8,gic_evid,equal_prior_posterior_approximation,tv_sir,0.08232881986825616
20,0.005,1,8,gic_evid,equal_prior_posterior_approximation,ude_sir_h2,0.9176711666999048
20,0.005,1,9,gic_pred,predictive_support,neural_ode_h2,0.334023418147035
20,0.005,1,9,gic_pred,predictive_support,sir,6.391320788783653e-177
20,0.005,1,9,gic_pred,predictive_support,tv_sir,0.08688924761553206
20,0.005,1,9,gic_pred,predictive_support,ude_sir_h2,0.5790873342374329
20,0.005,1,9,gic_evid,equal_prior_posterior_approximation,neural_ode_h2,5.685080511703998e-08
20,0.005,1,9,gic_evid,equal_prior_posterior_approximation,sir,2.614687598364059e-174
20,0.005,1,9,gic_evid,equal_prior_posterior_approximation,tv_sir,0.3650861538694844
20,0.005,1,9,gic_evid,equal_prior_posterior_approximation,ude_sir_h2,0.6349137892797105
20,0.005,1,10,gic_pred,predictive_support,neural_ode_h2,0.693543152056597
20,0.005,1,10,gic_pred,predictive_support,sir,5.968171672948608e-149
20,0.005,1,10,gic_pred,predictive_support,tv_sir,0.003463901578250161
20,0.005,1,10,gic_pred,predictive_support,ude_sir_h2,0.3029929463651529
20,0.005,1,10,gic_evid,equal_prior_posterior_approximation,neural_ode_h2,2.6965892915930517e-07
20,0.005,1,10,gic_evid,equal_prior_posterior_approximation,sir,5.202703656404538e-146
20,0.005,1,10,gic_evid,equal_prior_posterior_approximation,tv_sir,0.053040075074136904
20,0.005,1,10,gic_evid,equal_prior_posterior_approximation,ude_sir_h2,0.9469596552669339
20,0.005,1,11,gic_pred,predictive_support,neural_ode_h2,0.5398357289830181
20,0.005,1,11,gic_pred,predictive_support,sir,2.251656347430726e-155
20,0.005,1,11,gic_pred,predictive_support,tv_sir,2.7895551551337207e-06
20,0.005,1,11,gic_pred,predictive_support,ude_sir_h2,0.4601614814618268
20,0.005,1,11,gic_evid,equal_prior_posterior_approximation,neural_ode_h2,1.4975778617364023e-06
20,0.005,1,11,gic_evid,equal_prior_posterior_approximation,sir,1.7304313866348235e-151
20,0.005,1,11,gic_evid,equal_prior_posterior_approximation,tv_sir,0.00040023215717246145
20,0.005,1,11,gic_evid,equal_prior_posterior_approximation,ude_sir_h2,0.9995982702649658
20,0.005,1,12,gic_pred,predictive_support,neural_ode_h2,0.09795184330803658
20,0.005,1,12,gic_pred,predictive_support,sir,2.0324608177360506e-172
20,0.005,1,12,gic_pred,predictive_support,tv_sir,0.009775266074660413
20,0.005,1,12,gic_pred,predictive_support,ude_sir_h2,0.892272890617303
20,0.005,1,12,gic_evid,equal_prior_posterior_approximation,neural_ode_h2,3.7104723034010997e-09
20,0.005,1,12,gic_evid,equal_prior_posterior_approximation,sir,6.535173346265674e-170
20,0.005,1,12,gic_evid,equal_prior_posterior_approximation,tv_sir,0.05112971014894616
20,0.005,1,12,gic_evid,equal_prior_posterior_approximation,ude_sir_h2,0.9488702861405816
20,0.005,1,13,gic_pred,predictive_support,neural_ode_h2,0.6440922919971545
20,0.005,1,13,gic_pred,predictive_support,sir,7.695578188523542e-179
20,0.005,1,13,gic_pred,predictive_support,tv_sir,0.004740975649579844
20,0.005,1,13,gic_pred,predictive_support,ude_sir_h2,0.3511667323532657
20,0.005,1,13,gic_evid,equal_prior_posterior_approximation,neural_ode_h2,1.6617513287949863e-08
20,0.005,1,13,gic_evid,equal_prior_posterior_approximation,sir,7.36552027126078e-176
20,0.005,1,13,gic_evid,equal_prior_posterior_approximation,tv_sir,0.0797466754915222
20,0.005,1,13,gic_evid,equal_prior_posterior_approximation,ude_sir_h2,0.9202533078909646
20,0.005,1,14,gic_pred,predictive_support,neural_ode_h2,0.7562955620415825
20,0.005,1,14,gic_pred,predictive_support,sir,6.34794179116375e-147
20,0.005,1,14,gic_pred,predictive_support,tv_sir,0.0003180758869909264
20,0.005,1,14,gic_pred,predictive_support,ude_sir_h2,0.24338636207142658
20,0.005,1,14,gic_evid,equal_prior_posterior_approximation,neural_ode_h2,5.380543343220654e-07
20,0.005,1,14,gic_evid,equal_prior_posterior_approximation,sir,1.4549624146868656e-143
20,0.005,1,14,gic_evid,equal_prior_posterior_approximation,tv_sir,0.012006191291184822
20,0.005,1,14,gic_evid,equal_prior_posterior_approximation,ude_sir_h2,0.987993270654481
20,0.005,1,15,gic_pred,predictive_support,neural_ode_h2,0.4396728451464461
20,0.005,1,15,gic_pred,predictive_support,sir,1.9854699815239629e-171
20,0.005,1,15,gic_pred,predictive_support,tv_sir,9.408885909871662e-05
20,0.005,1,15,gic_pred,predictive_support,ude_sir_h2,0.5602330659944551
20,0.005,1,15,gic_evid,equal_prior_posterior_approximation,neural_ode_h2,4.640136540790182e-07
20,0.005,1,15,gic_evid,equal_prior_posterior_approximation,sir,4.561509000835431e-168
20,0.005,1,15,gic_evid,equal_prior_posterior_approximation,tv_sir,0.003039902558593478
20,0.005,1,15,gic_evid,equal_prior_posterior_approximation,ude_sir_h2,0.9969596334277525
20,0.005,1,16,gic_pred,predictive_support,neural_ode_h2,0.013898036767732791
20,0.005,1,16,gic_pred,predictive_support,sir,8.073359214880223e-161
20,0.005,1,16,gic_pred,predictive_support,tv_sir,0.010682461285856005
20,0.005,1,16,gic_pred,predictive_support,ude_sir_h2,0.9754195019464111
20,0.005,1,16,gic_evid,equal_prior_posterior_approximation,neural_ode_h2,1.7408205513528603e-09
20,0.005,1,16,gic_evid,equal_prior_posterior_approximation,sir,4.0319776984282465e-158
20,0.005,1,16,gic_evid,equal_prior_posterior_approximation,tv_sir,0.071205426440196
20,0.005,1,16,gic_evid,equal_prior_posterior_approximation,ude_sir_h2,0.9287945718189834
20,0.005,1,17,gic_pred,predictive_support,neural_ode_h2,0.974946306760203
20,0.005,1,17,gic_pred,predictive_support,sir,7.587401745280968e-151
20,0.005,1,17,gic_pred,predictive_support,tv_sir,0.0001359901466657258
20,0.005,1,17,gic_pred,predictive_support,ude_sir_h2,0.024917703093131415
20,0.005,1,17,gic_evid,equal_prior_posterior_approximation,neural_ode_h2,7.5909529737676425e-06
20,0.005,1,17,gic_evid,equal_prior_posterior_approximation,sir,8.534211652026901e-147
20,0.005,1,17,gic_evid,equal_prior_posterior_approximation,tv_sir,0.027747626291995904
20,0.005,1,17,gic_evid,equal_prior_posterior_approximation,ude_sir_h2,0.9722447827550302
20,0.005,1,18,gic_pred,predictive_support,neural_ode_h2,0.12056637152251065
20,0.005,1,18,gic_pred,predictive_support,sir,1.7384651024782917e-173
20,0.005,1,18,gic_pred,predictive_support,tv_sir,0.001109024393095475
20,0.005,1,18,gic_pred,predictive_support,ude_sir_h2,0.8783246040843937
20,0.005,1,18,gic_evid,equal_prior_posterior_approximation,neural_ode_h2,2.91087973445668e-08
20,0.005,1,18,gic_evid,equal_prior_posterior_approximation,sir,1.5586031187591698e-170
20,0.005,1,18,gic_evid,equal_prior_posterior_approximation,tv_sir,0.0152932215792385
20,0.005,1,18,gic_evid,equal_prior_posterior_approximation,ude_sir_h2,0.9847067493119641
20,0.005,1,19,gic_pred,predictive_support,neural_ode_h2,0.27703241560589165
20,0.005,1,19,gic_pred,predictive_support,sir,2.2253501582298993e-172
20,0.005,1,19,gic_pred,predictive_support,tv_sir,0.0021240263392664576
20,0.005,1,19,gic_pred,predictive_support,ude_sir_h2,0.7208435580548419
20,0.005,1,19,gic_evid,equal_prior_posterior_approximation,neural_ode_h2,6.928479401679234e-08
20,0.005,1,19,gic_evid,equal_prior_posterior_approximation,sir,1.3351129543294903e-169
20,0.005,1,19,gic_evid,equal_prior_posterior_approximation,tv_sir,0.01939999916413221
20,0.005,1,19,gic_evid,equal_prior_posterior_approximation,ude_sir_h2,0.9805999315510738
20,0.005,2,0,gic_pred,predictive_support,neural_ode_h2,4.562398228263282e-06
20,0.005,2,0,gic_pred,predictive_support,sir,9.859631559988972e-305
20,0.005,2,0,gic_pred,predictive_support,tv_sir,5.136532302223367e-16
20,0.005,2,0,gic_pred,predictive_support,ude_sir_h2,0.9999954376017712
20,0.005,2,0,gic_evid,equal_prior_posterior_approximation,neural_ode_h2,9.495861674976515e-35
20,0.005,2,0,gic_evid,equal_prior_posterior_approximation,sir,9.859676543693922e-305
20,0.005,2,0,gic_evid,equal_prior_posterior_approximation,tv_sir,6.678701425405892e-12
20,0.005,2,0,gic_evid,equal_prior_posterior_approximation,ude_sir_h2,0.9999999999933213
20,0.005,2,1,gic_pred,predictive_support,neural_ode_h2,5.526341032321047e-10
20,0.005,2,1,gic_pred,predictive_support,sir,9.859676538310978e-305
20,0.005,2,1,gic_pred,predictive_support,tv_sir,5.765503799372856e-17
20,0.005,2,1,gic_pred,predictive_support,ude_sir_h2,0.9999999994473658
20,0.005,2,1,gic_evid,equal_prior_posterior_approximation,neural_ode_h2,2.0678774744464893e-31
20,0.005,2,1,gic_evid,equal_prior_posterior_approximation,sir,9.859676543746708e-305
20,0.005,2,1,gic_evid,equal_prior_posterior_approximation,tv_sir,1.3249603985837213e-12
20,0.005,2,1,gic_evid,equal_prior_posterior_approximation,ude_sir_h2,0.9999999999986751
20,0.005,2,2,gic_pred,predictive_support,neural_ode_h2,2.108710524929021e-15
20,0.005,2,2,gic_pred,predictive_support,sir,9.859676298719799e-305
20,0.005,2,2,gic_pred,predictive_support,tv_sir,2.485273731749445e-08
20,0.005,2,2,gic_pred,predictive_support,ude_sir_h2,0.9999999751472606
20,0.005,2,2,gic_evid,equal_prior_posterior_approximation,neural_ode_h2,5.635240168074966e-44
20,0.005,2,2,gic_evid,equal_prior_posterior_approximation,sir,9.854659860608704e-305
20,0.005,2,2,gic_evid,equal_prior_posterior_approximation,tv_sir,0.0005088080860260673
20,0.005,2,2,gic_evid,equal_prior_posterior_approximation,ude_sir_h2,0.999491191913974
20,0.005,2,3,gic_pred,predictive_support,neural_ode_h2,8.458461902793038e-15
20,0.005,2,3,gic_pred,predictive_support,sir,9.859676543759107e-305
20,0.005,2,3,gic_pred,predictive_support,tv_sir,5.879888990373954e-14
20,0.005,2,3,gic_pred,predictive_support,ude_sir_h2,0.9999999999999327
20,0.005,2,3,gic_evid,equal_prior_posterior_approximation,neural_ode_h2,2.3810115093132937e-38
20,0.005,2,3,gic_evid,equal_prior_posterior_approximation,sir,9.859676524286231e-305
20,0.005,2,3,gic_evid,equal_prior_posterior_approximation,tv_sir,1.9750687841796396e-09
20,0.005,2,3,gic_evid,equal_prior_posterior_approximation,ude_sir_h2,0.9999999980249312
20,0.005,2,4,gic_pred,predictive_support,neural_ode_h2,1.3404978381596903e-10
20,0.005,2,4,gic_pred,predictive_support,sir,9.859676542438079e-305
20,0.005,2,4,gic_pred,predictive_support,tv_sir,5.104259554041533e-16
20,0.005,2,4,gic_pred,predictive_support,ude_sir_h2,0.9999999998659497
20,0.005,2,4,gic_evid,equal_prior_posterior_approximation,neural_ode_h2,6.474679159595663e-36
20,0.005,2,4,gic_evid,equal_prior_posterior_approximation,sir,9.85967654370099e-305
20,0.005,2,4,gic_evid,equal_prior_posterior_approximation,tv_sir,5.961582926080335e-12
20,0.005,2,4,gic_evid,equal_prior_posterior_approximation,ude_sir_h2,0.9999999999940383
20,0.005,2,5,gic_pred,predictive_support,neural_ode_h2,1.1318225106496129e-10
20,0.005,2,5,gic_pred,predictive_support,sir,9.859676452061703e-305
20,0.005,2,5,gic_pred,predictive_support,tv_sir,9.187129827207474e-09
20,0.005,2,5,gic_pred,predictive_support,ude_sir_h2,0.999999990699688
20,0.005,2,5,gic_evid,equal_prior_posterior_approximation,neural_ode_h2,5.393983185353825e-35
20,0.005,2,5,gic_evid,equal_prior_posterior_approximation,sir,9.85871483051145e-305
20,0.005,2,5,gic_evid,equal_prior_posterior_approximation,tv_sir,9.754004039097217e-05
20,0.005,2,5,gic_evid,equal_prior_posterior_approximation,ude_sir_h2,0.999902459959609
20,0.005,2,6,gic_pred,predictive_support,neural_ode_h2,1.987207021900294e-07
20,0.005,2,6,gic_pred,predictive_support,sir,9.859674554583356e-305
20,0.005,2,6,gic_pred,predictive_support,tv_sir,3.027946169843561e-09
20,0.005,2,6,gic_pred,predictive_support,ude_sir_h2,0.9999997982513517
20,0.005,2,6,gic_evid,equal_prior_posterior_approximation,neural_ode_h2,1.584608659969364e-30
20,0.005,2,6,gic_evid,equal_prior_posterior_approximation,sir,9.859391855446976e-305
20,0.005,2,6,gic_evid,equal_prior_posterior_approximation,tv_sir,2.887400124468015e-05
20,0.005,2,6,gic_evid,equal_prior_posterior_approximation,ude_sir_h2,0.9999711259987554
20,0.005,2,7,gic_pred,predictive_support,neural_ode_h2,2.8489158461106075e-14
20,0.005,2,7,gic_pred,predictive_support,sir,9.859676543754912e-305
20,0.005,2,7,gic_pred,predictive_support,tv_sir,4.642807153949575e-13
20,0.005,2,7,gic_pred,predictive_support,ude_sir_h2,0.9999999999995073
20,0.005,2,7,gic_evid,equal_prior_posterior_approximation,neural_ode_h2,1.1599269759420376e-43
20,0.005,2,7,gic_evid,equal_prior_posterior_approximation,sir,9.859676494408242e-305
20,0.005,2,7,gic_evid,equal_prior_posterior_approximation,tv_sir,5.005390331893807e-09
20,0.005,2,7,gic_evid,equal_prior_posterior_approximation,ude_sir_h2,0.9999999949946097
20,0.005,2,8,gic_pred,predictive_support,neural_ode_h2,3.648173288883848e-17
20,0.005,2,8,gic_pred,predictive_support,sir,9.859676543759767e-305
20,0.005,2,8,gic_pred,predictive_support,tv_sir,4.402575485273114e-16
20,0.005,2,8,gic_pred,predictive_support,ude_sir_h2,0.9999999999999996
20,0.005,2,8,gic_evid,equal_prior_posterior_approximation,neural_ode_h2,6.306151859381055e-40
20,0.005,2,8,gic_evid,equal_prior_posterior_approximation,sir,9.85967654365999e-305
20,0.005,2,8,gic_evid,equal_prior_posterior_approximation,tv_sir,1.0120098484349127e-11
20,0.005,2,8,gic_evid,equal_prior_posterior_approximation,ude_sir_h2,0.9999999999898799
20,0.005,2,9,gic_pred,predictive_support,neural_ode_h2,1.4378105977266938e-11
20,0.005,2,9,gic_pred,predictive_support,sir,9.859676542096295e-305
20,0.005,2,9,gic_pred,predictive_support,tv_sir,1.543369800254815e-10
20,0.005,2,9,gic_pred,predictive_support,ude_sir_h2,0.999999999831285
20,0.005,2,9,gic_evid,equal_prior_posterior_approximation,neural_ode_h2,9.402321445090139e-39
20,0.005,2,9,gic_evid,equal_prior_posterior_approximation,sir,9.85965148767892e-305
20,0.005,2,9,gic_evid,equal_prior_posterior_approximation,tv_sir,2.541268036620028e-06
20,0.005,2,9,gic_evid,equal_prior_posterior_approximation,ude_sir_h2,0.9999974587319634
20,0.005,2,10,gic_pred,predictive_support,neural_ode_h2,1.5980492859782254e-14
20,0.005,2,10,gic_pred,predictive_support,sir,9.859676543759613e-305
20,0.005,2,10,gic_pred,predictive_support,tv_sir,1.4206546973089297e-18
20,0.005,2,10,gic_pred,predictive_support,ude_sir_h2,0.999999999999984
20,0.005,2,10,gic_evid,equal_prior_posterior_approximation,neural_ode_h2,5.164061860231835e-37
20,0.005,2,10,gic_evid,equal_prior_posterior_approximation,sir,9.859676543759366e-305
20,0.005,2,10,gic_evid,equal_prior_posterior_approximation,tv_sir,4.1027425310858313e-14
20,0.005,2,10,gic_evid,equal_prior_posterior_approximation,ude_sir_h2,0.9999999999999589
20,0.005,2,11,gic_pred,predictive_support,neural_ode_h2,2.008660169479055e-12
20,0.005,2,11,gic_pred,predictive_support,sir,9.859676430720538e-305
20,0.005,2,11,gic_pred,predictive_support,tv_sir,1.146279283708708e-08
20,0.005,2,11,gic_pred,predictive_support,ude_sir_h2,0.9999999885351986
20,0.005,2,11,gic_evid,equal_prior_posterior_approximation,neural_ode_h2,1.0510231367900159e-39
20,0.005,2,11,gic_evid,equal_prior_posterior_approximation,sir,9.856971127750281e-305
20,0.005,2,11,gic_evid,equal_prior_posterior_approximation,tv_sir,0.00027439196382180445
20,0.005,2,11,gic_evid,equal_prior_posterior_approximation,ude_sir_h2,0.9997256080361783
20,0.005,2,12,gic_pred,predictive_support,neural_ode_h2,1.4252027990424431e-08
20,0.005,2,12,gic_pred,predictive_support,sir,9.859676403232798e-305
20,0.005,2,12,gic_pred,predictive_support,tv_sir,6.680310927460207e-13
20,0.005,2,12,gic_pred,predictive_support,ude_sir_h2,0.9999999857473041
20,0.005,2,12,gic_evid,equal_prior_posterior_approximation,neural_ode_h2,2.007582825970791e-32
20,0.005,2,12,gic_evid,equal_prior_posterior_approximation,sir,9.85967647346376e-305
20,0.005,2,12,gic_evid,equal_prior_posterior_approximation,tv_sir,7.129646611966126e-09
20,0.005,2,12,gic_evid,equal_prior_posterior_approximation,ude_sir_h2,0.9999999928703533
20,0.005,2,13,gic_pred,predictive_support,neural_ode_h2,5.511838179574459e-07
20,0.005,2,13,gic_pred,predictive_support,sir,9.859671086012542e-305
20,0.005,2,13,gic_pred,predictive_support,tv_sir,2.358400553287785e-09
20,0.005,2,13,gic_pred,predictive_support,ude_sir_h2,0.9999994464577815
20,0.005,2,13,gic_evid,equal_prior_posterior_approximation,neural_ode_h2,7.935131252096137e-38
20,0.005,2,13,gic_evid,equal_prior_posterior_approximation,sir,9.859289530852723e-305
20,0.005,2,13,gic_evid,equal_prior_posterior_approximation,tv_sir,3.925208959237272e-05
20,0.005,2,13,gic_evid,equal_prior_posterior_approximation,ude_sir_h2,0.9999607479104076
20,0.005,2,14,gic_pred,predictive_support,neural_ode_h2,6.575169043454445e-07
20,0.005,2,14,gic_pred,predictive_support,sir,9.85967006084865e-305
20,0.005,2,14,gic_pred,predictive_support,tv_sir,7.221491319800015e-13
20,0.005,2,14,gic_pred,predictive_support,ude_sir_h2,0.9999993424823734
20,0.005,2,14,gic_evid,equal_prior_posterior_approximation,neural_ode_h2,1.484758790004822e-31
20,0.005,2,14,gic_evid,equal_prior_posterior_approximation,sir,9.859676427659496e-305
20,0.005,2,14,gic_evid,equal_prior_posterior_approximation,tv_sir,1.1775262018598199e-08
20,0.005,2,14,gic_evid,equal_prior_posterior_approximation,ude_sir_h2,0.999999988224738
20,0.005,2,15,gic_pred,predictive_support,neural_ode_h2,1.0311459418953924e-09
20,0.005,2,15,gic_pred,predictive_support,sir,9.859676533593003e-305
20,0.005,2,15,gic_pred,predictive_support,tv_sir,3.0103546755145216e-16
20,0.005,2,15,gic_pred,predictive_support,ude_sir_h2,0.9999999989688537
20,0.005,2,15,gic_evid,equal_prior_posterior_approximation,neural_ode_h2,1.1501646525409138e-36
20,0.005,2,15,gic_evid,equal_prior_posterior_approximation,sir,9.859676543706938e-305
20,0.005,2,15,gic_evid,equal_prior_posterior_approximation,tv_sir,5.35848211844564e-12
20,0.005,2,15,gic_evid,equal_prior_posterior_approximation,ude_sir_h2,0.9999999999946416
20,0.005,2,16,gic_pred,predictive_support,neural_ode_h2,1.261280397332767e-12
20,0.005,2,16,gic_pred,predictive_support,sir,9.85967654365971e-305
20,0.005,2,16,gic_pred,predictive_support,tv_sir,8.887252495366608e-12
20,0.005,2,16,gic_pred,predictive_support,ude_sir_h2,0.9999999999898515
20,0.005,2,16,gic_evid,equal_prior_posterior_approximation,neural_ode_h2,1.0922525785605165e-39
20,0.005,2,16,gic_evid,equal_prior_posterior_approximation,sir,9.85967504057556e-305
20,0.005,2,16,gic_evid,equal_prior_posterior_approximation,tv_sir,1.5245776122101682e-07
20,0.005,2,16,gic_evid,equal_prior_posterior_approximation,ude_sir_h2,0.9999998475422388
20,0.005,2,17,gic_pred,predictive_support,neural_ode_h2,3.3842451663832555e-11
20,0.005,2,17,gic_pred,predictive_support,sir,9.859676543426078e-305
20,0.005,2,17,gic_pred,predictive_support,tv_sir,1.9007741621355162e-15
20,0.005,2,17,gic_pred,predictive_support,ude_sir_h2,0.9999999999661557
20,0.005,2,17,gic_evid,equal_prior_posterior_approximation,neural_ode_h2,4.923208734359483e-33
20,0.005,2,17,gic_evid,equal_prior_posterior_approximation,sir,9.859676543479378e-305
20,0.005,2,17,gic_evid,equal_prior_posterior_approximation,tv_sir,2.8438471480657658e-11
20,0.005,2,17,gic_evid,equal_prior_posterior_approximation,ude_sir_h2,0.9999999999715616
20,0.005,2,18,gic_pred,predictive_support,neural_ode_h2,2.243783910123615e-09
20,0.005,2,18,gic_pred,predictive_support,sir,9.85967652153403e-305
20,0.005,2,18,gic_pred,predictive_support,tv_sir,1.0421916800402226e-11
20,0.005,2,18,gic_pred,predictive_support,ude_sir_h2,0.9999999977457941
20,0.005,2,18,gic_evid,equal_prior_posterior_approximation,neural_ode_h2,4.585852126573246e-33
20,0.005,2,18,gic_evid,equal_prior_posterior_approximation,sir,9.85967452129296e-305
20,0.005,2,18,gic_evid,equal_prior_posterior_approximation,tv_sir,2.051250668090867e-07
20,0.005,2,18,gic_evid,equal_prior_posterior_approximation,ude_sir_h2,0.9999997948749332
20,0.005,2,19,gic_pred,predictive_support,neural_ode_h2,3.457928961227545e-26
20,0.005,2,19,gic_pred,predictive_support,sir,9.859676535684971e-305
20,0.005,2,19,gic_pred,predictive_support,tv_sir,8.18971927878912e-10
20,0.005,2,19,gic_pred,predictive_support,ude_sir_h2,0.999999999181028
20,0.005,2,19,gic_evid,equal_prior_posterior_approximation,neural_ode_h2,1.706318737758329e-49
20,0.005,2,19,gic_evid,equal_prior_posterior_approximation,sir,9.85956650768209e-305
20,0.005,2,19,gic_evid,equal_prior_posterior_approximation,tv_sir,1.1160211716164909e-05
20,0.005,2,19,gic_evid,equal_prior_posterior_approximation,ude_sir_h2,0.9999888397882839
20,0.005,4,0,gic_pred,predictive_support,neural_ode_h2,2.140353307901337e-28
20,0.005,4,0,gic_pred,predictive_support,sir,9.85967654375977e-305
20,0.005,4,0,gic_pred,predictive_support,tv_sir,1.724693424234746e-66
20,0.005,4,0,gic_pred,predictive_support,ude_sir_h2,1.0
20,0.005,4,0,gic_evid,equal_prior_posterior_approximation,neural_ode_h2,5.902930528537838e-70
20,0.005,4,0,gic_evid,equal_prior_posterior_approximation,sir,9.85967654375977e-305
20,0.005,4,0,gic_evid,equal_prior_posterior_approximation,tv_sir,9.91674594198524e-61
20,0.005,4,0,gic_evid,equal_prior_posterior_approximation,ude_sir_h2,1.0
20,0.005,4,1,gic_pred,predictive_support,neural_ode_h2,4.724601541548922e-16
20,0.005,4,1,gic_pred,predictive_support,sir,9.859676543759767e-305
20,0.005,4,1,gic_pred,predictive_support,tv_sir,3.805757582657909e-86
20,0.005,4,1,gic_pred,predictive_support,ude_sir_h2,0.9999999999999996
20,0.005,4,1,gic_evid,equal_prior_posterior_approximation,neural_ode_h2,1.1259250178563348e-43
20,0.005,4,1,gic_evid,equal_prior_posterior_approximation,sir,9.85967654375977e-305
20,0.005,4,1,gic_evid,equal_prior_posterior_approximation,tv_sir,2.8245538779351495e-80
20,0.005,4,1,gic_evid,equal_prior_posterior_approximation,ude_sir_h2,1.0
20,0.005,4,2,gic_pred,predictive_support,neural_ode_h2,6.801855270030685e-13
20,0.005,4,2,gic_pred,predictive_support,sir,9.859676543753064e-305
20,0.005,4,2,gic_pred,predictive_support,tv_sir,8.296324899704579e-75
20,0.005,4,2,gic_pred,predictive_support,ude_sir_h2,0.9999999999993199
20,0.005,4,2,gic_evid,equal_prior_posterior_approximation,neural_ode_h2,2.0083932549026305e-42
20,0.005,4,2,gic_evid,equal_prior_posterior_approximation,sir,9.85967654375977e-305
20,0.005,4,2,gic_evid,equal_prior_posterior_approximation,tv_sir,5.372027680540118e-69
20,0.005,4,2,gic_evid,equal_prior_posterior_approximation,ude_sir_h2,1.0
20,0.005,4,3,gic_pred,predictive_support,neural_ode_h2,1.8092237751081416e-22
20,0.005,4,3,gic_pred,predictive_support,sir,9.85967654375977e-305
20,0.005,4,3,gic_pred,predictive_support,tv_sir,2.0349232434218402e-63
20,0.005,4,3,gic_pred,predictive_support,ude_sir_h2,1.0
20,0.005,4,3,gic_evid,equal_prior_posterior_approximation,neural_ode_h2,4.761586050489683e-59
20,0.005,4,3,gic_evid,equal_prior_posterior_approximation,sir,9.85967654375977e-305
20,0.005,4,3,gic_evid,equal_prior_posterior_approximation,tv_sir,4.163624051877605e-58
20,0.005,4,3,gic_evid,equal_prior_posterior_approximation,ude_sir_h2,1.0
20,0.005,4,4,gic_pred,predictive_support,neural_ode_h2,3.5364129859114554e-25
20,0.005,4,4,gic_pred,predictive_support,sir,9.85967654375977e-305
20,0.005,4,4,gic_pred,predictive_support,tv_sir,3.6274849802801605e-81
20,0.005,4,4,gic_pred,predictive_support,ude_sir_h2,1.0
20,0.005,4,4,gic_evid,equal_prior_posterior_approximation,neural_ode_h2,4.4455887201158534e-63
20,0.005,4,4,gic_evid,equal_prior_posterior_approximation,sir,9.85967654375977e-305
20,0.005,4,4,gic_evid,equal_prior_posterior_approximation,tv_sir,2.1324110955364164e-75
20,0.005,4,4,gic_evid,equal_prior_posterior_approximation,ude_sir_h2,1.0
20,0.005,4,5,gic_pred,predictive_support,neural_ode_h2,1.950429713203416e-21
20,0.005,4,5,gic_pred,predictive_support,sir,9.85967654375977e-305
20,0.005,4,5,gic_pred,predictive_support,tv_sir,3.271891598146701e-82
20,0.005,4,5,gic_pred,predictive_support,ude_sir_h2,1.0
20,0.005,4,5,gic_evid,equal_prior_posterior_approximation,neural_ode_h2,7.789002155163824e-57
20,0.005,4,5,gic_evid,equal_prior_posterior_approximation,sir,9.85967654375977e-305
20,0.005,4,5,gic_evid,equal_prior_posterior_approximation,tv_sir,4.1687245322063397e-75
20,0.005,4,5,gic_evid,equal_prior_posterior_approximation,ude_sir_h2,1.0
20,0.005,4,6,gic_pred,predictive_support,neural_ode_h2,4.796716827067348e-25
20,0.005,4,6,gic_pred,predictive_support,sir,9.85967654375977e-305
20,0.005,4,6,gic_pred,predictive_support,tv_sir,2.7408567514038494e-73
20,0.005,4,6,gic_pred,predictive_support,ude_sir_h2,1.0
20,0.005,4,6,gic_evid,equal_prior_posterior_approximation,neural_ode_h2,5.546186615849705e-58
20,0.005,4,6,gic_evid,equal_prior_posterior_approximation,sir,9.85967654375977e-305
20,0.005,4,6,gic_evid,equal_prior_posterior_approximation,tv_sir,8.579177313364622e-68
20,0.005,4,6,gic_evid,equal_prior_posterior_approximation,ude_sir_h2,1.0
20,0.005,4,7,gic_pred,predictive_support,neural_ode_h2,3.7963665952480453e-19
20,0.005,4,7,gic_pred,predictive_support,sir,9.85967654375977e-305
20,0.005,4,7,gic_pred,predictive_support,tv_sir,4.2769874733350335e-79
20,0.005,4,7,gic_pred,predictive_support,ude_sir_h2,1.0
20,0.005,4,7,gic_evid,equal_prior_posterior_approximation,neural_ode_h2,2.6719811172038226e-52
20,0.005,4,7,gic_evid,equal_prior_posterior_approximation,sir,9.85967654375977e-305
20,0.005,4,7,gic_evid,equal_prior_posterior_approximation,tv_sir,1.6307366420384393e-73
20,0.005,4,7,gic_evid,equal_prior_posterior_approximation,ude_sir_h2,1.0
20,0.005,4,8,gic_pred,predictive_support,neural_ode_h2,4.790277147283099e-26
20,0.005,4,8,gic_pred,predictive_support,sir,9.85967654375977e-305
20,0.005,4,8,gic_pred,predictive_support,tv_sir,1.2139741184311489e-81
20,0.005,4,8,gic_pred,predictive_support,ude_sir_h2,1.0
20,0.005,4,8,gic_evid,equal_prior_posterior_approximation,neural_ode_h2,3.279825761386451e-62
20,0.005,4,8,gic_evid,equal_prior_posterior_approximation,sir,9.85967654375977e-305
20,0.005,4,8,gic_evid,equal_prior_posterior_approximation,tv_sir,4.133774422723191e-76
20,0.005,4,8,gic_evid,equal_prior_posterior_approximation,ude_sir_h2,1.0
20,0.005,4,9,gic_pred,predictive_support,neural_ode_h2,1.7119850509799412e-31
20,0.005,4,9,gic_pred,predictive_support,sir,9.85967654375977e-305
20,0.005,4,9,gic_pred,predictive_support,tv_sir,1.1188809395814906e-81
20,0.005,4,9,gic_pred,predictive_support,ude_sir_h2,1.0
20,0.005,4,9,gic_evid,equal_prior_posterior_approximation,neural_ode_h2,1.4545218614576115e-68
20,0.005,4,9,gic_evid,equal_prior_posterior_approximation,sir,9.85967654375977e-305
20,0.005,4,9,gic_evid,equal_prior_posterior_approximation,tv_sir,1.6962233897676913e-75
20,0.005,4,9,gic_evid,equal_prior_posterior_approximation,ude_sir_h2,1.0
20,0.005,4,10,gic_pred,predictive_support,neural_ode_h2,2.4775033245956295e-28
20,0.005,4,10,gic_pred,predictive_support,sir,9.85967654375977e-305
20,0.005,4,10,gic_pred,predictive_support,tv_sir,6.11316945375816e-84
20,0.005,4,10,gic_pred,predictive_support,ude_sir_h2,1.0
20,0.005,4,10,gic_evid,equal_prior_posterior_approximation,neural_ode_h2,1.76805936557085e-65
20,0.005,4,10,gic_evid,equal_prior_posterior_approximation,sir,9.85967654375977e-305
20,0.005,4,10,gic_evid,equal_prior_posterior_approximation,tv_sir,1.2079169807305365e-78
20,0.005,4,10,gic_evid,equal_prior_posterior_approximation,ude_sir_h2,1.0
20,0.005,4,11,gic_pred,predictive_support,neural_ode_h2,5.471669142984391e-22
20,0.005,4,11,gic_pred,predictive_support,sir,9.85967654375977e-305
20,0.005,4,11,gic_pred,predictive_support,tv_sir,1.8866001658064006e-73
20,0.005,4,11,gic_pred,predictive_support,ude_sir_h2,1.0
20,0.005,4,11,gic_evid,equal_prior_posterior_approximation,neural_ode_h2,8.870256438849178e-55
20,0.005,4,11,gic_evid,equal_prior_posterior_approximation,sir,9.85967654375977e-305
20,0.005,4,11,gic_evid,equal_prior_posterior_approximation,tv_sir,7.003007950360135e-68
20,0.005,4,11,gic_evid,equal_prior_posterior_approximation,ude_sir_h2,1.0
20,0.005,4,12,gic_pred,predictive_support,neural_ode_h2,2.356414945386595e-34
20,0.005,4,12,gic_pred,predictive_support,sir,9.85967654375977e-305
20,0.005,4,12,gic_pred,predictive_support,tv_sir,5.184618874928967e-71
20,0.005,4,12,gic_pred,predictive_support,ude_sir_h2,1.0
20,0.005,4,12,gic_evid,equal_prior_posterior_approximation,neural_ode_h2,3.571609735399421e-70
20,0.005,4,12,gic_evid,equal_prior_posterior_approximation,sir,9.85967654375977e-305
20,0.005,4,12,gic_evid,equal_prior_posterior_approximation,tv_sir,1.0776691677877478e-65
20,0.005,4,12,gic_evid,equal_prior_posterior_approximation,ude_sir_h2,1.0
20,0.005,4,13,gic_pred,predictive_support,neural_ode_h2,2.3563674849060296e-28
20,0.005,4,13,gic_pred,predictive_support,sir,9.85967654375977e-305
20,0.005,4,13,gic_pred,predictive_support,tv_sir,1.942173835242405e-83
20,0.005,4,13,gic_pred,predictive_support,ude_sir_h2,1.0
20,0.005,4,13,gic_evid,equal_prior_posterior_approximation,neural_ode_h2,3.501741034051923e-64
20,0.005,4,13,gic_evid,equal_prior_posterior_approximation,sir,9.85967654375977e-305
20,0.005,4,13,gic_evid,equal_prior_posterior_approximation,tv_sir,4.608722242097077e-78
20,0.005,4,13,gic_evid,equal_prior_posterior_approximation,ude_sir_h2,1.0
20,0.005,4,14,gic_pred,predictive_support,neural_ode_h2,5.334759405005014e-24
20,0.005,4,14,gic_pred,predictive_support,sir,9.85967654375977e-305
20,0.005,4,14,gic_pred,predictive_support,tv_sir,1.9425189298209153e-80
20,0.005,4,14,gic_pred,predictive_support,ude_sir_h2,1.0
20,0.005,4,14,gic_evid,equal_prior_posterior_approximation,neural_ode_h2,5.619099262796375e-60
20,0.005,4,14,gic_evid,equal_prior_posterior_approximation,sir,9.85967654375977e-305
20,0.005,4,14,gic_evid,equal_prior_posterior_approximation,tv_sir,2.9934201624165034e-75
20,0.005,4,14,gic_evid,equal_prior_posterior_approximation,ude_sir_h2,1.0
20,0.005,4,15,gic_pred,predictive_support,neural_ode_h2,1.2464224065303905e-30
20,0.005,4,15,gic_pred,predictive_support,sir,9.85967654375977e-305
20,0.005,4,15,gic_pred,predictive_support,tv_sir,2.725786439797606e-85
20,0.005,4,15,gic_pred,predictive_support,ude_sir_h2,1.0
20,0.005,4,15,gic_evid,equal_prior_posterior_approximation,neural_ode_h2,3.3931978527052616e-64
20,0.005,4,15,gic_evid,equal_prior_posterior_approximation,sir,9.85967654375977e-305
20,0.005,4,15,gic_evid,equal_prior_posterior_approximation,tv_sir,1.2445942009425527e-79
20,0.005,4,15,gic_evid,equal_prior_posterior_approximation,ude_sir_h2,1.0
20,0.005,4,16,gic_pred,predictive_support,neural_ode_h2,5.5632491620923475e-27
20,0.005,4,16,gic_pred,predictive_support,sir,9.85967654375977e-305
20,0.005,4,16,gic_pred,predictive_support,tv_sir,8.359013742910892e-83
20,0.005,4,16,gic_pred,predictive_support,ude_sir_h2,1.0
20,0.005,4,16,gic_evid,equal_prior_posterior_approximation,neural_ode_h2,1.337376273650928e-62
20,0.005,4,16,gic_evid,equal_prior_posterior_approximation,sir,9.85967654375977e-305
20,0.005,4,16,gic_evid,equal_prior_posterior_approximation,tv_sir,6.1989733815185505e-77
20,0.005,4,16,gic_evid,equal_prior_posterior_approximation,ude_sir_h2,1.0
20,0.005,4,17,gic_pred,predictive_support,neural_ode_h2,5.805298512686977e-29
20,0.005,4,17,gic_pred,predictive_support,sir,9.85967654375977e-305
20,0.005,4,17,gic_pred,predictive_support,tv_sir,6.106423194834908e-87
20,0.005,4,17,gic_pred,predictive_support,ude_sir_h2,1.0
20,0.005,4,17,gic_evid,equal_prior_posterior_approximation,neural_ode_h2,1.2461376765848848e-65
20,0.005,4,17,gic_evid,equal_prior_posterior_approximation,sir,9.85967654375977e-305
20,0.005,4,17,gic_evid,equal_prior_posterior_approximation,tv_sir,1.9438145497688805e-81
20,0.005,4,17,gic_evid,equal_prior_posterior_approximation,ude_sir_h2,1.0
20,0.005,4,18,gic_pred,predictive_support,neural_ode_h2,3.857137118764085e-36
20,0.005,4,18,gic_pred,predictive_support,sir,9.85967654375977e-305
20,0.005,4,18,gic_pred,predictive_support,tv_sir,1.1471515974448554e-74
20,0.005,4,18,gic_pred,predictive_support,ude_sir_h2,1.0
20,0.005,4,18,gic_evid,equal_prior_posterior_approximation,neural_ode_h2,1.1836635294015761e-70
20,0.005,4,18,gic_evid,equal_prior_posterior_approximation,sir,9.85967654375977e-305
20,0.005,4,18,gic_evid,equal_prior_posterior_approximation,tv_sir,1.27560707841526e-69
20,0.005,4,18,gic_evid,equal_prior_posterior_approximation,ude_sir_h2,1.0
20,0.005,4,19,gic_pred,predictive_support,neural_ode_h2,5.68889810056182e-17
20,0.005,4,19,gic_pred,predictive_support,sir,9.85967654375977e-305
20,0.005,4,19,gic_pred,predictive_support,tv_sir,2.1227266928594622e-82
20,0.005,4,19,gic_pred,predictive_support,ude_sir_h2,1.0
20,0.005,4,19,gic_evid,equal_prior_posterior_approximation,neural_ode_h2,4.771822537529659e-52
20,0.005,4,19,gic_evid,equal_prior_posterior_approximation,sir,9.85967654375977e-305
20,0.005,4,19,gic_evid,equal_prior_posterior_approximation,tv_sir,5.799597806878088e-76
20,0.005,4,19,gic_evid,equal_prior_posterior_approximation,ude_sir_h2,1.0
20,0.015,1,0,gic_pred,predictive_support,neural_ode_h2,0.28089921915670746
20,0.015,1,0,gic_pred,predictive_support,sir,4.608776949786002e-14
20,0.015,1,0,gic_pred,predictive_support,tv_sir,0.21734714816572637
20,0.015,1,0,gic_pred,predictive_support,ude_sir_h2,0.5017536326775202
20,0.015,1,0,gic_evid,equal_prior_posterior_approximation,neural_ode_h2,4.120702149148303e-07
20,0.015,1,0,gic_evid,equal_prior_posterior_approximation,sir,1.176817102008551e-12
20,0.015,1,0,gic_evid,equal_prior_posterior_approximation,tv_sir,0.47023597757586927
20,0.015,1,0,gic_evid,equal_prior_posterior_approximation,ude_sir_h2,0.5297636103527391
20,0.015,1,1,gic_pred,predictive_support,neural_ode_h2,0.21692525644850427
20,0.015,1,1,gic_pred,predictive_support,sir,2.0197862374519577e-25
20,0.015,1,1,gic_pred,predictive_support,tv_sir,0.2877557594033438
20,0.015,1,1,gic_pred,predictive_support,ude_sir_h2,0.49531898414815184
20,0.015,1,1,gic_evid,equal_prior_posterior_approximation,neural_ode_h2,1.0647976034522313e-07
20,0.015,1,1,gic_evid,equal_prior_posterior_approximation,sir,7.436426993040829e-24
20,0.015,1,1,gic_evid,equal_prior_posterior_approximation,tv_sir,0.7816901939335132
20,0.015,1,1,gic_evid,equal_prior_posterior_approximation,ude_sir_h2,0.21830969958672636
20,0.015,1,2,gic_pred,predictive_support,neural_ode_h2,0.1215172037074681
20,0.015,1,2,gic_pred,predictive_support,sir,5.332158882823851e-15
20,0.015,1,2,gic_pred,predictive_support,tv_sir,0.39769276643242685
20,0.015,1,2,gic_pred,predictive_support,ude_sir_h2,0.4807900298600997
20,0.015,1,2,gic_evid,equal_prior_posterior_approximation,neural_ode_h2,2.7912129156937616e-08
20,0.015,1,2,gic_evid,equal_prior_posterior_approximation,sir,9.369095437089538e-14
20,0.015,1,2,gic_evid,equal_prior_posterior_approximation,tv_sir,0.6159185250466036
20,0.015,1,2,gic_evid,equal_prior_posterior_approximation,ude_sir_h2,0.38408144704117364
20,0.015,1,3,gic_pred,predictive_support,neural_ode_h2,0.2183308585071435
20,0.015,1,3,gic_pred,predictive_support,sir,1.9094493129350387e-19
20,0.015,1,3,gic_pred,predictive_support,tv_sir,0.25701698934671563
20,0.015,1,3,gic_pred,predictive_support,ude_sir_h2,0.5246521521461408
20,0.015,1,3,gic_evid,equal_prior_posterior_approximation,neural_ode_h2,1.6381616682500412e-07
20,0.015,1,3,gic_evid,equal_prior_posterior_approximation,sir,5.292252048284351e-18
20,0.015,1,3,gic_evid,equal_prior_posterior_approximation,tv_sir,0.6083030472322356
20,0.015,1,3,gic_evid,equal_prior_posterior_approximation,ude_sir_h2,0.3916967889515975
20,0.015,1,4,gic_pred,predictive_support,neural_ode_h2,0.04485738949703141
20,0.015,1,4,gic_pred,predictive_support,sir,2.1568745869682037e-24
20,0.015,1,4,gic_pred,predictive_support,tv_sir,0.3826064449841661
20,0.015,1,4,gic_pred,predictive_support,ude_sir_h2,0.5725361655188025
20,0.015,1,4,gic_evid,equal_prior_posterior_approximation,neural_ode_h2,7.914964426353219e-09
20,0.015,1,4,gic_evid,equal_prior_posterior_approximation,sir,4.7490080692877056e-23
20,0.015,1,4,gic_evid,equal_prior_posterior_approximation,tv_sir,0.7660868137289187
20,0.015,1,4,gic_evid,equal_prior_posterior_approximation,ude_sir_h2,0.2339131783561168
20,0.015,1,5,gic_pred,predictive_support,neural_ode_h2,0.2555440502100006
20,0.015,1,5,gic_pred,predictive_support,sir,1.2052288090488667e-14
20,0.015,1,5,gic_pred,predictive_support,tv_sir,0.28536368157275327
20,0.015,1,5,gic_pred,predictive_support,ude_sir_h2,0.45909226821723415
20,0.015,1,5,gic_evid,equal_prior_posterior_approximation,neural_ode_h2,3.1515941038940985e-07
20,0.015,1,5,gic_evid,equal_prior_posterior_approximation,sir,2.696520105020943e-13
20,0.015,1,5,gic_evid,equal_prior_posterior_approximation,tv_sir,0.5667808351254231
20,0.015,1,5,gic_evid,equal_prior_posterior_approximation,ude_sir_h2,0.43321884971489705
20,0.015,1,6,gic_pred,predictive_support,neural_ode_h2,0.19227009418993196
20,0.015,1,6,gic_pred,predictive_support,sir,4.442153100817402e-25
20,0.015,1,6,gic_pred,predictive_support,tv_sir,0.40198056009570265
20,0.015,1,6,gic_pred,predictive_support,ude_sir_h2,0.40574934571436544
20,0.015,1,6,gic_evid,equal_prior_posterior_approximation,neural_ode_h2,5.244912715213106e-08
20,0.015,1,6,gic_evid,equal_prior_posterior_approximation,sir,9.910264584212993e-24
20,0.015,1,6,gic_evid,equal_prior_posterior_approximation,tv_sir,0.8153831950807852
20,0.015,1,6,gic_evid,equal_prior_posterior_approximation,ude_sir_h2,0.18461675247008766
20,0.015,1,7,gic_pred,predictive_support,neural_ode_h2,0.532292584056018
20,0.015,1,7,gic_pred,predictive_support,sir,1.4642872945378896e-21
20,0.015,1,7,gic_pred,predictive_support,tv_sir,0.07947955223579341
20,0.015,1,7,gic_pred,predictive_support,ude_sir_h2,0.3882278637081885
20,0.015,1,7,gic_evid,equal_prior_posterior_approximation,neural_ode_h2,8.036845743758311e-07
20,0.015,1,7,gic_evid,equal_prior_posterior_approximation,sir,9.745154777981866e-20
20,0.015,1,7,gic_evid,equal_prior_posterior_approximation,tv_sir,0.46867417179027776
20,0.015,1,7,gic_evid,equal_prior_posterior_approximation,ude_sir_h2,0.5313250245251478
20,0.015,1,8,gic_pred,predictive_support,neural_ode_h2,0.06528447022795501
20,0.015,1,8,gic_pred,predictive_support,sir,2.375693547444721e-22
20,0.015,1,8,gic_pred,predictive_support,tv_sir,0.42463095138688284
20,0.015,1,8,gic_pred,predictive_support,ude_sir_h2,0.5100845783851621
20,0.015,1,8,gic_evid,equal_prior_posterior_approximation,neural_ode_h2,7.430278790354232e-09
20,0.015,1,8,gic_evid,equal_prior_posterior_approximation,sir,4.353171730022943e-21
20,0.015,1,8,gic_evid,equal_prior_posterior_approximation,tv_sir,0.7913613465177609
20,0.015,1,8,gic_evid,equal_prior_posterior_approximation,ude_sir_h2,0.20863864605196034
20,0.015,1,9,gic_pred,predictive_support,neural_ode_h2,0.17577378952147663
20,0.015,1,9,gic_pred,predictive_support,sir,1.40695476211398e-23
20,0.015,1,9,gic_pred,predictive_support,tv_sir,0.5711148282504888
20,0.015,1,9,gic_pred,predictive_support,ude_sir_h2,0.2531113822280347
20,0.015,1,9,gic_evid,equal_prior_posterior_approximation,neural_ode_h2,2.802832637709182e-07
20,0.015,1,9,gic_evid,equal_prior_posterior_approximation,sir,6.654150444841545e-22
20,0.015,1,9,gic_evid,equal_prior_posterior_approximation,tv_sir,0.915618096074231
20,0.015,1,9,gic_evid,equal_prior_posterior_approximation,ude_sir_h2,0.08438162364250512
20,0.015,1,10,gic_pred,predictive_support,neural_ode_h2,0.2932055039153811
20,0.015,1,10,gic_pred,predictive_support,sir,4.1560558935565153e-13
20,0.015,1,10,gic_pred,predictive_support,tv_sir,0.3206346416044177
20,0.015,1,10,gic_pred,predictive_support,ude_sir_h2,0.3861598544797856
20,0.015,1,10,gic_evid,equal_prior_posterior_approximation,neural_ode_h2,1.3445259557273968e-07
20,0.015,1,10,gic_evid,equal_prior_posterior_approximation,sir,7.791470556753612e-12
20,0.015,1,10,gic_evid,equal_prior_posterior_approximation,tv_sir,0.6422983904617752
20,0.015,1,10,gic_evid,equal_prior_posterior_approximation,ude_sir_h2,0.35770147507783767
20,0.015,1,11,gic_pred,predictive_support,neural_ode_h2,0.8932810751475532
20,0.015,1,11,gic_pred,predictive_support,sir,2.3103990126197637e-15
20,0.015,1,11,gic_pred,predictive_support,tv_sir,0.022044816827867
20,0.015,1,11,gic_pred,predictive_support,ude_sir_h2,0.08467410802457734
20,0.015,1,11,gic_evid,equal_prior_posterior_approximation,neural_ode_h2,3.035322338770565e-06
20,0.015,1,11,gic_evid,equal_prior_posterior_approximation,sir,4.1203303966720124e-13
20,0.015,1,11,gic_evid,equal_prior_posterior_approximation,tv_sir,0.41495557932064847
20,0.015,1,11,gic_evid,equal_prior_posterior_approximation,ude_sir_h2,0.5850413853566007
20,0.015,1,12,gic_pred,predictive_support,neural_ode_h2,0.05033151693098246
20,0.015,1,12,gic_pred,predictive_support,sir,1.4896196206338855e-20
20,0.015,1,12,gic_pred,predictive_support,tv_sir,0.39281647902592304
20,0.015,1,12,gic_pred,predictive_support,ude_sir_h2,0.5568520040430945
20,0.015,1,12,gic_evid,equal_prior_posterior_approximation,neural_ode_h2,7.744871534276986e-09
20,0.015,1,12,gic_evid,equal_prior_posterior_approximation,sir,2.7137117604782906e-19
20,0.015,1,12,gic_evid,equal_prior_posterior_approximation,tv_sir,0.7180950807734905
20,0.015,1,12,gic_evid,equal_prior_posterior_approximation,ude_sir_h2,0.281904911481638
20,0.015,1,13,gic_pred,predictive_support,neural_ode_h2,0.08422770421137192
20,0.015,1,13,gic_pred,predictive_support,sir,8.65397985710589e-23
20,0.015,1,13,gic_pred,predictive_support,tv_sir,0.40409400382295063
20,0.015,1,13,gic_pred,predictive_support,ude_sir_h2,0.5116782919656775
20,0.015,1,13,gic_evid,equal_prior_posterior_approximation,neural_ode_h2,4.13866905504288e-09
20,0.015,1,13,gic_evid,equal_prior_posterior_approximation,sir,1.6999495133349337e-21
20,0.015,1,13,gic_evid,equal_prior_posterior_approximation,tv_sir,0.796210718446171
20,0.015,1,13,gic_evid,equal_prior_posterior_approximation,ude_sir_h2,0.20378927741516012
20,0.015,1,14,gic_pred,predictive_support,neural_ode_h2,0.34176884354231996
20,0.015,1,14,gic_pred,predictive_support,sir,1.343858629410408e-12
20,0.015,1,14,gic_pred,predictive_support,tv_sir,0.21208336066866362
20,0.015,1,14,gic_pred,predictive_support,ude_sir_h2,0.4461477957876726
20,0.015,1,14,gic_evid,equal_prior_posterior_approximation,neural_ode_h2,3.878778411445018e-07
20,0.015,1,14,gic_evid,equal_prior_posterior_approximation,sir,2.836821306368972e-11
20,0.015,1,14,gic_evid,equal_prior_posterior_approximation,tv_sir,0.47570346248829704
20,0.015,1,14,gic_evid,equal_prior_posterior_approximation,ude_sir_h2,0.5242961496054936
20,0.015,1,15,gic_pred,predictive_support,neural_ode_h2,0.522144432525033
20,0.015,1,15,gic_pred,predictive_support,sir,4.163534174213612e-20
20,0.015,1,15,gic_pred,predictive_support,tv_sir,0.1250338955601243
20,0.015,1,15,gic_pred,predictive_support,ude_sir_h2,0.35282167191484276
20,0.015,1,15,gic_evid,equal_prior_posterior_approximation,neural_ode_h2,7.844916523623607e-07
20,0.015,1,15,gic_evid,equal_prior_posterior_approximation,sir,2.2275442861687712e-18
20,0.015,1,15,gic_evid,equal_prior_posterior_approximation,tv_sir,0.531518359025041
20,0.015,1,15,gic_evid,equal_prior_posterior_approximation,ude_sir_h2,0.46848085648330673
20,0.015,1,16,gic_pred,predictive_support,neural_ode_h2,0.0412590192786298
20,0.015,1,16,gic_pred,predictive_support,sir,8.7815966641604e-17
20,0.015,1,16,gic_pred,predictive_support,tv_sir,0.42306244353452765
20,0.015,1,16,gic_pred,predictive_support,ude_sir_h2,0.5356785371868424
20,0.015,1,16,gic_evid,equal_prior_posterior_approximation,neural_ode_h2,2.5821019746785168e-08
20,0.015,1,16,gic_evid,equal_prior_posterior_approximation,sir,1.9955313852593523e-15
20,0.015,1,16,gic_evid,equal_prior_posterior_approximation,tv_sir,0.6776355295801257
20,0.015,1,16,gic_evid,equal_prior_posterior_approximation,ude_sir_h2,0.32236444459885255
20,0.015,1,17,gic_pred,predictive_support,neural_ode_h2,0.6803815311121492
20,0.015,1,17,gic_pred,predictive_support,sir,1.1857510639147226e-13
20,0.015,1,17,gic_pred,predictive_support,tv_sir,0.14005504779716588
20,0.015,1,17,gic_pred,predictive_support,ude_sir_h2,0.1795634210905663
20,0.015,1,17,gic_evid,equal_prior_posterior_approximation,neural_ode_h2,7.403300908159661e-07
20,0.015,1,17,gic_evid,equal_prior_posterior_approximation,sir,4.904689022329262e-12
20,0.015,1,17,gic_evid,equal_prior_posterior_approximation,tv_sir,0.6291980710956565
20,0.015,1,17,gic_evid,equal_prior_posterior_approximation,ude_sir_h2,0.3708011885693479
20,0.015,1,18,gic_pred,predictive_support,neural_ode_h2,0.12882089385502593
20,0.015,1,18,gic_pred,predictive_support,sir,9.278015918420047e-21
20,0.015,1,18,gic_pred,predictive_support,tv_sir,0.2730644895124191
20,0.015,1,18,gic_pred,predictive_support,ude_sir_h2,0.598114616632555
20,0.015,1,18,gic_evid,equal_prior_posterior_approximation,neural_ode_h2,7.755509113658866e-08
20,0.015,1,18,gic_evid,equal_prior_posterior_approximation,sir,2.299142005742136e-19
20,0.015,1,18,gic_evid,equal_prior_posterior_approximation,tv_sir,0.6301786391394931
20,0.015,1,18,gic_evid,equal_prior_posterior_approximation,ude_sir_h2,0.36982128330541575
20,0.015,1,19,gic_pred,predictive_support,neural_ode_h2,0.251405964400865
20,0.015,1,19,gic_pred,predictive_support,sir,1.2780633210163986e-20
20,0.015,1,19,gic_pred,predictive_support,tv_sir,0.2343806671410815
20,0.015,1,19,gic_pred,predictive_support,ude_sir_h2,0.5142133684580535
20,0.015,1,19,gic_evid,equal_prior_posterior_approximation,neural_ode_h2,1.5923718080061057e-07
20,0.015,1,19,gic_evid,equal_prior_posterior_approximation,sir,3.693004626287033e-19
20,0.015,1,19,gic_evid,equal_prior_posterior_approximation,tv_sir,0.6256705833342419
20,0.015,1,19,gic_evid,equal_prior_posterior_approximation,ude_sir_h2,0.3743292574285773
20,0.015,2,0,gic_pred,predictive_support,neural_ode_h2,0.00011949264650721755
20,0.015,2,0,gic_pred,predictive_support,sir,1.4826756266919848e-42
20,0.015,2,0,gic_pred,predictive_support,tv_sir,0.010890858528479578
20,0.015,2,0,gic_pred,predictive_support,ude_sir_h2,0.9889896488250131
20,0.015,2,0,gic_evid,equal_prior_posterior_approximation,neural_ode_h2,1.5131580285902482e-19
20,0.015,2,0,gic_evid,equal_prior_posterior_approximation,sir,3.235596862683753e-39
20,0.015,2,0,gic_evid,equal_prior_posterior_approximation,tv_sir,0.9399740996281546
20,0.015,2,0,gic_evid,equal_prior_posterior_approximation,ude_sir_h2,0.060025900371845346
20,0.015,2,1,gic_pred,predictive_support,neural_ode_h2,0.001968254347666983
20,0.015,2,1,gic_pred,predictive_support,sir,1.5204196497006552e-46
20,0.015,2,1,gic_pred,predictive_support,tv_sir,0.006541274755772973
20,0.015,2,1,gic_pred,predictive_support,ude_sir_h2,0.9914904708965601
20,0.015,2,1,gic_evid,equal_prior_posterior_approximation,neural_ode_h2,1.1095054173507422e-16
20,0.015,2,1,gic_evid,equal_prior_posterior_approximation,sir,7.144762754286778e-43
20,0.015,2,1,gic_evid,equal_prior_posterior_approximation,tv_sir,0.9580662784997426
20,0.015,2,1,gic_evid,equal_prior_posterior_approximation,ude_sir_h2,0.04193372150025718
20,0.015,2,2,gic_pred,predictive_support,neural_ode_h2,8.049818188979864e-08
20,0.015,2,2,gic_pred,predictive_support,sir,9.543316837572055e-48
20,0.015,2,2,gic_pred,predictive_support,tv_sir,0.5683934131702801
20,0.015,2,2,gic_pred,predictive_support,ude_sir_h2,0.431606506331538
20,0.015,2,2,gic_evid,equal_prior_posterior_approximation,neural_ode_h2,1.1835617071424577e-25
20,0.015,2,2,gic_evid,equal_prior_posterior_approximation,sir,4.986638520686912e-46
20,0.015,2,2,gic_evid,equal_prior_posterior_approximation,tv_sir,0.9996095485865065
20,0.015,2,2,gic_evid,equal_prior_posterior_approximation,ude_sir_h2,0.00039045141349343154
20,0.015,2,3,gic_pred,predictive_support,neural_ode_h2,0.0008122263535632914
20,0.015,2,3,gic_pred,predictive_support,sir,4.604741861934301e-27
20,0.015,2,3,gic_pred,predictive_support,tv_sir,0.19587426249455983
20,0.015,2,3,gic_pred,predictive_support,ude_sir_h2,0.8033135111518769
20,0.015,2,3,gic_evid,equal_prior_posterior_approximation,neural_ode_h2,2.0354831573532333e-20
20,0.015,2,3,gic_evid,equal_prior_posterior_approximation,sir,5.969649712853611e-25
20,0.015,2,3,gic_evid,equal_prior_posterior_approximation,tv_sir,0.9905169563804324
20,0.015,2,3,gic_evid,equal_prior_posterior_approximation,ude_sir_h2,0.009483043619567578
20,0.015,2,4,gic_pred,predictive_support,neural_ode_h2,0.006816118613499259
20,0.015,2,4,gic_pred,predictive_support,sir,9.494978218294401e-31
20,0.015,2,4,gic_pred,predictive_support,tv_sir,0.02029337819885661
20,0.015,2,4,gic_pred,predictive_support,ude_sir_h2,0.9728905031876441
20,0.015,2,4,gic_evid,equal_prior_posterior_approximation,neural_ode_h2,8.488166410724428e-17
20,0.015,2,4,gic_evid,equal_prior_posterior_approximation,sir,1.4025019052549492e-27
20,0.015,2,4,gic_evid,equal_prior_posterior_approximation,tv_sir,0.9327700748010689
20,0.015,2,4,gic_evid,equal_prior_posterior_approximation,ude_sir_h2,0.06722992519893119
20,0.015,2,5,gic_pred,predictive_support,neural_ode_h2,4.484158900707306e-08
20,0.015,2,5,gic_pred,predictive_support,sir,1.6825100489490093e-37
20,0.015,2,5,gic_pred,predictive_support,tv_sir,0.7105655567881953
20,0.015,2,5,gic_pred,predictive_support,ude_sir_h2,0.2894343983702156
20,0.015,2,5,gic_evid,equal_prior_posterior_approximation,neural_ode_h2,2.0652067818890992e-24
20,0.015,2,5,gic_evid,equal_prior_posterior_approximation,sir,6.701105361896727e-36
20,0.015,2,5,gic_evid,equal_prior_posterior_approximation,tv_sir,0.9993724619889114
20,0.015,2,5,gic_evid,equal_prior_posterior_approximation,ude_sir_h2,0.0006275380110887207
20,0.015,2,6,gic_pred,predictive_support,neural_ode_h2,9.151605145567778e-05
20,0.015,2,6,gic_pred,predictive_support,sir,8.19495663838827e-36
20,0.015,2,6,gic_pred,predictive_support,tv_sir,0.6330139878530558
20,0.015,2,6,gic_pred,predictive_support,ude_sir_h2,0.36689449609548846
20,0.015,2,6,gic_evid,equal_prior_posterior_approximation,neural_ode_h2,5.0482805239614905e-23
20,0.015,2,6,gic_evid,equal_prior_posterior_approximation,sir,3.4855010200201097e-34
20,0.015,2,6,gic_evid,equal_prior_posterior_approximation,tv_sir,0.9985934225962566
20,0.015,2,6,gic_evid,equal_prior_posterior_approximation,ude_sir_h2,0.0014065774037434512
20,0.015,2,7,gic_pred,predictive_support,neural_ode_h2,9.545558125905009e-08
20,0.015,2,7,gic_pred,predictive_support,sir,1.3693395005487985e-39
20,0.015,2,7,gic_pred,predictive_support,tv_sir,0.12821527310628614
20,0.015,2,7,gic_pred,predictive_support,ude_sir_h2,0.8717846314381326
20,0.015,2,7,gic_evid,equal_prior_posterior_approximation,neural_ode_h2,2.5265988738741255e-23
20,0.015,2,7,gic_evid,equal_prior_posterior_approximation,sir,2.542497943263995e-37
20,0.015,2,7,gic_evid,equal_prior_posterior_approximation,tv_sir,0.9915155173673535
20,0.015,2,7,gic_evid,equal_prior_posterior_approximation,ude_sir_h2,0.008484482632646412
20,0.015,2,8,gic_pred,predictive_support,neural_ode_h2,2.7494247067571606e-05
20,0.015,2,8,gic_pred,predictive_support,sir,1.1140104800954582e-42
20,0.015,2,8,gic_pred,predictive_support,tv_sir,0.010715445670868833
20,0.015,2,8,gic_pred,predictive_support,ude_sir_h2,0.9892570600820635
20,0.015,2,8,gic_evid,equal_prior_posterior_approximation,neural_ode_h2,6.954111781639885e-19
20,0.015,2,8,gic_evid,equal_prior_posterior_approximation,sir,2.8634685883777492e-39
20,0.015,2,8,gic_evid,equal_prior_posterior_approximation,tv_sir,0.9639446448899047
20,0.015,2,8,gic_evid,equal_prior_posterior_approximation,ude_sir_h2,0.03605535511009536
20,0.015,2,9,gic_pred,predictive_support,neural_ode_h2,3.277468618126083e-06
20,0.015,2,9,gic_pred,predictive_support,sir,2.419404161025099e-38
20,0.015,2,9,gic_pred,predictive_support,tv_sir,0.5769611370094987
20,0.015,2,9,gic_pred,predictive_support,ude_sir_h2,0.4230355855218832
20,0.015,2,9,gic_evid,equal_prior_posterior_approximation,neural_ode_h2,2.7394707765176917e-21
20,0.015,2,9,gic_evid,equal_prior_posterior_approximation,sir,1.6685202275934017e-36
20,0.015,2,9,gic_evid,equal_prior_posterior_approximation,tv_sir,0.9995694905607101
20,0.015,2,9,gic_evid,equal_prior_posterior_approximation,ude_sir_h2,0.0004305094392897971
20,0.015,2,10,gic_pred,predictive_support,neural_ode_h2,0.00011657203949603766
20,0.015,2,10,gic_pred,predictive_support,sir,5.2833661412878305e-49
20,0.015,2,10,gic_pred,predictive_support,tv_sir,0.0005579526059062481
20,0.015,2,10,gic_pred,predictive_support,ude_sir_h2,0.9993254753545978
20,0.015,2,10,gic_evid,equal_prior_posterior_approximation,neural_ode_h2,3.8478480478942545e-16
20,0.015,2,10,gic_evid,equal_prior_posterior_approximation,sir,1.6463432319604834e-44
20,0.015,2,10,gic_evid,equal_prior_posterior_approximation,tv_sir,0.7364567686684219
20,0.015,2,10,gic_evid,equal_prior_posterior_approximation,ude_sir_h2,0.2635432313315778
20,0.015,2,11,gic_pred,predictive_support,neural_ode_h2,7.007440179085657e-06
20,0.015,2,11,gic_pred,predictive_support,sir,2.212539230733244e-49
20,0.015,2,11,gic_pred,predictive_support,tv_sir,0.8410258342767393
20,0.015,2,11,gic_pred,predictive_support,ude_sir_h2,0.1589671582830817
20,0.015,2,11,gic_evid,equal_prior_posterior_approximation,neural_ode_h2,9.074673926993248e-24
20,0.015,2,11,gic_evid,equal_prior_posterior_approximation,sir,7.840056336652748e-48
20,0.015,2,11,gic_evid,equal_prior_posterior_approximation,tv_sir,0.9999283911167127
20,0.015,2,11,gic_evid,equal_prior_posterior_approximation,ude_sir_h2,7.16088832874168e-05
20,0.015,2,12,gic_pred,predictive_support,neural_ode_h2,1.7254722811140793e-05
20,0.015,2,12,gic_pred,predictive_support,sir,6.664506769347013e-29
20,0.015,2,12,gic_pred,predictive_support,tv_sir,0.13126409734023922
20,0.015,2,12,gic_pred,predictive_support,ude_sir_h2,0.8687186479369495
20,0.015,2,12,gic_evid,equal_prior_posterior_approximation,neural_ode_h2,3.770372744028582e-22
20,0.015,2,12,gic_evid,equal_prior_posterior_approximation,sir,1.4170476475036717e-26
20,0.015,2,12,gic_evid,equal_prior_posterior_approximation,tv_sir,0.9863478860425834
20,0.015,2,12,gic_evid,equal_prior_posterior_approximation,ude_sir_h2,0.013652113957416475
20,0.015,2,13,gic_pred,predictive_support,neural_ode_h2,1.4177468325312373e-06
20,0.015,2,13,gic_pred,predictive_support,sir,2.651557923939475e-47
20,0.015,2,13,gic_pred,predictive_support,tv_sir,0.7826655882919822
20,0.015,2,13,gic_pred,predictive_support,ude_sir_h2,0.21733299396118527
20,0.015,2,13,gic_evid,equal_prior_posterior_approximation,neural_ode_h2,8.713920466618839e-24
20,0.015,2,13,gic_evid,equal_prior_posterior_approximation,sir,9.334121453852924e-46
20,0.015,2,13,gic_evid,equal_prior_posterior_approximation,tv_sir,0.999823468105517
20,0.015,2,13,gic_evid,equal_prior_posterior_approximation,ude_sir_h2,0.0001765318944831159
20,0.015,2,14,gic_pred,predictive_support,neural_ode_h2,2.2842472557034745e-05
20,0.015,2,14,gic_pred,predictive_support,sir,5.257262320458937e-47
20,0.015,2,14,gic_pred,predictive_support,tv_sir,0.15051281741121295
20,0.015,2,14,gic_pred,predictive_support,ude_sir_h2,0.8494643401162301
20,0.015,2,14,gic_evid,equal_prior_posterior_approximation,neural_ode_h2,5.203123954549495e-22
20,0.015,2,14,gic_evid,equal_prior_posterior_approximation,sir,8.606858297442337e-45
20,0.015,2,14,gic_evid,equal_prior_posterior_approximation,tv_sir,0.9963835778218313
20,0.015,2,14,gic_evid,equal_prior_posterior_approximation,ude_sir_h2,0.003616422178168766
20,0.015,2,15,gic_pred,predictive_support,neural_ode_h2,5.411391350147044e-06
20,0.015,2,15,gic_pred,predictive_support,sir,7.418496389481717e-34
20,0.015,2,15,gic_pred,predictive_support,tv_sir,0.011441273705969594
20,0.015,2,15,gic_pred,predictive_support,ude_sir_h2,0.9885533149026802
20,0.015,2,15,gic_evid,equal_prior_posterior_approximation,neural_ode_h2,6.043980306850616e-20
20,0.015,2,15,gic_evid,equal_prior_posterior_approximation,sir,1.5952685541914034e-30
20,0.015,2,15,gic_evid,equal_prior_posterior_approximation,tv_sir,0.9147460431769198
20,0.015,2,15,gic_evid,equal_prior_posterior_approximation,ude_sir_h2,0.0852539568230803
20,0.015,2,16,gic_pred,predictive_support,neural_ode_h2,4.663121942296115e-06
20,0.015,2,16,gic_pred,predictive_support,sir,2.5325624528735376e-52
20,0.015,2,16,gic_pred,predictive_support,tv_sir,0.08271800930087166
20,0.015,2,16,gic_pred,predictive_support,ude_sir_h2,0.917277327577186
20,0.015,2,16,gic_evid,equal_prior_posterior_approximation,neural_ode_h2,1.5125884399553697e-23
20,0.015,2,16,gic_evid,equal_prior_posterior_approximation,sir,9.634648550477956e-50
20,0.015,2,16,gic_evid,equal_prior_posterior_approximation,tv_sir,0.9939045211085541
20,0.015,2,16,gic_evid,equal_prior_posterior_approximation,ude_sir_h2,0.006095478891445861
20,0.015,2,17,gic_pred,predictive_support,neural_ode_h2,3.6312591646166997e-07
20,0.015,2,17,gic_pred,predictive_support,sir,1.5074588630335914e-40
20,0.015,2,17,gic_pred,predictive_support,tv_sir,0.01665116567937463
20,0.015,2,17,gic_pred,predictive_support,ude_sir_h2,0.983348471194709
20,0.015,2,17,gic_evid,equal_prior_posterior_approximation,neural_ode_h2,6.291080921989997e-21
20,0.015,2,17,gic_evid,equal_prior_posterior_approximation,sir,2.7976550290566684e-37
20,0.015,2,17,gic_evid,equal_prior_posterior_approximation,tv_sir,0.9666074627441569
20,0.015,2,17,gic_evid,equal_prior_posterior_approximation,ude_sir_h2,0.033392537255843076
20,0.015,2,18,gic_pred,predictive_support,neural_ode_h2,5.887024603705224e-09
20,0.015,2,18,gic_pred,predictive_support,sir,1.306429236349673e-48
20,0.015,2,18,gic_pred,predictive_support,tv_sir,0.3617270348977024
20,0.015,2,18,gic_pred,predictive_support,ude_sir_h2,0.638272959215273
20,0.015,2,18,gic_evid,equal_prior_posterior_approximation,neural_ode_h2,9.661889532615394e-25
20,0.015,2,18,gic_evid,equal_prior_posterior_approximation,sir,8.626683279796177e-47
20,0.015,2,18,gic_evid,equal_prior_posterior_approximation,tv_sir,0.9990893214513777
20,0.015,2,18,gic_evid,equal_prior_posterior_approximation,ude_sir_h2,0.0009106785486222853
20,0.015,2,19,gic_pred,predictive_support,neural_ode_h2,8.323880333808836e-09
20,0.015,2,19,gic_pred,predictive_support,sir,6.35884446101053e-50
20,0.015,2,19,gic_pred,predictive_support,tv_sir,0.6143598060157773
20,0.015,2,19,gic_pred,predictive_support,ude_sir_h2,0.3856401856603424
20,0.015,2,19,gic_evid,equal_prior_posterior_approximation,neural_ode_h2,1.215815294568222e-25
20,0.015,2,19,gic_evid,equal_prior_posterior_approximation,sir,2.824004859996619e-48
20,0.015,2,19,gic_evid,equal_prior_posterior_approximation,tv_sir,0.9996108331945545
20,0.015,2,19,gic_evid,equal_prior_posterior_approximation,ude_sir_h2,0.00038916680544557567
20,0.015,4,0,gic_pred,predictive_support,neural_ode_h2,8.978645482347794e-07
20,0.015,4,0,gic_pred,predictive_support,sir,6.29887615912335e-95
20,0.015,4,0,gic_pred,predictive_support,tv_sir,6.331082085203283e-05
20,0.015,4,0,gic_pred,predictive_support,ude_sir_h2,0.9999357913145998
20,0.015,4,0,gic_evid,equal_prior_posterior_approximation,neural_ode_h2,1.6866488769720518e-27
20,0.015,4,0,gic_evid,equal_prior_posterior_approximation,sir,2.8326012598382126e-89
20,0.015,4,0,gic_evid,equal_prior_posterior_approximation,tv_sir,0.49968269056294984
20,0.015,4,0,gic_evid,equal_prior_posterior_approximation,ude_sir_h2,0.5003173094370502
20,0.015,4,1,gic_pred,predictive_support,neural_ode_h2,2.1036706474598357e-07
20,0.015,4,1,gic_pred,predictive_support,sir,2.473298614841343e-78
20,0.015,4,1,gic_pred,predictive_support,tv_sir,5.015284593030002e-12
20,0.015,4,1,gic_pred,predictive_support,ude_sir_h2,0.9999997896279199
20,0.015,4,1,gic_evid,equal_prior_posterior_approximation,neural_ode_h2,1.2486014128364027e-22
20,0.015,4,1,gic_evid,equal_prior_posterior_approximation,sir,2.268110812164706e-72
20,0.015,4,1,gic_evid,equal_prior_posterior_approximation,tv_sir,7.826743980541633e-08
20,0.015,4,1,gic_evid,equal_prior_posterior_approximation,ude_sir_h2,0.9999999217325602
20,0.015,4,2,gic_pred,predictive_support,neural_ode_h2,0.0042280314454427904
20,0.015,4,2,gic_pred,predictive_support,sir,8.110952755157158e-94
20,0.015,4,2,gic_pred,predictive_support,tv_sir,1.7303344320191625e-07
20,0.015,4,2,gic_pred,predictive_support,ude_sir_h2,0.995771795521114
20,0.015,4,2,gic_evid,equal_prior_posterior_approximation,neural_ode_h2,4.392068763126215e-22
20,0.015,4,2,gic_evid,equal_prior_posterior_approximation,sir,3.993001046305454e-88
20,0.015,4,2,gic_evid,equal_prior_posterior_approximation,tv_sir,0.001129399302842087
20,0.015,4,2,gic_evid,equal_prior_posterior_approximation,ude_sir_h2,0.9988706006971579
20,0.015,4,3,gic_pred,predictive_support,neural_ode_h2,2.4061896714504148e-11
20,0.015,4,3,gic_pred,predictive_support,sir,9.320155735920484e-90
20,0.015,4,3,gic_pred,predictive_support,tv_sir,0.00011556618724294735
20,0.015,4,3,gic_pred,predictive_support,ude_sir_h2,0.9998844337886953
20,0.015,4,3,gic_evid,equal_prior_posterior_approximation,neural_ode_h2,1.7663073129740538e-27
20,0.015,4,3,gic_evid,equal_prior_posterior_approximation,sir,3.119198229911553e-84
20,0.015,4,3,gic_evid,equal_prior_posterior_approximation,tv_sir,0.4918884415555321
20,0.015,4,3,gic_evid,equal_prior_posterior_approximation,ude_sir_h2,0.5081115584444679
20,0.015,4,4,gic_pred,predictive_support,neural_ode_h2,1.8505273081971001e-09
20,0.015,4,4,gic_pred,predictive_support,sir,1.5868446363804913e-99
20,0.015,4,4,gic_pred,predictive_support,tv_sir,3.970212950404553e-09
20,0.015,4,4,gic_pred,predictive_support,ude_sir_h2,0.9999999941792597
20,0.015,4,4,gic_evid,equal_prior_posterior_approximation,neural_ode_h2,5.681094413830238e-26
20,0.015,4,4,gic_evid,equal_prior_posterior_approximation,sir,2.1690188120657168e-93
20,0.015,4,4,gic_evid,equal_prior_posterior_approximation,tv_sir,9.558929021286338e-05
20,0.015,4,4,gic_evid,equal_prior_posterior_approximation,ude_sir_h2,0.9999044107097871
20,0.015,4,5,gic_pred,predictive_support,neural_ode_h2,1.2872560591082918e-05
20,0.015,4,5,gic_pred,predictive_support,sir,1.0324049122388414e-89
20,0.015,4,5,gic_pred,predictive_support,tv_sir,2.6483354476903576e-09
20,0.015,4,5,gic_pred,predictive_support,ude_sir_h2,0.9999871247910734
20,0.015,4,5,gic_evid,equal_prior_posterior_approximation,neural_ode_h2,2.0376813806158197e-20
20,0.015,4,5,gic_evid,equal_prior_posterior_approximation,sir,1.0359434848676152e-83
20,0.015,4,5,gic_evid,equal_prior_posterior_approximation,tv_sir,3.546810635230566e-05
20,0.015,4,5,gic_evid,equal_prior_posterior_approximation,ude_sir_h2,0.9999645318936476
20,0.015,4,6,gic_pred,predictive_support,neural_ode_h2,1.7839605347676232e-06
20,0.015,4,6,gic_pred,predictive_support,sir,2.8918877483774625e-98
20,0.015,4,6,gic_pred,predictive_support,tv_sir,5.038645505066362e-07
20,0.015,4,6,gic_pred,predictive_support,ude_sir_h2,0.9999977121749147
20,0.015,4,6,gic_evid,equal_prior_posterior_approximation,neural_ode_h2,5.703912590754598e-25
20,0.015,4,6,gic_evid,equal_prior_posterior_approximation,sir,7.052307229517348e-93
20,0.015,4,6,gic_evid,equal_prior_posterior_approximation,tv_sir,0.0019751579427791824
20,0.015,4,6,gic_evid,equal_prior_posterior_approximation,ude_sir_h2,0.9980248420572208
20,0.015,4,7,gic_pred,predictive_support,neural_ode_h2,2.1989340367767885e-07
20,0.015,4,7,gic_pred,predictive_support,sir,1.0104207076176126e-92
20,0.015,4,7,gic_pred,predictive_support,tv_sir,1.7739500703672185e-09
20,0.015,4,7,gic_pred,predictive_support,ude_sir_h2,0.9999997783326463
20,0.015,4,7,gic_evid,equal_prior_posterior_approximation,neural_ode_h2,2.91130232271227e-22
20,0.015,4,7,gic_evid,equal_prior_posterior_approximation,sir,1.0036933120635524e-86
20,0.015,4,7,gic_evid,equal_prior_posterior_approximation,tv_sir,2.263047006684391e-05
20,0.015,4,7,gic_evid,equal_prior_posterior_approximation,ude_sir_h2,0.9999773695299331
20,0.015,4,8,gic_pred,predictive_support,neural_ode_h2,9.304865909027831e-10
20,0.015,4,8,gic_pred,predictive_support,sir,6.719677715489511e-89
20,0.015,4,8,gic_pred,predictive_support,tv_sir,5.261621430612088e-10
20,0.015,4,8,gic_pred,predictive_support,ude_sir_h2,0.9999999985433512
20,0.015,4,8,gic_evid,equal_prior_posterior_approximation,neural_ode_h2,5.530909931776978e-26
20,0.015,4,8,gic_evid,equal_prior_posterior_approximation,sir,3.277640683945294e-83
20,0.015,4,8,gic_evid,equal_prior_posterior_approximation,tv_sir,3.6487475682291115e-06
20,0.015,4,8,gic_evid,equal_prior_posterior_approximation,ude_sir_h2,0.9999963512524318
20,0.015,4,9,gic_pred,predictive_support,neural_ode_h2,4.287692909024611e-13
20,0.015,4,9,gic_pred,predictive_support,sir,7.562056230513018e-101
20,0.015,4,9,gic_pred,predictive_support,tv_sir,1.8498649996166333e-10
20,0.015,4,9,gic_pred,predictive_support,ude_sir_h2,0.9999999998145848
20,0.015,4,9,gic_evid,equal_prior_posterior_approximation,neural_ode_h2,3.608362681851353e-28
20,0.015,4,9,gic_evid,equal_prior_posterior_approximation,sir,1.3829558277717896e-94
20,0.015,4,9,gic_evid,equal_prior_posterior_approximation,tv_sir,5.287257215069545e-06
20,0.015,4,9,gic_evid,equal_prior_posterior_approximation,ude_sir_h2,0.9999947127427848
20,0.015,4,10,gic_pred,predictive_support,neural_ode_h2,2.142795815831376e-11
20,0.015,4,10,gic_pred,predictive_support,sir,3.784075395258172e-76
20,0.015,4,10,gic_pred,predictive_support,tv_sir,3.054572120957723e-11
20,0.015,4,10,gic_pred,predictive_support,ude_sir_h2,0.9999999999480262
20,0.015,4,10,gic_evid,equal_prior_posterior_approximation,neural_ode_h2,6.235598739949625e-28
20,0.015,4,10,gic_evid,equal_prior_posterior_approximation,sir,2.6776600656472427e-70
20,0.015,4,10,gic_evid,equal_prior_posterior_approximation,tv_sir,3.316881153019959e-07
20,0.015,4,10,gic_evid,equal_prior_posterior_approximation,ude_sir_h2,0.9999996683118847
20,0.015,4,11,gic_pred,predictive_support,neural_ode_h2,4.275536393337253e-07
20,0.015,4,11,gic_pred,predictive_support,sir,3.49407185723145e-82
20,0.015,4,11,gic_pred,predictive_support,tv_sir,3.9287735802699023e-07
20,0.015,4,11,gic_pred,predictive_support,ude_sir_h2,0.9999991795690027
20,0.015,4,11,gic_evid,equal_prior_posterior_approximation,neural_ode_h2,3.78795195003105e-24
20,0.015,4,11,gic_evid,equal_prior_posterior_approximation,sir,1.3665644346332422e-76
20,0.015,4,11,gic_evid,equal_prior_posterior_approximation,tv_sir,0.0022001860001195123
20,0.015,4,11,gic_evid,equal_prior_posterior_approximation,ude_sir_h2,0.9977998139998806
20,0.015,4,12,gic_pred,predictive_support,neural_ode_h2,4.804707711990817e-13
20,0.015,4,12,gic_pred,predictive_support,sir,6.244129060294048e-98
20,0.015,4,12,gic_pred,predictive_support,tv_sir,4.905889686879612e-07
20,0.015,4,12,gic_pred,predictive_support,ude_sir_h2,0.9999995094105509
20,0.015,4,12,gic_evid,equal_prior_posterior_approximation,neural_ode_h2,4.5710739526122525e-29
20,0.015,4,12,gic_evid,equal_prior_posterior_approximation,sir,7.066926755578601e-92
20,0.015,4,12,gic_evid,equal_prior_posterior_approximation,tv_sir,0.008325008395755368
20,0.015,4,12,gic_evid,equal_prior_posterior_approximation,ude_sir_h2,0.9916749916042445
20,0.015,4,13,gic_pred,predictive_support,neural_ode_h2,2.7116865148629445e-10
20,0.015,4,13,gic_pred,predictive_support,sir,5.387003037397757e-94
20,0.015,4,13,gic_pred,predictive_support,tv_sir,6.589197985429956e-11
20,0.015,4,13,gic_pred,predictive_support,ude_sir_h2,0.9999999996629394
20,0.015,4,13,gic_evid,equal_prior_posterior_approximation,neural_ode_h2,7.572917924223511e-29
20,0.015,4,13,gic_evid,equal_prior_posterior_approximation,sir,2.8343973776509053e-88
20,0.015,4,13,gic_evid,equal_prior_posterior_approximation,tv_sir,4.3390347244230756e-07
20,0.015,4,13,gic_evid,equal_prior_posterior_approximation,ude_sir_h2,0.9999995660965275
20,0.015,4,14,gic_pred,predictive_support,neural_ode_h2,2.5670474225456007e-08
20,0.015,4,14,gic_pred,predictive_support,sir,6.439413624321731e-91
20,0.015,4,14,gic_pred,predictive_support,tv_sir,3.1962529937830606e-10
20,0.015,4,14,gic_pred,predictive_support,ude_sir_h2,0.9999999740099004
20,0.015,4,14,gic_evid,equal_prior_posterior_approximation,neural_ode_h2,3.1648094587941294e-25
20,0.015,4,14,gic_evid,equal_prior_posterior_approximation,sir,2.2098380524897333e-85
20,0.015,4,14,gic_evid,equal_prior_posterior_approximation,tv_sir,1.5698338009246758e-06
20,0.015,4,14,gic_evid,equal_prior_posterior_approximation,ude_sir_h2,0.9999984301661992
20,0.015,4,15,gic_pred,predictive_support,neural_ode_h2,4.688955203052049e-05
20,0.015,4,15,gic_pred,predictive_support,sir,8.450235179167852e-88
20,0.015,4,15,gic_pred,predictive_support,tv_sir,4.044295583129446e-11
20,0.015,4,15,gic_pred,predictive_support,ude_sir_h2,0.9999531104075265
20,0.015,4,15,gic_evid,equal_prior_posterior_approximation,neural_ode_h2,5.467921383004406e-22
20,0.015,4,15,gic_evid,equal_prior_posterior_approximation,sir,3.8135213221120247e-82
20,0.015,4,15,gic_evid,equal_prior_posterior_approximation,tv_sir,2.864395538696706e-07
20,0.015,4,15,gic_evid,equal_prior_posterior_approximation,ude_sir_h2,0.999999713560446
20,0.015,4,16,gic_pred,predictive_support,neural_ode_h2,1.3356107781142517e-10
20,0.015,4,16,gic_pred,predictive_support,sir,2.961252822840111e-99
20,0.015,4,16,gic_pred,predictive_support,tv_sir,6.229883517647115e-10
20,0.015,4,16,gic_pred,predictive_support,ude_sir_h2,0.9999999992434505
20,0.015,4,16,gic_evid,equal_prior_posterior_approximation,neural_ode_h2,6.301698260113591e-28
20,0.015,4,16,gic_evid,equal_prior_posterior_approximation,sir,3.487392149657097e-93
20,0.015,4,16,gic_evid,equal_prior_posterior_approximation,tv_sir,1.1698703867414009e-05
20,0.015,4,16,gic_evid,equal_prior_posterior_approximation,ude_sir_h2,0.9999883012961327
20,0.015,4,17,gic_pred,predictive_support,neural_ode_h2,3.430501246795007e-09
20,0.015,4,17,gic_pred,predictive_support,sir,6.006643624788094e-84
20,0.015,4,17,gic_pred,predictive_support,tv_sir,5.290237967292942e-13
20,0.015,4,17,gic_pred,predictive_support,ude_sir_h2,0.9999999965689697
20,0.015,4,17,gic_evid,equal_prior_posterior_approximation,neural_ode_h2,2.1555923593145923e-25
20,0.015,4,17,gic_evid,equal_prior_posterior_approximation,sir,1.79257312270688e-78
20,0.015,4,17,gic_evid,equal_prior_posterior_approximation,tv_sir,2.385612368098387e-09
20,0.015,4,17,gic_evid,equal_prior_posterior_approximation,ude_sir_h2,0.9999999976143876
20,0.015,4,18,gic_pred,predictive_support,neural_ode_h2,3.308184145716105e-13
20,0.015,4,18,gic_pred,predictive_support,sir,4.1723814742598233e-81
20,0.015,4,18,gic_pred,predictive_support,tv_sir,6.12451738846276e-08
20,0.015,4,18,gic_pred,predictive_support,ude_sir_h2,0.9999999387544953
20,0.015,4,18,gic_evid,equal_prior_posterior_approximation,neural_ode_h2,6.426319346596877e-30
20,0.015,4,18,gic_evid,equal_prior_posterior_approximation,sir,9.226806111864392e-76
20,0.015,4,18,gic_evid,equal_prior_posterior_approximation,tv_sir,0.00020180925807495285
20,0.015,4,18,gic_evid,equal_prior_posterior_approximation,ude_sir_h2,0.9997981907419251
20,0.015,4,19,gic_pred,predictive_support,neural_ode_h2,5.592859307884553e-05
20,0.015,4,19,gic_pred,predictive_support,sir,1.8303744399548657e-92
20,0.015,4,19,gic_pred,predictive_support,tv_sir,7.526039490570818e-10
20,0.015,4,19,gic_pred,predictive_support,ude_sir_h2,0.9999440706543171
20,0.015,4,19,gic_evid,equal_prior_posterior_approximation,neural_ode_h2,4.410643839648455e-22
20,0.015,4,19,gic_evid,equal_prior_posterior_approximation,sir,3.5344539962123334e-86
20,0.015,4,19,gic_evid,equal_prior_posterior_approximation,tv_sir,2.3016705015568696e-05
20,0.015,4,19,gic_evid,equal_prior_posterior_approximation,ude_sir_h2,0.9999769832949845
20,0.045,1,0,gic_pred,predictive_support,neural_ode_h2,0.16268846426032027
20,0.045,1,0,gic_pred,predictive_support,sir,0.20404230950441976
20,0.045,1,0,gic_pred,predictive_support,tv_sir,0.27963393233609934
20,0.045,1,0,gic_pred,predictive_support,ude_sir_h2,0.35363529389916065
20,0.045,1,0,gic_evid,equal_prior_posterior_approximation,neural_ode_h2,1.67577562280223e-06
20,0.045,1,0,gic_evid,equal_prior_posterior_approximation,sir,0.5077907986058788
20,0.045,1,0,gic_evid,equal_prior_posterior_approximation,tv_sir,0.1944365619874485
20,0.045,1,0,gic_evid,equal_prior_posterior_approximation,ude_sir_h2,0.2977709636310499
20,0.045,1,1,gic_pred,predictive_support,neural_ode_h2,0.1384206861146371
20,0.045,1,1,gic_pred,predictive_support,sir,2.2411391231405592e-05
20,0.045,1,1,gic_pred,predictive_support,tv_sir,0.457060290094005
20,0.045,1,1,gic_pred,predictive_support,ude_sir_h2,0.40449661240012647
20,0.045,1,1,gic_evid,equal_prior_posterior_approximation,neural_ode_h2,2.223055156155292e-07
20,0.045,1,1,gic_evid,equal_prior_posterior_approximation,sir,0.00023344533071229144
20,0.045,1,1,gic_evid,equal_prior_posterior_approximation,tv_sir,0.9342775779876852
20,0.045,1,1,gic_evid,equal_prior_posterior_approximation,ude_sir_h2,0.06548875437608685
20,0.045,1,2,gic_pred,predictive_support,neural_ode_h2,0.1646208358387191
20,0.045,1,2,gic_pred,predictive_support,sir,0.05603082274474561
20,0.045,1,2,gic_pred,predictive_support,tv_sir,0.4285220960158729
20,0.045,1,2,gic_pred,predictive_support,ude_sir_h2,0.3508262454006624
20,0.045,1,2,gic_evid,equal_prior_posterior_approximation,neural_ode_h2,1.0943981416425967e-06
20,0.045,1,2,gic_evid,equal_prior_posterior_approximation,sir,0.23729193162439213
20,0.045,1,2,gic_evid,equal_prior_posterior_approximation,tv_sir,0.42075130215605033
20,0.045,1,2,gic_evid,equal_prior_posterior_approximation,ude_sir_h2,0.3419556718214159
20,0.045,1,3,gic_pred,predictive_support,neural_ode_h2,0.1497458849778649
20,0.045,1,3,gic_pred,predictive_support,sir,0.0025060199011146707
20,0.045,1,3,gic_pred,predictive_support,tv_sir,0.4139401780211757
20,0.045,1,3,gic_pred,predictive_support,ude_sir_h2,0.4338079170998447
20,0.045,1,3,gic_evid,equal_prior_posterior_approximation,neural_ode_h2,1.5491981067091612e-06
20,0.045,1,3,gic_evid,equal_prior_posterior_approximation,sir,0.01837314793464357
20,0.045,1,3,gic_evid,equal_prior_posterior_approximation,tv_sir,0.7611560105050932
20,0.045,1,3,gic_evid,equal_prior_posterior_approximation,ude_sir_h2,0.22046929236215648
20,0.045,1,4,gic_pred,predictive_support,neural_ode_h2,0.07213857774883861
20,0.045,1,4,gic_pred,predictive_support,sir,9.305587256901511e-05
20,0.045,1,4,gic_pred,predictive_support,tv_sir,0.47976383910332665
20,0.045,1,4,gic_pred,predictive_support,ude_sir_h2,0.44800452727526563
20,0.045,1,4,gic_evid,equal_prior_posterior_approximation,neural_ode_h2,4.389417468736452e-08
20,0.045,1,4,gic_evid,equal_prior_posterior_approximation,sir,0.0006543434126914105
20,0.045,1,4,gic_evid,equal_prior_posterior_approximation,tv_sir,0.8789163260962887
20,0.045,1,4,gic_evid,equal_prior_posterior_approximation,ude_sir_h2,0.12042928659684533
20,0.045,1,5,gic_pred,predictive_support,neural_ode_h2,0.1807297501058039
20,0.045,1,5,gic_pred,predictive_support,sir,0.14641532110690408
20,0.045,1,5,gic_pred,predictive_support,tv_sir,0.3081913112509649
20,0.045,1,5,gic_pred,predictive_support,ude_sir_h2,0.3646636175363271
20,0.045,1,5,gic_evid,equal_prior_posterior_approximation,neural_ode_h2,2.03711083171628e-06
20,0.045,1,5,gic_evid,equal_prior_posterior_approximation,sir,0.42332191340787034
20,0.045,1,5,gic_evid,equal_prior_posterior_approximation,tv_sir,0.25636545731213406
20,0.045,1,5,gic_evid,equal_prior_posterior_approximation,ude_sir_h2,0.320310592169164
20,0.045,1,6,gic_pred,predictive_support,neural_ode_h2,0.1452809649169495
20,0.045,1,6,gic_pred,predictive_support,sir,5.2895205976073235e-05
20,0.045,1,6,gic_pred,predictive_support,tv_sir,0.5047332306048349
20,0.045,1,6,gic_pred,predictive_support,ude_sir_h2,0.34993290927223947
20,0.045,1,6,gic_evid,equal_prior_posterior_approximation,neural_ode_h2,7.322496598092695e-08
20,0.045,1,6,gic_evid,equal_prior_posterior_approximation,sir,0.00034826175414159546
20,0.045,1,6,gic_evid,equal_prior_posterior_approximation,tv_sir,0.8877466941854695
20,0.045,1,6,gic_evid,equal_prior_posterior_approximation,ude_sir_h2,0.11190497083542304
20,0.045,1,7,gic_pred,predictive_support,neural_ode_h2,0.19255268118153937
20,0.045,1,7,gic_pred,predictive_support,sir,0.001367601563255431
20,0.045,1,7,gic_pred,predictive_support,tv_sir,0.3273452682058944
20,0.045,1,7,gic_pred,predictive_support,ude_sir_h2,0.4787344490493109
20,0.045,1,7,gic_evid,equal_prior_posterior_approximation,neural_ode_h2,9.14289938268126e-07
20,0.045,1,7,gic_evid,equal_prior_posterior_approximation,sir,0.012554616852327692
20,0.045,1,7,gic_evid,equal_prior_posterior_approximation,tv_sir,0.775496984319418
20,0.045,1,7,gic_evid,equal_prior_posterior_approximation,ude_sir_h2,0.21194748453831608
20,0.045,1,8,gic_pred,predictive_support,neural_ode_h2,0.038663986566648385
20,0.045,1,8,gic_pred,predictive_support,sir,0.0008927723991505603
20,0.045,1,8,gic_pred,predictive_support,tv_sir,0.5647704548931949
20,0.045,1,8,gic_pred,predictive_support,ude_sir_h2,0.39567278614100615
20,0.045,1,8,gic_evid,equal_prior_posterior_approximation,neural_ode_h2,2.0517356681987852e-07
20,0.045,1,8,gic_evid,equal_prior_posterior_approximation,sir,0.005093363568447408
20,0.045,1,8,gic_evid,equal_prior_posterior_approximation,tv_sir,0.8423209493676762
20,0.045,1,8,gic_evid,equal_prior_posterior_approximation,ude_sir_h2,0.15258548189030946
20,0.045,1,9,gic_pred,predictive_support,neural_ode_h2,0.37764263341175597
20,0.045,1,9,gic_pred,predictive_support,sir,3.702013057009457e-05
20,0.045,1,9,gic_pred,predictive_support,tv_sir,0.4027830839804025
20,0.045,1,9,gic_pred,predictive_support,ude_sir_h2,0.21953726247727134
20,0.045,1,9,gic_evid,equal_prior_posterior_approximation,neural_ode_h2,4.08027273906452e-06
20,0.045,1,9,gic_evid,equal_prior_posterior_approximation,sir,0.0009348843402761975
20,0.045,1,9,gic_evid,equal_prior_posterior_approximation,tv_sir,0.9198342974114129
20,0.045,1,9,gic_evid,equal_prior_posterior_approximation,ude_sir_h2,0.07922673797557193
20,0.045,1,10,gic_pred,predictive_support,neural_ode_h2,0.09285223672260427
20,0.045,1,10,gic_pred,predictive_support,sir,0.29515684870879083
20,0.045,1,10,gic_pred,predictive_support,tv_sir,0.29143842095091393
20,0.045,1,10,gic_pred,predictive_support,ude_sir_h2,0.32055249361769106
20,0.045,1,10,gic_evid,equal_prior_posterior_approximation,neural_ode_h2,1.7960055506314307e-07
20,0.045,1,10,gic_evid,equal_prior_posterior_approximation,sir,0.5519217047895534
20,0.045,1,10,gic_evid,equal_prior_posterior_approximation,tv_sir,0.16801294467593458
20,0.045,1,10,gic_evid,equal_prior_posterior_approximation,ude_sir_h2,0.28006517093395705
20,0.045,1,11,gic_pred,predictive_support,neural_ode_h2,0.40484618932603833
20,0.045,1,11,gic_pred,predictive_support,sir,0.1325797717070964
20,0.045,1,11,gic_pred,predictive_support,tv_sir,0.20981299955022797
20,0.045,1,11,gic_pred,predictive_support,ude_sir_h2,0.2527610394166373
20,0.045,1,11,gic_evid,equal_prior_posterior_approximation,neural_ode_h2,7.126769963590303e-07
20,0.045,1,11,gic_evid,equal_prior_posterior_approximation,sir,0.46782260006677884
20,0.045,1,11,gic_evid,equal_prior_posterior_approximation,tv_sir,0.22857015456754073
20,0.045,1,11,gic_evid,equal_prior_posterior_approximation,ude_sir_h2,0.30360653268868404
20,0.045,1,12,gic_pred,predictive_support,neural_ode_h2,0.04633999141957057
20,0.045,1,12,gic_pred,predictive_support,sir,0.00360399385358038
20,0.045,1,12,gic_pred,predictive_support,tv_sir,0.5005050295958177
20,0.045,1,12,gic_pred,predictive_support,ude_sir_h2,0.4495509851310314
20,0.045,1,12,gic_evid,equal_prior_posterior_approximation,neural_ode_h2,2.10861754572979e-07
20,0.045,1,12,gic_evid,equal_prior_posterior_approximation,sir,0.01922873483165478
20,0.045,1,12,gic_evid,equal_prior_posterior_approximation,tv_sir,0.7500630188224325
20,0.045,1,12,gic_evid,equal_prior_posterior_approximation,ude_sir_h2,0.23070803548415802
20,0.045,1,13,gic_pred,predictive_support,neural_ode_h2,0.028642030436428732
20,0.045,1,13,gic_pred,predictive_support,sir,0.0006597249599284377
20,0.045,1,13,gic_pred,predictive_support,tv_sir,0.590491212034742
20,0.045,1,13,gic_pred,predictive_support,ude_sir_h2,0.3802070325689008
20,0.045,1,13,gic_evid,equal_prior_posterior_approximation,neural_ode_h2,1.2614405206763018e-07
20,0.045,1,13,gic_evid,equal_prior_posterior_approximation,sir,0.0035225991544264876
20,0.045,1,13,gic_evid,equal_prior_posterior_approximation,tv_sir,0.8357429787812182
20,0.045,1,13,gic_evid,equal_prior_posterior_approximation,ude_sir_h2,0.16073429592030328
20,0.045,1,14,gic_pred,predictive_support,neural_ode_h2,0.15635279698362214
20,0.045,1,14,gic_pred,predictive_support,sir,0.23305982142256124
20,0.045,1,14,gic_pred,predictive_support,tv_sir,0.26887675718060144
20,0.045,1,14,gic_pred,predictive_support,ude_sir_h2,0.34171062441321515
20,0.045,1,14,gic_evid,equal_prior_posterior_approximation,neural_ode_h2,1.977199990562758e-06
20,0.045,1,14,gic_evid,equal_prior_posterior_approximation,sir,0.5025519996043368
20,0.045,1,14,gic_evid,equal_prior_posterior_approximation,tv_sir,0.19108307764686
20,0.045,1,14,gic_evid,equal_prior_posterior_approximation,ude_sir_h2,0.30636294554881266
20,0.045,1,15,gic_pred,predictive_support,neural_ode_h2,0.2860729759733522
20,0.045,1,15,gic_pred,predictive_support,sir,0.004792205576016277
20,0.045,1,15,gic_pred,predictive_support,tv_sir,0.3219163699449285
20,0.045,1,15,gic_pred,predictive_support,ude_sir_h2,0.38721844850570303
20,0.045,1,15,gic_evid,equal_prior_posterior_approximation,neural_ode_h2,1.2347781941306132e-06
20,0.045,1,15,gic_evid,equal_prior_posterior_approximation,sir,0.03928288865775642
20,0.045,1,15,gic_evid,equal_prior_posterior_approximation,tv_sir,0.6807298556396948
20,0.045,1,15,gic_evid,equal_prior_posterior_approximation,ude_sir_h2,0.27998602092435465
20,0.045,1,16,gic_pred,predictive_support,neural_ode_h2,0.09771632584654764
20,0.045,1,16,gic_pred,predictive_support,sir,0.05792042166449443
20,0.045,1,16,gic_pred,predictive_support,tv_sir,0.4400338621319625
20,0.045,1,16,gic_pred,predictive_support,ude_sir_h2,0.4043293903569953
20,0.045,1,16,gic_evid,equal_prior_posterior_approximation,neural_ode_h2,1.1993115516735974e-06
20,0.045,1,16,gic_evid,equal_prior_posterior_approximation,sir,0.24960913076836483
20,0.045,1,16,gic_evid,equal_prior_posterior_approximation,tv_sir,0.45476492868476054
20,0.045,1,16,gic_evid,equal_prior_posterior_approximation,ude_sir_h2,0.295624741235323
20,0.045,1,17,gic_pred,predictive_support,neural_ode_h2,0.17905201321321546
20,0.045,1,17,gic_pred,predictive_support,sir,0.24883839432881152
20,0.045,1,17,gic_pred,predictive_support,tv_sir,0.2807687786648241
20,0.045,1,17,gic_pred,predictive_support,ude_sir_h2,0.29134081379314897
20,0.045,1,17,gic_evid,equal_prior_posterior_approximation,neural_ode_h2,3.5095291101995443e-07
20,0.045,1,17,gic_evid,equal_prior_posterior_approximation,sir,0.5280224266278181
20,0.045,1,17,gic_evid,equal_prior_posterior_approximation,tv_sir,0.1879356950404531
20,0.045,1,17,gic_evid,equal_prior_posterior_approximation,ude_sir_h2,0.28404152737881777
20,0.045,1,18,gic_pred,predictive_support,neural_ode_h2,0.10560536637251536
20,0.045,1,18,gic_pred,predictive_support,sir,0.0028726506854298978
20,0.045,1,18,gic_pred,predictive_support,tv_sir,0.4317281778319453
20,0.045,1,18,gic_pred,predictive_support,ude_sir_h2,0.4597938051101095
20,0.045,1,18,gic_evid,equal_prior_posterior_approximation,neural_ode_h2,6.235917767243568e-07
20,0.045,1,18,gic_evid,equal_prior_posterior_approximation,sir,0.018863086976724376
20,0.045,1,18,gic_evid,equal_prior_posterior_approximation,tv_sir,0.7619075664867025
20,0.045,1,18,gic_evid,equal_prior_posterior_approximation,ude_sir_h2,0.21922872294479637
20,0.045,1,19,gic_pred,predictive_support,neural_ode_h2,0.17507427454661392
20,0.045,1,19,gic_pred,predictive_support,sir,0.002615347830525722
20,0.045,1,19,gic_pred,predictive_support,tv_sir,0.38936412756261146
20,0.045,1,19,gic_pred,predictive_support,ude_sir_h2,0.43294625006024884
20,0.045,1,19,gic_evid,equal_prior_posterior_approximation,neural_ode_h2,3.8770710191468567e-07
20,0.045,1,19,gic_evid,equal_prior_posterior_approximation,sir,0.018373587598959375
20,0.045,1,19,gic_evid,equal_prior_posterior_approximation,tv_sir,0.7513595078834776
20,0.045,1,19,gic_evid,equal_prior_posterior_approximation,ude_sir_h2,0.23026651681046115
20,0.045,2,0,gic_pred,predictive_support,neural_ode_h2,0.00039986524568926305
20,0.045,2,0,gic_pred,predictive_support,sir,0.0001798559185186267
20,0.045,2,0,gic_pred,predictive_support,tv_sir,0.6152064710583786
20,0.045,2,0,gic_pred,predictive_support,ude_sir_h2,0.3842138077774136
20,0.045,2,0,gic_evid,equal_prior_posterior_approximation,neural_ode_h2,3.9625703233766634e-09
20,0.045,2,0,gic_evid,equal_prior_posterior_approximation,sir,0.0014347323104704499
20,0.045,2,0,gic_evid,equal_prior_posterior_approximation,tv_sir,0.9840995972752624
20,0.045,2,0,gic_evid,equal_prior_posterior_approximation,ude_sir_h2,0.01446566645169677
20,0.045,2,1,gic_pred,predictive_support,neural_ode_h2,0.007050713712073232
20,0.045,2,1,gic_pred,predictive_support,sir,1.4158821913027517e-05
20,0.045,2,1,gic_pred,predictive_support,tv_sir,0.6792645976235862
20,0.045,2,1,gic_pred,predictive_support,ude_sir_h2,0.31367052984242744
20,0.045,2,1,gic_evid,equal_prior_posterior_approximation,neural_ode_h2,1.4816929502351647e-08
20,0.045,2,1,gic_evid,equal_prior_posterior_approximation,sir,0.00012457714298514248
20,0.045,2,1,gic_evid,equal_prior_posterior_approximation,tv_sir,0.9974940626894165
20,0.045,2,1,gic_evid,equal_prior_posterior_approximation,ude_sir_h2,0.0023813453506687605
20,0.045,2,2,gic_pred,predictive_support,neural_ode_h2,1.0963516933935371e-07
20,0.045,2,2,gic_pred,predictive_support,sir,9.658065801750604e-07
20,0.045,2,2,gic_pred,predictive_support,tv_sir,0.8172012014681906
20,0.045,2,2,gic_pred,predictive_support,ude_sir_h2,0.18279772309005995
20,0.045,2,2,gic_evid,equal_prior_posterior_approximation,neural_ode_h2,6.706897503323495e-14
20,0.045,2,2,gic_evid,equal_prior_posterior_approximation,sir,6.7142868158773495e-06
20,0.045,2,2,gic_evid,equal_prior_posterior_approximation,tv_sir,0.9960204790372025
20,0.045,2,2,gic_evid,equal_prior_posterior_approximation,ude_sir_h2,0.003972806675914659
20,0.045,2,3,gic_pred,predictive_support,neural_ode_h2,0.002355776760937032
20,0.045,2,3,gic_pred,predictive_support,sir,0.2175249161217542
20,0.045,2,3,gic_pred,predictive_support,tv_sir,0.5218006567112183
20,0.045,2,3,gic_pred,predictive_support,ude_sir_h2,0.25831865040609037
20,0.045,2,3,gic_evid,equal_prior_posterior_approximation,neural_ode_h2,1.1897375641417994e-07
20,0.045,2,3,gic_evid,equal_prior_posterior_approximation,sir,0.598978571811088
20,0.045,2,3,gic_evid,equal_prior_posterior_approximation,tv_sir,0.26015233801224513
20,0.045,2,3,gic_evid,equal_prior_posterior_approximation,ude_sir_h2,0.1408689712029104
20,0.045,2,4,gic_pred,predictive_support,neural_ode_h2,0.0007070995993070072
20,0.045,2,4,gic_pred,predictive_support,sir,0.215045224646442
20,0.045,2,4,gic_pred,predictive_support,tv_sir,0.636574382863676
20,0.045,2,4,gic_pred,predictive_support,ude_sir_h2,0.14767329289057501
20,0.045,2,4,gic_evid,equal_prior_posterior_approximation,neural_ode_h2,4.744597314007569e-09
20,0.045,2,4,gic_evid,equal_prior_posterior_approximation,sir,0.5492284721309082
20,0.045,2,4,gic_evid,equal_prior_posterior_approximation,tv_sir,0.30050365414241326
20,0.045,2,4,gic_evid,equal_prior_posterior_approximation,ude_sir_h2,0.15026786898208122
20,0.045,2,5,gic_pred,predictive_support,neural_ode_h2,1.3505078699263407e-06
20,0.045,2,5,gic_pred,predictive_support,sir,0.003056754565189469
20,0.045,2,5,gic_pred,predictive_support,tv_sir,0.7700044403739933
20,0.045,2,5,gic_pred,predictive_support,ude_sir_h2,0.22693745455294734
20,0.045,2,5,gic_evid,equal_prior_posterior_approximation,neural_ode_h2,3.3137169767458697e-12
20,0.045,2,5,gic_evid,equal_prior_posterior_approximation,sir,0.018631663381167514
20,0.045,2,5,gic_evid,equal_prior_posterior_approximation,tv_sir,0.957837592732701
20,0.045,2,5,gic_evid,equal_prior_posterior_approximation,ude_sir_h2,0.02353074388281797
20,0.045,2,6,gic_pred,predictive_support,neural_ode_h2,2.880999860586543e-06
20,0.045,2,6,gic_pred,predictive_support,sir,0.007260684001981258
20,0.045,2,6,gic_pred,predictive_support,tv_sir,0.6112500829526557
20,0.045,2,6,gic_pred,predictive_support,ude_sir_h2,0.38148635204550246
20,0.045,2,6,gic_evid,equal_prior_posterior_approximation,neural_ode_h2,1.9073923699913613e-11
20,0.045,2,6,gic_evid,equal_prior_posterior_approximation,sir,0.04799315705673837
20,0.045,2,6,gic_evid,equal_prior_posterior_approximation,tv_sir,0.876150382068079
20,0.045,2,6,gic_evid,equal_prior_posterior_approximation,ude_sir_h2,0.07585646085610878
20,0.045,2,7,gic_pred,predictive_support,neural_ode_h2,1.1448044255689463e-05
20,0.045,2,7,gic_pred,predictive_support,sir,0.00044526032675872457
20,0.045,2,7,gic_pred,predictive_support,tv_sir,0.7847007312532384
20,0.045,2,7,gic_pred,predictive_support,ude_sir_h2,0.21484256037574725
20,0.045,2,7,gic_evid,equal_prior_posterior_approximation,neural_ode_h2,7.640874133727627e-11
20,0.045,2,7,gic_evid,equal_prior_posterior_approximation,sir,0.0033301342360613005
20,0.045,2,7,gic_evid,equal_prior_posterior_approximation,tv_sir,0.9822911999593271
20,0.045,2,7,gic_evid,equal_prior_posterior_approximation,ude_sir_h2,0.014378665728202922
20,0.045,2,8,gic_pred,predictive_support,neural_ode_h2,0.035462834551516206
20,0.045,2,8,gic_pred,predictive_support,sir,0.00021128938721964313
20,0.045,2,8,gic_pred,predictive_support,tv_sir,0.5777748391827633
20,0.045,2,8,gic_pred,predictive_support,ude_sir_h2,0.38655103687850084
20,0.045,2,8,gic_evid,equal_prior_posterior_approximation,neural_ode_h2,2.0140747683340229e-07
20,0.045,2,8,gic_evid,equal_prior_posterior_approximation,sir,0.0017826019312480305
20,0.045,2,8,gic_evid,equal_prior_posterior_approximation,tv_sir,0.9923884646958281
20,0.045,2,8,gic_evid,equal_prior_posterior_approximation,ude_sir_h2,0.00582873196544699
20,0.045,2,9,gic_pred,predictive_support,neural_ode_h2,0.0036497052532243708
20,0.045,2,9,gic_pred,predictive_support,sir,0.0013992684211355266
20,0.045,2,9,gic_pred,predictive_support,tv_sir,0.9521431544595139
20,0.045,2,9,gic_pred,predictive_support,ude_sir_h2,0.04280787186612632
20,0.045,2,9,gic_evid,equal_prior_posterior_approximation,neural_ode_h2,1.1239742272211282e-08
20,0.045,2,9,gic_evid,equal_prior_posterior_approximation,sir,0.012209919655329608
20,0.045,2,9,gic_evid,equal_prior_posterior_approximation,tv_sir,0.9846873675614884
20,0.045,2,9,gic_evid,equal_prior_posterior_approximation,ude_sir_h2,0.003102701543439655
20,0.045,2,10,gic_pred,predictive_support,neural_ode_h2,0.48220936341065995
20,0.045,2,10,gic_pred,predictive_support,sir,3.454294729097848e-07
20,0.045,2,10,gic_pred,predictive_support,tv_sir,0.1385017311191631
20,0.045,2,10,gic_pred,predictive_support,ude_sir_h2,0.37928856004070405
20,0.045,2,10,gic_evid,equal_prior_posterior_approximation,neural_ode_h2,5.157773858900761e-06
20,0.045,2,10,gic_evid,equal_prior_posterior_approximation,sir,1.3548674357769793e-05
20,0.045,2,10,gic_evid,equal_prior_posterior_approximation,tv_sir,0.9975567181993394
20,0.045,2,10,gic_evid,equal_prior_posterior_approximation,ude_sir_h2,0.002424575352443852
20,0.045,2,11,gic_pred,predictive_support,neural_ode_h2,0.0001997024588097204
20,0.045,2,11,gic_pred,predictive_support,sir,3.6408763388162357e-07
20,0.045,2,11,gic_pred,predictive_support,tv_sir,0.8957031051456612
20,0.045,2,11,gic_pred,predictive_support,ude_sir_h2,0.10409682830789524
20,0.045,2,11,gic_evid,equal_prior_posterior_approximation,neural_ode_h2,2.2033006606955943e-10
20,0.045,2,11,gic_evid,equal_prior_posterior_approximation,sir,2.272599414696645e-06
20,0.045,2,11,gic_evid,equal_prior_posterior_approximation,tv_sir,0.9991346212735479
20,0.045,2,11,gic_evid,equal_prior_posterior_approximation,ude_sir_h2,0.0008631059067073799
20,0.045,2,12,gic_pred,predictive_support,neural_ode_h2,9.236775760179574e-05
20,0.045,2,12,gic_pred,predictive_support,sir,0.30989584100917333
20,0.045,2,12,gic_pred,predictive_support,tv_sir,0.4772846649762532
20,0.045,2,12,gic_pred,predictive_support,ude_sir_h2,0.2127271262569718
20,0.045,2,12,gic_evid,equal_prior_posterior_approximation,neural_ode_h2,6.047791175540633e-10
20,0.045,2,12,gic_evid,equal_prior_posterior_approximation,sir,0.6120726284709654
20,0.045,2,12,gic_evid,equal_prior_posterior_approximation,tv_sir,0.20308880418558578
20,0.045,2,12,gic_evid,equal_prior_posterior_approximation,ude_sir_h2,0.1848385667386696
20,0.045,2,13,gic_pred,predictive_support,neural_ode_h2,0.00014029028682764513
20,0.045,2,13,gic_pred,predictive_support,sir,1.5503146238576804e-06
20,0.045,2,13,gic_pred,predictive_support,tv_sir,0.8376477897225207
20,0.045,2,13,gic_pred,predictive_support,ude_sir_h2,0.16221036967602778
20,0.045,2,13,gic_evid,equal_prior_posterior_approximation,neural_ode_h2,4.3429562816990685e-10
20,0.045,2,13,gic_evid,equal_prior_posterior_approximation,sir,9.463497163938994e-06
20,0.045,2,13,gic_evid,equal_prior_posterior_approximation,tv_sir,0.998211108560102
20,0.045,2,13,gic_evid,equal_prior_posterior_approximation,ude_sir_h2,0.0017794275084385125
20,0.045,2,14,gic_pred,predictive_support,neural_ode_h2,0.0010247112906863899
20,0.045,2,14,gic_pred,predictive_support,sir,8.509114625436452e-07
20,0.045,2,14,gic_pred,predictive_support,tv_sir,0.7711142168779158
20,0.045,2,14,gic_pred,predictive_support,ude_sir_h2,0.22786022091993507
20,0.045,2,14,gic_evid,equal_prior_posterior_approximation,neural_ode_h2,2.744812302822039e-09
20,0.045,2,14,gic_evid,equal_prior_posterior_approximation,sir,6.603158173310836e-06
20,0.045,2,14,gic_evid,equal_prior_posterior_approximation,tv_sir,0.9972948464754774
20,0.045,2,14,gic_evid,equal_prior_posterior_approximation,ude_sir_h2,0.002698547621536973
20,0.045,2,15,gic_pred,predictive_support,neural_ode_h2,0.003194916359168848
20,0.045,2,15,gic_pred,predictive_support,sir,0.05388942736343181
20,0.045,2,15,gic_pred,predictive_support,tv_sir,0.4934716339816409
20,0.045,2,15,gic_pred,predictive_support,ude_sir_h2,0.4494440222957586
20,0.045,2,15,gic_evid,equal_prior_posterior_approximation,neural_ode_h2,3.47292063885623e-08
20,0.045,2,15,gic_evid,equal_prior_posterior_approximation,sir,0.31225235052420125
20,0.045,2,15,gic_evid,equal_prior_posterior_approximation,tv_sir,0.6330121840549534
20,0.045,2,15,gic_evid,equal_prior_posterior_approximation,ude_sir_h2,0.05473543069163893
20,0.045,2,16,gic_pred,predictive_support,neural_ode_h2,1.6800883639364624e-08
20,0.045,2,16,gic_pred,predictive_support,sir,3.434370116201249e-08
20,0.045,2,16,gic_pred,predictive_support,tv_sir,0.46077637687330236
20,0.045,2,16,gic_pred,predictive_support,ude_sir_h2,0.5392235719821129
20,0.045,2,16,gic_evid,equal_prior_posterior_approximation,neural_ode_h2,4.110177795422254e-14
20,0.045,2,16,gic_evid,equal_prior_posterior_approximation,sir,4.6547466776203704e-07
20,0.045,2,16,gic_evid,equal_prior_posterior_approximation,tv_sir,0.9833502342716163
20,0.045,2,16,gic_evid,equal_prior_posterior_approximation,ude_sir_h2,0.016649300253675035
20,0.045,2,17,gic_pred,predictive_support,neural_ode_h2,0.0008760495737278633
20,0.045,2,17,gic_pred,predictive_support,sir,0.0008635361181418359
20,0.045,2,17,gic_pred,predictive_support,tv_sir,0.6647399256460675
20,0.045,2,17,gic_pred,predictive_support,ude_sir_h2,0.3335204886620628
20,0.045,2,17,gic_evid,equal_prior_posterior_approximation,neural_ode_h2,4.164403868503911e-09
20,0.045,2,17,gic_evid,equal_prior_posterior_approximation,sir,0.007175622116349537
20,0.045,2,17,gic_evid,equal_prior_posterior_approximation,tv_sir,0.9834958645570671
20,0.045,2,17,gic_evid,equal_prior_posterior_approximation,ude_sir_h2,0.009328509162179534
20,0.045,2,18,gic_pred,predictive_support,neural_ode_h2,0.0006888346830330167
20,0.045,2,18,gic_pred,predictive_support,sir,1.7377580433880557e-07
20,0.045,2,18,gic_pred,predictive_support,tv_sir,0.888086356793107
20,0.045,2,18,gic_pred,predictive_support,ude_sir_h2,0.11122463474805569
20,0.045,2,18,gic_evid,equal_prior_posterior_approximation,neural_ode_h2,8.80184946333067e-10
20,0.045,2,18,gic_evid,equal_prior_posterior_approximation,sir,1.2962915675592416e-06
20,0.045,2,18,gic_evid,equal_prior_posterior_approximation,tv_sir,0.9992924967908783
20,0.045,2,18,gic_evid,equal_prior_posterior_approximation,ude_sir_h2,0.0007062060373693084
20,0.045,2,19,gic_pred,predictive_support,neural_ode_h2,3.2330201807156613e-06
20,0.045,2,19,gic_pred,predictive_support,sir,1.7399861617242558e-07
20,0.045,2,19,gic_pred,predictive_support,tv_sir,0.8032625810329675
20,0.045,2,19,gic_pred,predictive_support,ude_sir_h2,0.19673401194823562
20,0.045,2,19,gic_evid,equal_prior_posterior_approximation,neural_ode_h2,2.1397091000856066e-12
20,0.045,2,19,gic_evid,equal_prior_posterior_approximation,sir,1.0831720010201332e-06
20,0.045,2,19,gic_evid,equal_prior_posterior_approximation,tv_sir,0.9984020273566035
20,0.045,2,19,gic_evid,equal_prior_posterior_approximation,ude_sir_h2,0.001596889469255734
20,0.045,4,0,gic_pred,predictive_support,neural_ode_h2,0.00010163426885803567
20,0.045,4,0,gic_pred,predictive_support,sir,2.768008804638561e-13
20,0.045,4,0,gic_pred,predictive_support,tv_sir,0.6630414551294064
20,0.045,4,0,gic_pred,predictive_support,ude_sir_h2,0.3368569106014587
20,0.045,4,0,gic_evid,equal_prior_posterior_approximation,neural_ode_h2,2.3811643149915e-19
20,0.045,4,0,gic_evid,equal_prior_posterior_approximation,sir,3.654284353800158e-12
20,0.045,4,0,gic_evid,equal_prior_posterior_approximation,tv_sir,0.9985096977571757
20,0.045,4,0,gic_evid,equal_prior_posterior_approximation,ude_sir_h2,0.0014903022391701455
20,0.045,4,1,gic_pred,predictive_support,neural_ode_h2,0.28649108572477217
20,0.045,4,1,gic_pred,predictive_support,sir,3.0265518872887125e-06
20,0.045,4,1,gic_pred,predictive_support,tv_sir,0.04232710390922478
20,0.045,4,1,gic_pred,predictive_support,ude_sir_h2,0.6711787838141158
20,0.045,4,1,gic_evid,equal_prior_posterior_approximation,neural_ode_h2,1.3803535196396855e-12
20,0.045,4,1,gic_evid,equal_prior_posterior_approximation,sir,0.0005543214766057465
20,0.045,4,1,gic_evid,equal_prior_posterior_approximation,tv_sir,0.9594332519455778
20,0.045,4,1,gic_evid,equal_prior_posterior_approximation,ude_sir_h2,0.04001242657643602
20,0.045,4,2,gic_pred,predictive_support,neural_ode_h2,0.0005272706776957332
20,0.045,4,2,gic_pred,predictive_support,sir,2.1827170210483136e-11
20,0.045,4,2,gic_pred,predictive_support,tv_sir,0.5008064717267197
20,0.045,4,2,gic_pred,predictive_support,ude_sir_h2,0.49866625757375754
20,0.045,4,2,gic_evid,equal_prior_posterior_approximation,neural_ode_h2,3.089763354157728e-18
20,0.045,4,2,gic_evid,equal_prior_posterior_approximation,sir,4.956703921370598e-10
20,0.045,4,2,gic_evid,equal_prior_posterior_approximation,tv_sir,0.9953958248142855
20,0.045,4,2,gic_evid,equal_prior_posterior_approximation,ude_sir_h2,0.004604174690044315
20,0.045,4,3,gic_pred,predictive_support,neural_ode_h2,0.0012126251357846196
20,0.045,4,3,gic_pred,predictive_support,sir,5.11894190068932e-11
20,0.045,4,3,gic_pred,predictive_support,tv_sir,0.7794857294056637
20,0.045,4,3,gic_pred,predictive_support,ude_sir_h2,0.21930164540736216
20,0.045,4,3,gic_evid,equal_prior_posterior_approximation,neural_ode_h2,3.297948428173283e-14
20,0.045,4,3,gic_evid,equal_prior_posterior_approximation,sir,8.894096693895164e-10
20,0.045,4,3,gic_evid,equal_prior_posterior_approximation,tv_sir,0.9995561102247535
20,0.045,4,3,gic_evid,equal_prior_posterior_approximation,ude_sir_h2,0.0004438888858038057
20,0.045,4,4,gic_pred,predictive_support,neural_ode_h2,0.1604797286966907
20,0.045,4,4,gic_pred,predictive_support,sir,2.1160609231410189e-13
20,0.045,4,4,gic_pred,predictive_support,tv_sir,0.4895067119502878
20,0.045,4,4,gic_pred,predictive_support,ude_sir_h2,0.35001355935281
20,0.045,4,4,gic_evid,equal_prior_posterior_approximation,neural_ode_h2,1.0081035713908697e-16
20,0.045,4,4,gic_evid,equal_prior_posterior_approximation,sir,3.674682642999352e-12
20,0.045,4,4,gic_evid,equal_prior_posterior_approximation,tv_sir,0.997566198128499
20,0.045,4,4,gic_evid,equal_prior_posterior_approximation,ude_sir_h2,0.0024338018678261787
20,0.045,4,5,gic_pred,predictive_support,neural_ode_h2,0.22709567159317312
20,0.045,4,5,gic_pred,predictive_support,sir,1.0430826164236796e-09
20,0.045,4,5,gic_pred,predictive_support,tv_sir,0.2318589155244492
20,0.045,4,5,gic_pred,predictive_support,ude_sir_h2,0.5410454118392951
20,0.045,4,5,gic_evid,equal_prior_posterior_approximation,neural_ode_h2,2.2360003068526035e-13
20,0.045,4,5,gic_evid,equal_prior_posterior_approximation,sir,5.4826495084197205e-08
20,0.045,4,5,gic_evid,equal_prior_posterior_approximation,tv_sir,0.997147723404836
20,0.045,4,5,gic_evid,equal_prior_posterior_approximation,ude_sir_h2,0.0028522217684450943
20,0.045,4,6,gic_pred,predictive_support,neural_ode_h2,5.5317276023568117e-05
20,0.045,4,6,gic_pred,predictive_support,sir,2.0874227726922166e-13
20,0.045,4,6,gic_pred,predictive_support,tv_sir,0.3355883163324104
20,0.045,4,6,gic_pred,predictive_support,ude_sir_h2,0.6643563663913572
20,0.045,4,6,gic_evid,equal_prior_posterior_approximation,neural_ode_h2,2.2247835026407646e-19
20,0.045,4,6,gic_evid,equal_prior_posterior_approximation,sir,5.007338610488648e-12
20,0.045,4,6,gic_evid,equal_prior_posterior_approximation,tv_sir,0.9934579091843944
20,0.045,4,6,gic_evid,equal_prior_posterior_approximation,ude_sir_h2,0.006542090810598302
20,0.045,4,7,gic_pred,predictive_support,neural_ode_h2,0.17846492551456253
20,0.045,4,7,gic_pred,predictive_support,sir,2.033785938412155e-11
20,0.045,4,7,gic_pred,predictive_support,tv_sir,0.10781188345785939
20,0.045,4,7,gic_pred,predictive_support,ude_sir_h2,0.7137231910072401
20,0.045,4,7,gic_evid,equal_prior_posterior_approximation,neural_ode_h2,8.685764716283158e-12
20,0.045,4,7,gic_evid,equal_prior_posterior_approximation,sir,2.2938111831282666e-09
20,0.045,4,7,gic_evid,equal_prior_posterior_approximation,tv_sir,0.9962845086365187
20,0.045,4,7,gic_evid,equal_prior_posterior_approximation,ude_sir_h2,0.0037154890609843415
20,0.045,4,8,gic_pred,predictive_support,neural_ode_h2,0.014886824499847578
20,0.045,4,8,gic_pred,predictive_support,sir,2.4773861541916917e-09
20,0.045,4,8,gic_pred,predictive_support,tv_sir,0.15324495204690794
20,0.045,4,8,gic_pred,predictive_support,ude_sir_h2,0.8318682209758583
20,0.045,4,8,gic_evid,equal_prior_posterior_approximation,neural_ode_h2,3.775559651051007e-15
20,0.045,4,8,gic_evid,equal_prior_posterior_approximation,sir,1.5522770185290508e-07
20,0.045,4,8,gic_evid,equal_prior_posterior_approximation,tv_sir,0.9865663894382352
20,0.045,4,8,gic_evid,equal_prior_posterior_approximation,ude_sir_h2,0.013433455334059156
20,0.045,4,9,gic_pred,predictive_support,neural_ode_h2,0.05796556942238116
20,0.045,4,9,gic_pred,predictive_support,sir,1.512822062831289e-13
20,0.045,4,9,gic_pred,predictive_support,tv_sir,0.12707470554024336
20,0.045,4,9,gic_pred,predictive_support,ude_sir_h2,0.8149597250372242
20,0.045,4,9,gic_evid,equal_prior_posterior_approximation,neural_ode_h2,8.396858935215216e-16
20,0.045,4,9,gic_evid,equal_prior_posterior_approximation,sir,1.0556386539350549e-11
20,0.045,4,9,gic_evid,equal_prior_posterior_approximation,tv_sir,0.9937805732814976
20,0.045,4,9,gic_evid,equal_prior_posterior_approximation,ude_sir_h2,0.006219426707945169
20,0.045,4,10,gic_pred,predictive_support,neural_ode_h2,0.030543058256612833
20,0.045,4,10,gic_pred,predictive_support,sir,2.1059213820819695e-05
20,0.045,4,10,gic_pred,predictive_support,tv_sir,0.11650508274343392
20,0.045,4,10,gic_pred,predictive_support,ude_sir_h2,0.8529307997861324
20,0.045,4,10,gic_evid,equal_prior_posterior_approximation,neural_ode_h2,2.0324680674609525e-16
20,0.045,4,10,gic_evid,equal_prior_posterior_approximation,sir,0.0013467009072020701
20,0.045,4,10,gic_evid,equal_prior_posterior_approximation,tv_sir,0.86349976269651
20,0.045,4,10,gic_evid,equal_prior_posterior_approximation,ude_sir_h2,0.13515353639628785
20,0.045,4,11,gic_pred,predictive_support,neural_ode_h2,0.003106216854719677
20,0.045,4,11,gic_pred,predictive_support,sir,1.7058022458818135e-07
20,0.045,4,11,gic_pred,predictive_support,tv_sir,0.7010251533200723
20,0.045,4,11,gic_pred,predictive_support,ude_sir_h2,0.2958684592449834
20,0.045,4,11,gic_evid,equal_prior_posterior_approximation,neural_ode_h2,3.786231026403306e-18
20,0.045,4,11,gic_evid,equal_prior_posterior_approximation,sir,2.322699099374414e-06
20,0.045,4,11,gic_evid,equal_prior_posterior_approximation,tv_sir,0.9970070511431813
20,0.045,4,11,gic_evid,equal_prior_posterior_approximation,ude_sir_h2,0.0029906261577193963
20,0.045,4,12,gic_pred,predictive_support,neural_ode_h2,0.0007154863139276759
20,0.045,4,12,gic_pred,predictive_support,sir,6.899973153335315e-13
20,0.045,4,12,gic_pred,predictive_support,tv_sir,0.7269588824885339
20,0.045,4,12,gic_pred,predictive_support,ude_sir_h2,0.27232563119684833
20,0.045,4,12,gic_evid,equal_prior_posterior_approximation,neural_ode_h2,2.0346705070161017e-17
20,0.045,4,12,gic_evid,equal_prior_posterior_approximation,sir,8.572174388821925e-12
20,0.045,4,12,gic_evid,equal_prior_posterior_approximation,tv_sir,0.9995700854469052
20,0.045,4,12,gic_evid,equal_prior_posterior_approximation,ude_sir_h2,0.000429914544522654
20,0.045,4,13,gic_pred,predictive_support,neural_ode_h2,0.0003171845501302782
20,0.045,4,13,gic_pred,predictive_support,sir,2.2272459278557607e-11
20,0.045,4,13,gic_pred,predictive_support,tv_sir,0.04437360948585802
20,0.045,4,13,gic_pred,predictive_support,ude_sir_h2,0.9553092059417392
20,0.045,4,13,gic_evid,equal_prior_posterior_approximation,neural_ode_h2,1.1638179288202158e-17
20,0.045,4,13,gic_evid,equal_prior_posterior_approximation,sir,6.050285891850292e-09
20,0.045,4,13,gic_evid,equal_prior_posterior_approximation,tv_sir,0.9374118697457029
20,0.045,4,13,gic_evid,equal_prior_posterior_approximation,ude_sir_h2,0.06258812420401119
20,0.045,4,14,gic_pred,predictive_support,neural_ode_h2,0.0033526022785091637
20,0.045,4,14,gic_pred,predictive_support,sir,2.0027321490876472e-10
20,0.045,4,14,gic_pred,predictive_support,tv_sir,0.04459649852812816
20,0.045,4,14,gic_pred,predictive_support,ude_sir_h2,0.9520508989930895
20,0.045,4,14,gic_evid,equal_prior_posterior_approximation,neural_ode_h2,2.337763938092518e-14
20,0.045,4,14,gic_evid,equal_prior_posterior_approximation,sir,4.172828193907219e-08
20,0.045,4,14,gic_evid,equal_prior_posterior_approximation,tv_sir,0.9754575791510505
20,0.045,4,14,gic_evid,equal_prior_posterior_approximation,ude_sir_h2,0.024542379120644147
20,0.045,4,15,gic_pred,predictive_support,neural_ode_h2,0.06515675698499461
20,0.045,4,15,gic_pred,predictive_support,sir,3.1655615037288417e-09
20,0.045,4,15,gic_pred,predictive_support,tv_sir,0.07590697827114926
20,0.045,4,15,gic_pred,predictive_support,ude_sir_h2,0.8589362615782946
20,0.045,4,15,gic_evid,equal_prior_posterior_approximation,neural_ode_h2,1.6715986444083844e-16
20,0.045,4,15,gic_evid,equal_prior_posterior_approximation,sir,3.463781246946103e-07
20,0.045,4,15,gic_evid,equal_prior_posterior_approximation,tv_sir,0.9381357071592256
20,0.045,4,15,gic_evid,equal_prior_posterior_approximation,ude_sir_h2,0.06186394646264961
20,0.045,4,16,gic_pred,predictive_support,neural_ode_h2,0.0010195068680290856
20,0.045,4,16,gic_pred,predictive_support,sir,2.1951786450600022e-12
20,0.045,4,16,gic_pred,predictive_support,tv_sir,0.8005233053050141
20,0.045,4,16,gic_pred,predictive_support,ude_sir_h2,0.19845718782476157
20,0.045,4,16,gic_evid,equal_prior_posterior_approximation,neural_ode_h2,2.1946516482143177e-17
20,0.045,4,16,gic_evid,equal_prior_posterior_approximation,sir,2.3294183466728775e-11
20,0.045,4,16,gic_evid,equal_prior_posterior_approximation,tv_sir,0.999336873709719
20,0.045,4,16,gic_evid,equal_prior_posterior_approximation,ude_sir_h2,0.0006631262669868777
20,0.045,4,17,gic_pred,predictive_support,neural_ode_h2,0.002695293340147485
20,0.045,4,17,gic_pred,predictive_support,sir,1.2097296827971504e-08
20,0.045,4,17,gic_pred,predictive_support,tv_sir,0.001829100538256275
20,0.045,4,17,gic_pred,predictive_support,ude_sir_h2,0.9954755940242994
20,0.045,4,17,gic_evid,equal_prior_posterior_approximation,neural_ode_h2,3.0771486916741177e-13
20,0.045,4,17,gic_evid,equal_prior_posterior_approximation,sir,3.6674956834184227e-05
20,0.045,4,17,gic_evid,equal_prior_posterior_approximation,tv_sir,0.6489352362879179
20,0.045,4,17,gic_evid,equal_prior_posterior_approximation,ude_sir_h2,0.35102808875494007
20,0.045,4,18,gic_pred,predictive_support,neural_ode_h2,0.0004851098522180496
20,0.045,4,18,gic_pred,predictive_support,sir,3.815739308356968e-07
20,0.045,4,18,gic_pred,predictive_support,tv_sir,0.3730863704836413
20,0.045,4,18,gic_pred,predictive_support,ude_sir_h2,0.6264281380902098
20,0.045,4,18,gic_evid,equal_prior_posterior_approximation,neural_ode_h2,2.7235495389784408e-17
20,0.045,4,18,gic_evid,equal_prior_posterior_approximation,sir,8.929882942211956e-06
20,0.045,4,18,gic_evid,equal_prior_posterior_approximation,tv_sir,0.9857596197340709
20,0.045,4,18,gic_evid,equal_prior_posterior_approximation,ude_sir_h2,0.014231450382986741
20,0.045,4,19,gic_pred,predictive_support,neural_ode_h2,6.270510150259306e-05
20,0.045,4,19,gic_pred,predictive_support,sir,2.5392689975111114e-10
20,0.045,4,19,gic_pred,predictive_support,tv_sir,0.47402365564243015
20,0.045,4,19,gic_pred,predictive_support,ude_sir_h2,0.5259136390021404
20,0.045,4,19,gic_evid,equal_prior_posterior_approximation,neural_ode_h2,1.3061415968024327e-18
20,0.045,4,19,gic_evid,equal_prior_posterior_approximation,sir,4.277892589778463e-09
20,0.045,4,19,gic_evid,equal_prior_posterior_approximation,tv_sir,0.9983272770774543
20,0.045,4,19,gic_evid,equal_prior_posterior_approximation,ude_sir_h2,0.0016727186446530344
40,0.005,1,0,gic_pred,predictive_support,neural_ode_h2,0.25374890824363244
40,0.005,1,0,gic_pred,predictive_support,sir,7.357711568850026e-305
40,0.005,1,0,gic_pred,predictive_support,tv_sir,8.399494139982135e-06
40,0.005,1,0,gic_pred,predictive_support,ude_sir_h2,0.7462426922622275
40,0.005,1,0,gic_evid,equal_prior_posterior_approximation,neural_ode_h2,3.524344727839711e-08
40,0.005,1,0,gic_evid,equal_prior_posterior_approximation,sir,9.858612988838805e-305
40,0.005,1,0,gic_evid,equal_prior_posterior_approximation,tv_sir,0.00010783390583396675
40,0.005,1,0,gic_evid,equal_prior_posterior_approximation,ude_sir_h2,0.9998921308507187
40,0.005,1,1,gic_pred,predictive_support,neural_ode_h2,0.04404206682714722
40,0.005,1,1,gic_pred,predictive_support,sir,9.367033325383633e-305
40,0.005,1,1,gic_pred,predictive_support,tv_sir,0.005923387535342323
40,0.005,1,1,gic_pred,predictive_support,ude_sir_h2,0.9500345456375104
40,0.005,1,1,gic_evid,equal_prior_posterior_approximation,neural_ode_h2,8.696611238412344e-10
40,0.005,1,1,gic_evid,equal_prior_posterior_approximation,sir,9.6616007080076e-305
40,0.005,1,1,gic_evid,equal_prior_posterior_approximation,tv_sir,0.020089485319166593
40,0.005,1,1,gic_evid,equal_prior_posterior_approximation,ude_sir_h2,0.9799105138111723
40,0.005,1,2,gic_pred,predictive_support,neural_ode_h2,0.15214902738942795
40,0.005,1,2,gic_pred,predictive_support,sir,8.359536205223556e-305
40,0.005,1,2,gic_pred,predictive_support,tv_sir,1.4405017094230623e-08
40,0.005,1,2,gic_pred,predictive_support,ude_sir_h2,0.847850958205555
40,0.005,1,2,gic_evid,equal_prior_posterior_approximation,neural_ode_h2,6.750162235340575e-08
40,0.005,1,2,gic_evid,equal_prior_posterior_approximation,sir,9.859667844722195e-305
40,0.005,1,2,gic_evid,equal_prior_posterior_approximation,tv_sir,8.147826530278943e-07
40,0.005,1,2,gic_evid,equal_prior_posterior_approximation,ude_sir_h2,0.9999991177157245
40,0.005,1,3,gic_pred,predictive_support,neural_ode_h2,0.1267986619937219
40,0.005,1,3,gic_pred,predictive_support,sir,8.607740995089129e-305
40,0.005,1,3,gic_pred,predictive_support,tv_sir,0.00017665439868007937
40,0.005,1,3,gic_pred,predictive_support,ude_sir_h2,0.873024683607598
40,0.005,1,3,gic_evid,equal_prior_posterior_approximation,neural_ode_h2,9.8174738313868e-09
40,0.005,1,3,gic_evid,equal_prior_posterior_approximation,sir,9.847043511430983e-305
40,0.005,1,3,gic_evid,equal_prior_posterior_approximation,tv_sir,0.001281272816162013
40,0.005,1,3,gic_evid,equal_prior_posterior_approximation,ude_sir_h2,0.9987187173663641
40,0.005,1,4,gic_pred,predictive_support,neural_ode_h2,0.9321817274551464
40,0.005,1,4,gic_pred,predictive_support,sir,9.19101031271097e-305
40,0.005,1,4,gic_pred,predictive_support,tv_sir,7.554567490965376e-08
40,0.005,1,4,gic_pred,predictive_support,ude_sir_h2,0.0678181969991788
40,0.005,1,4,gic_evid,equal_prior_posterior_approximation,neural_ode_h2,3.6394259405710128e-06
40,0.005,1,4,gic_evid,equal_prior_posterior_approximation,sir,9.859441493193763e-305
40,0.005,1,4,gic_evid,equal_prior_posterior_approximation,tv_sir,2.0200155912487954e-05
40,0.005,1,4,gic_evid,equal_prior_posterior_approximation,ude_sir_h2,0.9999761604181471
40,0.005,1,5,gic_pred,predictive_support,neural_ode_h2,0.43469122824751383
40,0.005,1,5,gic_pred,predictive_support,sir,5.573656336844728e-305
40,0.005,1,5,gic_pred,predictive_support,tv_sir,1.0679862005548766e-05
40,0.005,1,5,gic_pred,predictive_support,ude_sir_h2,0.5652980918904807
40,0.005,1,5,gic_evid,equal_prior_posterior_approximation,neural_ode_h2,5.5321456875417626e-08
40,0.005,1,5,gic_evid,equal_prior_posterior_approximation,sir,9.857943577192619e-305
40,0.005,1,5,gic_evid,equal_prior_posterior_approximation,tv_sir,0.00017570770276207774
40,0.005,1,5,gic_evid,equal_prior_posterior_approximation,ude_sir_h2,0.999824236975781
40,0.005,1,6,gic_pred,predictive_support,neural_ode_h2,0.07996347161849063
40,0.005,1,6,gic_pred,predictive_support,sir,9.070587279560632e-305
40,0.005,1,6,gic_pred,predictive_support,tv_sir,6.849096131185002e-05
40,0.005,1,6,gic_pred,predictive_support,ude_sir_h2,0.9199680374201975
40,0.005,1,6,gic_evid,equal_prior_posterior_approximation,neural_ode_h2,4.211275649033121e-09
40,0.005,1,6,gic_evid,equal_prior_posterior_approximation,sir,9.853292555937889e-305
40,0.005,1,6,gic_evid,equal_prior_posterior_approximation,tv_sir,0.000647480297323421
40,0.005,1,6,gic_evid,equal_prior_posterior_approximation,ude_sir_h2,0.999352515491401
40,0.005,1,7,gic_pred,predictive_support,neural_ode_h2,0.5402678573688166
40,0.005,1,7,gic_pred,predictive_support,sir,5.326866320646669e-305
40,0.005,1,7,gic_pred,predictive_support,tv_sir,0.00032493925082282036
40,0.005,1,7,gic_pred,predictive_support,ude_sir_h2,0.45940720338036073
40,0.005,1,7,gic_evid,equal_prior_posterior_approximation,neural_ode_h2,7.255865968664664e-08
40,0.005,1,7,gic_evid,equal_prior_posterior_approximation,sir,9.818571556880207e-305
40,0.005,1,7,gic_evid,equal_prior_posterior_approximation,tv_sir,0.004168926971612046
40,0.005,1,7,gic_evid,equal_prior_posterior_approximation,ude_sir_h2,0.9958310004697284
40,0.005,1,8,gic_pred,predictive_support,neural_ode_h2,0.3822194645197004
40,0.005,1,8,gic_pred,predictive_support,sir,6.090077895566567e-305
40,0.005,1,8,gic_pred,predictive_support,tv_sir,0.00010531372862848391
40,0.005,1,8,gic_pred,predictive_support,ude_sir_h2,0.6176752217516711
40,0.005,1,8,gic_evid,equal_prior_posterior_approximation,neural_ode_h2,1.0587704830764377e-07
40,0.005,1,8,gic_evid,equal_prior_posterior_approximation,sir,9.829867165813046e-305
40,0.005,1,8,gic_evid,equal_prior_posterior_approximation,tv_sir,0.0030232567874795913
40,0.005,1,8,gic_evid,equal_prior_posterior_approximation,ude_sir_h2,0.9969766373354721
40,0.005,1,9,gic_pred,predictive_support,neural_ode_h2,0.015958937865947213
40,0.005,1,9,gic_pred,predictive_support,sir,9.702208116241708e-305
40,0.005,1,9,gic_pred,predictive_support,tv_sir,1.2014813806283281e-05
40,0.005,1,9,gic_pred,predictive_support,ude_sir_h2,0.9840290473202464
40,0.005,1,9,gic_evid,equal_prior_posterior_approximation,neural_ode_h2,2.423419151389869e-09
40,0.005,1,9,gic_evid,equal_prior_posterior_approximation,sir,9.857584970405963e-305
40,0.005,1,9,gic_evid,equal_prior_posterior_approximation,tv_sir,0.00021213165060702846
40,0.005,1,9,gic_evid,equal_prior_posterior_approximation,ude_sir_h2,0.9997878659259738
40,0.005,1,10,gic_pred,predictive_support,neural_ode_h2,0.04808922735587079
40,0.005,1,10,gic_pred,predictive_support,sir,9.385504522803731e-305
40,0.005,1,10,gic_pred,predictive_support,tv_sir,2.8189553386587862e-06
40,0.005,1,10,gic_pred,predictive_support,ude_sir_h2,0.9519079536887907
40,0.005,1,10,gic_evid,equal_prior_posterior_approximation,neural_ode_h2,8.06887728993047e-09
40,0.005,1,10,gic_evid,equal_prior_posterior_approximation,sir,9.85911109963044e-305
40,0.005,1,10,gic_evid,equal_prior_posterior_approximation,tv_sir,5.734108723562028e-05
40,0.005,1,10,gic_evid,equal_prior_posterior_approximation,ude_sir_h2,0.9999426508438871
40,0.005,1,11,gic_pred,predictive_support,neural_ode_h2,0.14004256659638561
40,0.005,1,11,gic_pred,predictive_support,sir,8.478900548627564e-305
40,0.005,1,11,gic_pred,predictive_support,tv_sir,1.6087078527521604e-07
40,0.005,1,11,gic_pred,predictive_support,ude_sir_h2,0.859957272532829
40,0.005,1,11,gic_evid,equal_prior_posterior_approximation,neural_ode_h2,1.4846846626416297e-07
40,0.005,1,11,gic_evid,equal_prior_posterior_approximation,sir,9.859534196663074e-305
40,0.005,1,11,gic_evid,equal_prior_posterior_approximation,tv_sir,1.4288830370597562e-05
40,0.005,1,11,gic_evid,equal_prior_posterior_approximation,ude_sir_h2,0.9999855627011631
40,0.005,1,12,gic_pred,predictive_support,neural_ode_h2,0.998468635533491
40,0.005,1,12,gic_pred,predictive_support,sir,9.844577785449386e-305
40,0.005,1,12,gic_pred,predictive_support,tv_sir,2.111164619413121e-10
40,0.005,1,12,gic_pred,predictive_support,ude_sir_h2,0.0015313642553926022
40,0.005,1,12,gic_evid,equal_prior_posterior_approximation,neural_ode_h2,0.0002699656312408154
40,0.005,1,12,gic_evid,equal_prior_posterior_approximation,sir,9.856981128038317e-305
40,0.005,1,12,gic_evid,equal_prior_posterior_approximation,tv_sir,3.412071312587044e-06
40,0.005,1,12,gic_evid,equal_prior_posterior_approximation,ude_sir_h2,0.9997266222974465
40,0.005,1,13,gic_pred,predictive_support,neural_ode_h2,0.13493376379828936
40,0.005,1,13,gic_pred,predictive_support,sir,8.529172617751409e-305
40,0.005,1,13,gic_pred,predictive_support,tv_sir,1.0209272555610693e-05
40,0.005,1,13,gic_pred,predictive_support,ude_sir_h2,0.865056026929155
40,0.005,1,13,gic_evid,equal_prior_posterior_approximation,neural_ode_h2,2.1062747123097687e-08
40,0.005,1,13,gic_evid,equal_prior_posterior_approximation,sir,9.858301249550305e-305
40,0.005,1,13,gic_evid,equal_prior_posterior_approximation,tv_sir,0.0001394656844462069
40,0.005,1,13,gic_evid,equal_prior_posterior_approximation,ude_sir_h2,0.9998605132528068
40,0.005,1,14,gic_pred,predictive_support,neural_ode_h2,0.0262350514407533
40,0.005,1,14,gic_pred,predictive_support,sir,9.601005990313376e-305
40,0.005,1,14,gic_pred,predictive_support,tv_sir,1.4525138455439124e-07
40,0.005,1,14,gic_pred,predictive_support,ude_sir_h2,0.9737648033078622
40,0.005,1,14,gic_evid,equal_prior_posterior_approximation,neural_ode_h2,9.516284651904914e-09
40,0.005,1,14,gic_evid,equal_prior_posterior_approximation,sir,9.85959262754977e-305
40,0.005,1,14,gic_evid,equal_prior_posterior_approximation,tv_sir,8.501534725055652e-06
40,0.005,1,14,gic_evid,equal_prior_posterior_approximation,ude_sir_h2,0.9999914889489904
40,0.005,1,15,gic_pred,predictive_support,neural_ode_h2,0.06018541203349533
40,0.005,1,15,gic_pred,predictive_support,sir,9.265588670345307e-305
40,0.005,1,15,gic_pred,predictive_support,tv_sir,6.888442113469038e-05
40,0.005,1,15,gic_pred,predictive_support,ude_sir_h2,0.93974570354537
40,0.005,1,15,gic_evid,equal_prior_posterior_approximation,neural_ode_h2,5.300650717766263e-09
40,0.005,1,15,gic_evid,equal_prior_posterior_approximation,sir,9.850239398005187e-305
40,0.005,1,15,gic_evid,equal_prior_posterior_approximation,tv_sir,0.0009571402722996387
40,0.005,1,15,gic_evid,equal_prior_posterior_approximation,ude_sir_h2,0.9990428544270495
40,0.005,1,16,gic_pred,predictive_support,neural_ode_h2,0.06504860739020875
40,0.005,1,16,gic_pred,predictive_support,sir,9.182362661991092e-305
40,0.005,1,16,gic_pred,predictive_support,tv_sir,0.0036467376104703333
40,0.005,1,16,gic_pred,predictive_support,ude_sir_h2,0.9313046549993209
40,0.005,1,16,gic_evid,equal_prior_posterior_approximation,neural_ode_h2,1.4635838940197969e-09
40,0.005,1,16,gic_evid,equal_prior_posterior_approximation,sir,9.70487019452873e-305
40,0.005,1,16,gic_evid,equal_prior_posterior_approximation,tv_sir,0.015700954703078352
40,0.005,1,16,gic_evid,equal_prior_posterior_approximation,ude_sir_h2,0.9842990438333378
40,0.005,1,17,gic_pred,predictive_support,neural_ode_h2,0.8434967159159537
40,0.005,1,17,gic_pred,predictive_support,sir,8.316604784654927e-305
40,0.005,1,17,gic_pred,predictive_support,tv_sir,8.249895694638149e-05
40,0.005,1,17,gic_pred,predictive_support,ude_sir_h2,0.1564207851270999
40,0.005,1,17,gic_evid,equal_prior_posterior_approximation,neural_ode_h2,3.8194600562021305e-07
40,0.005,1,17,gic_evid,equal_prior_posterior_approximation,sir,9.827110001182448e-305
40,0.005,1,17,gic_evid,equal_prior_posterior_approximation,tv_sir,0.0033026211933756956
40,0.005,1,17,gic_evid,equal_prior_posterior_approximation,ude_sir_h2,0.9966969968606186
40,0.005,1,18,gic_pred,predictive_support,neural_ode_h2,0.007675567732278527
40,0.005,1,18,gic_pred,predictive_support,sir,9.783997816502895e-305
40,0.005,1,18,gic_pred,predictive_support,tv_sir,1.1372268749681576e-08
40,0.005,1,18,gic_pred,predictive_support,ude_sir_h2,0.9923244208954528
40,0.005,1,18,gic_evid,equal_prior_posterior_approximation,neural_ode_h2,8.04106542872016e-09
40,0.005,1,18,gic_evid,equal_prior_posterior_approximation,sir,9.859665525491451e-305
40,0.005,1,18,gic_evid,equal_prior_posterior_approximation,tv_sir,1.1094670264063058e-06
40,0.005,1,18,gic_evid,equal_prior_posterior_approximation,ude_sir_h2,0.9999988824919082
40,0.005,1,19,gic_pred,predictive_support,neural_ode_h2,0.18957929023436282
40,0.005,1,19,gic_pred,predictive_support,sir,7.988357177071275e-305
40,0.005,1,19,gic_pred,predictive_support,tv_sir,0.00021591839982530072
40,0.005,1,19,gic_pred,predictive_support,ude_sir_h2,0.8102047913658119
40,0.005,1,19,gic_evid,equal_prior_posterior_approximation,neural_ode_h2,1.9951505444717047e-08
40,0.005,1,19,gic_evid,equal_prior_posterior_approximation,sir,9.83917287858686e-305
40,0.005,1,19,gic_evid,equal_prior_posterior_approximation,tv_sir,0.002079527494286414
40,0.005,1,19,gic_evid,equal_prior_posterior_approximation,ude_sir_h2,0.9979204525542081
40,0.005,2,0,gic_pred,predictive_support,neural_ode_h2,2.7802296864279296e-21
40,0.005,2,0,gic_pred,predictive_support,sir,9.85967654375977e-305
40,0.005,2,0,gic_pred,predictive_support,tv_sir,8.579658856246343e-22
40,0.005,2,0,gic_pred,predictive_support,ude_sir_h2,1.0
40,0.005,2,0,gic_evid,equal_prior_posterior_approximation,neural_ode_h2,4.7929198644398255e-55
40,0.005,2,0,gic_evid,equal_prior_posterior_approximation,sir,9.85967654375977e-305
40,0.005,2,0,gic_evid,equal_prior_posterior_approximation,tv_sir,3.3411542424775114e-17
40,0.005,2,0,gic_evid,equal_prior_posterior_approximation,ude_sir_h2,1.0
40,0.005,2,1,gic_pred,predictive_support,neural_ode_h2,1.4220764270105301e-16
40,0.005,2,1,gic_pred,predictive_support,sir,9.859676543759769e-305
40,0.005,2,1,gic_pred,predictive_support,tv_sir,1.1448278657806053e-30
40,0.005,2,1,gic_pred,predictive_support,ude_sir_h2,0.9999999999999998
40,0.005,2,1,gic_evid,equal_prior_posterior_approximation,neural_ode_h2,2.2166872740756054e-41
40,0.005,2,1,gic_evid,equal_prior_posterior_approximation,sir,9.85967654375977e-305
40,0.005,2,1,gic_evid,equal_prior_posterior_approximation,tv_sir,4.4538871130231883e-26
40,0.005,2,1,gic_evid,equal_prior_posterior_approximation,ude_sir_h2,1.0
40,0.005,2,2,gic_pred,predictive_support,neural_ode_h2,1.348680158754046e-12
40,0.005,2,2,gic_pred,predictive_support,sir,9.859676543746473e-305
40,0.005,2,2,gic_pred,predictive_support,tv_sir,7.051055309393551e-20
40,0.005,2,2,gic_pred,predictive_support,ude_sir_h2,0.9999999999986513
40,0.005,2,2,gic_evid,equal_prior_posterior_approximation,neural_ode_h2,1.2001831227081036e-46
40,0.005,2,2,gic_evid,equal_prior_posterior_approximation,sir,9.85967654375974e-305
40,0.005,2,2,gic_evid,equal_prior_posterior_approximation,tv_sir,3.2187213080396212e-15
40,0.005,2,2,gic_evid,equal_prior_posterior_approximation,ude_sir_h2,0.9999999999999969
40,0.005,2,3,gic_pred,predictive_support,neural_ode_h2,1.3592130149815199e-16
40,0.005,2,3,gic_pred,predictive_support,sir,9.859676543759769e-305
40,0.005,2,3,gic_pred,predictive_support,tv_sir,1.3127976639112571e-25
40,0.005,2,3,gic_pred,predictive_support,ude_sir_h2,0.9999999999999998
40,0.005,2,3,gic_evid,equal_prior_posterior_approximation,neural_ode_h2,5.418980643648995e-50
40,0.005,2,3,gic_evid,equal_prior_posterior_approximation,sir,9.85967654375977e-305
40,0.005,2,3,gic_evid,equal_prior_posterior_approximation,tv_sir,6.578858290769073e-21
40,0.005,2,3,gic_evid,equal_prior_posterior_approximation,ude_sir_h2,1.0
40,0.005,2,4,gic_pred,predictive_support,neural_ode_h2,4.740172036560861e-15
40,0.005,2,4,gic_pred,predictive_support,sir,9.859676543759724e-305
40,0.005,2,4,gic_pred,predictive_support,tv_sir,1.3679506307311354e-33
40,0.005,2,4,gic_pred,predictive_support,ude_sir_h2,0.9999999999999953
40,0.005,2,4,gic_evid,equal_prior_posterior_approximation,neural_ode_h2,1.0683426453278013e-46
40,0.005,2,4,gic_evid,equal_prior_posterior_approximation,sir,9.85967654375977e-305
40,0.005,2,4,gic_evid,equal_prior_posterior_approximation,tv_sir,5.897061612169256e-29
40,0.005,2,4,gic_evid,equal_prior_posterior_approximation,ude_sir_h2,1.0
40,0.005,2,5,gic_pred,predictive_support,neural_ode_h2,1.3102294093851562e-21
40,0.005,2,5,gic_pred,predictive_support,sir,9.85967654375977e-305
40,0.005,2,5,gic_pred,predictive_support,tv_sir,2.6014241485377197e-24
40,0.005,2,5,gic_pred,predictive_support,ude_sir_h2,1.0
40,0.005,2,5,gic_evid,equal_prior_posterior_approximation,neural_ode_h2,6.162140420549931e-50
40,0.005,2,5,gic_evid,equal_prior_posterior_approximation,sir,9.85967654375977e-305
40,0.005,2,5,gic_evid,equal_prior_posterior_approximation,tv_sir,2.279111069694433e-19
40,0.005,2,5,gic_evid,equal_prior_posterior_approximation,ude_sir_h2,1.0
40,0.005,2,6,gic_pred,predictive_support,neural_ode_h2,1.1240483210530132e-15
40,0.005,2,6,gic_pred,predictive_support,sir,9.85967654375966e-305
40,0.005,2,6,gic_pred,predictive_support,tv_sir,1.0166725208076033e-14
40,0.005,2,6,gic_pred,predictive_support,ude_sir_h2,0.9999999999999887
40,0.005,2,6,gic_evid,equal_prior_posterior_approximation,neural_ode_h2,8.311739277561111e-45
40,0.005,2,6,gic_evid,equal_prior_posterior_approximation,sir,9.859676540761346e-305
40,0.005,2,6,gic_evid,equal_prior_posterior_approximation,tv_sir,3.041098588255201e-10
40,0.005,2,6,gic_evid,equal_prior_posterior_approximation,ude_sir_h2,0.9999999996958902
40,0.005,2,7,gic_pred,predictive_support,neural_ode_h2,1.3689546484176577e-19
40,0.005,2,7,gic_pred,predictive_support,sir,9.85967654375977e-305
40,0.005,2,7,gic_pred,predictive_support,tv_sir,1.080002042246908e-30
40,0.005,2,7,gic_pred,predictive_support,ude_sir_h2,1.0
40,0.005,2,7,gic_evid,equal_prior_posterior_approximation,neural_ode_h2,3.896312655942426e-54
40,0.005,2,7,gic_evid,equal_prior_posterior_approximation,sir,9.85967654375977e-305
40,0.005,2,7,gic_evid,equal_prior_posterior_approximation,tv_sir,3.575999531901505e-26
40,0.005,2,7,gic_evid,equal_prior_posterior_approximation,ude_sir_h2,1.0
40,0.005,2,8,gic_pred,predictive_support,neural_ode_h2,5.2742762478808425e-20
40,0.005,2,8,gic_pred,predictive_support,sir,9.85967654375977e-305
40,0.005,2,8,gic_pred,predictive_support,tv_sir,1.3083660282415488e-29
40,0.005,2,8,gic_pred,predictive_support,ude_sir_h2,1.0
40,0.005,2,8,gic_evid,equal_prior_posterior_approximation,neural_ode_h2,1.1773299702991407e-54
40,0.005,2,8,gic_evid,equal_prior_posterior_approximation,sir,9.85967654375977e-305
40,0.005,2,8,gic_evid,equal_prior_posterior_approximation,tv_sir,5.469918371136088e-25
40,0.005,2,8,gic_evid,equal_prior_posterior_approximation,ude_sir_h2,1.0
40,0.005,2,9,gic_pred,predictive_support,neural_ode_h2,1.3261374760917044e-20
40,0.005,2,9,gic_pred,predictive_support,sir,9.85967654375977e-305
40,0.005,2,9,gic_pred,predictive_support,tv_sir,2.8987911519037934e-22
40,0.005,2,9,gic_pred,predictive_support,ude_sir_h2,1.0
40,0.005,2,9,gic_evid,equal_prior_posterior_approximation,neural_ode_h2,9.059182069635072e-57
40,0.005,2,9,gic_evid,equal_prior_posterior_approximation,sir,9.85967654375977e-305
40,0.005,2,9,gic_evid,equal_prior_posterior_approximation,tv_sir,1.0527513845478009e-17
40,0.005,2,9,gic_evid,equal_prior_posterior_approximation,ude_sir_h2,1.0
40,0.005,2,10,gic_pred,predictive_support,neural_ode_h2,2.660248275627852e-16
40,0.005,2,10,gic_pred,predictive_support,sir,9.859676543759769e-305
40,0.005,2,10,gic_pred,predictive_support,tv_sir,1.0135346353325455e-21
40,0.005,2,10,gic_pred,predictive_support,ude_sir_h2,0.9999999999999998
40,0.005,2,10,gic_evid,equal_prior_posterior_approximation,neural_ode_h2,5.823419668622528e-43
40,0.005,2,10,gic_evid,equal_prior_posterior_approximation,sir,9.85967654375977e-305
40,0.005,2,10,gic_evid,equal_prior_posterior_approximation,tv_sir,7.686047690790507e-17
40,0.005,2,10,gic_evid,equal_prior_posterior_approximation,ude_sir_h2,1.0
40,0.005,2,11,gic_pred,predictive_support,neural_ode_h2,4.75725783304641e-15
40,0.005,2,11,gic_pred,predictive_support,sir,9.859676543759724e-305
40,0.005,2,11,gic_pred,predictive_support,tv_sir,3.2079008063412765e-24
40,0.005,2,11,gic_pred,predictive_support,ude_sir_h2,0.9999999999999953
40,0.005,2,11,gic_evid,equal_prior_posterior_approximation,neural_ode_h2,1.0192533426099357e-49
40,0.005,2,11,gic_evid,equal_prior_posterior_approximation,sir,9.85967654375977e-305
40,0.005,2,11,gic_evid,equal_prior_posterior_approximation,tv_sir,9.76555993450414e-20
40,0.005,2,11,gic_evid,equal_prior_posterior_approximation,ude_sir_h2,1.0
40,0.005,2,12,gic_pred,predictive_support,neural_ode_h2,2.6152507738089384e-17
40,0.005,2,12,gic_pred,predictive_support,sir,9.85967654375977e-305
40,0.005,2,12,gic_pred,predictive_support,tv_sir,2.6931827083117825e-26
40,0.005,2,12,gic_pred,predictive_support,ude_sir_h2,1.0
40,0.005,2,12,gic_evid,equal_prior_posterior_approximation,neural_ode_h2,2.462245913878541e-44
40,0.005,2,12,gic_evid,equal_prior_posterior_approximation,sir,9.85967654375977e-305
40,0.005,2,12,gic_evid,equal_prior_posterior_approximation,tv_sir,2.891141775495167e-21
40,0.005,2,12,gic_evid,equal_prior_posterior_approximation,ude_sir_h2,1.0
40,0.005,2,13,gic_pred,predictive_support,neural_ode_h2,2.240202835346744e-15
40,0.005,2,13,gic_pred,predictive_support,sir,9.859676543759749e-305
40,0.005,2,13,gic_pred,predictive_support,tv_sir,1.7521136910321097e-21
40,0.005,2,13,gic_pred,predictive_support,ude_sir_h2,0.9999999999999978
40,0.005,2,13,gic_evid,equal_prior_posterior_approximation,neural_ode_h2,7.49689837394564e-42
40,0.005,2,13,gic_evid,equal_prior_posterior_approximation,sir,9.85967654375977e-305
40,0.005,2,13,gic_evid,equal_prior_posterior_approximation,tv_sir,6.747099883771606e-17
40,0.005,2,13,gic_evid,equal_prior_posterior_approximation,ude_sir_h2,1.0
40,0.005,2,14,gic_pred,predictive_support,neural_ode_h2,1.1538407031172408e-14
40,0.005,2,14,gic_pred,predictive_support,sir,9.859676543759657e-305
40,0.005,2,14,gic_pred,predictive_support,tv_sir,1.2142128175762328e-32
40,0.005,2,14,gic_pred,predictive_support,ude_sir_h2,0.9999999999999885
40,0.005,2,14,gic_evid,equal_prior_posterior_approximation,neural_ode_h2,4.46967422811784e-48
40,0.005,2,14,gic_evid,equal_prior_posterior_approximation,sir,9.85967654375977e-305
40,0.005,2,14,gic_evid,equal_prior_posterior_approximation,tv_sir,4.978613636209212e-28
40,0.005,2,14,gic_evid,equal_prior_posterior_approximation,ude_sir_h2,1.0
40,0.005,2,15,gic_pred,predictive_support,neural_ode_h2,1.2297148278462029e-12
40,0.005,2,15,gic_pred,predictive_support,sir,9.859676543747647e-305
40,0.005,2,15,gic_pred,predictive_support,tv_sir,1.415205505998051e-29
40,0.005,2,15,gic_pred,predictive_support,ude_sir_h2,0.9999999999987703
40,0.005,2,15,gic_evid,equal_prior_posterior_approximation,neural_ode_h2,5.380151114112017e-48
40,0.005,2,15,gic_evid,equal_prior_posterior_approximation,sir,9.85967654375977e-305
40,0.005,2,15,gic_evid,equal_prior_posterior_approximation,tv_sir,6.6996452645333135e-25
40,0.005,2,15,gic_evid,equal_prior_posterior_approximation,ude_sir_h2,1.0
40,0.005,2,16,gic_pred,predictive_support,neural_ode_h2,2.2442876336915282e-21
40,0.005,2,16,gic_pred,predictive_support,sir,9.85967654375977e-305
40,0.005,2,16,gic_pred,predictive_support,tv_sir,5.904108102752673e-28
40,0.005,2,16,gic_pred,predictive_support,ude_sir_h2,1.0
40,0.005,2,16,gic_evid,equal_prior_posterior_approximation,neural_ode_h2,5.1904543305112935e-51
40,0.005,2,16,gic_evid,equal_prior_posterior_approximation,sir,9.85967654375977e-305
40,0.005,2,16,gic_evid,equal_prior_posterior_approximation,tv_sir,2.276707954383641e-23
40,0.005,2,16,gic_evid,equal_prior_posterior_approximation,ude_sir_h2,1.0
40,0.005,2,17,gic_pred,predictive_support,neural_ode_h2,1.0238368103760506e-12
40,0.005,2,17,gic_pred,predictive_support,sir,9.859676543749677e-305
40,0.005,2,17,gic_pred,predictive_support,tv_sir,2.880970491549195e-36
40,0.005,2,17,gic_pred,predictive_support,ude_sir_h2,0.9999999999989762
40,0.005,2,17,gic_evid,equal_prior_posterior_approximation,neural_ode_h2,1.1314348445283616e-36
40,0.005,2,17,gic_evid,equal_prior_posterior_approximation,sir,9.85967654375977e-305
40,0.005,2,17,gic_evid,equal_prior_posterior_approximation,tv_sir,1.7995613991249166e-31
40,0.005,2,17,gic_evid,equal_prior_posterior_approximation,ude_sir_h2,1.0
40,0.005,2,18,gic_pred,predictive_support,neural_ode_h2,1.5046614188572566e-18
40,0.005,2,18,gic_pred,predictive_support,sir,9.85967654375977e-305
40,0.005,2,18,gic_pred,predictive_support,tv_sir,3.8440650449105423e-28
40,0.005,2,18,gic_pred,predictive_support,ude_sir_h2,1.0
40,0.005,2,18,gic_evid,equal_prior_posterior_approximation,neural_ode_h2,6.723134432896107e-44
40,0.005,2,18,gic_evid,equal_prior_posterior_approximation,sir,9.85967654375977e-305
40,0.005,2,18,gic_evid,equal_prior_posterior_approximation,tv_sir,1.3311335215564812e-23
40,0.005,2,18,gic_evid,equal_prior_posterior_approximation,ude_sir_h2,1.0
40,0.005,2,19,gic_pred,predictive_support,neural_ode_h2,3.5744357554800544e-20
40,0.005,2,19,gic_pred,predictive_support,sir,9.85967654375977e-305
40,0.005,2,19,gic_pred,predictive_support,tv_sir,2.6173788453079762e-24
40,0.005,2,19,gic_pred,predictive_support,ude_sir_h2,1.0
40,0.005,2,19,gic_evid,equal_prior_posterior_approximation,neural_ode_h2,5.62616578395177e-57
40,0.005,2,19,gic_evid,equal_prior_posterior_approximation,sir,9.85967654375977e-305
40,0.005,2,19,gic_evid,equal_prior_posterior_approximation,tv_sir,1.1268358933229106e-19
40,0.005,2,19,gic_evid,equal_prior_posterior_approximation,ude_sir_h2,1.0
40,0.005,4,0,gic_pred,predictive_support,neural_ode_h2,1.669159094270675e-47
40,0.005,4,0,gic_pred,predictive_support,sir,9.85967654375977e-305
40,0.005,4,0,gic_pred,predictive_support,tv_sir,2.1027860666684162e-144
40,0.005,4,0,gic_pred,predictive_support,ude_sir_h2,1.0
40,0.005,4,0,gic_evid,equal_prior_posterior_approximation,neural_ode_h2,9.258350812541713e-87
40,0.005,4,0,gic_evid,equal_prior_posterior_approximation,sir,9.85967654375977e-305
40,0.005,4,0,gic_evid,equal_prior_posterior_approximation,tv_sir,2.608971270885004e-138
40,0.005,4,0,gic_evid,equal_prior_posterior_approximation,ude_sir_h2,1.0
40,0.005,4,1,gic_pred,predictive_support,neural_ode_h2,1.7002684171033816e-47
40,0.005,4,1,gic_pred,predictive_support,sir,9.85967654375977e-305
40,0.005,4,1,gic_pred,predictive_support,tv_sir,1.2737532011767482e-167
40,0.005,4,1,gic_pred,predictive_support,ude_sir_h2,1.0
40,0.005,4,1,gic_evid,equal_prior_posterior_approximation,neural_ode_h2,5.593895009523516e-75
40,0.005,4,1,gic_evid,equal_prior_posterior_approximation,sir,9.85967654375977e-305
40,0.005,4,1,gic_evid,equal_prior_posterior_approximation,tv_sir,4.223471280612274e-161
40,0.005,4,1,gic_evid,equal_prior_posterior_approximation,ude_sir_h2,1.0
40,0.005,4,2,gic_pred,predictive_support,neural_ode_h2,1.5605164131573125e-46
40,0.005,4,2,gic_pred,predictive_support,sir,9.85967654375977e-305
40,0.005,4,2,gic_pred,predictive_support,tv_sir,3.921590055579886e-175
40,0.005,4,2,gic_pred,predictive_support,ude_sir_h2,1.0
40,0.005,4,2,gic_evid,equal_prior_posterior_approximation,neural_ode_h2,2.0313355911419364e-82
40,0.005,4,2,gic_evid,equal_prior_posterior_approximation,sir,9.85967654375977e-305
40,0.005,4,2,gic_evid,equal_prior_posterior_approximation,tv_sir,1.4000366252650202e-168
40,0.005,4,2,gic_evid,equal_prior_posterior_approximation,ude_sir_h2,1.0
40,0.005,4,3,gic_pred,predictive_support,neural_ode_h2,1.1550851943413585e-44
40,0.005,4,3,gic_pred,predictive_support,sir,9.85967654375977e-305
40,0.005,4,3,gic_pred,predictive_support,tv_sir,1.888536825871663e-162
40,0.005,4,3,gic_pred,predictive_support,ude_sir_h2,1.0
40,0.005,4,3,gic_evid,equal_prior_posterior_approximation,neural_ode_h2,2.207793904934592e-84
40,0.005,4,3,gic_evid,equal_prior_posterior_approximation,sir,9.85967654375977e-305
40,0.005,4,3,gic_evid,equal_prior_posterior_approximation,tv_sir,8.497263283202627e-156
40,0.005,4,3,gic_evid,equal_prior_posterior_approximation,ude_sir_h2,1.0
40,0.005,4,4,gic_pred,predictive_support,neural_ode_h2,1.1403000526446661e-57
40,0.005,4,4,gic_pred,predictive_support,sir,9.85967654375977e-305
40,0.005,4,4,gic_pred,predictive_support,tv_sir,1.9424381984623608e-147
40,0.005,4,4,gic_pred,predictive_support,ude_sir_h2,1.0
40,0.005,4,4,gic_evid,equal_prior_posterior_approximation,neural_ode_h2,1.5128300575373488e-96
40,0.005,4,4,gic_evid,equal_prior_posterior_approximation,sir,9.85967654375977e-305
40,0.005,4,4,gic_evid,equal_prior_posterior_approximation,tv_sir,3.29488363566393e-141
40,0.005,4,4,gic_evid,equal_prior_posterior_approximation,ude_sir_h2,1.0
40,0.005,4,5,gic_pred,predictive_support,neural_ode_h2,1.4761021350841851e-46
40,0.005,4,5,gic_pred,predictive_support,sir,9.85967654375977e-305
40,0.005,4,5,gic_pred,predictive_support,tv_sir,2.2100748537169474e-137
40,0.005,4,5,gic_pred,predictive_support,ude_sir_h2,1.0
40,0.005,4,5,gic_evid,equal_prior_posterior_approximation,neural_ode_h2,3.9109178848603484e-99
40,0.005,4,5,gic_evid,equal_prior_posterior_approximation,sir,9.85967654375977e-305
40,0.005,4,5,gic_evid,equal_prior_posterior_approximation,tv_sir,7.996937190154851e-131
40,0.005,4,5,gic_evid,equal_prior_posterior_approximation,ude_sir_h2,1.0
40,0.005,4,6,gic_pred,predictive_support,neural_ode_h2,5.188349457005027e-46
40,0.005,4,6,gic_pred,predictive_support,sir,9.85967654375977e-305
40,0.005,4,6,gic_pred,predictive_support,tv_sir,1.5969190090616366e-161
40,0.005,4,6,gic_pred,predictive_support,ude_sir_h2,1.0
40,0.005,4,6,gic_evid,equal_prior_posterior_approximation,neural_ode_h2,3.2139580204998386e-89
40,0.005,4,6,gic_evid,equal_prior_posterior_approximation,sir,9.85967654375977e-305
40,0.005,4,6,gic_evid,equal_prior_posterior_approximation,tv_sir,3.2680047354020383e-155
40,0.005,4,6,gic_evid,equal_prior_posterior_approximation,ude_sir_h2,1.0
40,0.005,4,7,gic_pred,predictive_support,neural_ode_h2,7.600580067898703e-55
40,0.005,4,7,gic_pred,predictive_support,sir,9.85967654375977e-305
40,0.005,4,7,gic_pred,predictive_support,tv_sir,1.3536154822871462e-161
40,0.005,4,7,gic_pred,predictive_support,ude_sir_h2,1.0
40,0.005,4,7,gic_evid,equal_prior_posterior_approximation,neural_ode_h2,1.4143108751541456e-97
40,0.005,4,7,gic_evid,equal_prior_posterior_approximation,sir,9.85967654375977e-305
40,0.005,4,7,gic_evid,equal_prior_posterior_approximation,tv_sir,1.066958341948901e-155
40,0.005,4,7,gic_evid,equal_prior_posterior_approximation,ude_sir_h2,1.0
40,0.005,4,8,gic_pred,predictive_support,neural_ode_h2,1.6273713855041504e-66
40,0.005,4,8,gic_pred,predictive_support,sir,9.85967654375977e-305
40,0.005,4,8,gic_pred,predictive_support,tv_sir,8.988830637617603e-147
40,0.005,4,8,gic_pred,predictive_support,ude_sir_h2,1.0
40,0.005,4,8,gic_evid,equal_prior_posterior_approximation,neural_ode_h2,7.50339969389156e-110
40,0.005,4,8,gic_evid,equal_prior_posterior_approximation,sir,9.85967654375977e-305
40,0.005,4,8,gic_evid,equal_prior_posterior_approximation,tv_sir,5.990741856831898e-141
40,0.005,4,8,gic_evid,equal_prior_posterior_approximation,ude_sir_h2,1.0
40,0.005,4,9,gic_pred,predictive_support,neural_ode_h2,3.948339274236334e-52
40,0.005,4,9,gic_pred,predictive_support,sir,9.85967654375977e-305
40,0.005,4,9,gic_pred,predictive_support,tv_sir,2.2309006986421014e-165
40,0.005,4,9,gic_pred,predictive_support,ude_sir_h2,1.0
40,0.005,4,9,gic_evid,equal_prior_posterior_approximation,neural_ode_h2,2.1255293011256414e-78
40,0.005,4,9,gic_evid,equal_prior_posterior_approximation,sir,9.85967654375977e-305
40,0.005,4,9,gic_evid,equal_prior_posterior_approximation,tv_sir,2.6707764371179306e-159
40,0.005,4,9,gic_evid,equal_prior_posterior_approximation,ude_sir_h2,1.0
40,0.005,4,10,gic_pred,predictive_support,neural_ode_h2,1.7749931133709596e-44
40,0.005,4,10,gic_pred,predictive_support,sir,9.85967654375977e-305
40,0.005,4,10,gic_pred,predictive_support,tv_sir,4.1551039535462294e-157
40,0.005,4,10,gic_pred,predictive_support,ude_sir_h2,1.0
40,0.005,4,10,gic_evid,equal_prior_posterior_approximation,neural_ode_h2,1.5424330063442195e-88
40,0.005,4,10,gic_evid,equal_prior_posterior_approximation,sir,9.85967654375977e-305
40,0.005,4,10,gic_evid,equal_prior_posterior_approximation,tv_sir,6.503628261364746e-150
40,0.005,4,10,gic_evid,equal_prior_posterior_approximation,ude_sir_h2,1.0
40,0.005,4,11,gic_pred,predictive_support,neural_ode_h2,1.5427690852744608e-35
40,0.005,4,11,gic_pred,predictive_support,sir,9.85967654375977e-305
40,0.005,4,11,gic_pred,predictive_support,tv_sir,8.161863939318688e-181
40,0.005,4,11,gic_pred,predictive_support,ude_sir_h2,1.0
40,0.005,4,11,gic_evid,equal_prior_posterior_approximation,neural_ode_h2,2.3013285451376427e-72
40,0.005,4,11,gic_evid,equal_prior_posterior_approximation,sir,9.85967654375977e-305
40,0.005,4,11,gic_evid,equal_prior_posterior_approximation,tv_sir,4.02782447984765e-174
40,0.005,4,11,gic_evid,equal_prior_posterior_approximation,ude_sir_h2,1.0
40,0.005,4,12,gic_pred,predictive_support,neural_ode_h2,7.788110106081636e-41
40,0.005,4,12,gic_pred,predictive_support,sir,9.85967654375977e-305
40,0.005,4,12,gic_pred,predictive_support,tv_sir,2.8538586394037075e-161
40,0.005,4,12,gic_pred,predictive_support,ude_sir_h2,1.0
40,0.005,4,12,gic_evid,equal_prior_posterior_approximation,neural_ode_h2,7.497502615551612e-83
40,0.005,4,12,gic_evid,equal_prior_posterior_approximation,sir,9.85967654375977e-305
40,0.005,4,12,gic_evid,equal_prior_posterior_approximation,tv_sir,2.817931414640589e-155
40,0.005,4,12,gic_evid,equal_prior_posterior_approximation,ude_sir_h2,1.0
40,0.005,4,13,gic_pred,predictive_support,neural_ode_h2,6.250882731024685e-46
40,0.005,4,13,gic_pred,predictive_support,sir,9.85967654375977e-305
40,0.005,4,13,gic_pred,predictive_support,tv_sir,6.697726059068328e-152
40,0.005,4,13,gic_pred,predictive_support,ude_sir_h2,1.0
40,0.005,4,13,gic_evid,equal_prior_posterior_approximation,neural_ode_h2,3.8799327654770814e-90
40,0.005,4,13,gic_evid,equal_prior_posterior_approximation,sir,9.85967654375977e-305
40,0.005,4,13,gic_evid,equal_prior_posterior_approximation,tv_sir,7.228019477782307e-146
40,0.005,4,13,gic_evid,equal_prior_posterior_approximation,ude_sir_h2,1.0
40,0.005,4,14,gic_pred,predictive_support,neural_ode_h2,4.133746134545207e-51
40,0.005,4,14,gic_pred,predictive_support,sir,9.85967654375977e-305
40,0.005,4,14,gic_pred,predictive_support,tv_sir,5.107324513016086e-170
40,0.005,4,14,gic_pred,predictive_support,ude_sir_h2,1.0
40,0.005,4,14,gic_evid,equal_prior_posterior_approximation,neural_ode_h2,4.127988349773997e-90
40,0.005,4,14,gic_evid,equal_prior_posterior_approximation,sir,9.85967654375977e-305
40,0.005,4,14,gic_evid,equal_prior_posterior_approximation,tv_sir,6.360341363146555e-163
40,0.005,4,14,gic_evid,equal_prior_posterior_approximation,ude_sir_h2,1.0
40,0.005,4,15,gic_pred,predictive_support,neural_ode_h2,3.0274767052790856e-62
40,0.005,4,15,gic_pred,predictive_support,sir,9.85967654375977e-305
40,0.005,4,15,gic_pred,predictive_support,tv_sir,3.272309491980983e-180
40,0.005,4,15,gic_pred,predictive_support,ude_sir_h2,1.0
40,0.005,4,15,gic_evid,equal_prior_posterior_approximation,neural_ode_h2,6.6493087884464965e-96
40,0.005,4,15,gic_evid,equal_prior_posterior_approximation,sir,9.85967654375977e-305
40,0.005,4,15,gic_evid,equal_prior_posterior_approximation,tv_sir,4.2413025002666825e-174
40,0.005,4,15,gic_evid,equal_prior_posterior_approximation,ude_sir_h2,1.0
40,0.005,4,16,gic_pred,predictive_support,neural_ode_h2,3.8291994993308964e-59
40,0.005,4,16,gic_pred,predictive_support,sir,9.85967654375977e-305
40,0.005,4,16,gic_pred,predictive_support,tv_sir,2.2636377721304834e-155
40,0.005,4,16,gic_pred,predictive_support,ude_sir_h2,1.0
40,0.005,4,16,gic_evid,equal_prior_posterior_approximation,neural_ode_h2,2.0163003912202734e-98
40,0.005,4,16,gic_evid,equal_prior_posterior_approximation,sir,9.85967654375977e-305
40,0.005,4,16,gic_evid,equal_prior_posterior_approximation,tv_sir,1.4590645852034857e-148
40,0.005,4,16,gic_evid,equal_prior_posterior_approximation,ude_sir_h2,1.0
40,0.005,4,17,gic_pred,predictive_support,neural_ode_h2,1.6787663622724445e-46
40,0.005,4,17,gic_pred,predictive_support,sir,9.85967654375977e-305
40,0.005,4,17,gic_pred,predictive_support,tv_sir,5.718793434808344e-155
40,0.005,4,17,gic_pred,predictive_support,ude_sir_h2,1.0
40,0.005,4,17,gic_evid,equal_prior_posterior_approximation,neural_ode_h2,7.6434968012381815e-90
40,0.005,4,17,gic_evid,equal_prior_posterior_approximation,sir,9.85967654375977e-305
40,0.005,4,17,gic_evid,equal_prior_posterior_approximation,tv_sir,2.5463026205074715e-148
40,0.005,4,17,gic_evid,equal_prior_posterior_approximation,ude_sir_h2,1.0
40,0.005,4,18,gic_pred,predictive_support,neural_ode_h2,3.572173080277252e-69
40,0.005,4,18,gic_pred,predictive_support,sir,9.85967654375977e-305
40,0.005,4,18,gic_pred,predictive_support,tv_sir,4.440798858260409e-140
40,0.005,4,18,gic_pred,predictive_support,ude_sir_h2,1.0
40,0.005,4,18,gic_evid,equal_prior_posterior_approximation,neural_ode_h2,4.2768109780941565e-105
40,0.005,4,18,gic_evid,equal_prior_posterior_approximation,sir,9.85967654375977e-305
40,0.005,4,18,gic_evid,equal_prior_posterior_approximation,tv_sir,1.7911556821608123e-133
40,0.005,4,18,gic_evid,equal_prior_posterior_approximation,ude_sir_h2,1.0
40,0.005,4,19,gic_pred,predictive_support,neural_ode_h2,1.5352200725546535e-55
40,0.005,4,19,gic_pred,predictive_support,sir,9.85967654375977e-305
40,0.005,4,19,gic_pred,predictive_support,tv_sir,5.91410635007939e-172
40,0.005,4,19,gic_pred,predictive_support,ude_sir_h2,1.0
40,0.005,4,19,gic_evid,equal_prior_posterior_approximation,neural_ode_h2,3.7307428898621176e-93
40,0.005,4,19,gic_evid,equal_prior_posterior_approximation,sir,9.85967654375977e-305
40,0.005,4,19,gic_evid,equal_prior_posterior_approximation,tv_sir,1.449678312781644e-165
40,0.005,4,19,gic_evid,equal_prior_posterior_approximation,ude_sir_h2,1.0
40,0.015,1,0,gic_pred,predictive_support,neural_ode_h2,0.3000639790997096
40,0.015,1,0,gic_pred,predictive_support,sir,7.244161295603572e-39
40,0.015,1,0,gic_pred,predictive_support,tv_sir,0.18471035188052992
40,0.015,1,0,gic_pred,predictive_support,ude_sir_h2,0.5152256690197605
40,0.015,1,0,gic_evid,equal_prior_posterior_approximation,neural_ode_h2,8.656193542894357e-08
40,0.015,1,0,gic_evid,equal_prior_posterior_approximation,sir,3.5765587387896913e-37
40,0.015,1,0,gic_evid,equal_prior_posterior_approximation,tv_sir,0.5866990942123298
40,0.015,1,0,gic_evid,equal_prior_posterior_approximation,ude_sir_h2,0.4133008192257348
40,0.015,1,1,gic_pred,predictive_support,neural_ode_h2,0.04740504920790283
40,0.015,1,1,gic_pred,predictive_support,sir,2.9706795784231787e-42
40,0.015,1,1,gic_pred,predictive_support,tv_sir,0.5029280364286807
40,0.015,1,1,gic_pred,predictive_support,ude_sir_h2,0.44966691436341644
40,0.015,1,1,gic_evid,equal_prior_posterior_approximation,neural_ode_h2,2.413740298305229e-09
40,0.015,1,1,gic_evid,equal_prior_posterior_approximation,sir,8.696245708029976e-41
40,0.015,1,1,gic_evid,equal_prior_posterior_approximation,tv_sir,0.8125990860044394
40,0.015,1,1,gic_evid,equal_prior_posterior_approximation,ude_sir_h2,0.1874009115818202
40,0.015,1,2,gic_pred,predictive_support,neural_ode_h2,0.5768940530811135
40,0.015,1,2,gic_pred,predictive_support,sir,2.1538154840294446e-47
40,0.015,1,2,gic_pred,predictive_support,tv_sir,0.03151419347213768
40,0.015,1,2,gic_pred,predictive_support,ude_sir_h2,0.39159175344674896
40,0.015,1,2,gic_evid,equal_prior_posterior_approximation,neural_ode_h2,4.1712288994898137e-07
40,0.015,1,2,gic_evid,equal_prior_posterior_approximation,sir,3.3324163523957577e-45
40,0.015,1,2,gic_evid,equal_prior_posterior_approximation,tv_sir,0.3032692060512167
40,0.015,1,2,gic_evid,equal_prior_posterior_approximation,ude_sir_h2,0.6967303768258933
40,0.015,1,3,gic_pred,predictive_support,neural_ode_h2,0.08526627775527611
40,0.015,1,3,gic_pred,predictive_support,sir,6.63295970937213e-30
40,0.015,1,3,gic_pred,predictive_support,tv_sir,0.25071377979549375
40,0.015,1,3,gic_pred,predictive_support,ude_sir_h2,0.6640199424492301
40,0.015,1,3,gic_evid,equal_prior_posterior_approximation,neural_ode_h2,1.6265151152499483e-08
40,0.015,1,3,gic_evid,equal_prior_posterior_approximation,sir,2.396956166003937e-28
40,0.015,1,3,gic_evid,equal_prior_posterior_approximation,tv_sir,0.500057458925952
40,0.015,1,3,gic_evid,equal_prior_posterior_approximation,ude_sir_h2,0.4999425248088969
40,0.015,1,4,gic_pred,predictive_support,neural_ode_h2,0.761085162175616
40,0.015,1,4,gic_pred,predictive_support,sir,1.4726070437230704e-35
40,0.015,1,4,gic_pred,predictive_support,tv_sir,0.04169669134437605
40,0.015,1,4,gic_pred,predictive_support,ude_sir_h2,0.19721814648000793
40,0.015,1,4,gic_evid,equal_prior_posterior_approximation,neural_ode_h2,1.2907629061401902e-06
40,0.015,1,4,gic_evid,equal_prior_posterior_approximation,sir,2.264925768826736e-33
40,0.015,1,4,gic_evid,equal_prior_posterior_approximation,tv_sir,0.40682995111638115
40,0.015,1,4,gic_evid,equal_prior_posterior_approximation,ude_sir_h2,0.5931687581207126
40,0.015,1,5,gic_pred,predictive_support,neural_ode_h2,0.20720273170056464
40,0.015,1,5,gic_pred,predictive_support,sir,5.219756312847155e-38
40,0.015,1,5,gic_pred,predictive_support,tv_sir,0.21871944190984222
40,0.015,1,5,gic_pred,predictive_support,ude_sir_h2,0.5740778263895931
40,0.015,1,5,gic_evid,equal_prior_posterior_approximation,neural_ode_h2,3.2103367669503485e-08
40,0.015,1,5,gic_evid,equal_prior_posterior_approximation,sir,2.1718334742722682e-36
40,0.015,1,5,gic_evid,equal_prior_posterior_approximation,tv_sir,0.6078550509584317
40,0.015,1,5,gic_evid,equal_prior_posterior_approximation,ude_sir_h2,0.3921449169382007
40,0.015,1,6,gic_pred,predictive_support,neural_ode_h2,0.07675604573647755
40,0.015,1,6,gic_pred,predictive_support,sir,5.913155195074546e-42
40,0.015,1,6,gic_pred,predictive_support,tv_sir,0.3085713745121329
40,0.015,1,6,gic_pred,predictive_support,ude_sir_h2,0.6146725797513894
40,0.015,1,6,gic_evid,equal_prior_posterior_approximation,neural_ode_h2,6.269421062725898e-09
40,0.015,1,6,gic_evid,equal_prior_posterior_approximation,sir,2.183388576158948e-40
40,0.015,1,6,gic_evid,equal_prior_posterior_approximation,tv_sir,0.6459686904867735
40,0.015,1,6,gic_evid,equal_prior_posterior_approximation,ude_sir_h2,0.3540313032438054
40,0.015,1,7,gic_pred,predictive_support,neural_ode_h2,0.14014997800781523
40,0.015,1,7,gic_pred,predictive_support,sir,2.290561304717118e-37
40,0.015,1,7,gic_pred,predictive_support,tv_sir,0.3900564640483916
40,0.015,1,7,gic_pred,predictive_support,ude_sir_h2,0.469793557943793
40,0.015,1,7,gic_evid,equal_prior_posterior_approximation,neural_ode_h2,2.2615737104607247e-08
40,0.015,1,7,gic_evid,equal_prior_posterior_approximation,sir,8.015965955284743e-36
40,0.015,1,7,gic_evid,equal_prior_posterior_approximation,tv_sir,0.6989105355454927
40,0.015,1,7,gic_evid,equal_prior_posterior_approximation,ude_sir_h2,0.3010894418387701
40,0.015,1,8,gic_pred,predictive_support,neural_ode_h2,0.23675324554164565
40,0.015,1,8,gic_pred,predictive_support,sir,1.3877526422528242e-37
40,0.015,1,8,gic_pred,predictive_support,tv_sir,0.4354413917902685
40,0.015,1,8,gic_pred,predictive_support,ude_sir_h2,0.3278053626680858
40,0.015,1,8,gic_evid,equal_prior_posterior_approximation,neural_ode_h2,6.338752757491603e-08
40,0.015,1,8,gic_evid,equal_prior_posterior_approximation,sir,7.21854496322189e-36
40,0.015,1,8,gic_evid,equal_prior_posterior_approximation,tv_sir,0.7845760405111161
40,0.015,1,8,gic_evid,equal_prior_posterior_approximation,ude_sir_h2,0.21542389610135634
40,0.015,1,9,gic_pred,predictive_support,neural_ode_h2,0.06680034993881917
40,0.015,1,9,gic_pred,predictive_support,sir,4.708677421046522e-33
40,0.015,1,9,gic_pred,predictive_support,tv_sir,0.2534414924383152
40,0.015,1,9,gic_pred,predictive_support,ude_sir_h2,0.6797581576228655
40,0.015,1,9,gic_evid,equal_prior_posterior_approximation,neural_ode_h2,1.6591913224727416e-08
40,0.015,1,9,gic_evid,equal_prior_posterior_approximation,sir,1.6933235138301203e-31
40,0.015,1,9,gic_evid,equal_prior_posterior_approximation,tv_sir,0.49816669492343535
40,0.015,1,9,gic_evid,equal_prior_posterior_approximation,ude_sir_h2,0.5018332884846515
40,0.015,1,10,gic_pred,predictive_support,neural_ode_h2,0.19097164359363392
40,0.015,1,10,gic_pred,predictive_support,sir,8.738953535464167e-38
40,0.015,1,10,gic_pred,predictive_support,tv_sir,0.16713561083058617
40,0.015,1,10,gic_pred,predictive_support,ude_sir_h2,0.6418927455757799
40,0.015,1,10,gic_evid,equal_prior_posterior_approximation,neural_ode_h2,5.693835479672753e-08
40,0.015,1,10,gic_evid,equal_prior_posterior_approximation,sir,4.058273090011687e-36
40,0.015,1,10,gic_evid,equal_prior_posterior_approximation,tv_sir,0.4863295747016783
40,0.015,1,10,gic_evid,equal_prior_posterior_approximation,ude_sir_h2,0.5136703683599669
40,0.015,1,11,gic_pred,predictive_support,neural_ode_h2,0.43924789473999304
40,0.015,1,11,gic_pred,predictive_support,sir,2.0673575179475927e-38
40,0.015,1,11,gic_pred,predictive_support,tv_sir,0.12905923550740048
40,0.015,1,11,gic_pred,predictive_support,ude_sir_h2,0.4316928697526064
40,0.015,1,11,gic_evid,equal_prior_posterior_approximation,neural_ode_h2,2.8110912943926623e-07
40,0.015,1,11,gic_evid,equal_prior_posterior_approximation,sir,1.704879543575306e-36
40,0.015,1,11,gic_evid,equal_prior_posterior_approximation,tv_sir,0.4651386608652919
40,0.015,1,11,gic_evid,equal_prior_posterior_approximation,ude_sir_h2,0.5348610580255787
40,0.015,1,12,gic_pred,predictive_support,neural_ode_h2,0.9740690167666505
40,0.015,1,12,gic_pred,predictive_support,sir,2.935505608569516e-48
40,0.015,1,12,gic_pred,predictive_support,tv_sir,0.002694333306077285
40,0.015,1,12,gic_pred,predictive_support,ude_sir_h2,0.023236649927272243
40,0.015,1,12,gic_evid,equal_prior_posterior_approximation,neural_ode_h2,1.5879987229347802e-05
40,0.015,1,12,gic_evid,equal_prior_posterior_approximation,sir,6.827892591551398e-45
40,0.015,1,12,gic_evid,equal_prior_posterior_approximation,tv_sir,0.3697512590665253
40,0.015,1,12,gic_evid,equal_prior_posterior_approximation,ude_sir_h2,0.6302328609462454
40,0.015,1,13,gic_pred,predictive_support,neural_ode_h2,0.1668139973905221
40,0.015,1,13,gic_pred,predictive_support,sir,3.098349132484646e-39
40,0.015,1,13,gic_pred,predictive_support,tv_sir,0.22232644430270593
40,0.015,1,13,gic_pred,predictive_support,ude_sir_h2,0.610859558306772
40,0.015,1,13,gic_evid,equal_prior_posterior_approximation,neural_ode_h2,5.79963483573924e-08
40,0.015,1,13,gic_evid,equal_prior_posterior_approximation,sir,1.5107069042978188e-37
40,0.015,1,13,gic_evid,equal_prior_posterior_approximation,tv_sir,0.5400927535606942
40,0.015,1,13,gic_evid,equal_prior_posterior_approximation,ude_sir_h2,0.45990718844295736
40,0.015,1,14,gic_pred,predictive_support,neural_ode_h2,0.473092893752666
40,0.015,1,14,gic_pred,predictive_support,sir,2.044325885056848e-31
40,0.015,1,14,gic_pred,predictive_support,tv_sir,0.1260187141156394
40,0.015,1,14,gic_pred,predictive_support,ude_sir_h2,0.4008883921316945
40,0.015,1,14,gic_evid,equal_prior_posterior_approximation,neural_ode_h2,1.4266571790750162e-07
40,0.015,1,14,gic_evid,equal_prior_posterior_approximation,sir,1.254639037971978e-29
40,0.015,1,14,gic_evid,equal_prior_posterior_approximation,tv_sir,0.5035909897508932
40,0.015,1,14,gic_evid,equal_prior_posterior_approximation,ude_sir_h2,0.49640886758338887
40,0.015,1,15,gic_pred,predictive_support,neural_ode_h2,0.09190788776852146
40,0.015,1,15,gic_pred,predictive_support,sir,1.3314148549818722e-36
40,0.015,1,15,gic_pred,predictive_support,tv_sir,0.3586099280855081
40,0.015,1,15,gic_pred,predictive_support,ude_sir_h2,0.5494821841459705
40,0.015,1,15,gic_evid,equal_prior_posterior_approximation,neural_ode_h2,1.1276613952520703e-08
40,0.015,1,15,gic_evid,equal_prior_posterior_approximation,sir,4.7775827476407225e-35
40,0.015,1,15,gic_evid,equal_prior_posterior_approximation,tv_sir,0.6487030304387017
40,0.015,1,15,gic_evid,equal_prior_posterior_approximation,ude_sir_h2,0.3512969582846843
40,0.015,1,16,gic_pred,predictive_support,neural_ode_h2,0.0465557449014503
40,0.015,1,16,gic_pred,predictive_support,sir,8.591987328786948e-38
40,0.015,1,16,gic_pred,predictive_support,tv_sir,0.5493005365957109
40,0.015,1,16,gic_pred,predictive_support,ude_sir_h2,0.40414371850283887
40,0.015,1,16,gic_evid,equal_prior_posterior_approximation,neural_ode_h2,1.7262087438267662e-09
40,0.015,1,16,gic_evid,equal_prior_posterior_approximation,sir,1.9893436990144167e-36
40,0.015,1,16,gic_evid,equal_prior_posterior_approximation,tv_sir,0.8197332198162592
40,0.015,1,16,gic_evid,equal_prior_posterior_approximation,ude_sir_h2,0.18026677845753192
40,0.015,1,17,gic_pred,predictive_support,neural_ode_h2,0.25348191699407663
40,0.015,1,17,gic_pred,predictive_support,sir,1.3350472185185655e-38
40,0.015,1,17,gic_pred,predictive_support,tv_sir,0.33259714888815284
40,0.015,1,17,gic_pred,predictive_support,ude_sir_h2,0.4139209341177704
40,0.015,1,17,gic_evid,equal_prior_posterior_approximation,neural_ode_h2,6.184157825287317e-08
40,0.015,1,17,gic_evid,equal_prior_posterior_approximation,sir,6.242445055028407e-37
40,0.015,1,17,gic_evid,equal_prior_posterior_approximation,tv_sir,0.6995376982521093
40,0.015,1,17,gic_evid,equal_prior_posterior_approximation,ude_sir_h2,0.30046223990631243
40,0.015,1,18,gic_pred,predictive_support,neural_ode_h2,0.3220114113870482
40,0.015,1,18,gic_pred,predictive_support,sir,2.1164856476632178e-39
40,0.015,1,18,gic_pred,predictive_support,tv_sir,0.06922545304834596
40,0.015,1,18,gic_pred,predictive_support,ude_sir_h2,0.6087631355646057
40,0.015,1,18,gic_evid,equal_prior_posterior_approximation,neural_ode_h2,2.2032594689977544e-07
40,0.015,1,18,gic_evid,equal_prior_posterior_approximation,sir,1.6448225462151542e-37
40,0.015,1,18,gic_evid,equal_prior_posterior_approximation,tv_sir,0.30436227652575387
40,0.015,1,18,gic_evid,equal_prior_posterior_approximation,ude_sir_h2,0.6956375031482992
40,0.015,1,19,gic_pred,predictive_support,neural_ode_h2,0.10893288861994685
40,0.015,1,19,gic_pred,predictive_support,sir,2.4166076738616273e-39
40,0.015,1,19,gic_pred,predictive_support,tv_sir,0.3805766863304116
40,0.015,1,19,gic_pred,predictive_support,ude_sir_h2,0.5104904250496416
40,0.015,1,19,gic_evid,equal_prior_posterior_approximation,neural_ode_h2,2.505607673144867e-08
40,0.015,1,19,gic_evid,equal_prior_posterior_approximation,sir,9.22953084417055e-38
40,0.015,1,19,gic_evid,equal_prior_posterior_approximation,tv_sir,0.7007022437424142
40,0.015,1,19,gic_evid,equal_prior_posterior_approximation,ude_sir_h2,0.29929773120150904
40,0.015,2,0,gic_pred,predictive_support,neural_ode_h2,1.6834667362663907e-08
40,0.015,2,0,gic_pred,predictive_support,sir,5.0011181171022235e-116
40,0.015,2,0,gic_pred,predictive_support,tv_sir,0.08235146961080486
40,0.015,2,0,gic_pred,predictive_support,ude_sir_h2,0.9176485135545278
40,0.015,2,0,gic_evid,equal_prior_posterior_approximation,neural_ode_h2,1.2736033193758841e-27
40,0.015,2,0,gic_evid,equal_prior_posterior_approximation,sir,3.256807929523304e-113
40,0.015,2,0,gic_evid,equal_prior_posterior_approximation,tv_sir,0.9984551398979159
40,0.015,2,0,gic_evid,equal_prior_posterior_approximation,ude_sir_h2,0.0015448601020840037
40,0.015,2,1,gic_pred,predictive_support,neural_ode_h2,7.938616718106961e-07
40,0.015,2,1,gic_pred,predictive_support,sir,1.721603541972961e-81
40,0.015,2,1,gic_pred,predictive_support,tv_sir,0.0001584430264517453
40,0.015,2,1,gic_pred,predictive_support,ude_sir_h2,0.9998407631118764
40,0.015,2,1,gic_evid,equal_prior_posterior_approximation,neural_ode_h2,6.5364157754383675e-21
40,0.015,2,1,gic_evid,equal_prior_posterior_approximation,sir,2.285216481574683e-76
40,0.015,2,1,gic_evid,equal_prior_posterior_approximation,tv_sir,0.3619743798613235
40,0.015,2,1,gic_evid,equal_prior_posterior_approximation,ude_sir_h2,0.6380256201386765
40,0.015,2,2,gic_pred,predictive_support,neural_ode_h2,1.9788124567264198e-07
40,0.015,2,2,gic_pred,predictive_support,sir,3.0651592332052926e-93
40,0.015,2,2,gic_pred,predictive_support,tv_sir,0.3578221544435091
40,0.015,2,2,gic_pred,predictive_support,ude_sir_h2,0.6421776476752451
40,0.015,2,2,gic_evid,equal_prior_posterior_approximation,neural_ode_h2,1.1182681026025474e-26
40,0.015,2,2,gic_evid,equal_prior_posterior_approximation,sir,6.090365316587247e-91
40,0.015,2,2,gic_evid,equal_prior_posterior_approximation,tv_sir,0.9997642177631223
40,0.015,2,2,gic_evid,equal_prior_posterior_approximation,ude_sir_h2,0.0002357822368776072
40,0.015,2,3,gic_pred,predictive_support,neural_ode_h2,4.872038190251947e-07
40,0.015,2,3,gic_pred,predictive_support,sir,1.3684624150861893e-76
40,0.015,2,3,gic_pred,predictive_support,tv_sir,0.009241714294671882
40,0.015,2,3,gic_pred,predictive_support,ude_sir_h2,0.9907577985015091
40,0.015,2,3,gic_evid,equal_prior_posterior_approximation,neural_ode_h2,1.5011647418231355e-24
40,0.015,2,3,gic_evid,equal_prior_posterior_approximation,sir,7.460711317255396e-73
40,0.015,2,3,gic_evid,equal_prior_posterior_approximation,tv_sir,0.9567122643501318
40,0.015,2,3,gic_evid,equal_prior_posterior_approximation,ude_sir_h2,0.04328773564986834
40,0.015,2,4,gic_pred,predictive_support,neural_ode_h2,2.370870501760987e-07
40,0.015,2,4,gic_pred,predictive_support,sir,3.774817481482821e-84
40,0.015,2,4,gic_pred,predictive_support,tv_sir,9.784337618891321e-06
40,0.015,2,4,gic_pred,predictive_support,ude_sir_h2,0.9999899785753309
40,0.015,2,4,gic_evid,equal_prior_posterior_approximation,neural_ode_h2,3.5228166263009485e-22
40,0.015,2,4,gic_evid,equal_prior_posterior_approximation,sir,9.806618697670141e-79
40,0.015,2,4,gic_evid,equal_prior_posterior_approximation,tv_sir,0.046186623008741594
40,0.015,2,4,gic_evid,equal_prior_posterior_approximation,ude_sir_h2,0.9538133769912583
40,0.015,2,5,gic_pred,predictive_support,neural_ode_h2,6.117406014848688e-08
40,0.015,2,5,gic_pred,predictive_support,sir,7.075540294156229e-78
40,0.015,2,5,gic_pred,predictive_support,tv_sir,0.03744957037122358
40,0.015,2,5,gic_pred,predictive_support,ude_sir_h2,0.9625503684547162
40,0.015,2,5,gic_evid,equal_prior_posterior_approximation,neural_ode_h2,1.862950282983248e-28
40,0.015,2,5,gic_evid,equal_prior_posterior_approximation,sir,9.444896106871961e-75
40,0.015,2,5,gic_evid,equal_prior_posterior_approximation,tv_sir,0.9883845794615167
40,0.015,2,5,gic_evid,equal_prior_posterior_approximation,ude_sir_h2,0.011615420538483457
40,0.015,2,6,gic_pred,predictive_support,neural_ode_h2,6.064671033603519e-12
40,0.015,2,6,gic_pred,predictive_support,sir,3.757907626119675e-89
40,0.015,2,6,gic_pred,predictive_support,tv_sir,0.6189447484338287
40,0.015,2,6,gic_pred,predictive_support,ude_sir_h2,0.3810552515601065
40,0.015,2,6,gic_evid,equal_prior_posterior_approximation,neural_ode_h2,4.725793124413057e-32
40,0.015,2,6,gic_evid,equal_prior_posterior_approximation,sir,3.0509510307981587e-87
40,0.015,2,6,gic_evid,equal_prior_posterior_approximation,tv_sir,0.999869070560592
40,0.015,2,6,gic_evid,equal_prior_posterior_approximation,ude_sir_h2,0.00013092943940797624
40,0.015,2,7,gic_pred,predictive_support,neural_ode_h2,1.0625952985002814e-10
40,0.015,2,7,gic_pred,predictive_support,sir,1.4718452090423558e-91
40,0.015,2,7,gic_pred,predictive_support,tv_sir,0.00011021307286104446
40,0.015,2,7,gic_pred,predictive_support,ude_sir_h2,0.9998897868208794
40,0.015,2,7,gic_evid,equal_prior_posterior_approximation,neural_ode_h2,2.4362325874844307e-25
40,0.015,2,7,gic_evid,equal_prior_posterior_approximation,sir,1.869683055912062e-86
40,0.015,2,7,gic_evid,equal_prior_posterior_approximation,tv_sir,0.29168971318225384
40,0.015,2,7,gic_evid,equal_prior_posterior_approximation,ude_sir_h2,0.7083102868177462
40,0.015,2,8,gic_pred,predictive_support,neural_ode_h2,4.987221173374126e-10
40,0.015,2,8,gic_pred,predictive_support,sir,1.2401118973644969e-100
40,0.015,2,8,gic_pred,predictive_support,tv_sir,0.00030183490288290474
40,0.015,2,8,gic_pred,predictive_support,ude_sir_h2,0.9996981645983949
40,0.015,2,8,gic_evid,equal_prior_posterior_approximation,neural_ode_h2,5.783156320124857e-26
40,0.015,2,8,gic_evid,equal_prior_posterior_approximation,sir,1.4870550010290203e-95
40,0.015,2,8,gic_evid,equal_prior_posterior_approximation,tv_sir,0.6223073959860029
40,0.015,2,8,gic_evid,equal_prior_posterior_approximation,ude_sir_h2,0.377692604013997
40,0.015,2,9,gic_pred,predictive_support,neural_ode_h2,7.596181206691005e-08
40,0.015,2,9,gic_pred,predictive_support,sir,4.903402996500103e-90
40,0.015,2,9,gic_pred,predictive_support,tv_sir,0.1282261996573579
40,0.015,2,9,gic_pred,predictive_support,ude_sir_h2,0.8717737243808299
40,0.015,2,9,gic_evid,equal_prior_posterior_approximation,neural_ode_h2,9.226517341425782e-27
40,0.015,2,9,gic_evid,equal_prior_posterior_approximation,sir,1.9288149750136228e-87
40,0.015,2,9,gic_evid,equal_prior_posterior_approximation,tv_sir,0.9981793877947094
40,0.015,2,9,gic_evid,equal_prior_posterior_approximation,ude_sir_h2,0.001820612205290519
40,0.015,2,10,gic_pred,predictive_support,neural_ode_h2,3.6356124396859725e-06
40,0.015,2,10,gic_pred,predictive_support,sir,5.498546599070581e-108
40,0.015,2,10,gic_pred,predictive_support,tv_sir,0.2896561035038098
40,0.015,2,10,gic_pred,predictive_support,ude_sir_h2,0.7103402608837506
40,0.015,2,10,gic_evid,equal_prior_posterior_approximation,neural_ode_h2,1.4128120065265377e-25
40,0.015,2,10,gic_evid,equal_prior_posterior_approximation,sir,1.906602051516693e-105
40,0.015,2,10,gic_evid,equal_prior_posterior_approximation,tv_sir,0.9998360689724507
40,0.015,2,10,gic_evid,equal_prior_posterior_approximation,ude_sir_h2,0.0001639310275492878
40,0.015,2,11,gic_pred,predictive_support,neural_ode_h2,2.5819966333455585e-09
40,0.015,2,11,gic_pred,predictive_support,sir,4.585738500261099e-96
40,0.015,2,11,gic_pred,predictive_support,tv_sir,0.022255154472915036
40,0.015,2,11,gic_pred,predictive_support,ude_sir_h2,0.9777448429450883
40,0.015,2,11,gic_evid,equal_prior_posterior_approximation,neural_ode_h2,7.297660498551908e-27
40,0.015,2,11,gic_evid,equal_prior_posterior_approximation,sir,1.1233676953425324e-92
40,0.015,2,11,gic_evid,equal_prior_posterior_approximation,tv_sir,0.9883143461601972
40,0.015,2,11,gic_evid,equal_prior_posterior_approximation,ude_sir_h2,0.011685653839802806
40,0.015,2,12,gic_pred,predictive_support,neural_ode_h2,1.3590309524000112e-06
40,0.015,2,12,gic_pred,predictive_support,sir,8.540501527246298e-88
40,0.015,2,12,gic_pred,predictive_support,tv_sir,0.008788144226607965
40,0.015,2,12,gic_pred,predictive_support,ude_sir_h2,0.9912104967424397
40,0.015,2,12,gic_evid,equal_prior_posterior_approximation,neural_ode_h2,1.2562519394296653e-24
40,0.015,2,12,gic_evid,equal_prior_posterior_approximation,sir,4.728035467553991e-84
40,0.015,2,12,gic_evid,equal_prior_posterior_approximation,tv_sir,0.982824758707321
40,0.015,2,12,gic_evid,equal_prior_posterior_approximation,ude_sir_h2,0.017175241292679052
40,0.015,2,13,gic_pred,predictive_support,neural_ode_h2,3.1601744562701056e-10
40,0.015,2,13,gic_pred,predictive_support,sir,9.742001746645048e-108
40,0.015,2,13,gic_pred,predictive_support,tv_sir,0.14436550326545514
40,0.015,2,13,gic_pred,predictive_support,ude_sir_h2,0.8556344964185274
40,0.015,2,13,gic_evid,equal_prior_posterior_approximation,neural_ode_h2,2.8817318592318e-28
40,0.015,2,13,gic_evid,equal_prior_posterior_approximation,sir,3.2905508196384455e-105
40,0.015,2,13,gic_evid,equal_prior_posterior_approximation,tv_sir,0.9991570421669694
40,0.015,2,13,gic_evid,equal_prior_posterior_approximation,ude_sir_h2,0.0008429578330305194
40,0.015,2,14,gic_pred,predictive_support,neural_ode_h2,3.1143498422805465e-08
40,0.015,2,14,gic_pred,predictive_support,sir,2.3847036117443483e-96
40,0.015,2,14,gic_pred,predictive_support,tv_sir,2.0914333125588502e-05
40,0.015,2,14,gic_pred,predictive_support,ude_sir_h2,0.999979054523376
40,0.015,2,14,gic_evid,equal_prior_posterior_approximation,neural_ode_h2,2.1857595048326897e-22
40,0.015,2,14,gic_evid,equal_prior_posterior_approximation,sir,6.549258412983657e-91
40,0.015,2,14,gic_evid,equal_prior_posterior_approximation,tv_sir,0.10655635057730115
40,0.015,2,14,gic_evid,equal_prior_posterior_approximation,ude_sir_h2,0.8934436494226988
40,0.015,2,15,gic_pred,predictive_support,neural_ode_h2,3.71538807817978e-08
40,0.015,2,15,gic_pred,predictive_support,sir,3.1535664330700416e-76
40,0.015,2,15,gic_pred,predictive_support,tv_sir,0.0005107963266236436
40,0.015,2,15,gic_pred,predictive_support,ude_sir_h2,0.9994891665194956
40,0.015,2,15,gic_evid,equal_prior_posterior_approximation,neural_ode_h2,1.253027102554809e-23
40,0.015,2,15,gic_evid,equal_prior_posterior_approximation,sir,1.8501432301491057e-71
40,0.015,2,15,gic_evid,equal_prior_posterior_approximation,tv_sir,0.5886910583059266
40,0.015,2,15,gic_evid,equal_prior_posterior_approximation,ude_sir_h2,0.4113089416940734
40,0.015,2,16,gic_pred,predictive_support,neural_ode_h2,2.5318535079932955e-06
40,0.015,2,16,gic_pred,predictive_support,sir,1.3139060442638728e-77
40,0.015,2,16,gic_pred,predictive_support,tv_sir,0.0014646881524815047
40,0.015,2,16,gic_pred,predictive_support,ude_sir_h2,0.9985327799940106
40,0.015,2,16,gic_evid,equal_prior_posterior_approximation,neural_ode_h2,3.300252996118803e-22
40,0.015,2,16,gic_evid,equal_prior_posterior_approximation,sir,4.435837426997068e-73
40,0.015,2,16,gic_evid,equal_prior_posterior_approximation,tv_sir,0.8302725089954288
40,0.015,2,16,gic_evid,equal_prior_posterior_approximation,ude_sir_h2,0.16972749100457127
40,0.015,2,17,gic_pred,predictive_support,neural_ode_h2,6.291644041199734e-05
40,0.015,2,17,gic_pred,predictive_support,sir,4.914236529523957e-98
40,0.015,2,17,gic_pred,predictive_support,tv_sir,9.124952331523912e-07
40,0.015,2,17,gic_pred,predictive_support,ude_sir_h2,0.9999361710643548
40,0.015,2,17,gic_evid,equal_prior_posterior_approximation,neural_ode_h2,2.6348296818396008e-17
40,0.015,2,17,gic_evid,equal_prior_posterior_approximation,sir,6.486356995088861e-92
40,0.015,2,17,gic_evid,equal_prior_posterior_approximation,tv_sir,0.013433924631999798
40,0.015,2,17,gic_evid,equal_prior_posterior_approximation,ude_sir_h2,0.9865660753680001
40,0.015,2,18,gic_pred,predictive_support,neural_ode_h2,6.610262282111606e-11
40,0.015,2,18,gic_pred,predictive_support,sir,3.8729732245689476e-94
40,0.015,2,18,gic_pred,predictive_support,tv_sir,0.0010203307325258838
40,0.015,2,18,gic_pred,predictive_support,ude_sir_h2,0.9989796692013715
40,0.015,2,18,gic_evid,equal_prior_posterior_approximation,neural_ode_h2,8.412731408690235e-28
40,0.015,2,18,gic_evid,equal_prior_posterior_approximation,sir,1.3269246009852809e-89
40,0.015,2,18,gic_evid,equal_prior_posterior_approximation,tv_sir,0.7263930512670713
40,0.015,2,18,gic_evid,equal_prior_posterior_approximation,ude_sir_h2,0.2736069487329286
40,0.015,2,19,gic_pred,predictive_support,neural_ode_h2,7.866286246742672e-09
40,0.015,2,19,gic_pred,predictive_support,sir,7.937096606622418e-106
40,0.015,2,19,gic_pred,predictive_support,tv_sir,0.018164030081594982
40,0.015,2,19,gic_pred,predictive_support,ude_sir_h2,0.9818359620521189
40,0.015,2,19,gic_evid,equal_prior_posterior_approximation,neural_ode_h2,1.6081862423905671e-27
40,0.015,2,19,gic_evid,equal_prior_posterior_approximation,sir,2.539326585291419e-102
40,0.015,2,19,gic_evid,equal_prior_posterior_approximation,tv_sir,0.9875721400989684
40,0.015,2,19,gic_evid,equal_prior_posterior_approximation,ude_sir_h2,0.012427859901031586
40,0.015,4,0,gic_pred,predictive_support,neural_ode_h2,2.2465293624399695e-07
40,0.015,4,0,gic_pred,predictive_support,sir,4.631171643667441e-195
40,0.015,4,0,gic_pred,predictive_support,tv_sir,5.057025325721439e-13
40,0.015,4,0,gic_pred,predictive_support,ude_sir_h2,0.999999775346558
40,0.015,4,0,gic_evid,equal_prior_posterior_approximation,neural_ode_h2,2.2047696238145104e-28
40,0.015,4,0,gic_evid,equal_prior_posterior_approximation,sir,1.53552553247296e-188
40,0.015,4,0,gic_evid,equal_prior_posterior_approximation,tv_sir,1.1258334515183553e-08
40,0.015,4,0,gic_evid,equal_prior_posterior_approximation,ude_sir_h2,0.9999999887416654
40,0.015,4,1,gic_pred,predictive_support,neural_ode_h2,7.111856685080332e-10
40,0.015,4,1,gic_pred,predictive_support,sir,2.2292379322291997e-198
40,0.015,4,1,gic_pred,predictive_support,tv_sir,1.0914210459060322e-20
40,0.015,4,1,gic_pred,predictive_support,ude_sir_h2,0.9999999992888142
40,0.015,4,1,gic_evid,equal_prior_posterior_approximation,neural_ode_h2,4.965065785270692e-28
40,0.015,4,1,gic_evid,equal_prior_posterior_approximation,sir,1.5232675833147487e-191
40,0.015,4,1,gic_evid,equal_prior_posterior_approximation,tv_sir,4.960128729910297e-16
40,0.015,4,1,gic_evid,equal_prior_posterior_approximation,ude_sir_h2,0.9999999999999996
40,0.015,4,2,gic_pred,predictive_support,neural_ode_h2,7.721032094636318e-06
40,0.015,4,2,gic_pred,predictive_support,sir,5.284865818633276e-185
40,0.015,4,2,gic_pred,predictive_support,tv_sir,1.8292340455204784e-22
40,0.015,4,2,gic_pred,predictive_support,ude_sir_h2,0.9999922789679054
40,0.015,4,2,gic_evid,equal_prior_posterior_approximation,neural_ode_h2,2.7819964343526084e-23
40,0.015,4,2,gic_evid,equal_prior_posterior_approximation,sir,1.624350217219927e-178
40,0.015,4,2,gic_evid,equal_prior_posterior_approximation,tv_sir,3.463246219921999e-18
40,0.015,4,2,gic_evid,equal_prior_posterior_approximation,ude_sir_h2,1.0
40,0.015,4,3,gic_pred,predictive_support,neural_ode_h2,2.0596838637821055e-12
40,0.015,4,3,gic_pred,predictive_support,sir,1.0309398453189117e-179
40,0.015,4,3,gic_pred,predictive_support,tv_sir,7.614646688013995e-19
40,0.015,4,3,gic_pred,predictive_support,ude_sir_h2,0.9999999999979403
40,0.015,4,3,gic_evid,equal_prior_posterior_approximation,neural_ode_h2,3.8933612228902995e-31
40,0.015,4,3,gic_evid,equal_prior_posterior_approximation,sir,8.386953041540702e-173
40,0.015,4,3,gic_evid,equal_prior_posterior_approximation,tv_sir,3.664026124356442e-14
40,0.015,4,3,gic_evid,equal_prior_posterior_approximation,ude_sir_h2,0.9999999999999634
40,0.015,4,4,gic_pred,predictive_support,neural_ode_h2,1.4704308176788863e-08
40,0.015,4,4,gic_pred,predictive_support,sir,1.4135539403767808e-174
40,0.015,4,4,gic_pred,predictive_support,tv_sir,9.237528349524017e-14
40,0.015,4,4,gic_pred,predictive_support,ude_sir_h2,0.9999999852955994
40,0.015,4,4,gic_evid,equal_prior_posterior_approximation,neural_ode_h2,2.4471301295855105e-27
40,0.015,4,4,gic_evid,equal_prior_posterior_approximation,sir,3.167962694473876e-168
40,0.015,4,4,gic_evid,equal_prior_posterior_approximation,tv_sir,1.252648107657349e-09
40,0.015,4,4,gic_evid,equal_prior_posterior_approximation,ude_sir_h2,0.9999999987473518
40,0.015,4,5,gic_pred,predictive_support,neural_ode_h2,3.810200713401692e-10
40,0.015,4,5,gic_pred,predictive_support,sir,4.260106868289557e-163
40,0.015,4,5,gic_pred,predictive_support,tv_sir,9.786772671468029e-11
40,0.015,4,5,gic_pred,predictive_support,ude_sir_h2,0.9999999995211122
40,0.015,4,5,gic_evid,equal_prior_posterior_approximation,neural_ode_h2,3.010396211568979e-30
40,0.015,4,5,gic_evid,equal_prior_posterior_approximation,sir,4.200604367441962e-157
40,0.015,4,5,gic_evid,equal_prior_posterior_approximation,tv_sir,6.708075235992296e-07
40,0.015,4,5,gic_evid,equal_prior_posterior_approximation,ude_sir_h2,0.9999993291924764
40,0.015,4,6,gic_pred,predictive_support,neural_ode_h2,1.4332941677620324e-13
40,0.015,4,6,gic_pred,predictive_support,sir,5.933928520607563e-177
40,0.015,4,6,gic_pred,predictive_support,tv_sir,1.832753177941792e-18
40,0.015,4,6,gic_pred,predictive_support,ude_sir_h2,0.9999999999998566
40,0.015,4,6,gic_evid,equal_prior_posterior_approximation,neural_ode_h2,5.160748383330817e-37
40,0.015,4,6,gic_evid,equal_prior_posterior_approximation,sir,2.0801042305158138e-170
40,0.015,4,6,gic_evid,equal_prior_posterior_approximation,tv_sir,4.6842139310238924e-14
40,0.015,4,6,gic_evid,equal_prior_posterior_approximation,ude_sir_h2,0.9999999999999531
40,0.015,4,7,gic_pred,predictive_support,neural_ode_h2,8.646069775717004e-14
40,0.015,4,7,gic_pred,predictive_support,sir,2.940031936771365e-181
40,0.015,4,7,gic_pred,predictive_support,tv_sir,5.086979271522085e-19
40,0.015,4,7,gic_pred,predictive_support,ude_sir_h2,0.9999999999999136
40,0.015,4,7,gic_evid,equal_prior_posterior_approximation,neural_ode_h2,1.6363633733513515e-36
40,0.015,4,7,gic_evid,equal_prior_posterior_approximation,sir,5.836266976726089e-175
40,0.015,4,7,gic_evid,equal_prior_posterior_approximation,tv_sir,7.1967483770957e-15
40,0.015,4,7,gic_evid,equal_prior_posterior_approximation,ude_sir_h2,0.9999999999999929
40,0.015,4,8,gic_pred,predictive_support,neural_ode_h2,1.314884663180485e-18
40,0.015,4,8,gic_pred,predictive_support,sir,7.113888801833043e-181
40,0.015,4,8,gic_pred,predictive_support,tv_sir,2.390929063764811e-14
40,0.015,4,8,gic_pred,predictive_support,ude_sir_h2,0.999999999999976
40,0.015,4,8,gic_evid,equal_prior_posterior_approximation,neural_ode_h2,1.0992735976590216e-40
40,0.015,4,8,gic_evid,equal_prior_posterior_approximation,sir,8.629998787437125e-175
40,0.015,4,8,gic_evid,equal_prior_posterior_approximation,tv_sir,2.0138860187742085e-10
40,0.015,4,8,gic_evid,equal_prior_posterior_approximation,ude_sir_h2,0.9999999997986113
40,0.015,4,9,gic_pred,predictive_support,neural_ode_h2,1.860713146782804e-09
40,0.015,4,9,gic_pred,predictive_support,sir,1.7810205708119653e-176
40,0.015,4,9,gic_pred,predictive_support,tv_sir,4.7153951971796955e-20
40,0.015,4,9,gic_pred,predictive_support,ude_sir_h2,0.9999999981392869
40,0.015,4,9,gic_evid,equal_prior_posterior_approximation,neural_ode_h2,9.131400030647508e-29
40,0.015,4,9,gic_evid,equal_prior_posterior_approximation,sir,3.348715864229331e-170
40,0.015,4,9,gic_evid,equal_prior_posterior_approximation,tv_sir,6.447246943520563e-16
40,0.015,4,9,gic_evid,equal_prior_posterior_approximation,ude_sir_h2,0.9999999999999993
40,0.015,4,10,gic_pred,predictive_support,neural_ode_h2,4.155488391245362e-12
40,0.015,4,10,gic_pred,predictive_support,sir,1.0329148099852624e-184
40,0.015,4,10,gic_pred,predictive_support,tv_sir,6.1128110831766295e-16
40,0.015,4,10,gic_pred,predictive_support,ude_sir_h2,0.999999999995844
40,0.015,4,10,gic_evid,equal_prior_posterior_approximation,neural_ode_h2,1.3634104624289336e-32
40,0.015,4,10,gic_evid,equal_prior_posterior_approximation,sir,2.4128943573737107e-178
40,0.015,4,10,gic_evid,equal_prior_posterior_approximation,tv_sir,1.1216252018174813e-11
40,0.015,4,10,gic_evid,equal_prior_posterior_approximation,ude_sir_h2,0.9999999999887836
40,0.015,4,11,gic_pred,predictive_support,neural_ode_h2,1.7933500557099404e-07
40,0.015,4,11,gic_pred,predictive_support,sir,1.8831826989378062e-173
40,0.015,4,11,gic_pred,predictive_support,tv_sir,2.0971180392788073e-25
40,0.015,4,11,gic_pred,predictive_support,ude_sir_h2,0.9999998206649945
40,0.015,4,11,gic_evid,equal_prior_posterior_approximation,neural_ode_h2,2.629410860549933e-27
40,0.015,4,11,gic_evid,equal_prior_posterior_approximation,sir,6.334706224683549e-167
40,0.015,4,11,gic_evid,equal_prior_posterior_approximation,tv_sir,5.5546060904777374e-21
40,0.015,4,11,gic_evid,equal_prior_posterior_approximation,ude_sir_h2,1.0
40,0.015,4,12,gic_pred,predictive_support,neural_ode_h2,1.6461693741307165e-08
40,0.015,4,12,gic_pred,predictive_support,sir,1.2501624192915588e-175
40,0.015,4,12,gic_pred,predictive_support,tv_sir,8.618340594663236e-19
40,0.015,4,12,gic_pred,predictive_support,ude_sir_h2,0.9999999835383062
40,0.015,4,12,gic_evid,equal_prior_posterior_approximation,neural_ode_h2,8.620377251164714e-27
40,0.015,4,12,gic_evid,equal_prior_posterior_approximation,sir,3.0337884882553e-169
40,0.015,4,12,gic_evid,equal_prior_posterior_approximation,tv_sir,1.3826873494697424e-14
40,0.015,4,12,gic_evid,equal_prior_posterior_approximation,ude_sir_h2,0.9999999999999862
40,0.015,4,13,gic_pred,predictive_support,neural_ode_h2,3.2699019278570193e-11
40,0.015,4,13,gic_pred,predictive_support,sir,1.1434843177622106e-181
40,0.015,4,13,gic_pred,predictive_support,tv_sir,2.0846772009979626e-15
40,0.015,4,13,gic_pred,predictive_support,ude_sir_h2,0.9999999999672988
40,0.015,4,13,gic_evid,equal_prior_posterior_approximation,neural_ode_h2,8.165336010690797e-32
40,0.015,4,13,gic_evid,equal_prior_posterior_approximation,sir,2.4046226951583763e-175
40,0.015,4,13,gic_evid,equal_prior_posterior_approximation,tv_sir,3.014294058108816e-11
40,0.015,4,13,gic_evid,equal_prior_posterior_approximation,ude_sir_h2,0.999999999969857
40,0.015,4,14,gic_pred,predictive_support,neural_ode_h2,8.981493641578109e-09
40,0.015,4,14,gic_pred,predictive_support,sir,3.594020845432389e-205
40,0.015,4,14,gic_pred,predictive_support,tv_sir,3.0878453903383002e-21
40,0.015,4,14,gic_pred,predictive_support,ude_sir_h2,0.9999999910185063
40,0.015,4,14,gic_evid,equal_prior_posterior_approximation,neural_ode_h2,3.3939703470611366e-32
40,0.015,4,14,gic_evid,equal_prior_posterior_approximation,sir,1.890123459402604e-198
40,0.015,4,14,gic_evid,equal_prior_posterior_approximation,tv_sir,1.0776136498279762e-16
40,0.015,4,14,gic_evid,equal_prior_posterior_approximation,ude_sir_h2,1.0
40,0.015,4,15,gic_pred,predictive_support,neural_ode_h2,2.449164925319074e-10
40,0.015,4,15,gic_pred,predictive_support,sir,5.971020892563116e-194
40,0.015,4,15,gic_pred,predictive_support,tv_sir,1.463540556642831e-25
40,0.015,4,15,gic_pred,predictive_support,ude_sir_h2,0.9999999997550835
40,0.015,4,15,gic_evid,equal_prior_posterior_approximation,neural_ode_h2,1.7391737531614257e-31
40,0.015,4,15,gic_evid,equal_prior_posterior_approximation,sir,1.3298790496454681e-187
40,0.015,4,15,gic_evid,equal_prior_posterior_approximation,tv_sir,2.496679356345948e-21
40,0.015,4,15,gic_evid,equal_prior_posterior_approximation,ude_sir_h2,1.0
40,0.015,4,16,gic_pred,predictive_support,neural_ode_h2,3.2921429147786454e-10
40,0.015,4,16,gic_pred,predictive_support,sir,3.3867909087526565e-183
40,0.015,4,16,gic_pred,predictive_support,tv_sir,5.173485811491678e-16
40,0.015,4,16,gic_pred,predictive_support,ude_sir_h2,0.9999999996707851
40,0.015,4,16,gic_evid,equal_prior_posterior_approximation,neural_ode_h2,1.090511263181655e-30
40,0.015,4,16,gic_evid,equal_prior_posterior_approximation,sir,9.088087279892577e-177
40,0.015,4,16,gic_evid,equal_prior_posterior_approximation,tv_sir,1.0845891481853779e-11
40,0.015,4,16,gic_evid,equal_prior_posterior_approximation,ude_sir_h2,0.999999999989154
40,0.015,4,17,gic_pred,predictive_support,neural_ode_h2,1.2860253122696152e-07
40,0.015,4,17,gic_pred,predictive_support,sir,2.2353303087034396e-166
40,0.015,4,17,gic_pred,predictive_support,tv_sir,1.08506785283758e-15
40,0.015,4,17,gic_pred,predictive_support,ude_sir_h2,0.9999998713974677
40,0.015,4,17,gic_evid,equal_prior_posterior_approximation,neural_ode_h2,4.520003795498786e-27
40,0.015,4,17,gic_evid,equal_prior_posterior_approximation,sir,4.160301500062041e-160
40,0.015,4,17,gic_evid,equal_prior_posterior_approximation,tv_sir,1.4543701845235858e-11
40,0.015,4,17,gic_evid,equal_prior_posterior_approximation,ude_sir_h2,0.9999999999854563
40,0.015,4,18,gic_pred,predictive_support,neural_ode_h2,2.9702862987671944e-10
40,0.015,4,18,gic_pred,predictive_support,sir,2.9955577074924484e-179
40,0.015,4,18,gic_pred,predictive_support,tv_sir,2.4901985024894138e-11
40,0.015,4,18,gic_pred,predictive_support,ude_sir_h2,0.9999999996780693
40,0.015,4,18,gic_evid,equal_prior_posterior_approximation,neural_ode_h2,1.7591891387456604e-30
40,0.015,4,18,gic_evid,equal_prior_posterior_approximation,sir,3.498187041781179e-173
40,0.015,4,18,gic_evid,equal_prior_posterior_approximation,tv_sir,2.0569918719766402e-07
40,0.015,4,18,gic_evid,equal_prior_posterior_approximation,ude_sir_h2,0.9999997943008129
40,0.015,4,19,gic_pred,predictive_support,neural_ode_h2,1.1206519152166723e-11
40,0.015,4,19,gic_pred,predictive_support,sir,4.3944614495346274e-185
40,0.015,4,19,gic_pred,predictive_support,tv_sir,6.410169966536398e-22
40,0.015,4,19,gic_pred,predictive_support,ude_sir_h2,0.9999999999887934
40,0.015,4,19,gic_evid,equal_prior_posterior_approximation,neural_ode_h2,4.714248983667683e-35
40,0.015,4,19,gic_evid,equal_prior_posterior_approximation,sir,2.3430511423125737e-178
40,0.015,4,19,gic_evid,equal_prior_posterior_approximation,tv_sir,2.6758274757860115e-17
40,0.015,4,19,gic_evid,equal_prior_posterior_approximation,ude_sir_h2,1.0
40,0.045,1,0,gic_pred,predictive_support,neural_ode_h2,0.18728811658810826
40,0.045,1,0,gic_pred,predictive_support,sir,4.6294026350551225e-05
40,0.045,1,0,gic_pred,predictive_support,tv_sir,0.4437954331200946
40,0.045,1,0,gic_pred,predictive_support,ude_sir_h2,0.3688701562654465
40,0.045,1,0,gic_evid,equal_prior_posterior_approximation,neural_ode_h2,1.9322114675647478e-07
40,0.045,1,0,gic_evid,equal_prior_posterior_approximation,sir,0.00041549040763750147
40,0.045,1,0,gic_evid,equal_prior_posterior_approximation,tv_sir,0.7940742240267128
40,0.045,1,0,gic_evid,equal_prior_posterior_approximation,ude_sir_h2,0.20551009234450307
40,0.045,1,1,gic_pred,predictive_support,neural_ode_h2,0.05202148096888919
40,0.045,1,1,gic_pred,predictive_support,sir,2.1952281156769066e-06
40,0.045,1,1,gic_pred,predictive_support,tv_sir,0.5336987206580461
40,0.045,1,1,gic_pred,predictive_support,ude_sir_h2,0.414277603144949
40,0.045,1,1,gic_evid,equal_prior_posterior_approximation,neural_ode_h2,3.6636328641406796e-08
40,0.045,1,1,gic_evid,equal_prior_posterior_approximation,sir,1.780174355790031e-05
40,0.045,1,1,gic_evid,equal_prior_posterior_approximation,tv_sir,0.8588032376661744
40,0.045,1,1,gic_evid,equal_prior_posterior_approximation,ude_sir_h2,0.14117892395393894
40,0.045,1,2,gic_pred,predictive_support,neural_ode_h2,0.41588758057946684
40,0.045,1,2,gic_pred,predictive_support,sir,1.6604721854770583e-08
40,0.045,1,2,gic_pred,predictive_support,tv_sir,0.23945819887526412
40,0.045,1,2,gic_pred,predictive_support,ude_sir_h2,0.3446542039405472
40,0.045,1,2,gic_evid,equal_prior_posterior_approximation,neural_ode_h2,1.3970464296171755e-07
40,0.045,1,2,gic_evid,equal_prior_posterior_approximation,sir,2.9970088568542033e-07
40,0.045,1,2,gic_evid,equal_prior_posterior_approximation,tv_sir,0.8333855639856855
40,0.045,1,2,gic_evid,equal_prior_posterior_approximation,ude_sir_h2,0.16661399660878579
40,0.045,1,3,gic_pred,predictive_support,neural_ode_h2,0.05027986414235992
40,0.045,1,3,gic_pred,predictive_support,sir,0.024658380897068292
40,0.045,1,3,gic_pred,predictive_support,tv_sir,0.4162391773193723
40,0.045,1,3,gic_pred,predictive_support,ude_sir_h2,0.5088225776411994
40,0.045,1,3,gic_evid,equal_prior_posterior_approximation,neural_ode_h2,6.670856669234903e-08
40,0.045,1,3,gic_evid,equal_prior_posterior_approximation,sir,0.11764193694525914
40,0.045,1,3,gic_evid,equal_prior_posterior_approximation,tv_sir,0.453670687146006
40,0.045,1,3,gic_evid,equal_prior_posterior_approximation,ude_sir_h2,0.4286873092001682
40,0.045,1,4,gic_pred,predictive_support,neural_ode_h2,0.42025308064278283
40,0.045,1,4,gic_pred,predictive_support,sir,0.0004132414506839544
40,0.045,1,4,gic_pred,predictive_support,tv_sir,0.2648131783728408
40,0.045,1,4,gic_pred,predictive_support,ude_sir_h2,0.31452049953369243
40,0.045,1,4,gic_evid,equal_prior_posterior_approximation,neural_ode_h2,9.596518930818117e-07
40,0.045,1,4,gic_evid,equal_prior_posterior_approximation,sir,0.0046793041032613765
40,0.045,1,4,gic_evid,equal_prior_posterior_approximation,tv_sir,0.6601537094105459
40,0.045,1,4,gic_evid,equal_prior_posterior_approximation,ude_sir_h2,0.3351660268342997
40,0.045,1,5,gic_pred,predictive_support,neural_ode_h2,0.16506257487487958
40,0.045,1,5,gic_pred,predictive_support,sir,4.0962168452893126e-05
40,0.045,1,5,gic_pred,predictive_support,tv_sir,0.4621755336811182
40,0.045,1,5,gic_pred,predictive_support,ude_sir_h2,0.3727209292755494
40,0.045,1,5,gic_evid,equal_prior_posterior_approximation,neural_ode_h2,1.190467353768432e-07
40,0.045,1,5,gic_evid,equal_prior_posterior_approximation,sir,0.0003516937649066717
40,0.045,1,5,gic_evid,equal_prior_posterior_approximation,tv_sir,0.7863129059929638
40,0.045,1,5,gic_evid,equal_prior_posterior_approximation,ude_sir_h2,0.21333528119539424
40,0.045,1,6,gic_pred,predictive_support,neural_ode_h2,0.061206372626492124
40,0.045,1,6,gic_pred,predictive_support,sir,2.4470828073311194e-06
40,0.045,1,6,gic_pred,predictive_support,tv_sir,0.49622128521534015
40,0.045,1,6,gic_pred,predictive_support,ude_sir_h2,0.44256989507536026
40,0.045,1,6,gic_evid,equal_prior_posterior_approximation,neural_ode_h2,4.4532868275179005e-08
40,0.045,1,6,gic_evid,equal_prior_posterior_approximation,sir,1.8950717678338846e-05
40,0.045,1,6,gic_evid,equal_prior_posterior_approximation,tv_sir,0.8011277884449463
40,0.045,1,6,gic_evid,equal_prior_posterior_approximation,ude_sir_h2,0.19885321630450717
40,0.045,1,7,gic_pred,predictive_support,neural_ode_h2,0.09967960265679268
40,0.045,1,7,gic_pred,predictive_support,sir,0.0001125542976104932
40,0.045,1,7,gic_pred,predictive_support,tv_sir,0.4802065650217052
40,0.045,1,7,gic_pred,predictive_support,ude_sir_h2,0.42000127802389153
40,0.045,1,7,gic_evid,equal_prior_posterior_approximation,neural_ode_h2,2.2841288133743568e-07
40,0.045,1,7,gic_evid,equal_prior_posterior_approximation,sir,0.0008324034074382839
40,0.045,1,7,gic_evid,equal_prior_posterior_approximation,tv_sir,0.7203251789364982
40,0.045,1,7,gic_evid,equal_prior_posterior_approximation,ude_sir_h2,0.27884218924318227
40,0.045,1,8,gic_pred,predictive_support,neural_ode_h2,0.24898508506644926
40,0.045,1,8,gic_pred,predictive_support,sir,8.099391878363208e-05
40,0.045,1,8,gic_pred,predictive_support,tv_sir,0.5219542732775806
40,0.045,1,8,gic_pred,predictive_support,ude_sir_h2,0.22897964773718665
40,0.045,1,8,gic_evid,equal_prior_posterior_approximation,neural_ode_h2,1.5397222825901717e-06
40,0.045,1,8,gic_evid,equal_prior_posterior_approximation,sir,0.0011297755205751194
40,0.045,1,8,gic_evid,equal_prior_posterior_approximation,tv_sir,0.7958411813910444
40,0.045,1,8,gic_evid,equal_prior_posterior_approximation,ude_sir_h2,0.20302750336609793
40,0.045,1,9,gic_pred,predictive_support,neural_ode_h2,0.0827521003976384
40,0.045,1,9,gic_pred,predictive_support,sir,0.0031839836146681563
40,0.045,1,9,gic_pred,predictive_support,tv_sir,0.41488193645985016
40,0.045,1,9,gic_pred,predictive_support,ude_sir_h2,0.49918197952784343
40,0.045,1,9,gic_evid,equal_prior_posterior_approximation,neural_ode_h2,1.86648747552992e-07
40,0.045,1,9,gic_evid,equal_prior_posterior_approximation,sir,0.020866364590706007
40,0.045,1,9,gic_evid,equal_prior_posterior_approximation,tv_sir,0.5828955498285769
40,0.045,1,9,gic_evid,equal_prior_posterior_approximation,ude_sir_h2,0.3962378989319695
40,0.045,1,10,gic_pred,predictive_support,neural_ode_h2,0.17453899733345246
40,0.045,1,10,gic_pred,predictive_support,sir,9.607632320437756e-05
40,0.045,1,10,gic_pred,predictive_support,tv_sir,0.3982090923658854
40,0.045,1,10,gic_pred,predictive_support,ude_sir_h2,0.42715583397745766
40,0.045,1,10,gic_evid,equal_prior_posterior_approximation,neural_ode_h2,1.5994401552511754e-07
40,0.045,1,10,gic_evid,equal_prior_posterior_approximation,sir,0.0008326041615790281
40,0.045,1,10,gic_evid,equal_prior_posterior_approximation,tv_sir,0.7361161290946586
40,0.045,1,10,gic_evid,equal_prior_posterior_approximation,ude_sir_h2,0.26305110679974675
40,0.045,1,11,gic_pred,predictive_support,neural_ode_h2,0.3354800018865481
40,0.045,1,11,gic_pred,predictive_support,sir,5.560316676878031e-05
40,0.045,1,11,gic_pred,predictive_support,tv_sir,0.32673038150599654
40,0.045,1,11,gic_pred,predictive_support,ude_sir_h2,0.3377340134406866
40,0.045,1,11,gic_evid,equal_prior_posterior_approximation,neural_ode_h2,1.1471401525115287e-06
40,0.045,1,11,gic_evid,equal_prior_posterior_approximation,sir,0.0007275972724665561
40,0.045,1,11,gic_evid,equal_prior_posterior_approximation,tv_sir,0.6943371232619993
40,0.045,1,11,gic_evid,equal_prior_posterior_approximation,ude_sir_h2,0.3049341323253816
40,0.045,1,12,gic_pred,predictive_support,neural_ode_h2,0.6382535977797699
40,0.045,1,12,gic_pred,predictive_support,sir,1.4643240346776122e-08
40,0.045,1,12,gic_pred,predictive_support,tv_sir,0.15927002531554496
40,0.045,1,12,gic_pred,predictive_support,ude_sir_h2,0.20247636226144478
40,0.045,1,12,gic_evid,equal_prior_posterior_approximation,neural_ode_h2,5.946662834354309e-07
40,0.045,1,12,gic_evid,equal_prior_posterior_approximation,sir,4.090031313505076e-07
40,0.045,1,12,gic_evid,equal_prior_posterior_approximation,tv_sir,0.8545009321733138
40,0.045,1,12,gic_evid,equal_prior_posterior_approximation,ude_sir_h2,0.14549806415727137
40,0.045,1,13,gic_pred,predictive_support,neural_ode_h2,0.17109790860314195
40,0.045,1,13,gic_pred,predictive_support,sir,3.247890980665586e-05
40,0.045,1,13,gic_pred,predictive_support,tv_sir,0.3923319292901766
40,0.045,1,13,gic_pred,predictive_support,ude_sir_h2,0.4365376831968747
40,0.045,1,13,gic_evid,equal_prior_posterior_approximation,neural_ode_h2,3.351527978357772e-07
40,0.045,1,13,gic_evid,equal_prior_posterior_approximation,sir,0.00032087007484505903
40,0.045,1,13,gic_evid,equal_prior_posterior_approximation,tv_sir,0.7366725558451868
40,0.045,1,13,gic_evid,equal_prior_posterior_approximation,ude_sir_h2,0.26300623892717034
40,0.045,1,14,gic_pred,predictive_support,neural_ode_h2,0.4403021499825786
40,0.045,1,14,gic_pred,predictive_support,sir,0.005028327982551692
40,0.045,1,14,gic_pred,predictive_support,tv_sir,0.30991422843672456
40,0.045,1,14,gic_pred,predictive_support,ude_sir_h2,0.24475529359814516
40,0.045,1,14,gic_evid,equal_prior_posterior_approximation,neural_ode_h2,2.4633652265517634e-07
40,0.045,1,14,gic_evid,equal_prior_posterior_approximation,sir,0.04975502038860514
40,0.045,1,14,gic_evid,equal_prior_posterior_approximation,tv_sir,0.6024677669501323
40,0.045,1,14,gic_evid,equal_prior_posterior_approximation,ude_sir_h2,0.34777696632473987
40,0.045,1,15,gic_pred,predictive_support,neural_ode_h2,0.0740272503893269
40,0.045,1,15,gic_pred,predictive_support,sir,0.00022758259164965355
40,0.045,1,15,gic_pred,predictive_support,tv_sir,0.4765078515198167
40,0.045,1,15,gic_pred,predictive_support,ude_sir_h2,0.4492373154992067
40,0.045,1,15,gic_evid,equal_prior_posterior_approximation,neural_ode_h2,2.112107129328124e-07
40,0.045,1,15,gic_evid,equal_prior_posterior_approximation,sir,0.0017491698843856334
40,0.045,1,15,gic_evid,equal_prior_posterior_approximation,tv_sir,0.7015050801280522
40,0.045,1,15,gic_evid,equal_prior_posterior_approximation,ude_sir_h2,0.29674553877684934
40,0.045,1,16,gic_pred,predictive_support,neural_ode_h2,0.040904262339659575
40,0.045,1,16,gic_pred,predictive_support,sir,8.51979620628097e-05
40,0.045,1,16,gic_pred,predictive_support,tv_sir,0.5987909011927665
40,0.045,1,16,gic_pred,predictive_support,ude_sir_h2,0.36021963850551103
40,0.045,1,16,gic_evid,equal_prior_posterior_approximation,neural_ode_h2,2.816906727925523e-08
40,0.045,1,16,gic_evid,equal_prior_posterior_approximation,sir,0.0005426153550035908
40,0.045,1,16,gic_evid,equal_prior_posterior_approximation,tv_sir,0.7970211443862041
40,0.045,1,16,gic_evid,equal_prior_posterior_approximation,ude_sir_h2,0.20243621208972515
40,0.045,1,17,gic_pred,predictive_support,neural_ode_h2,0.20464000952880243
40,0.045,1,17,gic_pred,predictive_support,sir,4.7345371907600475e-05
40,0.045,1,17,gic_pred,predictive_support,tv_sir,0.4410718844039405
40,0.045,1,17,gic_pred,predictive_support,ude_sir_h2,0.3542407606953495
40,0.045,1,17,gic_evid,equal_prior_posterior_approximation,neural_ode_h2,4.821035409207164e-07
40,0.045,1,17,gic_evid,equal_prior_posterior_approximation,sir,0.00047322134679581945
40,0.045,1,17,gic_evid,equal_prior_posterior_approximation,tv_sir,0.7515656842441125
40,0.045,1,17,gic_evid,equal_prior_posterior_approximation,ude_sir_h2,0.2479606123055507
40,0.045,1,18,gic_pred,predictive_support,neural_ode_h2,0.23978360129398663
40,0.045,1,18,gic_pred,predictive_support,sir,2.638434542167475e-05
40,0.045,1,18,gic_pred,predictive_support,tv_sir,0.307490201405164
40,0.045,1,18,gic_pred,predictive_support,ude_sir_h2,0.45269981295542777
40,0.045,1,18,gic_evid,equal_prior_posterior_approximation,neural_ode_h2,3.819497849276263e-07
40,0.045,1,18,gic_evid,equal_prior_posterior_approximation,sir,0.00029914966123385203
40,0.045,1,18,gic_evid,equal_prior_posterior_approximation,tv_sir,0.713490187152165
40,0.045,1,18,gic_evid,equal_prior_posterior_approximation,ude_sir_h2,0.2862102812368162
40,0.045,1,19,gic_pred,predictive_support,neural_ode_h2,0.12627078050406215
40,0.045,1,19,gic_pred,predictive_support,sir,2.5714436512407575e-05
40,0.045,1,19,gic_pred,predictive_support,tv_sir,0.454975617090712
40,0.045,1,19,gic_pred,predictive_support,ude_sir_h2,0.4187278879687134
40,0.045,1,19,gic_evid,equal_prior_posterior_approximation,neural_ode_h2,4.948053268139798e-07
40,0.045,1,19,gic_evid,equal_prior_posterior_approximation,sir,0.00025213338296823447
40,0.045,1,19,gic_evid,equal_prior_posterior_approximation,tv_sir,0.7880996331002071
40,0.045,1,19,gic_evid,equal_prior_posterior_approximation,ude_sir_h2,0.21164773871149797
40,0.045,2,0,gic_pred,predictive_support,neural_ode_h2,1.0426677627023703e-07
40,0.045,2,0,gic_pred,predictive_support,sir,6.348844335580835e-21
40,0.045,2,0,gic_pred,predictive_support,tv_sir,0.835219820078077
40,0.045,2,0,gic_pred,predictive_support,ude_sir_h2,0.16478007565514666
40,0.045,2,0,gic_evid,equal_prior_posterior_approximation,neural_ode_h2,7.0443352193096525e-15
40,0.045,2,0,gic_evid,equal_prior_posterior_approximation,sir,6.027700654835432e-20
40,0.045,2,0,gic_evid,equal_prior_posterior_approximation,tv_sir,0.9999266508301226
40,0.045,2,0,gic_evid,equal_prior_posterior_approximation,ude_sir_h2,7.334916987026104e-05
40,0.045,2,1,gic_pred,predictive_support,neural_ode_h2,1.2643952590618588e-05
40,0.045,2,1,gic_pred,predictive_support,sir,3.246425602859109e-07
40,0.045,2,1,gic_pred,predictive_support,tv_sir,0.4433966308984074
40,0.045,2,1,gic_pred,predictive_support,ude_sir_h2,0.5565904005064416
40,0.045,2,1,gic_evid,equal_prior_posterior_approximation,neural_ode_h2,3.01041731471397e-11
40,0.045,2,1,gic_evid,equal_prior_posterior_approximation,sir,6.1015206892035004e-06
40,0.045,2,1,gic_evid,equal_prior_posterior_approximation,tv_sir,0.993466219770219
40,0.045,2,1,gic_evid,equal_prior_posterior_approximation,ude_sir_h2,0.006527678678987632
40,0.045,2,2,gic_pred,predictive_support,neural_ode_h2,7.166429681715397e-08
40,0.045,2,2,gic_pred,predictive_support,sir,6.192704246371519e-12
40,0.045,2,2,gic_pred,predictive_support,tv_sir,0.9726700117648017
40,0.045,2,2,gic_pred,predictive_support,ude_sir_h2,0.02732991656470864
40,0.045,2,2,gic_evid,equal_prior_posterior_approximation,neural_ode_h2,2.7309789711829092e-14
40,0.045,2,2,gic_evid,equal_prior_posterior_approximation,sir,8.220679938788687e-11
40,0.045,2,2,gic_evid,equal_prior_posterior_approximation,tv_sir,0.9998861604079373
40,0.045,2,2,gic_evid,equal_prior_posterior_approximation,ude_sir_h2,0.00011383950982857345
40,0.045,2,3,gic_pred,predictive_support,neural_ode_h2,6.573643430011802e-10
40,0.045,2,3,gic_pred,predictive_support,sir,2.773285844969051e-06
40,0.045,2,3,gic_pred,predictive_support,tv_sir,0.7178366520540467
40,0.045,2,3,gic_pred,predictive_support,ude_sir_h2,0.28216057400274397
40,0.045,2,3,gic_evid,equal_prior_posterior_approximation,neural_ode_h2,9.706919515782027e-16
40,0.045,2,3,gic_evid,equal_prior_posterior_approximation,sir,2.7846479615608385e-05
40,0.045,2,3,gic_evid,equal_prior_posterior_approximation,tv_sir,0.9865621185798752
40,0.045,2,3,gic_evid,equal_prior_posterior_approximation,ude_sir_h2,0.013410034940508216
40,0.045,2,4,gic_pred,predictive_support,neural_ode_h2,6.055821800938693e-06
40,0.045,2,4,gic_pred,predictive_support,sir,4.0893140907518874e-08
40,0.045,2,4,gic_pred,predictive_support,tv_sir,0.1921184899152494
40,0.045,2,4,gic_pred,predictive_support,ude_sir_h2,0.8078754133698088
40,0.045,2,4,gic_evid,equal_prior_posterior_approximation,neural_ode_h2,4.984545742777959e-11
40,0.045,2,4,gic_evid,equal_prior_posterior_approximation,sir,1.6003235953929878e-06
40,0.045,2,4,gic_evid,equal_prior_posterior_approximation,tv_sir,0.9868637669313084
40,0.045,2,4,gic_evid,equal_prior_posterior_approximation,ude_sir_h2,0.013134632695250732
40,0.045,2,5,gic_pred,predictive_support,neural_ode_h2,2.170844363373528e-10
40,0.045,2,5,gic_pred,predictive_support,sir,8.960039658900406e-07
40,0.045,2,5,gic_pred,predictive_support,tv_sir,0.7371879096996984
40,0.045,2,5,gic_pred,predictive_support,ude_sir_h2,0.26281119407925124
40,0.045,2,5,gic_evid,equal_prior_posterior_approximation,neural_ode_h2,8.506767538251232e-17
40,0.045,2,5,gic_evid,equal_prior_posterior_approximation,sir,8.848433506790914e-06
40,0.045,2,5,gic_evid,equal_prior_posterior_approximation,tv_sir,0.9902346358692508
40,0.045,2,5,gic_evid,equal_prior_posterior_approximation,ude_sir_h2,0.009756515697242391
40,0.045,2,6,gic_pred,predictive_support,neural_ode_h2,4.756920823928847e-08
40,0.045,2,6,gic_pred,predictive_support,sir,6.637485300657721e-11
40,0.045,2,6,gic_pred,predictive_support,tv_sir,0.5777951195574486
40,0.045,2,6,gic_pred,predictive_support,ude_sir_h2,0.42220483280696824
40,0.045,2,6,gic_evid,equal_prior_posterior_approximation,neural_ode_h2,2.097516765940883e-14
40,0.045,2,6,gic_evid,equal_prior_posterior_approximation,sir,8.499401035503149e-10
40,0.045,2,6,gic_evid,equal_prior_posterior_approximation,tv_sir,0.9980234687307251
40,0.045,2,6,gic_evid,equal_prior_posterior_approximation,ude_sir_h2,0.001976530419313901
40,0.045,2,7,gic_pred,predictive_support,neural_ode_h2,9.0177940338314e-06
40,0.045,2,7,gic_pred,predictive_support,sir,5.963766456045859e-11
40,0.045,2,7,gic_pred,predictive_support,tv_sir,0.3364817941106577
40,0.045,2,7,gic_pred,predictive_support,ude_sir_h2,0.6635091880356708
40,0.045,2,7,gic_evid,equal_prior_posterior_approximation,neural_ode_h2,2.859239988109499e-11
40,0.045,2,7,gic_evid,equal_prior_posterior_approximation,sir,1.4156650252202774e-09
40,0.045,2,7,gic_evid,equal_prior_posterior_approximation,tv_sir,0.9970458742469187
40,0.045,2,7,gic_evid,equal_prior_posterior_approximation,ude_sir_h2,0.0029541243088238257
40,0.045,2,8,gic_pred,predictive_support,neural_ode_h2,0.0002897550864439996
40,0.045,2,8,gic_pred,predictive_support,sir,7.080043342350777e-14
40,0.045,2,8,gic_pred,predictive_support,tv_sir,0.4792094669069817
40,0.045,2,8,gic_pred,predictive_support,ude_sir_h2,0.5205007780065035
40,0.045,2,8,gic_evid,equal_prior_posterior_approximation,neural_ode_h2,1.0157144989065131e-16
40,0.045,2,8,gic_evid,equal_prior_posterior_approximation,sir,1.3241741924799359e-12
40,0.045,2,8,gic_evid,equal_prior_posterior_approximation,tv_sir,0.9985983698151952
40,0.045,2,8,gic_evid,equal_prior_posterior_approximation,ude_sir_h2,0.0014016301834804616
40,0.045,2,9,gic_pred,predictive_support,neural_ode_h2,1.2050699692317337e-07
40,0.045,2,9,gic_pred,predictive_support,sir,7.547579935758516e-11
40,0.045,2,9,gic_pred,predictive_support,tv_sir,0.7613623893273471
40,0.045,2,9,gic_pred,predictive_support,ude_sir_h2,0.23863749009018015
40,0.045,2,9,gic_evid,equal_prior_posterior_approximation,neural_ode_h2,8.199742315377242e-14
40,0.045,2,9,gic_evid,equal_prior_posterior_approximation,sir,7.400306527332789e-10
40,0.045,2,9,gic_evid,equal_prior_posterior_approximation,tv_sir,0.9985763006437559
40,0.045,2,9,gic_evid,equal_prior_posterior_approximation,ude_sir_h2,0.0014236986161314886
40,0.045,2,10,gic_pred,predictive_support,neural_ode_h2,0.0004266326751149015
40,0.045,2,10,gic_pred,predictive_support,sir,1.0100740286758206e-17
40,0.045,2,10,gic_pred,predictive_support,tv_sir,0.9859110173277805
40,0.045,2,10,gic_pred,predictive_support,ude_sir_h2,0.013662349997104627
40,0.045,2,10,gic_evid,equal_prior_posterior_approximation,neural_ode_h2,4.527968150386091e-18
40,0.045,2,10,gic_evid,equal_prior_posterior_approximation,sir,3.163279746693254e-16
40,0.045,2,10,gic_evid,equal_prior_posterior_approximation,tv_sir,0.999969935473644
40,0.045,2,10,gic_evid,equal_prior_posterior_approximation,ude_sir_h2,3.0064526355876452e-05
40,0.045,2,11,gic_pred,predictive_support,neural_ode_h2,0.00030993980270792163
40,0.045,2,11,gic_pred,predictive_support,sir,1.1408929942605727e-12
40,0.045,2,11,gic_pred,predictive_support,tv_sir,0.7961217496166064
40,0.045,2,11,gic_pred,predictive_support,ude_sir_h2,0.20356831057954486
40,0.045,2,11,gic_evid,equal_prior_posterior_approximation,neural_ode_h2,2.8708892258512696e-17
40,0.045,2,11,gic_evid,equal_prior_posterior_approximation,sir,1.1667806861386722e-11
40,0.045,2,11,gic_evid,equal_prior_posterior_approximation,tv_sir,0.999322004978878
40,0.045,2,11,gic_evid,equal_prior_posterior_approximation,ude_sir_h2,0.0006779950094541806
40,0.045,2,12,gic_pred,predictive_support,neural_ode_h2,2.4056445579085073e-08
40,0.045,2,12,gic_pred,predictive_support,sir,7.598411549927724e-10
40,0.045,2,12,gic_pred,predictive_support,tv_sir,0.6917015013008927
40,0.045,2,12,gic_pred,predictive_support,ude_sir_h2,0.3082984738828206
40,0.045,2,12,gic_evid,equal_prior_posterior_approximation,neural_ode_h2,1.6367191990299587e-14
40,0.045,2,12,gic_evid,equal_prior_posterior_approximation,sir,7.960432005951613e-09
40,0.045,2,12,gic_evid,equal_prior_posterior_approximation,tv_sir,0.9979360657388836
40,0.045,2,12,gic_evid,equal_prior_posterior_approximation,ude_sir_h2,0.002063926300667968
40,0.045,2,13,gic_pred,predictive_support,neural_ode_h2,3.989872634684363e-07
40,0.045,2,13,gic_pred,predictive_support,sir,9.557153542929313e-18
40,0.045,2,13,gic_pred,predictive_support,tv_sir,0.7511083145157768
40,0.045,2,13,gic_pred,predictive_support,ude_sir_h2,0.2488912864969597
40,0.045,2,13,gic_evid,equal_prior_posterior_approximation,neural_ode_h2,9.782326640184466e-14
40,0.045,2,13,gic_evid,equal_prior_posterior_approximation,sir,1.0033380717690984e-16
40,0.045,2,13,gic_evid,equal_prior_posterior_approximation,tv_sir,0.9997604499940433
40,0.045,2,13,gic_evid,equal_prior_posterior_approximation,ude_sir_h2,0.00023955000585870978
40,0.045,2,14,gic_pred,predictive_support,neural_ode_h2,8.97645137435872e-07
40,0.045,2,14,gic_pred,predictive_support,sir,3.3296805971459635e-12
40,0.045,2,14,gic_pred,predictive_support,tv_sir,0.23653542276037368
40,0.045,2,14,gic_pred,predictive_support,ude_sir_h2,0.7634636795911592
40,0.045,2,14,gic_evid,equal_prior_posterior_approximation,neural_ode_h2,4.113766334009705e-12
40,0.045,2,14,gic_evid,equal_prior_posterior_approximation,sir,1.0768344035480803e-10
40,0.045,2,14,gic_evid,equal_prior_posterior_approximation,tv_sir,0.9968473461023575
40,0.045,2,14,gic_evid,equal_prior_posterior_approximation,ude_sir_h2,0.003152653785845321
40,0.045,2,15,gic_pred,predictive_support,neural_ode_h2,7.690034115272472e-06
40,0.045,2,15,gic_pred,predictive_support,sir,7.483134139768364e-06
40,0.045,2,15,gic_pred,predictive_support,tv_sir,0.5441675212112931
40,0.045,2,15,gic_pred,predictive_support,ude_sir_h2,0.455817305620452
40,0.045,2,15,gic_evid,equal_prior_posterior_approximation,neural_ode_h2,2.0482314491211408e-11
40,0.045,2,15,gic_evid,equal_prior_posterior_approximation,sir,9.927040648293995e-05
40,0.045,2,15,gic_evid,equal_prior_posterior_approximation,tv_sir,0.9901964721125186
40,0.045,2,15,gic_evid,equal_prior_posterior_approximation,ude_sir_h2,0.009704257460516355
40,0.045,2,16,gic_pred,predictive_support,neural_ode_h2,1.7899876210262569e-06
40,0.045,2,16,gic_pred,predictive_support,sir,2.6622295050935284e-06
40,0.045,2,16,gic_pred,predictive_support,tv_sir,0.6872103609782948
40,0.045,2,16,gic_pred,predictive_support,ude_sir_h2,0.31278518680457906
40,0.045,2,16,gic_evid,equal_prior_posterior_approximation,neural_ode_h2,6.6698853876498434e-12
40,0.045,2,16,gic_evid,equal_prior_posterior_approximation,sir,3.352690419275123e-05
40,0.045,2,16,gic_evid,equal_prior_posterior_approximation,tv_sir,0.9944282911582191
40,0.045,2,16,gic_evid,equal_prior_posterior_approximation,ude_sir_h2,0.005538181930918178
40,0.045,2,17,gic_pred,predictive_support,neural_ode_h2,0.06021384533963549
40,0.045,2,17,gic_pred,predictive_support,sir,1.8437837859360069e-13
40,0.045,2,17,gic_pred,predictive_support,tv_sir,0.11607481692914662
40,0.045,2,17,gic_pred,predictive_support,ude_sir_h2,0.8237113377310336
40,0.045,2,17,gic_evid,equal_prior_posterior_approximation,neural_ode_h2,6.391881474516817e-07
40,0.045,2,17,gic_evid,equal_prior_posterior_approximation,sir,5.289209064067096e-11
40,0.045,2,17,gic_evid,equal_prior_posterior_approximation,tv_sir,0.9979913327089465
40,0.045,2,17,gic_evid,equal_prior_posterior_approximation,ude_sir_h2,0.002008028050014014
40,0.045,2,18,gic_pred,predictive_support,neural_ode_h2,0.00019463818430662952
40,0.045,2,18,gic_pred,predictive_support,sir,4.4698914364748995e-12
40,0.045,2,18,gic_pred,predictive_support,tv_sir,0.3903498654487879
40,0.045,2,18,gic_pred,predictive_support,ude_sir_h2,0.6094554963624356
40,0.045,2,18,gic_evid,equal_prior_posterior_approximation,neural_ode_h2,4.9497805603996305e-18
40,0.045,2,18,gic_evid,equal_prior_posterior_approximation,sir,8.630256521147812e-11
40,0.045,2,18,gic_evid,equal_prior_posterior_approximation,tv_sir,0.9903319214024562
40,0.045,2,18,gic_evid,equal_prior_posterior_approximation,ude_sir_h2,0.009668078511241126
40,0.045,2,19,gic_pred,predictive_support,neural_ode_h2,3.399415864981973e-05
40,0.045,2,19,gic_pred,predictive_support,sir,3.3987975771300433e-16
40,0.045,2,19,gic_pred,predictive_support,tv_sir,0.7315444616176306
40,0.045,2,19,gic_pred,predictive_support,ude_sir_h2,0.2684215442237193
40,0.045,2,19,gic_evid,equal_prior_posterior_approximation,neural_ode_h2,3.709716211779682e-18
40,0.045,2,19,gic_evid,equal_prior_posterior_approximation,sir,4.3747594804315876e-15
40,0.045,2,19,gic_evid,equal_prior_posterior_approximation,tv_sir,0.9983492837611275
40,0.045,2,19,gic_evid,equal_prior_posterior_approximation,ude_sir_h2,0.0016507162388680703
40,0.045,4,0,gic_pred,predictive_support,neural_ode_h2,4.098131528135581e-05
40,0.045,4,0,gic_pred,predictive_support,sir,4.699948581912426e-25
40,0.045,4,0,gic_pred,predictive_support,tv_sir,0.6983027330864263
40,0.045,4,0,gic_pred,predictive_support,ude_sir_h2,0.30165628559829233
40,0.045,4,0,gic_evid,equal_prior_posterior_approximation,neural_ode_h2,2.1075580910702392e-20
40,0.045,4,0,gic_evid,equal_prior_posterior_approximation,sir,1.421209092550296e-23
40,0.045,4,0,gic_evid,equal_prior_posterior_approximation,tv_sir,0.9997397423559572
40,0.045,4,0,gic_evid,equal_prior_posterior_approximation,ude_sir_h2,0.0002602576440428749
40,0.045,4,1,gic_pred,predictive_support,neural_ode_h2,0.000508219027767961
40,0.045,4,1,gic_pred,predictive_support,sir,7.936072831465709e-26
40,0.045,4,1,gic_pred,predictive_support,tv_sir,0.005491735412566403
40,0.045,4,1,gic_pred,predictive_support,ude_sir_h2,0.9940000455596657
40,0.045,4,1,gic_evid,equal_prior_posterior_approximation,neural_ode_h2,5.756583846887484e-16
40,0.045,4,1,gic_evid,equal_prior_posterior_approximation,sir,3.1467875561137836e-22
40,0.045,4,1,gic_evid,equal_prior_posterior_approximation,tv_sir,0.9776744265279244
40,0.045,4,1,gic_evid,equal_prior_posterior_approximation,ude_sir_h2,0.022325573472075092
40,0.045,4,2,gic_pred,predictive_support,neural_ode_h2,0.3161359966339214
40,0.045,4,2,gic_pred,predictive_support,sir,4.4149755972492684e-21
40,0.045,4,2,gic_pred,predictive_support,tv_sir,0.0022594935245206283
40,0.045,4,2,gic_pred,predictive_support,ude_sir_h2,0.6816045098415581
40,0.045,4,2,gic_evid,equal_prior_posterior_approximation,neural_ode_h2,6.931505876788643e-13
40,0.045,4,2,gic_evid,equal_prior_posterior_approximation,sir,4.451091244673505e-17
40,0.045,4,2,gic_evid,equal_prior_posterior_approximation,tv_sir,0.8236259622687364
40,0.045,4,2,gic_evid,equal_prior_posterior_approximation,ude_sir_h2,0.17637403773057053
40,0.045,4,3,gic_pred,predictive_support,neural_ode_h2,0.464006396099625
40,0.045,4,3,gic_pred,predictive_support,sir,4.2754271199679674e-19
40,0.045,4,3,gic_pred,predictive_support,tv_sir,0.04282683427916099
40,0.045,4,3,gic_pred,predictive_support,ude_sir_h2,0.4931667696212139
40,0.045,4,3,gic_evid,equal_prior_posterior_approximation,neural_ode_h2,1.1038332400871982e-14
40,0.045,4,3,gic_evid,equal_prior_posterior_approximation,sir,2.8599468243921653e-16
40,0.045,4,3,gic_evid,equal_prior_posterior_approximation,tv_sir,0.9926161881877105
40,0.045,4,3,gic_evid,equal_prior_posterior_approximation,ude_sir_h2,0.007383811812278321
40,0.045,4,4,gic_pred,predictive_support,neural_ode_h2,0.001206891410708419
40,0.045,4,4,gic_pred,predictive_support,sir,2.3025684048254956e-18
40,0.045,4,4,gic_pred,predictive_support,tv_sir,0.6793051489804074
40,0.045,4,4,gic_pred,predictive_support,ude_sir_h2,0.3194879596088842
40,0.045,4,4,gic_evid,equal_prior_posterior_approximation,neural_ode_h2,9.577941673587826e-18
40,0.045,4,4,gic_evid,equal_prior_posterior_approximation,sir,9.637292233995714e-17
40,0.045,4,4,gic_evid,equal_prior_posterior_approximation,tv_sir,0.9993940844778205
40,0.045,4,4,gic_evid,equal_prior_posterior_approximation,ude_sir_h2,0.0006059155221795525
40,0.045,4,5,gic_pred,predictive_support,neural_ode_h2,7.851996982679872e-07
40,0.045,4,5,gic_pred,predictive_support,sir,7.88854882148808e-15
40,0.045,4,5,gic_pred,predictive_support,tv_sir,0.6914753610421039
40,0.045,4,5,gic_pred,predictive_support,ude_sir_h2,0.30852385375818997
40,0.045,4,5,gic_evid,equal_prior_posterior_approximation,neural_ode_h2,4.721000669465212e-20
40,0.045,4,5,gic_evid,equal_prior_posterior_approximation,sir,2.1162393296872862e-13
40,0.045,4,5,gic_evid,equal_prior_posterior_approximation,tv_sir,0.9987585477348195
40,0.045,4,5,gic_evid,equal_prior_posterior_approximation,ude_sir_h2,0.001241452264968819
40,0.045,4,6,gic_pred,predictive_support,neural_ode_h2,3.9778753813115516e-05
40,0.045,4,6,gic_pred,predictive_support,sir,5.550286603749086e-18
40,0.045,4,6,gic_pred,predictive_support,tv_sir,0.050682260839813066
40,0.045,4,6,gic_pred,predictive_support,ude_sir_h2,0.9492779604063739
40,0.045,4,6,gic_evid,equal_prior_posterior_approximation,neural_ode_h2,2.3396133851625655e-19
40,0.045,4,6,gic_evid,equal_prior_posterior_approximation,sir,1.7856674552426853e-15
40,0.045,4,6,gic_evid,equal_prior_posterior_approximation,tv_sir,0.9773726360411091
40,0.045,4,6,gic_evid,equal_prior_posterior_approximation,ude_sir_h2,0.02262736395888912
40,0.045,4,7,gic_pred,predictive_support,neural_ode_h2,1.4762751512515138e-05
40,0.045,4,7,gic_pred,predictive_support,sir,4.73619620733277e-20
40,0.045,4,7,gic_pred,predictive_support,tv_sir,0.008209330218661626
40,0.045,4,7,gic_pred,predictive_support,ude_sir_h2,0.9917759070298258
40,0.045,4,7,gic_evid,equal_prior_posterior_approximation,neural_ode_h2,1.6361188434010168e-19
40,0.045,4,7,gic_evid,equal_prior_posterior_approximation,sir,8.436820714593483e-17
40,0.045,4,7,gic_evid,equal_prior_posterior_approximation,tv_sir,0.8353303791689937
40,0.045,4,7,gic_evid,equal_prior_posterior_approximation,ude_sir_h2,0.16466962083100642
40,0.045,4,8,gic_pred,predictive_support,neural_ode_h2,4.1477087656527596e-07
40,0.045,4,8,gic_pred,predictive_support,sir,2.948939545966315e-20
40,0.045,4,8,gic_pred,predictive_support,tv_sir,0.1333722509414841
40,0.045,4,8,gic_pred,predictive_support,ude_sir_h2,0.8666273342876394
40,0.045,4,8,gic_evid,equal_prior_posterior_approximation,neural_ode_h2,5.3105245608388935e-21
40,0.045,4,8,gic_evid,equal_prior_posterior_approximation,sir,4.099780279468233e-18
40,0.045,4,8,gic_evid,equal_prior_posterior_approximation,tv_sir,0.9872929746375445
40,0.045,4,8,gic_evid,equal_prior_posterior_approximation,ude_sir_h2,0.012707025362455444
40,0.045,4,9,gic_pred,predictive_support,neural_ode_h2,0.0004046155797758038
40,0.045,4,9,gic_pred,predictive_support,sir,2.427609605002568e-18
40,0.045,4,9,gic_pred,predictive_support,tv_sir,0.005253960585312965
40,0.045,4,9,gic_pred,predictive_support,ude_sir_h2,0.9943414238349112
40,0.045,4,9,gic_evid,equal_prior_posterior_approximation,neural_ode_h2,3.843153144454941e-17
40,0.045,4,9,gic_evid,equal_prior_posterior_approximation,sir,5.975089775437791e-15
40,0.045,4,9,gic_evid,equal_prior_posterior_approximation,tv_sir,0.7742716013672132
40,0.045,4,9,gic_evid,equal_prior_posterior_approximation,ude_sir_h2,0.22572839863278085
40,0.045,4,10,gic_pred,predictive_support,neural_ode_h2,1.1004027734359983e-07
40,0.045,4,10,gic_pred,predictive_support,sir,8.306924529049895e-21
40,0.045,4,10,gic_pred,predictive_support,tv_sir,0.280023148146045
40,0.045,4,10,gic_pred,predictive_support,ude_sir_h2,0.7199767418136777
40,0.045,4,10,gic_evid,equal_prior_posterior_approximation,neural_ode_h2,7.389141186994079e-22
40,0.045,4,10,gic_evid,equal_prior_posterior_approximation,sir,4.357366986624362e-19
40,0.045,4,10,gic_evid,equal_prior_posterior_approximation,tv_sir,0.9970341085795387
40,0.045,4,10,gic_evid,equal_prior_posterior_approximation,ude_sir_h2,0.002965891420461303
40,0.045,4,11,gic_pred,predictive_support,neural_ode_h2,2.2463313412975865e-05
40,0.045,4,11,gic_pred,predictive_support,sir,3.4435836587925e-18
40,0.045,4,11,gic_pred,predictive_support,tv_sir,2.4208891575929055e-05
40,0.045,4,11,gic_pred,predictive_support,ude_sir_h2,0.999953327795011
40,0.045,4,11,gic_evid,equal_prior_posterior_approximation,neural_ode_h2,1.5591600050224593e-19
40,0.045,4,11,gic_evid,equal_prior_posterior_approximation,sir,5.893694859339972e-14
40,0.045,4,11,gic_evid,equal_prior_posterior_approximation,tv_sir,0.02817438429833478
40,0.045,4,11,gic_evid,equal_prior_posterior_approximation,ude_sir_h2,0.9718256157016063
40,0.045,4,12,gic_pred,predictive_support,neural_ode_h2,0.0029931546790581804
40,0.045,4,12,gic_pred,predictive_support,sir,6.852469618548781e-18
40,0.045,4,12,gic_pred,predictive_support,tv_sir,0.02343261424185568
40,0.045,4,12,gic_pred,predictive_support,ude_sir_h2,0.9735742310790861
40,0.045,4,12,gic_evid,equal_prior_posterior_approximation,neural_ode_h2,7.821854477850359e-16
40,0.045,4,12,gic_evid,equal_prior_posterior_approximation,sir,5.9574454036751616e-15
40,0.045,4,12,gic_evid,equal_prior_posterior_approximation,tv_sir,0.9602676212068054
40,0.045,4,12,gic_evid,equal_prior_posterior_approximation,ude_sir_h2,0.03973237879318773
40,0.045,4,13,gic_pred,predictive_support,neural_ode_h2,6.40333294409515e-06
40,0.045,4,13,gic_pred,predictive_support,sir,6.754274257872081e-20
40,0.045,4,13,gic_pred,predictive_support,tv_sir,0.2416053709357517
40,0.045,4,13,gic_pred,predictive_support,ude_sir_h2,0.7583882257313043
40,0.045,4,13,gic_evid,equal_prior_posterior_approximation,neural_ode_h2,4.440646991663016e-20
40,0.045,4,13,gic_evid,equal_prior_posterior_approximation,sir,5.412699989073953e-18
40,0.045,4,13,gic_evid,equal_prior_posterior_approximation,tv_sir,0.9966995866922679
40,0.045,4,13,gic_evid,equal_prior_posterior_approximation,ude_sir_h2,0.0033004133077321374
40,0.045,4,14,gic_pred,predictive_support,neural_ode_h2,0.007445144446348006
40,0.045,4,14,gic_pred,predictive_support,sir,4.595876548347388e-28
40,0.045,4,14,gic_pred,predictive_support,tv_sir,0.002679486175099646
40,0.045,4,14,gic_pred,predictive_support,ude_sir_h2,0.9898753693785525
40,0.045,4,14,gic_evid,equal_prior_posterior_approximation,neural_ode_h2,4.7139443424108244e-17
40,0.045,4,14,gic_evid,equal_prior_posterior_approximation,sir,3.413363293001462e-24
40,0.045,4,14,gic_evid,equal_prior_posterior_approximation,tv_sir,0.9021015146613525
40,0.045,4,14,gic_evid,equal_prior_posterior_approximation,ude_sir_h2,0.09789848533864763
40,0.045,4,15,gic_pred,predictive_support,neural_ode_h2,0.021195289472114177
40,0.045,4,15,gic_pred,predictive_support,sir,9.617583966043786e-25
40,0.045,4,15,gic_pred,predictive_support,tv_sir,1.946679262594972e-05
40,0.045,4,15,gic_pred,predictive_support,ude_sir_h2,0.9787852437352599
40,0.045,4,15,gic_evid,equal_prior_posterior_approximation,neural_ode_h2,3.680047257823837e-15
40,0.045,4,15,gic_evid,equal_prior_posterior_approximation,sir,3.050009711996109e-20
40,0.045,4,15,gic_evid,equal_prior_posterior_approximation,tv_sir,0.03978541453580313
40,0.045,4,15,gic_evid,equal_prior_posterior_approximation,ude_sir_h2,0.9602145854641931
40,0.045,4,16,gic_pred,predictive_support,neural_ode_h2,2.304991929652131e-07
40,0.045,4,16,gic_pred,predictive_support,sir,2.2634334211026733e-20
40,0.045,4,16,gic_pred,predictive_support,tv_sir,0.189643394497771
40,0.045,4,16,gic_pred,predictive_support,ude_sir_h2,0.8103563750030359
40,0.045,4,16,gic_evid,equal_prior_posterior_approximation,neural_ode_h2,4.413150884423613e-22
40,0.045,4,16,gic_evid,equal_prior_posterior_approximation,sir,1.7427454233295017e-18
40,0.045,4,16,gic_evid,equal_prior_posterior_approximation,tv_sir,0.9939219528427549
40,0.045,4,16,gic_evid,equal_prior_posterior_approximation,ude_sir_h2,0.0060780471572450204
40,0.045,4,17,gic_pred,predictive_support,neural_ode_h2,4.885537669814791e-06
40,0.045,4,17,gic_pred,predictive_support,sir,9.618577941926633e-15
40,0.045,4,17,gic_pred,predictive_support,tv_sir,0.2510287103105782
40,0.045,4,17,gic_pred,predictive_support,ude_sir_h2,0.7489664041517423
40,0.045,4,17,gic_evid,equal_prior_posterior_approximation,neural_ode_h2,6.121546297928651e-20
40,0.045,4,17,gic_evid,equal_prior_posterior_approximation,sir,6.526157683314677e-13
40,0.045,4,17,gic_evid,equal_prior_posterior_approximation,tv_sir,0.9911551045894514
40,0.045,4,17,gic_evid,equal_prior_posterior_approximation,ude_sir_h2,0.008844895409896122
40,0.045,4,18,gic_pred,predictive_support,neural_ode_h2,1.0920919805522225e-06
40,0.045,4,18,gic_pred,predictive_support,sir,5.607402200964774e-20
40,0.045,4,18,gic_pred,predictive_support,tv_sir,0.7396549064740774
40,0.045,4,18,gic_pred,predictive_support,ude_sir_h2,0.26034400143394204
40,0.045,4,18,gic_evid,equal_prior_posterior_approximation,neural_ode_h2,9.212637744307875e-22
40,0.045,4,18,gic_evid,equal_prior_posterior_approximation,sir,1.3775921879522863e-18
40,0.045,4,18,gic_evid,equal_prior_posterior_approximation,tv_sir,0.999264412294261
40,0.045,4,18,gic_evid,equal_prior_posterior_approximation,ude_sir_h2,0.0007355877057389215
40,0.045,4,19,gic_pred,predictive_support,neural_ode_h2,3.072607148328171e-05
40,0.045,4,19,gic_pred,predictive_support,sir,9.037438364316375e-21
40,0.045,4,19,gic_pred,predictive_support,tv_sir,0.006212032339450954
40,0.045,4,19,gic_pred,predictive_support,ude_sir_h2,0.9937572415890658
40,0.045,4,19,gic_evid,equal_prior_posterior_approximation,neural_ode_h2,9.571095646400305e-19
40,0.045,4,19,gic_evid,equal_prior_posterior_approximation,sir,1.9609944141157485e-17
40,0.045,4,19,gic_evid,equal_prior_posterior_approximation,tv_sir,0.9027385392902899
40,0.045,4,19,gic_evid,equal_prior_posterior_approximation,ude_sir_h2,0.09726146070971005
