n_times,noise,trajectories,seed,criterion,truth,selected,correct,selection_gap,support_entropy
10,0.005,1,0,aic,ude_sir_h2,tv_sir,0,9.372913225053694,0.09311954537529718
10,0.005,1,0,aicc,ude_sir_h2,tv_sir,0,399.7453446891682,3.141627838340102e-85
10,0.005,1,0,bic,ude_sir_h2,tv_sir,0,11.49100887601201,0.0330449522464936
10,0.005,1,0,gic_pred,ude_sir_h2,neural_ode_h2,0,2.7203434958645687,0.5993687730154653
10,0.005,1,0,gic_evid,ude_sir_h2,ude_sir_h2,1,1.7543373876561432,0.6054918036598196
10,0.005,1,0,gic_eff_logn,ude_sir_h2,neural_ode_h2,0,2.3044786517304345,0.6561476434843895
10,0.005,1,1,aic,ude_sir_h2,tv_sir,0,10.637107039679378,0.033977139072721985
10,0.005,1,1,aicc,ude_sir_h2,tv_sir,0,322.9609673770279,1.1968426046476986e-68
10,0.005,1,1,bic,ude_sir_h2,tv_sir,0,12.755202690637695,0.0133333472306986
10,0.005,1,1,gic_pred,ude_sir_h2,ude_sir_h2,1,1.9841514254485588,0.885596651527309
10,0.005,1,1,gic_evid,ude_sir_h2,ude_sir_h2,1,1.4804592127630656,0.6290767164102813
10,0.005,1,1,gic_eff_logn,ude_sir_h2,ude_sir_h2,1,2.3986226874727663,0.8571615436412412
10,0.005,1,2,aic,ude_sir_h2,tv_sir,0,9.960855922570389,0.04534173045616066
10,0.005,1,2,aicc,ude_sir_h2,tv_sir,0,341.89951788921354,9.77983438593541e-73
10,0.005,1,2,bic,ude_sir_h2,tv_sir,0,12.078951573528705,0.01791394981171448
10,0.005,1,2,gic_pred,ude_sir_h2,ude_sir_h2,1,1.4055218486795837,0.8774460004754312
10,0.005,1,2,gic_evid,ude_sir_h2,ude_sir_h2,1,1.5006944818081962,0.6274310228351492
10,0.005,1,2,gic_eff_logn,ude_sir_h2,ude_sir_h2,1,1.7529228195652706,0.8600804032198602
10,0.005,1,3,aic,ude_sir_h2,tv_sir,0,10.89468073898469,0.03663934239671934
10,0.005,1,3,aicc,ude_sir_h2,tv_sir,0,318.1940962395179,1.2784744004020998e-67
10,0.005,1,3,bic,ude_sir_h2,tv_sir,0,13.920531668925143,0.011106637835598133
10,0.005,1,3,gic_pred,ude_sir_h2,neural_ode_h2,0,5.791478545719613,0.3650696810736388
10,0.005,1,3,gic_evid,ude_sir_h2,tv_sir,0,1.4084168619760575,0.6348102276640619
10,0.005,1,3,gic_eff_logn,ude_sir_h2,neural_ode_h2,0,5.3648900973314255,0.42059205862211935
10,0.005,1,4,aic,ude_sir_h2,tv_sir,0,11.361009009035328,0.02310926895453896
10,0.005,1,4,aicc,ude_sir_h2,tv_sir,0,365.3341897322253,8.518222819795824e-78
10,0.005,1,4,bic,ude_sir_h2,tv_sir,0,13.479104659993645,0.009244440296625493
10,0.005,1,4,gic_pred,ude_sir_h2,ude_sir_h2,1,2.4506131875557458,0.6813932878429148
10,0.005,1,4,gic_evid,ude_sir_h2,tv_sir,0,0.00397225395398948,0.6931467112739198
10,0.005,1,4,gic_eff_logn,ude_sir_h2,ude_sir_h2,1,2.422113029974497,0.6647207263152258
10,0.005,1,5,aic,ude_sir_h2,tv_sir,0,7.66165397051077,0.14580520206714487
10,0.005,1,5,aicc,ude_sir_h2,tv_sir,0,354.2697216405136,2.0874276579971853e-75
10,0.005,1,5,bic,ude_sir_h2,tv_sir,0,10.687504900451223,0.048342448506732354
10,0.005,1,5,gic_pred,ude_sir_h2,neural_ode_h2,0,5.382963289170405,0.2818597267794054
10,0.005,1,5,gic_evid,ude_sir_h2,ude_sir_h2,1,2.0399293529593976,0.5782925448463495
10,0.005,1,5,gic_eff_logn,ude_sir_h2,neural_ode_h2,0,4.973745903525582,0.32402031812679066
10,0.005,1,6,aic,ude_sir_h2,tv_sir,0,13.345819287878527,0.010477050084033109
10,0.005,1,6,aicc,ude_sir_h2,tv_sir,0,341.1837823656524,1.3958584683618178e-72
10,0.005,1,6,bic,ude_sir_h2,tv_sir,0,15.463914938836844,0.004026088444441507
10,0.005,1,6,gic_pred,ude_sir_h2,ude_sir_h2,1,0.5021729827066252,0.9991000921473332
10,0.005,1,6,gic_evid,ude_sir_h2,tv_sir,0,1.569813595039058,0.6216869534183052
10,0.005,1,6,gic_eff_logn,ude_sir_h2,ude_sir_h2,1,0.47917534623623226,0.9704416517992815
10,0.005,1,7,aic,ude_sir_h2,tv_sir,0,7.544942846124357,0.12219577621250502
10,0.005,1,7,aicc,ude_sir_h2,tv_sir,0,332.796746255746,9.020982260160562e-71
10,0.005,1,7,bic,ude_sir_h2,tv_sir,0,9.663038497082674,0.05017325327086693
10,0.005,1,7,gic_pred,ude_sir_h2,ude_sir_h2,1,1.0131911029885998,0.7703423474037041
10,0.005,1,7,gic_evid,ude_sir_h2,ude_sir_h2,1,3.7093674728222368,0.3963862371125767
10,0.005,1,7,gic_eff_logn,ude_sir_h2,ude_sir_h2,1,1.3537769689592665,0.7545076507347808
10,0.005,1,8,aic,ude_sir_h2,tv_sir,0,7.112699834939704,0.17739855537380728
10,0.005,1,8,aicc,ude_sir_h2,tv_sir,0,319.43904475836536,6.8873282400185364e-68
10,0.005,1,8,bic,ude_sir_h2,tv_sir,0,9.230795485898021,0.06971458051828974
10,0.005,1,8,gic_pred,ude_sir_h2,neural_ode_h2,0,1.782726692386703,0.6565232183919154
10,0.005,1,8,gic_evid,ude_sir_h2,ude_sir_h2,1,3.9458296252240785,0.3710566670620242
10,0.005,1,8,gic_eff_logn,ude_sir_h2,neural_ode_h2,0,1.4800728929619282,0.6882107667854579
10,0.005,1,9,aic,ude_sir_h2,tv_sir,0,11.454868851530378,0.022749319125546796
10,0.005,1,9,aicc,ude_sir_h2,tv_sir,0,459.41528335941877,3.984870484400889e-98
10,0.005,1,9,bic,ude_sir_h2,tv_sir,0,13.572964502488695,0.00901285547749532
10,0.005,1,9,gic_pred,ude_sir_h2,ude_sir_h2,1,2.3509221000957865,0.8131263808433812
10,0.005,1,9,gic_evid,ude_sir_h2,tv_sir,0,0.5936447279542847,0.6822544304598943
10,0.005,1,9,gic_eff_logn,ude_sir_h2,ude_sir_h2,1,2.3215397186145452,0.7859569081878325
10,0.005,1,10,aic,ude_sir_h2,tv_sir,0,5.156174015572944,0.3519900324100745
10,0.005,1,10,aicc,ude_sir_h2,tv_sir,0,368.54003930300996,1.7298241951105566e-78
10,0.005,1,10,bic,ude_sir_h2,tv_sir,0,7.274269666531261,0.14992199139390694
10,0.005,1,10,gic_pred,ude_sir_h2,neural_ode_h2,0,1.07788478403684,0.6882876885611148
10,0.005,1,10,gic_evid,ude_sir_h2,ude_sir_h2,1,4.714499204047911,0.29434813092115064
10,0.005,1,10,gic_eff_logn,ude_sir_h2,neural_ode_h2,0,0.6920713172289084,0.7123322647383341
10,0.005,1,11,aic,ude_sir_h2,tv_sir,0,5.226490267827529,0.28799885960502886
10,0.005,1,11,aicc,ude_sir_h2,tv_sir,0,326.6087048908805,1.9535234193267877e-69
10,0.005,1,11,bic,ude_sir_h2,tv_sir,0,7.344585918785846,0.12762334414327484
10,0.005,1,11,gic_pred,ude_sir_h2,ude_sir_h2,1,0.7654673812676691,0.7212371277789063
10,0.005,1,11,gic_evid,ude_sir_h2,ude_sir_h2,1,4.787588202944505,0.2875942044528241
10,0.005,1,11,gic_eff_logn,ude_sir_h2,ude_sir_h2,1,1.0910247581608274,0.707216404149364
10,0.005,1,12,aic,ude_sir_h2,tv_sir,0,10.289899174032158,0.05179986820622476
10,0.005,1,12,aicc,ude_sir_h2,tv_sir,0,359.14449801387536,1.849278732948274e-76
10,0.005,1,12,bic,ude_sir_h2,tv_sir,0,12.407994824990475,0.01889495466865322
10,0.005,1,12,gic_pred,ude_sir_h2,neural_ode_h2,0,1.4697722369229922,0.8051129076461423
10,0.005,1,12,gic_evid,ude_sir_h2,ude_sir_h2,1,0.6736906145599661,0.6791644211746488
10,0.005,1,12,gic_eff_logn,ude_sir_h2,neural_ode_h2,0,1.063616260716671,0.8499176554211574
10,0.005,1,13,aic,ude_sir_h2,tv_sir,0,7.675469126725545,0.13349533023227858
10,0.005,1,13,aicc,ude_sir_h2,tv_sir,0,379.09592794363107,9.07996793508718e-81
10,0.005,1,13,bic,ude_sir_h2,tv_sir,0,9.793564777683862,0.05252362783272963
10,0.005,1,13,gic_pred,ude_sir_h2,neural_ode_h2,0,0.8344872255967175,0.7509764600142002
10,0.005,1,13,gic_evid,ude_sir_h2,ude_sir_h2,1,3.206560722184605,0.4519418540377428
10,0.005,1,13,gic_eff_logn,ude_sir_h2,neural_ode_h2,0,0.48366108411458697,0.7720192630079241
10,0.005,1,14,aic,ude_sir_h2,tv_sir,0,8.763477678116047,0.13018801276369382
10,0.005,1,14,aicc,ude_sir_h2,tv_sir,0,358.93923513647417,2.0479830513890876e-76
10,0.005,1,14,bic,ude_sir_h2,tv_sir,0,10.881573329074364,0.04617740612149347
10,0.005,1,14,gic_pred,ude_sir_h2,neural_ode_h2,0,3.2373947405069003,0.5129169293434127
10,0.005,1,14,gic_evid,ude_sir_h2,ude_sir_h2,1,2.0970906074987283,0.5725446492438866
10,0.005,1,14,gic_eff_logn,ude_sir_h2,neural_ode_h2,0,2.827717929397849,0.5678849079375193
10,0.005,1,15,aic,ude_sir_h2,tv_sir,0,5.956176800225691,0.2020971784904969
10,0.005,1,15,aicc,ude_sir_h2,tv_sir,0,333.85531866552594,5.330488104074848e-71
10,0.005,1,15,bic,ude_sir_h2,tv_sir,0,8.074272451184008,0.08977224516192311
10,0.005,1,15,gic_pred,ude_sir_h2,ude_sir_h2,1,3.992887303811642,0.45360505362616
10,0.005,1,15,gic_evid,ude_sir_h2,ude_sir_h2,1,4.157827210142216,0.34894113272847277
10,0.005,1,15,gic_eff_logn,ude_sir_h2,ude_sir_h2,1,4.354167355413992,0.42087665774571825
10,0.005,1,16,aic,ude_sir_h2,tv_sir,0,9.196840375209788,0.06230968754340812
10,0.005,1,16,aicc,ude_sir_h2,tv_sir,0,387.85920897766295,1.1616813164080993e-82
10,0.005,1,16,bic,ude_sir_h2,tv_sir,0,11.314936026168105,0.024874443588419868
10,0.005,1,16,gic_pred,ude_sir_h2,ude_sir_h2,1,1.734357032840677,0.8102644831299635
10,0.005,1,16,gic_evid,ude_sir_h2,ude_sir_h2,1,1.6545792942080482,0.6143965984495614
10,0.005,1,16,gic_eff_logn,ude_sir_h2,ude_sir_h2,1,2.14140414924438,0.7828858031236996
10,0.005,1,17,aic,ude_sir_h2,tv_sir,0,10.692588676210491,0.0310918343526218
10,0.005,1,17,aicc,ude_sir_h2,tv_sir,0,376.2634025897562,3.714516051895618e-80
10,0.005,1,17,bic,ude_sir_h2,tv_sir,0,12.810684327168808,0.012468655712250146
10,0.005,1,17,gic_pred,ude_sir_h2,ude_sir_h2,1,3.1218662278538005,0.7019036903954358
10,0.005,1,17,gic_evid,ude_sir_h2,ude_sir_h2,1,0.5910554482335257,0.682348197583309
10,0.005,1,17,gic_eff_logn,ude_sir_h2,ude_sir_h2,1,3.0937946377996326,0.6757302281811963
10,0.005,1,18,aic,ude_sir_h2,tv_sir,0,4.399686966773302,0.4938182443714241
10,0.005,1,18,aicc,ude_sir_h2,tv_sir,0,321.7004137024416,2.2390530076767016e-68
10,0.005,1,18,bic,ude_sir_h2,tv_sir,0,7.425537896713756,0.19860058768276373
10,0.005,1,18,gic_pred,ude_sir_h2,neural_ode_h2,0,5.0320897833123865,0.2771402656952647
10,0.005,1,18,gic_evid,ude_sir_h2,ude_sir_h2,1,4.4325136279028,0.3213759221880997
10,0.005,1,18,gic_eff_logn,ude_sir_h2,neural_ode_h2,0,4.659550072471774,0.31298534423891444
10,0.005,1,19,aic,ude_sir_h2,tv_sir,0,1.6541198984024135,0.7504605229175124
10,0.005,1,19,aicc,ude_sir_h2,tv_sir,0,356.5152149035408,6.835224755829878e-76
10,0.005,1,19,bic,ude_sir_h2,tv_sir,0,4.679970828342867,0.379580777619557
10,0.005,1,19,gic_pred,ude_sir_h2,neural_ode_h2,0,8.250041483345015,0.0844851025308681
10,0.005,1,19,gic_evid,ude_sir_h2,ude_sir_h2,1,4.869467004101885,0.28054040060506646
10,0.005,1,19,gic_eff_logn,ude_sir_h2,neural_ode_h2,0,7.965822330644954,0.09460199847253647
10,0.005,2,0,aic,ude_sir_h2,ude_sir_h2,1,10.03484319479449,0.03971429588427886
10,0.005,2,0,aicc,ude_sir_h2,tv_sir,0,20.298490138538853,0.00043598155019946606
10,0.005,2,0,bic,ude_sir_h2,ude_sir_h2,1,3.0647172799165503,0.4678319868982931
10,0.005,2,0,gic_pred,ude_sir_h2,ude_sir_h2,1,19.038098391351156,0.0012715294659651265
10,0.005,2,0,gic_evid,ude_sir_h2,ude_sir_h2,1,0.7016518486305188,0.6779958255409809
10,0.005,2,0,gic_eff_logn,ude_sir_h2,ude_sir_h2,1,16.550388359600305,0.002631956649627388
10,0.005,2,1,aic,ude_sir_h2,tv_sir,0,1.8859130436977125,0.5932397576445252
10,0.005,2,1,aicc,ude_sir_h2,tv_sir,0,32.219246377031055,1.7255197962550906e-06
10,0.005,2,1,bic,ude_sir_h2,tv_sir,0,8.856038958575652,0.06410596661875385
10,0.005,2,1,gic_pred,ude_sir_h2,ude_sir_h2,1,6.875153882702051,0.1386880471258951
10,0.005,2,1,gic_evid,ude_sir_h2,tv_sir,0,11.526577149832079,0.021180311132291227
10,0.005,2,1,gic_eff_logn,ude_sir_h2,ude_sir_h2,1,4.266866512515463,0.3378340952229305
10,0.005,2,2,aic,ude_sir_h2,ude_sir_h2,1,15.838708433513773,0.0032422950281653087
10,0.005,2,2,aicc,ude_sir_h2,tv_sir,0,14.494624899819556,0.005868866649273154
10,0.005,2,2,bic,ude_sir_h2,ude_sir_h2,1,8.868582518635833,0.0637829640339185
10,0.005,2,2,gic_pred,ude_sir_h2,ude_sir_h2,1,24.628796398360407,5.973717367845825e-05
10,0.005,2,2,gic_evid,ude_sir_h2,ude_sir_h2,1,4.782358018559194,0.2880679366412253
10,0.005,2,2,gic_eff_logn,ude_sir_h2,ude_sir_h2,1,22.03495762047065,0.00019723151923164018
10,0.005,2,3,aic,ude_sir_h2,ude_sir_h2,1,5.820722814701071,0.20332696203770032
10,0.005,2,3,aicc,ude_sir_h2,tv_sir,0,24.512610518632272,6.303398534342952e-05
10,0.005,2,3,bic,ude_sir_h2,tv_sir,0,1.149403100176869,0.6535059885087473
10,0.005,2,3,gic_pred,ude_sir_h2,ude_sir_h2,1,14.899279635969492,0.004912054120324863
10,0.005,2,3,gic_evid,ude_sir_h2,tv_sir,0,2.91724388332851,0.48430063460624834
10,0.005,2,3,gic_eff_logn,ude_sir_h2,ude_sir_h2,1,12.449059733206923,0.014280089568551957
10,0.005,2,4,aic,ude_sir_h2,tv_sir,0,0.43357961765337905,0.6873068228522283
10,0.005,2,4,aicc,ude_sir_h2,tv_sir,0,30.766912950986722,3.4155070338918767e-06
10,0.005,2,4,bic,ude_sir_h2,tv_sir,0,7.403705532531319,0.11353152171641395
10,0.005,2,4,gic_pred,ude_sir_h2,ude_sir_h2,1,8.569382670422414,0.0719159104248779
10,0.005,2,4,gic_evid,ude_sir_h2,tv_sir,0,8.709197959095448,0.06800221058044123
10,0.005,2,4,gic_eff_logn,ude_sir_h2,ude_sir_h2,1,6.081526809457699,0.18540475521119576
10,0.005,2,5,aic,ude_sir_h2,ude_sir_h2,1,16.19241202894625,0.0028702312854128743
10,0.005,2,5,aicc,ude_sir_h2,tv_sir,0,14.140921304387078,0.0068531496117924095
10,0.005,2,5,bic,ude_sir_h2,ude_sir_h2,1,9.22228611406831,0.055301689907314995
10,0.005,2,5,gic_pred,ude_sir_h2,ude_sir_h2,1,20.21081218326391,0.000496591998648128
10,0.005,2,5,gic_evid,ude_sir_h2,ude_sir_h2,1,6.560593593929113,0.1558485570417432
10,0.005,2,5,gic_eff_logn,ude_sir_h2,ude_sir_h2,1,21.548995043365437,0.00037700221456436625
10,0.005,2,6,aic,ude_sir_h2,ude_sir_h2,1,15.621214982314427,0.0035717427122260296
10,0.005,2,6,aicc,ude_sir_h2,tv_sir,0,14.712118351018901,0.005333900287458158
10,0.005,2,6,bic,ude_sir_h2,ude_sir_h2,1,8.651089067436487,0.06960425744755235
10,0.005,2,6,gic_pred,ude_sir_h2,ude_sir_h2,1,24.59930907176212,6.675402060010632e-05
10,0.005,2,6,gic_evid,ude_sir_h2,ude_sir_h2,1,7.955870980173174,0.09166597555326352
10,0.005,2,6,gic_eff_logn,ude_sir_h2,ude_sir_h2,1,22.099072176817856,0.0001949916272926111
10,0.005,2,7,aic,ude_sir_h2,ude_sir_h2,1,15.709097585985432,0.0034341586329384405
10,0.005,2,7,aicc,ude_sir_h2,tv_sir,0,14.624235747347896,0.005544047320416371
10,0.005,2,7,bic,ude_sir_h2,ude_sir_h2,1,8.738971671107493,0.06719483188662777
10,0.005,2,7,gic_pred,ude_sir_h2,ude_sir_h2,1,24.68298724388272,5.8264409505879046e-05
10,0.005,2,7,gic_evid,ude_sir_h2,ude_sir_h2,1,6.515299460504963,0.15846249680985167
10,0.005,2,7,gic_eff_logn,ude_sir_h2,ude_sir_h2,1,22.180657104845153,0.00018449045586064732
10,0.005,2,8,aic,ude_sir_h2,ude_sir_h2,1,10.391415463915735,0.0341545714140437
10,0.005,2,8,aicc,ude_sir_h2,tv_sir,0,19.941917869417594,0.0005127347738347105
10,0.005,2,8,bic,ude_sir_h2,ude_sir_h2,1,3.4212895490377946,0.4280153417374961
10,0.005,2,8,gic_pred,ude_sir_h2,ude_sir_h2,1,19.651104311915716,0.0005991872909957065
10,0.005,2,8,gic_evid,ude_sir_h2,ude_sir_h2,1,0.3621844875179079,0.6890646237083846
10,0.005,2,8,gic_eff_logn,ude_sir_h2,ude_sir_h2,1,17.291063911548562,0.0017047893168293145
10,0.005,2,9,aic,ude_sir_h2,ude_sir_h2,1,45.761318997834096,2.965570040748493e-09
10,0.005,2,9,aicc,ude_sir_h2,ude_sir_h2,1,15.427985664500767,0.0038894654593673523
10,0.005,2,9,bic,ude_sir_h2,ude_sir_h2,1,38.791193082956156,7.698557354469856e-08
10,0.005,2,9,gic_pred,ude_sir_h2,ude_sir_h2,1,47.79291748491903,1.0727699946552595e-09
10,0.005,2,9,gic_evid,ude_sir_h2,ude_sir_h2,1,33.471297829779104,9.564165565182209e-07
10,0.005,2,9,gic_eff_logn,ude_sir_h2,ude_sir_h2,1,49.09198245116822,6.507021582217962e-10
10,0.005,2,10,aic,ude_sir_h2,ude_sir_h2,1,39.589512444829154,5.687482674613595e-08
10,0.005,2,10,aicc,ude_sir_h2,ude_sir_h2,1,9.256179111495825,0.054520397332697645
10,0.005,2,10,bic,ude_sir_h2,ude_sir_h2,1,32.619386529951214,1.4301706653489925e-06
10,0.005,2,10,gic_pred,ude_sir_h2,ude_sir_h2,1,41.02296049661709,2.738339201695528e-08
10,0.005,2,10,gic_evid,ude_sir_h2,ude_sir_h2,1,28.674014087704833,9.10452560174169e-06
10,0.005,2,10,gic_eff_logn,ude_sir_h2,ude_sir_h2,1,42.09915722426014,1.8697724921864256e-08
10,0.005,2,11,aic,ude_sir_h2,ude_sir_h2,1,10.787465018439633,0.02950877937641449
10,0.005,2,11,aicc,ude_sir_h2,tv_sir,0,19.545868314893696,0.0006137323772703693
10,0.005,2,11,bic,ude_sir_h2,ude_sir_h2,1,3.817339103561693,0.38485555104215596
10,0.005,2,11,gic_pred,ude_sir_h2,ude_sir_h2,1,16.789923758331042,0.002603134617939925
10,0.005,2,11,gic_evid,ude_sir_h2,ude_sir_h2,1,3.1000311618901435,0.46385669316356215
10,0.005,2,11,gic_eff_logn,ude_sir_h2,ude_sir_h2,1,17.74352224599062,0.002446818290984981
10,0.005,2,12,aic,ude_sir_h2,ude_sir_h2,1,13.432015949208136,0.00933632087232767
10,0.005,2,12,aicc,ude_sir_h2,tv_sir,0,16.901317384125193,0.0020197598142521716
10,0.005,2,12,bic,ude_sir_h2,ude_sir_h2,1,6.461890034330196,0.16159220005907757
10,0.005,2,12,gic_pred,ude_sir_h2,ude_sir_h2,1,22.4190143012582,0.0001653732995872423
10,0.005,2,12,gic_evid,ude_sir_h2,ude_sir_h2,1,3.6780512169324737,0.3997864628340466
10,0.005,2,12,gic_eff_logn,ude_sir_h2,ude_sir_h2,1,19.92321053713667,0.0005171117501725206
10,0.005,2,13,aic,ude_sir_h2,ude_sir_h2,1,19.488812513946726,0.0006298197756386091
10,0.005,2,13,aicc,ude_sir_h2,tv_sir,0,10.844520819386602,0.0282530359636288
10,0.005,2,13,bic,ude_sir_h2,ude_sir_h2,1,12.518686599068786,0.013858826324225863
10,0.005,2,13,gic_pred,ude_sir_h2,ude_sir_h2,1,28.141325851470043,1.1676835197385145e-05
10,0.005,2,13,gic_evid,ude_sir_h2,ude_sir_h2,1,8.285475161325053,0.08051014882448225
10,0.005,2,13,gic_eff_logn,ude_sir_h2,ude_sir_h2,1,25.47899332535627,4.029742230756027e-05
10,0.005,2,14,aic,ude_sir_h2,ude_sir_h2,1,5.126872750106372,0.25757632416320747
10,0.005,2,14,aicc,ude_sir_h2,tv_sir,0,25.206460583226956,4.5722216367781934e-05
10,0.005,2,14,bic,ude_sir_h2,tv_sir,0,1.8432531647715678,0.5972700510384715
10,0.005,2,14,gic_pred,ude_sir_h2,ude_sir_h2,1,13.902632581498878,0.00760675450103129
10,0.005,2,14,gic_evid,ude_sir_h2,tv_sir,0,4.929314659469924,0.27477824974802095
10,0.005,2,14,gic_eff_logn,ude_sir_h2,ude_sir_h2,1,11.301660311159083,0.023299956122501485
10,0.005,2,15,aic,ude_sir_h2,ude_sir_h2,1,15.804405273556284,0.003292023070123486
10,0.005,2,15,aicc,ude_sir_h2,tv_sir,0,14.528928059777044,0.0057811275205374105
10,0.005,2,15,bic,ude_sir_h2,ude_sir_h2,1,8.834279358678344,0.06466990533106644
10,0.005,2,15,gic_pred,ude_sir_h2,ude_sir_h2,1,24.769936562405036,5.596186968654955e-05
10,0.005,2,15,gic_evid,ude_sir_h2,ude_sir_h2,1,7.7500682733484325,0.09932713526461369
10,0.005,2,15,gic_eff_logn,ude_sir_h2,ude_sir_h2,1,22.26344507445951,0.0001776113441609781
10,0.005,2,16,aic,ude_sir_h2,ude_sir_h2,1,14.828027839111485,0.005069136586135444
10,0.005,2,16,aicc,ude_sir_h2,tv_sir,0,15.505305494221858,0.003758629460011105
10,0.005,2,16,bic,ude_sir_h2,ude_sir_h2,1,7.857901924233545,0.09524363078120311
10,0.005,2,16,gic_pred,ude_sir_h2,ude_sir_h2,1,23.55970698095888,0.00010014938284821921
10,0.005,2,16,gic_evid,ude_sir_h2,ude_sir_h2,1,4.958554251752375,0.2721839035878824
10,0.005,2,16,gic_eff_logn,ude_sir_h2,ude_sir_h2,1,20.936788428008782,0.0003271345937116205
10,0.005,2,17,aic,ude_sir_h2,ude_sir_h2,1,22.795688989907887,0.0001390981084327103
10,0.005,2,17,aicc,ude_sir_h2,tv_sir,0,7.537644343425441,0.10783626864160353
10,0.005,2,17,bic,ude_sir_h2,ude_sir_h2,1,15.825563075029947,0.0032612634943292897
10,0.005,2,17,gic_pred,ude_sir_h2,ude_sir_h2,1,31.589798301868882,2.3223307574183274e-06
10,0.005,2,17,gic_evid,ude_sir_h2,ude_sir_h2,1,11.907046412372182,0.01801264061093733
10,0.005,2,17,gic_eff_logn,ude_sir_h2,ude_sir_h2,1,28.997961616531555,7.826332217706572e-06
10,0.005,2,18,aic,ude_sir_h2,ude_sir_h2,1,16.004222171469138,0.0030561759225918015
10,0.005,2,18,aicc,ude_sir_h2,tv_sir,0,14.32911116186419,0.00631088630463598
10,0.005,2,18,bic,ude_sir_h2,ude_sir_h2,1,9.034096256591198,0.059671439117457245
10,0.005,2,18,gic_pred,ude_sir_h2,ude_sir_h2,1,21.67249039391902,0.00028707618119037085
10,0.005,2,18,gic_evid,ude_sir_h2,ude_sir_h2,1,5.209801738110016,0.25058547362890754
10,0.005,2,18,gic_eff_logn,ude_sir_h2,ude_sir_h2,1,22.26610172232084,0.00031303691725556305
10,0.005,2,19,aic,ude_sir_h2,ude_sir_h2,1,13.43463857870816,0.009325684412818405
10,0.005,2,19,aicc,ude_sir_h2,tv_sir,0,16.89869475462517,0.0020221289414242296
10,0.005,2,19,bic,ude_sir_h2,ude_sir_h2,1,6.46451266383022,0.16143731337080897
10,0.005,2,19,gic_pred,ude_sir_h2,ude_sir_h2,1,22.489746768001737,0.0001600900909366193
10,0.005,2,19,gic_evid,ude_sir_h2,ude_sir_h2,1,4.716691127458645,0.29413974137015786
10,0.005,2,19,gic_eff_logn,ude_sir_h2,ude_sir_h2,1,20.027852585425094,0.0004930956955941024
10,0.005,4,0,aic,ude_sir_h2,ude_sir_h2,1,62.78191601949189,7.542597256312074e-13
10,0.005,4,0,aicc,ude_sir_h2,ude_sir_h2,1,70.15334459092045,2.1150058196301466e-14
10,0.005,4,0,bic,ude_sir_h2,ude_sir_h2,1,67.84855438183371,6.449320381843868e-14
10,0.005,4,0,gic_pred,ude_sir_h2,ude_sir_h2,1,60.275571093611234,2.538672671052037e-12
10,0.005,4,0,gic_evid,ude_sir_h2,ude_sir_h2,1,140.8562596136082,1.8248836186062108e-29
10,0.005,4,0,gic_eff_logn,ude_sir_h2,ude_sir_h2,1,63.22575223083177,6.082638032105331e-13
10,0.005,4,1,aic,ude_sir_h2,ude_sir_h2,1,94.10202706408819,1.7321019001895366e-19
10,0.005,4,1,aicc,ude_sir_h2,ude_sir_h2,1,101.47345563551676,4.6842658366931885e-21
10,0.005,4,1,bic,ude_sir_h2,ude_sir_h2,1,99.16866542643001,1.4492469234563374e-20
10,0.005,4,1,gic_pred,ude_sir_h2,ude_sir_h2,1,88.33795984059446,2.902505949974933e-18
10,0.005,4,1,gic_evid,ude_sir_h2,ude_sir_h2,1,139.49936348545992,3.56156057281151e-29
10,0.005,4,1,gic_eff_logn,ude_sir_h2,ude_sir_h2,1,88.53719084999122,2.63323141705053e-18
10,0.005,4,2,aic,ude_sir_h2,ude_sir_h2,1,81.43007202145438,8.461344027923818e-17
10,0.005,4,2,aicc,ude_sir_h2,ude_sir_h2,1,88.80150059288295,2.314139113863756e-18
10,0.005,4,2,bic,ude_sir_h2,ude_sir_h2,1,86.4967103837962,7.135880752203819e-18
10,0.005,4,2,gic_pred,ude_sir_h2,ude_sir_h2,1,74.92296646969308,2.0149743211278633e-15
10,0.005,4,2,gic_evid,ude_sir_h2,ude_sir_h2,1,167.21279845875603,4.0967709432425785e-35
10,0.005,4,2,gic_eff_logn,ude_sir_h2,ude_sir_h2,1,74.49474639597463,2.4818012849006512e-15
10,0.005,4,3,aic,ude_sir_h2,ude_sir_h2,1,55.43687546728444,2.6314651506562645e-11
10,0.005,4,3,aicc,ude_sir_h2,ude_sir_h2,1,62.808304038713004,7.445380821402175e-13
10,0.005,4,3,bic,ude_sir_h2,ude_sir_h2,1,60.50351382962626,2.2736252012816505e-12
10,0.005,4,3,gic_pred,ude_sir_h2,ude_sir_h2,1,52.29149732000104,1.1988027574638147e-10
10,0.005,4,3,gic_evid,ude_sir_h2,ude_sir_h2,1,152.22713009620844,8.017031536107084e-32
10,0.005,4,3,gic_eff_logn,ude_sir_h2,ude_sir_h2,1,54.70205341815986,3.7511920227763275e-11
10,0.005,4,4,aic,ude_sir_h2,ude_sir_h2,1,81.82968709028287,6.962899314837248e-17
10,0.005,4,4,aicc,ude_sir_h2,ude_sir_h2,1,89.20111566171144,1.903549325202316e-18
10,0.005,4,4,bic,ude_sir_h2,ude_sir_h2,1,86.8963254526247,5.870486524457642e-18
10,0.005,4,4,gic_pred,ude_sir_h2,ude_sir_h2,1,75.91871967585459,1.2410188139984725e-15
10,0.005,4,4,gic_evid,ude_sir_h2,ude_sir_h2,1,168.6971144501889,1.9677263424599442e-35
10,0.005,4,4,gic_eff_logn,ude_sir_h2,ude_sir_h2,1,75.99390232811399,1.1964168778089858e-15
10,0.005,4,5,aic,ude_sir_h2,ude_sir_h2,1,119.2966012091797,7.724059076603995e-25
10,0.005,4,5,aicc,ude_sir_h2,ude_sir_h2,1,117.53824973389428,1.7819196187991837e-24
10,0.005,4,5,bic,ude_sir_h2,ude_sir_h2,1,114.00180784081104,1.0077667398815745e-23
10,0.005,4,5,gic_pred,ude_sir_h2,ude_sir_h2,1,112.40861331605862,2.190663115012958e-23
10,0.005,4,5,gic_evid,ude_sir_h2,ude_sir_h2,1,110.53020589872872,5.509621067883946e-23
10,0.005,4,5,gic_eff_logn,ude_sir_h2,ude_sir_h2,1,111.6587610619616,3.168908804799298e-23
10,0.005,4,6,aic,ude_sir_h2,ude_sir_h2,1,71.56110032217276,1.0558021255561461e-14
10,0.005,4,6,aicc,ude_sir_h2,ude_sir_h2,1,78.93252889360133,2.8592040544318575e-16
10,0.005,4,6,bic,ude_sir_h2,ude_sir_h2,1,76.62773868451458,8.787270148060892e-16
10,0.005,4,6,gic_pred,ude_sir_h2,ude_sir_h2,1,67.27157917391344,8.54206534483383e-14
10,0.005,4,6,gic_evid,ude_sir_h2,ude_sir_h2,1,179.63987925411908,8.811886320185823e-38
10,0.005,4,6,gic_eff_logn,ude_sir_h2,ude_sir_h2,1,68.71597546861406,4.2276656046883045e-14
10,0.005,4,7,aic,ude_sir_h2,ude_sir_h2,1,108.99668540800752,1.169644239917818e-22
10,0.005,4,7,aicc,ude_sir_h2,ude_sir_h2,1,116.36811397943609,3.1317657009661423e-24
10,0.005,4,7,bic,ude_sir_h2,ude_sir_h2,1,114.06332377034934,9.718075097839521e-24
10,0.005,4,7,gic_pred,ude_sir_h2,ude_sir_h2,1,101.90955839513231,3.7827312903672e-21
10,0.005,4,7,gic_evid,ude_sir_h2,ude_sir_h2,1,137.76613533340415,8.367125742997476e-29
10,0.005,4,7,gic_eff_logn,ude_sir_h2,ude_sir_h2,1,100.99154515710364,5.932252539586647e-21
10,0.005,4,8,aic,ude_sir_h2,ude_sir_h2,1,98.92486230770956,1.633106649589233e-20
10,0.005,4,8,aicc,ude_sir_h2,ude_sir_h2,1,106.29629087913813,4.40090330976115e-22
10,0.005,4,8,bic,ude_sir_h2,ude_sir_h2,1,103.99150067005138,1.3630142516710088e-21
10,0.005,4,8,gic_pred,ude_sir_h2,ude_sir_h2,1,93.41490504367957,2.4243609888176076e-19
10,0.005,4,8,gic_evid,ude_sir_h2,ude_sir_h2,1,207.92604327943994,7.350517866174796e-44
10,0.005,4,8,gic_eff_logn,ude_sir_h2,ude_sir_h2,1,93.82871659788839,1.979971090100431e-19
10,0.005,4,9,aic,ude_sir_h2,ude_sir_h2,1,97.23777105281562,3.731567475041007e-20
10,0.005,4,9,aicc,ude_sir_h2,ude_sir_h2,1,104.60919962424418,1.0067944397401153e-21
10,0.005,4,9,bic,ude_sir_h2,ude_sir_h2,1,102.30440941515744,3.1170525046266367e-21
10,0.005,4,9,gic_pred,ude_sir_h2,ude_sir_h2,1,93.70028614178975,2.10839661070892e-19
10,0.005,4,9,gic_evid,ude_sir_h2,ude_sir_h2,1,135.62609154797866,2.4014949081704234e-28
10,0.005,4,9,gic_eff_logn,ude_sir_h2,ude_sir_h2,1,95.77973171139666,7.619722238865489e-20
10,0.005,4,10,aic,ude_sir_h2,ude_sir_h2,1,109.46852870102396,9.341596035719936e-23
10,0.005,4,10,aicc,ude_sir_h2,ude_sir_h2,1,111.33673227047157,3.956401676491986e-23
10,0.005,4,10,bic,ude_sir_h2,ude_sir_h2,1,107.80029037738834,2.1811164858524065e-22
10,0.005,4,10,gic_pred,ude_sir_h2,ude_sir_h2,1,102.71592987020372,2.5476018734380285e-21
10,0.005,4,10,gic_evid,ude_sir_h2,ude_sir_h2,1,104.82437975413214,9.059567343347545e-22
10,0.005,4,10,gic_eff_logn,ude_sir_h2,ude_sir_h2,1,102.08040551892248,3.479447997739861e-21
10,0.005,4,11,aic,ude_sir_h2,ude_sir_h2,1,89.70732354468313,1.486278183384955e-18
10,0.005,4,11,aicc,ude_sir_h2,ude_sir_h2,1,97.0787521161117,4.033768892015948e-20
10,0.005,4,11,bic,ude_sir_h2,ude_sir_h2,1,94.77396190702495,1.2466791560385272e-19
10,0.005,4,11,gic_pred,ude_sir_h2,ude_sir_h2,1,82.35003258401946,5.4019605939554056e-17
10,0.005,4,11,gic_evid,ude_sir_h2,ude_sir_h2,1,149.24469091141424,2.9160571899085527e-31
10,0.005,4,11,gic_eff_logn,ude_sir_h2,ude_sir_h2,1,81.20388217565969,9.448172802512464e-17
10,0.005,4,12,aic,ude_sir_h2,ude_sir_h2,1,91.67622662253527,5.675278256353192e-19
10,0.005,4,12,aicc,ude_sir_h2,ude_sir_h2,1,99.04765519396383,1.5385123705998067e-20
10,0.005,4,12,bic,ude_sir_h2,ude_sir_h2,1,96.74286498487709,4.7591759225936803e-20
10,0.005,4,12,gic_pred,ude_sir_h2,ude_sir_h2,1,86.3897823098117,7.518470660297689e-18
10,0.005,4,12,gic_evid,ude_sir_h2,ude_sir_h2,1,107.4251195442169,2.5293418629476997e-22
10,0.005,4,12,gic_eff_logn,ude_sir_h2,ude_sir_h2,1,86.9923370796154,5.601508911782747e-18
10,0.005,4,13,aic,ude_sir_h2,ude_sir_h2,1,26.17021121736377,2.9239509106183218e-05
10,0.005,4,13,aicc,ude_sir_h2,ude_sir_h2,1,33.54163978879234,9.251942100270036e-07
10,0.005,4,13,bic,ude_sir_h2,ude_sir_h2,1,31.23684957970559,2.739012941621602e-06
10,0.005,4,13,gic_pred,ude_sir_h2,ude_sir_h2,1,23.613203758812176,9.547479865819822e-05
10,0.005,4,13,gic_evid,ude_sir_h2,ude_sir_h2,1,127.36269838346342,1.5076852328080906e-26
10,0.005,4,13,gic_eff_logn,ude_sir_h2,ude_sir_h2,1,26.52060344077205,2.484575044432933e-05
10,0.005,4,14,aic,ude_sir_h2,ude_sir_h2,1,112.05463209835312,2.6065539117008886e-23
10,0.005,4,14,aicc,ude_sir_h2,ude_sir_h2,1,119.42606066978169,7.713979508125339e-25
10,0.005,4,14,bic,ude_sir_h2,ude_sir_h2,1,117.12127046069494,2.5883643937584167e-24
10,0.005,4,14,gic_pred,ude_sir_h2,ude_sir_h2,1,104.80741831169547,9.135247809873673e-22
10,0.005,4,14,gic_evid,ude_sir_h2,ude_sir_h2,1,117.99938939878794,1.4047787284971046e-24
10,0.005,4,14,gic_eff_logn,ude_sir_h2,ude_sir_h2,1,103.75422144210856,1.531204332752099e-21
10,0.005,4,15,aic,ude_sir_h2,ude_sir_h2,1,52.25393856072367,1.22068312496776e-10
10,0.005,4,15,aicc,ude_sir_h2,ude_sir_h2,1,59.625367132152235,3.477272124558307e-12
10,0.005,4,15,bic,ude_sir_h2,ude_sir_h2,1,57.32057692306549,1.0596691472711503e-11
10,0.005,4,15,gic_pred,ude_sir_h2,ude_sir_h2,1,48.45734235998606,7.577330055334134e-10
10,0.005,4,15,gic_evid,ude_sir_h2,ude_sir_h2,1,97.32262749746741,3.5796765482269475e-20
10,0.005,4,15,gic_eff_logn,ude_sir_h2,ude_sir_h2,1,50.31798406283147,3.0989151522901563e-10
10,0.005,4,16,aic,ude_sir_h2,ude_sir_h2,1,57.06141345211307,1.2010152849718731e-11
10,0.005,4,16,aicc,ude_sir_h2,ude_sir_h2,1,64.43284202354164,3.3881092038888443e-13
10,0.005,4,16,bic,ude_sir_h2,ude_sir_h2,1,62.12805181445489,1.035246747200606e-12
10,0.005,4,16,gic_pred,ude_sir_h2,ude_sir_h2,1,54.36582898782859,4.411606971101764e-11
10,0.005,4,16,gic_evid,ude_sir_h2,ude_sir_h2,1,101.26887380868965,5.178326655334343e-21
10,0.005,4,16,gic_eff_logn,ude_sir_h2,ude_sir_h2,1,57.15620874089103,1.1472521136452045e-11
10,0.005,4,17,aic,ude_sir_h2,ude_sir_h2,1,74.04630068167978,3.086906497493063e-15
10,0.005,4,17,aicc,ude_sir_h2,ude_sir_h2,1,81.41772925310835,8.512433225608102e-17
10,0.005,4,17,bic,ude_sir_h2,ude_sir_h2,1,79.1129390440216,2.61855129770132e-16
10,0.005,4,17,gic_pred,ude_sir_h2,ude_sir_h2,1,69.51510903415712,2.8815872682050996e-14
10,0.005,4,17,gic_evid,ude_sir_h2,ude_sir_h2,1,133.60789287841948,6.48958329785416e-28
10,0.005,4,17,gic_eff_logn,ude_sir_h2,ude_sir_h2,1,70.75542915842203,1.5733246540003508e-14
10,0.005,4,18,aic,ude_sir_h2,ude_sir_h2,1,66.74560742583171,1.1020337806208311e-13
10,0.005,4,18,aicc,ude_sir_h2,ude_sir_h2,1,74.11703599726027,2.9824843481968355e-15
10,0.005,4,18,bic,ude_sir_h2,ude_sir_h2,1,71.81224578817353,9.370283002808632e-15
10,0.005,4,18,gic_pred,ude_sir_h2,ude_sir_h2,1,64.29187660416329,3.6270177534367555e-13
10,0.005,4,18,gic_evid,ude_sir_h2,ude_sir_h2,1,122.87919562964207,1.2751758018167819e-25
10,0.005,4,18,gic_eff_logn,ude_sir_h2,ude_sir_h2,1,67.28648718118416,8.48226855996777e-14
10,0.005,4,19,aic,ude_sir_h2,ude_sir_h2,1,96.26926209019919,5.995880877085862e-20
10,0.005,4,19,aicc,ude_sir_h2,ude_sir_h2,1,103.64069066162776,1.6188636641206661e-21
10,0.005,4,19,bic,ude_sir_h2,ude_sir_h2,1,101.33590045254101,5.010973922310741e-21
10,0.005,4,19,gic_pred,ude_sir_h2,ude_sir_h2,1,90.2482272845111,1.1409198303837963e-18
10,0.005,4,19,gic_evid,ude_sir_h2,ude_sir_h2,1,154.93670227632532,1.7581134279302763e-32
10,0.005,4,19,gic_eff_logn,ude_sir_h2,ude_sir_h2,1,90.23046465893714,1.1508712676589007e-18
10,0.015,1,0,aic,ude_sir_h2,tv_sir,0,13.602147403259416,0.009112429238310474
10,0.015,1,0,aicc,ude_sir_h2,tv_sir,0,44.05843282163003,6.2389575410983994e-09
10,0.015,1,0,bic,ude_sir_h2,tv_sir,0,15.720243054217732,0.0035279859871116363
10,0.015,1,0,gic_pred,ude_sir_h2,ude_sir_h2,1,0.3314856852100121,1.0061246326489297
10,0.015,1,0,gic_evid,ude_sir_h2,tv_sir,0,2.414877376063181,0.5394651630554571
10,0.015,1,0,gic_eff_logn,ude_sir_h2,ude_sir_h2,1,0.3214448661614142,0.9893538985963272
10,0.015,1,1,aic,ude_sir_h2,tv_sir,0,14.070826729941729,0.007412324826613241
10,0.015,1,1,aicc,ude_sir_h2,tv_sir,0,18.826166794460164,0.000850149715715401
10,0.015,1,1,bic,ude_sir_h2,tv_sir,0,16.188922380900046,0.0029125394924979986
10,0.015,1,1,gic_pred,ude_sir_h2,ude_sir_h2,1,0.3954624824490409,0.973888255880292
10,0.015,1,1,gic_evid,ude_sir_h2,tv_sir,0,0.900644754710946,0.6685583739987104
10,0.015,1,1,gic_eff_logn,ude_sir_h2,ude_sir_h2,1,0.46600856479573594,0.956593729261257
10,0.015,1,2,aic,ude_sir_h2,tv_sir,0,13.95438740929022,0.007803053897210635
10,0.015,1,2,aicc,ude_sir_h2,tv_sir,0,24.581161627649323,6.106756639638184e-05
10,0.015,1,2,bic,ude_sir_h2,tv_sir,0,16.072483060248537,0.0030178813392278364
10,0.015,1,2,gic_pred,ude_sir_h2,tv_sir,0,0.05467719452666131,1.0070245519838426
10,0.015,1,2,gic_evid,ude_sir_h2,tv_sir,0,1.9674157318483267,0.5854020817751145
10,0.015,1,2,gic_eff_logn,ude_sir_h2,tv_sir,0,0.0698502915227337,0.9922130476361337
10,0.015,1,3,aic,ude_sir_h2,tv_sir,0,17.524745303971486,0.002517194489493296
10,0.015,1,3,aicc,ude_sir_h2,tv_sir,0,20.33997420078054,0.0004278263240268851
10,0.015,1,3,bic,ude_sir_h2,tv_sir,0,19.642840954929802,0.0008627957058080396
10,0.015,1,3,gic_pred,ude_sir_h2,neural_ode_h2,0,0.14571786832330957,0.9695830640491971
10,0.015,1,3,gic_evid,ude_sir_h2,tv_sir,0,2.851821037846637,0.4918177631946223
10,0.015,1,3,gic_eff_logn,ude_sir_h2,tv_sir,0,0.05266515129610383,0.9863349012266314
10,0.015,1,4,aic,ude_sir_h2,tv_sir,0,14.393992926968913,0.006203854631183884
10,0.015,1,4,aicc,ude_sir_h2,tv_sir,0,32.4628720133996,1.5385029835549162e-06
10,0.015,1,4,bic,ude_sir_h2,tv_sir,0,16.51208857792723,0.00242034934360048
10,0.015,1,4,gic_pred,ude_sir_h2,tv_sir,0,0.6268520665013995,0.7984239915862494
10,0.015,1,4,gic_evid,ude_sir_h2,tv_sir,0,2.6783598228866907,0.5108200243393385
10,0.015,1,4,gic_eff_logn,ude_sir_h2,tv_sir,0,0.6620819186963729,0.7885658222992162
10,0.015,1,5,aic,ude_sir_h2,tv_sir,0,14.050288379560087,0.00909051823379483
10,0.015,1,5,aicc,ude_sir_h2,tv_sir,0,28.898569356039765,8.197162597069894e-06
10,0.015,1,5,bic,ude_sir_h2,tv_sir,0,16.168384030518403,0.0033022149430519247
10,0.015,1,5,gic_pred,ude_sir_h2,neural_ode_h2,0,1.4585648857395341,1.0204799158977091
10,0.015,1,5,gic_evid,ude_sir_h2,tv_sir,0,1.3912619660329213,0.6361591782156472
10,0.015,1,5,gic_eff_logn,ude_sir_h2,neural_ode_h2,0,1.2124996065926368,1.0406287767761444
10,0.015,1,6,aic,ude_sir_h2,tv_sir,0,14.52174735510279,0.005900287152493279
10,0.015,1,6,aicc,ude_sir_h2,tv_sir,0,24.584511588319245,6.0973048810267596e-05
10,0.015,1,6,bic,ude_sir_h2,tv_sir,0,16.639843006061106,0.0022983422741659444
10,0.015,1,6,gic_pred,ude_sir_h2,tv_sir,0,0.5411267708860876,0.8211176941615526
10,0.015,1,6,gic_evid,ude_sir_h2,tv_sir,0,1.9873646227733275,0.5834514827336976
10,0.015,1,6,gic_eff_logn,ude_sir_h2,tv_sir,0,0.5440587320495638,0.8091785642137996
10,0.015,1,7,aic,ude_sir_h2,tv_sir,0,13.035351702122298,0.012003944922902236
10,0.015,1,7,aicc,ude_sir_h2,tv_sir,0,21.979338232000742,0.00020232405460089174
10,0.015,1,7,bic,ude_sir_h2,tv_sir,0,15.153447353080615,0.004634392611100107
10,0.015,1,7,gic_pred,ude_sir_h2,ude_sir_h2,1,1.1864875170083309,1.0555005222984262
10,0.015,1,7,gic_evid,ude_sir_h2,tv_sir,0,0.6497794743892342,0.6801599228827778
10,0.015,1,7,gic_eff_logn,ude_sir_h2,ude_sir_h2,1,1.2285388518560865,1.0446311663296375
10,0.015,1,8,aic,ude_sir_h2,tv_sir,0,13.179483674702965,0.012374005112082307
10,0.015,1,8,aicc,ude_sir_h2,tv_sir,0,17.742350587119134,0.0013855063266001715
10,0.015,1,8,bic,ude_sir_h2,tv_sir,0,15.297579325661282,0.004704456905078039
10,0.015,1,8,gic_pred,ude_sir_h2,neural_ode_h2,0,0.37747825663438306,1.0467489504836236
10,0.015,1,8,gic_evid,ude_sir_h2,tv_sir,0,0.15918155251406318,0.692560278540213
10,0.015,1,8,gic_eff_logn,ude_sir_h2,neural_ode_h2,0,0.11385530465668126,1.0540610588570396
10,0.015,1,9,aic,ude_sir_h2,tv_sir,0,14.489466957636054,0.005983692693277143
10,0.015,1,9,aicc,ude_sir_h2,tv_sir,0,66.95355468867407,9.970633306121295e-14
10,0.015,1,9,bic,ude_sir_h2,tv_sir,0,16.60756260859437,0.0023279158893520684
10,0.015,1,9,gic_pred,ude_sir_h2,tv_sir,0,0.6609771139710787,0.835140538996086
10,0.015,1,9,gic_evid,ude_sir_h2,tv_sir,0,4.399785517425414,0.32455581665585653
10,0.015,1,9,gic_eff_logn,ude_sir_h2,tv_sir,0,0.6869253222731047,0.8232468736617164
10,0.015,1,10,aic,ude_sir_h2,tv_sir,0,12.662104810239619,0.014816983979564609
10,0.015,1,10,aicc,ude_sir_h2,tv_sir,0,33.80870712619099,8.156261728463286e-07
10,0.015,1,10,bic,ude_sir_h2,tv_sir,0,14.780200461197936,0.0056335215382898145
10,0.015,1,10,gic_pred,ude_sir_h2,neural_ode_h2,0,0.039727313787771834,1.0695314826111701
10,0.015,1,10,gic_evid,ude_sir_h2,tv_sir,0,1.363251778496867,0.6382815304017488
10,0.015,1,10,gic_eff_logn,ude_sir_h2,ude_sir_h2,1,0.1804577358998074,1.075478745635737
10,0.015,1,11,aic,ude_sir_h2,tv_sir,0,12.971038296218566,0.013101463078532312
10,0.015,1,11,aicc,ude_sir_h2,tv_sir,0,19.76126530368225,0.0005565814327212727
10,0.015,1,11,bic,ude_sir_h2,tv_sir,0,15.08913394717689,0.004984443267092338
10,0.015,1,11,gic_pred,ude_sir_h2,ude_sir_h2,1,0.004520882806396287,1.0558178780102128
10,0.015,1,11,gic_evid,ude_sir_h2,tv_sir,0,0.28631364246939484,0.6906826212958668
10,0.015,1,11,gic_eff_logn,ude_sir_h2,ude_sir_h2,1,0.2546457307985648,1.057960928166812
10,0.015,1,12,aic,ude_sir_h2,tv_sir,0,14.595724428575856,0.0066554214114104455
10,0.015,1,12,aicc,ude_sir_h2,tv_sir,0,31.451063887340688,2.476669914598716e-06
10,0.015,1,12,bic,ude_sir_h2,tv_sir,0,16.71382007953418,0.002460045753605907
10,0.015,1,12,gic_pred,ude_sir_h2,tv_sir,0,0.1273812122079292,1.0807451063710916
10,0.015,1,12,gic_evid,ude_sir_h2,tv_sir,0,2.8806211070031047,0.4883890216519518
10,0.015,1,12,gic_eff_logn,ude_sir_h2,tv_sir,0,0.392621664437641,1.080477006747872
10,0.015,1,13,aic,ude_sir_h2,tv_sir,0,13.371650633916282,0.010861442501797798
10,0.015,1,13,aicc,ude_sir_h2,tv_sir,0,37.0840159619838,1.7309217405140132e-07
10,0.015,1,13,bic,ude_sir_h2,tv_sir,0,15.489746284874599,0.004109092471007838
10,0.015,1,13,gic_pred,ude_sir_h2,neural_ode_h2,0,0.0814836009853579,1.0942402844571195
10,0.015,1,13,gic_evid,ude_sir_h2,tv_sir,0,2.4944648767314064,0.5309069246473344
10,0.015,1,13,gic_eff_logn,ude_sir_h2,ude_sir_h2,1,0.12594077805484005,1.0965072482606517
10,0.015,1,14,aic,ude_sir_h2,tv_sir,0,13.852265289902306,0.009729497400658094
10,0.015,1,14,aicc,ude_sir_h2,tv_sir,0,31.439259515486505,2.490451749242606e-06
10,0.015,1,14,bic,ude_sir_h2,tv_sir,0,15.970360940860623,0.003558240847623707
10,0.015,1,14,gic_pred,ude_sir_h2,neural_ode_h2,0,1.2717587228227458,1.0434673063845221
10,0.015,1,14,gic_evid,ude_sir_h2,tv_sir,0,2.4149026823568107,0.5394651068654068
10,0.015,1,14,gic_eff_logn,ude_sir_h2,neural_ode_h2,0,1.0058605106009253,1.0618262799463163
10,0.015,1,15,aic,ude_sir_h2,tv_sir,0,13.156613275452237,0.01104582910771212
10,0.015,1,15,aicc,ude_sir_h2,tv_sir,0,22.13728642521211,0.00018819205616307577
10,0.015,1,15,bic,ude_sir_h2,tv_sir,0,15.274708926410561,0.004304768314737566
10,0.015,1,15,gic_pred,ude_sir_h2,ude_sir_h2,1,1.1185842348547865,0.9939645674962148
10,0.015,1,15,gic_evid,ude_sir_h2,tv_sir,0,0.3964340404231024,0.6882874843749283
10,0.015,1,15,gic_eff_logn,ude_sir_h2,ude_sir_h2,1,1.1602195669787747,0.9763959170302223
10,0.015,1,16,aic,ude_sir_h2,tv_sir,0,13.334956541975757,0.009904156597044389
10,0.015,1,16,aicc,ude_sir_h2,tv_sir,0,41.0685912133904,2.6013536557947622e-08
10,0.015,1,16,bic,ude_sir_h2,tv_sir,0,15.453052192934074,0.0038876567569219064
10,0.015,1,16,gic_pred,ude_sir_h2,ude_sir_h2,1,0.37252683151128707,0.8525868275485937
10,0.015,1,16,gic_evid,ude_sir_h2,tv_sir,0,2.446634318639262,0.5360587725191899
10,0.015,1,16,gic_eff_logn,ude_sir_h2,ude_sir_h2,1,0.32827124619342385,0.8398129462337504
10,0.015,1,17,aic,ude_sir_h2,tv_sir,0,13.984823381750545,0.007421960386304727
10,0.015,1,17,aicc,ude_sir_h2,tv_sir,0,36.05523747239818,2.818961181057521e-07
10,0.015,1,17,bic,ude_sir_h2,tv_sir,0,16.10291903270886,0.002904113264740555
10,0.015,1,17,gic_pred,ude_sir_h2,tv_sir,0,0.2018516409004576,0.8147921579365764
10,0.015,1,17,gic_evid,ude_sir_h2,tv_sir,0,2.4002352734069063,0.5410278554476095
10,0.015,1,17,gic_eff_logn,ude_sir_h2,tv_sir,0,0.2346863988890675,0.8050423842704555
10,0.015,1,18,aic,ude_sir_h2,tv_sir,0,12.925476837551471,0.016290707327535174
10,0.015,1,18,aicc,ude_sir_h2,tv_sir,0,18.44008135500922,0.0010120429205989182
10,0.015,1,18,bic,ude_sir_h2,tv_sir,0,15.043572488509788,0.005881867065061595
10,0.015,1,18,gic_pred,ude_sir_h2,neural_ode_h2,0,2.3334563718882677,0.8600556680176019
10,0.015,1,18,gic_evid,ude_sir_h2,tv_sir,0,0.4837985867566559,0.6860095954481786
10,0.015,1,18,gic_eff_logn,ude_sir_h2,neural_ode_h2,0,2.0985728869138285,0.8956895101753758
10,0.015,1,19,aic,ude_sir_h2,tv_sir,0,12.594396055262507,0.021087546153803968
10,0.015,1,19,aicc,ude_sir_h2,tv_sir,0,29.76809390592785,5.456341670921483e-06
10,0.015,1,19,bic,ude_sir_h2,tv_sir,0,14.712491706220824,0.007351358258664238
10,0.015,1,19,gic_pred,ude_sir_h2,neural_ode_h2,0,2.999927354673204,0.6973520798880433
10,0.015,1,19,gic_evid,ude_sir_h2,tv_sir,0,0.9507561139226155,0.6657463811993987
10,0.015,1,19,gic_eff_logn,ude_sir_h2,neural_ode_h2,0,2.739772893019712,0.7352741010289499
10,0.015,2,0,aic,ude_sir_h2,tv_sir,0,14.20882104281624,0.006656484158779294
10,0.015,2,0,aicc,ude_sir_h2,tv_sir,0,44.54215437614957,4.950061019616517e-09
10,0.015,2,0,bic,ude_sir_h2,tv_sir,0,21.17894695769418,0.0002918486256651315
10,0.015,2,0,gic_pred,ude_sir_h2,tv_sir,0,3.324438734073766,0.44221957625842867
10,0.015,2,0,gic_evid,ude_sir_h2,tv_sir,0,16.04789216369437,0.0029546541080710887
10,0.015,2,0,gic_eff_logn,ude_sir_h2,tv_sir,0,4.875599277694192,0.28088718232124266
10,0.015,2,1,aic,ude_sir_h2,tv_sir,0,14.3807933562762,0.006169473925830071
10,0.015,2,1,aicc,ude_sir_h2,tv_sir,0,44.71412668960953,4.558993780863734e-09
10,0.015,2,1,bic,ude_sir_h2,tv_sir,0,21.35091927115414,0.00026975604289114773
10,0.015,2,1,gic_pred,ude_sir_h2,tv_sir,0,1.2281746857239,0.6481426248276815
10,0.015,2,1,gic_evid,ude_sir_h2,tv_sir,0,15.846616751624111,0.0032309358474011227
10,0.015,2,1,gic_eff_logn,ude_sir_h2,tv_sir,0,1.6500571545929859,0.614792240667617
10,0.015,2,2,aic,ude_sir_h2,tv_sir,0,16.10924711827819,0.002886959353890816
10,0.015,2,2,aicc,ude_sir_h2,tv_sir,0,46.44258045161152,1.992136369493444e-09
10,0.015,2,2,bic,ude_sir_h2,tv_sir,0,23.07937303315613,0.00012219262700560133
10,0.015,2,2,gic_pred,ude_sir_h2,tv_sir,0,2.962585645534787,0.48934802165458247
10,0.015,2,2,gic_evid,ude_sir_h2,tv_sir,0,16.33838252426377,0.0025964505583433183
10,0.015,2,2,gic_eff_logn,ude_sir_h2,tv_sir,0,3.3874340014630064,0.43568350258536775
10,0.015,2,3,aic,ude_sir_h2,tv_sir,0,13.85206548642708,0.007776048608779375
10,0.015,2,3,aicc,ude_sir_h2,tv_sir,0,44.18539881976041,5.871340287154386e-09
10,0.015,2,3,bic,ude_sir_h2,tv_sir,0,20.82219140130502,0.00034343254520993814
10,0.015,2,3,gic_pred,ude_sir_h2,tv_sir,0,2.067131230767714,0.5762079064816386
10,0.015,2,3,gic_evid,ude_sir_h2,tv_sir,0,15.857991095002305,0.0032146668250505744
10,0.015,2,3,gic_eff_logn,ude_sir_h2,tv_sir,0,3.1699374556096416,0.45629913721500004
10,0.015,2,4,aic,ude_sir_h2,tv_sir,0,16.84337291015585,0.002072835359143544
10,0.015,2,4,aicc,ude_sir_h2,tv_sir,0,47.17670624348918,1.4017909038964126e-09
10,0.015,2,4,bic,ude_sir_h2,tv_sir,0,23.81349882503379,8.70527105663739e-05
10,0.015,2,4,gic_pred,ude_sir_h2,tv_sir,0,5.9379566848433,0.19521645858858497
10,0.015,2,4,gic_evid,ude_sir_h2,tv_sir,0,16.238381171057668,0.002714653560204835
10,0.015,2,4,gic_eff_logn,ude_sir_h2,tv_sir,0,7.478645153679722,0.11035133632253606
10,0.015,2,5,aic,ude_sir_h2,tv_sir,0,11.522028543144415,0.021232180798809615
10,0.015,2,5,aicc,ude_sir_h2,tv_sir,0,41.855361876477744,1.7873777736981193e-08
10,0.015,2,5,bic,ude_sir_h2,tv_sir,0,18.492154458022355,0.0009886476035951073
10,0.015,2,5,gic_pred,ude_sir_h2,tv_sir,0,0.7109480995605679,0.6897913981229339
10,0.015,2,5,gic_evid,ude_sir_h2,tv_sir,0,15.415112007745037,0.003911679864178249
10,0.015,2,5,gic_eff_logn,ude_sir_h2,tv_sir,0,2.2986031596060883,0.559524040808457
10,0.015,2,6,aic,ude_sir_h2,tv_sir,0,11.530749848623543,0.021149389343479763
10,0.015,2,6,aicc,ude_sir_h2,tv_sir,0,41.86408318195687,1.7800032862027708e-08
10,0.015,2,6,bic,ude_sir_h2,tv_sir,0,18.500875763501483,0.0009847251144821743
10,0.015,2,6,gic_pred,ude_sir_h2,tv_sir,0,0.5281565246083062,0.6879159334357665
10,0.015,2,6,gic_evid,ude_sir_h2,tv_sir,0,10.826860030498608,0.028463424531121127
10,0.015,2,6,gic_eff_logn,ude_sir_h2,tv_sir,0,2.0204638067304046,0.5816178516578837
10,0.015,2,7,aic,ude_sir_h2,tv_sir,0,11.895020956338826,0.018106473107423977
10,0.015,2,7,aicc,ude_sir_h2,tv_sir,0,42.228354289672154,1.4958917346483266e-08
10,0.015,2,7,bic,ude_sir_h2,tv_sir,0,18.865146871216766,0.0008353124590070427
10,0.015,2,7,gic_pred,ude_sir_h2,tv_sir,0,1.0441773722235723,0.6611201968570464
10,0.015,2,7,gic_evid,ude_sir_h2,tv_sir,0,14.517423354258923,0.0058104095029142535
10,0.015,2,7,gic_eff_logn,ude_sir_h2,tv_sir,0,2.612035711106614,0.5185249049777793
10,0.015,2,8,aic,ude_sir_h2,tv_sir,0,14.222819514314367,0.007102494853980639
10,0.015,2,8,aicc,ude_sir_h2,tv_sir,0,44.556152847647695,4.917013936680324e-09
10,0.015,2,8,bic,ude_sir_h2,tv_sir,0,21.192945429192307,0.0002948625335717227
10,0.015,2,8,gic_pred,ude_sir_h2,tv_sir,0,3.2236794742927373,0.6538768685522629
10,0.015,2,8,gic_evid,ude_sir_h2,tv_sir,0,17.926785782182293,0.0012752707053328015
10,0.015,2,8,gic_eff_logn,ude_sir_h2,tv_sir,0,4.717706029575922,0.3866242085771312
10,0.015,2,9,aic,ude_sir_h2,tv_sir,0,0.41341201702525154,1.0909721610468985
10,0.015,2,9,aicc,ude_sir_h2,tv_sir,0,30.91188904008375,3.1907392534012236e-06
10,0.015,2,9,bic,ude_sir_h2,tv_sir,0,7.548681621628361,0.14059633287653361
10,0.015,2,9,gic_pred,ude_sir_h2,neural_ode_h2,0,3.945563137282562,0.3756049432885479
10,0.015,2,9,gic_evid,ude_sir_h2,tv_sir,0,6.6670330878358826,0.14984942554625674
10,0.015,2,9,gic_eff_logn,ude_sir_h2,neural_ode_h2,0,2.8405091423726105,0.5046738377911193
10,0.015,2,10,aic,ude_sir_h2,tv_sir,0,1.9424855343750664,0.6327164003065998
10,0.015,2,10,aicc,ude_sir_h2,tv_sir,0,32.275818867708395,1.680168296103982e-06
10,0.015,2,10,bic,ude_sir_h2,tv_sir,0,8.912611449253006,0.06351424280308415
10,0.015,2,10,gic_pred,ude_sir_h2,ude_sir_h2,1,2.4570038484683607,0.5870955020547501
10,0.015,2,10,gic_evid,ude_sir_h2,tv_sir,0,6.92202533628577,0.1362757119084525
10,0.015,2,10,gic_eff_logn,ude_sir_h2,ude_sir_h2,1,3.2409845262236843,0.557087111639184
10,0.015,2,11,aic,ude_sir_h2,tv_sir,0,12.50833769421979,0.013973898894350406
10,0.015,2,11,aicc,ude_sir_h2,tv_sir,0,42.84167102755312,1.1161005456923549e-08
10,0.015,2,11,bic,ude_sir_h2,tv_sir,0,19.47846360909773,0.0006332856540561537
10,0.015,2,11,gic_pred,ude_sir_h2,tv_sir,0,1.3725574561916005,0.6625198465785153
10,0.015,2,11,gic_evid,ude_sir_h2,tv_sir,0,11.038249580645072,0.02604110709205813
10,0.015,2,11,gic_eff_logn,ude_sir_h2,tv_sir,0,2.798555483964847,0.5075522086635924
10,0.015,2,12,aic,ude_sir_h2,tv_sir,0,13.52014640186799,0.00904385702899992
10,0.015,2,12,aicc,ude_sir_h2,tv_sir,0,43.85347973520132,6.881453740139188e-09
10,0.015,2,12,bic,ude_sir_h2,tv_sir,0,20.49027231674593,0.00040007940878052545
10,0.015,2,12,gic_pred,ude_sir_h2,tv_sir,0,2.519802992036446,0.5657858037415323
10,0.015,2,12,gic_evid,ude_sir_h2,tv_sir,0,15.341010998386679,0.004041991395480365
10,0.015,2,12,gic_eff_logn,ude_sir_h2,tv_sir,0,4.013230430241265,0.37993904692435543
10,0.015,2,13,aic,ude_sir_h2,tv_sir,0,10.146758285009824,0.0382686773541355
10,0.015,2,13,aicc,ude_sir_h2,tv_sir,0,40.48009161834315,3.443620153794908e-08
10,0.015,2,13,bic,ude_sir_h2,tv_sir,0,17.116884199887764,0.0018387238494227895
10,0.015,2,13,gic_pred,ude_sir_h2,ude_sir_h2,1,0.2604673615475406,0.8174608245325403
10,0.015,2,13,gic_evid,ude_sir_h2,tv_sir,0,14.549044018488672,0.005730275203270219
10,0.015,2,13,gic_eff_logn,ude_sir_h2,tv_sir,0,1.5282533261124058,0.6934358752119121
10,0.015,2,14,aic,ude_sir_h2,tv_sir,0,15.081149782776137,0.004533588472553589
10,0.015,2,14,aicc,ude_sir_h2,tv_sir,0,45.414483116109466,3.2602530280700667e-09
10,0.015,2,14,bic,ude_sir_h2,tv_sir,0,22.051275697654077,0.0001957618625812469
10,0.015,2,14,gic_pred,ude_sir_h2,tv_sir,0,4.319739313786613,0.33254884950469554
10,0.015,2,14,gic_evid,ude_sir_h2,tv_sir,0,17.15136928696535,0.0018060080293452706
10,0.015,2,14,gic_eff_logn,ude_sir_h2,tv_sir,0,5.932123372197225,0.1955218145020237
10,0.015,2,15,aic,ude_sir_h2,tv_sir,0,12.997811607655237,0.011270871219717097
10,0.015,2,15,aicc,ude_sir_h2,tv_sir,0,43.331144940988565,8.833404530508673e-09
10,0.015,2,15,bic,ude_sir_h2,tv_sir,0,19.967937522533177,0.0005067096689683259
10,0.015,2,15,gic_pred,ude_sir_h2,tv_sir,0,0.5077970631125197,0.6852730965080688
10,0.015,2,15,gic_evid,ude_sir_h2,tv_sir,0,10.81655667674329,0.028586859599154833
10,0.015,2,15,gic_eff_logn,ude_sir_h2,tv_sir,0,1.2595676884104847,0.6459646577141075
10,0.015,2,16,aic,ude_sir_h2,tv_sir,0,12.017184156499269,0.017185722226859573
10,0.015,2,16,aicc,ude_sir_h2,tv_sir,0,42.3505174898326,1.4111418497631167e-08
10,0.015,2,16,bic,ude_sir_h2,tv_sir,0,18.98731007137721,0.0007904210581358336
10,0.015,2,16,gic_pred,ude_sir_h2,tv_sir,0,1.340566310749665,0.6407378557208347
10,0.015,2,16,gic_evid,ude_sir_h2,tv_sir,0,14.80815579101315,0.005113182791115086
10,0.015,2,16,gic_eff_logn,ude_sir_h2,tv_sir,0,2.9951657449199303,0.47590564539688013
10,0.015,2,17,aic,ude_sir_h2,tv_sir,0,9.424795750675628,0.05160123479664794
10,0.015,2,17,aicc,ude_sir_h2,tv_sir,0,39.75812908400896,4.8567192688143485e-08
10,0.015,2,17,bic,ude_sir_h2,tv_sir,0,16.394921665553568,0.002539073554249794
10,0.015,2,17,gic_pred,ude_sir_h2,ude_sir_h2,1,1.3000721910418491,0.7771584927695542
10,0.015,2,17,gic_evid,ude_sir_h2,tv_sir,0,12.581146023799903,0.013491225001223498
10,0.015,2,17,gic_eff_logn,ude_sir_h2,tv_sir,0,0.33050515424974947,0.762183454324308
10,0.015,2,18,aic,ude_sir_h2,tv_sir,0,11.78279066975088,0.01902430446402938
10,0.015,2,18,aicc,ude_sir_h2,tv_sir,0,42.11612400308421,1.5782188473146922e-08
10,0.015,2,18,bic,ude_sir_h2,tv_sir,0,18.75291658462882,0.0008790519633468782
10,0.015,2,18,gic_pred,ude_sir_h2,tv_sir,0,1.155099881965569,0.6752182209540767
10,0.015,2,18,gic_evid,ude_sir_h2,tv_sir,0,18.022353773042624,0.0012216038348199616
10,0.015,2,18,gic_eff_logn,ude_sir_h2,tv_sir,0,2.834058441468372,0.5047895918720554
10,0.015,2,19,aic,ude_sir_h2,tv_sir,0,13.221021834844393,0.010281058767595278
10,0.015,2,19,aicc,ude_sir_h2,tv_sir,0,43.55435516817772,7.93959776138022e-09
10,0.015,2,19,bic,ude_sir_h2,tv_sir,0,20.191147749722333,0.00045826821378728037
10,0.015,2,19,gic_pred,ude_sir_h2,tv_sir,0,2.017484985297102,0.6101881106040254
10,0.015,2,19,gic_evid,ude_sir_h2,tv_sir,0,12.729936195189211,0.012653316206813188
10,0.015,2,19,gic_eff_logn,ude_sir_h2,tv_sir,0,3.409749290652229,0.4418670091886321
10,0.015,4,0,aic,ude_sir_h2,ude_sir_h2,1,5.384635873212062,0.23641621282754932
10,0.015,4,0,aicc,ude_sir_h2,tv_sir,0,2.9010784125022155,0.4861057532736264
10,0.015,4,0,bic,ude_sir_h2,tv_sir,0,6.43752030558548,0.16303796715872876
10,0.015,4,0,gic_pred,ude_sir_h2,ude_sir_h2,1,14.574605396338455,0.00619584759113621
10,0.015,4,0,gic_evid,ude_sir_h2,tv_sir,0,0.0876006529614699,0.6929074294808644
10,0.015,4,0,gic_eff_logn,ude_sir_h2,ude_sir_h2,1,10.512824573311633,0.03263754918355442
10,0.015,4,1,aic,ude_sir_h2,ude_sir_h2,1,4.70863233639318,0.2952408850036008
10,0.015,4,1,aicc,ude_sir_h2,tv_sir,0,3.577081949321098,0.41082468389400983
10,0.015,4,1,bic,ude_sir_h2,tv_sir,0,7.113523842404362,0.12679617349596653
10,0.015,4,1,gic_pred,ude_sir_h2,ude_sir_h2,1,13.91546961894241,0.009567509351992128
10,0.015,4,1,gic_evid,ude_sir_h2,tv_sir,0,1.0524565705215707,0.659695008479299
10,0.015,4,1,gic_eff_logn,ude_sir_h2,ude_sir_h2,1,9.867932602078668,0.04323853521613605
10,0.015,4,2,aic,ude_sir_h2,ude_sir_h2,1,15.813998645665322,0.003400826972570146
10,0.015,4,2,aicc,ude_sir_h2,ude_sir_h2,1,7.528284359951044,0.10822968719032092
10,0.015,4,2,bic,ude_sir_h2,ude_sir_h2,1,3.99184246686778,0.36620095957487997
10,0.015,4,2,gic_pred,ude_sir_h2,ude_sir_h2,1,18.699850075539956,0.0009542754000543849
10,0.015,4,2,gic_evid,ude_sir_h2,ude_sir_h2,1,8.692641856193859,0.06845505523041101
10,0.015,4,2,gic_eff_logn,ude_sir_h2,ude_sir_h2,1,20.079864822304472,0.0008551094302962438
10,0.015,4,3,aic,ude_sir_h2,ude_sir_h2,1,10.404642509286816,0.03396746716122718
10,0.015,4,3,aicc,ude_sir_h2,ude_sir_h2,1,2.1189282235725386,0.5703324470417609
10,0.015,4,3,bic,ude_sir_h2,tv_sir,0,1.4175136695107255,0.6340891765618402
10,0.015,4,3,gic_pred,ude_sir_h2,ude_sir_h2,1,19.681079172844335,0.0006118482169491259
10,0.015,4,3,gic_evid,ude_sir_h2,ude_sir_h2,1,4.168679349806837,0.34782686499835924
10,0.015,4,3,gic_eff_logn,ude_sir_h2,ude_sir_h2,1,15.692314638282511,0.0034845835615486325
10,0.015,4,4,aic,ude_sir_h2,ude_sir_h2,1,12.141284326824405,0.016317077060741328
10,0.015,4,4,aicc,ude_sir_h2,ude_sir_h2,1,3.855570041110127,0.38063653960031635
10,0.015,4,4,bic,ude_sir_h2,ude_sir_h2,1,0.31912814802686285,0.6899757541181037
10,0.015,4,4,gic_pred,ude_sir_h2,ude_sir_h2,1,21.09963908114929,0.0005502931296945842
10,0.015,4,4,gic_evid,ude_sir_h2,ude_sir_h2,1,4.878247606564145,0.27934917137676907
10,0.015,4,4,gic_eff_logn,ude_sir_h2,ude_sir_h2,1,16.84227354597337,0.002264985036644474
10,0.015,4,5,aic,ude_sir_h2,tv_sir,0,2.806859956896176,0.496597827085464
10,0.015,4,5,aicc,ude_sir_h2,tv_sir,0,11.092574242610453,0.025451367238662717
10,0.015,4,5,bic,ude_sir_h2,tv_sir,0,14.629016135693718,0.005532410426200194
10,0.015,4,5,gic_pred,ude_sir_h2,ude_sir_h2,1,6.273451892624678,0.17305119284528117
10,0.015,4,5,gic_evid,ude_sir_h2,tv_sir,0,9.085713832045741,0.058426988532415715
10,0.015,4,5,gic_eff_logn,ude_sir_h2,ude_sir_h2,1,2.119071773628633,0.5703179020958156
10,0.015,4,6,aic,ude_sir_h2,ude_sir_h2,1,21.200430762857707,0.00028902187483787335
10,0.015,4,6,aicc,ude_sir_h2,ude_sir_h2,1,12.914716477143429,0.011683012310579251
10,0.015,4,6,bic,ude_sir_h2,ude_sir_h2,1,9.378274584060165,0.0518746069051198
10,0.015,4,6,gic_pred,ude_sir_h2,ude_sir_h2,1,30.22928440082876,5.093460105897246e-06
10,0.015,4,6,gic_evid,ude_sir_h2,ude_sir_h2,1,14.555008383417515,0.005715281992083102
10,0.015,4,6,gic_eff_logn,ude_sir_h2,ude_sir_h2,1,26.031450923716847,3.168842190340003e-05
10,0.015,4,7,aic,ude_sir_h2,ude_sir_h2,1,6.958155974053994,0.13444249628503324
10,0.015,4,7,aicc,ude_sir_h2,tv_sir,0,1.3275583116602832,0.6409632926816553
10,0.015,4,7,bic,ude_sir_h2,tv_sir,0,4.864000204743547,0.2806334532540801
10,0.015,4,7,gic_pred,ude_sir_h2,ude_sir_h2,1,15.864147417849352,0.0032241431416858337
10,0.015,4,7,gic_evid,ude_sir_h2,tv_sir,0,1.6902709701367655,0.6112487340816373
10,0.015,4,7,gic_eff_logn,ude_sir_h2,ude_sir_h2,1,11.562564223022036,0.020873356883336688
10,0.015,4,8,aic,ude_sir_h2,ude_sir_h2,1,36.11501719845472,2.868327201076117e-07
10,0.015,4,8,aicc,ude_sir_h2,ude_sir_h2,1,27.829302912740445,1.3507296097159239e-05
10,0.015,4,8,bic,ude_sir_h2,ude_sir_h2,1,24.29286101965718,6.977260485411334e-05
10,0.015,4,8,gic_pred,ude_sir_h2,ude_sir_h2,1,37.79469508030979,1.271395598076766e-07
10,0.015,4,8,gic_evid,ude_sir_h2,ude_sir_h2,1,26.79030975215008,2.191663407457108e-05
10,0.015,4,8,gic_eff_logn,ude_sir_h2,ude_sir_h2,1,38.8428253471935,1.0124311004975026e-07
10,0.015,4,9,aic,ude_sir_h2,ude_sir_h2,1,5.4187317884893105,0.23363380341841616
10,0.015,4,9,aicc,ude_sir_h2,tv_sir,0,2.866982497224967,0.4899073810666992
10,0.015,4,9,bic,ude_sir_h2,tv_sir,0,6.403424390308231,0.16507781008500835
10,0.015,4,9,gic_pred,ude_sir_h2,ude_sir_h2,1,14.333003322268269,0.006659432700012739
10,0.015,4,9,gic_evid,ude_sir_h2,tv_sir,0,4.124794417938261,0.35234140700641203
10,0.015,4,9,gic_eff_logn,ude_sir_h2,ude_sir_h2,1,10.038412164366747,0.03971642606438846
10,0.015,4,10,aic,ude_sir_h2,tv_sir,0,3.508039071942477,0.4184197700325253
10,0.015,4,10,aicc,ude_sir_h2,tv_sir,0,11.793753357656755,0.018904538551640745
10,0.015,4,10,bic,ude_sir_h2,tv_sir,0,15.330195250740019,0.004061364883503923
10,0.015,4,10,gic_pred,ude_sir_h2,ude_sir_h2,1,5.77196408415972,0.20682560844747097
10,0.015,4,10,gic_evid,ude_sir_h2,tv_sir,0,7.341986736990748,0.1162448689724633
10,0.015,4,10,gic_eff_logn,ude_sir_h2,ude_sir_h2,1,1.7862112375889296,0.6025714860368363
10,0.015,4,11,aic,ude_sir_h2,ude_sir_h2,1,10.485337567310495,0.03284010610428743
10,0.015,4,11,aicc,ude_sir_h2,ude_sir_h2,1,2.1996232815962173,0.5620880339019534
10,0.015,4,11,bic,ude_sir_h2,tv_sir,0,1.3368186114870468,0.6402718295352551
10,0.015,4,11,gic_pred,ude_sir_h2,ude_sir_h2,1,19.364433984386153,0.0006693011943382889
10,0.015,4,11,gic_evid,ude_sir_h2,ude_sir_h2,1,3.1629609091778548,0.4568140415832004
10,0.015,4,11,gic_eff_logn,ude_sir_h2,ude_sir_h2,1,15.040139560536517,0.004619007644069527
10,0.015,4,12,aic,ude_sir_h2,tv_sir,0,2.327230941024993,0.5487763364641396
10,0.015,4,12,aicc,ude_sir_h2,tv_sir,0,10.61294522673927,0.03113412583302493
10,0.015,4,12,bic,ude_sir_h2,tv_sir,0,14.149387119822535,0.00682780420917612
10,0.015,4,12,gic_pred,ude_sir_h2,ude_sir_h2,1,6.842174348016499,0.14040770109985154
10,0.015,4,12,gic_evid,ude_sir_h2,tv_sir,0,9.124060003646491,0.05752597638232676
10,0.015,4,12,gic_eff_logn,ude_sir_h2,ude_sir_h2,1,2.763028268771876,0.5014625639597281
10,0.015,4,13,aic,ude_sir_h2,ude_sir_h2,1,1.8130657361873261,0.6118827434172311
10,0.015,4,13,aicc,ude_sir_h2,tv_sir,0,6.4726485495269515,0.16098981233073076
10,0.015,4,13,bic,ude_sir_h2,tv_sir,0,10.009090442610216,0.04004765840933732
10,0.015,4,13,gic_pred,ude_sir_h2,ude_sir_h2,1,9.14384934933355,0.08189476750888453
10,0.015,4,13,gic_evid,ude_sir_h2,tv_sir,0,2.723084750262956,0.5058838795622592
10,0.015,4,13,gic_eff_logn,ude_sir_h2,ude_sir_h2,1,7.138587097176924,0.14379699149250952
10,0.015,4,14,aic,ude_sir_h2,tv_sir,0,1.3899716695101176,0.6362306800612647
10,0.015,4,14,aicc,ude_sir_h2,tv_sir,0,9.675685955224395,0.04592719621151549
10,0.015,4,14,bic,ude_sir_h2,tv_sir,0,13.21212784830766,0.010271517574471659
10,0.015,4,14,gic_pred,ude_sir_h2,ude_sir_h2,1,7.861200150595579,0.09512147668018903
10,0.015,4,14,gic_evid,ude_sir_h2,tv_sir,0,7.952397395369843,0.09179070396551704
10,0.015,4,14,gic_eff_logn,ude_sir_h2,ude_sir_h2,1,3.851100978525153,0.381113944247558
10,0.015,4,15,aic,ude_sir_h2,tv_sir,0,7.118179932493206,0.12657171302243359
10,0.015,4,15,aicc,ude_sir_h2,tv_sir,0,15.403894218207483,0.0039311385709542585
10,0.015,4,15,bic,ude_sir_h2,tv_sir,0,18.940336111290748,0.0008073838031758007
10,0.015,4,15,gic_pred,ude_sir_h2,ude_sir_h2,1,2.627999389482227,0.5163567777462204
10,0.015,4,15,gic_evid,ude_sir_h2,tv_sir,0,9.616108172500958,0.04706439823582567
10,0.015,4,15,gic_eff_logn,ude_sir_h2,tv_sir,0,0.9640957828181058,0.6649235320671094
10,0.015,4,16,aic,ude_sir_h2,tv_sir,0,5.258302967336675,0.24656057516853797
10,0.015,4,16,aicc,ude_sir_h2,tv_sir,0,13.544017253050953,0.008892464332626067
10,0.015,4,16,bic,ude_sir_h2,tv_sir,0,17.080459146134217,0.0018642485909833855
10,0.015,4,16,gic_pred,ude_sir_h2,ude_sir_h2,1,4.053246386424064,0.3597631146768925
10,0.015,4,16,gic_evid,ude_sir_h2,tv_sir,0,10.079826731877063,0.038873500801910266
10,0.015,4,16,gic_eff_logn,ude_sir_h2,ude_sir_h2,1,0.09413240239373977,0.6928703840545034
10,0.015,4,17,aic,ude_sir_h2,ude_sir_h2,1,2.800209474087808,0.4973368241374173
10,0.015,4,17,aicc,ude_sir_h2,tv_sir,0,5.48550481162647,0.22833360453807475
10,0.015,4,17,bic,ude_sir_h2,tv_sir,0,9.021946704709734,0.059954631239073373
10,0.015,4,17,gic_pred,ude_sir_h2,ude_sir_h2,1,11.99766808488917,0.01733056752387164
10,0.015,4,17,gic_evid,ude_sir_h2,tv_sir,0,4.319388162055418,0.3325521896086895
10,0.015,4,17,gic_eff_logn,ude_sir_h2,ude_sir_h2,1,7.942211345014471,0.09215870294303019
10,0.015,4,18,aic,ude_sir_h2,tv_sir,0,0.0586712749269509,0.6930396203515239
10,0.015,4,18,aicc,ude_sir_h2,tv_sir,0,8.344385560641228,0.0786525683822151
10,0.015,4,18,bic,ude_sir_h2,tv_sir,0,11.880827453724493,0.018215352955547673
10,0.015,4,18,gic_pred,ude_sir_h2,ude_sir_h2,1,9.174721806817757,0.056355565255883144
10,0.015,4,18,gic_evid,ude_sir_h2,tv_sir,0,4.647944629754619,0.3005829589603796
10,0.015,4,18,gic_eff_logn,ude_sir_h2,ude_sir_h2,1,5.149609561778419,0.25564586963330826
10,0.015,4,19,aic,ude_sir_h2,ude_sir_h2,1,10.544336123504337,0.03204665921957477
10,0.015,4,19,aicc,ude_sir_h2,ude_sir_h2,1,2.2586218377900593,0.555972891525515
10,0.015,4,19,bic,ude_sir_h2,tv_sir,0,1.2778200552932049,0.644612081699188
10,0.015,4,19,gic_pred,ude_sir_h2,ude_sir_h2,1,19.53686826458761,0.0006539799472327542
10,0.015,4,19,gic_evid,ude_sir_h2,ude_sir_h2,1,3.9411883837141204,0.3715320937973363
10,0.015,4,19,gic_eff_logn,ude_sir_h2,ude_sir_h2,1,15.308363472557403,0.004116949801243523
10,0.045,1,0,aic,ude_sir_h2,tv_sir,0,5.488537851571746,0.2333205293747963
10,0.045,1,0,aicc,ude_sir_h2,sir,0,0.7971764341425391,0.673675646166245
10,0.045,1,0,bic,ude_sir_h2,tv_sir,0,4.883367665583652,0.28087394673969085
10,0.045,1,0,gic_pred,ude_sir_h2,tv_sir,0,0.36795969484719393,0.9747020532453559
10,0.045,1,0,gic_evid,ude_sir_h2,tv_sir,0,3.123338433611959,0.6539489901398736
10,0.045,1,0,gic_eff_logn,ude_sir_h2,tv_sir,0,0.3308480700380727,0.9805960988329836
10,0.045,1,1,aic,ude_sir_h2,sir,0,2.7878268187754003,0.5000871862283349
10,0.045,1,1,aicc,ude_sir_h2,sir,0,9.073541104489685,0.05871576170263478
10,0.045,1,1,bic,ude_sir_h2,sir,0,3.392997004763494,0.4315772740152436
10,0.045,1,1,gic_pred,ude_sir_h2,sir,0,0.43043221885510974,1.2538158871162122
10,0.045,1,1,gic_evid,ude_sir_h2,sir,0,1.013381153403465,0.97572385016733
10,0.045,1,1,gic_eff_logn,ude_sir_h2,sir,0,0.6084958169045152,1.2318465389648128
10,0.045,1,2,aic,ude_sir_h2,sir,0,1.4862429769141272,0.6303336630444346
10,0.045,1,2,aicc,ude_sir_h2,sir,0,7.771957262628412,0.09848562976526459
10,0.045,1,2,bic,ude_sir_h2,sir,0,2.0914131629022172,0.5736608753532889
10,0.045,1,2,gic_pred,ude_sir_h2,tv_sir,0,0.07312930447128707,1.252873777594886
10,0.045,1,2,gic_evid,ude_sir_h2,sir,0,1.3044096212687926,1.0406633113473784
10,0.045,1,2,gic_eff_logn,ude_sir_h2,ude_sir_h2,1,0.048290797071580016,1.2517077773745533
10,0.045,1,3,aic,ude_sir_h2,sir,0,0.8304010927161016,0.6733245628996986
10,0.045,1,3,aicc,ude_sir_h2,sir,0,7.116115378430386,0.12667061045219802
10,0.045,1,3,bic,ude_sir_h2,sir,0,1.4355712787041952,0.6330317580863507
10,0.045,1,3,gic_pred,ude_sir_h2,neural_ode_h2,0,2.343831046471692,1.1233122862274911
10,0.045,1,3,gic_evid,ude_sir_h2,sir,0,0.7051957916042593,0.982070828091707
10,0.045,1,3,gic_eff_logn,ude_sir_h2,neural_ode_h2,0,2.451339307997422,1.1424853207720385
10,0.045,1,4,aic,ude_sir_h2,tv_sir,0,1.224950730563613,0.6516774224670198
10,0.045,1,4,aicc,ude_sir_h2,sir,0,5.060763555150672,0.2632468335873722
10,0.045,1,4,bic,ude_sir_h2,tv_sir,0,0.6197805445755229,0.682446421664356
10,0.045,1,4,gic_pred,ude_sir_h2,tv_sir,0,0.3862253689716866,1.0554811374175082
10,0.045,1,4,gic_evid,ude_sir_h2,tv_sir,0,1.3135958780206316,1.0427942269825368
10,0.045,1,4,gic_eff_logn,ude_sir_h2,tv_sir,0,0.3277906156594561,1.0725622673738138
10,0.045,1,5,aic,ude_sir_h2,sir,0,0.21997121429800615,0.6945860930854372
10,0.045,1,5,aicc,ude_sir_h2,sir,0,6.505685500012291,0.15902205871788536
10,0.045,1,5,bic,ude_sir_h2,sir,0,0.8251414002860962,0.6732802943972531
10,0.045,1,5,gic_pred,ude_sir_h2,ude_sir_h2,1,0.02675324152298586,1.3452813257162084
10,0.045,1,5,gic_evid,ude_sir_h2,sir,0,0.41810512246179954,1.0847591690008846
10,0.045,1,5,gic_eff_logn,ude_sir_h2,ude_sir_h2,1,0.11260733750531315,1.3569255794075876
10,0.045,1,6,aic,ude_sir_h2,sir,0,0.9688933985308381,0.6669286130597311
10,0.045,1,6,aicc,ude_sir_h2,sir,0,7.254607684245123,0.12018462454464282
10,0.045,1,6,bic,ude_sir_h2,sir,0,1.5740635845189281,0.6220722786862442
10,0.045,1,6,gic_pred,ude_sir_h2,ude_sir_h2,1,0.04806877616528027,1.1732398068916197
10,0.045,1,6,gic_evid,ude_sir_h2,sir,0,0.7125027989643016,1.0835763178572573
10,0.045,1,6,gic_eff_logn,ude_sir_h2,ude_sir_h2,1,0.13907224660556494,1.1795001378593466
10,0.045,1,7,aic,ude_sir_h2,sir,0,1.751833350705482,0.6075721520796947
10,0.045,1,7,aicc,ude_sir_h2,sir,0,8.037547636419767,0.08877724007134556
10,0.045,1,7,bic,ude_sir_h2,sir,0,2.3570035366935755,0.5462135895540714
10,0.045,1,7,gic_pred,ude_sir_h2,ude_sir_h2,1,0.3139652385555678,1.3136370049952473
10,0.045,1,7,gic_evid,ude_sir_h2,sir,0,1.325132829587357,1.016948758373029
10,0.045,1,7,gic_eff_logn,ude_sir_h2,ude_sir_h2,1,0.15726408783731216,1.3069247887973723
10,0.045,1,8,aic,ude_sir_h2,sir,0,2.9626268191745666,0.48055768648107916
10,0.045,1,8,aicc,ude_sir_h2,sir,0,9.248341104888851,0.054694508450576086
10,0.045,1,8,bic,ude_sir_h2,sir,0,3.5677970051626566,0.4122434882504555
10,0.045,1,8,gic_pred,ude_sir_h2,sir,0,0.5328587809128607,1.3262264253151859
10,0.045,1,8,gic_evid,ude_sir_h2,sir,0,1.000717531727453,0.9478310271054438
10,0.045,1,8,gic_eff_logn,ude_sir_h2,sir,0,0.69784379195616,1.3014029623498184
10,0.045,1,9,aic,ude_sir_h2,tv_sir,0,15.199478885087125,0.007494319024830102
10,0.045,1,9,aicc,ude_sir_h2,tv_sir,0,9.610027069786591,0.04718195848163551
10,0.045,1,9,bic,ude_sir_h2,tv_sir,0,15.290571169512786,0.005816222886572817
10,0.045,1,9,gic_pred,ude_sir_h2,tv_sir,0,1.2688419167112812,0.7615410156085818
10,0.045,1,9,gic_evid,ude_sir_h2,tv_sir,0,6.599056402649271,0.15755865708726322
10,0.045,1,9,gic_eff_logn,ude_sir_h2,tv_sir,0,1.2793360263984503,0.7598260162696495
10,0.045,1,10,aic,ude_sir_h2,tv_sir,0,1.6548088795487317,0.6189521392911648
10,0.045,1,10,aicc,ude_sir_h2,sir,0,4.630905406165553,0.3021935005546486
10,0.045,1,10,bic,ude_sir_h2,tv_sir,0,1.0496386935606417,0.6614828026510319
10,0.045,1,10,gic_pred,ude_sir_h2,ude_sir_h2,1,0.0016491280570747335,1.197401944750665
10,0.045,1,10,gic_evid,ude_sir_h2,tv_sir,0,1.406834315244538,1.026297545732753
10,0.045,1,10,gic_eff_logn,ude_sir_h2,ude_sir_h2,1,0.03929225231838984,1.2088852330232205
10,0.045,1,11,aic,ude_sir_h2,sir,0,2.6200361318844045,0.5186121801307215
10,0.045,1,11,aicc,ude_sir_h2,sir,0,8.90575041759869,0.06283476155456194
10,0.045,1,11,bic,ude_sir_h2,sir,0,3.2252063178724946,0.4502784819309349
10,0.045,1,11,gic_pred,ude_sir_h2,sir,0,0.32921032297875996,1.310635092401364
10,0.045,1,11,gic_evid,ude_sir_h2,sir,0,1.0629734088769638,0.9725954225926242
10,0.045,1,11,gic_eff_logn,ude_sir_h2,sir,0,0.4955988174066448,1.2918495732076232
10,0.045,1,12,aic,ude_sir_h2,tv_sir,0,0.6667228431621091,0.6824141900405682
10,0.045,1,12,aicc,ude_sir_h2,sir,0,5.618991442552176,0.21810735460588188
10,0.045,1,12,bic,ude_sir_h2,tv_sir,0,0.06155265717401903,0.694035723911663
10,0.045,1,12,gic_pred,ude_sir_h2,tv_sir,0,0.5140366818367568,1.269708688130726
10,0.045,1,12,gic_evid,ude_sir_h2,tv_sir,0,0.6419548421544157,1.0729678478265512
10,0.045,1,12,gic_eff_logn,ude_sir_h2,tv_sir,0,0.45707220364547396,1.2824476639594102
10,0.045,1,13,aic,ude_sir_h2,tv_sir,0,2.5881011080851835,0.5244117081843616
10,0.045,1,13,aicc,ude_sir_h2,sir,0,3.6976131776291012,0.39765952178762365
10,0.045,1,13,bic,ude_sir_h2,tv_sir,0,1.9829309220970934,0.5852115500163337
10,0.045,1,13,gic_pred,ude_sir_h2,tv_sir,0,0.6807344506368196,1.0706686456553949
10,0.045,1,13,gic_evid,ude_sir_h2,tv_sir,0,2.3507692353078653,0.8830506387440555
10,0.045,1,13,gic_eff_logn,ude_sir_h2,tv_sir,0,0.6372710765292453,1.086298886139343
10,0.045,1,14,aic,ude_sir_h2,tv_sir,0,0.9816506496843296,0.6672067992475266
10,0.045,1,14,aicc,ude_sir_h2,sir,0,5.304063636029955,0.24280625474471362
10,0.045,1,14,bic,ude_sir_h2,tv_sir,0,0.376480463696236,0.6898673132334687
10,0.045,1,14,gic_pred,ude_sir_h2,tv_sir,0,0.44547502302519604,1.2507967562838271
10,0.045,1,14,gic_evid,ude_sir_h2,tv_sir,0,0.9763294213798552,1.0505043994099776
10,0.045,1,14,gic_eff_logn,ude_sir_h2,tv_sir,0,0.3952294797560256,1.2640864480800036
10,0.045,1,15,aic,ude_sir_h2,sir,0,1.8926404095084521,0.5944016632044549
10,0.045,1,15,aicc,ude_sir_h2,sir,0,8.178354695222737,0.08399148233418026
10,0.045,1,15,bic,ude_sir_h2,sir,0,2.497810595496542,0.5311088421325973
10,0.045,1,15,gic_pred,ude_sir_h2,ude_sir_h2,1,0.1081234502164925,1.286428773569527
10,0.045,1,15,gic_evid,ude_sir_h2,sir,0,1.1316113742399043,1.0148429029463235
10,0.045,1,15,gic_eff_logn,ude_sir_h2,sir,0,0.11506516653868815,1.2736045864598207
10,0.045,1,16,aic,ude_sir_h2,tv_sir,0,5.866444105177855,0.20553576155852504
10,0.045,1,16,aicc,ude_sir_h2,sir,0,0.4192701805364294,0.687683851998895
10,0.045,1,16,bic,ude_sir_h2,tv_sir,0,5.261273919189765,0.24840341412122577
10,0.045,1,16,gic_pred,ude_sir_h2,tv_sir,0,0.4568872963390014,0.8431328750150002
10,0.045,1,16,gic_evid,ude_sir_h2,tv_sir,0,3.4139016427592352,0.5923962439988726
10,0.045,1,16,gic_eff_logn,ude_sir_h2,tv_sir,0,0.4475757324482572,0.8489416186603702
10,0.045,1,17,aic,ude_sir_h2,tv_sir,0,2.53435706849379,0.5309031101055358
10,0.045,1,17,aicc,ude_sir_h2,sir,0,3.7513572172204945,0.39183633067667256
10,0.045,1,17,bic,ude_sir_h2,tv_sir,0,1.9291868825056966,0.5906691603793165
10,0.045,1,17,gic_pred,ude_sir_h2,tv_sir,0,0.2965784042838635,0.9905697400907747
10,0.045,1,17,gic_evid,ude_sir_h2,tv_sir,0,1.6974529620914467,0.9536878401780382
10,0.045,1,17,gic_eff_logn,ude_sir_h2,tv_sir,0,0.2553623229920774,1.0045360274809976
10,0.045,1,18,aic,ude_sir_h2,sir,0,2.9864917435972913,0.4779616807506737
10,0.045,1,18,aicc,ude_sir_h2,sir,0,9.272206029311576,0.05416600028617247
10,0.045,1,18,bic,ude_sir_h2,sir,0,3.5916619295853813,0.40964629509554745
10,0.045,1,18,gic_pred,ude_sir_h2,sir,0,0.45700609805348336,1.341059393925152
10,0.045,1,18,gic_evid,ude_sir_h2,sir,0,1.0607542856550616,0.9698467579635328
10,0.045,1,18,gic_eff_logn,ude_sir_h2,sir,0,0.626699635264206,1.3203627902641495
10,0.045,1,19,aic,ude_sir_h2,tv_sir,0,0.27094248271643906,0.6939909006660321
10,0.045,1,19,aicc,ude_sir_h2,sir,0,6.014771802997846,0.18986607270185632
10,0.045,1,19,bic,ude_sir_h2,sir,0,0.3342277032716545,0.690716991698396
10,0.045,1,19,gic_pred,ude_sir_h2,tv_sir,0,0.14509730027167933,1.3173675609726427
10,0.045,1,19,gic_evid,ude_sir_h2,sir,0,0.10298708574865856,1.051721454365246
10,0.045,1,19,gic_eff_logn,ude_sir_h2,tv_sir,0,0.07508655965463973,1.3305527440372116
10,0.045,2,0,aic,ude_sir_h2,tv_sir,0,7.312890506800443,0.11895977261425095
10,0.045,2,0,aicc,ude_sir_h2,tv_sir,0,5.352106193074945,0.23890987187884838
10,0.045,2,0,bic,ude_sir_h2,tv_sir,0,5.321425959692462,0.2414483756854679
10,0.045,2,0,gic_pred,ude_sir_h2,tv_sir,0,3.99114695639625,0.5321106493663317
10,0.045,2,0,gic_evid,ude_sir_h2,tv_sir,0,5.932554240639988,0.2566560700392938
10,0.045,2,0,gic_eff_logn,ude_sir_h2,tv_sir,0,4.16292610017863,0.5589282931471811
10,0.045,2,1,aic,ude_sir_h2,tv_sir,0,17.573827190948307,0.0015087742338980377
10,0.045,2,1,aicc,ude_sir_h2,tv_sir,0,27.53221352369725,1.5514900063680014e-05
10,0.045,2,1,bic,ude_sir_h2,tv_sir,0,24.543953105826247,7.793856843142964e-05
10,0.045,2,1,gic_pred,ude_sir_h2,tv_sir,0,4.455591024017721,0.36522880930666446
10,0.045,2,1,gic_evid,ude_sir_h2,tv_sir,0,17.18924670811583,0.0017894100681457364
10,0.045,2,1,gic_eff_logn,ude_sir_h2,tv_sir,0,4.894591377137658,0.3213933958521817
10,0.045,2,2,aic,ude_sir_h2,tv_sir,0,15.082095915238966,0.004833989159493948
10,0.045,2,2,aicc,ude_sir_h2,tv_sir,0,19.710950747594083,0.0005694440080667023
10,0.045,2,2,bic,ude_sir_h2,tv_sir,0,19.680270514211593,0.0007737444623154926
10,0.045,2,2,gic_pred,ude_sir_h2,tv_sir,0,2.2226564154385073,0.7704617272551033
10,0.045,2,2,gic_evid,ude_sir_h2,tv_sir,0,14.153505761157767,0.007278538605999657
10,0.045,2,2,gic_eff_logn,ude_sir_h2,tv_sir,0,2.7905028654332895,0.7097156325078433
10,0.045,2,3,aic,ude_sir_h2,tv_sir,0,10.713296928106473,0.031383502112449474
10,0.045,2,3,aicc,ude_sir_h2,tv_sir,0,8.752512614380976,0.0668305961786783
10,0.045,2,3,bic,ude_sir_h2,tv_sir,0,8.721832380998492,0.06772015184154354
10,0.045,2,3,gic_pred,ude_sir_h2,tv_sir,0,3.9055986121787214,0.5725065698610623
10,0.045,2,3,gic_evid,ude_sir_h2,tv_sir,0,9.288339276577204,0.08570683460945897
10,0.045,2,3,gic_eff_logn,ude_sir_h2,tv_sir,0,4.07338247950635,0.5600383623896956
10,0.045,2,4,aic,ude_sir_h2,sir,0,0.9344672408434462,0.6674795295117218
10,0.045,2,4,aicc,ude_sir_h2,sir,0,2.8952515545689366,0.48675501450969305
10,0.045,2,4,bic,ude_sir_h2,sir,0,2.925931787951427,0.483350028250944
10,0.045,2,4,gic_pred,ude_sir_h2,sir,0,0.027675915165993104,1.0858739380738065
10,0.045,2,4,gic_evid,ude_sir_h2,sir,0,1.077874511603511,0.9892428478339106
10,0.045,2,4,gic_eff_logn,ude_sir_h2,sir,0,1.501898631755303,1.0302557745117022
10,0.045,2,5,aic,ude_sir_h2,tv_sir,0,16.75228944978535,0.0026426557123918728
10,0.045,2,5,aicc,ude_sir_h2,tv_sir,0,18.12419491936604,0.0011668694762604662
10,0.045,2,5,bic,ude_sir_h2,tv_sir,0,18.09351468598355,0.0012738979914828133
10,0.045,2,5,gic_pred,ude_sir_h2,tv_sir,0,3.820023511658782,0.40424864273805194
10,0.045,2,5,gic_evid,ude_sir_h2,tv_sir,0,12.596758722577547,0.014256028101417675
10,0.045,2,5,gic_eff_logn,ude_sir_h2,tv_sir,0,4.351612144148909,0.3474983502475857
10,0.045,2,6,aic,ude_sir_h2,tv_sir,0,1.0841380070726387,0.6587321515939096
10,0.045,2,6,aicc,ude_sir_h2,sir,0,0.8766463066528587,0.6696959799874176
10,0.045,2,6,bic,ude_sir_h2,sir,0,0.9073265400353421,0.6680947543032502
10,0.045,2,6,gic_pred,ude_sir_h2,tv_sir,0,2.0697660414704586,0.9599837115156982
10,0.045,2,6,gic_evid,ude_sir_h2,sir,0,0.6033657432211186,0.997746086029448
10,0.045,2,6,gic_eff_logn,ude_sir_h2,tv_sir,0,0.5690123161472229,1.0365625766226558
10,0.045,2,7,aic,ude_sir_h2,tv_sir,0,9.446015552915007,0.05226142659281672
10,0.045,2,7,aicc,ude_sir_h2,tv_sir,0,7.485231239189517,0.11003383864497943
10,0.045,2,7,bic,ude_sir_h2,tv_sir,0,7.454551005807026,0.11141209807961641
10,0.045,2,7,gic_pred,ude_sir_h2,tv_sir,0,3.826515005284456,0.5172410065299573
10,0.045,2,7,gic_evid,ude_sir_h2,tv_sir,0,8.064939588685519,0.13535980667538222
10,0.045,2,7,gic_eff_logn,ude_sir_h2,tv_sir,0,4.162619104278271,0.5027249834940946
10,0.045,2,8,aic,ude_sir_h2,tv_sir,0,14.112292642318863,0.00739911123096491
10,0.045,2,8,aicc,ude_sir_h2,tv_sir,0,12.151508328593373,0.016224819319891025
10,0.045,2,8,bic,ude_sir_h2,tv_sir,0,12.120828095210882,0.016454286138328746
10,0.045,2,8,gic_pred,ude_sir_h2,tv_sir,0,3.6269710710823517,0.5000764895125837
10,0.045,2,8,gic_evid,ude_sir_h2,tv_sir,0,12.17935785735851,0.031194691312520218
10,0.045,2,8,gic_eff_logn,ude_sir_h2,tv_sir,0,3.822250271904906,0.4723410222670254
10,0.045,2,9,aic,ude_sir_h2,tv_sir,0,6.234906727384342,0.191603191770383
10,0.045,2,9,aicc,ude_sir_h2,tv_sir,0,4.274122413658851,0.3371017230888334
10,0.045,2,9,bic,ude_sir_h2,tv_sir,0,4.243442180276361,0.34042876361475816
10,0.045,2,9,gic_pred,ude_sir_h2,neural_ode_h2,0,7.403935021510314,0.14423066919183244
10,0.045,2,9,gic_evid,ude_sir_h2,tv_sir,0,4.212076809876031,0.45219932427153575
10,0.045,2,9,gic_eff_logn,ude_sir_h2,neural_ode_h2,0,7.2495059236126735,0.15486773032237344
10,0.045,2,10,aic,ude_sir_h2,tv_sir,0,13.435178635795474,0.014547397778702844
10,0.045,2,10,aicc,ude_sir_h2,tv_sir,0,11.474394322069983,0.02165470260967115
10,0.045,2,10,bic,ude_sir_h2,tv_sir,0,11.443714088687493,0.022164079912210248
10,0.045,2,10,gic_pred,ude_sir_h2,tv_sir,0,1.820465029458326,0.6621568769853574
10,0.045,2,10,gic_evid,ude_sir_h2,tv_sir,0,10.260498680231166,0.05194093366044364
10,0.045,2,10,gic_eff_logn,ude_sir_h2,tv_sir,0,2.347764264917039,0.6097269713507361
10,0.045,2,11,aic,ude_sir_h2,tv_sir,0,0.4845945121926576,0.6897917411408052
10,0.045,2,11,aicc,ude_sir_h2,sir,0,1.4761898015328327,0.6294211805221104
10,0.045,2,11,bic,ude_sir_h2,sir,0,1.5068700349153232,0.6270291790872671
10,0.045,2,11,gic_pred,ude_sir_h2,ude_sir_h2,1,0.0917601371525052,1.0474859531219751
10,0.045,2,11,gic_evid,ude_sir_h2,sir,0,0.8631923127404093,1.046659373472862
10,0.045,2,11,gic_eff_logn,ude_sir_h2,ude_sir_h2,1,0.16659500346748501,1.1003857177084402
10,0.045,2,12,aic,ude_sir_h2,tv_sir,0,2.7616325642821806,0.5020280582827871
10,0.045,2,12,aicc,ude_sir_h2,tv_sir,0,0.8008482505566832,0.673499408380902
10,0.045,2,12,bic,ude_sir_h2,tv_sir,0,0.7701680171741998,0.6749613292844561
10,0.045,2,12,gic_pred,ude_sir_h2,tv_sir,0,3.805498156867799,0.6787912794731688
10,0.045,2,12,gic_evid,ude_sir_h2,tv_sir,0,0.9187538145761494,0.9884333688049584
10,0.045,2,12,gic_eff_logn,ude_sir_h2,tv_sir,0,2.333738939654829,0.8415440467618972
10,0.045,2,13,aic,ude_sir_h2,tv_sir,0,11.19161550015771,0.026110250856379837
10,0.045,2,13,aicc,ude_sir_h2,tv_sir,0,9.23083118643222,0.05508535840309787
10,0.045,2,13,bic,ude_sir_h2,tv_sir,0,9.200150953049729,0.05584610643603787
10,0.045,2,13,gic_pred,ude_sir_h2,tv_sir,0,3.9021166052580583,0.5173957939532012
10,0.045,2,13,gic_evid,ude_sir_h2,tv_sir,0,9.873008532199435,0.07431066369607688
10,0.045,2,13,gic_eff_logn,ude_sir_h2,tv_sir,0,4.19845332133545,0.4944676068816749
10,0.045,2,14,aic,ude_sir_h2,tv_sir,0,9.187697119113281,0.05749631695906149
10,0.045,2,14,aicc,ude_sir_h2,tv_sir,0,7.226912805387791,0.12145773335370331
10,0.045,2,14,bic,ude_sir_h2,tv_sir,0,7.1962325720053,0.12294041578225036
10,0.045,2,14,gic_pred,ude_sir_h2,tv_sir,0,4.322065141195381,0.3744541314362691
10,0.045,2,14,gic_evid,ude_sir_h2,tv_sir,0,8.078526417712851,0.12478644020909009
10,0.045,2,14,gic_eff_logn,ude_sir_h2,tv_sir,0,4.665744777756942,0.36038002241886324
10,0.045,2,15,aic,ude_sir_h2,tv_sir,0,15.441357671596926,0.005247094816001338
10,0.045,2,15,aicc,ude_sir_h2,tv_sir,0,13.480573357871428,0.009141295870524313
10,0.045,2,15,bic,ude_sir_h2,tv_sir,0,13.449893124488945,0.009321242817784061
10,0.045,2,15,gic_pred,ude_sir_h2,tv_sir,0,4.2773218357876175,0.34173236979458116
10,0.045,2,15,gic_evid,ude_sir_h2,tv_sir,0,9.80842787679282,0.06117739308104199
10,0.045,2,15,gic_eff_logn,ude_sir_h2,tv_sir,0,4.5403467598736995,0.317989780794809
10,0.045,2,16,aic,ude_sir_h2,tv_sir,0,14.544248157434275,0.007875571716258477
10,0.045,2,16,aicc,ude_sir_h2,tv_sir,0,12.583463843708778,0.013477769096105202
10,0.045,2,16,bic,ude_sir_h2,tv_sir,0,12.552783610326294,0.013746405669293364
10,0.045,2,16,gic_pred,ude_sir_h2,tv_sir,0,3.5648704805850002,0.4317685622282464
10,0.045,2,16,gic_evid,ude_sir_h2,tv_sir,0,11.53346877564013,0.03225677897096686
10,0.045,2,16,gic_eff_logn,ude_sir_h2,tv_sir,0,3.956086408925927,0.3911944466563938
10,0.045,2,17,aic,ude_sir_h2,tv_sir,0,8.131974499108061,0.08765265665696026
10,0.045,2,17,aicc,ude_sir_h2,tv_sir,0,6.171190185382571,0.17954629710588915
10,0.045,2,17,bic,ude_sir_h2,tv_sir,0,6.14050995200008,0.18161952835827436
10,0.045,2,17,gic_pred,ude_sir_h2,tv_sir,0,3.282094287348862,0.4959790647257072
10,0.045,2,17,gic_evid,ude_sir_h2,tv_sir,0,6.818262534892099,0.24267296943460015
10,0.045,2,17,gic_eff_logn,ude_sir_h2,tv_sir,0,3.5474598812192326,0.498176799955604
10,0.045,2,18,aic,ude_sir_h2,tv_sir,0,18.887411016789514,0.0009771466053601148
10,0.045,2,18,aicc,ude_sir_h2,tv_sir,0,26.370848241947535,2.6637481597379353e-05
10,0.045,2,18,bic,ude_sir_h2,tv_sir,0,25.857536931667454,6.217367329552902e-05
10,0.045,2,18,gic_pred,ude_sir_h2,tv_sir,0,3.467560841375793,0.571020355206938
10,0.045,2,18,gic_evid,ude_sir_h2,tv_sir,0,19.041853962911986,0.0007941995296671196
10,0.045,2,18,gic_eff_logn,ude_sir_h2,tv_sir,0,3.8055488673173983,0.5087720772492897
10,0.045,2,19,aic,ude_sir_h2,tv_sir,0,1.5490365927838354,0.6246814220778418
10,0.045,2,19,aicc,ude_sir_h2,sir,0,0.4117477209416549,0.6878771125951908
10,0.045,2,19,bic,ude_sir_h2,sir,0,0.4424279543241454,0.6871026320588848
10,0.045,2,19,gic_pred,ude_sir_h2,tv_sir,0,2.1984131147471686,0.928879778063004
10,0.045,2,19,gic_evid,ude_sir_h2,sir,0,0.5553880298171308,1.0631798384888287
10,0.045,2,19,gic_eff_logn,ude_sir_h2,tv_sir,0,1.0490249824340339,1.0351544623455995
10,0.045,4,0,aic,ude_sir_h2,tv_sir,0,13.578528875456954,0.014954090573415142
10,0.045,4,0,aicc,ude_sir_h2,tv_sir,0,12.759996056924138,0.012638455870068326
10,0.045,4,0,bic,ude_sir_h2,tv_sir,0,10.200769967229078,0.03700014501062322
10,0.045,4,0,gic_pred,ude_sir_h2,tv_sir,0,1.499374458562528,0.631824550341289
10,0.045,4,0,gic_evid,ude_sir_h2,tv_sir,0,8.89567877200301,0.08882606669040607
10,0.045,4,0,gic_eff_logn,ude_sir_h2,tv_sir,0,2.4556091588560633,0.551190258720029
10,0.045,4,1,aic,ude_sir_h2,tv_sir,0,14.06362918614903,0.010786972057886333
10,0.045,4,1,aicc,ude_sir_h2,tv_sir,0,13.245096367616213,0.0102121449686923
10,0.045,4,1,bic,ude_sir_h2,tv_sir,0,10.685870277921154,0.030214453036200444
10,0.045,4,1,gic_pred,ude_sir_h2,tv_sir,0,2.580505916688992,0.5257364695984075
10,0.045,4,1,gic_evid,ude_sir_h2,tv_sir,0,8.622785139288695,0.09649562924788241
10,0.045,4,1,gic_eff_logn,ude_sir_h2,tv_sir,0,3.460526334072256,0.4394786672586942
10,0.045,4,2,aic,ude_sir_h2,tv_sir,0,10.878637647536607,0.028089787780019436
10,0.045,4,2,aicc,ude_sir_h2,tv_sir,0,19.1643519332509,0.001027466792774192
10,0.045,4,2,bic,ude_sir_h2,tv_sir,0,18.57434880140164,0.0010978405039694446
10,0.045,4,2,gic_pred,ude_sir_h2,ude_sir_h2,1,2.2687164550430055,0.5850624902713156
10,0.045,4,2,gic_evid,ude_sir_h2,tv_sir,0,6.799554158174473,0.14331687747287197
10,0.045,4,2,gic_eff_logn,ude_sir_h2,ude_sir_h2,1,1.5487083861491158,0.6426451057928856
10,0.045,4,3,aic,ude_sir_h2,tv_sir,0,11.814236511489298,0.024844005860374795
10,0.045,4,3,aicc,ude_sir_h2,tv_sir,0,13.949661550392605,0.007928046332862239
10,0.045,4,3,bic,ude_sir_h2,tv_sir,0,11.390435460697546,0.02253392419524845
10,0.045,4,3,gic_pred,ude_sir_h2,ude_sir_h2,1,0.23245940250924946,0.9590110463646517
10,0.045,4,3,gic_evid,ude_sir_h2,tv_sir,0,7.7251094487482135,0.118371842041262
10,0.045,4,3,gic_eff_logn,ude_sir_h2,tv_sir,0,1.4169881667330486,0.7556491164369029
10,0.045,4,4,aic,ude_sir_h2,tv_sir,0,14.225449756292448,0.006608044562363505
10,0.045,4,4,aicc,ude_sir_h2,tv_sir,0,22.51116404200674,0.00016422737563505285
10,0.045,4,4,bic,ude_sir_h2,tv_sir,0,26.04760593508999,4.9805657069587015e-05
10,0.045,4,4,gic_pred,ude_sir_h2,tv_sir,0,0.9506140559005587,0.6656901141682692
10,0.045,4,4,gic_evid,ude_sir_h2,tv_sir,0,11.309618440595372,0.023236193609724252
10,0.045,4,4,gic_eff_logn,ude_sir_h2,tv_sir,0,1.5629715991330784,0.6222736133825653
10,0.045,4,5,aic,ude_sir_h2,tv_sir,0,15.336961418398545,0.004092992443366842
10,0.045,4,5,aicc,ude_sir_h2,tv_sir,0,23.622675704112837,0.00015901375828638383
10,0.045,4,5,bic,ude_sir_h2,tv_sir,0,21.921976938662667,0.0002261714816880562
10,0.045,4,5,gic_pred,ude_sir_h2,tv_sir,0,2.019977027094228,0.5802679515074128
10,0.045,4,5,gic_evid,ude_sir_h2,tv_sir,0,12.100573197579237,0.0167334660247349
10,0.045,4,5,gic_eff_logn,ude_sir_h2,tv_sir,0,2.5967425412768534,0.5198755840169877
10,0.045,4,6,aic,ude_sir_h2,tv_sir,0,5.262825114026299,0.24946463938889088
10,0.045,4,6,aicc,ude_sir_h2,tv_sir,0,13.54853939974059,0.010274363988894893
10,0.045,4,6,bic,ude_sir_h2,tv_sir,0,15.159721072066063,0.006238904590953975
10,0.045,4,6,gic_pred,ude_sir_h2,ude_sir_h2,1,7.860455457903939,0.17691485433294082
10,0.045,4,6,gic_evid,ude_sir_h2,tv_sir,0,1.2708949962357678,0.6469994764635589
10,0.045,4,6,gic_eff_logn,ude_sir_h2,ude_sir_h2,1,7.120118743359157,0.15440692379255477
10,0.045,4,7,aic,ude_sir_h2,tv_sir,0,12.771179555393076,0.012742280163443932
10,0.045,4,7,aicc,ude_sir_h2,tv_sir,0,20.21023407236433,0.0007623650129544768
10,0.045,4,7,bic,ude_sir_h2,tv_sir,0,17.65100798266927,0.0015042426410651736
10,0.045,4,7,gic_pred,ude_sir_h2,tv_sir,0,0.8044180006296955,0.6755705335018063
10,0.045,4,7,gic_evid,ude_sir_h2,tv_sir,0,11.005003009845879,0.027366018621507088
10,0.045,4,7,gic_eff_logn,ude_sir_h2,tv_sir,0,2.5213653183670175,0.5309872789813157
10,0.045,4,8,aic,ude_sir_h2,tv_sir,0,4.135991280865497,0.42006573345152415
10,0.045,4,8,aicc,ude_sir_h2,tv_sir,0,7.961964094306566,0.10550094781434438
10,0.045,4,8,bic,ude_sir_h2,tv_sir,0,5.402738004611507,0.23768711107720428
10,0.045,4,8,gic_pred,ude_sir_h2,ude_sir_h2,1,5.705880470527703,0.26413451867547166
10,0.045,4,8,gic_evid,ude_sir_h2,ude_sir_h2,1,3.7021317062849732,0.43988487104525587
10,0.045,4,8,gic_eff_logn,ude_sir_h2,ude_sir_h2,1,8.61531577647915,0.14278400720725218
10,0.045,4,9,aic,ude_sir_h2,tv_sir,0,15.43030564101636,0.004313136374784413
10,0.045,4,9,aicc,ude_sir_h2,tv_sir,0,19.5206646660467,0.0007118335005743739
10,0.045,4,9,bic,ude_sir_h2,tv_sir,0,16.96143857635164,0.001983862247937175
10,0.045,4,9,gic_pred,ude_sir_h2,tv_sir,0,3.8059863779323138,0.38627200972707487
10,0.045,4,9,gic_evid,ude_sir_h2,tv_sir,0,14.366344548790977,0.008079763387486078
10,0.045,4,9,gic_eff_logn,ude_sir_h2,tv_sir,0,5.812105570988109,0.20503297074226934
10,0.045,4,10,aic,ude_sir_h2,tv_sir,0,3.3057632787161424,0.4429431078038777
10,0.045,4,10,aicc,ude_sir_h2,tv_sir,0,2.4872304601833264,0.5317294280131073
10,0.045,4,10,bic,ude_sir_h2,sir,0,0.07199562951173277,0.6929908173975132
10,0.045,4,10,gic_pred,ude_sir_h2,tv_sir,0,2.1869256246868503,0.8241447823351421
10,0.045,4,10,gic_evid,ude_sir_h2,tv_sir,0,0.8447868343733802,0.884031133523999
10,0.045,4,10,gic_eff_logn,ude_sir_h2,tv_sir,0,1.0781016897207536,1.0166170112932127
10,0.045,4,11,aic,ude_sir_h2,tv_sir,0,9.993114191229921,0.041461804345791685
10,0.045,4,11,aicc,ude_sir_h2,tv_sir,0,18.103747832862297,0.0022660210427811033
10,0.045,4,11,bic,ude_sir_h2,tv_sir,0,15.544521743167238,0.003912036765521312
10,0.045,4,11,gic_pred,ude_sir_h2,ude_sir_h2,1,1.2901365086874534,0.8957988379444448
10,0.045,4,11,gic_evid,ude_sir_h2,tv_sir,0,11.370154027505606,0.025222290809525122
10,0.045,4,11,gic_eff_logn,ude_sir_h2,tv_sir,0,1.0039945287565786,0.8970199648696774
10,0.045,4,12,aic,ude_sir_h2,tv_sir,0,13.998141793653815,0.008085694170127005
10,0.045,4,12,aicc,ude_sir_h2,tv_sir,0,18.167317278522603,0.001320349634974212
10,0.045,4,12,bic,ude_sir_h2,tv_sir,0,15.608091188827544,0.003625754604819986
10,0.045,4,12,gic_pred,ude_sir_h2,tv_sir,0,0.343907604536156,0.6955061999635569
10,0.045,4,12,gic_evid,ude_sir_h2,tv_sir,0,10.471402892154487,0.0355164324426712
10,0.045,4,12,gic_eff_logn,ude_sir_h2,tv_sir,0,0.6358859915032582,0.6875027328129972
10,0.045,4,13,aic,ude_sir_h2,tv_sir,0,11.67829392541401,0.02373573741014991
10,0.045,4,13,aicc,ude_sir_h2,tv_sir,0,10.859761106881194,0.028163457990342727
10,0.045,4,13,bic,ude_sir_h2,tv_sir,0,8.300535017186135,0.08004885637650265
10,0.045,4,13,gic_pred,ude_sir_h2,tv_sir,0,1.9032910970293244,0.6022972921649812
10,0.045,4,13,gic_evid,ude_sir_h2,tv_sir,0,8.565777990596388,0.14200246214563778
10,0.045,4,13,gic_eff_logn,ude_sir_h2,tv_sir,0,2.3084515979303575,0.5881029002481423
10,0.045,4,14,aic,ude_sir_h2,tv_sir,0,16.312367115147424,0.0026525038190618067
10,0.045,4,14,aicc,ude_sir_h2,tv_sir,0,24.598081400861716,8.826786017894397e-05
10,0.045,4,14,bic,ude_sir_h2,tv_sir,0,23.72956395091478,0.00010220382118044376
10,0.045,4,14,gic_pred,ude_sir_h2,tv_sir,0,4.392490467367736,0.3366379896120002
10,0.045,4,14,gic_evid,ude_sir_h2,tv_sir,0,13.766072636700073,0.008175526602390536
10,0.045,4,14,gic_eff_logn,ude_sir_h2,tv_sir,0,6.1490292631615375,0.18451319984064296
10,0.045,4,15,aic,ude_sir_h2,tv_sir,0,14.159954465297574,0.007129876268806682
10,0.045,4,15,aicc,ude_sir_h2,tv_sir,0,20.064431755202946,0.0006483119432266833
10,0.045,4,15,bic,ude_sir_h2,tv_sir,0,17.505205665507887,0.001573062329500984
10,0.045,4,15,gic_pred,ude_sir_h2,tv_sir,0,0.6147132394360284,0.6816213035342273
10,0.045,4,15,gic_evid,ude_sir_h2,tv_sir,0,8.335883224914596,0.08009888937559166
10,0.045,4,15,gic_eff_logn,ude_sir_h2,tv_sir,0,0.9987296145462636,0.6634929744175319
10,0.045,4,16,aic,ude_sir_h2,tv_sir,0,8.023222902218862,0.09082371743514556
10,0.045,4,16,aicc,ude_sir_h2,tv_sir,0,7.204690083686046,0.12252259168482865
10,0.045,4,16,bic,ude_sir_h2,tv_sir,0,4.645463993990987,0.3008233035215543
10,0.045,4,16,gic_pred,ude_sir_h2,tv_sir,0,4.4515345982636205,0.3811181890668317
10,0.045,4,16,gic_evid,ude_sir_h2,tv_sir,0,5.052951581823379,0.3240809482238076
10,0.045,4,16,gic_eff_logn,ude_sir_h2,tv_sir,0,5.304076717133611,0.43206994973487933
10,0.045,4,17,aic,ude_sir_h2,tv_sir,0,15.91888356080463,0.004201332189183354
10,0.045,4,17,aicc,ude_sir_h2,tv_sir,0,17.491685478016436,0.001623194145699283
10,0.045,4,17,bic,ude_sir_h2,tv_sir,0,14.932459388321377,0.004854827270971453
10,0.045,4,17,gic_pred,ude_sir_h2,tv_sir,0,3.6963712257242918,0.3984856030881227
10,0.045,4,17,gic_evid,ude_sir_h2,tv_sir,0,11.636538269737045,0.025267850313731542
10,0.045,4,17,gic_eff_logn,ude_sir_h2,tv_sir,0,5.1973524243361595,0.2543390958086278
10,0.045,4,18,aic,ude_sir_h2,tv_sir,0,14.692978851926568,0.006421701078326778
10,0.045,4,18,aicc,ude_sir_h2,tv_sir,0,17.55288982667504,0.0016363747779039148
10,0.045,4,18,bic,ude_sir_h2,tv_sir,0,14.993663736979983,0.00473680450044674
10,0.045,4,18,gic_pred,ude_sir_h2,tv_sir,0,1.2327897086049973,0.6483174955924185
10,0.045,4,18,gic_evid,ude_sir_h2,tv_sir,0,9.732061513361884,0.048302071266290214
10,0.045,4,18,gic_eff_logn,ude_sir_h2,tv_sir,0,1.6886274410809676,0.6133037387845037
10,0.045,4,19,aic,ude_sir_h2,tv_sir,0,11.251447382181297,0.029804391893496675
10,0.045,4,19,aicc,ude_sir_h2,tv_sir,0,10.432914563648481,0.03369281869090801
10,0.045,4,19,bic,ude_sir_h2,tv_sir,0,7.873688473953422,0.09468301245353998
10,0.045,4,19,gic_pred,ude_sir_h2,tv_sir,0,1.1038676006548656,0.9416629197476923
10,0.045,4,19,gic_evid,ude_sir_h2,tv_sir,0,7.01022069383022,0.20038112055804552
10,0.045,4,19,gic_eff_logn,ude_sir_h2,tv_sir,0,1.438764697577085,0.7678648195513662
20,0.005,1,0,aic,ude_sir_h2,ude_sir_h2,1,2.2787308056793734,0.6326218097671772
20,0.005,1,0,aicc,ude_sir_h2,tv_sir,0,28.05460252765397,1.2159091273408277e-05
20,0.005,1,0,bic,ude_sir_h2,tv_sir,0,4.691395109198567,0.30038522336589846
20,0.005,1,0,gic_pred,ude_sir_h2,ude_sir_h2,1,3.9757281546706054,0.37122521369941835
20,0.005,1,0,gic_evid,ude_sir_h2,ude_sir_h2,1,10.7617738570884,0.029252780906279398
20,0.005,1,0,gic_eff_logn,ude_sir_h2,ude_sir_h2,1,5.213031393895591,0.25461444289451546
20,0.005,1,1,aic,ude_sir_h2,tv_sir,0,5.5900118253900075,0.33829591059213804
20,0.005,1,1,aicc,ude_sir_h2,tv_sir,0,35.92334515872335,3.0006915093825395e-07
20,0.005,1,1,bic,ude_sir_h2,tv_sir,0,12.560137740267947,0.015529663008430953
20,0.005,1,1,gic_pred,ude_sir_h2,neural_ode_h2,0,2.248390584398436,0.5834017145224998
20,0.005,1,1,gic_evid,ude_sir_h2,ude_sir_h2,1,5.345966196453702,0.23940966788348733
20,0.005,1,1,gic_eff_logn,ude_sir_h2,neural_ode_h2,0,1.1100324826501549,0.6950922613819186
20,0.005,1,2,aic,ude_sir_h2,tv_sir,0,1.7977044831653473,0.6576742390921011
20,0.005,1,2,aicc,ude_sir_h2,tv_sir,0,32.13103781649869,1.7986772561727728e-06
20,0.005,1,2,bic,ude_sir_h2,tv_sir,0,8.767830398043287,0.067544386423115
20,0.005,1,2,gic_pred,ude_sir_h2,ude_sir_h2,1,2.8471199655603527,0.5099119503791782
20,0.005,1,2,gic_evid,ude_sir_h2,ude_sir_h2,1,6.886705885367988,0.13809034289069608
20,0.005,1,2,gic_eff_logn,ude_sir_h2,ude_sir_h2,1,4.058687538860283,0.38274845544469266
20,0.005,1,3,aic,ude_sir_h2,ude_sir_h2,1,0.728147503632897,0.9053028834914001
20,0.005,1,3,aicc,ude_sir_h2,tv_sir,0,29.605185829700446,5.889030112788696e-06
20,0.005,1,3,bic,ude_sir_h2,tv_sir,0,6.241978411245043,0.1856247359545521
20,0.005,1,3,gic_pred,ude_sir_h2,ude_sir_h2,1,0.3111544941370141,0.6942039600601992
20,0.005,1,3,gic_evid,ude_sir_h2,ude_sir_h2,1,9.51012893611761,0.04915555524806458
20,0.005,1,3,gic_eff_logn,ude_sir_h2,ude_sir_h2,1,1.5759294799194947,0.6272497888377015
20,0.005,1,4,aic,ude_sir_h2,tv_sir,0,5.988600047613147,0.19402261829356826
20,0.005,1,4,aicc,ude_sir_h2,tv_sir,0,36.32193338094649,2.4843328987161964e-07
20,0.005,1,4,bic,ude_sir_h2,tv_sir,0,12.958725962491087,0.011489748935778723
20,0.005,1,4,gic_pred,ude_sir_h2,ude_sir_h2,1,7.079115223044596,0.22821149392848636
20,0.005,1,4,gic_evid,ude_sir_h2,ude_sir_h2,1,4.915733990318472,0.2759889129735879
20,0.005,1,4,gic_eff_logn,ude_sir_h2,ude_sir_h2,1,7.413837846624318,0.18650077411804228
20,0.005,1,5,aic,ude_sir_h2,tv_sir,0,2.7824453231042128,0.7201000723062753
20,0.005,1,5,aicc,ude_sir_h2,tv_sir,0,33.115778656437556,1.1310252818473476e-06
20,0.005,1,5,bic,ude_sir_h2,tv_sir,0,9.752571237982153,0.04990098772590443
20,0.005,1,5,gic_pred,ude_sir_h2,neural_ode_h2,0,1.4819036176117208,0.6408597212817404
20,0.005,1,5,gic_evid,ude_sir_h2,ude_sir_h2,1,6.846203838797493,0.14020163903859764
20,0.005,1,5,gic_eff_logn,ude_sir_h2,neural_ode_h2,0,0.18627889580938017,0.7114604430314242
20,0.005,1,6,aic,ude_sir_h2,tv_sir,0,7.248251142498589,0.21573281474616274
20,0.005,1,6,aicc,ude_sir_h2,tv_sir,0,37.58158447583193,1.366865549375088e-07
20,0.005,1,6,bic,ude_sir_h2,tv_sir,0,14.218377057376529,0.008035787645477313
20,0.005,1,6,gic_pred,ude_sir_h2,neural_ode_h2,0,2.4811915089433683,0.5822075477873727
20,0.005,1,6,gic_evid,ude_sir_h2,ude_sir_h2,1,3.710601966991277,0.39625231611323863
20,0.005,1,6,gic_eff_logn,ude_sir_h2,neural_ode_h2,0,0.974665164743385,0.7448600436552365
20,0.005,1,7,aic,ude_sir_h2,ude_sir_h2,1,6.905100158454843,0.24923438756129362
20,0.005,1,7,aicc,ude_sir_h2,tv_sir,0,23.036122968066366,0.00012453814353109846
20,0.005,1,7,bic,ude_sir_h2,ude_sir_h2,1,0.32708445038903733,0.712312775759295
20,0.005,1,7,gic_pred,ude_sir_h2,ude_sir_h2,1,3.010004297331676,0.47432738250218326
20,0.005,1,7,gic_evid,ude_sir_h2,ude_sir_h2,1,13.305685010841259,0.009866022043162906
20,0.005,1,7,gic_eff_logn,ude_sir_h2,ude_sir_h2,1,4.057964789240145,0.35984233282452893
20,0.005,1,8,aic,ude_sir_h2,tv_sir,0,5.390431305328661,0.2728775278843926
20,0.005,1,8,aicc,ude_sir_h2,tv_sir,0,35.723764638662004,3.2981324750391995e-07
20,0.005,1,8,bic,ude_sir_h2,tv_sir,0,12.360557220206601,0.015348106901263498
20,0.005,1,8,gic_pred,ude_sir_h2,ude_sir_h2,1,1.4148878048320341,0.6919980165940274
20,0.005,1,8,gic_evid,ude_sir_h2,ude_sir_h2,1,4.822235786393463,0.28442089175883056
20,0.005,1,8,gic_eff_logn,ude_sir_h2,ude_sir_h2,1,2.82667037847753,0.5713260026000531
20,0.005,1,9,aic,ude_sir_h2,tv_sir,0,9.88245683713086,0.04978264320553426
20,0.005,1,9,aicc,ude_sir_h2,tv_sir,0,40.2157901704642,3.905683514055476e-08
20,0.005,1,9,bic,ude_sir_h2,tv_sir,0,16.8525827520088,0.0021504315563870497
20,0.005,1,9,gic_pred,ude_sir_h2,ude_sir_h2,1,1.1004843956018533,0.8949089328760711
20,0.005,1,9,gic_evid,ude_sir_h2,ude_sir_h2,1,1.1067117220669331,0.6562895398532588
20,0.005,1,9,gic_eff_logn,ude_sir_h2,ude_sir_h2,1,2.646938778446895,0.8101831102339362
20,0.005,1,10,aic,ude_sir_h2,tv_sir,0,4.262717476063557,0.46505506638946686
20,0.005,1,10,aicc,ude_sir_h2,tv_sir,0,34.5960508093969,5.622988977388161e-07
20,0.005,1,10,bic,ude_sir_h2,tv_sir,0,11.232843390941497,0.026246877839853598
20,0.005,1,10,gic_pred,ude_sir_h2,neural_ode_h2,0,1.6562078709783634,0.6352081308596145
20,0.005,1,10,gic_evid,ude_sir_h2,ude_sir_h2,1,5.764417456604434,0.2073754209008669
20,0.005,1,10,gic_eff_logn,ude_sir_h2,neural_ode_h2,0,0.697023755267054,0.7096053418762786
20,0.005,1,11,aic,ude_sir_h2,ude_sir_h2,1,3.6699503503443225,0.4188023568333177
20,0.005,1,11,aicc,ude_sir_h2,tv_sir,0,18.878980587963767,0.0008300951340972702
20,0.005,1,11,bic,ude_sir_h2,ude_sir_h2,1,4.484226830491622,0.4458736789589137
20,0.005,1,11,gic_pred,ude_sir_h2,neural_ode_h2,0,0.319374826309172,0.6900063455386822
20,0.005,1,11,gic_evid,ude_sir_h2,ude_sir_h2,1,15.646127951675865,0.0035529366264195335
20,0.005,1,11,gic_eff_logn,ude_sir_h2,ude_sir_h2,1,0.6816720803051339,0.6788974653754551
20,0.005,1,12,aic,ude_sir_h2,tv_sir,0,4.3393172556746435,0.345296208535924
20,0.005,1,12,aicc,ude_sir_h2,tv_sir,0,34.672650589007986,5.423028422144087e-07
20,0.005,1,12,bic,ude_sir_h2,tv_sir,0,11.309443170552584,0.023421462890860844
20,0.005,1,12,gic_pred,ude_sir_h2,ude_sir_h2,1,4.418592107794609,0.37451261959550314
20,0.005,1,12,gic_evid,ude_sir_h2,ude_sir_h2,1,5.841812728624703,0.20182834211064526
20,0.005,1,12,gic_eff_logn,ude_sir_h2,ude_sir_h2,1,5.767256559256424,0.26968027808409895
20,0.005,1,13,aic,ude_sir_h2,tv_sir,0,4.90517060938808,0.4076438682214557
20,0.005,1,13,aicc,ude_sir_h2,tv_sir,0,35.23850394272142,4.1497154078519413e-07
20,0.005,1,13,bic,ude_sir_h2,tv_sir,0,11.87529652426602,0.020504543308380967
20,0.005,1,13,gic_pred,ude_sir_h2,neural_ode_h2,0,1.2131617895247189,0.6762100549450265
20,0.005,1,13,gic_evid,ude_sir_h2,ude_sir_h2,1,4.891587825280368,0.27815054192836475
20,0.005,1,13,gic_eff_logn,ude_sir_h2,ude_sir_h2,1,0.27820939568002245,0.7321295227229982
20,0.005,1,14,aic,ude_sir_h2,ude_sir_h2,1,0.30611714561308645,1.0604587222797748
20,0.005,1,14,aicc,ude_sir_h2,tv_sir,0,30.027216187720256,4.832389367536757e-06
20,0.005,1,14,bic,ude_sir_h2,tv_sir,0,6.6640087692648535,0.17471636236491597
20,0.005,1,14,gic_pred,ude_sir_h2,neural_ode_h2,0,2.267564213610399,0.5577428158369575
20,0.005,1,14,gic_evid,ude_sir_h2,ude_sir_h2,1,8.820506857955806,0.06503749912658432
20,0.005,1,14,gic_eff_logn,ude_sir_h2,neural_ode_h2,0,1.1000545016030685,0.6614851424105853
20,0.005,1,15,aic,ude_sir_h2,ude_sir_h2,1,4.141992745111793,0.6133996747752758
20,0.005,1,15,aicc,ude_sir_h2,tv_sir,0,25.841232475656014,3.406474180942448e-05
20,0.005,1,15,bic,ude_sir_h2,tv_sir,0,2.4780250572006253,0.5676081911137886
20,0.005,1,15,gic_pred,ude_sir_h2,ude_sir_h2,1,0.48464393965272734,0.6867625904674043
20,0.005,1,15,gic_evid,ude_sir_h2,ude_sir_h2,1,11.585769638591302,0.02066156872159599
20,0.005,1,15,gic_eff_logn,ude_sir_h2,ude_sir_h2,1,1.6509706396948332,0.6161222507102434
20,0.005,1,16,aic,ude_sir_h2,tv_sir,0,4.127893458985284,0.3544714333285137
20,0.005,1,16,aicc,ude_sir_h2,tv_sir,0,34.46122679231863,5.992954075431684e-07
20,0.005,1,16,bic,ude_sir_h2,tv_sir,0,11.098019373863224,0.025423021529034924
20,0.005,1,16,gic_pred,ude_sir_h2,ude_sir_h2,1,8.502240092879788,0.1321933192141973
20,0.005,1,16,gic_evid,ude_sir_h2,ude_sir_h2,1,5.136637113020626,0.256745945942787
20,0.005,1,16,gic_eff_logn,ude_sir_h2,ude_sir_h2,1,8.608539926363278,0.11448842354978356
20,0.005,1,17,aic,ude_sir_h2,neural_ode_h2,0,0.5492889952215023,0.9355618920264921
20,0.005,1,17,aicc,ude_sir_h2,tv_sir,0,33.120879314227125,1.1283083367053862e-06
20,0.005,1,17,bic,ude_sir_h2,tv_sir,0,9.408033740318416,0.09494118271616014
20,0.005,1,17,gic_pred,ude_sir_h2,neural_ode_h2,0,7.333607762086672,0.11794846993879685
20,0.005,1,17,gic_evid,ude_sir_h2,ude_sir_h2,1,7.112914618718136,0.12692019314697298
20,0.005,1,17,gic_eff_logn,ude_sir_h2,neural_ode_h2,0,6.33626876795168,0.171587382189186
20,0.005,1,18,aic,ude_sir_h2,ude_sir_h2,1,0.5239318822381733,0.7401477506072247
20,0.005,1,18,aicc,ude_sir_h2,tv_sir,0,29.80940145109517,5.351753237394161e-06
20,0.005,1,18,bic,ude_sir_h2,tv_sir,0,6.446194032639767,0.16422043133244504
20,0.005,1,18,gic_pred,ude_sir_h2,ude_sir_h2,1,3.9716316630438655,0.37656387718206424
20,0.005,1,18,gic_evid,ude_sir_h2,ude_sir_h2,1,8.329868368436166,0.07910716456693537
20,0.005,1,18,gic_eff_logn,ude_sir_h2,ude_sir_h2,1,5.083340028132142,0.272569336903038
20,0.005,1,19,aic,ude_sir_h2,tv_sir,0,1.469625804921833,0.7190176223732427
20,0.005,1,19,aicc,ude_sir_h2,tv_sir,0,31.80295913825516,2.0989391174403206e-06
20,0.005,1,19,bic,ude_sir_h2,tv_sir,0,8.439751719799773,0.07775598740389461
20,0.005,1,19,gic_pred,ude_sir_h2,ude_sir_h2,1,1.9125752228670194,0.604632743582497
20,0.005,1,19,gic_evid,ude_sir_h2,ude_sir_h2,1,7.845783072861423,0.0956959529011381
20,0.005,1,19,gic_eff_logn,ude_sir_h2,ude_sir_h2,1,3.1540143616583407,0.47701438724728445
20,0.005,2,0,aic,ude_sir_h2,ude_sir_h2,1,27.89339755647393,1.3109032174812955e-05
20,0.005,2,0,aicc,ude_sir_h2,ude_sir_h2,1,35.264826127902495,4.0989404173146247e-07
20,0.005,2,0,bic,ude_sir_h2,ude_sir_h2,1,32.96003591881575,1.217519548419653e-06
20,0.005,2,0,gic_pred,ude_sir_h2,ude_sir_h2,1,24.595315166059777,6.0669219823226704e-05
20,0.005,2,0,gic_evid,ude_sir_h2,ude_sir_h2,1,51.46419508933053,1.7853565417719674e-10
20,0.005,2,0,gic_eff_logn,ude_sir_h2,ude_sir_h2,1,26.876921734828784,2.105091088587979e-05
20,0.005,2,1,aic,ude_sir_h2,ude_sir_h2,1,46.05444674930601,2.3995476298347943e-09
20,0.005,2,1,aicc,ude_sir_h2,ude_sir_h2,1,53.425875320734576,7.608815814877818e-11
20,0.005,2,1,bic,ude_sir_h2,ude_sir_h2,1,51.12108511164783,2.4744700568077115e-10
20,0.005,2,1,gic_pred,ude_sir_h2,ude_sir_h2,1,42.63264998130768,1.2332764462062516e-08
20,0.005,2,1,gic_evid,ude_sir_h2,ude_sir_h2,1,54.69927708959406,3.756212814502352e-11
20,0.005,2,1,gic_eff_logn,ude_sir_h2,ude_sir_h2,1,44.80978721483649,4.354992268548278e-09
20,0.005,2,2,aic,ude_sir_h2,ude_sir_h2,1,26.925155900242885,2.058362211248754e-05
20,0.005,2,2,aicc,ude_sir_h2,ude_sir_h2,1,18.639441614528607,0.0009249698707888431
20,0.005,2,2,bic,ude_sir_h2,ude_sir_h2,1,15.102999721445315,0.004490067045220558
20,0.005,2,2,gic_pred,ude_sir_h2,ude_sir_h2,1,35.02059582399198,4.600316453477466e-07
20,0.005,2,2,gic_evid,ude_sir_h2,ude_sir_h2,1,15.165861432290058,0.0043671940369347465
20,0.005,2,2,gic_eff_logn,ude_sir_h2,ude_sir_h2,1,30.034550724811254,4.815802812587741e-06
20,0.005,2,3,aic,ude_sir_h2,ude_sir_h2,1,52.414838793398985,1.129948961232364e-10
20,0.005,2,3,aicc,ude_sir_h2,ude_sir_h2,1,44.12912450768468,6.0315319809469645e-09
20,0.005,2,3,bic,ude_sir_h2,ude_sir_h2,1,40.59268261460144,3.263743322674024e-08
20,0.005,2,3,gic_pred,ude_sir_h2,ude_sir_h2,1,60.92930683874471,2.1326520102821524e-12
20,0.005,2,3,gic_evid,ude_sir_h2,ude_sir_h2,1,40.08532521958398,4.156070604959019e-08
20,0.005,2,3,gic_eff_logn,ude_sir_h2,ude_sir_h2,1,56.29710573219421,1.7540573409824925e-11
20,0.005,2,4,aic,ude_sir_h2,ude_sir_h2,1,50.32058478362927,3.105356669501043e-10
20,0.005,2,4,aicc,ude_sir_h2,ude_sir_h2,1,53.84981429601686,6.543445135010875e-11
20,0.005,2,4,bic,ude_sir_h2,ude_sir_h2,1,50.313372402933624,3.375321176874821e-10
20,0.005,2,4,gic_pred,ude_sir_h2,ude_sir_h2,1,45.46561972765147,3.1813965469333825e-09
20,0.005,2,4,gic_evid,ude_sir_h2,ude_sir_h2,1,51.691370156968645,1.6004287047439135e-10
20,0.005,2,4,gic_eff_logn,ude_sir_h2,ude_sir_h2,1,46.43253272325222,2.001946936972463e-09
20,0.005,2,5,aic,ude_sir_h2,ude_sir_h2,1,28.83491194796744,8.445604701691113e-06
20,0.005,2,5,aicc,ude_sir_h2,ude_sir_h2,1,20.549197662253164,0.00038894234551486154
20,0.005,2,5,bic,ude_sir_h2,ude_sir_h2,1,17.0127557691699,0.001921582062693754
20,0.005,2,5,gic_pred,ude_sir_h2,ude_sir_h2,1,37.010924509670076,1.8190449863103986e-07
20,0.005,2,5,gic_evid,ude_sir_h2,ude_sir_h2,1,18.470300097576455,0.0009983417065055642
20,0.005,2,5,gic_eff_logn,ude_sir_h2,ude_sir_h2,1,32.09291814689101,1.8319255219723143e-06
20,0.005,2,6,aic,ude_sir_h2,ude_sir_h2,1,30.65447771344725,4.679488435319508e-06
20,0.005,2,6,aicc,ude_sir_h2,ude_sir_h2,1,22.368763427732972,0.00016926470566123474
20,0.005,2,6,bic,ude_sir_h2,ude_sir_h2,1,18.832321534649708,0.0008478861542202972
20,0.005,2,6,gic_pred,ude_sir_h2,ude_sir_h2,1,30.862730605787817,3.3276747354390467e-06
20,0.005,2,6,gic_evid,ude_sir_h2,ude_sir_h2,1,20.905080208462493,0.00033068107408626803
20,0.005,2,6,gic_eff_logn,ude_sir_h2,ude_sir_h2,1,33.94226165466796,1.3137285726474022e-06
20,0.005,2,7,aic,ude_sir_h2,ude_sir_h2,1,48.47796555669845,7.50313636422723e-10
20,0.005,2,7,aicc,ude_sir_h2,ude_sir_h2,1,40.192251270984144,3.9497194344418e-08
20,0.005,2,7,bic,ude_sir_h2,ude_sir_h2,1,36.65580937790091,2.1206886294129376e-07
20,0.005,2,7,gic_pred,ude_sir_h2,ude_sir_h2,1,56.79657407108263,1.4566049564053214e-11
20,0.005,2,7,gic_evid,ude_sir_h2,ude_sir_h2,1,38.225500867648805,1.0067216657433259e-07
20,0.005,2,7,gic_eff_logn,ude_sir_h2,ude_sir_h2,1,51.998981395665396,1.3896927359315666e-10
20,0.005,2,8,aic,ude_sir_h2,ude_sir_h2,1,62.31179111224134,9.47355715652721e-13
20,0.005,2,8,aicc,ude_sir_h2,ude_sir_h2,1,54.02607682652703,5.1969283243633515e-11
20,0.005,2,8,bic,ude_sir_h2,ude_sir_h2,1,50.489634933443796,2.853374173445237e-10
20,0.005,2,8,gic_pred,ude_sir_h2,ude_sir_h2,1,70.71834356132331,1.73920548711868e-14
20,0.005,2,8,gic_evid,ude_sir_h2,ude_sir_h2,1,50.63299544090282,2.6632557716848777e-10
20,0.005,2,8,gic_eff_logn,ude_sir_h2,ude_sir_h2,1,65.99501423811861,1.5976057782516035e-13
20,0.005,2,9,aic,ude_sir_h2,ude_sir_h2,1,36.76165618164703,2.0172395290719568e-07
20,0.005,2,9,aicc,ude_sir_h2,ude_sir_h2,1,28.47594189593272,9.987451744552367e-06
20,0.005,2,9,bic,ude_sir_h2,ude_sir_h2,1,24.939500002849485,5.173856019453056e-05
20,0.005,2,9,gic_pred,ude_sir_h2,ude_sir_h2,1,45.18376544389207,4.0144319317593605e-09
20,0.005,2,9,gic_evid,ude_sir_h2,ude_sir_h2,1,25.765689666438305,3.528003306098236e-05
20,0.005,2,9,gic_eff_logn,ude_sir_h2,ude_sir_h2,1,40.47357291174865,3.477838357982784e-08
20,0.005,2,10,aic,ude_sir_h2,ude_sir_h2,1,68.20198245980404,5.784705842656369e-14
20,0.005,2,10,aicc,ude_sir_h2,ude_sir_h2,1,65.52542869548623,2.0097802921322957e-13
20,0.005,2,10,bic,ude_sir_h2,ude_sir_h2,1,61.98898680240299,1.1120151132553522e-12
20,0.005,2,10,gic_pred,ude_sir_h2,ude_sir_h2,1,63.534815225517804,5.237044244768182e-13
20,0.005,2,10,gic_evid,ude_sir_h2,ude_sir_h2,1,61.64907128361199,1.3057295856972171e-12
20,0.005,2,10,gic_eff_logn,ude_sir_h2,ude_sir_h2,1,64.6603121624097,3.0400028137845036e-13
20,0.005,2,11,aic,ude_sir_h2,ude_sir_h2,1,27.89478370678779,1.3100562301903866e-05
20,0.005,2,11,aicc,ude_sir_h2,ude_sir_h2,1,19.609069421073514,0.0005963866090108429
20,0.005,2,11,bic,ude_sir_h2,ude_sir_h2,1,16.07262752799022,0.0029223476643015687
20,0.005,2,11,gic_pred,ude_sir_h2,ude_sir_h2,1,36.56831888164817,2.2110643373320737e-07
20,0.005,2,11,gic_evid,ude_sir_h2,ude_sir_h2,1,16.4013570385778,0.0025246298997634313
20,0.005,2,11,gic_eff_logn,ude_sir_h2,ude_sir_h2,1,32.0704403785287,1.8507486841974064e-06
20,0.005,2,12,aic,ude_sir_h2,ude_sir_h2,1,38.852049875386285,7.591649223642783e-08
20,0.005,2,12,aicc,ude_sir_h2,ude_sir_h2,1,39.25971777528761,6.378098364800418e-08
20,0.005,2,12,bic,ude_sir_h2,ude_sir_h2,1,35.723275882204376,3.365597612170507e-07
20,0.005,2,12,gic_pred,ude_sir_h2,ude_sir_h2,1,36.132733221974775,2.7175378651770506e-07
20,0.005,2,12,gic_evid,ude_sir_h2,ude_sir_h2,1,37.51800832031597,1.4087471713058337e-07
20,0.005,2,12,gic_eff_logn,ude_sir_h2,ude_sir_h2,1,38.90307257172833,7.313122478176943e-08
20,0.005,2,13,aic,ude_sir_h2,ude_sir_h2,1,31.214210228070044,5.110817648686222e-06
20,0.005,2,13,aicc,ude_sir_h2,ude_sir_h2,1,22.928495942355767,0.00013093018776090174
20,0.005,2,13,bic,ude_sir_h2,ude_sir_h2,1,19.392054049272474,0.0006582747832548306
20,0.005,2,13,gic_pred,ude_sir_h2,ude_sir_h2,1,28.82239384395524,8.543611203680806e-06
20,0.005,2,13,gic_evid,ude_sir_h2,ude_sir_h2,1,20.290933248541478,0.00043748362486816466
20,0.005,2,13,gic_eff_logn,ude_sir_h2,ude_sir_h2,1,31.56925314278334,2.78588404583561e-06
20,0.005,2,14,aic,ude_sir_h2,ude_sir_h2,1,30.873717045321712,3.2496971821880626e-06
20,0.005,2,14,aicc,ude_sir_h2,ude_sir_h2,1,38.24514561675028,1.650891881919663e-07
20,0.005,2,14,bic,ude_sir_h2,ude_sir_h2,1,35.597895468720395,6.477263364874642e-07
20,0.005,2,14,gic_pred,ude_sir_h2,ude_sir_h2,1,28.469589411352104,1.001715618039562e-05
20,0.005,2,14,gic_evid,ude_sir_h2,ude_sir_h2,1,36.51452986681198,2.267593403908497e-07
20,0.005,2,14,gic_eff_logn,ude_sir_h2,ude_sir_h2,1,31.5060868906545,2.4136217372889827e-06
20,0.005,2,15,aic,ude_sir_h2,ude_sir_h2,1,44.93112000152138,4.1098446972441256e-09
20,0.005,2,15,aicc,ude_sir_h2,ude_sir_h2,1,52.302548572949945,1.5214011433576466e-10
20,0.005,2,15,bic,ude_sir_h2,ude_sir_h2,1,49.9977583638632,5.422948786429885e-10
20,0.005,2,15,gic_pred,ude_sir_h2,ude_sir_h2,1,41.38519017433691,2.2368242490221086e-08
20,0.005,2,15,gic_evid,ude_sir_h2,ude_sir_h2,1,51.90468073560521,1.444235321987504e-10
20,0.005,2,15,gic_eff_logn,ude_sir_h2,ude_sir_h2,1,43.457504521247955,8.315810380366498e-09
20,0.005,2,16,aic,ude_sir_h2,ude_sir_h2,1,42.34483027941263,1.4155879204460079e-08
20,0.005,2,16,aicc,ude_sir_h2,ude_sir_h2,1,34.05911599369833,7.246730296566944e-07
20,0.005,2,16,bic,ude_sir_h2,ude_sir_h2,1,30.52267410061509,3.830378970908138e-06
20,0.005,2,16,gic_pred,ude_sir_h2,ude_sir_h2,1,50.89280633959885,2.7085484629793047e-10
20,0.005,2,16,gic_evid,ude_sir_h2,ude_sir_h2,1,31.392756204811775,2.5454924375864047e-06
20,0.005,2,16,gic_eff_logn,ude_sir_h2,ude_sir_h2,1,46.28890073195444,2.1582699508248838e-09
20,0.005,2,17,aic,ude_sir_h2,ude_sir_h2,1,51.6322050909489,1.6852567826463145e-10
20,0.005,2,17,aicc,ude_sir_h2,ude_sir_h2,1,51.124202392751926,2.1496997376479652e-10
20,0.005,2,17,bic,ude_sir_h2,ude_sir_h2,1,47.58776049966869,1.1645624751657574e-09
20,0.005,2,17,gic_pred,ude_sir_h2,ude_sir_h2,1,48.21861027017229,8.498266840307544e-10
20,0.005,2,17,gic_evid,ude_sir_h2,ude_sir_h2,1,48.56655651563051,7.190176789679311e-10
20,0.005,2,17,gic_eff_logn,ude_sir_h2,ude_sir_h2,1,50.40267355377452,2.9818624192126096e-10
20,0.005,2,18,aic,ude_sir_h2,ude_sir_h2,1,42.10205317774131,3.08549989322103e-08
20,0.005,2,18,aicc,ude_sir_h2,ude_sir_h2,1,33.816338892027034,8.131308460676764e-07
20,0.005,2,18,bic,ude_sir_h2,ude_sir_h2,1,30.27989699894377,4.293781287231142e-06
20,0.005,2,18,gic_pred,ude_sir_h2,ude_sir_h2,1,39.83020429680988,4.720293186263243e-08
20,0.005,2,18,gic_evid,ude_sir_h2,ude_sir_h2,1,30.79929151342347,3.3639784525410453e-06
20,0.005,2,18,gic_eff_logn,ude_sir_h2,ude_sir_h2,1,42.87264052106457,1.3572990334965552e-08
20,0.005,2,19,aic,ude_sir_h2,ude_sir_h2,1,33.568125787915505,9.137030301158109e-07
20,0.005,2,19,aicc,ude_sir_h2,ude_sir_h2,1,25.282411502201228,4.414133902658587e-05
20,0.005,2,19,bic,ude_sir_h2,ude_sir_h2,1,21.745969609117935,0.00022515143569746206
20,0.005,2,19,gic_pred,ude_sir_h2,ude_sir_h2,1,41.84594261587614,1.7954298150678862e-08
20,0.005,2,19,gic_evid,ude_sir_h2,ude_sir_h2,1,22.80628893986909,0.00013842178050620988
20,0.005,2,19,gic_eff_logn,ude_sir_h2,ude_sir_h2,1,37.01390381990922,1.7894613309325404e-07
20,0.005,4,0,aic,ude_sir_h2,ude_sir_h2,1,133.7750508453555,5.976706506811749e-28
20,0.005,4,0,aicc,ude_sir_h2,ude_sir_h2,1,136.3542363657175,1.6776154648706304e-28
20,0.005,4,0,bic,ude_sir_h2,ude_sir_h2,1,140.92113074937714,1.7673045258098222e-29
20,0.005,4,0,gic_pred,ude_sir_h2,ude_sir_h2,1,127.42282338255279,1.3636493076448736e-26
20,0.005,4,0,gic_evid,ude_sir_h2,ude_sir_h2,1,276.3269316703909,1.3701319900927505e-58
20,0.005,4,0,gic_eff_logn,ude_sir_h2,ude_sir_h2,1,127.0033157836229,1.67635289894352e-26
20,0.005,4,1,aic,ude_sir_h2,ude_sir_h2,1,73.0971267287648,5.120181512724788e-15
20,0.005,4,1,aicc,ude_sir_h2,ude_sir_h2,1,75.6763122491268,1.3964569587616972e-15
20,0.005,4,1,bic,ude_sir_h2,ude_sir_h2,1,80.24320663278644,1.5093409473275354e-16
20,0.005,4,1,gic_pred,ude_sir_h2,ude_sir_h2,1,70.5771565206918,1.7116536334640065e-14
20,0.005,4,1,gic_evid,ude_sir_h2,ude_sir_h2,1,197.78510812569124,1.1134560069906801e-41
20,0.005,4,1,gic_eff_logn,ude_sir_h2,ude_sir_h2,1,74.72191834760622,2.2220795862175576e-15
20,0.005,4,2,aic,ude_sir_h2,ude_sir_h2,1,58.436890325412605,6.178260702524154e-12
20,0.005,4,2,aicc,ude_sir_h2,ude_sir_h2,1,61.016075845774594,1.7740773324599087e-12
20,0.005,4,2,bic,ude_sir_h2,ude_sir_h2,1,65.58297022943424,1.9396467860510876e-13
20,0.005,4,2,gic_pred,ude_sir_h2,ude_sir_h2,1,56.03282160024838,1.9736479769702534e-11
20,0.005,4,2,gic_evid,ude_sir_h2,ude_sir_h2,1,192.02247775804074,1.928283245594697e-40
20,0.005,4,2,gic_eff_logn,ude_sir_h2,ude_sir_h2,1,60.31562363680621,2.490000015419254e-12
20,0.005,4,3,aic,ude_sir_h2,ude_sir_h2,1,104.7176869887137,9.54625952248781e-22
20,0.005,4,3,aicc,ude_sir_h2,ude_sir_h2,1,107.29687250907568,2.6936256538399154e-22
20,0.005,4,3,bic,ude_sir_h2,ude_sir_h2,1,111.86376689273533,2.8625369463719734e-23
20,0.005,4,3,gic_pred,ude_sir_h2,ude_sir_h2,1,100.12794829221332,9.057693230153548e-21
20,0.005,4,3,gic_evid,ude_sir_h2,ude_sir_h2,1,264.24709906461976,6.14057051314765e-56
20,0.005,4,3,gic_eff_logn,ude_sir_h2,ude_sir_h2,1,101.80758828560619,3.976612284231153e-21
20,0.005,4,4,aic,ude_sir_h2,ude_sir_h2,1,119.26767847073967,7.530875285542615e-25
20,0.005,4,4,aicc,ude_sir_h2,ude_sir_h2,1,121.84686399110166,2.118722243919899e-25
20,0.005,4,4,bic,ude_sir_h2,ude_sir_h2,1,126.4137583747613,2.2406060192745714e-26
20,0.005,4,4,gic_pred,ude_sir_h2,ude_sir_h2,1,112.60302878447499,1.9910540662318938e-23
20,0.005,4,4,gic_evid,ude_sir_h2,ude_sir_h2,1,287.1418971059175,6.382573894237335e-61
20,0.005,4,4,gic_eff_logn,ude_sir_h2,ude_sir_h2,1,111.81142215676999,2.937070339601211e-23
20,0.005,4,5,aic,ude_sir_h2,ude_sir_h2,1,99.72860259030813,1.1015363713518517e-20
20,0.005,4,5,aicc,ude_sir_h2,ude_sir_h2,1,102.30778811067012,3.111893916335142e-21
20,0.005,4,5,bic,ude_sir_h2,ude_sir_h2,1,106.87468249432976,3.313617770633344e-22
20,0.005,4,5,gic_pred,ude_sir_h2,ude_sir_h2,1,95.37247447766185,9.300865402148307e-20
20,0.005,4,5,gic_evid,ude_sir_h2,ude_sir_h2,1,258.38927508405914,1.0062973102504774e-54
20,0.005,4,5,gic_eff_logn,ude_sir_h2,ude_sir_h2,1,97.33034778749595,3.5661679834020184e-20
20,0.005,4,6,aic,ude_sir_h2,ude_sir_h2,1,115.4917194626197,4.8173989930584795e-24
20,0.005,4,6,aicc,ude_sir_h2,ude_sir_h2,1,118.07090498298169,1.3562559067389006e-24
20,0.005,4,6,bic,ude_sir_h2,ude_sir_h2,1,122.63779936664133,1.4359343488736972e-25
20,0.005,4,6,gic_pred,ude_sir_h2,ude_sir_h2,1,111.99339127065826,2.6860029221415194e-23
20,0.005,4,6,gic_evid,ude_sir_h2,ude_sir_h2,1,263.6736495965968,7.311916333049304e-56
20,0.005,4,6,gic_eff_logn,ude_sir_h2,ude_sir_h2,1,114.97291570963858,6.2160445593646035e-24
20,0.005,4,7,aic,ude_sir_h2,ude_sir_h2,1,89.11858510631555,1.9819076489680396e-18
20,0.005,4,7,aicc,ude_sir_h2,ude_sir_h2,1,91.69777062667754,5.615790379051242e-19
20,0.005,4,7,bic,ude_sir_h2,ude_sir_h2,1,96.26466501033718,6.009391523777905e-20
20,0.005,4,7,gic_pred,ude_sir_h2,ude_sir_h2,1,84.83014463342306,1.610231636781938e-17
20,0.005,4,7,gic_evid,ude_sir_h2,ude_sir_h2,1,237.50320929391137,3.173020452543193e-50
20,0.005,4,7,gic_eff_logn,ude_sir_h2,ude_sir_h2,1,86.86863482362298,5.9504337407448e-18
20,0.005,4,8,aic,ude_sir_h2,ude_sir_h2,1,122.85571826686237,1.2899863739427827e-25
20,0.005,4,8,aicc,ude_sir_h2,ude_sir_h2,1,125.43490378722436,3.6269797340231974e-26
20,0.005,4,8,bic,ude_sir_h2,ude_sir_h2,1,130.001798170884,3.831665355217267e-27
20,0.005,4,8,gic_pred,ude_sir_h2,ude_sir_h2,1,116.60124829707621,2.7927614753108325e-24
20,0.005,4,8,gic_evid,ude_sir_h2,ude_sir_h2,1,283.1449709323486,4.6433308493547456e-60
20,0.005,4,8,gic_eff_logn,ude_sir_h2,ude_sir_h2,1,116.29817117419844,3.241275089500925e-24
20,0.005,4,9,aic,ude_sir_h2,ude_sir_h2,1,148.2133741743002,4.849892636919257e-31
20,0.005,4,9,aicc,ude_sir_h2,ude_sir_h2,1,150.7925596946622,1.3588190411091214e-31
20,0.005,4,9,bic,ude_sir_h2,ude_sir_h2,1,155.35945407832185,1.4270227012058566e-32
20,0.005,4,9,gic_pred,ude_sir_h2,ude_sir_h2,1,141.68496867407646,1.2128127415929008e-29
20,0.005,4,9,gic_evid,ude_sir_h2,ude_sir_h2,1,312.4022181890663,2.2719795716503482e-66
20,0.005,4,9,gic_eff_logn,ude_sir_h2,ude_sir_h2,1,141.0556306863558,1.6539386922008856e-29
20,0.005,4,10,aic,ude_sir_h2,ude_sir_h2,1,134.0124646498482,5.317141855341503e-28
20,0.005,4,10,aicc,ude_sir_h2,ude_sir_h2,1,136.5916501702102,1.492430736202908e-28
20,0.005,4,10,bic,ude_sir_h2,ude_sir_h2,1,141.15854455386983,1.572130848454544e-29
20,0.005,4,10,gic_pred,ude_sir_h2,ude_sir_h2,1,127.13026254939336,1.5748282406141866e-26
20,0.005,4,10,gic_evid,ude_sir_h2,ude_sir_h2,1,298.19629700629935,2.6361437785028886e-63
20,0.005,4,10,gic_eff_logn,ude_sir_h2,ude_sir_h2,1,126.07954809916885,2.6411230635637577e-26
20,0.005,4,11,aic,ude_sir_h2,ude_sir_h2,1,101.38947846571227,4.881096379526161e-21
20,0.005,4,11,aicc,ude_sir_h2,ude_sir_h2,1,103.96866398607426,1.3783640503620836e-21
20,0.005,4,11,bic,ude_sir_h2,ude_sir_h2,1,108.5355583697339,1.46671253648307e-22
20,0.005,4,11,gic_pred,ude_sir_h2,ude_sir_h2,1,97.9145766620253,2.678780838849917e-20
20,0.005,4,11,gic_evid,ude_sir_h2,ude_sir_h2,1,248.91895281592588,1.1039874719836389e-52
20,0.005,4,11,gic_eff_logn,ude_sir_h2,ude_sir_h2,1,100.92200224141766,6.137924250623162e-21
20,0.005,4,12,aic,ude_sir_h2,ude_sir_h2,1,161.44822490101012,7.0626337415326045e-34
20,0.005,4,12,aicc,ude_sir_h2,ude_sir_h2,1,164.0274104213721,1.9759994502768254e-34
20,0.005,4,12,bic,ude_sir_h2,ude_sir_h2,1,168.59430480503175,2.0702594495777775e-35
20,0.005,4,12,gic_pred,ude_sir_h2,ude_sir_h2,1,154.8615035773728,1.8245898074738044e-32
20,0.005,4,12,gic_evid,ude_sir_h2,ude_sir_h2,1,299.1864610273468,1.6121772352190775e-63
20,0.005,4,12,gic_eff_logn,ude_sir_h2,ude_sir_h2,1,154.16271066735527,2.5759774877873645e-32
20,0.005,4,13,aic,ude_sir_h2,ude_sir_h2,1,133.64281891934826,6.378906414287028e-28
20,0.005,4,13,aicc,ude_sir_h2,ude_sir_h2,1,136.22200443971025,1.7905433904120147e-28
20,0.005,4,13,bic,ude_sir_h2,ude_sir_h2,1,140.7888988233699,1.88632916854361e-29
20,0.005,4,13,gic_pred,ude_sir_h2,ude_sir_h2,1,127.23052274378807,1.4990093344052965e-26
20,0.005,4,13,gic_evid,ude_sir_h2,ude_sir_h2,1,292.22437133700885,5.116470361304235e-62
20,0.005,4,13,gic_eff_logn,ude_sir_h2,ude_sir_h2,1,126.7394725080087,1.9087766990488012e-26
20,0.005,4,14,aic,ude_sir_h2,ude_sir_h2,1,111.42000135373496,3.5594859493156e-23
20,0.005,4,14,aicc,ude_sir_h2,ude_sir_h2,1,113.99918687409695,1.0029120687990216e-23
20,0.005,4,14,bic,ude_sir_h2,ude_sir_h2,1,118.5660812577566,1.0632442798999666e-24
20,0.005,4,14,gic_pred,ude_sir_h2,ude_sir_h2,1,107.1755968911778,2.8587801175111846e-22
20,0.005,4,14,gic_evid,ude_sir_h2,ude_sir_h2,1,272.8578684042122,7.6660772359915e-58
20,0.005,4,14,gic_eff_logn,ude_sir_h2,ude_sir_h2,1,109.26653455612967,1.0245441232176148e-22
20,0.005,4,15,aic,ude_sir_h2,ude_sir_h2,1,144.2097321363031,3.493165182292573e-30
20,0.005,4,15,aicc,ude_sir_h2,ude_sir_h2,1,146.7889176566651,9.791625646086648e-31
20,0.005,4,15,bic,ude_sir_h2,ude_sir_h2,1,151.35581204032474,1.0291344592568718e-31
20,0.005,4,15,gic_pred,ude_sir_h2,ude_sir_h2,1,137.71455083370108,8.582525093219675e-29
20,0.005,4,15,gic_evid,ude_sir_h2,ude_sir_h2,1,292.2873463109812,4.958943979376706e-62
20,0.005,4,15,gic_eff_logn,ude_sir_h2,ude_sir_h2,1,137.12478330780584,1.1476715006755537e-28
20,0.005,4,16,aic,ude_sir_h2,ude_sir_h2,1,126.93112630081981,1.7369778123608662e-26
20,0.005,4,16,aicc,ude_sir_h2,ude_sir_h2,1,129.5103118211818,4.880535393454565e-27
20,0.005,4,16,bic,ude_sir_h2,ude_sir_h2,1,134.07720620484145,5.150264747271701e-28
20,0.005,4,16,gic_pred,ude_sir_h2,ude_sir_h2,1,120.90723038317986,3.363185240600659e-25
20,0.005,4,16,gic_evid,ude_sir_h2,ude_sir_h2,1,284.93913215160654,1.9053541738712352e-60
20,0.005,4,16,gic_eff_logn,ude_sir_h2,ude_sir_h2,1,120.87877002704079,3.4105830992569534e-25
20,0.005,4,17,aic,ude_sir_h2,ude_sir_h2,1,133.7842365443533,5.949727845625399e-28
20,0.005,4,17,aicc,ude_sir_h2,ude_sir_h2,1,136.36342206471528,1.6700405936047065e-28
20,0.005,4,17,bic,ude_sir_h2,ude_sir_h2,1,140.93031644837492,1.7593208443933097e-29
20,0.005,4,17,gic_pred,ude_sir_h2,ude_sir_h2,1,130.0323933192509,3.774384297686876e-27
20,0.005,4,17,gic_evid,ude_sir_h2,ude_sir_h2,1,298.89596427100076,1.8623276122863184e-63
20,0.005,4,17,gic_eff_logn,ude_sir_h2,ude_sir_h2,1,132.70997797761527,1.009875920157509e-27
20,0.005,4,18,aic,ude_sir_h2,ude_sir_h2,1,170.04332237370403,1.0117921146494035e-35
20,0.005,4,18,aicc,ude_sir_h2,ude_sir_h2,1,172.62250789406602,2.8285646587985678e-36
20,0.005,4,18,bic,ude_sir_h2,ude_sir_h2,1,177.18940227772566,2.959497087947124e-37
20,0.005,4,18,gic_pred,ude_sir_h2,ude_sir_h2,1,163.08627623713113,3.1452306481762584e-34
20,0.005,4,18,gic_evid,ude_sir_h2,ude_sir_h2,1,317.26989842272775,2.214143078220071e-67
20,0.005,4,18,gic_eff_logn,ude_sir_h2,ude_sir_h2,1,161.94642154316688,5.522334894384604e-34
20,0.005,4,19,aic,ude_sir_h2,ude_sir_h2,1,78.98266224803888,2.7901951691629113e-16
20,0.005,4,19,aicc,ude_sir_h2,ude_sir_h2,1,81.56184776840087,7.934633117377448e-17
20,0.005,4,19,bic,ude_sir_h2,ude_sir_h2,1,86.12874215206051,8.540816361678103e-18
20,0.005,4,19,gic_pred,ude_sir_h2,ude_sir_h2,1,74.81086001390292,2.1279567971724426e-15
20,0.005,4,19,gic_evid,ude_sir_h2,ude_sir_h2,1,236.34339304085165,5.638943647542831e-50
20,0.005,4,19,gic_eff_logn,ude_sir_h2,ude_sir_h2,1,76.98826789977261,7.372327050979719e-16
20,0.015,1,0,aic,ude_sir_h2,tv_sir,0,12.479489228796865,0.01533357467990637
20,0.015,1,0,aicc,ude_sir_h2,tv_sir,0,42.812822562130194,1.1336508645962848e-08
20,0.015,1,0,bic,ude_sir_h2,tv_sir,0,19.449615143674805,0.0006539324961447215
20,0.015,1,0,gic_pred,ude_sir_h2,ude_sir_h2,1,1.1602265466997892,1.0344349515295441
20,0.015,1,0,gic_evid,ude_sir_h2,ude_sir_h2,1,0.23839248039057281,0.6913805471849716
20,0.015,1,0,gic_eff_logn,ude_sir_h2,ude_sir_h2,1,1.7492589130598049,0.9907394457122798
20,0.015,1,1,aic,ude_sir_h2,tv_sir,0,12.929397583813511,0.012384996468432125
20,0.015,1,1,aicc,ude_sir_h2,tv_sir,0,43.26273091714684,9.127001048044493e-09
20,0.015,1,1,bic,ude_sir_h2,tv_sir,0,19.89952349869145,0.0005305969380034669
20,0.015,1,1,gic_pred,ude_sir_h2,ude_sir_h2,1,1.086179809480626,1.0379347051972783
20,0.015,1,1,gic_evid,ude_sir_h2,tv_sir,0,2.551087591335431,0.524762054555951
20,0.015,1,1,gic_eff_logn,ude_sir_h2,ude_sir_h2,1,1.0939352661010133,0.9900396995129752
20,0.015,1,2,aic,ude_sir_h2,tv_sir,0,13.716835847553298,0.008646055860673685
20,0.015,1,2,aicc,ude_sir_h2,tv_sir,0,44.05016918088663,6.265097996769869e-09
20,0.015,1,2,bic,ude_sir_h2,tv_sir,0,20.68696176243124,0.00036923395356763106
20,0.015,1,2,gic_pred,ude_sir_h2,ude_sir_h2,1,0.3795017657934636,0.9749188857633402
20,0.015,1,2,gic_evid,ude_sir_h2,tv_sir,0,0.9445201169679791,0.6660273873580539
20,0.015,1,2,gic_eff_logn,ude_sir_h2,ude_sir_h2,1,0.4274650011767278,0.9091160091557383
20,0.015,1,3,aic,ude_sir_h2,tv_sir,0,12.5548756942285,0.01471071871877929
20,0.015,1,3,aicc,ude_sir_h2,tv_sir,0,42.88820902756183,1.0915560234013573e-08
20,0.015,1,3,bic,ude_sir_h2,tv_sir,0,19.52500160910644,0.0006305355355221875
20,0.015,1,3,gic_pred,ude_sir_h2,ude_sir_h2,1,1.4271865730769093,1.019841275314896
20,0.015,1,3,gic_evid,ude_sir_h2,tv_sir,0,0.880370295646145,0.6695036753101888
20,0.015,1,3,gic_eff_logn,ude_sir_h2,ude_sir_h2,1,1.4182559833977137,0.9563205529700761
20,0.015,1,4,aic,ude_sir_h2,tv_sir,0,13.039168122778676,0.011213724226382678
20,0.015,1,4,aicc,ude_sir_h2,tv_sir,0,43.372501456112005,8.660514742548184e-09
20,0.015,1,4,bic,ude_sir_h2,tv_sir,0,20.009294037656616,0.0004986557949389847
20,0.015,1,4,gic_pred,ude_sir_h2,ude_sir_h2,1,0.8061380051059217,0.826129442979004
20,0.015,1,4,gic_evid,ude_sir_h2,tv_sir,0,2.3726909666533516,0.5439617699877126
20,0.015,1,4,gic_eff_logn,ude_sir_h2,ude_sir_h2,1,0.7291211646127351,0.7956530392353025
20,0.015,1,5,aic,ude_sir_h2,tv_sir,0,13.174720333270542,0.011382170679936462
20,0.015,1,5,aicc,ude_sir_h2,tv_sir,0,43.50805366660387,8.121567576582736e-09
20,0.015,1,5,bic,ude_sir_h2,tv_sir,0,20.144846248148482,0.0004771978062971202
20,0.015,1,5,gic_pred,ude_sir_h2,ude_sir_h2,1,0.9509735349398483,1.0639028427073065
20,0.015,1,5,gic_evid,ude_sir_h2,tv_sir,0,0.5374593358460942,0.6842058808312094
20,0.015,1,5,gic_eff_logn,ude_sir_h2,ude_sir_h2,1,1.0135522555223133,1.0170689615823265
20,0.015,1,6,aic,ude_sir_h2,tv_sir,0,13.83641063029333,0.008383021551332633
20,0.015,1,6,aicc,ude_sir_h2,tv_sir,0,44.16974396362666,5.9154723639741556e-09
20,0.015,1,6,bic,ude_sir_h2,tv_sir,0,20.80653654517127,0.0003514580832813159
20,0.015,1,6,gic_pred,ude_sir_h2,ude_sir_h2,1,0.018663728761282528,1.0493648470442534
20,0.015,1,6,gic_evid,ude_sir_h2,tv_sir,0,2.9707522253900436,0.478323280871631
20,0.015,1,6,gic_eff_logn,ude_sir_h2,tv_sir,0,0.05348984021613035,0.9972819523217413
20,0.015,1,7,aic,ude_sir_h2,tv_sir,0,10.69572596498162,0.035782042076197076
20,0.015,1,7,aicc,ude_sir_h2,tv_sir,0,41.02905929831495,2.6508480305262034e-08
20,0.015,1,7,bic,ude_sir_h2,tv_sir,0,17.66585187985956,0.0014974127944095438
20,0.015,1,7,gic_pred,ude_sir_h2,neural_ode_h2,0,0.6312017267039352,0.9042327695449828
20,0.015,1,7,gic_evid,ude_sir_h2,ude_sir_h2,1,0.2509322711033519,0.6911948539678974
20,0.015,1,7,gic_eff_logn,ude_sir_h2,ude_sir_h2,1,0.12789142603992332,0.9460655441765281
20,0.015,1,8,aic,ude_sir_h2,tv_sir,0,13.431471875130555,0.009589541701018254
20,0.015,1,8,aicc,ude_sir_h2,tv_sir,0,43.76480520846388,7.179511804246102e-09
20,0.015,1,8,bic,ude_sir_h2,tv_sir,0,20.401597790008495,0.00041845436301048925
20,0.015,1,8,gic_pred,ude_sir_h2,ude_sir_h2,1,0.3667122198536674,0.8852506804823073
20,0.015,1,8,gic_evid,ude_sir_h2,tv_sir,0,2.6663017930724493,0.5121475285022096
20,0.015,1,8,gic_eff_logn,ude_sir_h2,ude_sir_h2,1,0.26623491488329876,0.8299005111939866
20,0.015,1,9,aic,ude_sir_h2,tv_sir,0,16.05142923875644,0.0032991959929958656
20,0.015,1,9,aicc,ude_sir_h2,tv_sir,0,46.38476257208977,2.0481199261704793e-09
20,0.015,1,9,bic,ude_sir_h2,tv_sir,0,23.02155515363438,0.00012883145383962716
20,0.015,1,9,gic_pred,ude_sir_h2,tv_sir,0,1.627521303786608,0.9732675718101325
20,0.015,1,9,gic_evid,ude_sir_h2,tv_sir,0,4.768499407024137,0.2893469921356746
20,0.015,1,9,gic_eff_logn,ude_sir_h2,tv_sir,0,1.4164718978540805,0.9281784881947635
20,0.015,1,10,aic,ude_sir_h2,tv_sir,0,13.521837686961547,0.009965807019092453
20,0.015,1,10,aicc,ude_sir_h2,tv_sir,0,43.855171020294875,7.011866313995273e-09
20,0.015,1,10,bic,ude_sir_h2,tv_sir,0,20.491963601839487,0.0004093334036424317
20,0.015,1,10,gic_pred,ude_sir_h2,ude_sir_h2,1,0.3718982555185164,1.0918678457355715
20,0.015,1,10,gic_evid,ude_sir_h2,tv_sir,0,1.170708416642782,0.6520864323686323
20,0.015,1,10,gic_eff_logn,ude_sir_h2,ude_sir_h2,1,0.3189929797228359,1.0630945945703216
20,0.015,1,11,aic,ude_sir_h2,tv_sir,0,10.630742724193965,0.055830683566797344
20,0.015,1,11,aicc,ude_sir_h2,tv_sir,0,41.45419897916638,2.165654326855011e-08
20,0.015,1,11,bic,ude_sir_h2,tv_sir,0,18.09099156071099,0.0015664752999650614
20,0.015,1,11,gic_pred,ude_sir_h2,neural_ode_h2,0,4.712182841228355,0.39395996034806574
20,0.015,1,11,gic_evid,ude_sir_h2,ude_sir_h2,1,0.6870222244174897,0.6786514798369186
20,0.015,1,11,gic_eff_logn,ude_sir_h2,neural_ode_h2,0,3.8270066819732875,0.518704259811779
20,0.015,1,12,aic,ude_sir_h2,tv_sir,0,13.138330525438647,0.010806602732816521
20,0.015,1,12,aicc,ude_sir_h2,tv_sir,0,43.471663858771976,8.25959946108091e-09
20,0.015,1,12,bic,ude_sir_h2,tv_sir,0,20.108456440316587,0.00047731536208306873
20,0.015,1,12,gic_pred,ude_sir_h2,ude_sir_h2,1,0.6979139488216219,0.8435120850642136
20,0.015,1,12,gic_evid,ude_sir_h2,tv_sir,0,1.87006432801671,0.5947435957332067
20,0.015,1,12,gic_eff_logn,ude_sir_h2,ude_sir_h2,1,0.6163856178457081,0.7984989518833603
20,0.015,1,13,aic,ude_sir_h2,tv_sir,0,13.397545548405631,0.009807426683652316
20,0.015,1,13,aicc,ude_sir_h2,tv_sir,0,43.73087888173896,7.296924709208283e-09
20,0.015,1,13,bic,ude_sir_h2,tv_sir,0,20.36767146328357,0.00042573290789728975
20,0.015,1,13,gic_pred,ude_sir_h2,ude_sir_h2,1,0.47209711584875436,0.9174062763538238
20,0.015,1,13,gic_evid,ude_sir_h2,tv_sir,0,2.725554732690725,0.5056109002146773
20,0.015,1,13,gic_eff_logn,ude_sir_h2,ude_sir_h2,1,0.4071966127005311,0.8543171456331793
20,0.015,1,14,aic,ude_sir_h2,tv_sir,0,12.524397751685498,0.01545581492475787
20,0.015,1,14,aicc,ude_sir_h2,tv_sir,0,42.85773108501883,1.1671492454669406e-08
20,0.015,1,14,bic,ude_sir_h2,tv_sir,0,19.49452366656344,0.0006452430980236714
20,0.015,1,14,gic_pred,ude_sir_h2,ude_sir_h2,1,0.5330313306973409,1.0559119692180272
20,0.015,1,14,gic_evid,ude_sir_h2,ude_sir_h2,1,0.19452402708131444,0.6919719362114254
20,0.015,1,14,gic_eff_logn,ude_sir_h2,ude_sir_h2,1,1.3722092346437336,1.0354889932587277
20,0.015,1,15,aic,ude_sir_h2,tv_sir,0,11.899912598909708,0.021760104670950478
20,0.015,1,15,aicc,ude_sir_h2,tv_sir,0,42.23324593224304,1.492402564477824e-08
20,0.015,1,15,bic,ude_sir_h2,tv_sir,0,18.870038513787648,0.0008734914872803197
20,0.015,1,15,gic_pred,ude_sir_h2,neural_ode_h2,0,0.7839629793915464,0.9668289741069643
20,0.015,1,15,gic_evid,ude_sir_h2,tv_sir,0,0.25248499909309885,0.6911702669506107
20,0.015,1,15,gic_eff_logn,ude_sir_h2,ude_sir_h2,1,0.002879450041604059,1.0133559219041024
20,0.015,1,16,aic,ude_sir_h2,tv_sir,0,13.784819283164524,0.008131483959177292
20,0.015,1,16,aicc,ude_sir_h2,tv_sir,0,44.11815261649785,6.063292878244288e-09
20,0.015,1,16,bic,ude_sir_h2,tv_sir,0,20.754945198042464,0.00035532378942506845
20,0.015,1,16,gic_pred,ude_sir_h2,ude_sir_h2,1,0.47202889659514824,0.8298441740801421
20,0.015,1,16,gic_evid,ude_sir_h2,tv_sir,0,1.485853710720022,0.628639346778118
20,0.015,1,16,gic_eff_logn,ude_sir_h2,ude_sir_h2,1,0.5999049075902718,0.787628238566684
20,0.015,1,17,aic,ude_sir_h2,tv_sir,0,13.326240944712978,0.014464620324697051
20,0.015,1,17,aicc,ude_sir_h2,tv_sir,0,43.65957427804631,7.643052569686293e-09
20,0.015,1,17,bic,ude_sir_h2,tv_sir,0,20.29636685959092,0.0004877270203301981
20,0.015,1,17,gic_pred,ude_sir_h2,neural_ode_h2,0,2.6642504992544502,0.8456760837829147
20,0.015,1,17,gic_evid,ude_sir_h2,tv_sir,0,1.0575601328561959,0.6593915583207501
20,0.015,1,17,gic_eff_logn,ude_sir_h2,neural_ode_h2,0,1.8365104110353485,0.9693872401423875
20,0.015,1,18,aic,ude_sir_h2,tv_sir,0,12.302778028997295,0.015729321729002422
20,0.015,1,18,aicc,ude_sir_h2,tv_sir,0,42.636111362330624,1.2312391292498192e-08
20,0.015,1,18,bic,ude_sir_h2,tv_sir,0,19.272903943875235,0.000699820663203483
20,0.015,1,18,gic_pred,ude_sir_h2,ude_sir_h2,1,1.5681488191723787,0.9258621231987455
20,0.015,1,18,gic_evid,ude_sir_h2,tv_sir,0,1.0659669250547523,0.6588618076354604
20,0.015,1,18,gic_eff_logn,ude_sir_h2,ude_sir_h2,1,1.5038876677089803,0.8764043038711753
20,0.015,1,19,aic,ude_sir_h2,tv_sir,0,12.319757606737952,0.016205397789456635
20,0.015,1,19,aicc,ude_sir_h2,tv_sir,0,42.65309094007128,1.2212948179827409e-08
20,0.015,1,19,bic,ude_sir_h2,tv_sir,0,19.28988352161589,0.000700679225390005
20,0.015,1,19,gic_pred,ude_sir_h2,ude_sir_h2,1,1.4311385448626197,1.029166317717139
20,0.015,1,19,gic_evid,ude_sir_h2,tv_sir,0,1.0273764606302365,0.6612222227439557
20,0.015,1,19,gic_eff_logn,ude_sir_h2,ude_sir_h2,1,1.5171862439492827,0.9896684101207416
20,0.015,2,0,aic,ude_sir_h2,tv_sir,0,1.1735034165262164,0.6519686345679805
20,0.015,2,0,aicc,ude_sir_h2,tv_sir,0,9.459217702240494,0.050187800710344004
20,0.015,2,0,bic,ude_sir_h2,tv_sir,0,12.995659595323758,0.011281199677022456
20,0.015,2,0,gic_pred,ude_sir_h2,ude_sir_h2,1,9.017520190036976,0.06125364724009598
20,0.015,2,0,gic_evid,ude_sir_h2,tv_sir,0,5.5021523587102195,0.22703878234209088
20,0.015,2,0,gic_eff_logn,ude_sir_h2,ude_sir_h2,1,5.8010692039968035,0.20525851161461864
20,0.015,2,1,aic,ude_sir_h2,tv_sir,0,0.23611206266636486,0.6925992802515835
20,0.015,2,1,aicc,ude_sir_h2,tv_sir,0,8.521826348380642,0.07329496878697447
20,0.015,2,1,bic,ude_sir_h2,tv_sir,0,12.058268241463907,0.01688635471215904
20,0.015,2,1,gic_pred,ude_sir_h2,ude_sir_h2,1,10.04215454771662,0.053636789065488334
20,0.015,2,1,gic_evid,ude_sir_h2,tv_sir,0,6.257653294994384,0.17404166442540306
20,0.015,2,1,gic_eff_logn,ude_sir_h2,ude_sir_h2,1,6.8993750200096144,0.14393365694096422
20,0.015,2,2,aic,ude_sir_h2,tv_sir,0,10.539632011499037,0.03210348089756709
20,0.015,2,2,aicc,ude_sir_h2,tv_sir,0,18.825346297213315,0.0008504650268037406
20,0.015,2,2,bic,ude_sir_h2,tv_sir,0,22.36178819029658,0.0001697746157086233
20,0.015,2,2,gic_pred,ude_sir_h2,tv_sir,0,0.5505989992083755,0.6837637958792484
20,0.015,2,2,gic_evid,ude_sir_h2,tv_sir,0,15.69563298007526,0.0034547187008664303
20,0.015,2,2,gic_eff_logn,ude_sir_h2,tv_sir,0,3.937618867544188,0.37191000897273463
20,0.015,2,3,aic,ude_sir_h2,tv_sir,0,7.762044954949829,0.09890343203327154
20,0.015,2,3,aicc,ude_sir_h2,tv_sir,0,16.047759240664107,0.002954852702440723
20,0.015,2,3,bic,ude_sir_h2,tv_sir,0,19.58420113374737,0.0006031665012401312
20,0.015,2,3,gic_pred,ude_sir_h2,ude_sir_h2,1,2.822544254225022,0.5010438022385129
20,0.015,2,3,gic_evid,ude_sir_h2,tv_sir,0,9.297443326695031,0.05361232428777606
20,0.015,2,3,gic_eff_logn,ude_sir_h2,tv_sir,0,0.061564301766793506,0.6949162017873374
20,0.015,2,4,aic,ude_sir_h2,tv_sir,0,2.661115203083341,0.5149400921055816
20,0.015,2,4,aicc,ude_sir_h2,tv_sir,0,10.946829488797619,0.027065476337436126
20,0.015,2,4,bic,ude_sir_h2,tv_sir,0,14.483271381880883,0.00589939720408356
20,0.015,2,4,gic_pred,ude_sir_h2,ude_sir_h2,1,7.739953809711409,0.13983328065840303
20,0.015,2,4,gic_evid,ude_sir_h2,tv_sir,0,5.260080540341136,0.24641395557943033
20,0.015,2,4,gic_eff_logn,ude_sir_h2,ude_sir_h2,1,4.700873509178962,0.31079043254178085
20,0.015,2,5,aic,ude_sir_h2,tv_sir,0,11.919801404133295,0.017914818029423258
20,0.015,2,5,aicc,ude_sir_h2,tv_sir,0,20.205515689847573,0.00045482245123848973
20,0.015,2,5,bic,ude_sir_h2,tv_sir,0,23.741957582930837,8.997214502553414e-05
20,0.015,2,5,gic_pred,ude_sir_h2,tv_sir,0,1.796265087368738,0.6016452630161939
20,0.015,2,5,gic_evid,ude_sir_h2,tv_sir,0,14.74615715671456,0.005254622062143914
20,0.015,2,5,gic_eff_logn,ude_sir_h2,tv_sir,0,5.069705021986323,0.262474892293176
20,0.015,2,6,aic,ude_sir_h2,tv_sir,0,11.493370389262111,0.02148307847812046
20,0.015,2,6,aicc,ude_sir_h2,tv_sir,0,19.77908467497639,0.0005520976563334379
20,0.015,2,6,bic,ude_sir_h2,tv_sir,0,23.315526568059653,0.00010950999162959945
20,0.015,2,6,gic_pred,ude_sir_h2,tv_sir,0,1.0908363789359328,0.6581828516843786
20,0.015,2,6,gic_evid,ude_sir_h2,tv_sir,0,13.130376662215781,0.010642013120195009
20,0.015,2,6,gic_eff_logn,ude_sir_h2,tv_sir,0,4.128679577352813,0.3520714510478045
20,0.015,2,7,aic,ude_sir_h2,tv_sir,0,6.355817687986445,0.16796185131118074
20,0.015,2,7,aicc,ude_sir_h2,tv_sir,0,14.641531973700722,0.005502056451864525
20,0.015,2,7,bic,ude_sir_h2,tv_sir,0,18.177973866783987,0.0011389485057962327
20,0.015,2,7,gic_pred,ude_sir_h2,ude_sir_h2,1,3.833663477446237,0.3829815026572234
20,0.015,2,7,gic_evid,ude_sir_h2,tv_sir,0,9.521991351510394,0.04891526587408505
20,0.015,2,7,gic_eff_logn,ude_sir_h2,ude_sir_h2,1,0.6159099928387661,0.6814323634080597
20,0.015,2,8,aic,ude_sir_h2,tv_sir,0,1.2594883197020863,0.6459414634951073
20,0.015,2,8,aicc,ude_sir_h2,tv_sir,0,9.545202605416364,0.048452530631921994
20,0.015,2,8,bic,ude_sir_h2,tv_sir,0,13.081644498499628,0.010869038880099971
20,0.015,2,8,gic_pred,ude_sir_h2,ude_sir_h2,1,9.050535991614623,0.059579760091642585
20,0.015,2,8,gic_evid,ude_sir_h2,tv_sir,0,6.571956942412356,0.1551985289971595
20,0.015,2,8,gic_eff_logn,ude_sir_h2,ude_sir_h2,1,5.934573928216025,0.19552330147887081
20,0.015,2,9,aic,ude_sir_h2,tv_sir,0,11.05888223165644,0.025815651787505153
20,0.015,2,9,aicc,ude_sir_h2,tv_sir,0,19.344596517370718,0.0006723666051466593
20,0.015,2,9,bic,ude_sir_h2,tv_sir,0,22.881038410453982,0.0001337456680995358
20,0.015,2,9,gic_pred,ude_sir_h2,tv_sir,0,0.6206372173324723,0.6812957693640077
20,0.015,2,9,gic_evid,ude_sir_h2,tv_sir,0,15.500221411721583,0.003767097949497778
20,0.015,2,9,gic_eff_logn,ude_sir_h2,tv_sir,0,3.628324625280527,0.405219142692672
20,0.015,2,10,aic,ude_sir_h2,ude_sir_h2,1,4.93785163438227,0.27413855433786655
20,0.015,2,10,aicc,ude_sir_h2,tv_sir,0,3.347862651332008,0.4361731000047457
20,0.015,2,10,bic,ude_sir_h2,tv_sir,0,6.884304544415272,0.13821468325635555
20,0.015,2,10,gic_pred,ude_sir_h2,ude_sir_h2,1,14.981123565205166,0.005909845139823403
20,0.015,2,10,gic_evid,ude_sir_h2,tv_sir,0,2.0552662310712435,0.5767304950395347
20,0.015,2,10,gic_eff_logn,ude_sir_h2,ude_sir_h2,1,11.639905194430554,0.02092412013586245
20,0.015,2,11,aic,ude_sir_h2,tv_sir,0,13.866509684006218,0.007726634557476146
20,0.015,2,11,aicc,ude_sir_h2,tv_sir,0,22.152223969720495,0.00018690744367923326
20,0.015,2,11,bic,ude_sir_h2,tv_sir,0,25.68866586280376,3.656357481479363e-05
20,0.015,2,11,gic_pred,ude_sir_h2,tv_sir,0,3.3318494976321347,0.4380421790442893
20,0.015,2,11,gic_evid,ude_sir_h2,tv_sir,0,19.088439623972334,0.000755062369911735
20,0.015,2,11,gic_eff_logn,ude_sir_h2,tv_sir,0,6.2581201040100325,0.17402076879481532
20,0.015,2,12,aic,ude_sir_h2,tv_sir,0,6.715757073205111,0.14717090843159644
20,0.015,2,12,aicc,ude_sir_h2,tv_sir,0,15.001471358919389,0.004695724683609129
20,0.015,2,12,bic,ude_sir_h2,tv_sir,0,18.537913252002653,0.000968346612614854
20,0.015,2,12,gic_pred,ude_sir_h2,ude_sir_h2,1,3.7796160070233213,0.38898672469971896
20,0.015,2,12,gic_evid,ude_sir_h2,tv_sir,0,8.560229479320128,0.07217877518347704
20,0.015,2,12,gic_eff_logn,ude_sir_h2,ude_sir_h2,1,0.8201698074549313,0.6726335142636124
20,0.015,2,13,aic,ude_sir_h2,tv_sir,0,12.944747992324238,0.01153235668154259
20,0.015,2,13,aicc,ude_sir_h2,tv_sir,0,21.230462278038516,0.00028502397047207447
20,0.015,2,13,bic,ude_sir_h2,tv_sir,0,24.76690417112178,5.604044682454818e-05
20,0.015,2,13,gic_pred,ude_sir_h2,tv_sir,0,2.562549605457491,0.5235317980749371
20,0.015,2,13,gic_evid,ude_sir_h2,tv_sir,0,17.283664890302617,0.0017021065314200977
20,0.015,2,13,gic_eff_logn,ude_sir_h2,tv_sir,0,5.617565012198014,0.21821666724013225
20,0.015,2,14,aic,ude_sir_h2,tv_sir,0,6.708219351099785,0.14758316737834495
20,0.015,2,14,aicc,ude_sir_h2,tv_sir,0,14.993933636814063,0.004711356918180983
20,0.015,2,14,bic,ude_sir_h2,tv_sir,0,18.530375529897327,0.0009716461244931487
20,0.015,2,14,gic_pred,ude_sir_h2,ude_sir_h2,1,3.461115433296527,0.4238608221069318
20,0.015,2,14,gic_evid,ude_sir_h2,tv_sir,0,11.237294226427167,0.02394237727307333
20,0.015,2,14,gic_eff_logn,ude_sir_h2,ude_sir_h2,1,0.2263495441855241,0.6916372922888359
20,0.015,2,15,aic,ude_sir_h2,tv_sir,0,1.3700919541501264,0.6377592731060373
20,0.015,2,15,aicc,ude_sir_h2,tv_sir,0,9.655806239864404,0.04630373496782987
20,0.015,2,15,bic,ude_sir_h2,tv_sir,0,13.192248132947668,0.010360438936221008
20,0.015,2,15,gic_pred,ude_sir_h2,ude_sir_h2,1,8.91803051724952,0.06259507836847346
20,0.015,2,15,gic_evid,ude_sir_h2,tv_sir,0,4.746023897755606,0.29141745890111914
20,0.015,2,15,gic_eff_logn,ude_sir_h2,ude_sir_h2,1,5.783573670129357,0.2060275635763693
20,0.015,2,16,aic,ude_sir_h2,tv_sir,0,5.747354810366261,0.20860970287745145
20,0.015,2,16,aicc,ude_sir_h2,tv_sir,0,14.033069096080538,0.007184216104277709
20,0.015,2,16,bic,ude_sir_h2,tv_sir,0,17.569510989163803,0.0014973252193627403
20,0.015,2,16,gic_pred,ude_sir_h2,ude_sir_h2,1,4.811945021551992,0.28541952080281335
20,0.015,2,16,gic_evid,ude_sir_h2,tv_sir,0,10.188187631552978,0.03716507348705446
20,0.015,2,16,gic_eff_logn,ude_sir_h2,ude_sir_h2,1,1.9064811107321589,0.5912989015272112
20,0.015,2,17,aic,ude_sir_h2,tv_sir,0,2.1166593733182992,0.5705622616561522
20,0.015,2,17,aicc,ude_sir_h2,tv_sir,0,10.402373659032577,0.03399650124935738
20,0.015,2,17,bic,ude_sir_h2,tv_sir,0,13.938815552115841,0.007486316582092995
20,0.015,2,17,gic_pred,ude_sir_h2,ude_sir_h2,1,8.156966660466992,0.08470860417288202
20,0.015,2,17,gic_evid,ude_sir_h2,tv_sir,0,6.730920080860727,0.14634404877146087
20,0.015,2,17,gic_eff_logn,ude_sir_h2,ude_sir_h2,1,5.010268445524417,0.267639166499715
20,0.015,2,18,aic,ude_sir_h2,tv_sir,0,9.057469923414914,0.05909906516255934
20,0.015,2,18,aicc,ude_sir_h2,tv_sir,0,17.34318420912919,0.0016573063480358847
20,0.015,2,18,bic,ude_sir_h2,tv_sir,0,20.879626102212455,0.000334544259126735
20,0.015,2,18,gic_pred,ude_sir_h2,ude_sir_h2,1,1.135752294929091,0.6544055153027728
20,0.015,2,18,gic_evid,ude_sir_h2,tv_sir,0,14.000818970046225,0.007286216217838979
20,0.015,2,18,gic_eff_logn,ude_sir_h2,tv_sir,0,2.078842095979013,0.5743725372558077
20,0.015,2,19,aic,ude_sir_h2,tv_sir,0,11.142163876448507,0.0249242676472684
20,0.015,2,19,aicc,ude_sir_h2,tv_sir,0,19.427878162162784,0.0006474615927166431
20,0.015,2,19,bic,ude_sir_h2,tv_sir,0,22.96432005524605,0.00012872020027560803
20,0.015,2,19,gic_pred,ude_sir_h2,tv_sir,0,0.9313519731337578,0.6667580439054898
20,0.015,2,19,gic_evid,ude_sir_h2,tv_sir,0,15.702226515867125,0.0034446352162804585
20,0.015,2,19,gic_eff_logn,ude_sir_h2,tv_sir,0,4.131092935266167,0.3516917087310819
20,0.015,4,0,aic,ude_sir_h2,ude_sir_h2,1,11.152319444039051,0.024819869683241895
20,0.015,4,0,aicc,ude_sir_h2,ude_sir_h2,1,7.803299836195947,0.09729255182695973
20,0.015,4,0,bic,ude_sir_h2,tv_sir,0,5.521866998678149,0.2255125949416773
20,0.015,4,0,gic_pred,ude_sir_h2,ude_sir_h2,1,19.33478017429411,0.0006887622806615546
20,0.015,4,0,gic_evid,ude_sir_h2,ude_sir_h2,1,0.002538475837184251,0.6931469791893741
20,0.015,4,0,gic_eff_logn,ude_sir_h2,ude_sir_h2,1,12.40601342989737,0.014550658731592059
20,0.015,4,1,aic,ude_sir_h2,ude_sir_h2,1,34.58934935199312,5.712952379926395e-07
20,0.015,4,1,aicc,ude_sir_h2,ude_sir_h2,1,37.16853487235511,2.0195819094713256e-07
20,0.015,4,1,bic,ude_sir_h2,ude_sir_h2,1,27.081065175015397,1.916153758727447e-05
20,0.015,4,1,gic_pred,ude_sir_h2,ude_sir_h2,1,30.748823388684514,3.4447724528891034e-06
20,0.015,4,1,gic_evid,ude_sir_h2,ude_sir_h2,1,32.72626816235703,1.3589680545409766e-06
20,0.015,4,1,gic_eff_logn,ude_sir_h2,ude_sir_h2,1,33.32078572482732,1.0303619195601034e-06
20,0.015,4,2,aic,ude_sir_h2,ude_sir_h2,1,14.41263567545758,0.006245758325486902
20,0.015,4,2,aicc,ude_sir_h2,ude_sir_h2,1,16.99182119581957,0.0026857025740330137
20,0.015,4,2,bic,ude_sir_h2,ude_sir_h2,1,5.789010449245325,0.20582646375960334
20,0.015,4,2,gic_pred,ude_sir_h2,ude_sir_h2,1,10.923563209923941,0.027332446346049265
20,0.015,4,2,gic_evid,ude_sir_h2,ude_sir_h2,1,13.569878680905106,0.008792943315773818
20,0.015,4,2,gic_eff_logn,ude_sir_h2,ude_sir_h2,1,13.9141113423413,0.00762314132499488
20,0.015,4,3,aic,ude_sir_h2,ude_sir_h2,1,9.924377904951484,0.04145531442873076
20,0.015,4,3,aicc,ude_sir_h2,ude_sir_h2,1,6.57535829710838,0.15500440545981442
20,0.015,4,3,bic,ude_sir_h2,tv_sir,0,6.749808537765716,0.1453212135089665
20,0.015,4,3,gic_pred,ude_sir_h2,ude_sir_h2,1,18.131103139041272,0.001163244708057666
20,0.015,4,3,gic_evid,ude_sir_h2,ude_sir_h2,1,0.06489816146074645,0.6930155800261478
20,0.015,4,3,gic_eff_logn,ude_sir_h2,ude_sir_h2,1,11.231235741850128,0.024003783387663673
20,0.015,4,4,aic,ude_sir_h2,ude_sir_h2,1,30.615351364122887,3.670490664206612e-06
20,0.015,4,4,aicc,ude_sir_h2,ude_sir_h2,1,27.266331756279783,1.7561095287482318e-05
20,0.015,4,4,bic,ude_sir_h2,ude_sir_h2,1,13.941164921405687,0.007478637545561297
20,0.015,4,4,gic_pred,ude_sir_h2,ude_sir_h2,1,38.6888921959295,1.1983233489509463e-07
20,0.015,4,4,gic_evid,ude_sir_h2,ude_sir_h2,1,18.510708354770713,0.0009803065956452083
20,0.015,4,4,gic_eff_logn,ude_sir_h2,ude_sir_h2,1,31.63040040195756,2.30235207810402e-06
20,0.015,4,5,aic,ude_sir_h2,ude_sir_h2,1,24.84690497386657,5.6824802605706136e-05
20,0.015,4,5,aicc,ude_sir_h2,ude_sir_h2,1,27.42609049422856,2.9833487945025887e-05
20,0.015,4,5,bic,ude_sir_h2,ude_sir_h2,1,14.500006139030745,0.005856934427010398
20,0.015,4,5,gic_pred,ude_sir_h2,ude_sir_h2,1,22.520799445455737,0.0001578777723520064
20,0.015,4,5,gic_evid,ude_sir_h2,ude_sir_h2,1,20.493682418346282,0.0003989047891426538
20,0.015,4,5,gic_eff_logn,ude_sir_h2,ude_sir_h2,1,26.89645668760903,2.2211243303268498e-05
20,0.015,4,6,aic,ude_sir_h2,ude_sir_h2,1,20.611122065319478,0.0003826978843526258
20,0.015,4,6,aicc,ude_sir_h2,ude_sir_h2,1,17.262102457476374,0.001719991076031676
20,0.015,4,6,bic,ude_sir_h2,ude_sir_h2,1,3.9369356226022774,0.371982218716969
20,0.015,4,6,gic_pred,ude_sir_h2,ude_sir_h2,1,26.473344715980943,3.320804651084088e-05
20,0.015,4,6,gic_evid,ude_sir_h2,ude_sir_h2,1,12.450259603319125,0.014272725712146533
20,0.015,4,6,gic_eff_logn,ude_sir_h2,ude_sir_h2,1,22.321268402385954,0.0001799177757252412
20,0.015,4,7,aic,ude_sir_h2,ude_sir_h2,1,32.121385240620896,2.021909909167149e-06
20,0.015,4,7,aicc,ude_sir_h2,ude_sir_h2,1,28.77236563277779,8.758598494705589e-06
20,0.015,4,7,bic,ude_sir_h2,ude_sir_h2,1,15.447198797903695,0.0038565493707391997
20,0.015,4,7,gic_pred,ude_sir_h2,ude_sir_h2,1,30.66024543017295,3.628405435694736e-06
20,0.015,4,7,gic_evid,ude_sir_h2,ude_sir_h2,1,21.392381391927586,0.00026469054951411183
20,0.015,4,7,gic_eff_logn,ude_sir_h2,ude_sir_h2,1,30.70050146050346,4.528368654214633e-06
20,0.015,4,8,aic,ude_sir_h2,ude_sir_h2,1,34.45713289924004,6.019659605047374e-07
20,0.015,4,8,aicc,ude_sir_h2,ude_sir_h2,1,31.108113291396933,2.910239387613395e-06
20,0.015,4,8,bic,ude_sir_h2,ude_sir_h2,1,17.782946456522836,0.001360462326479446
20,0.015,4,8,gic_pred,ude_sir_h2,ude_sir_h2,1,41.59062689825976,3.204807992416787e-08
20,0.015,4,8,gic_evid,ude_sir_h2,ude_sir_h2,1,25.04224586498185,4.9335171076316404e-05
20,0.015,4,8,gic_eff_logn,ude_sir_h2,ude_sir_h2,1,35.910712494194286,3.165367310017863e-07
20,0.015,4,9,aic,ude_sir_h2,ude_sir_h2,1,36.88039995464777,1.9064511662220613e-07
20,0.015,4,9,aicc,ude_sir_h2,ude_sir_h2,1,33.53138034680467,9.296842102525176e-07
20,0.015,4,9,bic,ude_sir_h2,ude_sir_h2,1,20.20621351193057,0.0004546780799727413
20,0.015,4,9,gic_pred,ude_sir_h2,ude_sir_h2,1,44.82147653301536,4.343309702939028e-09
20,0.015,4,9,gic_evid,ude_sir_h2,ude_sir_h2,1,24.30041128829322,6.952853364934512e-05
20,0.015,4,9,gic_eff_logn,ude_sir_h2,ude_sir_h2,1,37.60521804912639,1.351707557634815e-07
20,0.015,4,10,aic,ude_sir_h2,ude_sir_h2,1,40.24273660696008,3.860256216467144e-08
20,0.015,4,10,aicc,ude_sir_h2,ude_sir_h2,1,36.893716999116975,1.89456506741037e-07
20,0.015,4,10,bic,ude_sir_h2,ude_sir_h2,1,23.56855016424288,9.746019821608171e-05
20,0.015,4,10,gic_pred,ude_sir_h2,ude_sir_h2,1,48.423592997348806,1.317946719892374e-09
20,0.015,4,10,gic_evid,ude_sir_h2,ude_sir_h2,1,29.83814077921295,5.280166509901939e-06
20,0.015,4,10,gic_eff_logn,ude_sir_h2,ude_sir_h2,1,41.49291546280563,2.1603925555676406e-08
20,0.015,4,11,aic,ude_sir_h2,ude_sir_h2,1,20.983086185846105,0.00032077541657681864
20,0.015,4,11,aicc,ude_sir_h2,ude_sir_h2,1,17.634066578003,0.001455046936273871
20,0.015,4,11,bic,ude_sir_h2,ude_sir_h2,1,4.3088997431289044,0.33360341150958184
20,0.015,4,11,gic_pred,ude_sir_h2,ude_sir_h2,1,29.330370527767116,1.2885434359429783e-05
20,0.015,4,11,gic_evid,ude_sir_h2,ude_sir_h2,1,12.234021533434657,0.01566117141695111
20,0.015,4,11,gic_eff_logn,ude_sir_h2,ude_sir_h2,1,22.96855259653489,0.00012969962019967297
20,0.015,4,12,aic,ude_sir_h2,ude_sir_h2,1,20.956345610306187,0.00032303415239843603
20,0.015,4,12,aicc,ude_sir_h2,ude_sir_h2,1,17.607326002463083,0.0014721234139435633
20,0.015,4,12,bic,ude_sir_h2,ude_sir_h2,1,4.282159167588986,0.33629152850278965
20,0.015,4,12,gic_pred,ude_sir_h2,ude_sir_h2,1,29.055317400267768,7.617712296630706e-06
20,0.015,4,12,gic_evid,ude_sir_h2,ude_sir_h2,1,9.560262759612556,0.048154488680417974
20,0.015,4,12,gic_eff_logn,ude_sir_h2,ude_sir_h2,1,22.027114216131054,0.0001979418882738651
20,0.015,4,13,aic,ude_sir_h2,ude_sir_h2,1,38.498509861159334,8.880346227267505e-08
20,0.015,4,13,aicc,ude_sir_h2,ude_sir_h2,1,35.14949025331623,4.3293076369345943e-07
20,0.015,4,13,bic,ude_sir_h2,ude_sir_h2,1,21.824323418442134,0.0002172157948634906
20,0.015,4,13,gic_pred,ude_sir_h2,ude_sir_h2,1,44.056560316142395,7.855145599280032e-09
20,0.015,4,13,gic_evid,ude_sir_h2,ude_sir_h2,1,29.300886614814885,6.790781790524791e-06
20,0.015,4,13,gic_eff_logn,ude_sir_h2,ude_sir_h2,1,40.20144521917058,4.5002954845504147e-08
20,0.015,4,14,aic,ude_sir_h2,ude_sir_h2,1,35.59089646975258,3.9851494828080443e-07
20,0.015,4,14,aicc,ude_sir_h2,ude_sir_h2,1,32.241876861909475,1.7210590598539214e-06
20,0.015,4,14,bic,ude_sir_h2,ude_sir_h2,1,18.91671002703538,0.000816057101173117
20,0.015,4,14,gic_pred,ude_sir_h2,ude_sir_h2,1,34.95584868465329,4.81644952853882e-07
20,0.015,4,14,gic_evid,ude_sir_h2,ude_sir_h2,1,26.72907846731232,2.2549940455808522e-05
20,0.015,4,14,gic_eff_logn,ude_sir_h2,ude_sir_h2,1,36.31557757743775,4.5250375756974817e-07
20,0.015,4,15,aic,ude_sir_h2,ude_sir_h2,1,23.56247089552744,9.778713574190058e-05
20,0.015,4,15,aicc,ude_sir_h2,ude_sir_h2,1,26.14165641588943,2.9892333070636824e-05
20,0.015,4,15,bic,ude_sir_h2,ude_sir_h2,1,22.88108421429712,0.00013725314851482305
20,0.015,4,15,gic_pred,ude_sir_h2,ude_sir_h2,1,19.93533757568332,0.0005142711839189388
20,0.015,4,15,gic_evid,ude_sir_h2,ude_sir_h2,1,30.131476035738785,4.601862871544478e-06
20,0.015,4,15,gic_eff_logn,ude_sir_h2,ude_sir_h2,1,22.761453392014005,0.0001413298913423944
20,0.015,4,16,aic,ude_sir_h2,ude_sir_h2,1,33.998713483672816,7.458898075924161e-07
20,0.015,4,16,aicc,ude_sir_h2,ude_sir_h2,1,30.649693875829712,3.6087865136502775e-06
20,0.015,4,16,bic,ude_sir_h2,ude_sir_h2,1,17.324527040955616,0.001671222971989211
20,0.015,4,16,gic_pred,ude_sir_h2,ude_sir_h2,1,42.39298658713244,1.699842431125149e-08
20,0.015,4,16,gic_evid,ude_sir_h2,ude_sir_h2,1,22.712041608175582,0.00014454949679688775
20,0.015,4,16,gic_eff_logn,ude_sir_h2,ude_sir_h2,1,35.716491199998984,3.330854190965142e-07
20,0.015,4,17,aic,ude_sir_h2,ude_sir_h2,1,42.40872857981748,1.4495940771868877e-08
20,0.015,4,17,aicc,ude_sir_h2,ude_sir_h2,1,44.98791410017947,7.841610458809026e-09
20,0.015,4,17,bic,ude_sir_h2,ude_sir_h2,1,31.746108490272377,2.156273615593196e-06
20,0.015,4,17,gic_pred,ude_sir_h2,ude_sir_h2,1,38.981118893845064,7.030837314672192e-08
20,0.015,4,17,gic_evid,ude_sir_h2,ude_sir_h2,1,39.70761997012937,4.9749107031402716e-08
20,0.015,4,17,gic_eff_logn,ude_sir_h2,ude_sir_h2,1,42.04487001524052,1.67815348553129e-08
20,0.015,4,18,aic,ude_sir_h2,ude_sir_h2,1,24.97895231700096,5.0802248927744485e-05
20,0.015,4,18,aicc,ude_sir_h2,ude_sir_h2,1,21.629932709157856,0.00023743455351085135
20,0.015,4,18,bic,ude_sir_h2,ude_sir_h2,1,8.30476587428376,0.07989747365659039
20,0.015,4,18,gic_pred,ude_sir_h2,ude_sir_h2,1,33.216761446201645,1.0784381786688696e-06
20,0.015,4,18,gic_evid,ude_sir_h2,ude_sir_h2,1,17.01597148799067,0.001918819915011297
20,0.015,4,18,gic_eff_logn,ude_sir_h2,ude_sir_h2,1,26.35391538204243,2.6847407758006697e-05
20,0.015,4,19,aic,ude_sir_h2,ude_sir_h2,1,22.939343471410098,0.00013102214340655611
20,0.015,4,19,aicc,ude_sir_h2,ude_sir_h2,1,25.518528991772087,4.350670950696867e-05
20,0.015,4,19,bic,ude_sir_h2,ude_sir_h2,1,17.136666676070263,0.0018226353060804984
20,0.015,4,19,gic_pred,ude_sir_h2,ude_sir_h2,1,19.582757747146445,0.0006035647647597491
20,0.015,4,19,gic_evid,ude_sir_h2,ude_sir_h2,1,21.35853456734469,0.00026881851475459663
20,0.015,4,19,gic_eff_logn,ude_sir_h2,ude_sir_h2,1,22.73109935278694,0.00014372969020045787
20,0.045,1,0,aic,ude_sir_h2,sir,0,0.8519043283262135,0.6737192812947922
20,0.045,1,0,aicc,ude_sir_h2,sir,0,2.812688642051711,0.49595003606637167
20,0.045,1,0,bic,ude_sir_h2,sir,0,2.8433688754341944,0.49259753228203335
20,0.045,1,0,gic_pred,ude_sir_h2,ude_sir_h2,1,0.4695695511263267,1.3436697526205283
20,0.045,1,0,gic_evid,ude_sir_h2,sir,0,1.0674898728273163,1.0232926466644232
20,0.045,1,0,gic_eff_logn,ude_sir_h2,ude_sir_h2,1,0.23174857792697878,1.3200565599148562
20,0.045,1,1,aic,ude_sir_h2,tv_sir,0,14.078666735761004,0.008380217866735182
20,0.045,1,1,aicc,ude_sir_h2,tv_sir,0,16.286700728972903,0.0026568973946301845
20,0.045,1,1,bic,ude_sir_h2,tv_sir,0,16.256020495590413,0.003005262118906788
20,0.045,1,1,gic_pred,ude_sir_h2,tv_sir,0,0.2443438926402095,0.9979264724753945
20,0.045,1,1,gic_evid,ude_sir_h2,tv_sir,0,5.315790295591732,0.2439836563162871
20,0.045,1,1,gic_eff_logn,ude_sir_h2,tv_sir,0,0.32682893868786067,0.9740425347264692
20,0.045,1,2,aic,ude_sir_h2,tv_sir,0,2.831156786887547,0.49739421748984314
20,0.045,1,2,aicc,ude_sir_h2,tv_sir,0,0.8703724731620568,0.6700226684710308
20,0.045,1,2,bic,ude_sir_h2,tv_sir,0,0.8396922397795663,0.6716998643889991
20,0.045,1,2,gic_pred,ude_sir_h2,tv_sir,0,0.400102458244433,1.1890798967974552
20,0.045,1,2,gic_evid,ude_sir_h2,tv_sir,0,0.41472162761303366,1.0725447665329668
20,0.045,1,2,gic_eff_logn,ude_sir_h2,ude_sir_h2,1,0.011447416069323424,1.2360161510697592
20,0.045,1,3,aic,ude_sir_h2,tv_sir,0,8.754047187798825,0.07370685930577807
20,0.045,1,3,aicc,ude_sir_h2,tv_sir,0,6.793262874073335,0.14299138015879792
20,0.045,1,3,bic,ude_sir_h2,tv_sir,0,6.7625826406908445,0.14492162685830393
20,0.045,1,3,gic_pred,ude_sir_h2,ude_sir_h2,1,0.0937607659020614,1.026753916580289
20,0.045,1,3,gic_evid,ude_sir_h2,tv_sir,0,2.4781598451189453,0.6145369599050605
20,0.045,1,3,gic_eff_logn,ude_sir_h2,ude_sir_h2,1,0.21786848881332332,1.016460348397519
20,0.045,1,4,aic,ude_sir_h2,tv_sir,0,13.934903787328722,0.011391230757181561
20,0.045,1,4,aicc,ude_sir_h2,tv_sir,0,13.537249123315348,0.00891869648773587
20,0.045,1,4,bic,ude_sir_h2,tv_sir,0,13.506568889932858,0.009369833904830762
20,0.045,1,4,gic_pred,ude_sir_h2,tv_sir,0,0.13698128614432648,0.9026221692125516
20,0.045,1,4,gic_evid,ude_sir_h2,tv_sir,0,3.975253907088444,0.3731479250094255
20,0.045,1,4,gic_eff_logn,ude_sir_h2,tv_sir,0,0.23758882980920504,0.8806146831547801
20,0.045,1,5,aic,ude_sir_h2,sir,0,0.02962186106216791,0.6964159171664255
20,0.045,1,5,aicc,ude_sir_h2,sir,0,1.9904061747876582,0.5831450197234219
20,0.045,1,5,bic,ude_sir_h2,sir,0,2.0210864081701487,0.5802031127864856
20,0.045,1,5,gic_pred,ude_sir_h2,ude_sir_h2,1,0.3365092045803877,1.3211099615686082
20,0.045,1,5,gic_evid,ude_sir_h2,sir,0,0.5576835772489943,1.0775379772704237
20,0.045,1,5,gic_eff_logn,ude_sir_h2,ude_sir_h2,1,0.6773048034972362,1.3309470455816599
20,0.045,1,6,aic,ude_sir_h2,tv_sir,0,14.557432402704237,0.008088152843455699
20,0.045,1,6,aicc,ude_sir_h2,tv_sir,0,14.816376760341015,0.005094714952734184
20,0.045,1,6,bic,ude_sir_h2,tv_sir,0,14.785696526958525,0.005414972102443879
20,0.045,1,6,gic_pred,ude_sir_h2,tv_sir,0,0.7325771703108543,0.9933135512671816
20,0.045,1,6,gic_evid,ude_sir_h2,tv_sir,0,4.142072823101586,0.35356088122719326
20,0.045,1,6,gic_eff_logn,ude_sir_h2,tv_sir,0,0.8197758191358631,0.9600596553154304
20,0.045,1,7,aic,ude_sir_h2,tv_sir,0,9.345359910688387,0.06316490041336185
20,0.045,1,7,aicc,ude_sir_h2,tv_sir,0,7.384575596962897,0.11436645818347925
20,0.045,1,7,bic,ude_sir_h2,tv_sir,0,7.353895363580406,0.11616804964946731
20,0.045,1,7,gic_pred,ude_sir_h2,ude_sir_h2,1,0.760261155255904,1.0444271102611105
20,0.045,1,7,gic_evid,ude_sir_h2,tv_sir,0,2.594331128746596,0.5809625475372723
20,0.045,1,7,gic_eff_logn,ude_sir_h2,ude_sir_h2,1,0.7405949125320888,1.030427504248291
20,0.045,1,8,aic,ude_sir_h2,tv_sir,0,11.132456007281348,0.030404500261845248
20,0.045,1,8,aicc,ude_sir_h2,tv_sir,0,9.171671693555858,0.056425380969317054
20,0.045,1,8,bic,ude_sir_h2,tv_sir,0,9.140991460173367,0.05736231126902818
20,0.045,1,8,gic_pred,ude_sir_h2,tv_sir,0,0.7116636040211262,0.8215650042460636
20,0.045,1,8,gic_evid,ude_sir_h2,tv_sir,0,3.416872281287297,0.4582978738168614
20,0.045,1,8,gic_eff_logn,ude_sir_h2,tv_sir,0,0.71592451556333,0.8111344611781419
20,0.045,1,9,aic,ude_sir_h2,tv_sir,0,15.455358815870426,0.006087888511445826
20,0.045,1,9,aicc,ude_sir_h2,tv_sir,0,15.384136634923799,0.003965644911256191
20,0.045,1,9,bic,ude_sir_h2,tv_sir,0,15.353456401541308,0.00419050822756288
20,0.045,1,9,gic_pred,ude_sir_h2,tv_sir,0,0.12889965941408832,1.067272145537699
20,0.045,1,9,gic_evid,ude_sir_h2,tv_sir,0,4.903759399527949,0.28430923949361536
20,0.045,1,9,gic_eff_logn,ude_sir_h2,tv_sir,0,0.37806318444179965,1.0754470954610764
20,0.045,1,10,aic,ude_sir_h2,sir,0,1.7912106423754182,0.6040264129750358
20,0.045,1,10,aicc,ude_sir_h2,sir,0,3.7519949561009085,0.3917674164322379
20,0.045,1,10,bic,ude_sir_h2,sir,0,3.782675189483399,0.3884962548576671
20,0.045,1,10,gic_pred,ude_sir_h2,ude_sir_h2,1,0.16507828801411506,1.3048685333817953
20,0.045,1,10,gic_evid,ude_sir_h2,sir,0,1.3567677352913137,0.9841722030082714
20,0.045,1,10,gic_eff_logn,ude_sir_h2,sir,0,0.6150491012679922,1.2423660811475274
20,0.045,1,11,aic,ude_sir_h2,sir,0,0.86849045682672,0.6735557865930986
20,0.045,1,11,aicc,ude_sir_h2,sir,0,2.8292747705522103,0.4941056207295175
20,0.045,1,11,bic,ude_sir_h2,sir,0,2.859955003934701,0.49075975791388315
20,0.045,1,11,gic_pred,ude_sir_h2,neural_ode_h2,0,0.9421253627325257,1.3092242691668232
20,0.045,1,11,gic_evid,ude_sir_h2,sir,0,0.8647132033202141,1.0546544034539949
20,0.045,1,11,gic_eff_logn,ude_sir_h2,neural_ode_h2,0,0.32772010435034105,1.3706642491200798
20,0.045,1,12,aic,ude_sir_h2,tv_sir,0,8.175285928039742,0.0904308662087226
20,0.045,1,12,aicc,ude_sir_h2,tv_sir,0,6.214501614314251,0.17677127380033333
20,0.045,1,12,bic,ude_sir_h2,tv_sir,0,6.183821380931761,0.17899993418938623
20,0.045,1,12,gic_pred,ude_sir_h2,tv_sir,0,0.21473674809490717,0.8684569776977318
20,0.045,1,12,gic_evid,ude_sir_h2,tv_sir,0,2.3580084652865594,0.630056287315298
20,0.045,1,12,gic_eff_logn,ude_sir_h2,tv_sir,0,0.1774711068115522,0.8641545163084839
20,0.045,1,13,aic,ude_sir_h2,tv_sir,0,11.872538134514578,0.023133998975565395
20,0.045,1,13,aicc,ude_sir_h2,tv_sir,0,9.911753820789087,0.04167199380463978
20,0.045,1,13,bic,ude_sir_h2,tv_sir,0,9.881073587406597,0.04241061096127954
20,0.045,1,13,gic_pred,ude_sir_h2,tv_sir,0,0.8804776527482545,0.7853395611824816
20,0.045,1,13,gic_evid,ude_sir_h2,tv_sir,0,3.297136916768558,0.4636831510922511
20,0.045,1,13,gic_eff_logn,ude_sir_h2,tv_sir,0,0.8529274556206659,0.7767242988380574
20,0.045,1,14,aic,ude_sir_h2,sir,0,1.5103967992229315,0.6291937730735432
20,0.045,1,14,aicc,ude_sir_h2,sir,0,3.471181112948422,0.42249026236977627
20,0.045,1,14,bic,ude_sir_h2,sir,0,3.5018613463309123,0.4191543182162306
20,0.045,1,14,gic_pred,ude_sir_h2,ude_sir_h2,1,0.4794222571494018,1.349672888923195
20,0.045,1,14,gic_evid,ude_sir_h2,sir,0,0.9898572414374414,1.0244841426737197
20,0.045,1,14,gic_eff_logn,ude_sir_h2,sir,0,0.06609950352319771,1.3123147394273806
20,0.045,1,15,aic,ude_sir_h2,tv_sir,0,6.915944966748697,0.1448766195343164
20,0.045,1,15,aicc,ude_sir_h2,tv_sir,0,4.955160653023206,0.27248415753050603
20,0.045,1,15,bic,ude_sir_h2,tv_sir,0,4.924480419640716,0.27553623804205873
20,0.045,1,15,gic_pred,ude_sir_h2,ude_sir_h2,1,0.3693944181166202,1.1158770147125696
20,0.045,1,15,gic_evid,ude_sir_h2,tv_sir,0,1.7768517260831587,0.7454024745670476
20,0.045,1,15,gic_eff_logn,ude_sir_h2,ude_sir_h2,1,0.44333056925547965,1.118258736366497
20,0.045,1,16,aic,ude_sir_h2,tv_sir,0,2.5965421968172677,0.5238764493821062
20,0.045,1,16,aicc,ude_sir_h2,tv_sir,0,0.6357578830917703,0.6806740719442997
20,0.045,1,16,bic,ude_sir_h2,tv_sir,0,0.6050776497092869,0.6819651424216503
20,0.045,1,16,gic_pred,ude_sir_h2,tv_sir,0,0.16924362981980323,1.119610520502458
20,0.045,1,16,gic_evid,ude_sir_h2,tv_sir,0,0.8613795225224408,1.0650492196921746
20,0.045,1,16,gic_eff_logn,ude_sir_h2,ude_sir_h2,1,0.1269111830894616,1.161237739906303
20,0.045,1,17,aic,ude_sir_h2,sir,0,1.5918861032760532,0.6219404770613269
20,0.045,1,17,aicc,ude_sir_h2,sir,0,3.5526704170015435,0.41350439230393105
20,0.045,1,17,bic,ude_sir_h2,sir,0,3.583350650384034,0.41017752697129806
20,0.045,1,17,gic_pred,ude_sir_h2,ude_sir_h2,1,0.07392456882895715,1.370044361168122
20,0.045,1,17,gic_evid,ude_sir_h2,sir,0,1.2400366136832872,1.0088773441642414
20,0.045,1,17,gic_eff_logn,ude_sir_h2,sir,0,0.4971916337251585,1.3256473950628345
20,0.045,1,18,aic,ude_sir_h2,tv_sir,0,8.378735208827337,0.08511959202963951
20,0.045,1,18,aicc,ude_sir_h2,tv_sir,0,6.417950895101839,0.16420576511432752
20,0.045,1,18,bic,ude_sir_h2,tv_sir,0,6.387270661719356,0.16636832491078432
20,0.045,1,18,gic_pred,ude_sir_h2,ude_sir_h2,1,0.12596393401352657,0.9741012671094782
20,0.045,1,18,gic_evid,ude_sir_h2,tv_sir,0,2.491419325367872,0.6148014718770647
20,0.045,1,18,gic_eff_logn,ude_sir_h2,ude_sir_h2,1,0.1533557550141751,0.9610059496178498
20,0.045,1,19,aic,ude_sir_h2,tv_sir,0,8.441839675190984,0.08367183099940463
20,0.045,1,19,aicc,ude_sir_h2,tv_sir,0,6.4810553614654935,0.16046321775080669
20,0.045,1,19,bic,ude_sir_h2,tv_sir,0,6.450375128083003,0.16260676598629487
20,0.045,1,19,gic_pred,ude_sir_h2,ude_sir_h2,1,0.21219724025596776,1.0503278892318537
20,0.045,1,19,gic_evid,ude_sir_h2,tv_sir,0,2.3652936719633857,0.626384450205575
20,0.045,1,19,gic_eff_logn,ude_sir_h2,ude_sir_h2,1,0.233855274608608,1.0356844021162999
20,0.045,2,0,aic,ude_sir_h2,tv_sir,0,14.288718581928407,0.010300341953579234
20,0.045,2,0,aicc,ude_sir_h2,tv_sir,0,14.614019845804492,0.005722815095658324
20,0.045,2,0,bic,ude_sir_h2,tv_sir,0,12.054793756109433,0.016940497547505793
20,0.045,2,0,gic_pred,ude_sir_h2,tv_sir,0,0.9415174960749368,0.6710673865005607
20,0.045,2,0,gic_evid,ude_sir_h2,tv_sir,0,8.439898195817904,0.08644249934388867
20,0.045,2,0,gic_eff_logn,ude_sir_h2,tv_sir,0,1.4927668329598873,0.6367398040534922
20,0.045,2,1,aic,ude_sir_h2,tv_sir,0,13.39404094659082,0.009874288245832315
20,0.045,2,1,aicc,ude_sir_h2,tv_sir,0,19.81970188303302,0.0007740727094311616
20,0.045,2,1,bic,ude_sir_h2,tv_sir,0,17.26047579333796,0.0017653889833702068
20,0.045,2,1,gic_pred,ude_sir_h2,tv_sir,0,1.5453351436973577,0.6614670240952043
20,0.045,2,1,gic_evid,ude_sir_h2,tv_sir,0,12.075161190376889,0.01800662285150358
20,0.045,2,1,gic_eff_logn,ude_sir_h2,tv_sir,0,3.3619734283212637,0.4722629604742147
20,0.045,2,2,aic,ude_sir_h2,tv_sir,0,15.420942907676078,0.003929105014353094
20,0.045,2,2,aicc,ude_sir_h2,tv_sir,0,23.70665719339037,0.0001316883065501112
20,0.045,2,2,bic,ude_sir_h2,tv_sir,0,22.922830627771916,0.0001489508383914005
20,0.045,2,2,gic_pred,ude_sir_h2,tv_sir,0,2.9950102599379136,0.4756253905270746
20,0.045,2,2,gic_evid,ude_sir_h2,tv_sir,0,11.04859000495955,0.026014365324112464
20,0.045,2,2,gic_eff_logn,ude_sir_h2,tv_sir,0,4.324215265251226,0.3321201247232823
20,0.045,2,3,aic,ude_sir_h2,tv_sir,0,1.1743000577966143,0.6537507383217646
20,0.045,2,3,aicc,ude_sir_h2,tv_sir,0,0.3557672392637983,0.6892455618119221
20,0.045,2,3,bic,ude_sir_h2,sir,0,2.203458850431261,0.561696227735283
20,0.045,2,3,gic_pred,ude_sir_h2,tv_sir,0,1.4061834586385515,1.0351417878342462
20,0.045,2,3,gic_evid,ude_sir_h2,sir,0,1.6679168986789108,0.9333806670359246
20,0.045,2,3,gic_eff_logn,ude_sir_h2,sir,0,1.1417174448654208,1.0224539740739003
20,0.045,2,4,aic,ude_sir_h2,tv_sir,0,1.584513430051885,0.6213542586842218
20,0.045,2,4,aicc,ude_sir_h2,tv_sir,0,0.765980611519069,0.6751607682739854
20,0.045,2,4,bic,ude_sir_h2,sir,0,1.7932454781759901,0.6019249922164033
20,0.045,2,4,gic_pred,ude_sir_h2,tv_sir,0,2.1705058405686515,0.9056079281848537
20,0.045,2,4,gic_evid,ude_sir_h2,sir,0,1.206109202719233,0.9752223997350951
20,0.045,2,4,gic_eff_logn,ude_sir_h2,sir,0,0.7124177964650187,0.9673912885367735
20,0.045,2,5,aic,ude_sir_h2,tv_sir,0,10.286839405076861,0.03857220788473162
20,0.045,2,5,aicc,ude_sir_h2,tv_sir,0,9.468306586544045,0.05006857073794967
20,0.045,2,5,bic,ude_sir_h2,tv_sir,0,6.909080496848986,0.13695091153155456
20,0.045,2,5,gic_pred,ude_sir_h2,tv_sir,0,2.4434436652769165,0.5555322654777566
20,0.045,2,5,gic_evid,ude_sir_h2,tv_sir,0,7.412740839423222,0.2036960171892375
20,0.045,2,5,gic_eff_logn,ude_sir_h2,tv_sir,0,2.7593651583748624,0.5618212808100606
20,0.045,2,6,aic,ude_sir_h2,tv_sir,0,8.046576923520604,0.09404195400527708
20,0.045,2,6,aicc,ude_sir_h2,tv_sir,0,7.228044104987788,0.12153745330746711
20,0.045,2,6,bic,ude_sir_h2,tv_sir,0,4.668818015292729,0.29864123870695564
20,0.045,2,6,gic_pred,ude_sir_h2,tv_sir,0,0.9428622017382509,0.7043158147322588
20,0.045,2,6,gic_evid,ude_sir_h2,tv_sir,0,4.893389727363328,0.45721027886514964
20,0.045,2,6,gic_eff_logn,ude_sir_h2,tv_sir,0,1.2745291727184735,0.7571410371690479
20,0.045,2,7,aic,ude_sir_h2,tv_sir,0,14.208492394631278,0.009390429058856375
20,0.045,2,7,aicc,ude_sir_h2,tv_sir,0,13.389959576098462,0.00957172957169722
20,0.045,2,7,bic,ude_sir_h2,tv_sir,0,10.830733486403403,0.02842932796586394
20,0.045,2,7,gic_pred,ude_sir_h2,tv_sir,0,2.5907938569247193,0.5242147906321256
20,0.045,2,7,gic_evid,ude_sir_h2,tv_sir,0,8.448284481357433,0.09754306575399353
20,0.045,2,7,gic_eff_logn,ude_sir_h2,tv_sir,0,2.9067290647265907,0.4979949475341553
20,0.045,2,8,aic,ude_sir_h2,tv_sir,0,12.952527140931238,0.01630747186315299
20,0.045,2,8,aicc,ude_sir_h2,tv_sir,0,14.145352691027028,0.007123530061042149
20,0.045,2,8,bic,ude_sir_h2,tv_sir,0,11.58612660133197,0.020706828772263253
20,0.045,2,8,gic_pred,ude_sir_h2,tv_sir,0,0.8038406660719488,0.8045719395532035
20,0.045,2,8,gic_evid,ude_sir_h2,tv_sir,0,10.274630306078663,0.04885746940673952
20,0.045,2,8,gic_eff_logn,ude_sir_h2,tv_sir,0,2.367163353938608,0.6816992152427992
20,0.045,2,9,aic,ude_sir_h2,tv_sir,0,12.363457827798058,0.015615061450243363
20,0.045,2,9,aicc,ude_sir_h2,tv_sir,0,11.544925009265242,0.021033540580488227
20,0.045,2,9,bic,ude_sir_h2,tv_sir,0,8.985698919570183,0.06084292022940395
20,0.045,2,9,gic_pred,ude_sir_h2,tv_sir,0,6.203986776072185,0.21126393072437305
20,0.045,2,9,gic_evid,ude_sir_h2,tv_sir,0,8.780150979175389,0.08690547522142938
20,0.045,2,9,gic_eff_logn,ude_sir_h2,tv_sir,0,7.251932085601851,0.17590861648858694
20,0.045,2,10,aic,ude_sir_h2,tv_sir,0,9.728600674648035,0.047273191593625564
20,0.045,2,10,aicc,ude_sir_h2,tv_sir,0,18.014314960362327,0.0013048034417497006
20,0.045,2,10,bic,ude_sir_h2,tv_sir,0,21.517488424993445,0.0004971029640971165
20,0.045,2,10,gic_pred,ude_sir_h2,neural_ode_h2,0,0.48016219227935153,0.9932220905750813
20,0.045,2,10,gic_evid,ude_sir_h2,tv_sir,0,12.039305221673104,0.017255993095553347
20,0.045,2,10,gic_eff_logn,ude_sir_h2,neural_ode_h2,0,1.6230183752816032,1.011806022639609
20,0.045,2,11,aic,ude_sir_h2,tv_sir,0,17.678402883206616,0.001435875835665689
20,0.045,2,11,aicc,ude_sir_h2,tv_sir,0,25.964117168920907,4.645282846798108e-05
20,0.045,2,11,bic,ude_sir_h2,tv_sir,0,25.151251492214513,5.309135902385855e-05
20,0.045,2,11,gic_pred,ude_sir_h2,tv_sir,0,4.304574989574036,0.33587714166940236
20,0.045,2,11,gic_evid,ude_sir_h2,tv_sir,0,14.10821480356735,0.006983729568486724
20,0.045,2,11,gic_eff_logn,ude_sir_h2,tv_sir,0,4.833339592165629,0.2849722490001889
20,0.045,2,12,aic,ude_sir_h2,tv_sir,0,0.23380888139527656,0.6927004259767081
20,0.045,2,12,aicc,ude_sir_h2,sir,0,0.5847239371375395,0.6825996195548425
20,0.045,2,12,bic,ude_sir_h2,sir,0,3.1439500268325986,0.45894318805140233
20,0.045,2,12,gic_pred,ude_sir_h2,tv_sir,0,0.863753701061313,1.0461741731916012
20,0.045,2,12,gic_evid,ude_sir_h2,sir,0,2.2064152140330435,0.9362732624604619
20,0.045,2,12,gic_eff_logn,ude_sir_h2,sir,0,1.9820547755868319,0.9198497374328165
20,0.045,2,13,aic,ude_sir_h2,tv_sir,0,16.610359266081787,0.002339827408150227
20,0.045,2,13,aicc,ude_sir_h2,tv_sir,0,24.695866099463984,0.00011070127849821109
20,0.045,2,13,bic,ude_sir_h2,tv_sir,0,22.136640009768925,0.00019843977156663476
20,0.045,2,13,gic_pred,ude_sir_h2,tv_sir,0,3.2834072848308153,0.444699157668588
20,0.045,2,13,gic_evid,ude_sir_h2,tv_sir,0,12.659346194932297,0.013163154647219549
20,0.045,2,13,gic_eff_logn,ude_sir_h2,tv_sir,0,3.8517557700795066,0.38224717487930415
20,0.045,2,14,aic,ude_sir_h2,tv_sir,0,15.724247132451296,0.003436180371475907
20,0.045,2,14,aicc,ude_sir_h2,tv_sir,0,24.009961418165588,0.0001140061792964044
20,0.045,2,14,bic,ude_sir_h2,tv_sir,0,23.254782093947455,0.0001280273428290412
20,0.045,2,14,gic_pred,ude_sir_h2,tv_sir,0,2.4382082579921587,0.5445028823111124
20,0.045,2,14,gic_evid,ude_sir_h2,tv_sir,0,11.824665499173022,0.018742328982468914
20,0.045,2,14,gic_eff_logn,ude_sir_h2,tv_sir,0,3.0411053959731476,0.4768232299939415
20,0.045,2,15,aic,ude_sir_h2,tv_sir,0,3.6676567511200915,0.4093348972717146
20,0.045,2,15,aicc,ude_sir_h2,tv_sir,0,2.8491239325872755,0.49209120414350466
20,0.045,2,15,bic,ude_sir_h2,tv_sir,0,0.2898978428922163,0.6905537059480512
20,0.045,2,15,gic_pred,ude_sir_h2,tv_sir,0,0.1869081301323945,0.8837341565216656
20,0.045,2,15,gic_evid,ude_sir_h2,tv_sir,0,1.4133559867881331,0.8119192084242168
20,0.045,2,15,gic_eff_logn,ude_sir_h2,tv_sir,0,0.9751188046923431,1.0547622408012618
20,0.045,2,16,aic,ude_sir_h2,tv_sir,0,11.70962915514582,0.019596306133438764
20,0.045,2,16,aicc,ude_sir_h2,tv_sir,0,19.99534344086011,0.0005033908474063409
20,0.045,2,16,bic,ude_sir_h2,tv_sir,0,23.53178533394336,0.00010892876123554636
20,0.045,2,16,gic_pred,ude_sir_h2,ude_sir_h2,1,0.3144348652499076,0.6900679421801992
20,0.045,2,16,gic_evid,ude_sir_h2,tv_sir,0,8.157194318351841,0.08470249868965302
20,0.045,2,16,gic_eff_logn,ude_sir_h2,tv_sir,0,1.354123974049159,0.6389727906495049
20,0.045,2,17,aic,ude_sir_h2,tv_sir,0,12.53699731556948,0.022165874923097486
20,0.045,2,17,aicc,ude_sir_h2,tv_sir,0,11.718464497036663,0.01972503671864513
20,0.045,2,17,bic,ude_sir_h2,tv_sir,0,9.159238407341604,0.05675050446045102
20,0.045,2,17,gic_pred,ude_sir_h2,tv_sir,0,1.3793831523386189,0.6499345592068537
20,0.045,2,17,gic_evid,ude_sir_h2,tv_sir,0,9.316076441195236,0.09540158154668207
20,0.045,2,17,gic_eff_logn,ude_sir_h2,tv_sir,0,2.8286888122068063,0.5251784780400706
20,0.045,2,18,aic,ude_sir_h2,tv_sir,0,17.586149351876088,0.001491797546185255
20,0.045,2,18,aicc,ude_sir_h2,tv_sir,0,25.87186363759038,4.0475772203114394e-05
20,0.045,2,18,bic,ude_sir_h2,tv_sir,0,26.710244215875022,2.9206408301022063e-05
20,0.045,2,18,gic_pred,ude_sir_h2,tv_sir,0,4.155034188239,0.35469336838557775
20,0.045,2,18,gic_evid,ude_sir_h2,tv_sir,0,14.50979154361228,0.005848794769116706
20,0.045,2,18,gic_eff_logn,ude_sir_h2,tv_sir,0,4.635423144184159,0.30600527345628503
20,0.045,2,19,aic,ude_sir_h2,tv_sir,0,16.010980904705775,0.0030089675806143907
20,0.045,2,19,aicc,ude_sir_h2,tv_sir,0,24.296695190420067,7.763734282135365e-05
20,0.045,2,19,bic,ude_sir_h2,tv_sir,0,26.39423367336417,3.983175355743536e-05
20,0.045,2,19,gic_pred,ude_sir_h2,tv_sir,0,2.8136580745704407,0.49588757298655683
20,0.045,2,19,gic_evid,ude_sir_h2,tv_sir,0,12.876196745735456,0.011895058617872305
20,0.045,2,19,gic_eff_logn,ude_sir_h2,tv_sir,0,3.4914705648058373,0.42029224348481975
20,0.045,4,0,aic,ude_sir_h2,tv_sir,0,14.69143553126537,0.005383920932300533
20,0.045,4,0,aicc,ude_sir_h2,tv_sir,0,18.040455139108502,0.0012117702951440373
20,0.045,4,0,bic,ude_sir_h2,tv_sir,0,31.36562197398257,2.5783296366959277e-06
20,0.045,4,0,gic_pred,ude_sir_h2,tv_sir,0,1.3543585445160602,0.6399229570769436
20,0.045,4,0,gic_evid,ude_sir_h2,tv_sir,0,13.014569841333298,0.011189235232185504
20,0.045,4,0,gic_eff_logn,ude_sir_h2,tv_sir,0,2.143908681666744,0.5678807650133946
20,0.045,4,1,aic,ude_sir_h2,tv_sir,0,5.538978889720113,0.2432694577961209
20,0.045,4,1,aicc,ude_sir_h2,tv_sir,0,8.887998497563245,0.06577325745107948
20,0.045,4,1,bic,ude_sir_h2,tv_sir,0,13.95865830969231,0.0076035569427262695
20,0.045,4,1,gic_pred,ude_sir_h2,ude_sir_h2,1,1.7026562480920688,0.7596304263429212
20,0.045,4,1,gic_evid,ude_sir_h2,tv_sir,0,6.354305354587922,0.1726713363995369
20,0.045,4,1,gic_eff_logn,ude_sir_h2,ude_sir_h2,1,2.033014649267784,0.8629029298726514
20,0.045,4,2,aic,ude_sir_h2,tv_sir,0,11.377290172319363,0.022571571733029865
20,0.045,4,2,aicc,ude_sir_h2,tv_sir,0,14.726309780162495,0.005301118392278578
20,0.045,4,2,bic,ude_sir_h2,tv_sir,0,28.051476615036563,1.21896257307426e-05
20,0.045,4,2,gic_pred,ude_sir_h2,tv_sir,0,0.008565385973781758,0.697286276883524
20,0.045,4,2,gic_evid,ude_sir_h2,tv_sir,0,10.75235407738586,0.02936767591505687
20,0.045,4,2,gic_eff_logn,ude_sir_h2,tv_sir,0,3.1424492070148062,0.459762829131232
20,0.045,4,3,aic,ude_sir_h2,tv_sir,0,13.429883160086547,0.009350758883118591
20,0.045,4,3,aicc,ude_sir_h2,tv_sir,0,16.77890276792965,0.00213366869284312
20,0.045,4,3,bic,ude_sir_h2,tv_sir,0,30.104069602803747,4.680387943239979e-06
20,0.045,4,3,gic_pred,ude_sir_h2,tv_sir,0,2.5363724451354983,0.5350768729129173
20,0.045,4,3,gic_evid,ude_sir_h2,tv_sir,0,15.438984591453533,0.0038706036939363986
20,0.045,4,3,gic_eff_logn,ude_sir_h2,tv_sir,0,6.236242553793261,0.17734356187031702
20,0.045,4,4,aic,ude_sir_h2,tv_sir,0,13.983859749891849,0.009299634054460732
20,0.045,4,4,aicc,ude_sir_h2,tv_sir,0,17.332879357734953,0.0017978889514128527
20,0.045,4,4,bic,ude_sir_h2,tv_sir,0,30.65804619260905,3.6245134173467703e-06
20,0.045,4,4,gic_pred,ude_sir_h2,tv_sir,0,0.6708525579697948,1.010732745577706
20,0.045,4,4,gic_evid,ude_sir_h2,tv_sir,0,12.031727842455467,0.01707818932633812
20,0.045,4,4,gic_eff_logn,ude_sir_h2,tv_sir,0,1.4890701413053762,0.6764001060447211
20,0.045,4,5,aic,ude_sir_h2,tv_sir,0,9.124025268028333,0.060948926470423374
20,0.045,4,5,aicc,ude_sir_h2,tv_sir,0,12.473044875871437,0.014372632570943324
20,0.045,4,5,bic,ude_sir_h2,tv_sir,0,25.798211710745534,3.5834966857414487e-05
20,0.045,4,5,gic_pred,ude_sir_h2,ude_sir_h2,1,1.6947483038633209,1.0078723160997012
20,0.045,4,5,gic_evid,ude_sir_h2,tv_sir,0,11.713601336887592,0.0195621629466357
20,0.045,4,5,gic_eff_logn,ude_sir_h2,tv_sir,0,2.094134737477816,0.7457137921982999
20,0.045,4,6,aic,ude_sir_h2,tv_sir,0,11.803736637896748,0.018825665897794164
20,0.045,4,6,aicc,ude_sir_h2,tv_sir,0,15.152756245739852,0.004392620004686319
20,0.045,4,6,bic,ude_sir_h2,tv_sir,0,28.477923080613948,9.978448683194736e-06
20,0.045,4,6,gic_pred,ude_sir_h2,ude_sir_h2,1,1.3658670843154255,0.6386407168969178
20,0.045,4,6,gic_evid,ude_sir_h2,tv_sir,0,10.045869769422183,0.03942408036537774
20,0.045,4,6,gic_eff_logn,ude_sir_h2,ude_sir_h2,1,0.37685405880301914,0.6887836845995539
20,0.045,4,7,aic,ude_sir_h2,tv_sir,0,6.796787411834032,0.14636002637839785
20,0.045,4,7,aicc,ude_sir_h2,tv_sir,0,10.145807019677136,0.03807939528488466
20,0.045,4,7,bic,ude_sir_h2,tv_sir,0,23.470973854551232,0.00010205426292928095
20,0.045,4,7,gic_pred,ude_sir_h2,ude_sir_h2,1,2.7722062266184366,0.7884068979744778
20,0.045,4,7,gic_evid,ude_sir_h2,tv_sir,0,11.183045107163139,0.024497697672234815
20,0.045,4,7,gic_eff_logn,ude_sir_h2,tv_sir,0,0.29662154115419526,0.9486775401275573
20,0.045,4,8,aic,ude_sir_h2,tv_sir,0,7.420436430521818,0.1132975797746564
20,0.045,4,8,aicc,ude_sir_h2,tv_sir,0,10.76945603836495,0.02919119459656541
20,0.045,4,8,bic,ude_sir_h2,tv_sir,0,24.094622873239018,7.993527654791656e-05
20,0.045,4,8,gic_pred,ude_sir_h2,ude_sir_h2,1,3.383272810175015,0.5032086621835666
20,0.045,4,8,gic_evid,ude_sir_h2,tv_sir,0,8.592964717951588,0.07124369330453811
20,0.045,4,8,gic_eff_logn,ude_sir_h2,tv_sir,0,0.42355205023605436,0.7072541326618822
20,0.045,4,9,aic,ude_sir_h2,tv_sir,0,6.886934872813413,0.14032262420026667
20,0.045,4,9,aicc,ude_sir_h2,tv_sir,0,10.235954480656517,0.03659312471038875
20,0.045,4,9,bic,ude_sir_h2,tv_sir,0,23.561121315530613,9.783082695231891e-05
20,0.045,4,9,gic_pred,ude_sir_h2,ude_sir_h2,1,3.7167270975392057,0.5939873653546113
20,0.045,4,9,gic_evid,ude_sir_h2,tv_sir,0,10.147677395397949,0.037795216095602026
20,0.045,4,9,gic_eff_logn,ude_sir_h2,tv_sir,0,0.32835672594882226,0.748000620322821
20,0.045,4,10,aic,ude_sir_h2,tv_sir,0,7.593481000664184,0.1090418621735404
20,0.045,4,10,aicc,ude_sir_h2,tv_sir,0,10.942500608507316,0.029563875467963317
20,0.045,4,10,bic,ude_sir_h2,tv_sir,0,12.167708418104354,0.016183003571078797
20,0.045,4,10,gic_pred,ude_sir_h2,ude_sir_h2,1,3.9814870355148173,0.49292638219294116
20,0.045,4,10,gic_evid,ude_sir_h2,tv_sir,0,3.709164367873001,0.4061191770847305
20,0.045,4,10,gic_eff_logn,ude_sir_h2,ude_sir_h2,1,1.0932416716362638,0.6857477989525458
20,0.045,4,11,aic,ude_sir_h2,tv_sir,0,13.106328867865216,0.010790323557963237
20,0.045,4,11,aicc,ude_sir_h2,tv_sir,0,16.45534847570832,0.002472218101556574
20,0.045,4,11,bic,ude_sir_h2,tv_sir,0,25.330393496661486,4.8595791444430356e-05
20,0.045,4,11,gic_pred,ude_sir_h2,tv_sir,0,1.7252576146723868,0.6272717829066368
20,0.045,4,11,gic_evid,ude_sir_h2,tv_sir,0,11.618550119043562,0.02040093153921233
20,0.045,4,11,gic_eff_logn,ude_sir_h2,tv_sir,0,4.844436629276345,0.2844616733919208
20,0.045,4,12,aic,ude_sir_h2,tv_sir,0,12.733471878242995,0.012639713825251232
20,0.045,4,12,aicc,ude_sir_h2,tv_sir,0,16.0824914860861,0.002909910372064178
20,0.045,4,12,bic,ude_sir_h2,tv_sir,0,29.407658320960195,6.460121409389792e-06
20,0.045,4,12,gic_pred,ude_sir_h2,tv_sir,0,1.9637427887471972,0.591227894004445
20,0.045,4,12,gic_evid,ude_sir_h2,tv_sir,0,15.502988191404427,0.0037624872648127712
20,0.045,4,12,gic_eff_logn,ude_sir_h2,tv_sir,0,5.811038461763815,0.20481689998599956
20,0.045,4,13,aic,ude_sir_h2,tv_sir,0,4.902911969025183,0.2771748785948136
20,0.045,4,13,aicc,ude_sir_h2,tv_sir,0,8.251931576868287,0.08158848989816822
20,0.045,4,13,bic,ude_sir_h2,tv_sir,0,21.577098411742384,0.00024337422306547116
20,0.045,4,13,gic_pred,ude_sir_h2,ude_sir_h2,1,6.138780304314423,0.18446088105018268
20,0.045,4,13,gic_evid,ude_sir_h2,tv_sir,0,5.413094393826583,0.23403035738487096
20,0.045,4,13,gic_eff_logn,ude_sir_h2,ude_sir_h2,1,2.615396405081185,0.5187029589935325
20,0.045,4,14,aic,ude_sir_h2,tv_sir,0,4.387545019707886,0.32602001554642646
20,0.045,4,14,aicc,ude_sir_h2,tv_sir,0,7.73656462755099,0.09986778912047382
20,0.045,4,14,bic,ude_sir_h2,tv_sir,0,21.061731462425087,0.0003089204716432175
20,0.045,4,14,gic_pred,ude_sir_h2,ude_sir_h2,1,6.121926302169754,0.20458347692273982
20,0.045,4,14,gic_evid,ude_sir_h2,tv_sir,0,7.365010579180364,0.11522675507223223
20,0.045,4,14,gic_eff_logn,ude_sir_h2,ude_sir_h2,1,1.9646601619794524,0.598505682913859
20,0.045,4,15,aic,ude_sir_h2,tv_sir,0,6.346247071252492,0.17232401674377218
20,0.045,4,15,aicc,ude_sir_h2,tv_sir,0,9.695266679095596,0.0458336849415745
20,0.045,4,15,bic,ude_sir_h2,tv_sir,0,23.020433513969692,0.00013379616749670145
20,0.045,4,15,gic_pred,ude_sir_h2,ude_sir_h2,1,4.852372196001625,0.5042577536473613
20,0.045,4,15,gic_evid,ude_sir_h2,tv_sir,0,5.43791410756225,0.23207120741716541
20,0.045,4,15,gic_eff_logn,ude_sir_h2,ude_sir_h2,1,1.5158904363702277,0.6920728630674615
20,0.045,4,16,aic,ude_sir_h2,tv_sir,0,14.677818262209087,0.005423307210981998
20,0.045,4,16,aicc,ude_sir_h2,tv_sir,0,18.02683787005222,0.0012196544970619573
20,0.045,4,16,bic,ude_sir_h2,tv_sir,0,31.352004704926287,2.5957313452073614e-06
20,0.045,4,16,gic_pred,ude_sir_h2,tv_sir,0,2.789384494095458,0.5060723131606618
20,0.045,4,16,gic_evid,ude_sir_h2,tv_sir,0,14.635763583423085,0.005516026460849602
20,0.045,4,16,gic_eff_logn,ude_sir_h2,tv_sir,0,5.304287996711139,0.24363085079005994
20,0.045,4,17,aic,ude_sir_h2,ude_sir_h2,1,2.0507293876456743,0.5785362023891764
20,0.045,4,17,aicc,ude_sir_h2,tv_sir,0,1.2982902201974298,0.643407839780544
20,0.045,4,17,bic,ude_sir_h2,tv_sir,0,14.623457055071526,0.006433844510302183
20,0.045,4,17,gic_pred,ude_sir_h2,ude_sir_h2,1,11.823427124802322,0.03199092386156193
20,0.045,4,17,gic_evid,ude_sir_h2,tv_sir,0,1.2289333530292765,0.6484761378645876
20,0.045,4,17,gic_eff_logn,ude_sir_h2,ude_sir_h2,1,8.487489783984273,0.08689037795370531
20,0.045,4,18,aic,ude_sir_h2,tv_sir,0,10.223327201584311,0.03665284386337722
20,0.045,4,18,aicc,ude_sir_h2,tv_sir,0,13.572346809427444,0.008805264789582237
20,0.045,4,18,bic,ude_sir_h2,tv_sir,0,22.46832666212157,0.00018252131319947365
20,0.045,4,18,gic_pred,ude_sir_h2,ude_sir_h2,1,1.036448229790608,0.6645440726074793
20,0.045,4,18,gic_evid,ude_sir_h2,tv_sir,0,8.47591640057064,0.07475873102557588
20,0.045,4,18,gic_eff_logn,ude_sir_h2,tv_sir,0,2.227195723935722,0.5599969009939895
20,0.045,4,19,aic,ude_sir_h2,tv_sir,0,10.78584070389843,0.028958833324088332
20,0.045,4,19,aicc,ude_sir_h2,tv_sir,0,14.134860311741534,0.006871425419492775
20,0.045,4,19,bic,ude_sir_h2,tv_sir,0,27.46002714661563,1.618785631906201e-05
20,0.045,4,19,gic_pred,ude_sir_h2,ude_sir_h2,1,0.20775957596595163,0.6924262524968956
20,0.045,4,19,gic_evid,ude_sir_h2,tv_sir,0,12.783261843562286,0.012365606125187325
20,0.045,4,19,gic_eff_logn,ude_sir_h2,tv_sir,0,3.3729025279535563,0.4334912504703467
40,0.005,1,0,aic,ude_sir_h2,ude_sir_h2,1,5.582904873719144,0.2568258864246168
40,0.005,1,0,aicc,ude_sir_h2,ude_sir_h2,1,1.771921634713351,0.6117369728291376
40,0.005,1,0,bic,ude_sir_h2,tv_sir,0,1.7645202583699415,0.6144513480483459
40,0.005,1,0,gic_pred,ude_sir_h2,ude_sir_h2,1,2.1574112883736802,0.5665204956324832
40,0.005,1,0,gic_evid,ude_sir_h2,ude_sir_h2,1,18.26962109722612,0.0010935220765977817
40,0.005,1,0,gic_eff_logn,ude_sir_h2,ude_sir_h2,1,4.331426782470999,0.3315486251943874
40,0.005,1,1,aic,ude_sir_h2,tv_sir,0,3.170228021973969,0.46899199102185213
40,0.005,1,1,aicc,ude_sir_h2,tv_sir,0,11.455942307688247,0.021838501352902093
40,0.005,1,1,bic,ude_sir_h2,tv_sir,0,14.99238420077154,0.004722262544184187
40,0.005,1,1,gic_pred,ude_sir_h2,ude_sir_h2,1,6.142706212658254,0.2166022023682866
40,0.005,1,1,gic_evid,ude_sir_h2,ude_sir_h2,1,7.774529390632779,0.09838718907862569
40,0.005,1,1,gic_eff_logn,ude_sir_h2,ude_sir_h2,1,8.817506149532505,0.11176675715042522
40,0.005,1,2,aic,ude_sir_h2,ude_sir_h2,1,7.349743016484524,0.11599575792016592
40,0.005,1,2,aicc,ude_sir_h2,ude_sir_h2,1,14.72117158791309,0.009481931772161393
40,0.005,1,2,bic,ude_sir_h2,ude_sir_h2,1,11.731781861716968,0.03381833853054838
40,0.005,1,2,gic_pred,ude_sir_h2,ude_sir_h2,1,3.4356887592693397,0.426419024753117
40,0.005,1,2,gic_evid,ude_sir_h2,ude_sir_h2,1,28.040687120777164,1.3420344323346243e-05
40,0.005,1,2,gic_eff_logn,ude_sir_h2,ude_sir_h2,1,5.1971442129622005,0.2516441983275668
40,0.005,1,3,aic,ude_sir_h2,ude_sir_h2,1,4.298550109999496,0.4235367814529311
40,0.005,1,3,aicc,ude_sir_h2,tv_sir,0,3.9871641757147813,0.36736077023037106
40,0.005,1,3,bic,ude_sir_h2,tv_sir,0,7.523606068798074,0.1088582525115036
40,0.005,1,3,gic_pred,ude_sir_h2,ude_sir_h2,1,3.858726680114046,0.38193467729512126
40,0.005,1,3,gic_evid,ude_sir_h2,ude_sir_h2,1,13.317238406643696,0.009813792969263185
40,0.005,1,3,gic_eff_logn,ude_sir_h2,ude_sir_h2,1,5.737112943978673,0.21225843300718303
40,0.005,1,4,aic,ude_sir_h2,neural_ode_h2,0,1.5529539619831212,0.6246787861277483
40,0.005,1,4,aicc,ude_sir_h2,ude_sir_h2,1,5.818474609445445,0.33854696636945625
40,0.005,1,4,bic,ude_sir_h2,ude_sir_h2,1,3.177507239427314,0.775591692014087
40,0.005,1,4,gic_pred,ude_sir_h2,neural_ode_h2,0,5.241394461928394,0.2479596913813379
40,0.005,1,4,gic_evid,ude_sir_h2,ude_sir_h2,1,21.619592790561768,0.0002877783744190307
40,0.005,1,4,gic_eff_logn,ude_sir_h2,neural_ode_h2,0,3.289421788626214,0.4426893323667055
40,0.005,1,5,aic,ude_sir_h2,ude_sir_h2,1,3.9631260539778737,0.41776080741263333
40,0.005,1,5,aicc,ude_sir_h2,ude_sir_h2,1,0.8324565929015648,0.6854707396479606
40,0.005,1,5,bic,ude_sir_h2,tv_sir,0,2.703985300181728,0.5227859666717397
40,0.005,1,5,gic_pred,ude_sir_h2,ude_sir_h2,1,0.5254344587127093,0.6847191279836649
40,0.005,1,5,gic_evid,ude_sir_h2,ude_sir_h2,1,17.293025889676443,0.001695961816418103
40,0.005,1,5,gic_eff_logn,ude_sir_h2,ude_sir_h2,1,2.6891494686428246,0.5099243765990518
40,0.005,1,6,aic,ude_sir_h2,ude_sir_h2,1,6.363801026240822,0.23987219095395718
40,0.005,1,6,aicc,ude_sir_h2,tv_sir,0,1.921913259473456,0.5907980978666847
40,0.005,1,6,bic,ude_sir_h2,tv_sir,0,5.458355152556749,0.23121161068450105
40,0.005,1,6,gic_pred,ude_sir_h2,ude_sir_h2,1,4.885538003751378,0.2793996746937495
40,0.005,1,6,gic_evid,ude_sir_h2,ude_sir_h2,1,14.68354899896093,0.005401429766855356
40,0.005,1,6,gic_eff_logn,ude_sir_h2,ude_sir_h2,1,6.992953804934984,0.1339521087638264
40,0.005,1,7,aic,ude_sir_h2,ude_sir_h2,1,1.8552131232558509,0.9059973176733227
40,0.005,1,7,aicc,ude_sir_h2,tv_sir,0,6.430501162458427,0.16535244685245315
40,0.005,1,7,bic,ude_sir_h2,tv_sir,0,9.96694305554172,0.04187124257365514
40,0.005,1,7,gic_pred,ude_sir_h2,neural_ode_h2,0,0.3242561572655518,0.6925828460868919
40,0.005,1,7,gic_evid,ude_sir_h2,ude_sir_h2,1,10.951837766405447,0.027007612443589797
40,0.005,1,7,gic_eff_logn,ude_sir_h2,ude_sir_h2,1,1.8319319217916927,0.6049479060160956
40,0.005,1,8,aic,ude_sir_h2,ude_sir_h2,1,4.881202696474304,0.5032635104150093
40,0.005,1,8,aicc,ude_sir_h2,tv_sir,0,3.1453424762578948,0.4619483810485157
40,0.005,1,8,bic,ude_sir_h2,tv_sir,0,6.681784369341187,0.15120909376938318
40,0.005,1,8,gic_pred,ude_sir_h2,ude_sir_h2,1,0.9599356601716522,0.6661593212645022
40,0.005,1,8,gic_evid,ude_sir_h2,ude_sir_h2,1,11.596785359898831,0.020559672453744685
40,0.005,1,8,gic_eff_logn,ude_sir_h2,ude_sir_h2,1,2.7153003566606344,0.5092362556662647
40,0.005,1,9,aic,ude_sir_h2,ude_sir_h2,1,10.252930753905957,0.0528622534585009
40,0.005,1,9,aicc,ude_sir_h2,ude_sir_h2,1,1.9672164681916797,0.585869773303316
40,0.005,1,9,bic,ude_sir_h2,tv_sir,0,1.5692254248916129,0.6223403176841658
40,0.005,1,9,gic_pred,ude_sir_h2,ude_sir_h2,1,8.243272752393011,0.08201272840140078
40,0.005,1,9,gic_evid,ude_sir_h2,ude_sir_h2,1,16.916182652043744,0.002006433527099891
40,0.005,1,9,gic_eff_logn,ude_sir_h2,ude_sir_h2,1,10.084802865670952,0.03907292893933763
40,0.005,1,10,aic,ude_sir_h2,ude_sir_h2,1,9.853534375535673,0.053164911644145066
40,0.005,1,10,aicc,ude_sir_h2,ude_sir_h2,1,4.852653819877787,0.28323172177052935
40,0.005,1,10,bic,ude_sir_h2,ude_sir_h2,1,1.3162119267944945,0.6449273876765586
40,0.005,1,10,gic_pred,ude_sir_h2,ude_sir_h2,1,5.970820308564839,0.1928888887258563
40,0.005,1,10,gic_evid,ude_sir_h2,ude_sir_h2,1,19.532871571361966,0.0006175192121011794
40,0.005,1,10,gic_eff_logn,ude_sir_h2,ude_sir_h2,1,7.758740663953574,0.09906924347335998
40,0.005,1,11,aic,ude_sir_h2,ude_sir_h2,1,7.6150063461946615,0.10548957285669144
40,0.005,1,11,aicc,ude_sir_h2,ude_sir_h2,1,10.540206390648336,0.03678362577621161
40,0.005,1,11,bic,ude_sir_h2,ude_sir_h2,1,7.003764497565044,0.14452301073391677
40,0.005,1,11,gic_pred,ude_sir_h2,ude_sir_h2,1,3.629872562797118,0.40504340130285704
40,0.005,1,11,gic_evid,ude_sir_h2,ude_sir_h2,1,22.31203596294523,0.00017617820330678876
40,0.005,1,11,gic_eff_logn,ude_sir_h2,ude_sir_h2,1,5.331305640801247,0.2405970899378832
40,0.005,1,12,aic,ude_sir_h2,neural_ode_h2,0,9.317805606060972,0.05317908088164003
40,0.005,1,12,aicc,ude_sir_h2,neural_ode_h2,0,1.9463770346324054,0.5957451688715825
40,0.005,1,12,bic,ude_sir_h2,neural_ode_h2,0,4.2511672437191805,0.35681282850789015
40,0.005,1,12,gic_pred,ude_sir_h2,neural_ode_h2,0,12.960127464969503,0.011455880879157282
40,0.005,1,12,gic_evid,ude_sir_h2,ude_sir_h2,1,16.43388496738362,0.002534658014101083
40,0.005,1,12,gic_eff_logn,ude_sir_h2,neural_ode_h2,0,10.969210379018023,0.026809595348143474
40,0.005,1,13,aic,ude_sir_h2,ude_sir_h2,1,7.230252977462669,0.15866672524192144
40,0.005,1,13,aicc,ude_sir_h2,ude_sir_h2,1,1.7878702922323555,0.6062689603900537
40,0.005,1,13,bic,ude_sir_h2,tv_sir,0,1.748571600850937,0.6108939285238664
40,0.005,1,13,gic_pred,ude_sir_h2,ude_sir_h2,1,3.7160205126918413,0.39578516739642977
40,0.005,1,13,gic_evid,ude_sir_h2,ude_sir_h2,1,17.755104960239635,0.00137798270634403
40,0.005,1,13,gic_eff_logn,ude_sir_h2,ude_sir_h2,1,5.815101371667822,0.20396057577735535
40,0.005,1,14,aic,ude_sir_h2,ude_sir_h2,1,11.315117385269843,0.023845046322316772
40,0.005,1,14,aicc,ude_sir_h2,ude_sir_h2,1,11.028355751303081,0.027049858610251398
40,0.005,1,14,bic,ude_sir_h2,ude_sir_h2,1,7.491913858219789,0.11221608730273917
40,0.005,1,14,gic_pred,ude_sir_h2,ude_sir_h2,1,7.228146883069087,0.12140316528438486
40,0.005,1,14,gic_evid,ude_sir_h2,ude_sir_h2,1,23.350510687580254,0.00010794444414138949
40,0.005,1,14,gic_eff_logn,ude_sir_h2,ude_sir_h2,1,8.843584990042586,0.0644333393250793
40,0.005,1,15,aic,ude_sir_h2,ude_sir_h2,1,6.596904887501353,0.20615717654432442
40,0.005,1,15,aicc,ude_sir_h2,tv_sir,0,1.6888093982129249,0.6121220884838056
40,0.005,1,15,bic,ude_sir_h2,tv_sir,0,5.2252512912962175,0.24987079164080922
40,0.005,1,15,gic_pred,ude_sir_h2,ude_sir_h2,1,5.496358625194318,0.22820211679605906
40,0.005,1,15,gic_evid,ude_sir_h2,ude_sir_h2,1,13.90120599659474,0.00761040697684645
40,0.005,1,15,gic_eff_logn,ude_sir_h2,ude_sir_h2,1,7.42340257005651,0.11402605774458652
40,0.005,1,16,aic,ude_sir_h2,tv_sir,0,1.723180899557235,0.6316568997396158
40,0.005,1,16,aicc,ude_sir_h2,tv_sir,0,10.008895185271513,0.04006312643921795
40,0.005,1,16,bic,ude_sir_h2,tv_sir,0,13.545337078354805,0.008905029977800278
40,0.005,1,16,gic_pred,ude_sir_h2,ude_sir_h2,1,5.322903322944967,0.2645055129305701
40,0.005,1,16,gic_evid,ude_sir_h2,ude_sir_h2,1,8.276416475196072,0.08079937160541373
40,0.005,1,16,gic_eff_logn,ude_sir_h2,ude_sir_h2,1,7.59078748298549,0.14315216612151976
40,0.005,1,17,aic,ude_sir_h2,ude_sir_h2,1,0.10623654580001585,0.9903294910467738
40,0.005,1,17,aicc,ude_sir_h2,tv_sir,0,5.835417164965236,0.21142724195481358
40,0.005,1,17,bic,ude_sir_h2,tv_sir,0,9.371859058048528,0.057669806242748145
40,0.005,1,17,gic_pred,ude_sir_h2,neural_ode_h2,0,3.3700125841276645,0.43453095128884434
40,0.005,1,17,gic_evid,ude_sir_h2,ude_sir_h2,1,11.419460709362113,0.022171189702940096
40,0.005,1,17,gic_eff_logn,ude_sir_h2,neural_ode_h2,0,1.2388570882440604,0.65013102683369
40,0.005,1,18,aic,ude_sir_h2,ude_sir_h2,1,13.849717319813237,0.007845499985465092
40,0.005,1,18,aicc,ude_sir_h2,ude_sir_h2,1,16.252508777225955,0.002983734709720022
40,0.005,1,18,bic,ude_sir_h2,ude_sir_h2,1,12.716066884142691,0.013543147963818829
40,0.005,1,18,gic_pred,ude_sir_h2,ude_sir_h2,1,9.724015657285975,0.045024066307806976
40,0.005,1,18,gic_evid,ude_sir_h2,ude_sir_h2,1,27.423259393668047,1.6479984774551685e-05
40,0.005,1,18,gic_eff_logn,ude_sir_h2,ude_sir_h2,1,11.306747633804719,0.02324964575304935
40,0.005,1,19,aic,ude_sir_h2,ude_sir_h2,1,3.894769670318908,0.5109637755799209
40,0.005,1,19,aicc,ude_sir_h2,tv_sir,0,4.3909446153953695,0.32641718594965674
40,0.005,1,19,bic,ude_sir_h2,tv_sir,0,7.927386508478662,0.09332003758883854
40,0.005,1,19,gic_pred,ude_sir_h2,ude_sir_h2,1,2.904959378848048,0.487605342066043
40,0.005,1,19,gic_evid,ude_sir_h2,ude_sir_h2,1,12.347065729153144,0.014920097733597067
40,0.005,1,19,gic_eff_logn,ude_sir_h2,ude_sir_h2,1,4.978835271527487,0.27419577688106145
40,0.005,2,0,aic,ude_sir_h2,ude_sir_h2,1,89.3265565190436,1.8010830524470134e-18
40,0.005,2,0,aicc,ude_sir_h2,ude_sir_h2,1,85.97753691120045,9.198423603465279e-18
40,0.005,2,0,bic,ude_sir_h2,ude_sir_h2,1,72.6523700763264,6.3028079728516256e-15
40,0.005,2,0,gic_pred,ude_sir_h2,ude_sir_h2,1,94.6635068151362,1.7321090716472456e-19
40,0.005,2,0,gic_evid,ude_sir_h2,ude_sir_h2,1,75.87526050405927,1.26755474266112e-15
40,0.005,2,0,gic_eff_logn,ude_sir_h2,ude_sir_h2,1,89.4977552614393,1.7252119258343333e-18
40,0.005,2,1,aic,ude_sir_h2,ude_sir_h2,1,75.9554251538824,1.2190395498791977e-15
40,0.005,2,1,aicc,ude_sir_h2,ude_sir_h2,1,78.53461067424439,3.471019650499819e-16
40,0.005,2,1,bic,ude_sir_h2,ude_sir_h2,1,83.10150505790403,3.743833175318898e-17
40,0.005,2,1,gic_pred,ude_sir_h2,ude_sir_h2,1,72.97848682365668,5.411093894466147e-15
40,0.005,2,1,gic_evid,ude_sir_h2,ude_sir_h2,1,116.74687038881814,2.59988690755273e-24
40,0.005,2,1,gic_eff_logn,ude_sir_h2,ude_sir_h2,1,76.57899353148866,8.998342060441772e-16
40,0.005,2,2,aic,ude_sir_h2,ude_sir_h2,1,58.56373070965026,5.810826262439807e-12
40,0.005,2,2,aicc,ude_sir_h2,ude_sir_h2,1,61.14291623001225,1.6690684804650696e-12
40,0.005,2,2,bic,ude_sir_h2,ude_sir_h2,1,63.640014170593645,6.800625751431329e-13
40,0.005,2,2,gic_pred,ude_sir_h2,ude_sir_h2,1,54.663789323760966,3.8210686071360734e-11
40,0.005,2,2,gic_evid,ude_sir_h2,ude_sir_h2,1,66.73958444705522,1.105166857436736e-13
40,0.005,2,2,gic_eff_logn,ude_sir_h2,ude_sir_h2,1,57.16498710035489,1.1424002995916644e-11
40,0.005,2,3,aic,ude_sir_h2,ude_sir_h2,1,77.6210860898293,5.416831377921085e-16
40,0.005,2,3,aicc,ude_sir_h2,ude_sir_h2,1,80.2002716101913,1.5412860429743052e-16
40,0.005,2,3,bic,ude_sir_h2,ude_sir_h2,1,84.76716599385094,1.7840447565722612e-17
40,0.005,2,3,gic_pred,ude_sir_h2,ude_sir_h2,1,73.06891124220601,5.187855369993168e-15
40,0.005,2,3,gic_evid,ude_sir_h2,ude_sir_h2,1,92.94085146926773,3.057223456198645e-19
40,0.005,2,3,gic_eff_logn,ude_sir_h2,ude_sir_h2,1,74.79329027986205,2.1462290734306937e-15
40,0.005,2,4,aic,ude_sir_h2,ude_sir_h2,1,70.18605121514781,2.0827197367962435e-14
40,0.005,2,4,aicc,ude_sir_h2,ude_sir_h2,1,72.7652367355098,5.9780813361288845e-15
40,0.005,2,4,bic,ude_sir_h2,ude_sir_h2,1,77.33213111916945,6.235496984597121e-16
40,0.005,2,4,gic_pred,ude_sir_h2,ude_sir_h2,1,65.96540593045847,1.610066229893983e-13
40,0.005,2,4,gic_evid,ude_sir_h2,ude_sir_h2,1,130.00102700362083,3.833120329428157e-27
40,0.005,2,4,gic_eff_logn,ude_sir_h2,ude_sir_h2,1,68.08464109265981,5.748204220993321e-14
40,0.005,2,5,aic,ude_sir_h2,ude_sir_h2,1,98.97461628850749,2.207559312381312e-20
40,0.005,2,5,aicc,ude_sir_h2,ude_sir_h2,1,97.57303363132206,3.6168761792034093e-20
40,0.005,2,5,bic,ude_sir_h2,ude_sir_h2,1,84.24786679644797,2.1396701248208743e-17
40,0.005,2,5,gic_pred,ude_sir_h2,ude_sir_h2,1,96.1681694186517,6.314245480559949e-20
40,0.005,2,5,gic_evid,ude_sir_h2,ude_sir_h2,1,85.85066256331424,9.783159769432547e-18
40,0.005,2,5,gic_eff_logn,ude_sir_h2,ude_sir_h2,1,99.97173372627651,1.5412878826371434e-20
40,0.005,2,6,aic,ude_sir_h2,ude_sir_h2,1,56.94988304586013,1.2686684989140952e-11
40,0.005,2,6,aicc,ude_sir_h2,ude_sir_h2,1,53.60086343801697,6.379628929746022e-11
40,0.005,2,6,bic,ude_sir_h2,ude_sir_h2,1,40.27569660314293,3.7958093040993187e-08
40,0.005,2,6,gic_pred,ude_sir_h2,ude_sir_h2,1,64.43931248362117,3.7758447723108665e-13
40,0.005,2,6,gic_evid,ude_sir_h2,ude_sir_h2,1,43.82726420356778,6.968261413288794e-09
40,0.005,2,6,gic_eff_logn,ude_sir_h2,ude_sir_h2,1,56.68513624053264,1.4408942416946585e-11
40,0.005,2,7,aic,ude_sir_h2,ude_sir_h2,1,91.38927242296973,6.530356144324647e-19
40,0.005,2,7,aicc,ude_sir_h2,ude_sir_h2,1,93.96845794333171,1.849101549566912e-19
40,0.005,2,7,bic,ude_sir_h2,ude_sir_h2,1,98.53535232699136,1.9775398519240736e-20
40,0.005,2,7,gic_pred,ude_sir_h2,ude_sir_h2,1,86.87013869730947,5.9460640089929436e-18
40,0.005,2,7,gic_evid,ude_sir_h2,ude_sir_h2,1,117.18593538286791,2.0952842503728782e-24
40,0.005,2,7,gic_eff_logn,ude_sir_h2,ude_sir_h2,1,88.63387015124317,2.511709219180611e-18
40,0.005,2,8,aic,ude_sir_h2,ude_sir_h2,1,93.17278439001905,2.7292672957728797e-19
40,0.005,2,8,aicc,ude_sir_h2,ude_sir_h2,1,95.75196991038104,7.724006740281787e-20
40,0.005,2,8,bic,ude_sir_h2,ude_sir_h2,1,100.31886429404068,8.373245025572701e-21
40,0.005,2,8,gic_pred,ude_sir_h2,ude_sir_h2,1,88.77772078825069,2.341191121342484e-18
40,0.005,2,8,gic_evid,ude_sir_h2,ude_sir_h2,1,111.73072726307691,3.055789788383501e-23
40,0.005,2,8,gic_eff_logn,ude_sir_h2,ude_sir_h2,1,90.68922141202347,9.196265117398323e-19
40,0.005,2,9,aic,ude_sir_h2,ude_sir_h2,1,91.41588848011372,7.602662814561721e-19
40,0.005,2,9,aicc,ude_sir_h2,ude_sir_h2,1,88.06686887227056,3.3463579789778278e-18
40,0.005,2,9,bic,ude_sir_h2,ude_sir_h2,1,74.74170203739652,2.200793503422325e-15
40,0.005,2,9,gic_pred,ude_sir_h2,ude_sir_h2,1,91.53886259239493,6.213414337131265e-19
40,0.005,2,9,gic_evid,ude_sir_h2,ude_sir_h2,1,78.18507895533457,4.11547250606038e-16
40,0.005,2,9,gic_eff_logn,ude_sir_h2,ude_sir_h2,1,91.76427169089402,6.760902419511378e-19
40,0.005,2,10,aic,ude_sir_h2,ude_sir_h2,1,74.43113439904903,2.5622319561380607e-15
40,0.005,2,10,aicc,ude_sir_h2,ude_sir_h2,1,77.01031991941102,7.417501367821881e-16
40,0.005,2,10,bic,ude_sir_h2,ude_sir_h2,1,72.04129939411712,8.485109841386373e-15
40,0.005,2,10,gic_pred,ude_sir_h2,ude_sir_h2,1,71.72588406552904,9.76252657020415e-15
40,0.005,2,10,gic_evid,ude_sir_h2,ude_sir_h2,1,74.2090797677692,2.8518726309237548e-15
40,0.005,2,10,gic_eff_logn,ude_sir_h2,ude_sir_h2,1,75.64997479559827,1.4161242372984995e-15
40,0.005,2,11,aic,ude_sir_h2,ude_sir_h2,1,70.84121971767536,1.5109047689371642e-14
40,0.005,2,11,aicc,ude_sir_h2,ude_sir_h2,1,73.42040523803735,4.4075910097766405e-15
40,0.005,2,11,bic,ude_sir_h2,ude_sir_h2,1,77.98729962169699,4.779534400291933e-16
40,0.005,2,11,gic_pred,ude_sir_h2,ude_sir_h2,1,65.95820995632562,1.6155304236118654e-13
40,0.005,2,11,gic_evid,ude_sir_h2,ude_sir_h2,1,87.54567991246631,4.274662920960525e-18
40,0.005,2,11,gic_eff_logn,ude_sir_h2,ude_sir_h2,1,67.2885602058933,8.473988457891388e-14
40,0.005,2,12,aic,ude_sir_h2,ude_sir_h2,1,79.40545144407054,2.2706267142420233e-16
40,0.005,2,12,aicc,ude_sir_h2,ude_sir_h2,1,81.98463696443253,6.456050175934443e-17
40,0.005,2,12,bic,ude_sir_h2,ude_sir_h2,1,86.55153134809217,7.164468291005418e-18
40,0.005,2,12,gic_pred,ude_sir_h2,ude_sir_h2,1,76.36517317954747,9.98570392834977e-16
40,0.005,2,12,gic_evid,ude_sir_h2,ude_sir_h2,1,94.58527090149477,1.3672971402491947e-19
40,0.005,2,12,gic_eff_logn,ude_sir_h2,ude_sir_h2,1,79.89024118211216,1.7927447667940523e-16
40,0.005,2,13,aic,ude_sir_h2,ude_sir_h2,1,69.80614592734571,2.4915913930492434e-14
40,0.005,2,13,aicc,ude_sir_h2,ude_sir_h2,1,72.3853314477077,7.161949281596137e-15
40,0.005,2,13,bic,ude_sir_h2,ude_sir_h2,1,71.50680376547996,1.1584698127291258e-14
40,0.005,2,13,gic_pred,ude_sir_h2,ude_sir_h2,1,67.46441996329838,7.77875222322353e-14
40,0.005,2,13,gic_evid,ude_sir_h2,ude_sir_h2,1,74.46966763037528,2.5122714290670764e-15
40,0.005,2,13,gic_eff_logn,ude_sir_h2,ude_sir_h2,1,71.8214730585861,9.333243850883871e-15
40,0.005,2,14,aic,ude_sir_h2,ude_sir_h2,1,68.81123079252245,4.041636487994073e-14
40,0.005,2,14,aicc,ude_sir_h2,ude_sir_h2,1,71.39041631288444,1.1451998833615393e-14
40,0.005,2,14,bic,ude_sir_h2,ude_sir_h2,1,75.95731069654408,1.2179210493765335e-15
40,0.005,2,14,gic_pred,ude_sir_h2,ude_sir_h2,1,64.18619036450434,3.8184951455908555e-13
40,0.005,2,14,gic_evid,ude_sir_h2,ude_sir_h2,1,125.7344622757135,3.1299165421365e-26
40,0.005,2,14,gic_eff_logn,ude_sir_h2,ude_sir_h2,1,65.82378552553462,1.7256253636591203e-13
40,0.005,2,15,aic,ude_sir_h2,ude_sir_h2,1,59.15075275697734,4.37462508301786e-12
40,0.005,2,15,aicc,ude_sir_h2,ude_sir_h2,1,61.72993827733933,1.2554320744494663e-12
40,0.005,2,15,bic,ude_sir_h2,ude_sir_h2,1,66.29683266099892,1.3713065223231817e-13
40,0.005,2,15,gic_pred,ude_sir_h2,ude_sir_h2,1,54.848477641406475,3.4953676142289814e-11
40,0.005,2,15,gic_evid,ude_sir_h2,ude_sir_h2,1,111.32514549089586,3.729194919057813e-23
40,0.005,2,15,gic_eff_logn,ude_sir_h2,ude_sir_h2,1,56.87049058793582,1.317034163273381e-11
40,0.005,2,16,aic,ude_sir_h2,ude_sir_h2,1,99.42245062618133,1.2799820973524497e-20
40,0.005,2,16,aicc,ude_sir_h2,ude_sir_h2,1,102.00163614654332,3.624998592479886e-21
40,0.005,2,16,bic,ude_sir_h2,ude_sir_h2,1,100.8479276172908,6.749910989046177e-21
40,0.005,2,16,gic_pred,ude_sir_h2,ude_sir_h2,1,95.09179758884363,1.0670670971389946e-19
40,0.005,2,16,gic_evid,ude_sir_h2,ude_sir_h2,1,104.27345323790342,1.1870010020889269e-21
40,0.005,2,16,gic_eff_logn,ude_sir_h2,ude_sir_h2,1,97.08001205263042,4.031414948688869e-20
40,0.005,2,17,aic,ude_sir_h2,ude_sir_h2,1,57.305856488020936,1.0672349388350027e-11
40,0.005,2,17,aicc,ude_sir_h2,ude_sir_h2,1,59.885042008382925,3.0667094789357593e-12
40,0.005,2,17,bic,ude_sir_h2,ude_sir_h2,1,64.45193639204257,3.355630815538182e-13
40,0.005,2,17,gic_pred,ude_sir_h2,ude_sir_h2,1,55.21492793375455,2.928938552372922e-11
40,0.005,2,17,gic_evid,ude_sir_h2,ude_sir_h2,1,141.58518982951557,1.2739655763631695e-29
40,0.005,2,17,gic_eff_logn,ude_sir_h2,ude_sir_h2,1,59.87068408404491,3.088262507986357e-12
40,0.005,2,18,aic,ude_sir_h2,ude_sir_h2,1,84.50853211400249,1.883978753333846e-17
40,0.005,2,18,aicc,ude_sir_h2,ude_sir_h2,1,87.08771763436448,5.3465020665742065e-18
40,0.005,2,18,bic,ude_sir_h2,ude_sir_h2,1,91.65461201802412,5.772307575188442e-19
40,0.005,2,18,gic_pred,ude_sir_h2,ude_sir_h2,1,82.07592754372138,6.174824082024659e-17
40,0.005,2,18,gic_evid,ude_sir_h2,ude_sir_h2,1,105.34685257551968,7.0115363426871485e-22
40,0.005,2,18,gic_eff_logn,ude_sir_h2,ude_sir_h2,1,86.32474300872343,7.761141217383393e-18
40,0.005,2,19,aic,ude_sir_h2,ude_sir_h2,1,93.51279709251696,2.3797441006888525e-19
40,0.005,2,19,aicc,ude_sir_h2,ude_sir_h2,1,96.09198261287895,1.0087164549157754e-19
40,0.005,2,19,bic,ude_sir_h2,ude_sir_h2,1,84.01583561577775,2.3969048461387876e-17
40,0.005,2,19,gic_pred,ude_sir_h2,ude_sir_h2,1,89.55578905365292,1.600699195846077e-18
40,0.005,2,19,gic_evid,ude_sir_h2,ude_sir_h2,1,87.25940631232987,4.916351553139053e-18
40,0.005,2,19,gic_eff_logn,ude_sir_h2,ude_sir_h2,1,91.98901968657793,4.920029749340281e-19
40,0.005,4,0,aic,ude_sir_h2,ude_sir_h2,1,219.4676881019559,2.4184529552193347e-46
40,0.005,4,0,aicc,ude_sir_h2,ude_sir_h2,1,220.58045604231006,1.3934763335768264e-46
40,0.005,4,0,bic,ude_sir_h2,ude_sir_h2,1,228.69320954765726,2.501058190169811e-48
40,0.005,4,0,gic_pred,ude_sir_h2,ude_sir_h2,1,215.4183588149467,1.797837563444159e-45
40,0.005,4,0,gic_evid,ude_sir_h2,ude_sir_h2,1,396.19875431136575,1.834073529453324e-84
40,0.005,4,0,gic_eff_logn,ude_sir_h2,ude_sir_h2,1,218.41768456431305,4.068742684016911e-46
40,0.005,4,1,aic,ude_sir_h2,ude_sir_h2,1,218.1075337999905,4.744511198078991e-46
40,0.005,4,1,aicc,ude_sir_h2,ude_sir_h2,1,219.22030174034467,2.7338022211344454e-46
40,0.005,4,1,bic,ude_sir_h2,ude_sir_h2,1,227.33305524569187,4.907800147240775e-48
40,0.005,4,1,gic_pred,ude_sir_h2,ude_sir_h2,1,215.38142647941584,1.8310311853681235e-45
40,0.005,4,1,gic_evid,ude_sir_h2,ude_sir_h2,1,341.94441229671634,9.564005707405265e-73
40,0.005,4,1,gic_eff_logn,ude_sir_h2,ude_sir_h2,1,220.41532100024347,1.5122826323214023e-46
40,0.005,4,2,aic,ude_sir_h2,ude_sir_h2,1,217.23487321798234,7.310485017622108e-46
40,0.005,4,2,aicc,ude_sir_h2,ude_sir_h2,1,218.3476411583365,4.212410271177069e-46
40,0.005,4,2,bic,ude_sir_h2,ude_sir_h2,1,226.4603946636837,7.56331830368454e-48
40,0.005,4,2,gic_pred,ude_sir_h2,ude_sir_h2,1,210.9477949543383,1.645937481727941e-44
40,0.005,4,2,gic_evid,ude_sir_h2,ude_sir_h2,1,376.206568244252,3.821008958479584e-80
40,0.005,4,2,gic_eff_logn,ude_sir_h2,ude_sir_h2,1,210.5063871746977,2.0481138969254235e-44
40,0.005,4,3,aic,ude_sir_h2,ude_sir_h2,1,208.58277180500318,5.30976170825033e-44
40,0.005,4,3,aicc,ude_sir_h2,ude_sir_h2,1,209.69553974535734,3.0602105062427953e-44
40,0.005,4,3,bic,ude_sir_h2,ude_sir_h2,1,217.80829325070454,5.50268282105263e-46
40,0.005,4,3,gic_pred,ude_sir_h2,ude_sir_h2,1,202.33913997829995,1.1685947241234898e-42
40,0.005,4,3,gic_evid,ude_sir_h2,ude_sir_h2,1,385.2503080551958,4.252766409992175e-82
40,0.005,4,3,gic_eff_logn,ude_sir_h2,ude_sir_h2,1,201.964534871282,1.4067068447520065e-42
40,0.005,4,4,aic,ude_sir_h2,ude_sir_h2,1,268.0643437334386,8.275160307914969e-57
40,0.005,4,4,aicc,ude_sir_h2,ude_sir_h2,1,269.17711167379275,4.763662732015761e-57
40,0.005,4,4,bic,ude_sir_h2,ude_sir_h2,1,277.28986517913995,8.495223974737656e-59
40,0.005,4,4,gic_pred,ude_sir_h2,ude_sir_h2,1,262.2321177376241,1.4951164883066752e-55
40,0.005,4,4,gic_evid,ude_sir_h2,ude_sir_h2,1,441.2683736409052,3.337820295422915e-94
40,0.005,4,4,gic_eff_logn,ude_sir_h2,ude_sir_h2,1,262.4900848498986,1.3154828946423014e-55
40,0.005,4,5,aic,ude_sir_h2,ude_sir_h2,1,217.08279129792834,7.882540541860034e-46
40,0.005,4,5,aicc,ude_sir_h2,ude_sir_h2,1,218.1955592382825,4.542053394876696e-46
40,0.005,4,5,bic,ude_sir_h2,ude_sir_h2,1,226.3083127436297,8.155391127433853e-48
40,0.005,4,5,gic_pred,ude_sir_h2,ude_sir_h2,1,211.05901871346066,1.5577233407585613e-44
40,0.005,4,5,gic_evid,ude_sir_h2,ude_sir_h2,1,453.1843042136045,8.861833002434893e-97
40,0.005,4,5,gic_eff_logn,ude_sir_h2,ude_sir_h2,1,211.02246629882313,1.5861796115242963e-44
40,0.005,4,6,aic,ude_sir_h2,ude_sir_h2,1,214.64237256530987,2.6405018169408314e-45
40,0.005,4,6,aicc,ude_sir_h2,ude_sir_h2,1,215.75514050566403,1.521590101148935e-45
40,0.005,4,6,bic,ude_sir_h2,ude_sir_h2,1,223.86789401101123,2.7331678023544607e-47
40,0.005,4,6,gic_pred,ude_sir_h2,ude_sir_h2,1,208.54499730965404,5.410021617763292e-44
40,0.005,4,6,gic_evid,ude_sir_h2,ude_sir_h2,1,407.52514014138,6.548843463563545e-87
40,0.005,4,6,gic_eff_logn,ude_sir_h2,ude_sir_h2,1,208.39527439143183,5.826382727649891e-44
40,0.005,4,7,aic,ude_sir_h2,ude_sir_h2,1,255.17247974432507,4.963681367477108e-54
40,0.005,4,7,aicc,ude_sir_h2,ude_sir_h2,1,256.28524768467923,2.8579799717910886e-54
40,0.005,4,7,bic,ude_sir_h2,ude_sir_h2,1,264.39800119002643,5.1042472141649935e-56
40,0.005,4,7,gic_pred,ude_sir_h2,ude_sir_h2,1,249.2279110911386,9.47138346701669e-53
40,0.005,4,7,gic_evid,ude_sir_h2,ude_sir_h2,1,446.00822324396484,3.1539714027105875e-95
40,0.005,4,7,gic_eff_logn,ude_sir_h2,ude_sir_h2,1,249.31314160427075,9.07934132920564e-53
40,0.005,4,8,aic,ude_sir_h2,ude_sir_h2,1,308.545823130372,1.543176055649866e-65
40,0.005,4,8,aicc,ude_sir_h2,ude_sir_h2,1,309.6585910707262,8.878599167380879e-66
40,0.005,4,8,bic,ude_sir_h2,ude_sir_h2,1,317.7713445760734,1.5772989265292102e-67
40,0.005,4,8,gic_pred,ude_sir_h2,ude_sir_h2,1,302.96730014286607,2.4652015749797386e-64
40,0.005,4,8,gic_evid,ude_sir_h2,ude_sir_h2,1,502.5380080379798,1.885371767840526e-107
40,0.005,4,8,gic_eff_logn,ude_sir_h2,ude_sir_h2,1,303.61535767913836,1.7867200433412608e-64
40,0.005,4,9,aic,ude_sir_h2,ude_sir_h2,1,238.84433184941008,1.631913990064085e-50
40,0.005,4,9,aicc,ude_sir_h2,ude_sir_h2,1,239.95709978976424,9.398995517658065e-51
40,0.005,4,9,bic,ude_sir_h2,ude_sir_h2,1,248.06985329511144,1.682130896719883e-52
40,0.005,4,9,gic_pred,ude_sir_h2,ude_sir_h2,1,236.72225956417583,4.673298972616015e-50
40,0.005,4,9,gic_evid,ude_sir_h2,ude_sir_h2,1,357.69523279858504,3.80145849093175e-76
40,0.005,4,9,gic_eff_logn,ude_sir_h2,ude_sir_h2,1,242.68491044708435,2.430267359317453e-51
40,0.005,4,10,aic,ude_sir_h2,ude_sir_h2,1,205.55371582272187,2.3794307953631446e-43
40,0.005,4,10,aicc,ude_sir_h2,ude_sir_h2,1,206.66648376307603,1.37146051453994e-43
40,0.005,4,10,bic,ude_sir_h2,ude_sir_h2,1,214.77923726842323,2.4674224596267444e-45
40,0.005,4,10,gic_pred,ude_sir_h2,ude_sir_h2,1,201.47989509721833,1.7881271314013294e-42
40,0.005,4,10,gic_evid,ude_sir_h2,ude_sir_h2,1,404.3882542789788,3.11870895388908e-86
40,0.005,4,10,gic_eff_logn,ude_sir_h2,ude_sir_h2,1,204.4415631314074,4.126841862573649e-43
40,0.005,4,11,aic,ude_sir_h2,ude_sir_h2,1,163.34204665047446,2.772000062442162e-34
40,0.005,4,11,aicc,ude_sir_h2,ude_sir_h2,1,164.45481459082862,1.5999534498166695e-34
40,0.005,4,11,bic,ude_sir_h2,ude_sir_h2,1,172.56756809617582,2.906416787701297e-36
40,0.005,4,11,gic_pred,ude_sir_h2,ude_sir_h2,1,160.31379869140937,1.2366358628200985e-33
40,0.005,4,11,gic_evid,ude_sir_h2,ude_sir_h2,1,329.905280222157,3.796102192834414e-70
40,0.005,4,11,gic_eff_logn,ude_sir_h2,ude_sir_h2,1,164.88312572223458,1.2948825733383092e-34
40,0.005,4,12,aic,ude_sir_h2,ude_sir_h2,1,188.7006559986978,9.97508484627648e-40
40,0.005,4,12,aicc,ude_sir_h2,ude_sir_h2,1,189.81342393905197,5.752221799624499e-40
40,0.005,4,12,bic,ude_sir_h2,ude_sir_h2,1,197.92617744439917,1.0383646565918344e-41
40,0.005,4,12,gic_pred,ude_sir_h2,ude_sir_h2,1,184.70678117486182,7.192583745648753e-39
40,0.005,4,12,gic_evid,ude_sir_h2,ude_sir_h2,1,378.19998547601665,1.4177776901540084e-80
40,0.005,4,12,gic_eff_logn,ude_sir_h2,ude_sir_h2,1,187.79137298077194,1.564109393345306e-39
40,0.005,4,13,aic,ude_sir_h2,ude_sir_h2,1,212.71411587244506,6.862509238933328e-45
40,0.005,4,13,aicc,ude_sir_h2,ude_sir_h2,1,213.82688381279922,3.954708250604942e-45
40,0.005,4,13,bic,ude_sir_h2,ude_sir_h2,1,221.93963731814642,7.105996265197761e-47
40,0.005,4,13,gic_pred,ude_sir_h2,ude_sir_h2,1,208.17238317397369,6.50630577529223e-44
40,0.005,4,13,gic_evid,ude_sir_h2,ude_sir_h2,1,411.7536810889287,7.987882992813678e-88
40,0.005,4,13,gic_eff_logn,ude_sir_h2,ude_sir_h2,1,210.4145958846102,2.143368848283913e-44
40,0.005,4,14,aic,ude_sir_h2,ude_sir_h2,1,237.844635626941,2.6789028455127716e-50
40,0.005,4,14,aicc,ude_sir_h2,ude_sir_h2,1,238.95740356729516,1.5429420157804354e-50
40,0.005,4,14,bic,ude_sir_h2,ude_sir_h2,1,247.07015707264236,2.7617690977537826e-52
40,0.005,4,14,gic_pred,ude_sir_h2,ude_sir_h2,1,232.02531138495863,4.795668670271104e-49
40,0.005,4,14,gic_evid,ude_sir_h2,ude_sir_h2,1,411.629736327067,8.496013779893374e-88
40,0.005,4,14,gic_eff_logn,ude_sir_h2,ude_sir_h2,1,232.30311606501016,4.17873010312351e-49
40,0.005,4,15,aic,ude_sir_h2,ude_sir_h2,1,290.0263204554409,1.5240251250923575e-61
40,0.005,4,15,aicc,ude_sir_h2,ude_sir_h2,1,291.13908839579506,8.77042711612501e-62
40,0.005,4,15,bic,ude_sir_h2,ude_sir_h2,1,299.25184190114226,1.5606122730288646e-63
40,0.005,4,15,gic_pred,ude_sir_h2,ude_sir_h2,1,283.30509252718105,4.288497840564883e-60
40,0.005,4,15,gic_evid,ude_sir_h2,ude_sir_h2,1,438.30731203949983,1.4572203309923037e-93
40,0.005,4,15,gic_eff_logn,ude_sir_h2,ude_sir_h2,1,282.19614190728066,7.437165635456955e-60
40,0.005,4,16,aic,ude_sir_h2,ude_sir_h2,1,275.45309799650454,2.1141579180777185e-58
40,0.005,4,16,aicc,ude_sir_h2,ude_sir_h2,1,276.5658659368587,1.2168970904589479e-58
40,0.005,4,16,bic,ude_sir_h2,ude_sir_h2,1,284.6786194422059,2.1684433738279346e-60
40,0.005,4,16,gic_pred,ude_sir_h2,ude_sir_h2,1,269.0197294266179,5.150651066152692e-57
40,0.005,4,16,gic_evid,ude_sir_h2,ude_sir_h2,1,449.9041495414516,4.535709563660266e-96
40,0.005,4,16,gic_eff_logn,ude_sir_h2,ude_sir_h2,1,268.35338758738726,7.169343215807665e-57
40,0.005,4,17,aic,ude_sir_h2,ude_sir_h2,1,215.29959591909483,1.9067773622567465e-45
40,0.005,4,17,aicc,ude_sir_h2,ude_sir_h2,1,216.412363859449,1.098763826818969e-45
40,0.005,4,17,bic,ude_sir_h2,ude_sir_h2,1,224.5251173647962,1.973445678034811e-47
40,0.005,4,17,gic_pred,ude_sir_h2,ude_sir_h2,1,210.8017101244368,1.7694341003320555e-44
40,0.005,4,17,gic_evid,ude_sir_h2,ude_sir_h2,1,410.39760634899926,1.568436395682191e-87
40,0.005,4,17,gic_eff_logn,ude_sir_h2,ude_sir_h2,1,213.1113412603156,5.636854133073657e-45
40,0.005,4,18,aic,ude_sir_h2,ude_sir_h2,1,321.2948201712734,2.738987158606842e-68
40,0.005,4,18,aicc,ude_sir_h2,ude_sir_h2,1,322.40758811162755,1.5756401496177533e-68
40,0.005,4,18,bic,ude_sir_h2,ude_sir_h2,1,330.52034161697475,2.7963268758984532e-70
40,0.005,4,18,gic_pred,ude_sir_h2,ude_sir_h2,1,315.21039460004783,5.629930431069305e-67
40,0.005,4,18,gic_evid,ude_sir_h2,ude_sir_h2,1,480.63645426216226,1.0277956320303328e-102
40,0.005,4,18,gic_eff_logn,ude_sir_h2,ude_sir_h2,1,315.08058294706336,6.00499126853588e-67
40,0.005,4,19,aic,ude_sir_h2,ude_sir_h2,1,258.35659346549915,1.0227467337455127e-54
40,0.005,4,19,aicc,ude_sir_h2,ude_sir_h2,1,259.4693614058533,5.888438540407232e-55
40,0.005,4,19,bic,ude_sir_h2,ude_sir_h2,1,267.5821149112005,1.0512574955042998e-56
40,0.005,4,19,gic_pred,ude_sir_h2,ude_sir_h2,1,252.42701274833473,1.9376550841312644e-53
40,0.005,4,19,gic_evid,ude_sir_h2,ude_sir_h2,1,425.6476125368772,7.939909020293701e-91
40,0.005,4,19,gic_eff_logn,ude_sir_h2,ude_sir_h2,1,252.53528851566648,1.836330865150283e-53
40,0.015,1,0,aic,ude_sir_h2,tv_sir,0,11.755742278443392,0.02110717425817006
40,0.015,1,0,aicc,ude_sir_h2,tv_sir,0,20.04145656415767,0.0004914359092113089
40,0.015,1,0,bic,ude_sir_h2,tv_sir,0,23.577898457240934,9.781365099194134e-05
40,0.015,1,0,gic_pred,ude_sir_h2,ude_sir_h2,1,1.081218562744965,1.0148465003381217
40,0.015,1,0,gic_evid,ude_sir_h2,tv_sir,0,0.700672736777534,0.678038876526442
40,0.015,1,0,gic_eff_logn,ude_sir_h2,ude_sir_h2,1,1.8889714255491867,0.9417858113922445
40,0.015,1,1,aic,ude_sir_h2,tv_sir,0,14.116471516823424,0.007088717129078512
40,0.015,1,1,aicc,ude_sir_h2,tv_sir,0,22.4021858025377,0.00016676155234958146
40,0.015,1,1,bic,ude_sir_h2,tv_sir,0,25.938627695620966,3.261805008741215e-05
40,0.015,1,1,gic_pred,ude_sir_h2,tv_sir,0,0.22387994549885093,0.8496012643353898
40,0.015,1,1,gic_evid,ude_sir_h2,tv_sir,0,2.933975249234578,0.48243228573360586
40,0.015,1,1,gic_eff_logn,ude_sir_h2,tv_sir,0,0.31457988969316375,0.7717077936354342
40,0.015,1,2,aic,ude_sir_h2,tv_sir,0,8.71578723257548,0.08395152723252264
40,0.015,1,2,aicc,ude_sir_h2,tv_sir,0,17.001501518289757,0.0019451313048872666
40,0.015,1,2,bic,ude_sir_h2,tv_sir,0,20.53794341137302,0.0003987360610317554
40,0.015,1,2,gic_pred,ude_sir_h2,neural_ode_h2,0,0.7748775619680828,0.7934331902951691
40,0.015,1,2,gic_evid,ude_sir_h2,ude_sir_h2,1,1.663555244456603,0.6136152927447944
40,0.015,1,2,gic_eff_logn,ude_sir_h2,ude_sir_h2,1,0.7649459615061289,0.8407957124391856
40,0.015,1,3,aic,ude_sir_h2,tv_sir,0,12.182028201663542,0.016432640520288366
40,0.015,1,3,aicc,ude_sir_h2,tv_sir,0,20.46774248737782,0.00040393031571869955
40,0.015,1,3,bic,ude_sir_h2,tv_sir,0,24.004184380461083,7.987871055582263e-05
40,0.015,1,3,gic_pred,ude_sir_h2,ude_sir_h2,1,1.9480004278032084,0.8286502324109914
40,0.015,1,3,gic_evid,ude_sir_h2,tv_sir,0,0.0004597364777225721,0.6931474706491674
40,0.015,1,3,gic_eff_logn,ude_sir_h2,ude_sir_h2,1,2.0578017681797007,0.7228580830532751
40,0.015,1,4,aic,ude_sir_h2,tv_sir,0,10.733549845171126,0.04552624732213684
40,0.015,1,4,aicc,ude_sir_h2,tv_sir,0,19.019264130885404,0.0007925516040870738
40,0.015,1,4,bic,ude_sir_h2,tv_sir,0,22.555706023968668,0.00016289748696920068
40,0.015,1,4,gic_pred,ude_sir_h2,neural_ode_h2,0,2.7008696024447545,0.6604409472194901
40,0.015,1,4,gic_evid,ude_sir_h2,ude_sir_h2,1,0.7541673091565997,0.6757020905198909
40,0.015,1,4,gic_eff_logn,ude_sir_h2,neural_ode_h2,0,1.1328615327107627,0.873106669318692
40,0.015,1,5,aic,ude_sir_h2,tv_sir,0,11.86998801202526,0.019743568478137838
40,0.015,1,5,aicc,ude_sir_h2,tv_sir,0,20.155702297739538,0.00046628398802991554
40,0.015,1,5,bic,ude_sir_h2,tv_sir,0,23.692144190822802,9.264280319791382e-05
40,0.015,1,5,gic_pred,ude_sir_h2,ude_sir_h2,1,1.9299503036400836,0.9772026564656353
40,0.015,1,5,gic_evid,ude_sir_h2,tv_sir,0,0.8766099859490168,0.6696984414706053
40,0.015,1,5,gic_eff_logn,ude_sir_h2,ude_sir_h2,1,1.7610102695259968,0.8516656108164035
40,0.015,1,6,aic,ude_sir_h2,tv_sir,0,12.46825966951755,0.01459597002373962
40,0.015,1,6,aicc,ude_sir_h2,tv_sir,0,20.753973955231828,0.0003545741268700905
40,0.015,1,6,bic,ude_sir_h2,tv_sir,0,24.290415848315092,7.001459825454467e-05
40,0.015,1,6,gic_pred,ude_sir_h2,ude_sir_h2,1,1.3782731179148584,0.8590010559976273
40,0.015,1,6,gic_evid,ude_sir_h2,tv_sir,0,1.2027313988052128,0.6499066410728932
40,0.015,1,6,gic_eff_logn,ude_sir_h2,ude_sir_h2,1,1.248679306822055,0.7608580030990337
40,0.015,1,7,aic,ude_sir_h2,tv_sir,0,13.568123580668612,0.00938720013538533
40,0.015,1,7,aicc,ude_sir_h2,tv_sir,0,21.85383786638289,0.00021470301851523983
40,0.015,1,7,bic,ude_sir_h2,tv_sir,0,25.390279759466154,4.2214492298815394e-05
40,0.015,1,7,gic_pred,ude_sir_h2,ude_sir_h2,1,0.37200370307559183,0.9975357876149684
40,0.015,1,7,gic_evid,ude_sir_h2,tv_sir,0,1.6842307505246197,0.6117849724862845
40,0.015,1,7,gic_eff_logn,ude_sir_h2,ude_sir_h2,1,0.3214448029023913,0.8679288075388165
40,0.015,1,8,aic,ude_sir_h2,tv_sir,0,14.65121592321239,0.006317170001784387
40,0.015,1,8,aicc,ude_sir_h2,tv_sir,0,22.93693020892667,0.00013093719260328027
40,0.015,1,8,bic,ude_sir_h2,tv_sir,0,26.473372102009932,2.5724167996066893e-05
40,0.015,1,8,gic_pred,ude_sir_h2,tv_sir,0,0.5678803693131727,1.0687358254054242
40,0.015,1,8,gic_evid,ude_sir_h2,tv_sir,0,2.585071598554265,0.5210559158122032
40,0.015,1,8,gic_eff_logn,ude_sir_h2,tv_sir,0,0.49750851692439824,0.9437896461071599
40,0.015,1,9,aic,ude_sir_h2,tv_sir,0,11.975846102746175,0.017874499642448676
40,0.015,1,9,aicc,ude_sir_h2,tv_sir,0,20.261560388460452,0.00044363044886827326
40,0.015,1,9,bic,ude_sir_h2,tv_sir,0,23.798002281543717,8.7821152059794e-05
40,0.015,1,9,gic_pred,ude_sir_h2,ude_sir_h2,1,1.9732081740474996,0.7910433402713106
40,0.015,1,9,gic_evid,ude_sir_h2,ude_sir_h2,1,0.014666440213204623,0.6931407609152234
40,0.015,1,9,gic_eff_logn,ude_sir_h2,ude_sir_h2,1,1.930187581448422,0.7036004668130861
40,0.015,1,10,aic,ude_sir_h2,tv_sir,0,11.123748813593636,0.026466985428575042
40,0.015,1,10,aicc,ude_sir_h2,tv_sir,0,19.409463099307914,0.0006538561306586518
40,0.015,1,10,bic,ude_sir_h2,tv_sir,0,22.945904992391178,0.00013035581442057058
40,0.015,1,10,gic_pred,ude_sir_h2,ude_sir_h2,1,2.4245925452058827,0.8997485663763108
40,0.015,1,10,gic_evid,ude_sir_h2,ude_sir_h2,1,0.10939044344362969,0.692774341737687
40,0.015,1,10,gic_eff_logn,ude_sir_h2,ude_sir_h2,1,2.534993353043774,0.7980937315828072
40,0.015,1,11,aic,ude_sir_h2,tv_sir,0,11.529302953166791,0.025505550756313704
40,0.015,1,11,aicc,ude_sir_h2,tv_sir,0,19.81501723888107,0.0005464918493098304
40,0.015,1,11,bic,ude_sir_h2,tv_sir,0,23.351459131964333,0.00010957903433697803
40,0.015,1,11,gic_pred,ude_sir_h2,neural_ode_h2,0,0.03469909690286954,0.9882517977780565
40,0.015,1,11,gic_evid,ude_sir_h2,ude_sir_h2,1,0.2793429039933244,0.6907189270766851
40,0.015,1,11,gic_eff_logn,ude_sir_h2,ude_sir_h2,1,1.9341329205107058,0.9554609990626046
40,0.015,1,12,aic,ude_sir_h2,tv_sir,0,6.132844951964557,0.22874107031088972
40,0.015,1,12,aicc,ude_sir_h2,tv_sir,0,17.751265065618213,0.0016005728997833533
40,0.015,1,12,bic,ude_sir_h2,tv_sir,0,21.287706958701477,0.000403029441913044
40,0.015,1,12,gic_pred,ude_sir_h2,neural_ode_h2,0,7.471502779585251,0.1289499819959405
40,0.015,1,12,gic_evid,ude_sir_h2,ude_sir_h2,1,1.0665177297478294,0.659007193805885
40,0.015,1,12,gic_eff_logn,ude_sir_h2,neural_ode_h2,0,5.899828985435477,0.23472328828936
40,0.015,1,13,aic,ude_sir_h2,tv_sir,0,11.894181562712845,0.019151112357618506
40,0.015,1,13,aicc,ude_sir_h2,tv_sir,0,20.179895848427122,0.000460889362770873
40,0.015,1,13,bic,ude_sir_h2,tv_sir,0,23.716337741510387,9.145199554869482e-05
40,0.015,1,13,gic_pred,ude_sir_h2,ude_sir_h2,1,2.0214406113136647,0.9341205658521496
40,0.015,1,13,gic_evid,ude_sir_h2,tv_sir,0,0.3214323715796752,0.6899298481245686
40,0.015,1,13,gic_eff_logn,ude_sir_h2,ude_sir_h2,1,1.9501886229789704,0.8094180551441572
40,0.015,1,14,aic,ude_sir_h2,tv_sir,0,11.46100723479043,0.026083275005485143
40,0.015,1,14,aicc,ude_sir_h2,tv_sir,0,19.746721520504707,0.0005635638427580447
40,0.015,1,14,bic,ude_sir_h2,tv_sir,0,23.28316341358797,0.00011300037931077132
40,0.015,1,14,gic_pred,ude_sir_h2,neural_ode_h2,0,0.3312173944299843,0.9815594065907784
40,0.015,1,14,gic_evid,ude_sir_h2,tv_sir,0,0.028728986750138574,0.6931236814781785
40,0.015,1,14,gic_eff_logn,ude_sir_h2,ude_sir_h2,1,1.3101971343122614,1.00258446367927
40,0.015,1,15,aic,ude_sir_h2,tv_sir,0,13.080660831905163,0.011298993186760071
40,0.015,1,15,aicc,ude_sir_h2,tv_sir,0,21.36637511761944,0.0002681453192935364
40,0.015,1,15,bic,ude_sir_h2,tv_sir,0,24.902817010702705,5.278551981437098e-05
40,0.015,1,15,gic_pred,ude_sir_h2,ude_sir_h2,1,0.8534822098241648,0.9161612440324973
40,0.015,1,15,gic_evid,ude_sir_h2,tv_sir,0,1.2266862619710253,0.6482460250053246
40,0.015,1,15,gic_eff_logn,ude_sir_h2,ude_sir_h2,1,0.7978699779573049,0.8054027110040114
40,0.015,1,16,aic,ude_sir_h2,tv_sir,0,14.438320938055313,0.006175107069491039
40,0.015,1,16,aicc,ude_sir_h2,tv_sir,0,22.72403522376959,0.00014385915583763046
40,0.015,1,16,bic,ude_sir_h2,tv_sir,0,26.260477116852854,2.809673207238782e-05
40,0.015,1,16,gic_pred,ude_sir_h2,tv_sir,0,0.6137503273009202,0.8380305914721683
40,0.015,1,16,gic_evid,ude_sir_h2,tv_sir,0,3.02908217886727,0.47179781086734596
40,0.015,1,16,gic_eff_logn,ude_sir_h2,tv_sir,0,0.7618898728732688,0.7521932613752524
40,0.015,1,17,aic,ude_sir_h2,tv_sir,0,13.555579206302326,0.01001921344787408
40,0.015,1,17,aicc,ude_sir_h2,tv_sir,0,21.841293492016604,0.00021636515827432024
40,0.015,1,17,bic,ude_sir_h2,tv_sir,0,25.377735385099868,4.2698373579831766e-05
40,0.015,1,17,gic_pred,ude_sir_h2,ude_sir_h2,1,0.43748596133332285,1.0791366886316212
40,0.015,1,17,gic_evid,ude_sir_h2,tv_sir,0,1.690195194528684,0.6112565145922841
40,0.015,1,17,gic_eff_logn,ude_sir_h2,ude_sir_h2,1,0.4316299133843984,0.9562663523373696
40,0.015,1,18,aic,ude_sir_h2,tv_sir,0,9.509907883081553,0.053784411716788286
40,0.015,1,18,aicc,ude_sir_h2,tv_sir,0,17.79562216879583,0.0013563216630896576
40,0.015,1,18,bic,ude_sir_h2,tv_sir,0,21.332064061879095,0.00027410249682150784
40,0.015,1,18,gic_pred,ude_sir_h2,ude_sir_h2,1,1.2736845361737323,0.8518968371195965
40,0.015,1,18,gic_evid,ude_sir_h2,ude_sir_h2,1,1.653220009703432,0.6145187832404426
40,0.015,1,18,gic_eff_logn,ude_sir_h2,ude_sir_h2,1,2.77574734310366,0.7541337918207219
40,0.015,1,19,aic,ude_sir_h2,tv_sir,0,13.344897251569336,0.010154549584749938
40,0.015,1,19,aicc,ude_sir_h2,tv_sir,0,21.630611537283613,0.00023767257695416424
40,0.015,1,19,bic,ude_sir_h2,tv_sir,0,25.167053430366877,4.6738401550902594e-05
40,0.015,1,19,gic_pred,ude_sir_h2,ude_sir_h2,1,0.5873683669246361,0.9524148359915185
40,0.015,1,19,gic_evid,ude_sir_h2,tv_sir,0,1.7012884060694375,0.6102685511180697
40,0.015,1,19,gic_eff_logn,ude_sir_h2,ude_sir_h2,1,0.5301707642933309,0.836300114506902
40,0.015,2,0,aic,ude_sir_h2,tv_sir,0,4.769689071209484,0.28923300761706794
40,0.015,2,0,aicc,ude_sir_h2,tv_sir,0,8.118708679052588,0.08598918408190924
40,0.015,2,0,bic,ude_sir_h2,tv_sir,0,21.443875513926685,0.0002585305308159249
40,0.015,2,0,gic_pred,ude_sir_h2,ude_sir_h2,1,4.82163626417622,0.28447556055085566
40,0.015,2,0,gic_evid,ude_sir_h2,tv_sir,0,12.942551733832602,0.011543270525239355
40,0.015,2,0,gic_eff_logn,ude_sir_h2,tv_sir,0,0.42915397318540727,0.6874247837640766
40,0.015,2,1,aic,ude_sir_h2,ude_sir_h2,1,7.830002945571209,0.0962867293304203
40,0.015,2,1,aicc,ude_sir_h2,ude_sir_h2,1,4.480983337728105,0.3165918418164373
40,0.015,2,1,bic,ude_sir_h2,tv_sir,0,8.844183497145991,0.06441265196830288
40,0.015,2,1,gic_pred,ude_sir_h2,ude_sir_h2,1,17.49991246852335,0.0015567698524569806
40,0.015,2,1,gic_evid,ude_sir_h2,ude_sir_h2,1,1.1336100080765164,0.6545457293254865
40,0.015,2,1,gic_eff_logn,ude_sir_h2,ude_sir_h2,1,12.342717045085465,0.014952338474088705
40,0.015,2,2,aic,ude_sir_h2,tv_sir,0,8.88956872020134,0.06324596108733975
40,0.015,2,2,aicc,ude_sir_h2,tv_sir,0,12.238588328044443,0.015630537530147082
40,0.015,2,2,bic,ude_sir_h2,tv_sir,0,25.56375516291854,3.8744343870131494e-05
40,0.015,2,2,gic_pred,ude_sir_h2,ude_sir_h2,1,1.1696577750357733,0.6521580030830147
40,0.015,2,2,gic_evid,ude_sir_h2,tv_sir,0,16.704732187937054,0.0022051495987359714
40,0.015,2,2,gic_eff_logn,ude_sir_h2,tv_sir,0,3.523855949745382,0.4166763084457905
40,0.015,2,3,aic,ude_sir_h2,tv_sir,0,0.537088759034873,0.6842137053171149
40,0.015,2,3,aicc,ude_sir_h2,tv_sir,0,3.886108366877977,0.3773782509637793
40,0.015,2,3,bic,ude_sir_h2,tv_sir,0,17.211275201752073,0.0017582066377121964
40,0.015,2,3,gic_pred,ude_sir_h2,ude_sir_h2,1,9.349485410358454,0.05249488889451192
40,0.015,2,3,gic_evid,ude_sir_h2,tv_sir,0,6.191266656975927,0.17825555414117616
40,0.015,2,3,gic_eff_logn,ude_sir_h2,ude_sir_h2,1,4.450340466228113,0.319586333304254
40,0.015,2,4,aic,ude_sir_h2,ude_sir_h2,1,13.287174590666154,0.009942955925334946
40,0.015,2,4,aicc,ude_sir_h2,ude_sir_h2,1,9.93815498282305,0.04122020301721421
40,0.015,2,4,bic,ude_sir_h2,tv_sir,0,3.387011852051046,0.4318193356903411
40,0.015,2,4,gic_pred,ude_sir_h2,ude_sir_h2,1,23.069435262908485,0.00012649776880476949
40,0.015,2,4,gic_evid,ude_sir_h2,ude_sir_h2,1,6.055555639626789,0.18713008099065725
40,0.015,2,4,gic_eff_logn,ude_sir_h2,ude_sir_h2,1,18.04605155449343,0.001210341005972475
40,0.015,2,5,aic,ude_sir_h2,tv_sir,0,3.1335979339315827,0.46009973137549487
40,0.015,2,5,aicc,ude_sir_h2,tv_sir,0,6.482617541774687,0.16037148284677205
40,0.015,2,5,bic,ude_sir_h2,tv_sir,0,19.807784376648783,0.0005449480617957784
40,0.015,2,5,gic_pred,ude_sir_h2,ude_sir_h2,1,6.493182315641604,0.15975334109698106
40,0.015,2,5,gic_evid,ude_sir_h2,tv_sir,0,8.887476600821913,0.06329929562769566
40,0.015,2,5,gic_eff_logn,ude_sir_h2,ude_sir_h2,1,1.2846193532424195,0.6441198883364284
40,0.015,2,6,aic,ude_sir_h2,tv_sir,0,10.430854770010399,0.03359512860769064
40,0.015,2,6,aicc,ude_sir_h2,tv_sir,0,13.779874377853503,0.008024130315436629
40,0.015,2,6,bic,ude_sir_h2,tv_sir,0,27.1050412127276,1.893009363597171e-05
40,0.015,2,6,gic_pred,ude_sir_h2,tv_sir,0,0.9701432549476294,0.6645783608629111
40,0.015,2,6,gic_evid,ude_sir_h2,tv_sir,0,17.88144214467735,0.001301541609319618
40,0.015,2,6,gic_eff_logn,ude_sir_h2,tv_sir,0,6.376496291742001,0.16670389587028794
40,0.015,2,7,aic,ude_sir_h2,ude_sir_h2,1,8.69858255962987,0.06829224339410632
40,0.015,2,7,aicc,ude_sir_h2,ude_sir_h2,1,5.3495629517867656,0.23911497490036418
40,0.015,2,7,bic,ude_sir_h2,tv_sir,0,7.975603883087331,0.09096033251292954
40,0.015,2,7,gic_pred,ude_sir_h2,ude_sir_h2,1,18.2259696410502,0.0011145917532983801
40,0.015,2,7,gic_evid,ude_sir_h2,ude_sir_h2,1,1.7743832894221327,0.6036576994618076
40,0.015,2,7,gic_eff_logn,ude_sir_h2,ude_sir_h2,1,12.899028091728553,0.011762496142286135
40,0.015,2,8,aic,ude_sir_h2,ude_sir_h2,1,6.584016818189639,0.1545111726239613
40,0.015,2,8,aicc,ude_sir_h2,ude_sir_h2,1,3.2349972103465348,0.4487597200859431
40,0.015,2,8,bic,ude_sir_h2,tv_sir,0,10.090169624527562,0.03870725999551848
40,0.015,2,8,gic_pred,ude_sir_h2,ude_sir_h2,1,16.21065697661112,0.0027483626821445052
40,0.015,2,8,gic_evid,ude_sir_h2,tv_sir,0,0.9987070570796845,0.6629232370749196
40,0.015,2,8,gic_eff_logn,ude_sir_h2,ude_sir_h2,1,11.001927163784444,0.026442730991472648
40,0.015,2,9,aic,ude_sir_h2,tv_sir,0,5.68052104382042,0.21351353789780775
40,0.015,2,9,aicc,ude_sir_h2,tv_sir,0,9.029540651663524,0.05977076577309174
40,0.015,2,9,bic,ude_sir_h2,tv_sir,0,22.35470748653762,0.00017032721458777253
40,0.015,2,9,gic_pred,ude_sir_h2,ude_sir_h2,1,3.8334680214755394,0.38300213190724275
40,0.015,2,9,gic_evid,ude_sir_h2,tv_sir,0,12.613520372776179,0.013304436105172023
40,0.015,2,9,gic_eff_logn,ude_sir_h2,tv_sir,0,1.5094307434760026,0.6267148193804455
40,0.015,2,10,aic,ude_sir_h2,tv_sir,0,8.497977798862394,0.07399368623688977
40,0.015,2,10,aicc,ude_sir_h2,tv_sir,0,11.846997406705498,0.018480188999960675
40,0.015,2,10,bic,ude_sir_h2,tv_sir,0,25.172164241579594,4.645439545970075e-05
40,0.015,2,10,gic_pred,ude_sir_h2,ude_sir_h2,1,1.7940994532007153,0.6018914031756973
40,0.015,2,10,gic_evid,ude_sir_h2,tv_sir,0,17.431801675719896,0.0015927510460769195
40,0.015,2,10,gic_eff_logn,ude_sir_h2,tv_sir,0,2.6220859192486614,0.5170088566812646
40,0.015,2,11,aic,ude_sir_h2,tv_sir,0,2.1264564274658255,0.569569425284482
40,0.015,2,11,aicc,ude_sir_h2,tv_sir,0,5.47547603530893,0.22911630950851156
40,0.015,2,11,bic,ude_sir_h2,tv_sir,0,18.800642870183026,0.0008600126662448684
40,0.015,2,11,gic_pred,ude_sir_h2,ude_sir_h2,1,7.565350191448601,0.10669060934726698
40,0.015,2,11,gic_evid,ude_sir_h2,tv_sir,0,8.8752777787343,0.06361117963518004
40,0.015,2,11,gic_eff_logn,ude_sir_h2,ude_sir_h2,1,2.4342345009128508,0.5373895731381234
40,0.015,2,12,aic,ude_sir_h2,ude_sir_h2,1,0.06304018058693828,0.6930244417560418
40,0.015,2,12,aicc,ude_sir_h2,tv_sir,0,3.2859794272561658,0.4430680450123494
40,0.015,2,12,bic,ude_sir_h2,tv_sir,0,16.611146262130262,0.00229920133558462
40,0.015,2,12,gic_pred,ude_sir_h2,ude_sir_h2,1,9.451046708076149,0.05037528636684708
40,0.015,2,12,gic_evid,ude_sir_h2,tv_sir,0,8.093923890531187,0.0868319945547616
40,0.015,2,12,gic_eff_logn,ude_sir_h2,ude_sir_h2,1,3.9581010628447757,0.36975111433656405
40,0.015,2,13,aic,ude_sir_h2,tv_sir,0,5.88974981656213,0.19845428144782437
40,0.015,2,13,aicc,ude_sir_h2,tv_sir,0,9.238769424405234,0.05490783939278718
40,0.015,2,13,bic,ude_sir_h2,tv_sir,0,22.56393625927933,0.00015472703876522168
40,0.015,2,13,gic_pred,ude_sir_h2,ude_sir_h2,1,3.5589899878511346,0.4128096814120293
40,0.015,2,13,gic_evid,ude_sir_h2,tv_sir,0,14.155500616043128,0.006809558384154369
40,0.015,2,13,gic_eff_logn,ude_sir_h2,tv_sir,0,1.861621515758145,0.5955414174622065
40,0.015,2,14,aic,ude_sir_h2,ude_sir_h2,1,11.9745532764166,0.01750077193079988
40,0.015,2,14,aicc,ude_sir_h2,ude_sir_h2,1,8.625533668573496,0.07031944420404336
40,0.015,2,14,bic,ude_sir_h2,tv_sir,0,4.6996331663006,0.29573026809741265
40,0.015,2,14,gic_pred,ude_sir_h2,ude_sir_h2,1,21.55010978573017,0.0002468370875989157
40,0.015,2,14,gic_evid,ude_sir_h2,ude_sir_h2,1,4.25281861350453,0.3392544291707723
40,0.015,2,14,gic_eff_logn,ude_sir_h2,ude_sir_h2,1,16.28053866651794,0.002664478493254987
40,0.015,2,15,aic,ude_sir_h2,ude_sir_h2,1,5.436456109474648,0.23218092261410805
40,0.015,2,15,aicc,ude_sir_h2,ude_sir_h2,1,2.0874365016315437,0.5735095528344051
40,0.015,2,15,bic,ude_sir_h2,tv_sir,0,11.237730333242553,0.02393796298628839
40,0.015,2,15,gic_pred,ude_sir_h2,ude_sir_h2,1,15.158057322498905,0.00438293961686956
40,0.015,2,15,gic_evid,ude_sir_h2,tv_sir,0,0.717113823920215,0.6773314159393895
40,0.015,2,15,gic_eff_logn,ude_sir_h2,ude_sir_h2,1,10.062427390332516,0.03915496934618432
40,0.015,2,16,aic,ude_sir_h2,ude_sir_h2,1,3.0873404878693123,0.46528101380366704
40,0.015,2,16,aicc,ude_sir_h2,tv_sir,0,0.2616791199737918,0.6910125298267802
40,0.015,2,16,bic,ude_sir_h2,tv_sir,0,13.586845954847888,0.008728241352163782
40,0.015,2,16,gic_pred,ude_sir_h2,ude_sir_h2,1,13.049289253890379,0.01105749027337843
40,0.015,2,16,gic_evid,ude_sir_h2,tv_sir,0,3.1751196284103003,0.4554538520718986
40,0.015,2,16,gic_eff_logn,ude_sir_h2,ude_sir_h2,1,8.239916458132598,0.08198791833729267
40,0.015,2,17,aic,ude_sir_h2,ude_sir_h2,1,18.131175568241986,0.0012412330415839097
40,0.015,2,17,aicc,ude_sir_h2,ude_sir_h2,1,14.782155960398882,0.005195633720626588
40,0.015,2,17,bic,ude_sir_h2,ude_sir_h2,1,1.4569891255247853,0.6309660976964383
40,0.015,2,17,gic_pred,ude_sir_h2,ude_sir_h2,1,19.347278447275244,0.0006851520072562074
40,0.015,2,17,gic_evid,ude_sir_h2,ude_sir_h2,1,8.592894212451768,0.07124312278041407
40,0.015,2,17,gic_eff_logn,ude_sir_h2,ude_sir_h2,1,20.89202932712692,0.00047986374599318907
40,0.015,2,18,aic,ude_sir_h2,ude_sir_h2,1,4.1882347720749635,0.34582461864177805
40,0.015,2,18,aicc,ude_sir_h2,ude_sir_h2,1,0.8392151642318595,0.6716134509868357
40,0.015,2,18,bic,ude_sir_h2,tv_sir,0,12.485951670642237,0.01405535589316886
40,0.015,2,18,gic_pred,ude_sir_h2,ude_sir_h2,1,13.773215209955993,0.008047470622020419
40,0.015,2,18,gic_evid,ude_sir_h2,tv_sir,0,1.952797356825613,0.5868134808751612
40,0.015,2,18,gic_eff_logn,ude_sir_h2,ude_sir_h2,1,8.514868115169122,0.07349698239826051
40,0.015,2,19,aic,ude_sir_h2,tv_sir,0,1.8864291597885199,0.5931906704618203
40,0.015,2,19,aicc,ude_sir_h2,tv_sir,0,5.235448767631624,0.2484512837358892
40,0.015,2,19,bic,ude_sir_h2,tv_sir,0,18.56061560250572,0.0009584757430008901
40,0.015,2,19,gic_pred,ude_sir_h2,ude_sir_h2,1,7.979961960604896,0.09080531053190005
40,0.015,2,19,gic_evid,ude_sir_h2,tv_sir,0,8.750617657507235,0.06688145675783831
40,0.015,2,19,gic_eff_logn,ude_sir_h2,ude_sir_h2,1,3.0567787363311254,0.46869813734824306
40,0.015,4,0,aic,ude_sir_h2,ude_sir_h2,1,34.013912141741116,7.408578821845835e-07
40,0.015,4,0,aicc,ude_sir_h2,ude_sir_h2,1,35.12668008209528,4.3865811602385174e-07
40,0.015,4,0,bic,ude_sir_h2,ude_sir_h2,1,27.6029908942711,1.5019615005005752e-05
40,0.015,4,0,gic_pred,ude_sir_h2,ude_sir_h2,1,30.61741781311457,3.66381419102623e-06
40,0.015,4,0,gic_evid,ude_sir_h2,ude_sir_h2,1,36.60431425106867,2.1731014193000976e-07
40,0.015,4,0,gic_eff_logn,ude_sir_h2,ude_sir_h2,1,34.620534047324554,5.576535721784513e-07
40,0.015,4,1,aic,ude_sir_h2,ude_sir_h2,1,46.41154975592656,2.0219900882078774e-09
40,0.015,4,1,aicc,ude_sir_h2,ude_sir_h2,1,47.52431769628072,1.1858071658783049e-09
40,0.015,4,1,bic,ude_sir_h2,ude_sir_h2,1,55.63707120162803,2.4590894048887617e-11
40,0.015,4,1,gic_pred,ude_sir_h2,ude_sir_h2,1,42.12817516472478,1.5691662986464676e-08
40,0.015,4,1,gic_evid,ude_sir_h2,ude_sir_h2,1,70.47985958778747,1.79235480309527e-14
40,0.015,4,1,gic_eff_logn,ude_sir_h2,ude_sir_h2,1,44.76763591857525,4.4437211690602e-09
40,0.015,4,2,aic,ude_sir_h2,ude_sir_h2,1,27.289531999270366,1.7371421521097426e-05
40,0.015,4,2,aicc,ude_sir_h2,ude_sir_h2,1,28.402299939624527,1.0337013642984204e-05
40,0.015,4,2,bic,ude_sir_h2,ude_sir_h2,1,36.51505344497184,2.2670308051459034e-07
40,0.015,4,2,gic_pred,ude_sir_h2,ude_sir_h2,1,23.543109581572935,9.860961424531929e-05
40,0.015,4,2,gic_evid,ude_sir_h2,ude_sir_h2,1,80.40865062164085,1.3923892252290257e-16
40,0.015,4,2,gic_eff_logn,ude_sir_h2,ude_sir_h2,1,27.008180967420458,1.9803317376484265e-05
40,0.015,4,3,aic,ude_sir_h2,ude_sir_h2,1,58.83944582150946,5.086749804236044e-12
40,0.015,4,3,aicc,ude_sir_h2,ude_sir_h2,1,59.95221376186362,2.9714241366433267e-12
40,0.015,4,3,bic,ude_sir_h2,ude_sir_h2,1,54.38186157531652,4.38343668629109e-11
40,0.015,4,3,gic_pred,ude_sir_h2,ude_sir_h2,1,53.81693721817055,5.748265611608437e-11
40,0.015,4,3,gic_evid,ude_sir_h2,ude_sir_h2,1,61.87525745024038,1.1702001585574376e-12
40,0.015,4,3,gic_eff_logn,ude_sir_h2,ude_sir_h2,1,55.319915191984705,2.7846758574960512e-11
40,0.015,4,4,aic,ude_sir_h2,ude_sir_h2,1,39.21866682771474,6.29030520177453e-08
40,0.015,4,4,aicc,ude_sir_h2,ude_sir_h2,1,40.3314347680689,3.721474276376909e-08
40,0.015,4,4,bic,ude_sir_h2,ude_sir_h2,1,30.75378342994634,3.4373877189962383e-06
40,0.015,4,4,gic_pred,ude_sir_h2,ude_sir_h2,1,36.070250596287906,2.799012135367704e-07
40,0.015,4,4,gic_evid,ude_sir_h2,ude_sir_h2,1,40.99601207816238,2.692943668377233e-08
40,0.015,4,4,gic_eff_logn,ude_sir_h2,ude_sir_h2,1,40.45480846481894,3.5150083692353684e-08
40,0.015,4,5,aic,ude_sir_h2,ude_sir_h2,1,38.39422715292312,9.446453741813269e-08
40,0.015,4,5,aicc,ude_sir_h2,ude_sir_h2,1,36.8685078852684,1.9263063791807845e-07
40,0.015,4,5,bic,ude_sir_h2,ude_sir_h2,1,16.86801044628635,0.0020500516669431238
40,0.015,4,5,gic_pred,ude_sir_h2,ude_sir_h2,1,43.37633812205536,1.0998112604429244e-08
40,0.015,4,5,gic_evid,ude_sir_h2,ude_sir_h2,1,28.429565840783994,1.0206191077959709e-05
40,0.015,4,5,gic_eff_logn,ude_sir_h2,ude_sir_h2,1,36.40890498502745,2.398686980951938e-07
40,0.015,4,6,aic,ude_sir_h2,ude_sir_h2,1,64.86064588717522,2.7820425513166337e-13
40,0.015,4,6,aicc,ude_sir_h2,ude_sir_h2,1,65.97341382752938,1.6673224596493843e-13
40,0.015,4,6,bic,ude_sir_h2,ude_sir_h2,1,52.64220469879149,1.0125160562237328e-10
40,0.015,4,6,gic_pred,ude_sir_h2,ude_sir_h2,1,59.14726160016312,4.382286920257414e-12
40,0.015,4,6,gic_evid,ude_sir_h2,ude_sir_h2,1,61.38398636900672,1.4845300320965929e-12
40,0.015,4,6,gic_eff_logn,ude_sir_h2,ude_sir_h2,1,59.58795816797067,3.550714769973708e-12
40,0.015,4,7,aic,ude_sir_h2,ude_sir_h2,1,65.80666454662503,1.748047855025887e-13
40,0.015,4,7,aicc,ude_sir_h2,ude_sir_h2,1,66.91943248697919,1.0310134405115765e-13
40,0.015,4,7,bic,ude_sir_h2,ude_sir_h2,1,55.17819140275185,2.9815223827969105e-11
40,0.015,4,7,gic_pred,ude_sir_h2,ude_sir_h2,1,60.158172890829746,2.6870555808787843e-12
40,0.015,4,7,gic_evid,ude_sir_h2,ude_sir_h2,1,65.13029417037876,2.414685967928205e-13
40,0.015,4,7,gic_eff_logn,ude_sir_h2,ude_sir_h2,1,60.69864751879709,2.0715314564879857e-12
40,0.015,4,8,aic,ude_sir_h2,ude_sir_h2,1,55.09709099604163,3.100297860262929e-11
40,0.015,4,8,aicc,ude_sir_h2,ude_sir_h2,1,53.57137172838691,6.470619721404779e-11
40,0.015,4,8,bic,ude_sir_h2,ude_sir_h2,1,33.570874289404856,9.125187442066819e-07
40,0.015,4,8,gic_pred,ude_sir_h2,ude_sir_h2,1,62.72901856380054,7.73938122920609e-13
40,0.015,4,8,gic_evid,ude_sir_h2,ude_sir_h2,1,44.651569462991915,4.697547256419795e-09
40,0.015,4,8,gic_eff_logn,ude_sir_h2,ude_sir_h2,1,52.93755376523029,8.782036457191233e-11
40,0.015,4,9,aic,ude_sir_h2,ude_sir_h2,1,43.855850125028155,6.873657794393413e-09
40,0.015,4,9,aicc,ude_sir_h2,ude_sir_h2,1,44.968618065382316,4.036142157007481e-09
40,0.015,4,9,bic,ude_sir_h2,ude_sir_h2,1,53.08137157072963,8.469893791559891e-11
40,0.015,4,9,gic_pred,ude_sir_h2,ude_sir_h2,1,40.204612017190925,3.926533821379756e-08
40,0.015,4,9,gic_evid,ude_sir_h2,ude_sir_h2,1,69.95541655735406,2.3217126093886424e-14
40,0.015,4,9,gic_eff_logn,ude_sir_h2,ude_sir_h2,1,43.816037551689874,7.005770247132527e-09
40,0.015,4,10,aic,ude_sir_h2,ude_sir_h2,1,55.98351561475033,2.104574700176763e-11
40,0.015,4,10,aicc,ude_sir_h2,ude_sir_h2,1,57.09628355510449,1.355510740074305e-11
40,0.015,4,10,bic,ude_sir_h2,ude_sir_h2,1,41.04873509866002,2.6261206318160807e-08
40,0.015,4,10,gic_pred,ude_sir_h2,ude_sir_h2,1,52.41318230301056,1.1307860794764945e-10
40,0.015,4,10,gic_evid,ude_sir_h2,ude_sir_h2,1,50.4273146327082,2.9401909593337074e-10
40,0.015,4,10,gic_eff_logn,ude_sir_h2,ude_sir_h2,1,56.14900599275256,2.1494728112180506e-11
40,0.015,4,11,aic,ude_sir_h2,ude_sir_h2,1,34.894839393873895,4.882221957486046e-07
40,0.015,4,11,aicc,ude_sir_h2,ude_sir_h2,1,36.007607334228055,2.8832874565472565e-07
40,0.015,4,11,bic,ude_sir_h2,ude_sir_h2,1,44.12036083957537,6.0568675047089e-09
40,0.015,4,11,gic_pred,ude_sir_h2,ude_sir_h2,1,31.06802012283174,2.9651268024967876e-06
40,0.015,4,11,gic_evid,ude_sir_h2,ude_sir_h2,1,93.27931888620549,2.590650973283981e-19
40,0.015,4,11,gic_eff_logn,ude_sir_h2,ude_sir_h2,1,34.40947435956264,6.1413235648793e-07
40,0.015,4,12,aic,ude_sir_h2,ude_sir_h2,1,39.73481127316961,4.9109310034719126e-08
40,0.015,4,12,aicc,ude_sir_h2,ude_sir_h2,1,40.84757921352377,2.8903951248226793e-08
40,0.015,4,12,bic,ude_sir_h2,ude_sir_h2,1,48.960332718871086,6.456048036495583e-10
40,0.015,4,12,gic_pred,ude_sir_h2,ude_sir_h2,1,35.84445946017149,3.1149195093524886e-07
40,0.015,4,12,gic_evid,ude_sir_h2,ude_sir_h2,1,63.82432468339289,4.550121971467532e-13
40,0.015,4,12,gic_eff_logn,ude_sir_h2,ude_sir_h2,1,39.08822689218346,6.680159142336058e-08
40,0.015,4,13,aic,ude_sir_h2,ude_sir_h2,1,51.906295538522045,1.470659030236063e-10
40,0.015,4,13,aicc,ude_sir_h2,ude_sir_h2,1,53.019063478876205,9.020022224925531e-11
40,0.015,4,13,bic,ude_sir_h2,ude_sir_h2,1,38.58069205990989,8.503685369187576e-08
40,0.015,4,13,gic_pred,ude_sir_h2,ude_sir_h2,1,48.28735205984685,8.222461738262723e-10
40,0.015,4,13,gic_evid,ude_sir_h2,ude_sir_h2,1,48.45014072677702,7.603578557445368e-10
40,0.015,4,13,gic_eff_logn,ude_sir_h2,ude_sir_h2,1,51.94843339333181,1.5059937837083592e-10
40,0.015,4,14,aic,ude_sir_h2,ude_sir_h2,1,43.52791185533101,8.04047617664565e-09
40,0.015,4,14,aicc,ude_sir_h2,ude_sir_h2,1,44.64067979568517,4.7220917016972715e-09
40,0.015,4,14,bic,ude_sir_h2,ude_sir_h2,1,52.75343330103249,9.619057475548386e-11
40,0.015,4,14,gic_pred,ude_sir_h2,ude_sir_h2,1,37.05619925936992,1.7539150271493036e-07
40,0.015,4,14,gic_evid,ude_sir_h2,ude_sir_h2,1,73.53322494998542,3.962020346098772e-15
40,0.015,4,14,gic_eff_logn,ude_sir_h2,ude_sir_h2,1,36.330900147661964,2.473798310329899e-07
40,0.015,4,15,aic,ude_sir_h2,ude_sir_h2,1,49.777367520071266,4.0187580191348513e-10
40,0.015,4,15,aicc,ude_sir_h2,ude_sir_h2,1,50.89013546042543,2.3533803904996465e-10
40,0.015,4,15,bic,ude_sir_h2,ude_sir_h2,1,59.00288896577274,4.699057567509632e-12
40,0.015,4,15,gic_pred,ude_sir_h2,ude_sir_h2,1,44.260207620097844,5.664943936054122e-09
40,0.015,4,15,gic_evid,ude_sir_h2,ude_sir_h2,1,94.87865072275656,1.1844078432104993e-19
40,0.015,4,15,gic_eff_logn,ude_sir_h2,ude_sir_h2,1,45.00261623637107,3.970983523163807e-09
40,0.015,4,16,aic,ude_sir_h2,ude_sir_h2,1,47.25713302466079,1.348701403841259e-09
40,0.015,4,16,aicc,ude_sir_h2,ude_sir_h2,1,48.36990096501495,7.917375332799025e-10
40,0.015,4,16,bic,ude_sir_h2,ude_sir_h2,1,41.344398017764775,2.2823558721754668e-08
40,0.015,4,16,gic_pred,ude_sir_h2,ude_sir_h2,1,43.66862446997402,7.517400719522757e-09
40,0.015,4,16,gic_evid,ude_sir_h2,ude_sir_h2,1,50.494469545819925,2.846747593360936e-10
40,0.015,4,16,gic_eff_logn,ude_sir_h2,ude_sir_h2,1,47.376502144117694,1.2753012915212477e-09
40,0.015,4,17,aic,ude_sir_h2,ude_sir_h2,1,35.10487545220485,4.4205418380701927e-07
40,0.015,4,17,aicc,ude_sir_h2,ude_sir_h2,1,36.21764339255901,2.6102220970389344e-07
40,0.015,4,17,bic,ude_sir_h2,ude_sir_h2,1,39.96995791901497,4.9385760156341575e-08
40,0.015,4,17,gic_pred,ude_sir_h2,ude_sir_h2,1,31.73307842757447,2.169079682652484e-06
40,0.015,4,17,gic_evid,ude_sir_h2,ude_sir_h2,1,49.907726157758134,3.774652440841471e-10
40,0.015,4,17,gic_eff_logn,ude_sir_h2,ude_sir_h2,1,35.77416891306268,3.2204002289689536e-07
40,0.015,4,18,aic,ude_sir_h2,ude_sir_h2,1,41.06872953492564,2.7419190738551505e-08
40,0.015,4,18,aicc,ude_sir_h2,ude_sir_h2,1,39.543010267270915,5.462880498299996e-08
40,0.015,4,18,bic,ude_sir_h2,ude_sir_h2,1,19.542512828288864,0.000614667146414345
40,0.015,4,18,gic_pred,ude_sir_h2,ude_sir_h2,1,43.87438516911698,7.445913660142013e-09
40,0.015,4,18,gic_evid,ude_sir_h2,ude_sir_h2,1,30.793701571985935,3.372818900366532e-06
40,0.015,4,18,gic_eff_logn,ude_sir_h2,ude_sir_h2,1,39.242859830391126,6.299127828972917e-08
40,0.015,4,19,aic,ude_sir_h2,ude_sir_h2,1,56.61637507952423,1.489014329245116e-11
40,0.015,4,19,aicc,ude_sir_h2,ude_sir_h2,1,57.72914301987839,8.698324069950158e-12
40,0.015,4,19,bic,ude_sir_h2,ude_sir_h2,1,65.8418965252257,2.1923899685987844e-13
40,0.015,4,19,gic_pred,ude_sir_h2,ude_sir_h2,1,50.42905087958786,2.9377365349575583e-10
40,0.015,4,19,gic_evid,ude_sir_h2,ude_sir_h2,1,76.31937582328624,1.0210874138139398e-15
40,0.015,4,19,gic_eff_logn,ude_sir_h2,ude_sir_h2,1,50.141023642285745,3.374150888211613e-10
40,0.045,1,0,aic,ude_sir_h2,tv_sir,0,14.218986743270989,0.009083557707590404
40,0.045,1,0,aicc,ude_sir_h2,tv_sir,0,16.019412531617434,0.003151453443069095
40,0.045,1,0,bic,ude_sir_h2,tv_sir,0,13.460186441922374,0.009253823761922651
40,0.045,1,0,gic_pred,ude_sir_h2,tv_sir,0,0.3698380359357998,1.0426034666345028
40,0.045,1,0,gic_evid,ude_sir_h2,tv_sir,0,2.7033635882483225,0.5115047602568117
40,0.045,1,0,gic_eff_logn,ude_sir_h2,tv_sir,0,0.49722286033988894,0.980040612297628
40,0.045,1,1,aic,ude_sir_h2,tv_sir,0,14.461568229955603,0.006146456928877221
40,0.045,1,1,aicc,ude_sir_h2,tv_sir,0,22.720457922212745,0.0002862754491740503
40,0.045,1,1,bic,ude_sir_h2,tv_sir,0,20.161231832517686,0.0004918464358830691
40,0.045,1,1,gic_pred,ude_sir_h2,tv_sir,0,0.5065903962138663,0.8540006428407211
40,0.045,1,1,gic_evid,ude_sir_h2,tv_sir,0,3.611023571700372,0.4073082498069682
40,0.045,1,1,gic_eff_logn,ude_sir_h2,tv_sir,0,0.5446089020005047,0.8121597983580786
40,0.045,1,2,aic,ude_sir_h2,tv_sir,0,12.813391126334409,0.013726323582945846
40,0.045,1,2,aicc,ude_sir_h2,tv_sir,0,21.0991054120487,0.0003072753769605251
40,0.045,1,2,bic,ude_sir_h2,tv_sir,0,24.63554730513195,7.186785051422424e-05
40,0.045,1,2,gic_pred,ude_sir_h2,neural_ode_h2,0,0.3757467555635685,1.0742815011305364
40,0.045,1,2,gic_evid,ude_sir_h2,tv_sir,0,3.219633315090107,0.45048349572319857
40,0.045,1,2,gic_eff_logn,ude_sir_h2,ude_sir_h2,1,0.341332777305027,1.0947348469463614
40,0.045,1,3,aic,ude_sir_h2,tv_sir,0,4.362075232510122,0.33442292496958015
40,0.045,1,3,aicc,ude_sir_h2,tv_sir,0,3.543542413977306,0.41464732888058486
40,0.045,1,3,bic,ude_sir_h2,tv_sir,0,0.984316324282247,0.663782273189683
40,0.045,1,3,gic_pred,ude_sir_h2,ude_sir_h2,1,0.40167868962703324,0.9502660651696472
40,0.045,1,3,gic_evid,ude_sir_h2,tv_sir,0,0.11328761190364389,0.9734516138003138
40,0.045,1,3,gic_eff_logn,ude_sir_h2,ude_sir_h2,1,0.8468860161107017,0.9793940948279964
40,0.045,1,4,aic,ude_sir_h2,tv_sir,0,11.474984975275419,0.03149697540030913
40,0.045,1,4,aicc,ude_sir_h2,tv_sir,0,10.656452156742603,0.030780206008469712
40,0.045,1,4,bic,ude_sir_h2,tv_sir,0,8.097226067047544,0.08675972887248928
40,0.045,1,4,gic_pred,ude_sir_h2,neural_ode_h2,0,0.5796156947975106,1.0832095443305496
40,0.045,1,4,gic_evid,ude_sir_h2,tv_sir,0,1.3556933788124326,0.6656460476154447
40,0.045,1,4,gic_eff_logn,ude_sir_h2,ude_sir_h2,1,0.32025626666391815,1.1035185361305213
40,0.045,1,5,aic,ude_sir_h2,tv_sir,0,14.238230889563852,0.008795478130065796
40,0.045,1,5,aicc,ude_sir_h2,tv_sir,0,16.241326587690253,0.002868849619377502
40,0.045,1,5,bic,ude_sir_h2,tv_sir,0,13.682100497995194,0.008404398395983174
40,0.045,1,5,gic_pred,ude_sir_h2,tv_sir,0,0.4302296024440011,1.02232227359457
40,0.045,1,5,gic_evid,ude_sir_h2,tv_sir,0,2.608979588378176,0.5214084181927725
40,0.045,1,5,gic_eff_logn,ude_sir_h2,tv_sir,0,0.5923609431438166,0.9501441816470396
40,0.045,1,6,aic,ude_sir_h2,tv_sir,0,14.034272170860959,0.007428790856286541
40,0.045,1,6,aicc,ude_sir_h2,tv_sir,0,22.26110648074834,0.0003509420289293499
40,0.045,1,6,bic,ude_sir_h2,tv_sir,0,19.70188039105328,0.0006056579669342912
40,0.045,1,6,gic_pred,ude_sir_h2,tv_sir,0,0.22884711966869986,0.8794945386501085
40,0.045,1,6,gic_evid,ude_sir_h2,tv_sir,0,2.7869070488617638,0.4990301293342606
40,0.045,1,6,gic_eff_logn,ude_sir_h2,tv_sir,0,0.39315393633208373,0.8274148772062556
40,0.045,1,7,aic,ude_sir_h2,tv_sir,0,14.400679129755218,0.010160776912428664
40,0.045,1,7,aicc,ude_sir_h2,tv_sir,0,14.628237166125245,0.005680540052405697
40,0.045,1,7,bic,ude_sir_h2,tv_sir,0,12.069011076430186,0.01683651372693971
40,0.045,1,7,gic_pred,ude_sir_h2,tv_sir,0,0.2679172018780207,0.9474642788000893
40,0.045,1,7,gic_evid,ude_sir_h2,tv_sir,0,1.8981135112495622,0.5983226744347498
40,0.045,1,7,gic_eff_logn,ude_sir_h2,tv_sir,0,0.1558077557378681,0.8895184137036772
40,0.045,1,8,aic,ude_sir_h2,tv_sir,0,16.2463483717043,0.005358359904425364
40,0.045,1,8,aicc,ude_sir_h2,tv_sir,0,15.804077379726039,0.0033551820661533137
40,0.045,1,8,bic,ude_sir_h2,tv_sir,0,13.24485129003098,0.010138962621830703
40,0.045,1,8,gic_pred,ude_sir_h2,tv_sir,0,1.4803739792427564,1.0238482708420253
40,0.045,1,8,gic_evid,ude_sir_h2,tv_sir,0,2.7321163812905667,0.5131316418862434
40,0.045,1,8,gic_eff_logn,ude_sir_h2,tv_sir,0,1.1425348367643835,1.0085184474287843
40,0.045,1,9,aic,ude_sir_h2,tv_sir,0,8.494760684850746,0.08143054176123048
40,0.045,1,9,aicc,ude_sir_h2,tv_sir,0,7.67622786631793,0.10238589031322946
40,0.045,1,9,bic,ude_sir_h2,tv_sir,0,5.117001776622871,0.2584490364463739
40,0.045,1,9,gic_pred,ude_sir_h2,ude_sir_h2,1,0.369953456807977,0.9363381486494806
40,0.045,1,9,gic_evid,ude_sir_h2,tv_sir,0,0.7719864494669508,0.7621774750434729
40,0.045,1,9,gic_eff_logn,ude_sir_h2,ude_sir_h2,1,0.6727282183369852,0.8952283323666148
40,0.045,1,10,aic,ude_sir_h2,tv_sir,0,13.738654213368278,0.012815083540461344
40,0.045,1,10,aicc,ude_sir_h2,tv_sir,0,14.409328305110975,0.006290959873959348
40,0.045,1,10,bic,ude_sir_h2,tv_sir,0,11.850102215415916,0.01849451903146456
40,0.045,1,10,gic_pred,ude_sir_h2,ude_sir_h2,1,0.14034334476309596,1.0355689225590896
40,0.045,1,10,gic_evid,ude_sir_h2,tv_sir,0,2.0580791092923505,0.5827087098365757
40,0.045,1,10,gic_eff_logn,ude_sir_h2,ude_sir_h2,1,0.0381640757782975,0.9742366301656995
40,0.045,1,11,aic,ude_sir_h2,tv_sir,0,14.180372750851603,0.010190019041038547
40,0.045,1,11,aicc,ude_sir_h2,tv_sir,0,15.470860461350526,0.003978655222857981
40,0.045,1,11,bic,ude_sir_h2,tv_sir,0,12.911634371655467,0.011730431955256233
40,0.045,1,11,gic_pred,ude_sir_h2,ude_sir_h2,1,0.013392590916851077,1.099049910693914
40,0.045,1,11,gic_evid,ude_sir_h2,tv_sir,0,1.6457236345054298,0.6207236142439472
40,0.045,1,11,gic_eff_logn,ude_sir_h2,ude_sir_h2,1,0.27450190198180735,1.0771176174329895
40,0.045,1,12,aic,ude_sir_h2,tv_sir,0,13.103826658317644,0.013951568776644517
40,0.045,1,12,aicc,ude_sir_h2,tv_sir,0,21.389540944031936,0.00027185086598223787
40,0.045,1,12,bic,ude_sir_h2,tv_sir,0,24.925982837115185,6.806646347628483e-05
40,0.045,1,12,gic_pred,ude_sir_h2,neural_ode_h2,0,2.2962250857801223,0.902573736916338
40,0.045,1,12,gic_evid,ude_sir_h2,tv_sir,0,3.5407096233843447,0.4148352666342032
40,0.045,1,12,gic_eff_logn,ude_sir_h2,neural_ode_h2,0,1.5082046863726077,1.0223697044695361
40,0.045,1,13,aic,ude_sir_h2,tv_sir,0,13.900024394452998,0.00945182387891113
40,0.045,1,13,aicc,ude_sir_h2,tv_sir,0,16.801953320390595,0.0022957002688892827
40,0.045,1,13,bic,ude_sir_h2,tv_sir,0,14.242727230695536,0.006590467747002509
40,0.045,1,13,gic_pred,ude_sir_h2,ude_sir_h2,1,0.21353292403043156,1.031334145160982
40,0.045,1,13,gic_evid,ude_sir_h2,tv_sir,0,2.0599314922375527,0.5789872595660039
40,0.045,1,13,gic_eff_logn,ude_sir_h2,ude_sir_h2,1,0.3094252350558975,0.9682083734398775
40,0.045,1,14,aic,ude_sir_h2,tv_sir,0,6.5672789390689275,0.16224929383352266
40,0.045,1,14,aicc,ude_sir_h2,tv_sir,0,5.7487461205361114,0.2086405120586702
40,0.045,1,14,bic,ude_sir_h2,tv_sir,0,3.1895200308410523,0.45386603928174574
40,0.045,1,14,gic_pred,ude_sir_h2,neural_ode_h2,0,0.7023312380223103,1.0953347347153217
40,0.045,1,14,gic_evid,ude_sir_h2,tv_sir,0,1.0989455843040616,0.8219038976668109
40,0.045,1,14,gic_eff_logn,ude_sir_h2,tv_sir,0,0.39256346876430825,1.1586164962109438
40,0.045,1,15,aic,ude_sir_h2,tv_sir,0,14.152876258049872,0.013025211957619198
40,0.045,1,15,aicc,ude_sir_h2,tv_sir,0,13.334343439517056,0.009886237067926419
40,0.045,1,15,bic,ude_sir_h2,tv_sir,0,10.775117349821997,0.029116755975029704
40,0.045,1,15,gic_pred,ude_sir_h2,tv_sir,0,0.11786582002460477,0.9073287127873001
40,0.045,1,15,gic_evid,ude_sir_h2,tv_sir,0,1.7207062831101467,0.6203209418484896
40,0.045,1,15,gic_eff_logn,ude_sir_h2,ude_sir_h2,1,0.13131283901552138,0.8612213121531727
40,0.045,1,16,aic,ude_sir_h2,tv_sir,0,14.95004900098678,0.007539851956115477
40,0.045,1,16,aicc,ude_sir_h2,tv_sir,0,15.45711197796561,0.003953231765547776
40,0.045,1,16,bic,ude_sir_h2,tv_sir,0,12.897885888270551,0.011790378173631487
40,0.045,1,16,gic_pred,ude_sir_h2,tv_sir,0,1.016397009981688,0.8064344370910976
40,0.045,1,16,gic_evid,ude_sir_h2,tv_sir,0,2.740912747022918,0.5082614301023591
40,0.045,1,16,gic_eff_logn,ude_sir_h2,tv_sir,0,1.0724239045881063,0.7664620524984309
40,0.045,1,17,aic,ude_sir_h2,tv_sir,0,14.765308976977224,0.007345230786531497
40,0.045,1,17,aicc,ude_sir_h2,tv_sir,0,16.403239992522998,0.00264640516808184
40,0.045,1,17,bic,ude_sir_h2,tv_sir,0,13.844013902827939,0.007826894768284265
40,0.045,1,17,gic_pred,ude_sir_h2,tv_sir,0,0.438462136855577,1.0537951237689365
40,0.045,1,17,gic_evid,ude_sir_h2,tv_sir,0,2.2177773947086763,0.5640520716189247
40,0.045,1,17,gic_eff_logn,ude_sir_h2,tv_sir,0,0.1624596803938374,0.9993144388662332
40,0.045,1,18,aic,ude_sir_h2,tv_sir,0,13.144990210717793,0.01282313273785013
40,0.045,1,18,aicc,ude_sir_h2,tv_sir,0,16.6071371454497,0.0025637524992620027
40,0.045,1,18,bic,ude_sir_h2,tv_sir,0,14.04791105575464,0.0071890083913560745
40,0.045,1,18,gic_pred,ude_sir_h2,ude_sir_h2,1,0.7735720397529491,1.0640968547692773
40,0.045,1,18,gic_evid,ude_sir_h2,tv_sir,0,1.8268837879409574,0.6013550530709169
40,0.045,1,18,gic_eff_logn,ude_sir_h2,ude_sir_h2,1,0.7048027687683174,1.0177655106012224
40,0.045,1,19,aic,ude_sir_h2,tv_sir,0,14.360547289838252,0.007495184421590724
40,0.045,1,19,aicc,ude_sir_h2,tv_sir,0,17.56425209648353,0.0016499639325001378
40,0.045,1,19,bic,ude_sir_h2,tv_sir,0,15.00502600678847,0.004717501721658013
40,0.045,1,19,gic_pred,ude_sir_h2,tv_sir,0,0.16604510361835878,0.9843826223210577
40,0.045,1,19,gic_evid,ude_sir_h2,tv_sir,0,2.629402473987753,0.5184203929842945
40,0.045,1,19,gic_eff_logn,ude_sir_h2,tv_sir,0,0.0017997305748451708,0.9286877631158726
40,0.045,2,0,aic,ude_sir_h2,tv_sir,0,16.223743543970954,0.002732394429298525
40,0.045,2,0,aicc,ude_sir_h2,tv_sir,0,19.57276315181406,0.0006062908225222218
40,0.045,2,0,bic,ude_sir_h2,tv_sir,0,32.897929986688155,1.2533573503730155e-06
40,0.045,2,0,gic_pred,ude_sir_h2,tv_sir,0,3.24616647553529,0.44751376736392245
40,0.045,2,0,gic_evid,ude_sir_h2,tv_sir,0,19.04041203791624,0.0007716510687733494
40,0.045,2,0,gic_eff_logn,ude_sir_h2,tv_sir,0,4.463885802979121,0.31825985103130505
40,0.045,2,1,aic,ude_sir_h2,tv_sir,0,11.055745815793102,0.02586363774565343
40,0.045,2,1,aicc,ude_sir_h2,tv_sir,0,14.404765423636206,0.006121524197705843
40,0.045,2,1,bic,ude_sir_h2,tv_sir,0,23.000304057326332,0.00014075465617359215
40,0.045,2,1,gic_pred,ude_sir_h2,ude_sir_h2,1,0.4547298069194312,0.6868783632738977
40,0.045,2,1,gic_evid,ude_sir_h2,tv_sir,0,10.050297331388862,0.03943099613353142
40,0.045,2,1,gic_eff_logn,ude_sir_h2,tv_sir,0,2.510326880264927,0.52940444869555
40,0.045,2,2,aic,ude_sir_h2,tv_sir,0,18.791748331647284,0.0008634765489763321
40,0.045,2,2,aicc,ude_sir_h2,tv_sir,0,22.140767939490388,0.000187892115375376
40,0.045,2,2,bic,ude_sir_h2,tv_sir,0,35.465934774364484,3.747773617983727e-07
40,0.045,2,2,gic_pred,ude_sir_h2,tv_sir,0,7.144125864913121,0.12533575852387277
40,0.045,2,2,gic_evid,ude_sir_h2,tv_sir,0,18.16121412782448,0.00114757983921453
40,0.045,2,2,gic_eff_logn,ude_sir_h2,tv_sir,0,9.945838834436984,0.04109027478183339
40,0.045,2,3,aic,ude_sir_h2,tv_sir,0,14.207642307262972,0.006721613349487108
40,0.045,2,3,aicc,ude_sir_h2,tv_sir,0,17.556661915106076,0.0015843313751783981
40,0.045,2,3,bic,ude_sir_h2,tv_sir,0,19.654714736013887,0.0005873974750169169
40,0.045,2,3,gic_pred,ude_sir_h2,tv_sir,0,1.8675314376400252,0.5950196909430734
40,0.045,2,3,gic_evid,ude_sir_h2,tv_sir,0,8.596445978581215,0.07146000684593913
40,0.045,2,3,gic_eff_logn,ude_sir_h2,tv_sir,0,3.8444814972220342,0.382121866680246
40,0.045,2,4,aic,ude_sir_h2,tv_sir,0,8.581058254384402,0.07158533551041996
40,0.045,2,4,aicc,ude_sir_h2,tv_sir,0,11.930077862227535,0.017841754129884965
40,0.045,2,4,bic,ude_sir_h2,tv_sir,0,25.255244697101602,8.63836267030284e-05
40,0.045,2,4,gic_pred,ude_sir_h2,ude_sir_h2,1,2.8725910772096483,0.4893585062539192
40,0.045,2,4,gic_evid,ude_sir_h2,tv_sir,0,8.63855908710616,0.06997676363947705
40,0.045,2,4,gic_eff_logn,ude_sir_h2,tv_sir,0,0.1601464794716776,0.6924749175062498
40,0.045,2,5,aic,ude_sir_h2,tv_sir,0,14.686391359338813,0.0054169835195842335
40,0.045,2,5,aicc,ude_sir_h2,tv_sir,0,18.035410967181917,0.0012411493582088397
40,0.045,2,5,bic,ude_sir_h2,tv_sir,0,21.978566787991326,0.0002049798112535718
40,0.045,2,5,gic_pred,ude_sir_h2,tv_sir,0,2.062813888456219,0.575989952918181
40,0.045,2,5,gic_evid,ude_sir_h2,tv_sir,0,9.240013165046207,0.05499139183132659
40,0.045,2,5,gic_eff_logn,ude_sir_h2,tv_sir,0,3.7021514509175972,0.39727047611186317
40,0.045,2,6,aic,ude_sir_h2,tv_sir,0,14.16152930586901,0.006791616120874346
40,0.045,2,6,aicc,ude_sir_h2,tv_sir,0,17.510548913712114,0.0015374761024064703
40,0.045,2,6,bic,ude_sir_h2,tv_sir,0,30.83571574858621,3.341646220177465e-06
40,0.045,2,6,gic_pred,ude_sir_h2,tv_sir,0,0.6274575186571951,0.6809945134536204
40,0.045,2,6,gic_evid,ude_sir_h2,tv_sir,0,12.448867595331564,0.014281287679711579
40,0.045,2,6,gic_eff_logn,ude_sir_h2,tv_sir,0,1.182384225010935,0.6512965032901965
40,0.045,2,7,aic,ude_sir_h2,tv_sir,0,9.893706009132416,0.041983670696735385
40,0.045,2,7,aicc,ude_sir_h2,tv_sir,0,13.24272561697552,0.010136118310328278
40,0.045,2,7,bic,ude_sir_h2,tv_sir,0,26.567892451849616,2.4356940390584974e-05
40,0.045,2,7,gic_pred,ude_sir_h2,ude_sir_h2,1,1.3579973151379932,0.6387843196380197
40,0.045,2,7,gic_evid,ude_sir_h2,tv_sir,0,11.643189032877274,0.020156241207196588
40,0.045,2,7,gic_eff_logn,ude_sir_h2,tv_sir,0,1.9152606256487843,0.5905715990195044
40,0.045,2,8,aic,ude_sir_h2,tv_sir,0,10.999902110149208,0.026467843138430078
40,0.045,2,8,aicc,ude_sir_h2,tv_sir,0,14.34892171799234,0.006256464847258705
40,0.045,2,8,bic,ude_sir_h2,tv_sir,0,27.674088552866408,1.4521038876643094e-05
40,0.045,2,8,gic_pred,ude_sir_h2,ude_sir_h2,1,0.16530716105592091,0.6947435572829179
40,0.045,2,8,gic_evid,ude_sir_h2,tv_sir,0,13.137433379218692,0.010609525002330434
40,0.045,2,8,gic_eff_logn,ude_sir_h2,tv_sir,0,3.2109663488021454,0.45210497564893953
40,0.045,2,9,aic,ude_sir_h2,tv_sir,0,15.753739384573066,0.0033668500263804957
40,0.045,2,9,aicc,ude_sir_h2,tv_sir,0,19.10275899241617,0.0007501888093670089
40,0.045,2,9,bic,ude_sir_h2,tv_sir,0,32.42792582729027,1.5942843944597344e-06
40,0.045,2,9,gic_pred,ude_sir_h2,tv_sir,0,2.3203276468020704,0.5495063046438764
40,0.045,2,9,gic_evid,ude_sir_h2,tv_sir,0,13.106144841176985,0.010754329475774867
40,0.045,2,9,gic_eff_logn,ude_sir_h2,tv_sir,0,2.995141812563645,0.4755963322206976
40,0.045,2,10,aic,ude_sir_h2,tv_sir,0,20.329704937259635,0.00043189419511745425
40,0.045,2,10,aicc,ude_sir_h2,tv_sir,0,23.678724545102767,9.275920552605274e-05
40,0.045,2,10,bic,ude_sir_h2,tv_sir,0,37.003891379976835,1.798217065783809e-07
40,0.045,2,10,gic_pred,ude_sir_h2,tv_sir,0,8.55784446027775,0.07595374755095251
40,0.045,2,10,gic_evid,ude_sir_h2,tv_sir,0,20.824269085244623,0.00034310087169201213
40,0.045,2,10,gic_eff_logn,ude_sir_h2,tv_sir,0,11.2115883050771,0.0247380741520101
40,0.045,2,11,aic,ude_sir_h2,tv_sir,0,14.020988194290794,0.007224127846350203
40,0.045,2,11,aicc,ude_sir_h2,tv_sir,0,17.370007802133898,0.0016376117449231995
40,0.045,2,11,bic,ude_sir_h2,tv_sir,0,30.695174637007995,3.5330573184401646e-06
40,0.045,2,11,gic_pred,ude_sir_h2,tv_sir,0,2.7275009976986553,0.5080529156576281
40,0.045,2,11,gic_evid,ude_sir_h2,tv_sir,0,14.591384811548664,0.0056246682990339645
40,0.045,2,11,gic_eff_logn,ude_sir_h2,tv_sir,0,5.950993790100341,0.19466677585148778
40,0.045,2,12,aic,ude_sir_h2,tv_sir,0,15.110205240930782,0.004475843020402828
40,0.045,2,12,aicc,ude_sir_h2,tv_sir,0,18.459224848773886,0.0010033785612640195
40,0.045,2,12,bic,ude_sir_h2,tv_sir,0,31.784391683647982,2.4125559777932606e-06
40,0.045,2,12,gic_pred,ude_sir_h2,tv_sir,0,1.6161722425592302,0.6177329197101401
40,0.045,2,12,gic_evid,ude_sir_h2,tv_sir,0,12.362158143864804,0.01482350720815152
40,0.045,2,12,gic_eff_logn,ude_sir_h2,tv_sir,0,2.2187856796317647,0.5601100057894896
40,0.045,2,13,aic,ude_sir_h2,tv_sir,0,15.312537246382647,0.004093191595812887
40,0.045,2,13,aicc,ude_sir_h2,tv_sir,0,18.66155685422575,0.0009157793658346988
40,0.045,2,13,bic,ude_sir_h2,tv_sir,0,31.986723689099847,1.9250874592319163e-06
40,0.045,2,13,gic_pred,ude_sir_h2,tv_sir,0,2.2090673354057344,0.5611199807200848
40,0.045,2,13,gic_evid,ude_sir_h2,tv_sir,0,16.673017582950706,0.0022365894354154214
40,0.045,2,13,gic_eff_logn,ude_sir_h2,tv_sir,0,3.2768466108255723,0.44409090786516037
40,0.045,2,14,aic,ude_sir_h2,tv_sir,0,8.698052850022577,0.06830675230860407
40,0.045,2,14,aicc,ude_sir_h2,tv_sir,0,12.04707245786571,0.01696648568124439
40,0.045,2,14,bic,ude_sir_h2,tv_sir,0,25.372239292739778,4.2346374383351276e-05
40,0.045,2,14,gic_pred,ude_sir_h2,ude_sir_h2,1,2.343535153524698,0.5470665217122274
40,0.045,2,14,gic_evid,ude_sir_h2,tv_sir,0,11.51270615029415,0.021305424874734264
40,0.045,2,14,gic_eff_logn,ude_sir_h2,tv_sir,0,1.1799729324198438,0.6514795605082564
40,0.045,2,15,aic,ude_sir_h2,tv_sir,0,12.134742153738955,0.016550235063174788
40,0.045,2,15,aicc,ude_sir_h2,tv_sir,0,15.483761761582059,0.00404314731203001
40,0.045,2,15,bic,ude_sir_h2,tv_sir,0,17.142224749167298,0.0018219622442019303
40,0.045,2,15,gic_pred,ude_sir_h2,tv_sir,0,0.3543301183777885,0.6894226802418806
40,0.045,2,15,gic_evid,ude_sir_h2,tv_sir,0,9.250677354895458,0.055651439892100814
40,0.045,2,15,gic_eff_logn,ude_sir_h2,tv_sir,0,2.997888943263405,0.4762726475580577
40,0.045,2,16,aic,ude_sir_h2,tv_sir,0,13.439466346854601,0.009370867173776203
40,0.045,2,16,aicc,ude_sir_h2,tv_sir,0,16.788485954697705,0.0022013700711994116
40,0.045,2,16,bic,ude_sir_h2,tv_sir,0,19.68725286490843,0.0005802389304640841
40,0.045,2,16,gic_pred,ude_sir_h2,tv_sir,0,1.5742475937248628,0.62137168582727
40,0.045,2,16,gic_evid,ude_sir_h2,tv_sir,0,10.381003429375824,0.03467847750158487
40,0.045,2,16,gic_eff_logn,ude_sir_h2,tv_sir,0,4.116800488348474,0.3535014761370765
40,0.045,2,17,aic,ude_sir_h2,tv_sir,0,7.144794003420657,0.12573724329341884
40,0.045,2,17,aicc,ude_sir_h2,tv_sir,0,10.49381361126379,0.03275313729370022
40,0.045,2,17,bic,ude_sir_h2,tv_sir,0,23.818980446137857,8.683895739597176e-05
40,0.045,2,17,gic_pred,ude_sir_h2,ude_sir_h2,1,3.9191703870372976,0.5789080932947593
40,0.045,2,17,gic_evid,ude_sir_h2,tv_sir,0,12.417182841501955,0.014486829842326323
40,0.045,2,17,gic_eff_logn,ude_sir_h2,ude_sir_h2,1,0.42231287589723365,0.9561495964254586
40,0.045,2,18,aic,ude_sir_h2,tv_sir,0,12.290124260953348,0.015291607920056939
40,0.045,2,18,aicc,ude_sir_h2,tv_sir,0,15.639143868796452,0.0035424748342888406
40,0.045,2,18,bic,ude_sir_h2,tv_sir,0,28.96431070367055,7.952833958247838e-06
40,0.045,2,18,gic_pred,ude_sir_h2,ude_sir_h2,1,0.8910450035008353,0.6706656756408431
40,0.045,2,18,gic_evid,ude_sir_h2,tv_sir,0,9.258421155080043,0.05447069120921254
40,0.045,2,18,gic_eff_logn,ude_sir_h2,tv_sir,0,0.08419330717907769,0.693183162223169
40,0.045,2,19,aic,ude_sir_h2,tv_sir,0,14.97967275922656,0.004741274045675023
40,0.045,2,19,aicc,ude_sir_h2,tv_sir,0,18.328692367069664,0.0010641826707687271
40,0.045,2,19,bic,ude_sir_h2,tv_sir,0,31.65385920194376,2.2514230178548008e-06
40,0.045,2,19,gic_pred,ude_sir_h2,tv_sir,0,2.005198658158463,0.5820556894439911
40,0.045,2,19,gic_evid,ude_sir_h2,tv_sir,0,12.809787841844695,0.012224742575746284
40,0.045,2,19,gic_eff_logn,ude_sir_h2,tv_sir,0,3.22661366106027,0.449768635292509
40,0.045,4,0,aic,ude_sir_h2,tv_sir,0,11.780042381199564,0.01901602913944813
40,0.045,4,0,aicc,ude_sir_h2,tv_sir,0,13.305761648854286,0.009862815178975337
40,0.045,4,0,bic,ude_sir_h2,tv_sir,0,33.30625908783634,1.0338547559286575e-06
40,0.045,4,0,gic_pred,ude_sir_h2,tv_sir,0,1.678728963400772,0.6127014199479696
40,0.045,4,0,gic_evid,ude_sir_h2,tv_sir,0,16.507156374921863,0.0024083483309329393
40,0.045,4,0,gic_eff_logn,ude_sir_h2,tv_sir,0,7.6732984090949685,0.10234392918165733
40,0.045,4,1,aic,ude_sir_h2,ude_sir_h2,1,0.5495520451162292,0.6839962516348226
40,0.045,4,1,aicc,ude_sir_h2,tv_sir,0,0.9761672225384928,0.6643155934353937
40,0.045,4,1,bic,ude_sir_h2,tv_sir,0,20.976664661520545,0.00032005223931534557
40,0.045,4,1,gic_pred,ude_sir_h2,ude_sir_h2,1,10.396985885255276,0.038418352845415865
40,0.045,4,1,gic_evid,ude_sir_h2,tv_sir,0,7.558887807059818,0.10695681413247128
40,0.045,4,1,gic_eff_logn,ude_sir_h2,ude_sir_h2,1,4.012054524840096,0.36694399487973633
40,0.045,4,2,aic,ude_sir_h2,ude_sir_h2,1,1.5893484573503542,0.7330392319309441
40,0.045,4,2,aicc,ude_sir_h2,ude_sir_h2,1,0.0636291896955754,0.751293836656995
40,0.045,4,2,bic,ude_sir_h2,tv_sir,0,19.93686824928642,0.0005142888703087746
40,0.045,4,2,gic_pred,ude_sir_h2,ude_sir_h2,1,1.5365542038908302,0.6390858807591457
40,0.045,4,2,gic_evid,ude_sir_h2,tv_sir,0,3.0822190864482195,0.465850494158091
40,0.045,4,2,gic_eff_logn,ude_sir_h2,ude_sir_h2,1,3.4641269870215297,0.6363188236081113
40,0.045,4,3,aic,ude_sir_h2,tv_sir,0,5.320731966521635,0.28617003704677735
40,0.045,4,3,aicc,ude_sir_h2,tv_sir,0,6.846451234176357,0.1557286822135568
40,0.045,4,3,bic,ude_sir_h2,tv_sir,0,26.84694867315841,2.13849397985751e-05
40,0.045,4,3,gic_pred,ude_sir_h2,ude_sir_h2,1,0.12189811021119112,0.8398438246253742
40,0.045,4,3,gic_evid,ude_sir_h2,tv_sir,0,9.802108121791491,0.043599667956232956
40,0.045,4,3,gic_eff_logn,ude_sir_h2,tv_sir,0,0.9430153746243377,0.8829378248465412
40,0.045,4,4,aic,ude_sir_h2,tv_sir,0,11.734868164912541,0.019400650798516727
40,0.045,4,4,aicc,ude_sir_h2,tv_sir,0,13.260587432567263,0.010062484220474038
40,0.045,4,4,bic,ude_sir_h2,tv_sir,0,33.261084871549315,1.056125771346151e-06
40,0.045,4,4,gic_pred,ude_sir_h2,tv_sir,0,1.5087016959980701,0.6353341266531449
40,0.045,4,4,gic_evid,ude_sir_h2,tv_sir,0,14.816327769586337,0.0050948206518239385
40,0.045,4,4,gic_eff_logn,ude_sir_h2,tv_sir,0,7.311298724920846,0.11797697734654078
40,0.045,4,5,aic,ude_sir_h2,tv_sir,0,11.938059700791428,0.017775692859497302
40,0.045,4,5,aicc,ude_sir_h2,tv_sir,0,13.463778968446206,0.009208297169348616
40,0.045,4,5,bic,ude_sir_h2,tv_sir,0,33.4642764074282,9.595982794217437e-07
40,0.045,4,5,gic_pred,ude_sir_h2,tv_sir,0,1.6140567143872886,0.6179260066690109
40,0.045,4,5,gic_evid,ude_sir_h2,tv_sir,0,13.380462359462513,0.009547826162833343
40,0.045,4,5,gic_eff_logn,ude_sir_h2,tv_sir,0,7.266221594931039,0.11965478102408728
40,0.045,4,6,aic,ude_sir_h2,tv_sir,0,4.327618174315944,0.3317353907658743
40,0.045,4,6,aicc,ude_sir_h2,tv_sir,0,5.853337441970666,0.20101508074991314
40,0.045,4,6,bic,ude_sir_h2,tv_sir,0,25.853834880952718,3.3866094246564e-05
40,0.045,4,6,gic_pred,ude_sir_h2,ude_sir_h2,1,5.8602513787642465,0.20095999429634523
40,0.045,4,6,gic_evid,ude_sir_h2,tv_sir,0,7.531416038523048,0.10809533713674371
40,0.045,4,6,gic_eff_logn,ude_sir_h2,tv_sir,0,0.0012304865475698534,0.6932315085136669
40,0.045,4,7,aic,ude_sir_h2,tv_sir,0,0.36410889921239686,0.6890289358596462
40,0.045,4,7,aicc,ude_sir_h2,tv_sir,0,1.8898281668671757,0.592870053714259
40,0.045,4,7,bic,ude_sir_h2,tv_sir,0,21.89032560584917,0.0002107467739223004
40,0.045,4,7,gic_pred,ude_sir_h2,ude_sir_h2,1,9.588451685238851,0.04777957060023433
40,0.045,4,7,gic_evid,ude_sir_h2,tv_sir,0,3.2477722832878158,0.44733268392730263
40,0.045,4,7,gic_eff_logn,ude_sir_h2,ude_sir_h2,1,3.365161830518332,0.4343293684110998
40,0.045,4,8,aic,ude_sir_h2,tv_sir,0,6.319191390516949,0.1702093677022088
40,0.045,4,8,aicc,ude_sir_h2,tv_sir,0,7.8449106581716705,0.09572731519475568
40,0.045,4,8,bic,ude_sir_h2,tv_sir,0,27.845408097153722,1.3405826915438407e-05
40,0.045,4,8,gic_pred,ude_sir_h2,ude_sir_h2,1,3.742929905771234,0.3927537574181958
40,0.045,4,8,gic_evid,ude_sir_h2,tv_sir,0,8.705623620391634,0.0680997401924592
40,0.045,4,8,gic_eff_logn,ude_sir_h2,tv_sir,0,2.311900832839683,0.5503928844020485
40,0.045,4,9,aic,ude_sir_h2,ude_sir_h2,1,0.534699143552757,0.6845884793221053
40,0.045,4,9,aicc,ude_sir_h2,tv_sir,0,0.9910201241019649,0.6634967480910907
40,0.045,4,9,bic,ude_sir_h2,tv_sir,0,20.991517563084017,0.00031788973614739317
40,0.045,4,9,gic_pred,ude_sir_h2,ude_sir_h2,1,10.486196886062203,0.03638047187923182
40,0.045,4,9,gic_evid,ude_sir_h2,tv_sir,0,2.465180435192849,0.5340631767750543
40,0.045,4,9,gic_eff_logn,ude_sir_h2,ude_sir_h2,1,4.2612728194871465,0.3393450969556708
40,0.045,4,10,aic,ude_sir_h2,tv_sir,0,8.247406113144848,0.08173190971175484
40,0.045,4,10,aicc,ude_sir_h2,tv_sir,0,9.77312538079957,0.04412317398491002
40,0.045,4,10,bic,ude_sir_h2,tv_sir,0,29.77362281978162,5.442225685415833e-06
40,0.045,4,10,gic_pred,ude_sir_h2,ude_sir_h2,1,1.8886932734990296,0.592977015653317
40,0.045,4,10,gic_evid,ude_sir_h2,tv_sir,0,11.63521469123043,0.020224690106283565
40,0.045,4,10,gic_eff_logn,ude_sir_h2,tv_sir,0,4.05238972193024,0.35985252548605784
40,0.045,4,11,aic,ude_sir_h2,ude_sir_h2,1,11.040795604571997,0.026044445885946857
40,0.045,4,11,aicc,ude_sir_h2,ude_sir_h2,1,9.515076336917218,0.04907246155603526
40,0.045,4,11,bic,ude_sir_h2,tv_sir,0,10.485421102064777,0.03283877008100484
40,0.045,4,11,gic_pred,ude_sir_h2,ude_sir_h2,1,21.257487796993814,0.000544421284439255
40,0.045,4,11,gic_evid,ude_sir_h2,ude_sir_h2,1,7.081526347457782,0.12833772069940688
40,0.045,4,11,gic_eff_logn,ude_sir_h2,ude_sir_h2,1,15.440323244576916,0.003966531973495203
40,0.045,4,12,aic,ude_sir_h2,tv_sir,0,2.6629192903170633,0.5130783208229772
40,0.045,4,12,aicc,ude_sir_h2,tv_sir,0,4.188638557971785,0.3459737551788801
40,0.045,4,12,bic,ude_sir_h2,tv_sir,0,24.189135996953837,7.319592707862825e-05
40,0.045,4,12,gic_pred,ude_sir_h2,ude_sir_h2,1,7.453690501339679,0.13142527316246588
40,0.045,4,12,gic_evid,ude_sir_h2,tv_sir,0,6.370091151378801,0.16709269856663203
40,0.045,4,12,gic_eff_logn,ude_sir_h2,ude_sir_h2,1,1.4826405598232668,0.6357006413109241
40,0.045,4,13,aic,ude_sir_h2,tv_sir,0,7.719463052669994,0.10051484091856291
40,0.045,4,13,aicc,ude_sir_h2,tv_sir,0,9.245182320324716,0.054764891626203356
40,0.045,4,13,bic,ude_sir_h2,tv_sir,0,29.245679759306768,6.968529297881573e-06
40,0.045,4,13,gic_pred,ude_sir_h2,ude_sir_h2,1,2.28777945833815,0.5530045602118427
40,0.045,4,13,gic_evid,ude_sir_h2,tv_sir,0,11.420803403799766,0.022152557454422784
40,0.045,4,13,gic_eff_logn,ude_sir_h2,tv_sir,0,3.851432182025121,0.38108777700696894
40,0.045,4,14,aic,ude_sir_h2,ude_sir_h2,1,1.820571773409597,0.6032434469308232
40,0.045,4,14,aicc,ude_sir_h2,ude_sir_h2,1,0.294852505754875,0.6922559961356536
40,0.045,4,14,bic,ude_sir_h2,tv_sir,0,19.705644933227177,0.0005708218091601859
40,0.045,4,14,gic_pred,ude_sir_h2,ude_sir_h2,1,9.78003395589326,0.06242411503888396
40,0.045,4,14,gic_evid,ude_sir_h2,tv_sir,0,4.4415919595980995,0.3204407839501403
40,0.045,4,14,gic_eff_logn,ude_sir_h2,ude_sir_h2,1,5.678690083778804,0.2327725433086721
40,0.045,4,15,aic,ude_sir_h2,ude_sir_h2,1,12.049637478323007,0.029582943142175303
40,0.045,4,15,aicc,ude_sir_h2,ude_sir_h2,1,10.523918210668285,0.04007836320817203
40,0.045,4,15,bic,ude_sir_h2,tv_sir,0,9.476579228313767,0.04983518784631647
40,0.045,4,15,gic_pred,ude_sir_h2,ude_sir_h2,1,7.6650665866083045,0.10288541095244441
40,0.045,4,15,gic_evid,ude_sir_h2,ude_sir_h2,1,6.367312819668371,0.1672615829783275
40,0.045,4,15,gic_eff_logn,ude_sir_h2,ude_sir_h2,1,9.11340391668864,0.06263509594772787
40,0.045,4,16,aic,ude_sir_h2,tv_sir,0,7.311956090457443,0.11758581534801081
40,0.045,4,16,aicc,ude_sir_h2,tv_sir,0,8.837675358112165,0.0645815929641222
40,0.045,4,16,bic,ude_sir_h2,tv_sir,0,28.838172797094217,8.431964229340731e-06
40,0.045,4,16,gic_pred,ude_sir_h2,ude_sir_h2,1,2.9046573649626453,0.4857091744601654
40,0.045,4,16,gic_evid,ude_sir_h2,tv_sir,0,10.193950464328964,0.03707624949553539
40,0.045,4,16,gic_eff_logn,ude_sir_h2,tv_sir,0,2.9126282524371163,0.48481625239897475
40,0.045,4,17,aic,ude_sir_h2,tv_sir,0,8.12646771727077,0.08572707961927044
40,0.045,4,17,aicc,ude_sir_h2,tv_sir,0,9.652186984925493,0.04637265566871315
40,0.045,4,17,bic,ude_sir_h2,tv_sir,0,29.652684423907544,5.759486441050223e-06
40,0.045,4,17,gic_pred,ude_sir_h2,ude_sir_h2,1,2.1862536238865005,0.5635256986998967
40,0.045,4,17,gic_evid,ude_sir_h2,tv_sir,0,9.43806106504212,0.05062357520529736
40,0.045,4,17,gic_eff_logn,ude_sir_h2,tv_sir,0,3.4832577666853695,0.42116101775370196
40,0.045,4,18,aic,ude_sir_h2,tv_sir,0,12.487270470169051,0.014047408411451925
40,0.045,4,18,aicc,ude_sir_h2,tv_sir,0,14.012989737823773,0.007247563500354869
40,0.045,4,18,bic,ude_sir_h2,tv_sir,0,34.013487176805825,7.404577315001571e-07
40,0.045,4,18,gic_pred,ude_sir_h2,tv_sir,0,2.0883597917452335,0.573432178722868
40,0.045,4,18,gic_evid,ude_sir_h2,tv_sir,0,14.428209840466025,0.006042465270355656
40,0.045,4,18,gic_eff_logn,ude_sir_h2,tv_sir,0,7.625347585759869,0.1042472129163389
40,0.045,4,19,aic,ude_sir_h2,ude_sir_h2,1,0.12651510572322877,0.6926654507169235
40,0.045,4,19,aicc,ude_sir_h2,tv_sir,0,1.3992041619314932,0.635523580244535
40,0.045,4,19,bic,ude_sir_h2,tv_sir,0,21.399701600913545,0.0002638060900345731
40,0.045,4,19,gic_pred,ude_sir_h2,ude_sir_h2,1,10.150009683676672,0.03810748383352074
40,0.045,4,19,gic_evid,ude_sir_h2,tv_sir,0,4.456060282553153,0.31902378028159073
40,0.045,4,19,gic_eff_logn,ude_sir_h2,ude_sir_h2,1,4.035787008670127,0.3617351464420991
