scenario,seed,criterion,truth,selected,correct
early_seir_infected_only,0,aic,seir,sir,0
early_seir_infected_only,0,aicc,seir,sir,0
early_seir_infected_only,0,bic,seir,sir,0
early_seir_infected_only,0,gic_eff,seir,seir,1
early_seir_infected_only,0,gic_vol_025,seir,seir,1
early_seir_infected_only,0,gic_vol_050,seir,seir,1
early_seir_infected_only,0,gic_vol_100,seir,seir,1
early_seir_infected_only,0,ogic_e,seir,seir,1
early_seir_infected_only,1,aic,seir,seir,1
early_seir_infected_only,1,aicc,seir,sir,0
early_seir_infected_only,1,bic,seir,sir,0
early_seir_infected_only,1,gic_eff,seir,seir,1
early_seir_infected_only,1,gic_vol_025,seir,seir,1
early_seir_infected_only,1,gic_vol_050,seir,seir,1
early_seir_infected_only,1,gic_vol_100,seir,seir,1
early_seir_infected_only,1,ogic_e,seir,seir,1
early_seir_infected_only,2,aic,seir,seir,1
early_seir_infected_only,2,aicc,seir,sir,0
early_seir_infected_only,2,bic,seir,sir,0
early_seir_infected_only,2,gic_eff,seir,seir,1
early_seir_infected_only,2,gic_vol_025,seir,seir,1
early_seir_infected_only,2,gic_vol_050,seir,seir,1
early_seir_infected_only,2,gic_vol_100,seir,seir,1
early_seir_infected_only,2,ogic_e,seir,seir,1
early_seir_infected_only,3,aic,seir,sir,0
early_seir_infected_only,3,aicc,seir,sir,0
early_seir_infected_only,3,bic,seir,sir,0
early_seir_infected_only,3,gic_eff,seir,sir,0
early_seir_infected_only,3,gic_vol_025,seir,sir,0
early_seir_infected_only,3,gic_vol_050,seir,sir,0
early_seir_infected_only,3,gic_vol_100,seir,seir,1
early_seir_infected_only,3,ogic_e,seir,sir,0
early_seir_infected_only,4,aic,seir,seir,1
early_seir_infected_only,4,aicc,seir,sir,0
early_seir_infected_only,4,bic,seir,sir,0
early_seir_infected_only,4,gic_eff,seir,seir,1
early_seir_infected_only,4,gic_vol_025,seir,seir,1
early_seir_infected_only,4,gic_vol_050,seir,seir,1
early_seir_infected_only,4,gic_vol_100,seir,seir,1
early_seir_infected_only,4,ogic_e,seir,seir,1
early_seir_infected_only,5,aic,seir,sir,0
early_seir_infected_only,5,aicc,seir,sir,0
early_seir_infected_only,5,bic,seir,sir,0
early_seir_infected_only,5,gic_eff,seir,ude_sir_h2,0
early_seir_infected_only,5,gic_vol_025,seir,sir,0
early_seir_infected_only,5,gic_vol_050,seir,sir,0
early_seir_infected_only,5,gic_vol_100,seir,seir,1
early_seir_infected_only,5,ogic_e,seir,seir,1
early_seir_infected_only,6,aic,seir,seir,1
early_seir_infected_only,6,aicc,seir,sir,0
early_seir_infected_only,6,bic,seir,seir,1
early_seir_infected_only,6,gic_eff,seir,seir,1
early_seir_infected_only,6,gic_vol_025,seir,seir,1
early_seir_infected_only,6,gic_vol_050,seir,seir,1
early_seir_infected_only,6,gic_vol_100,seir,seir,1
early_seir_infected_only,6,ogic_e,seir,seir,1
early_seir_infected_only,7,aic,seir,sir,0
early_seir_infected_only,7,aicc,seir,sir,0
early_seir_infected_only,7,bic,seir,sir,0
early_seir_infected_only,7,gic_eff,seir,ude_sir_h2,0
early_seir_infected_only,7,gic_vol_025,seir,sir,0
early_seir_infected_only,7,gic_vol_050,seir,sir,0
early_seir_infected_only,7,gic_vol_100,seir,seir,1
early_seir_infected_only,7,ogic_e,seir,seir,1
early_seir_infected_only,8,aic,seir,sir,0
early_seir_infected_only,8,aicc,seir,sir,0
early_seir_infected_only,8,bic,seir,sir,0
early_seir_infected_only,8,gic_eff,seir,seir,1
early_seir_infected_only,8,gic_vol_025,seir,seir,1
early_seir_infected_only,8,gic_vol_050,seir,seir,1
early_seir_infected_only,8,gic_vol_100,seir,seir,1
early_seir_infected_only,8,ogic_e,seir,seir,1
early_seir_infected_only,9,aic,seir,sir,0
early_seir_infected_only,9,aicc,seir,sir,0
early_seir_infected_only,9,bic,seir,sir,0
early_seir_infected_only,9,gic_eff,seir,seir,1
early_seir_infected_only,9,gic_vol_025,seir,seir,1
early_seir_infected_only,9,gic_vol_050,seir,seir,1
early_seir_infected_only,9,gic_vol_100,seir,seir,1
early_seir_infected_only,9,ogic_e,seir,sir,0
early_seir_infected_only,10,aic,seir,sir,0
early_seir_infected_only,10,aicc,seir,sir,0
early_seir_infected_only,10,bic,seir,sir,0
early_seir_infected_only,10,gic_eff,seir,ude_sir_h2,0
early_seir_infected_only,10,gic_vol_025,seir,sir,0
early_seir_infected_only,10,gic_vol_050,seir,seir,1
early_seir_infected_only,10,gic_vol_100,seir,seir,1
early_seir_infected_only,10,ogic_e,seir,seir,1
early_seir_infected_only,11,aic,seir,sir,0
early_seir_infected_only,11,aicc,seir,sir,0
early_seir_infected_only,11,bic,seir,sir,0
early_seir_infected_only,11,gic_eff,seir,ude_sir_h2,0
early_seir_infected_only,11,gic_vol_025,seir,seir,1
early_seir_infected_only,11,gic_vol_050,seir,seir,1
early_seir_infected_only,11,gic_vol_100,seir,seir,1
early_seir_infected_only,11,ogic_e,seir,seir,1
early_seir_infected_only,12,aic,seir,sir,0
early_seir_infected_only,12,aicc,seir,sir,0
early_seir_infected_only,12,bic,seir,sir,0
early_seir_infected_only,12,gic_eff,seir,sir,0
early_seir_infected_only,12,gic_vol_025,seir,sir,0
early_seir_infected_only,12,gic_vol_050,seir,sir,0
early_seir_infected_only,12,gic_vol_100,seir,sir,0
early_seir_infected_only,12,ogic_e,seir,sir,0
early_seir_infected_only,13,aic,seir,sir,0
early_seir_infected_only,13,aicc,seir,sir,0
early_seir_infected_only,13,bic,seir,sir,0
early_seir_infected_only,13,gic_eff,seir,seir,1
early_seir_infected_only,13,gic_vol_025,seir,seir,1
early_seir_infected_only,13,gic_vol_050,seir,seir,1
early_seir_infected_only,13,gic_vol_100,seir,seir,1
early_seir_infected_only,13,ogic_e,seir,seir,1
early_seir_infected_only,14,aic,seir,sir,0
early_seir_infected_only,14,aicc,seir,sir,0
early_seir_infected_only,14,bic,seir,sir,0
early_seir_infected_only,14,gic_eff,seir,sir,0
early_seir_infected_only,14,gic_vol_025,seir,sir,0
early_seir_infected_only,14,gic_vol_050,seir,sir,0
early_seir_infected_only,14,gic_vol_100,seir,seir,1
early_seir_infected_only,14,ogic_e,seir,seir,1
early_seir_infected_only,15,aic,seir,sir,0
early_seir_infected_only,15,aicc,seir,sir,0
early_seir_infected_only,15,bic,seir,sir,0
early_seir_infected_only,15,gic_eff,seir,ude_sir_h2,0
early_seir_infected_only,15,gic_vol_025,seir,sir,0
early_seir_infected_only,15,gic_vol_050,seir,sir,0
early_seir_infected_only,15,gic_vol_100,seir,sir,0
early_seir_infected_only,15,ogic_e,seir,seir,1
early_seir_infected_only,16,aic,seir,sir,0
early_seir_infected_only,16,aicc,seir,sir,0
early_seir_infected_only,16,bic,seir,sir,0
early_seir_infected_only,16,gic_eff,seir,sir,0
early_seir_infected_only,16,gic_vol_025,seir,sir,0
early_seir_infected_only,16,gic_vol_050,seir,seir,1
early_seir_infected_only,16,gic_vol_100,seir,seir,1
early_seir_infected_only,16,ogic_e,seir,seir,1
early_seir_infected_only,17,aic,seir,sir,0
early_seir_infected_only,17,aicc,seir,sir,0
early_seir_infected_only,17,bic,seir,sir,0
early_seir_infected_only,17,gic_eff,seir,seir,1
early_seir_infected_only,17,gic_vol_025,seir,seir,1
early_seir_infected_only,17,gic_vol_050,seir,seir,1
early_seir_infected_only,17,gic_vol_100,seir,seir,1
early_seir_infected_only,17,ogic_e,seir,seir,1
early_seir_infected_only,18,aic,seir,sir,0
early_seir_infected_only,18,aicc,seir,sir,0
early_seir_infected_only,18,bic,seir,sir,0
early_seir_infected_only,18,gic_eff,seir,seir,1
early_seir_infected_only,18,gic_vol_025,seir,seir,1
early_seir_infected_only,18,gic_vol_050,seir,seir,1
early_seir_infected_only,18,gic_vol_100,seir,seir,1
early_seir_infected_only,18,ogic_e,seir,seir,1
early_seir_infected_only,19,aic,seir,sir,0
early_seir_infected_only,19,aicc,seir,sir,0
early_seir_infected_only,19,bic,seir,sir,0
early_seir_infected_only,19,gic_eff,seir,ude_sir_h2,0
early_seir_infected_only,19,gic_vol_025,seir,sir,0
early_seir_infected_only,19,gic_vol_050,seir,sir,0
early_seir_infected_only,19,gic_vol_100,seir,sir,0
early_seir_infected_only,19,ogic_e,seir,seir,1
early_seir_infected_only,20,aic,seir,tv_sir,0
early_seir_infected_only,20,aicc,seir,sir,0
early_seir_infected_only,20,bic,seir,tv_sir,0
early_seir_infected_only,20,gic_eff,seir,ude_sir_h2,0
early_seir_infected_only,20,gic_vol_025,seir,ude_sir_h2,0
early_seir_infected_only,20,gic_vol_050,seir,seir,1
early_seir_infected_only,20,gic_vol_100,seir,seir,1
early_seir_infected_only,20,ogic_e,seir,seir,1
early_seir_infected_only,21,aic,seir,sir,0
early_seir_infected_only,21,aicc,seir,sir,0
early_seir_infected_only,21,bic,seir,sir,0
early_seir_infected_only,21,gic_eff,seir,sir,0
early_seir_infected_only,21,gic_vol_025,seir,sir,0
early_seir_infected_only,21,gic_vol_050,seir,sir,0
early_seir_infected_only,21,gic_vol_100,seir,seir,1
early_seir_infected_only,21,ogic_e,seir,seir,1
early_seir_infected_only,22,aic,seir,sir,0
early_seir_infected_only,22,aicc,seir,sir,0
early_seir_infected_only,22,bic,seir,sir,0
early_seir_infected_only,22,gic_eff,seir,sir,0
early_seir_infected_only,22,gic_vol_025,seir,sir,0
early_seir_infected_only,22,gic_vol_050,seir,seir,1
early_seir_infected_only,22,gic_vol_100,seir,seir,1
early_seir_infected_only,22,ogic_e,seir,seir,1
early_seir_infected_only,23,aic,seir,sir,0
early_seir_infected_only,23,aicc,seir,sir,0
early_seir_infected_only,23,bic,seir,sir,0
early_seir_infected_only,23,gic_eff,seir,seir,1
early_seir_infected_only,23,gic_vol_025,seir,seir,1
early_seir_infected_only,23,gic_vol_050,seir,seir,1
early_seir_infected_only,23,gic_vol_100,seir,seir,1
early_seir_infected_only,23,ogic_e,seir,seir,1
early_seir_infected_only,24,aic,seir,sir,0
early_seir_infected_only,24,aicc,seir,sir,0
early_seir_infected_only,24,bic,seir,sir,0
early_seir_infected_only,24,gic_eff,seir,sir,0
early_seir_infected_only,24,gic_vol_025,seir,sir,0
early_seir_infected_only,24,gic_vol_050,seir,sir,0
early_seir_infected_only,24,gic_vol_100,seir,seir,1
early_seir_infected_only,24,ogic_e,seir,seir,1
early_seir_infected_only,25,aic,seir,sir,0
early_seir_infected_only,25,aicc,seir,sir,0
early_seir_infected_only,25,bic,seir,sir,0
early_seir_infected_only,25,gic_eff,seir,sir,0
early_seir_infected_only,25,gic_vol_025,seir,sir,0
early_seir_infected_only,25,gic_vol_050,seir,sir,0
early_seir_infected_only,25,gic_vol_100,seir,sir,0
early_seir_infected_only,25,ogic_e,seir,sir,0
early_seir_infected_only,26,aic,seir,sir,0
early_seir_infected_only,26,aicc,seir,sir,0
early_seir_infected_only,26,bic,seir,sir,0
early_seir_infected_only,26,gic_eff,seir,seir,1
early_seir_infected_only,26,gic_vol_025,seir,seir,1
early_seir_infected_only,26,gic_vol_050,seir,seir,1
early_seir_infected_only,26,gic_vol_100,seir,seir,1
early_seir_infected_only,26,ogic_e,seir,seir,1
early_seir_infected_only,27,aic,seir,sir,0
early_seir_infected_only,27,aicc,seir,sir,0
early_seir_infected_only,27,bic,seir,sir,0
early_seir_infected_only,27,gic_eff,seir,seir,1
early_seir_infected_only,27,gic_vol_025,seir,seir,1
early_seir_infected_only,27,gic_vol_050,seir,seir,1
early_seir_infected_only,27,gic_vol_100,seir,seir,1
early_seir_infected_only,27,ogic_e,seir,seir,1
early_seir_infected_only,28,aic,seir,sir,0
early_seir_infected_only,28,aicc,seir,sir,0
early_seir_infected_only,28,bic,seir,sir,0
early_seir_infected_only,28,gic_eff,seir,seir,1
early_seir_infected_only,28,gic_vol_025,seir,seir,1
early_seir_infected_only,28,gic_vol_050,seir,seir,1
early_seir_infected_only,28,gic_vol_100,seir,seir,1
early_seir_infected_only,28,ogic_e,seir,seir,1
early_seir_infected_only,29,aic,seir,tv_sir,0
early_seir_infected_only,29,aicc,seir,tv_sir,0
early_seir_infected_only,29,bic,seir,tv_sir,0
early_seir_infected_only,29,gic_eff,seir,tv_sir,0
early_seir_infected_only,29,gic_vol_025,seir,seir,1
early_seir_infected_only,29,gic_vol_050,seir,seir,1
early_seir_infected_only,29,gic_vol_100,seir,seir,1
early_seir_infected_only,29,ogic_e,seir,seir,1
early_seir_infected_only,30,aic,seir,seir,1
early_seir_infected_only,30,aicc,seir,seir,1
early_seir_infected_only,30,bic,seir,seir,1
early_seir_infected_only,30,gic_eff,seir,seir,1
early_seir_infected_only,30,gic_vol_025,seir,seir,1
early_seir_infected_only,30,gic_vol_050,seir,seir,1
early_seir_infected_only,30,gic_vol_100,seir,seir,1
early_seir_infected_only,30,ogic_e,seir,seir,1
early_seir_infected_only,31,aic,seir,sir,0
early_seir_infected_only,31,aicc,seir,sir,0
early_seir_infected_only,31,bic,seir,sir,0
early_seir_infected_only,31,gic_eff,seir,sir,0
early_seir_infected_only,31,gic_vol_025,seir,sir,0
early_seir_infected_only,31,gic_vol_050,seir,sir,0
early_seir_infected_only,31,gic_vol_100,seir,seir,1
early_seir_infected_only,31,ogic_e,seir,seir,1
early_seir_infected_only,32,aic,seir,sir,0
early_seir_infected_only,32,aicc,seir,sir,0
early_seir_infected_only,32,bic,seir,sir,0
early_seir_infected_only,32,gic_eff,seir,seir,1
early_seir_infected_only,32,gic_vol_025,seir,seir,1
early_seir_infected_only,32,gic_vol_050,seir,seir,1
early_seir_infected_only,32,gic_vol_100,seir,seir,1
early_seir_infected_only,32,ogic_e,seir,seir,1
early_seir_infected_only,33,aic,seir,sir,0
early_seir_infected_only,33,aicc,seir,sir,0
early_seir_infected_only,33,bic,seir,sir,0
early_seir_infected_only,33,gic_eff,seir,neural_ode_h2,0
early_seir_infected_only,33,gic_vol_025,seir,seir,1
early_seir_infected_only,33,gic_vol_050,seir,seir,1
early_seir_infected_only,33,gic_vol_100,seir,seir,1
early_seir_infected_only,33,ogic_e,seir,seir,1
early_seir_infected_only,34,aic,seir,sir,0
early_seir_infected_only,34,aicc,seir,sir,0
early_seir_infected_only,34,bic,seir,sir,0
early_seir_infected_only,34,gic_eff,seir,ude_sir_h2,0
early_seir_infected_only,34,gic_vol_025,seir,sir,0
early_seir_infected_only,34,gic_vol_050,seir,sir,0
early_seir_infected_only,34,gic_vol_100,seir,seir,1
early_seir_infected_only,34,ogic_e,seir,seir,1
early_seir_infected_only,35,aic,seir,sir,0
early_seir_infected_only,35,aicc,seir,sir,0
early_seir_infected_only,35,bic,seir,sir,0
early_seir_infected_only,35,gic_eff,seir,seir,1
early_seir_infected_only,35,gic_vol_025,seir,seir,1
early_seir_infected_only,35,gic_vol_050,seir,seir,1
early_seir_infected_only,35,gic_vol_100,seir,seir,1
early_seir_infected_only,35,ogic_e,seir,seir,1
early_seir_infected_only,36,aic,seir,seir,1
early_seir_infected_only,36,aicc,seir,seir,1
early_seir_infected_only,36,bic,seir,seir,1
early_seir_infected_only,36,gic_eff,seir,seir,1
early_seir_infected_only,36,gic_vol_025,seir,seir,1
early_seir_infected_only,36,gic_vol_050,seir,seir,1
early_seir_infected_only,36,gic_vol_100,seir,seir,1
early_seir_infected_only,36,ogic_e,seir,seir,1
early_seir_infected_only,37,aic,seir,sir,0
early_seir_infected_only,37,aicc,seir,sir,0
early_seir_infected_only,37,bic,seir,sir,0
early_seir_infected_only,37,gic_eff,seir,seir,1
early_seir_infected_only,37,gic_vol_025,seir,seir,1
early_seir_infected_only,37,gic_vol_050,seir,seir,1
early_seir_infected_only,37,gic_vol_100,seir,seir,1
early_seir_infected_only,37,ogic_e,seir,seir,1
early_seir_infected_only,38,aic,seir,sir,0
early_seir_infected_only,38,aicc,seir,sir,0
early_seir_infected_only,38,bic,seir,sir,0
early_seir_infected_only,38,gic_eff,seir,seir,1
early_seir_infected_only,38,gic_vol_025,seir,seir,1
early_seir_infected_only,38,gic_vol_050,seir,seir,1
early_seir_infected_only,38,gic_vol_100,seir,seir,1
early_seir_infected_only,38,ogic_e,seir,seir,1
early_seir_infected_only,39,aic,seir,sir,0
early_seir_infected_only,39,aicc,seir,sir,0
early_seir_infected_only,39,bic,seir,sir,0
early_seir_infected_only,39,gic_eff,seir,sir,0
early_seir_infected_only,39,gic_vol_025,seir,sir,0
early_seir_infected_only,39,gic_vol_050,seir,sir,0
early_seir_infected_only,39,gic_vol_100,seir,seir,1
early_seir_infected_only,39,ogic_e,seir,seir,1
early_seir_infected_only,40,aic,seir,sir,0
early_seir_infected_only,40,aicc,seir,sir,0
early_seir_infected_only,40,bic,seir,sir,0
early_seir_infected_only,40,gic_eff,seir,sir,0
early_seir_infected_only,40,gic_vol_025,seir,sir,0
early_seir_infected_only,40,gic_vol_050,seir,sir,0
early_seir_infected_only,40,gic_vol_100,seir,seir,1
early_seir_infected_only,40,ogic_e,seir,seir,1
early_seir_infected_only,41,aic,seir,sir,0
early_seir_infected_only,41,aicc,seir,sir,0
early_seir_infected_only,41,bic,seir,sir,0
early_seir_infected_only,41,gic_eff,seir,sir,0
early_seir_infected_only,41,gic_vol_025,seir,sir,0
early_seir_infected_only,41,gic_vol_050,seir,sir,0
early_seir_infected_only,41,gic_vol_100,seir,sir,0
early_seir_infected_only,41,ogic_e,seir,sir,0
early_seir_infected_only,42,aic,seir,sir,0
early_seir_infected_only,42,aicc,seir,sir,0
early_seir_infected_only,42,bic,seir,sir,0
early_seir_infected_only,42,gic_eff,seir,ude_sir_h2,0
early_seir_infected_only,42,gic_vol_025,seir,sir,0
early_seir_infected_only,42,gic_vol_050,seir,sir,0
early_seir_infected_only,42,gic_vol_100,seir,sir,0
early_seir_infected_only,42,ogic_e,seir,seir,1
early_seir_infected_only,43,aic,seir,sir,0
early_seir_infected_only,43,aicc,seir,sir,0
early_seir_infected_only,43,bic,seir,sir,0
early_seir_infected_only,43,gic_eff,seir,seir,1
early_seir_infected_only,43,gic_vol_025,seir,seir,1
early_seir_infected_only,43,gic_vol_050,seir,seir,1
early_seir_infected_only,43,gic_vol_100,seir,seir,1
early_seir_infected_only,43,ogic_e,seir,seir,1
early_seir_infected_only,44,aic,seir,tv_sir,0
early_seir_infected_only,44,aicc,seir,tv_sir,0
early_seir_infected_only,44,bic,seir,tv_sir,0
early_seir_infected_only,44,gic_eff,seir,tv_sir,0
early_seir_infected_only,44,gic_vol_025,seir,tv_sir,0
early_seir_infected_only,44,gic_vol_050,seir,seir,1
early_seir_infected_only,44,gic_vol_100,seir,seir,1
early_seir_infected_only,44,ogic_e,seir,seir,1
early_seir_infected_only,45,aic,seir,sir,0
early_seir_infected_only,45,aicc,seir,sir,0
early_seir_infected_only,45,bic,seir,sir,0
early_seir_infected_only,45,gic_eff,seir,sir,0
early_seir_infected_only,45,gic_vol_025,seir,sir,0
early_seir_infected_only,45,gic_vol_050,seir,sir,0
early_seir_infected_only,45,gic_vol_100,seir,seir,1
early_seir_infected_only,45,ogic_e,seir,seir,1
early_seir_infected_only,46,aic,seir,seir,1
early_seir_infected_only,46,aicc,seir,sir,0
early_seir_infected_only,46,bic,seir,seir,1
early_seir_infected_only,46,gic_eff,seir,seir,1
early_seir_infected_only,46,gic_vol_025,seir,seir,1
early_seir_infected_only,46,gic_vol_050,seir,seir,1
early_seir_infected_only,46,gic_vol_100,seir,seir,1
early_seir_infected_only,46,ogic_e,seir,seir,1
early_seir_infected_only,47,aic,seir,sir,0
early_seir_infected_only,47,aicc,seir,sir,0
early_seir_infected_only,47,bic,seir,sir,0
early_seir_infected_only,47,gic_eff,seir,sir,0
early_seir_infected_only,47,gic_vol_025,seir,sir,0
early_seir_infected_only,47,gic_vol_050,seir,sir,0
early_seir_infected_only,47,gic_vol_100,seir,sir,0
early_seir_infected_only,47,ogic_e,seir,sir,0
early_seir_infected_only,48,aic,seir,tv_sir,0
early_seir_infected_only,48,aicc,seir,sir,0
early_seir_infected_only,48,bic,seir,seir,1
early_seir_infected_only,48,gic_eff,seir,seir,1
early_seir_infected_only,48,gic_vol_025,seir,seir,1
early_seir_infected_only,48,gic_vol_050,seir,seir,1
early_seir_infected_only,48,gic_vol_100,seir,seir,1
early_seir_infected_only,48,ogic_e,seir,seir,1
early_seir_infected_only,49,aic,seir,tv_sir,0
early_seir_infected_only,49,aicc,seir,seir,1
early_seir_infected_only,49,bic,seir,tv_sir,0
early_seir_infected_only,49,gic_eff,seir,ude_sir_h2,0
early_seir_infected_only,49,gic_vol_025,seir,seir,1
early_seir_infected_only,49,gic_vol_050,seir,seir,1
early_seir_infected_only,49,gic_vol_100,seir,seir,1
early_seir_infected_only,49,ogic_e,seir,seir,1
early_seir_infected_only,50,aic,seir,sir,0
early_seir_infected_only,50,aicc,seir,sir,0
early_seir_infected_only,50,bic,seir,sir,0
early_seir_infected_only,50,gic_eff,seir,sir,0
early_seir_infected_only,50,gic_vol_025,seir,seir,1
early_seir_infected_only,50,gic_vol_050,seir,seir,1
early_seir_infected_only,50,gic_vol_100,seir,seir,1
early_seir_infected_only,50,ogic_e,seir,seir,1
early_seir_infected_only,51,aic,seir,sir,0
early_seir_infected_only,51,aicc,seir,sir,0
early_seir_infected_only,51,bic,seir,sir,0
early_seir_infected_only,51,gic_eff,seir,ude_sir_h2,0
early_seir_infected_only,51,gic_vol_025,seir,sir,0
early_seir_infected_only,51,gic_vol_050,seir,sir,0
early_seir_infected_only,51,gic_vol_100,seir,seir,1
early_seir_infected_only,51,ogic_e,seir,seir,1
early_seir_infected_only,52,aic,seir,sir,0
early_seir_infected_only,52,aicc,seir,sir,0
early_seir_infected_only,52,bic,seir,sir,0
early_seir_infected_only,52,gic_eff,seir,seir,1
early_seir_infected_only,52,gic_vol_025,seir,seir,1
early_seir_infected_only,52,gic_vol_050,seir,seir,1
early_seir_infected_only,52,gic_vol_100,seir,seir,1
early_seir_infected_only,52,ogic_e,seir,seir,1
early_seir_infected_only,53,aic,seir,sir,0
early_seir_infected_only,53,aicc,seir,sir,0
early_seir_infected_only,53,bic,seir,sir,0
early_seir_infected_only,53,gic_eff,seir,ude_sir_h2,0
early_seir_infected_only,53,gic_vol_025,seir,sir,0
early_seir_infected_only,53,gic_vol_050,seir,sir,0
early_seir_infected_only,53,gic_vol_100,seir,seir,1
early_seir_infected_only,53,ogic_e,seir,seir,1
early_seir_infected_only,54,aic,seir,sir,0
early_seir_infected_only,54,aicc,seir,sir,0
early_seir_infected_only,54,bic,seir,sir,0
early_seir_infected_only,54,gic_eff,seir,seir,1
early_seir_infected_only,54,gic_vol_025,seir,seir,1
early_seir_infected_only,54,gic_vol_050,seir,seir,1
early_seir_infected_only,54,gic_vol_100,seir,seir,1
early_seir_infected_only,54,ogic_e,seir,seir,1
early_seir_infected_only,55,aic,seir,sir,0
early_seir_infected_only,55,aicc,seir,sir,0
early_seir_infected_only,55,bic,seir,sir,0
early_seir_infected_only,55,gic_eff,seir,ude_sir_h2,0
early_seir_infected_only,55,gic_vol_025,seir,sir,0
early_seir_infected_only,55,gic_vol_050,seir,sir,0
early_seir_infected_only,55,gic_vol_100,seir,sir,0
early_seir_infected_only,55,ogic_e,seir,seir,1
early_seir_infected_only,56,aic,seir,sir,0
early_seir_infected_only,56,aicc,seir,sir,0
early_seir_infected_only,56,bic,seir,sir,0
early_seir_infected_only,56,gic_eff,seir,ude_sir_h2,0
early_seir_infected_only,56,gic_vol_025,seir,seir,1
early_seir_infected_only,56,gic_vol_050,seir,seir,1
early_seir_infected_only,56,gic_vol_100,seir,seir,1
early_seir_infected_only,56,ogic_e,seir,seir,1
early_seir_infected_only,57,aic,seir,sir,0
early_seir_infected_only,57,aicc,seir,sir,0
early_seir_infected_only,57,bic,seir,sir,0
early_seir_infected_only,57,gic_eff,seir,ude_sir_h2,0
early_seir_infected_only,57,gic_vol_025,seir,sir,0
early_seir_infected_only,57,gic_vol_050,seir,sir,0
early_seir_infected_only,57,gic_vol_100,seir,sir,0
early_seir_infected_only,57,ogic_e,seir,seir,1
early_seir_infected_only,58,aic,seir,sir,0
early_seir_infected_only,58,aicc,seir,sir,0
early_seir_infected_only,58,bic,seir,sir,0
early_seir_infected_only,58,gic_eff,seir,seir,1
early_seir_infected_only,58,gic_vol_025,seir,seir,1
early_seir_infected_only,58,gic_vol_050,seir,seir,1
early_seir_infected_only,58,gic_vol_100,seir,seir,1
early_seir_infected_only,58,ogic_e,seir,seir,1
early_seir_infected_only,59,aic,seir,sir,0
early_seir_infected_only,59,aicc,seir,sir,0
early_seir_infected_only,59,bic,seir,sir,0
early_seir_infected_only,59,gic_eff,seir,ude_sir_h2,0
early_seir_infected_only,59,gic_vol_025,seir,sir,0
early_seir_infected_only,59,gic_vol_050,seir,sir,0
early_seir_infected_only,59,gic_vol_100,seir,sir,0
early_seir_infected_only,59,ogic_e,seir,seir,1
early_seir_infected_only,60,aic,seir,sir,0
early_seir_infected_only,60,aicc,seir,sir,0
early_seir_infected_only,60,bic,seir,sir,0
early_seir_infected_only,60,gic_eff,seir,sir,0
early_seir_infected_only,60,gic_vol_025,seir,sir,0
early_seir_infected_only,60,gic_vol_050,seir,sir,0
early_seir_infected_only,60,gic_vol_100,seir,seir,1
early_seir_infected_only,60,ogic_e,seir,sir,0
early_seir_infected_only,61,aic,seir,tv_sir,0
early_seir_infected_only,61,aicc,seir,sir,0
early_seir_infected_only,61,bic,seir,sir,0
early_seir_infected_only,61,gic_eff,seir,tv_sir,0
early_seir_infected_only,61,gic_vol_025,seir,seir,1
early_seir_infected_only,61,gic_vol_050,seir,seir,1
early_seir_infected_only,61,gic_vol_100,seir,seir,1
early_seir_infected_only,61,ogic_e,seir,sir,0
early_seir_infected_only,62,aic,seir,sir,0
early_seir_infected_only,62,aicc,seir,sir,0
early_seir_infected_only,62,bic,seir,sir,0
early_seir_infected_only,62,gic_eff,seir,sir,0
early_seir_infected_only,62,gic_vol_025,seir,sir,0
early_seir_infected_only,62,gic_vol_050,seir,sir,0
early_seir_infected_only,62,gic_vol_100,seir,seir,1
early_seir_infected_only,62,ogic_e,seir,sir,0
early_seir_infected_only,63,aic,seir,seir,1
early_seir_infected_only,63,aicc,seir,sir,0
early_seir_infected_only,63,bic,seir,sir,0
early_seir_infected_only,63,gic_eff,seir,seir,1
early_seir_infected_only,63,gic_vol_025,seir,seir,1
early_seir_infected_only,63,gic_vol_050,seir,seir,1
early_seir_infected_only,63,gic_vol_100,seir,seir,1
early_seir_infected_only,63,ogic_e,seir,seir,1
early_seir_infected_only,64,aic,seir,sir,0
early_seir_infected_only,64,aicc,seir,sir,0
early_seir_infected_only,64,bic,seir,sir,0
early_seir_infected_only,64,gic_eff,seir,ude_sir_h2,0
early_seir_infected_only,64,gic_vol_025,seir,sir,0
early_seir_infected_only,64,gic_vol_050,seir,sir,0
early_seir_infected_only,64,gic_vol_100,seir,seir,1
early_seir_infected_only,64,ogic_e,seir,seir,1
early_seir_infected_only,65,aic,seir,sir,0
early_seir_infected_only,65,aicc,seir,sir,0
early_seir_infected_only,65,bic,seir,sir,0
early_seir_infected_only,65,gic_eff,seir,sir,0
early_seir_infected_only,65,gic_vol_025,seir,sir,0
early_seir_infected_only,65,gic_vol_050,seir,sir,0
early_seir_infected_only,65,gic_vol_100,seir,sir,0
early_seir_infected_only,65,ogic_e,seir,sir,0
early_seir_infected_only,66,aic,seir,sir,0
early_seir_infected_only,66,aicc,seir,sir,0
early_seir_infected_only,66,bic,seir,sir,0
early_seir_infected_only,66,gic_eff,seir,seir,1
early_seir_infected_only,66,gic_vol_025,seir,seir,1
early_seir_infected_only,66,gic_vol_050,seir,seir,1
early_seir_infected_only,66,gic_vol_100,seir,seir,1
early_seir_infected_only,66,ogic_e,seir,seir,1
early_seir_infected_only,67,aic,seir,tv_sir,0
early_seir_infected_only,67,aicc,seir,tv_sir,0
early_seir_infected_only,67,bic,seir,tv_sir,0
early_seir_infected_only,67,gic_eff,seir,tv_sir,0
early_seir_infected_only,67,gic_vol_025,seir,tv_sir,0
early_seir_infected_only,67,gic_vol_050,seir,seir,1
early_seir_infected_only,67,gic_vol_100,seir,seir,1
early_seir_infected_only,67,ogic_e,seir,seir,1
early_seir_infected_only,68,aic,seir,tv_sir,0
early_seir_infected_only,68,aicc,seir,tv_sir,0
early_seir_infected_only,68,bic,seir,tv_sir,0
early_seir_infected_only,68,gic_eff,seir,tv_sir,0
early_seir_infected_only,68,gic_vol_025,seir,tv_sir,0
early_seir_infected_only,68,gic_vol_050,seir,tv_sir,0
early_seir_infected_only,68,gic_vol_100,seir,seir,1
early_seir_infected_only,68,ogic_e,seir,tv_sir,0
early_seir_infected_only,69,aic,seir,sir,0
early_seir_infected_only,69,aicc,seir,sir,0
early_seir_infected_only,69,bic,seir,sir,0
early_seir_infected_only,69,gic_eff,seir,ude_sir_h2,0
early_seir_infected_only,69,gic_vol_025,seir,sir,0
early_seir_infected_only,69,gic_vol_050,seir,sir,0
early_seir_infected_only,69,gic_vol_100,seir,seir,1
early_seir_infected_only,69,ogic_e,seir,seir,1
early_seir_infected_only,70,aic,seir,tv_sir,0
early_seir_infected_only,70,aicc,seir,seir,1
early_seir_infected_only,70,bic,seir,tv_sir,0
early_seir_infected_only,70,gic_eff,seir,seir,1
early_seir_infected_only,70,gic_vol_025,seir,seir,1
early_seir_infected_only,70,gic_vol_050,seir,seir,1
early_seir_infected_only,70,gic_vol_100,seir,seir,1
early_seir_infected_only,70,ogic_e,seir,seir,1
early_seir_infected_only,71,aic,seir,seir,1
early_seir_infected_only,71,aicc,seir,sir,0
early_seir_infected_only,71,bic,seir,sir,0
early_seir_infected_only,71,gic_eff,seir,seir,1
early_seir_infected_only,71,gic_vol_025,seir,seir,1
early_seir_infected_only,71,gic_vol_050,seir,seir,1
early_seir_infected_only,71,gic_vol_100,seir,seir,1
early_seir_infected_only,71,ogic_e,seir,sir,0
early_seir_infected_only,72,aic,seir,sir,0
early_seir_infected_only,72,aicc,seir,sir,0
early_seir_infected_only,72,bic,seir,sir,0
early_seir_infected_only,72,gic_eff,seir,sir,0
early_seir_infected_only,72,gic_vol_025,seir,sir,0
early_seir_infected_only,72,gic_vol_050,seir,sir,0
early_seir_infected_only,72,gic_vol_100,seir,seir,1
early_seir_infected_only,72,ogic_e,seir,seir,1
early_seir_infected_only,73,aic,seir,sir,0
early_seir_infected_only,73,aicc,seir,sir,0
early_seir_infected_only,73,bic,seir,sir,0
early_seir_infected_only,73,gic_eff,seir,seir,1
early_seir_infected_only,73,gic_vol_025,seir,seir,1
early_seir_infected_only,73,gic_vol_050,seir,seir,1
early_seir_infected_only,73,gic_vol_100,seir,seir,1
early_seir_infected_only,73,ogic_e,seir,seir,1
early_seir_infected_only,74,aic,seir,sir,0
early_seir_infected_only,74,aicc,seir,sir,0
early_seir_infected_only,74,bic,seir,sir,0
early_seir_infected_only,74,gic_eff,seir,sir,0
early_seir_infected_only,74,gic_vol_025,seir,sir,0
early_seir_infected_only,74,gic_vol_050,seir,sir,0
early_seir_infected_only,74,gic_vol_100,seir,sir,0
early_seir_infected_only,74,ogic_e,seir,sir,0
early_seir_infected_only,75,aic,seir,sir,0
early_seir_infected_only,75,aicc,seir,sir,0
early_seir_infected_only,75,bic,seir,sir,0
early_seir_infected_only,75,gic_eff,seir,seir,1
early_seir_infected_only,75,gic_vol_025,seir,seir,1
early_seir_infected_only,75,gic_vol_050,seir,seir,1
early_seir_infected_only,75,gic_vol_100,seir,seir,1
early_seir_infected_only,75,ogic_e,seir,seir,1
early_seir_infected_only,76,aic,seir,sir,0
early_seir_infected_only,76,aicc,seir,sir,0
early_seir_infected_only,76,bic,seir,sir,0
early_seir_infected_only,76,gic_eff,seir,sir,0
early_seir_infected_only,76,gic_vol_025,seir,sir,0
early_seir_infected_only,76,gic_vol_050,seir,sir,0
early_seir_infected_only,76,gic_vol_100,seir,sir,0
early_seir_infected_only,76,ogic_e,seir,sir,0
early_seir_infected_only,77,aic,seir,sir,0
early_seir_infected_only,77,aicc,seir,sir,0
early_seir_infected_only,77,bic,seir,sir,0
early_seir_infected_only,77,gic_eff,seir,seir,1
early_seir_infected_only,77,gic_vol_025,seir,seir,1
early_seir_infected_only,77,gic_vol_050,seir,seir,1
early_seir_infected_only,77,gic_vol_100,seir,seir,1
early_seir_infected_only,77,ogic_e,seir,seir,1
early_seir_infected_only,78,aic,seir,sir,0
early_seir_infected_only,78,aicc,seir,sir,0
early_seir_infected_only,78,bic,seir,sir,0
early_seir_infected_only,78,gic_eff,seir,seir,1
early_seir_infected_only,78,gic_vol_025,seir,seir,1
early_seir_infected_only,78,gic_vol_050,seir,seir,1
early_seir_infected_only,78,gic_vol_100,seir,seir,1
early_seir_infected_only,78,ogic_e,seir,seir,1
early_seir_infected_only,79,aic,seir,sir,0
early_seir_infected_only,79,aicc,seir,sir,0
early_seir_infected_only,79,bic,seir,sir,0
early_seir_infected_only,79,gic_eff,seir,seir,1
early_seir_infected_only,79,gic_vol_025,seir,seir,1
early_seir_infected_only,79,gic_vol_050,seir,seir,1
early_seir_infected_only,79,gic_vol_100,seir,seir,1
early_seir_infected_only,79,ogic_e,seir,seir,1
missing_neural_feedback,0,aic,ude_sir_h2,tv_sir,0
missing_neural_feedback,0,aicc,ude_sir_h2,tv_sir,0
missing_neural_feedback,0,bic,ude_sir_h2,tv_sir,0
missing_neural_feedback,0,gic_eff,ude_sir_h2,neural_ode_h2,0
missing_neural_feedback,0,gic_vol_025,ude_sir_h2,neural_ode_h2,0
missing_neural_feedback,0,gic_vol_050,ude_sir_h2,neural_ode_h2,0
missing_neural_feedback,0,gic_vol_100,ude_sir_h2,neural_ode_h2,0
missing_neural_feedback,0,ogic_e,ude_sir_h2,ude_sir_h2,1
missing_neural_feedback,1,aic,ude_sir_h2,tv_sir,0
missing_neural_feedback,1,aicc,ude_sir_h2,tv_sir,0
missing_neural_feedback,1,bic,ude_sir_h2,tv_sir,0
missing_neural_feedback,1,gic_eff,ude_sir_h2,tv_sir,0
missing_neural_feedback,1,gic_vol_025,ude_sir_h2,tv_sir,0
missing_neural_feedback,1,gic_vol_050,ude_sir_h2,tv_sir,0
missing_neural_feedback,1,gic_vol_100,ude_sir_h2,tv_sir,0
missing_neural_feedback,1,ogic_e,ude_sir_h2,tv_sir,0
missing_neural_feedback,2,aic,ude_sir_h2,tv_sir,0
missing_neural_feedback,2,aicc,ude_sir_h2,tv_sir,0
missing_neural_feedback,2,bic,ude_sir_h2,tv_sir,0
missing_neural_feedback,2,gic_eff,ude_sir_h2,tv_sir,0
missing_neural_feedback,2,gic_vol_025,ude_sir_h2,tv_sir,0
missing_neural_feedback,2,gic_vol_050,ude_sir_h2,tv_sir,0
missing_neural_feedback,2,gic_vol_100,ude_sir_h2,tv_sir,0
missing_neural_feedback,2,ogic_e,ude_sir_h2,tv_sir,0
missing_neural_feedback,3,aic,ude_sir_h2,tv_sir,0
missing_neural_feedback,3,aicc,ude_sir_h2,tv_sir,0
missing_neural_feedback,3,bic,ude_sir_h2,tv_sir,0
missing_neural_feedback,3,gic_eff,ude_sir_h2,ude_sir_h2,1
missing_neural_feedback,3,gic_vol_025,ude_sir_h2,neural_ode_h2,0
missing_neural_feedback,3,gic_vol_050,ude_sir_h2,neural_ode_h2,0
missing_neural_feedback,3,gic_vol_100,ude_sir_h2,neural_ode_h2,0
missing_neural_feedback,3,ogic_e,ude_sir_h2,tv_sir,0
missing_neural_feedback,4,aic,ude_sir_h2,tv_sir,0
missing_neural_feedback,4,aicc,ude_sir_h2,tv_sir,0
missing_neural_feedback,4,bic,ude_sir_h2,tv_sir,0
missing_neural_feedback,4,gic_eff,ude_sir_h2,ude_sir_h2,1
missing_neural_feedback,4,gic_vol_025,ude_sir_h2,ude_sir_h2,1
missing_neural_feedback,4,gic_vol_050,ude_sir_h2,ude_sir_h2,1
missing_neural_feedback,4,gic_vol_100,ude_sir_h2,ude_sir_h2,1
missing_neural_feedback,4,ogic_e,ude_sir_h2,tv_sir,0
missing_neural_feedback,5,aic,ude_sir_h2,tv_sir,0
missing_neural_feedback,5,aicc,ude_sir_h2,tv_sir,0
missing_neural_feedback,5,bic,ude_sir_h2,tv_sir,0
missing_neural_feedback,5,gic_eff,ude_sir_h2,ude_sir_h2,1
missing_neural_feedback,5,gic_vol_025,ude_sir_h2,ude_sir_h2,1
missing_neural_feedback,5,gic_vol_050,ude_sir_h2,ude_sir_h2,1
missing_neural_feedback,5,gic_vol_100,ude_sir_h2,ude_sir_h2,1
missing_neural_feedback,5,ogic_e,ude_sir_h2,tv_sir,0
missing_neural_feedback,6,aic,ude_sir_h2,tv_sir,0
missing_neural_feedback,6,aicc,ude_sir_h2,tv_sir,0
missing_neural_feedback,6,bic,ude_sir_h2,tv_sir,0
missing_neural_feedback,6,gic_eff,ude_sir_h2,ude_sir_h2,1
missing_neural_feedback,6,gic_vol_025,ude_sir_h2,ude_sir_h2,1
missing_neural_feedback,6,gic_vol_050,ude_sir_h2,ude_sir_h2,1
missing_neural_feedback,6,gic_vol_100,ude_sir_h2,ude_sir_h2,1
missing_neural_feedback,6,ogic_e,ude_sir_h2,tv_sir,0
missing_neural_feedback,7,aic,ude_sir_h2,tv_sir,0
missing_neural_feedback,7,aicc,ude_sir_h2,tv_sir,0
missing_neural_feedback,7,bic,ude_sir_h2,tv_sir,0
missing_neural_feedback,7,gic_eff,ude_sir_h2,tv_sir,0
missing_neural_feedback,7,gic_vol_025,ude_sir_h2,tv_sir,0
missing_neural_feedback,7,gic_vol_050,ude_sir_h2,tv_sir,0
missing_neural_feedback,7,gic_vol_100,ude_sir_h2,tv_sir,0
missing_neural_feedback,7,ogic_e,ude_sir_h2,tv_sir,0
missing_neural_feedback,8,aic,ude_sir_h2,tv_sir,0
missing_neural_feedback,8,aicc,ude_sir_h2,tv_sir,0
missing_neural_feedback,8,bic,ude_sir_h2,tv_sir,0
missing_neural_feedback,8,gic_eff,ude_sir_h2,ude_sir_h2,1
missing_neural_feedback,8,gic_vol_025,ude_sir_h2,ude_sir_h2,1
missing_neural_feedback,8,gic_vol_050,ude_sir_h2,ude_sir_h2,1
missing_neural_feedback,8,gic_vol_100,ude_sir_h2,neural_ode_h2,0
missing_neural_feedback,8,ogic_e,ude_sir_h2,tv_sir,0
missing_neural_feedback,9,aic,ude_sir_h2,tv_sir,0
missing_neural_feedback,9,aicc,ude_sir_h2,tv_sir,0
missing_neural_feedback,9,bic,ude_sir_h2,tv_sir,0
missing_neural_feedback,9,gic_eff,ude_sir_h2,neural_ode_h2,0
missing_neural_feedback,9,gic_vol_025,ude_sir_h2,neural_ode_h2,0
missing_neural_feedback,9,gic_vol_050,ude_sir_h2,neural_ode_h2,0
missing_neural_feedback,9,gic_vol_100,ude_sir_h2,neural_ode_h2,0
missing_neural_feedback,9,ogic_e,ude_sir_h2,ude_sir_h2,1
missing_neural_feedback,10,aic,ude_sir_h2,tv_sir,0
missing_neural_feedback,10,aicc,ude_sir_h2,tv_sir,0
missing_neural_feedback,10,bic,ude_sir_h2,tv_sir,0
missing_neural_feedback,10,gic_eff,ude_sir_h2,ude_sir_h2,1
missing_neural_feedback,10,gic_vol_025,ude_sir_h2,ude_sir_h2,1
missing_neural_feedback,10,gic_vol_050,ude_sir_h2,ude_sir_h2,1
missing_neural_feedback,10,gic_vol_100,ude_sir_h2,ude_sir_h2,1
missing_neural_feedback,10,ogic_e,ude_sir_h2,tv_sir,0
missing_neural_feedback,11,aic,ude_sir_h2,tv_sir,0
missing_neural_feedback,11,aicc,ude_sir_h2,tv_sir,0
missing_neural_feedback,11,bic,ude_sir_h2,tv_sir,0
missing_neural_feedback,11,gic_eff,ude_sir_h2,ude_sir_h2,1
missing_neural_feedback,11,gic_vol_025,ude_sir_h2,ude_sir_h2,1
missing_neural_feedback,11,gic_vol_050,ude_sir_h2,ude_sir_h2,1
missing_neural_feedback,11,gic_vol_100,ude_sir_h2,ude_sir_h2,1
missing_neural_feedback,11,ogic_e,ude_sir_h2,tv_sir,0
missing_neural_feedback,12,aic,ude_sir_h2,tv_sir,0
missing_neural_feedback,12,aicc,ude_sir_h2,tv_sir,0
missing_neural_feedback,12,bic,ude_sir_h2,tv_sir,0
missing_neural_feedback,12,gic_eff,ude_sir_h2,neural_ode_h2,0
missing_neural_feedback,12,gic_vol_025,ude_sir_h2,neural_ode_h2,0
missing_neural_feedback,12,gic_vol_050,ude_sir_h2,neural_ode_h2,0
missing_neural_feedback,12,gic_vol_100,ude_sir_h2,neural_ode_h2,0
missing_neural_feedback,12,ogic_e,ude_sir_h2,ude_sir_h2,1
missing_neural_feedback,13,aic,ude_sir_h2,tv_sir,0
missing_neural_feedback,13,aicc,ude_sir_h2,tv_sir,0
missing_neural_feedback,13,bic,ude_sir_h2,tv_sir,0
missing_neural_feedback,13,gic_eff,ude_sir_h2,ude_sir_h2,1
missing_neural_feedback,13,gic_vol_025,ude_sir_h2,ude_sir_h2,1
missing_neural_feedback,13,gic_vol_050,ude_sir_h2,ude_sir_h2,1
missing_neural_feedback,13,gic_vol_100,ude_sir_h2,neural_ode_h2,0
missing_neural_feedback,13,ogic_e,ude_sir_h2,tv_sir,0
missing_neural_feedback,14,aic,ude_sir_h2,tv_sir,0
missing_neural_feedback,14,aicc,ude_sir_h2,tv_sir,0
missing_neural_feedback,14,bic,ude_sir_h2,tv_sir,0
missing_neural_feedback,14,gic_eff,ude_sir_h2,ude_sir_h2,1
missing_neural_feedback,14,gic_vol_025,ude_sir_h2,ude_sir_h2,1
missing_neural_feedback,14,gic_vol_050,ude_sir_h2,ude_sir_h2,1
missing_neural_feedback,14,gic_vol_100,ude_sir_h2,ude_sir_h2,1
missing_neural_feedback,14,ogic_e,ude_sir_h2,tv_sir,0
missing_neural_feedback,15,aic,ude_sir_h2,tv_sir,0
missing_neural_feedback,15,aicc,ude_sir_h2,tv_sir,0
missing_neural_feedback,15,bic,ude_sir_h2,tv_sir,0
missing_neural_feedback,15,gic_eff,ude_sir_h2,ude_sir_h2,1
missing_neural_feedback,15,gic_vol_025,ude_sir_h2,ude_sir_h2,1
missing_neural_feedback,15,gic_vol_050,ude_sir_h2,ude_sir_h2,1
missing_neural_feedback,15,gic_vol_100,ude_sir_h2,ude_sir_h2,1
missing_neural_feedback,15,ogic_e,ude_sir_h2,tv_sir,0
missing_neural_feedback,16,aic,ude_sir_h2,tv_sir,0
missing_neural_feedback,16,aicc,ude_sir_h2,tv_sir,0
missing_neural_feedback,16,bic,ude_sir_h2,tv_sir,0
missing_neural_feedback,16,gic_eff,ude_sir_h2,ude_sir_h2,1
missing_neural_feedback,16,gic_vol_025,ude_sir_h2,ude_sir_h2,1
missing_neural_feedback,16,gic_vol_050,ude_sir_h2,ude_sir_h2,1
missing_neural_feedback,16,gic_vol_100,ude_sir_h2,ude_sir_h2,1
missing_neural_feedback,16,ogic_e,ude_sir_h2,ude_sir_h2,1
missing_neural_feedback,17,aic,ude_sir_h2,tv_sir,0
missing_neural_feedback,17,aicc,ude_sir_h2,tv_sir,0
missing_neural_feedback,17,bic,ude_sir_h2,tv_sir,0
missing_neural_feedback,17,gic_eff,ude_sir_h2,tv_sir,0
missing_neural_feedback,17,gic_vol_025,ude_sir_h2,tv_sir,0
missing_neural_feedback,17,gic_vol_050,ude_sir_h2,ude_sir_h2,1
missing_neural_feedback,17,gic_vol_100,ude_sir_h2,ude_sir_h2,1
missing_neural_feedback,17,ogic_e,ude_sir_h2,tv_sir,0
missing_neural_feedback,18,aic,ude_sir_h2,tv_sir,0
missing_neural_feedback,18,aicc,ude_sir_h2,tv_sir,0
missing_neural_feedback,18,bic,ude_sir_h2,tv_sir,0
missing_neural_feedback,18,gic_eff,ude_sir_h2,ude_sir_h2,1
missing_neural_feedback,18,gic_vol_025,ude_sir_h2,ude_sir_h2,1
missing_neural_feedback,18,gic_vol_050,ude_sir_h2,ude_sir_h2,1
missing_neural_feedback,18,gic_vol_100,ude_sir_h2,ude_sir_h2,1
missing_neural_feedback,18,ogic_e,ude_sir_h2,ude_sir_h2,1
missing_neural_feedback,19,aic,ude_sir_h2,tv_sir,0
missing_neural_feedback,19,aicc,ude_sir_h2,tv_sir,0
missing_neural_feedback,19,bic,ude_sir_h2,tv_sir,0
missing_neural_feedback,19,gic_eff,ude_sir_h2,ude_sir_h2,1
missing_neural_feedback,19,gic_vol_025,ude_sir_h2,ude_sir_h2,1
missing_neural_feedback,19,gic_vol_050,ude_sir_h2,ude_sir_h2,1
missing_neural_feedback,19,gic_vol_100,ude_sir_h2,ude_sir_h2,1
missing_neural_feedback,19,ogic_e,ude_sir_h2,tv_sir,0
missing_neural_feedback,20,aic,ude_sir_h2,tv_sir,0
missing_neural_feedback,20,aicc,ude_sir_h2,tv_sir,0
missing_neural_feedback,20,bic,ude_sir_h2,tv_sir,0
missing_neural_feedback,20,gic_eff,ude_sir_h2,ude_sir_h2,1
missing_neural_feedback,20,gic_vol_025,ude_sir_h2,ude_sir_h2,1
missing_neural_feedback,20,gic_vol_050,ude_sir_h2,ude_sir_h2,1
missing_neural_feedback,20,gic_vol_100,ude_sir_h2,ude_sir_h2,1
missing_neural_feedback,20,ogic_e,ude_sir_h2,ude_sir_h2,1
missing_neural_feedback,21,aic,ude_sir_h2,tv_sir,0
missing_neural_feedback,21,aicc,ude_sir_h2,tv_sir,0
missing_neural_feedback,21,bic,ude_sir_h2,tv_sir,0
missing_neural_feedback,21,gic_eff,ude_sir_h2,neural_ode_h2,0
missing_neural_feedback,21,gic_vol_025,ude_sir_h2,neural_ode_h2,0
missing_neural_feedback,21,gic_vol_050,ude_sir_h2,neural_ode_h2,0
missing_neural_feedback,21,gic_vol_100,ude_sir_h2,neural_ode_h2,0
missing_neural_feedback,21,ogic_e,ude_sir_h2,ude_sir_h2,1
missing_neural_feedback,22,aic,ude_sir_h2,tv_sir,0
missing_neural_feedback,22,aicc,ude_sir_h2,tv_sir,0
missing_neural_feedback,22,bic,ude_sir_h2,tv_sir,0
missing_neural_feedback,22,gic_eff,ude_sir_h2,ude_sir_h2,1
missing_neural_feedback,22,gic_vol_025,ude_sir_h2,neural_ode_h2,0
missing_neural_feedback,22,gic_vol_050,ude_sir_h2,neural_ode_h2,0
missing_neural_feedback,22,gic_vol_100,ude_sir_h2,neural_ode_h2,0
missing_neural_feedback,22,ogic_e,ude_sir_h2,ude_sir_h2,1
missing_neural_feedback,23,aic,ude_sir_h2,tv_sir,0
missing_neural_feedback,23,aicc,ude_sir_h2,tv_sir,0
missing_neural_feedback,23,bic,ude_sir_h2,tv_sir,0
missing_neural_feedback,23,gic_eff,ude_sir_h2,ude_sir_h2,1
missing_neural_feedback,23,gic_vol_025,ude_sir_h2,ude_sir_h2,1
missing_neural_feedback,23,gic_vol_050,ude_sir_h2,ude_sir_h2,1
missing_neural_feedback,23,gic_vol_100,ude_sir_h2,ude_sir_h2,1
missing_neural_feedback,23,ogic_e,ude_sir_h2,tv_sir,0
missing_neural_feedback,24,aic,ude_sir_h2,tv_sir,0
missing_neural_feedback,24,aicc,ude_sir_h2,tv_sir,0
missing_neural_feedback,24,bic,ude_sir_h2,tv_sir,0
missing_neural_feedback,24,gic_eff,ude_sir_h2,tv_sir,0
missing_neural_feedback,24,gic_vol_025,ude_sir_h2,tv_sir,0
missing_neural_feedback,24,gic_vol_050,ude_sir_h2,tv_sir,0
missing_neural_feedback,24,gic_vol_100,ude_sir_h2,tv_sir,0
missing_neural_feedback,24,ogic_e,ude_sir_h2,tv_sir,0
missing_neural_feedback,25,aic,ude_sir_h2,tv_sir,0
missing_neural_feedback,25,aicc,ude_sir_h2,tv_sir,0
missing_neural_feedback,25,bic,ude_sir_h2,tv_sir,0
missing_neural_feedback,25,gic_eff,ude_sir_h2,ude_sir_h2,1
missing_neural_feedback,25,gic_vol_025,ude_sir_h2,ude_sir_h2,1
missing_neural_feedback,25,gic_vol_050,ude_sir_h2,ude_sir_h2,1
missing_neural_feedback,25,gic_vol_100,ude_sir_h2,ude_sir_h2,1
missing_neural_feedback,25,ogic_e,ude_sir_h2,tv_sir,0
missing_neural_feedback,26,aic,ude_sir_h2,tv_sir,0
missing_neural_feedback,26,aicc,ude_sir_h2,tv_sir,0
missing_neural_feedback,26,bic,ude_sir_h2,tv_sir,0
missing_neural_feedback,26,gic_eff,ude_sir_h2,ude_sir_h2,1
missing_neural_feedback,26,gic_vol_025,ude_sir_h2,ude_sir_h2,1
missing_neural_feedback,26,gic_vol_050,ude_sir_h2,ude_sir_h2,1
missing_neural_feedback,26,gic_vol_100,ude_sir_h2,ude_sir_h2,1
missing_neural_feedback,26,ogic_e,ude_sir_h2,tv_sir,0
missing_neural_feedback,27,aic,ude_sir_h2,tv_sir,0
missing_neural_feedback,27,aicc,ude_sir_h2,tv_sir,0
missing_neural_feedback,27,bic,ude_sir_h2,tv_sir,0
missing_neural_feedback,27,gic_eff,ude_sir_h2,ude_sir_h2,1
missing_neural_feedback,27,gic_vol_025,ude_sir_h2,ude_sir_h2,1
missing_neural_feedback,27,gic_vol_050,ude_sir_h2,ude_sir_h2,1
missing_neural_feedback,27,gic_vol_100,ude_sir_h2,ude_sir_h2,1
missing_neural_feedback,27,ogic_e,ude_sir_h2,ude_sir_h2,1
missing_neural_feedback,28,aic,ude_sir_h2,tv_sir,0
missing_neural_feedback,28,aicc,ude_sir_h2,tv_sir,0
missing_neural_feedback,28,bic,ude_sir_h2,tv_sir,0
missing_neural_feedback,28,gic_eff,ude_sir_h2,ude_sir_h2,1
missing_neural_feedback,28,gic_vol_025,ude_sir_h2,ude_sir_h2,1
missing_neural_feedback,28,gic_vol_050,ude_sir_h2,ude_sir_h2,1
missing_neural_feedback,28,gic_vol_100,ude_sir_h2,ude_sir_h2,1
missing_neural_feedback,28,ogic_e,ude_sir_h2,tv_sir,0
missing_neural_feedback,29,aic,ude_sir_h2,tv_sir,0
missing_neural_feedback,29,aicc,ude_sir_h2,tv_sir,0
missing_neural_feedback,29,bic,ude_sir_h2,tv_sir,0
missing_neural_feedback,29,gic_eff,ude_sir_h2,ude_sir_h2,1
missing_neural_feedback,29,gic_vol_025,ude_sir_h2,ude_sir_h2,1
missing_neural_feedback,29,gic_vol_050,ude_sir_h2,ude_sir_h2,1
missing_neural_feedback,29,gic_vol_100,ude_sir_h2,ude_sir_h2,1
missing_neural_feedback,29,ogic_e,ude_sir_h2,tv_sir,0
missing_neural_feedback,30,aic,ude_sir_h2,tv_sir,0
missing_neural_feedback,30,aicc,ude_sir_h2,tv_sir,0
missing_neural_feedback,30,bic,ude_sir_h2,tv_sir,0
missing_neural_feedback,30,gic_eff,ude_sir_h2,tv_sir,0
missing_neural_feedback,30,gic_vol_025,ude_sir_h2,tv_sir,0
missing_neural_feedback,30,gic_vol_050,ude_sir_h2,tv_sir,0
missing_neural_feedback,30,gic_vol_100,ude_sir_h2,tv_sir,0
missing_neural_feedback,30,ogic_e,ude_sir_h2,tv_sir,0
missing_neural_feedback,31,aic,ude_sir_h2,tv_sir,0
missing_neural_feedback,31,aicc,ude_sir_h2,tv_sir,0
missing_neural_feedback,31,bic,ude_sir_h2,tv_sir,0
missing_neural_feedback,31,gic_eff,ude_sir_h2,ude_sir_h2,1
missing_neural_feedback,31,gic_vol_025,ude_sir_h2,ude_sir_h2,1
missing_neural_feedback,31,gic_vol_050,ude_sir_h2,ude_sir_h2,1
missing_neural_feedback,31,gic_vol_100,ude_sir_h2,ude_sir_h2,1
missing_neural_feedback,31,ogic_e,ude_sir_h2,tv_sir,0
missing_neural_feedback,32,aic,ude_sir_h2,tv_sir,0
missing_neural_feedback,32,aicc,ude_sir_h2,tv_sir,0
missing_neural_feedback,32,bic,ude_sir_h2,tv_sir,0
missing_neural_feedback,32,gic_eff,ude_sir_h2,ude_sir_h2,1
missing_neural_feedback,32,gic_vol_025,ude_sir_h2,ude_sir_h2,1
missing_neural_feedback,32,gic_vol_050,ude_sir_h2,ude_sir_h2,1
missing_neural_feedback,32,gic_vol_100,ude_sir_h2,ude_sir_h2,1
missing_neural_feedback,32,ogic_e,ude_sir_h2,tv_sir,0
missing_neural_feedback,33,aic,ude_sir_h2,tv_sir,0
missing_neural_feedback,33,aicc,ude_sir_h2,tv_sir,0
missing_neural_feedback,33,bic,ude_sir_h2,tv_sir,0
missing_neural_feedback,33,gic_eff,ude_sir_h2,ude_sir_h2,1
missing_neural_feedback,33,gic_vol_025,ude_sir_h2,ude_sir_h2,1
missing_neural_feedback,33,gic_vol_050,ude_sir_h2,ude_sir_h2,1
missing_neural_feedback,33,gic_vol_100,ude_sir_h2,neural_ode_h2,0
missing_neural_feedback,33,ogic_e,ude_sir_h2,tv_sir,0
missing_neural_feedback,34,aic,ude_sir_h2,tv_sir,0
missing_neural_feedback,34,aicc,ude_sir_h2,tv_sir,0
missing_neural_feedback,34,bic,ude_sir_h2,tv_sir,0
missing_neural_feedback,34,gic_eff,ude_sir_h2,ude_sir_h2,1
missing_neural_feedback,34,gic_vol_025,ude_sir_h2,ude_sir_h2,1
missing_neural_feedback,34,gic_vol_050,ude_sir_h2,ude_sir_h2,1
missing_neural_feedback,34,gic_vol_100,ude_sir_h2,ude_sir_h2,1
missing_neural_feedback,34,ogic_e,ude_sir_h2,tv_sir,0
missing_neural_feedback,35,aic,ude_sir_h2,tv_sir,0
missing_neural_feedback,35,aicc,ude_sir_h2,tv_sir,0
missing_neural_feedback,35,bic,ude_sir_h2,tv_sir,0
missing_neural_feedback,35,gic_eff,ude_sir_h2,ude_sir_h2,1
missing_neural_feedback,35,gic_vol_025,ude_sir_h2,ude_sir_h2,1
missing_neural_feedback,35,gic_vol_050,ude_sir_h2,ude_sir_h2,1
missing_neural_feedback,35,gic_vol_100,ude_sir_h2,ude_sir_h2,1
missing_neural_feedback,35,ogic_e,ude_sir_h2,tv_sir,0
missing_neural_feedback,36,aic,ude_sir_h2,tv_sir,0
missing_neural_feedback,36,aicc,ude_sir_h2,tv_sir,0
missing_neural_feedback,36,bic,ude_sir_h2,tv_sir,0
missing_neural_feedback,36,gic_eff,ude_sir_h2,neural_ode_h2,0
missing_neural_feedback,36,gic_vol_025,ude_sir_h2,neural_ode_h2,0
missing_neural_feedback,36,gic_vol_050,ude_sir_h2,neural_ode_h2,0
missing_neural_feedback,36,gic_vol_100,ude_sir_h2,neural_ode_h2,0
missing_neural_feedback,36,ogic_e,ude_sir_h2,ude_sir_h2,1
missing_neural_feedback,37,aic,ude_sir_h2,tv_sir,0
missing_neural_feedback,37,aicc,ude_sir_h2,tv_sir,0
missing_neural_feedback,37,bic,ude_sir_h2,tv_sir,0
missing_neural_feedback,37,gic_eff,ude_sir_h2,neural_ode_h2,0
missing_neural_feedback,37,gic_vol_025,ude_sir_h2,neural_ode_h2,0
missing_neural_feedback,37,gic_vol_050,ude_sir_h2,neural_ode_h2,0
missing_neural_feedback,37,gic_vol_100,ude_sir_h2,neural_ode_h2,0
missing_neural_feedback,37,ogic_e,ude_sir_h2,tv_sir,0
missing_neural_feedback,38,aic,ude_sir_h2,tv_sir,0
missing_neural_feedback,38,aicc,ude_sir_h2,tv_sir,0
missing_neural_feedback,38,bic,ude_sir_h2,tv_sir,0
missing_neural_feedback,38,gic_eff,ude_sir_h2,ude_sir_h2,1
missing_neural_feedback,38,gic_vol_025,ude_sir_h2,ude_sir_h2,1
missing_neural_feedback,38,gic_vol_050,ude_sir_h2,ude_sir_h2,1
missing_neural_feedback,38,gic_vol_100,ude_sir_h2,ude_sir_h2,1
missing_neural_feedback,38,ogic_e,ude_sir_h2,tv_sir,0
missing_neural_feedback,39,aic,ude_sir_h2,tv_sir,0
missing_neural_feedback,39,aicc,ude_sir_h2,tv_sir,0
missing_neural_feedback,39,bic,ude_sir_h2,tv_sir,0
missing_neural_feedback,39,gic_eff,ude_sir_h2,ude_sir_h2,1
missing_neural_feedback,39,gic_vol_025,ude_sir_h2,ude_sir_h2,1
missing_neural_feedback,39,gic_vol_050,ude_sir_h2,ude_sir_h2,1
missing_neural_feedback,39,gic_vol_100,ude_sir_h2,ude_sir_h2,1
missing_neural_feedback,39,ogic_e,ude_sir_h2,ude_sir_h2,1
missing_neural_feedback,40,aic,ude_sir_h2,tv_sir,0
missing_neural_feedback,40,aicc,ude_sir_h2,tv_sir,0
missing_neural_feedback,40,bic,ude_sir_h2,tv_sir,0
missing_neural_feedback,40,gic_eff,ude_sir_h2,ude_sir_h2,1
missing_neural_feedback,40,gic_vol_025,ude_sir_h2,ude_sir_h2,1
missing_neural_feedback,40,gic_vol_050,ude_sir_h2,ude_sir_h2,1
missing_neural_feedback,40,gic_vol_100,ude_sir_h2,ude_sir_h2,1
missing_neural_feedback,40,ogic_e,ude_sir_h2,ude_sir_h2,1
missing_neural_feedback,41,aic,ude_sir_h2,tv_sir,0
missing_neural_feedback,41,aicc,ude_sir_h2,tv_sir,0
missing_neural_feedback,41,bic,ude_sir_h2,tv_sir,0
missing_neural_feedback,41,gic_eff,ude_sir_h2,ude_sir_h2,1
missing_neural_feedback,41,gic_vol_025,ude_sir_h2,ude_sir_h2,1
missing_neural_feedback,41,gic_vol_050,ude_sir_h2,ude_sir_h2,1
missing_neural_feedback,41,gic_vol_100,ude_sir_h2,neural_ode_h2,0
missing_neural_feedback,41,ogic_e,ude_sir_h2,tv_sir,0
missing_neural_feedback,42,aic,ude_sir_h2,tv_sir,0
missing_neural_feedback,42,aicc,ude_sir_h2,tv_sir,0
missing_neural_feedback,42,bic,ude_sir_h2,tv_sir,0
missing_neural_feedback,42,gic_eff,ude_sir_h2,neural_ode_h2,0
missing_neural_feedback,42,gic_vol_025,ude_sir_h2,neural_ode_h2,0
missing_neural_feedback,42,gic_vol_050,ude_sir_h2,neural_ode_h2,0
missing_neural_feedback,42,gic_vol_100,ude_sir_h2,neural_ode_h2,0
missing_neural_feedback,42,ogic_e,ude_sir_h2,tv_sir,0
missing_neural_feedback,43,aic,ude_sir_h2,tv_sir,0
missing_neural_feedback,43,aicc,ude_sir_h2,tv_sir,0
missing_neural_feedback,43,bic,ude_sir_h2,tv_sir,0
missing_neural_feedback,43,gic_eff,ude_sir_h2,neural_ode_h2,0
missing_neural_feedback,43,gic_vol_025,ude_sir_h2,neural_ode_h2,0
missing_neural_feedback,43,gic_vol_050,ude_sir_h2,neural_ode_h2,0
missing_neural_feedback,43,gic_vol_100,ude_sir_h2,neural_ode_h2,0
missing_neural_feedback,43,ogic_e,ude_sir_h2,ude_sir_h2,1
missing_neural_feedback,44,aic,ude_sir_h2,tv_sir,0
missing_neural_feedback,44,aicc,ude_sir_h2,tv_sir,0
missing_neural_feedback,44,bic,ude_sir_h2,tv_sir,0
missing_neural_feedback,44,gic_eff,ude_sir_h2,ude_sir_h2,1
missing_neural_feedback,44,gic_vol_025,ude_sir_h2,ude_sir_h2,1
missing_neural_feedback,44,gic_vol_050,ude_sir_h2,ude_sir_h2,1
missing_neural_feedback,44,gic_vol_100,ude_sir_h2,ude_sir_h2,1
missing_neural_feedback,44,ogic_e,ude_sir_h2,tv_sir,0
missing_neural_feedback,45,aic,ude_sir_h2,tv_sir,0
missing_neural_feedback,45,aicc,ude_sir_h2,tv_sir,0
missing_neural_feedback,45,bic,ude_sir_h2,tv_sir,0
missing_neural_feedback,45,gic_eff,ude_sir_h2,tv_sir,0
missing_neural_feedback,45,gic_vol_025,ude_sir_h2,tv_sir,0
missing_neural_feedback,45,gic_vol_050,ude_sir_h2,tv_sir,0
missing_neural_feedback,45,gic_vol_100,ude_sir_h2,tv_sir,0
missing_neural_feedback,45,ogic_e,ude_sir_h2,tv_sir,0
missing_neural_feedback,46,aic,ude_sir_h2,tv_sir,0
missing_neural_feedback,46,aicc,ude_sir_h2,tv_sir,0
missing_neural_feedback,46,bic,ude_sir_h2,tv_sir,0
missing_neural_feedback,46,gic_eff,ude_sir_h2,ude_sir_h2,1
missing_neural_feedback,46,gic_vol_025,ude_sir_h2,ude_sir_h2,1
missing_neural_feedback,46,gic_vol_050,ude_sir_h2,ude_sir_h2,1
missing_neural_feedback,46,gic_vol_100,ude_sir_h2,neural_ode_h2,0
missing_neural_feedback,46,ogic_e,ude_sir_h2,tv_sir,0
missing_neural_feedback,47,aic,ude_sir_h2,tv_sir,0
missing_neural_feedback,47,aicc,ude_sir_h2,tv_sir,0
missing_neural_feedback,47,bic,ude_sir_h2,tv_sir,0
missing_neural_feedback,47,gic_eff,ude_sir_h2,ude_sir_h2,1
missing_neural_feedback,47,gic_vol_025,ude_sir_h2,ude_sir_h2,1
missing_neural_feedback,47,gic_vol_050,ude_sir_h2,ude_sir_h2,1
missing_neural_feedback,47,gic_vol_100,ude_sir_h2,ude_sir_h2,1
missing_neural_feedback,47,ogic_e,ude_sir_h2,tv_sir,0
missing_neural_feedback,48,aic,ude_sir_h2,tv_sir,0
missing_neural_feedback,48,aicc,ude_sir_h2,tv_sir,0
missing_neural_feedback,48,bic,ude_sir_h2,tv_sir,0
missing_neural_feedback,48,gic_eff,ude_sir_h2,ude_sir_h2,1
missing_neural_feedback,48,gic_vol_025,ude_sir_h2,ude_sir_h2,1
missing_neural_feedback,48,gic_vol_050,ude_sir_h2,ude_sir_h2,1
missing_neural_feedback,48,gic_vol_100,ude_sir_h2,ude_sir_h2,1
missing_neural_feedback,48,ogic_e,ude_sir_h2,tv_sir,0
missing_neural_feedback,49,aic,ude_sir_h2,tv_sir,0
missing_neural_feedback,49,aicc,ude_sir_h2,tv_sir,0
missing_neural_feedback,49,bic,ude_sir_h2,tv_sir,0
missing_neural_feedback,49,gic_eff,ude_sir_h2,ude_sir_h2,1
missing_neural_feedback,49,gic_vol_025,ude_sir_h2,ude_sir_h2,1
missing_neural_feedback,49,gic_vol_050,ude_sir_h2,ude_sir_h2,1
missing_neural_feedback,49,gic_vol_100,ude_sir_h2,ude_sir_h2,1
missing_neural_feedback,49,ogic_e,ude_sir_h2,tv_sir,0
missing_neural_feedback,50,aic,ude_sir_h2,tv_sir,0
missing_neural_feedback,50,aicc,ude_sir_h2,tv_sir,0
missing_neural_feedback,50,bic,ude_sir_h2,tv_sir,0
missing_neural_feedback,50,gic_eff,ude_sir_h2,neural_ode_h2,0
missing_neural_feedback,50,gic_vol_025,ude_sir_h2,neural_ode_h2,0
missing_neural_feedback,50,gic_vol_050,ude_sir_h2,neural_ode_h2,0
missing_neural_feedback,50,gic_vol_100,ude_sir_h2,neural_ode_h2,0
missing_neural_feedback,50,ogic_e,ude_sir_h2,ude_sir_h2,1
missing_neural_feedback,51,aic,ude_sir_h2,tv_sir,0
missing_neural_feedback,51,aicc,ude_sir_h2,tv_sir,0
missing_neural_feedback,51,bic,ude_sir_h2,tv_sir,0
missing_neural_feedback,51,gic_eff,ude_sir_h2,neural_ode_h2,0
missing_neural_feedback,51,gic_vol_025,ude_sir_h2,neural_ode_h2,0
missing_neural_feedback,51,gic_vol_050,ude_sir_h2,neural_ode_h2,0
missing_neural_feedback,51,gic_vol_100,ude_sir_h2,neural_ode_h2,0
missing_neural_feedback,51,ogic_e,ude_sir_h2,ude_sir_h2,1
missing_neural_feedback,52,aic,ude_sir_h2,tv_sir,0
missing_neural_feedback,52,aicc,ude_sir_h2,tv_sir,0
missing_neural_feedback,52,bic,ude_sir_h2,tv_sir,0
missing_neural_feedback,52,gic_eff,ude_sir_h2,ude_sir_h2,1
missing_neural_feedback,52,gic_vol_025,ude_sir_h2,ude_sir_h2,1
missing_neural_feedback,52,gic_vol_050,ude_sir_h2,ude_sir_h2,1
missing_neural_feedback,52,gic_vol_100,ude_sir_h2,ude_sir_h2,1
missing_neural_feedback,52,ogic_e,ude_sir_h2,tv_sir,0
missing_neural_feedback,53,aic,ude_sir_h2,tv_sir,0
missing_neural_feedback,53,aicc,ude_sir_h2,tv_sir,0
missing_neural_feedback,53,bic,ude_sir_h2,tv_sir,0
missing_neural_feedback,53,gic_eff,ude_sir_h2,ude_sir_h2,1
missing_neural_feedback,53,gic_vol_025,ude_sir_h2,ude_sir_h2,1
missing_neural_feedback,53,gic_vol_050,ude_sir_h2,ude_sir_h2,1
missing_neural_feedback,53,gic_vol_100,ude_sir_h2,ude_sir_h2,1
missing_neural_feedback,53,ogic_e,ude_sir_h2,tv_sir,0
missing_neural_feedback,54,aic,ude_sir_h2,tv_sir,0
missing_neural_feedback,54,aicc,ude_sir_h2,tv_sir,0
missing_neural_feedback,54,bic,ude_sir_h2,tv_sir,0
missing_neural_feedback,54,gic_eff,ude_sir_h2,ude_sir_h2,1
missing_neural_feedback,54,gic_vol_025,ude_sir_h2,ude_sir_h2,1
missing_neural_feedback,54,gic_vol_050,ude_sir_h2,ude_sir_h2,1
missing_neural_feedback,54,gic_vol_100,ude_sir_h2,ude_sir_h2,1
missing_neural_feedback,54,ogic_e,ude_sir_h2,ude_sir_h2,1
missing_neural_feedback,55,aic,ude_sir_h2,tv_sir,0
missing_neural_feedback,55,aicc,ude_sir_h2,tv_sir,0
missing_neural_feedback,55,bic,ude_sir_h2,tv_sir,0
missing_neural_feedback,55,gic_eff,ude_sir_h2,tv_sir,0
missing_neural_feedback,55,gic_vol_025,ude_sir_h2,tv_sir,0
missing_neural_feedback,55,gic_vol_050,ude_sir_h2,ude_sir_h2,1
missing_neural_feedback,55,gic_vol_100,ude_sir_h2,ude_sir_h2,1
missing_neural_feedback,55,ogic_e,ude_sir_h2,tv_sir,0
missing_neural_feedback,56,aic,ude_sir_h2,tv_sir,0
missing_neural_feedback,56,aicc,ude_sir_h2,tv_sir,0
missing_neural_feedback,56,bic,ude_sir_h2,tv_sir,0
missing_neural_feedback,56,gic_eff,ude_sir_h2,neural_ode_h2,0
missing_neural_feedback,56,gic_vol_025,ude_sir_h2,neural_ode_h2,0
missing_neural_feedback,56,gic_vol_050,ude_sir_h2,neural_ode_h2,0
missing_neural_feedback,56,gic_vol_100,ude_sir_h2,neural_ode_h2,0
missing_neural_feedback,56,ogic_e,ude_sir_h2,ude_sir_h2,1
missing_neural_feedback,57,aic,ude_sir_h2,tv_sir,0
missing_neural_feedback,57,aicc,ude_sir_h2,tv_sir,0
missing_neural_feedback,57,bic,ude_sir_h2,tv_sir,0
missing_neural_feedback,57,gic_eff,ude_sir_h2,neural_ode_h2,0
missing_neural_feedback,57,gic_vol_025,ude_sir_h2,neural_ode_h2,0
missing_neural_feedback,57,gic_vol_050,ude_sir_h2,neural_ode_h2,0
missing_neural_feedback,57,gic_vol_100,ude_sir_h2,neural_ode_h2,0
missing_neural_feedback,57,ogic_e,ude_sir_h2,ude_sir_h2,1
missing_neural_feedback,58,aic,ude_sir_h2,tv_sir,0
missing_neural_feedback,58,aicc,ude_sir_h2,tv_sir,0
missing_neural_feedback,58,bic,ude_sir_h2,tv_sir,0
missing_neural_feedback,58,gic_eff,ude_sir_h2,ude_sir_h2,1
missing_neural_feedback,58,gic_vol_025,ude_sir_h2,ude_sir_h2,1
missing_neural_feedback,58,gic_vol_050,ude_sir_h2,ude_sir_h2,1
missing_neural_feedback,58,gic_vol_100,ude_sir_h2,ude_sir_h2,1
missing_neural_feedback,58,ogic_e,ude_sir_h2,tv_sir,0
missing_neural_feedback,59,aic,ude_sir_h2,tv_sir,0
missing_neural_feedback,59,aicc,ude_sir_h2,tv_sir,0
missing_neural_feedback,59,bic,ude_sir_h2,tv_sir,0
missing_neural_feedback,59,gic_eff,ude_sir_h2,tv_sir,0
missing_neural_feedback,59,gic_vol_025,ude_sir_h2,ude_sir_h2,1
missing_neural_feedback,59,gic_vol_050,ude_sir_h2,ude_sir_h2,1
missing_neural_feedback,59,gic_vol_100,ude_sir_h2,ude_sir_h2,1
missing_neural_feedback,59,ogic_e,ude_sir_h2,tv_sir,0
missing_neural_feedback,60,aic,ude_sir_h2,tv_sir,0
missing_neural_feedback,60,aicc,ude_sir_h2,tv_sir,0
missing_neural_feedback,60,bic,ude_sir_h2,tv_sir,0
missing_neural_feedback,60,gic_eff,ude_sir_h2,ude_sir_h2,1
missing_neural_feedback,60,gic_vol_025,ude_sir_h2,ude_sir_h2,1
missing_neural_feedback,60,gic_vol_050,ude_sir_h2,ude_sir_h2,1
missing_neural_feedback,60,gic_vol_100,ude_sir_h2,ude_sir_h2,1
missing_neural_feedback,60,ogic_e,ude_sir_h2,tv_sir,0
missing_neural_feedback,61,aic,ude_sir_h2,tv_sir,0
missing_neural_feedback,61,aicc,ude_sir_h2,tv_sir,0
missing_neural_feedback,61,bic,ude_sir_h2,tv_sir,0
missing_neural_feedback,61,gic_eff,ude_sir_h2,neural_ode_h2,0
missing_neural_feedback,61,gic_vol_025,ude_sir_h2,neural_ode_h2,0
missing_neural_feedback,61,gic_vol_050,ude_sir_h2,neural_ode_h2,0
missing_neural_feedback,61,gic_vol_100,ude_sir_h2,neural_ode_h2,0
missing_neural_feedback,61,ogic_e,ude_sir_h2,tv_sir,0
missing_neural_feedback,62,aic,ude_sir_h2,tv_sir,0
missing_neural_feedback,62,aicc,ude_sir_h2,tv_sir,0
missing_neural_feedback,62,bic,ude_sir_h2,tv_sir,0
missing_neural_feedback,62,gic_eff,ude_sir_h2,tv_sir,0
missing_neural_feedback,62,gic_vol_025,ude_sir_h2,ude_sir_h2,1
missing_neural_feedback,62,gic_vol_050,ude_sir_h2,ude_sir_h2,1
missing_neural_feedback,62,gic_vol_100,ude_sir_h2,ude_sir_h2,1
missing_neural_feedback,62,ogic_e,ude_sir_h2,tv_sir,0
missing_neural_feedback,63,aic,ude_sir_h2,tv_sir,0
missing_neural_feedback,63,aicc,ude_sir_h2,tv_sir,0
missing_neural_feedback,63,bic,ude_sir_h2,tv_sir,0
missing_neural_feedback,63,gic_eff,ude_sir_h2,ude_sir_h2,1
missing_neural_feedback,63,gic_vol_025,ude_sir_h2,ude_sir_h2,1
missing_neural_feedback,63,gic_vol_050,ude_sir_h2,ude_sir_h2,1
missing_neural_feedback,63,gic_vol_100,ude_sir_h2,ude_sir_h2,1
missing_neural_feedback,63,ogic_e,ude_sir_h2,tv_sir,0
missing_neural_feedback,64,aic,ude_sir_h2,tv_sir,0
missing_neural_feedback,64,aicc,ude_sir_h2,tv_sir,0
missing_neural_feedback,64,bic,ude_sir_h2,tv_sir,0
missing_neural_feedback,64,gic_eff,ude_sir_h2,ude_sir_h2,1
missing_neural_feedback,64,gic_vol_025,ude_sir_h2,ude_sir_h2,1
missing_neural_feedback,64,gic_vol_050,ude_sir_h2,ude_sir_h2,1
missing_neural_feedback,64,gic_vol_100,ude_sir_h2,ude_sir_h2,1
missing_neural_feedback,64,ogic_e,ude_sir_h2,tv_sir,0
missing_neural_feedback,65,aic,ude_sir_h2,tv_sir,0
missing_neural_feedback,65,aicc,ude_sir_h2,tv_sir,0
missing_neural_feedback,65,bic,ude_sir_h2,tv_sir,0
missing_neural_feedback,65,gic_eff,ude_sir_h2,ude_sir_h2,1
missing_neural_feedback,65,gic_vol_025,ude_sir_h2,ude_sir_h2,1
missing_neural_feedback,65,gic_vol_050,ude_sir_h2,ude_sir_h2,1
missing_neural_feedback,65,gic_vol_100,ude_sir_h2,ude_sir_h2,1
missing_neural_feedback,65,ogic_e,ude_sir_h2,tv_sir,0
missing_neural_feedback,66,aic,ude_sir_h2,tv_sir,0
missing_neural_feedback,66,aicc,ude_sir_h2,tv_sir,0
missing_neural_feedback,66,bic,ude_sir_h2,tv_sir,0
missing_neural_feedback,66,gic_eff,ude_sir_h2,ude_sir_h2,1
missing_neural_feedback,66,gic_vol_025,ude_sir_h2,ude_sir_h2,1
missing_neural_feedback,66,gic_vol_050,ude_sir_h2,ude_sir_h2,1
missing_neural_feedback,66,gic_vol_100,ude_sir_h2,ude_sir_h2,1
missing_neural_feedback,66,ogic_e,ude_sir_h2,tv_sir,0
missing_neural_feedback,67,aic,ude_sir_h2,tv_sir,0
missing_neural_feedback,67,aicc,ude_sir_h2,tv_sir,0
missing_neural_feedback,67,bic,ude_sir_h2,tv_sir,0
missing_neural_feedback,67,gic_eff,ude_sir_h2,tv_sir,0
missing_neural_feedback,67,gic_vol_025,ude_sir_h2,tv_sir,0
missing_neural_feedback,67,gic_vol_050,ude_sir_h2,tv_sir,0
missing_neural_feedback,67,gic_vol_100,ude_sir_h2,tv_sir,0
missing_neural_feedback,67,ogic_e,ude_sir_h2,tv_sir,0
missing_neural_feedback,68,aic,ude_sir_h2,tv_sir,0
missing_neural_feedback,68,aicc,ude_sir_h2,tv_sir,0
missing_neural_feedback,68,bic,ude_sir_h2,tv_sir,0
missing_neural_feedback,68,gic_eff,ude_sir_h2,ude_sir_h2,1
missing_neural_feedback,68,gic_vol_025,ude_sir_h2,ude_sir_h2,1
missing_neural_feedback,68,gic_vol_050,ude_sir_h2,ude_sir_h2,1
missing_neural_feedback,68,gic_vol_100,ude_sir_h2,ude_sir_h2,1
missing_neural_feedback,68,ogic_e,ude_sir_h2,tv_sir,0
missing_neural_feedback,69,aic,ude_sir_h2,tv_sir,0
missing_neural_feedback,69,aicc,ude_sir_h2,tv_sir,0
missing_neural_feedback,69,bic,ude_sir_h2,tv_sir,0
missing_neural_feedback,69,gic_eff,ude_sir_h2,tv_sir,0
missing_neural_feedback,69,gic_vol_025,ude_sir_h2,tv_sir,0
missing_neural_feedback,69,gic_vol_050,ude_sir_h2,tv_sir,0
missing_neural_feedback,69,gic_vol_100,ude_sir_h2,ude_sir_h2,1
missing_neural_feedback,69,ogic_e,ude_sir_h2,tv_sir,0
missing_neural_feedback,70,aic,ude_sir_h2,tv_sir,0
missing_neural_feedback,70,aicc,ude_sir_h2,tv_sir,0
missing_neural_feedback,70,bic,ude_sir_h2,tv_sir,0
missing_neural_feedback,70,gic_eff,ude_sir_h2,neural_ode_h2,0
missing_neural_feedback,70,gic_vol_025,ude_sir_h2,neural_ode_h2,0
missing_neural_feedback,70,gic_vol_050,ude_sir_h2,neural_ode_h2,0
missing_neural_feedback,70,gic_vol_100,ude_sir_h2,neural_ode_h2,0
missing_neural_feedback,70,ogic_e,ude_sir_h2,ude_sir_h2,1
missing_neural_feedback,71,aic,ude_sir_h2,tv_sir,0
missing_neural_feedback,71,aicc,ude_sir_h2,tv_sir,0
missing_neural_feedback,71,bic,ude_sir_h2,tv_sir,0
missing_neural_feedback,71,gic_eff,ude_sir_h2,ude_sir_h2,1
missing_neural_feedback,71,gic_vol_025,ude_sir_h2,ude_sir_h2,1
missing_neural_feedback,71,gic_vol_050,ude_sir_h2,ude_sir_h2,1
missing_neural_feedback,71,gic_vol_100,ude_sir_h2,ude_sir_h2,1
missing_neural_feedback,71,ogic_e,ude_sir_h2,tv_sir,0
missing_neural_feedback,72,aic,ude_sir_h2,tv_sir,0
missing_neural_feedback,72,aicc,ude_sir_h2,tv_sir,0
missing_neural_feedback,72,bic,ude_sir_h2,tv_sir,0
missing_neural_feedback,72,gic_eff,ude_sir_h2,ude_sir_h2,1
missing_neural_feedback,72,gic_vol_025,ude_sir_h2,ude_sir_h2,1
missing_neural_feedback,72,gic_vol_050,ude_sir_h2,ude_sir_h2,1
missing_neural_feedback,72,gic_vol_100,ude_sir_h2,neural_ode_h2,0
missing_neural_feedback,72,ogic_e,ude_sir_h2,ude_sir_h2,1
missing_neural_feedback,73,aic,ude_sir_h2,tv_sir,0
missing_neural_feedback,73,aicc,ude_sir_h2,tv_sir,0
missing_neural_feedback,73,bic,ude_sir_h2,tv_sir,0
missing_neural_feedback,73,gic_eff,ude_sir_h2,tv_sir,0
missing_neural_feedback,73,gic_vol_025,ude_sir_h2,tv_sir,0
missing_neural_feedback,73,gic_vol_050,ude_sir_h2,tv_sir,0
missing_neural_feedback,73,gic_vol_100,ude_sir_h2,tv_sir,0
missing_neural_feedback,73,ogic_e,ude_sir_h2,tv_sir,0
missing_neural_feedback,74,aic,ude_sir_h2,tv_sir,0
missing_neural_feedback,74,aicc,ude_sir_h2,tv_sir,0
missing_neural_feedback,74,bic,ude_sir_h2,tv_sir,0
missing_neural_feedback,74,gic_eff,ude_sir_h2,ude_sir_h2,1
missing_neural_feedback,74,gic_vol_025,ude_sir_h2,ude_sir_h2,1
missing_neural_feedback,74,gic_vol_050,ude_sir_h2,ude_sir_h2,1
missing_neural_feedback,74,gic_vol_100,ude_sir_h2,ude_sir_h2,1
missing_neural_feedback,74,ogic_e,ude_sir_h2,tv_sir,0
missing_neural_feedback,75,aic,ude_sir_h2,tv_sir,0
missing_neural_feedback,75,aicc,ude_sir_h2,tv_sir,0
missing_neural_feedback,75,bic,ude_sir_h2,tv_sir,0
missing_neural_feedback,75,gic_eff,ude_sir_h2,ude_sir_h2,1
missing_neural_feedback,75,gic_vol_025,ude_sir_h2,ude_sir_h2,1
missing_neural_feedback,75,gic_vol_050,ude_sir_h2,ude_sir_h2,1
missing_neural_feedback,75,gic_vol_100,ude_sir_h2,neural_ode_h2,0
missing_neural_feedback,75,ogic_e,ude_sir_h2,tv_sir,0
missing_neural_feedback,76,aic,ude_sir_h2,tv_sir,0
missing_neural_feedback,76,aicc,ude_sir_h2,tv_sir,0
missing_neural_feedback,76,bic,ude_sir_h2,tv_sir,0
missing_neural_feedback,76,gic_eff,ude_sir_h2,ude_sir_h2,1
missing_neural_feedback,76,gic_vol_025,ude_sir_h2,ude_sir_h2,1
missing_neural_feedback,76,gic_vol_050,ude_sir_h2,ude_sir_h2,1
missing_neural_feedback,76,gic_vol_100,ude_sir_h2,ude_sir_h2,1
missing_neural_feedback,76,ogic_e,ude_sir_h2,ude_sir_h2,1
missing_neural_feedback,77,aic,ude_sir_h2,tv_sir,0
missing_neural_feedback,77,aicc,ude_sir_h2,tv_sir,0
missing_neural_feedback,77,bic,ude_sir_h2,tv_sir,0
missing_neural_feedback,77,gic_eff,ude_sir_h2,ude_sir_h2,1
missing_neural_feedback,77,gic_vol_025,ude_sir_h2,ude_sir_h2,1
missing_neural_feedback,77,gic_vol_050,ude_sir_h2,ude_sir_h2,1
missing_neural_feedback,77,gic_vol_100,ude_sir_h2,ude_sir_h2,1
missing_neural_feedback,77,ogic_e,ude_sir_h2,tv_sir,0
missing_neural_feedback,78,aic,ude_sir_h2,tv_sir,0
missing_neural_feedback,78,aicc,ude_sir_h2,tv_sir,0
missing_neural_feedback,78,bic,ude_sir_h2,tv_sir,0
missing_neural_feedback,78,gic_eff,ude_sir_h2,ude_sir_h2,1
missing_neural_feedback,78,gic_vol_025,ude_sir_h2,ude_sir_h2,1
missing_neural_feedback,78,gic_vol_050,ude_sir_h2,ude_sir_h2,1
missing_neural_feedback,78,gic_vol_100,ude_sir_h2,ude_sir_h2,1
missing_neural_feedback,78,ogic_e,ude_sir_h2,tv_sir,0
missing_neural_feedback,79,aic,ude_sir_h2,tv_sir,0
missing_neural_feedback,79,aicc,ude_sir_h2,tv_sir,0
missing_neural_feedback,79,bic,ude_sir_h2,tv_sir,0
missing_neural_feedback,79,gic_eff,ude_sir_h2,tv_sir,0
missing_neural_feedback,79,gic_vol_025,ude_sir_h2,tv_sir,0
missing_neural_feedback,79,gic_vol_050,ude_sir_h2,tv_sir,0
missing_neural_feedback,79,gic_vol_100,ude_sir_h2,tv_sir,0
missing_neural_feedback,79,ogic_e,ude_sir_h2,tv_sir,0
missing_time_varying_transmission,0,aic,tv_sir,tv_sir,1
missing_time_varying_transmission,0,aicc,tv_sir,tv_sir,1
missing_time_varying_transmission,0,bic,tv_sir,tv_sir,1
missing_time_varying_transmission,0,gic_eff,tv_sir,tv_sir,1
missing_time_varying_transmission,0,gic_vol_025,tv_sir,tv_sir,1
missing_time_varying_transmission,0,gic_vol_050,tv_sir,tv_sir,1
missing_time_varying_transmission,0,gic_vol_100,tv_sir,tv_sir,1
missing_time_varying_transmission,0,ogic_e,tv_sir,tv_sir,1
missing_time_varying_transmission,1,aic,tv_sir,tv_sir,1
missing_time_varying_transmission,1,aicc,tv_sir,tv_sir,1
missing_time_varying_transmission,1,bic,tv_sir,tv_sir,1
missing_time_varying_transmission,1,gic_eff,tv_sir,tv_sir,1
missing_time_varying_transmission,1,gic_vol_025,tv_sir,tv_sir,1
missing_time_varying_transmission,1,gic_vol_050,tv_sir,tv_sir,1
missing_time_varying_transmission,1,gic_vol_100,tv_sir,tv_sir,1
missing_time_varying_transmission,1,ogic_e,tv_sir,tv_sir,1
missing_time_varying_transmission,2,aic,tv_sir,tv_sir,1
missing_time_varying_transmission,2,aicc,tv_sir,tv_sir,1
missing_time_varying_transmission,2,bic,tv_sir,tv_sir,1
missing_time_varying_transmission,2,gic_eff,tv_sir,ude_sir_h2,0
missing_time_varying_transmission,2,gic_vol_025,tv_sir,ude_sir_h2,0
missing_time_varying_transmission,2,gic_vol_050,tv_sir,ude_sir_h2,0
missing_time_varying_transmission,2,gic_vol_100,tv_sir,tv_sir,1
missing_time_varying_transmission,2,ogic_e,tv_sir,tv_sir,1
missing_time_varying_transmission,3,aic,tv_sir,tv_sir,1
missing_time_varying_transmission,3,aicc,tv_sir,tv_sir,1
missing_time_varying_transmission,3,bic,tv_sir,tv_sir,1
missing_time_varying_transmission,3,gic_eff,tv_sir,tv_sir,1
missing_time_varying_transmission,3,gic_vol_025,tv_sir,tv_sir,1
missing_time_varying_transmission,3,gic_vol_050,tv_sir,tv_sir,1
missing_time_varying_transmission,3,gic_vol_100,tv_sir,tv_sir,1
missing_time_varying_transmission,3,ogic_e,tv_sir,tv_sir,1
missing_time_varying_transmission,4,aic,tv_sir,tv_sir,1
missing_time_varying_transmission,4,aicc,tv_sir,tv_sir,1
missing_time_varying_transmission,4,bic,tv_sir,tv_sir,1
missing_time_varying_transmission,4,gic_eff,tv_sir,tv_sir,1
missing_time_varying_transmission,4,gic_vol_025,tv_sir,tv_sir,1
missing_time_varying_transmission,4,gic_vol_050,tv_sir,tv_sir,1
missing_time_varying_transmission,4,gic_vol_100,tv_sir,tv_sir,1
missing_time_varying_transmission,4,ogic_e,tv_sir,tv_sir,1
missing_time_varying_transmission,5,aic,tv_sir,tv_sir,1
missing_time_varying_transmission,5,aicc,tv_sir,tv_sir,1
missing_time_varying_transmission,5,bic,tv_sir,tv_sir,1
missing_time_varying_transmission,5,gic_eff,tv_sir,tv_sir,1
missing_time_varying_transmission,5,gic_vol_025,tv_sir,tv_sir,1
missing_time_varying_transmission,5,gic_vol_050,tv_sir,tv_sir,1
missing_time_varying_transmission,5,gic_vol_100,tv_sir,tv_sir,1
missing_time_varying_transmission,5,ogic_e,tv_sir,tv_sir,1
missing_time_varying_transmission,6,aic,tv_sir,tv_sir,1
missing_time_varying_transmission,6,aicc,tv_sir,tv_sir,1
missing_time_varying_transmission,6,bic,tv_sir,tv_sir,1
missing_time_varying_transmission,6,gic_eff,tv_sir,tv_sir,1
missing_time_varying_transmission,6,gic_vol_025,tv_sir,tv_sir,1
missing_time_varying_transmission,6,gic_vol_050,tv_sir,tv_sir,1
missing_time_varying_transmission,6,gic_vol_100,tv_sir,tv_sir,1
missing_time_varying_transmission,6,ogic_e,tv_sir,tv_sir,1
missing_time_varying_transmission,7,aic,tv_sir,tv_sir,1
missing_time_varying_transmission,7,aicc,tv_sir,tv_sir,1
missing_time_varying_transmission,7,bic,tv_sir,tv_sir,1
missing_time_varying_transmission,7,gic_eff,tv_sir,tv_sir,1
missing_time_varying_transmission,7,gic_vol_025,tv_sir,tv_sir,1
missing_time_varying_transmission,7,gic_vol_050,tv_sir,tv_sir,1
missing_time_varying_transmission,7,gic_vol_100,tv_sir,tv_sir,1
missing_time_varying_transmission,7,ogic_e,tv_sir,tv_sir,1
missing_time_varying_transmission,8,aic,tv_sir,tv_sir,1
missing_time_varying_transmission,8,aicc,tv_sir,tv_sir,1
missing_time_varying_transmission,8,bic,tv_sir,tv_sir,1
missing_time_varying_transmission,8,gic_eff,tv_sir,tv_sir,1
missing_time_varying_transmission,8,gic_vol_025,tv_sir,tv_sir,1
missing_time_varying_transmission,8,gic_vol_050,tv_sir,tv_sir,1
missing_time_varying_transmission,8,gic_vol_100,tv_sir,tv_sir,1
missing_time_varying_transmission,8,ogic_e,tv_sir,tv_sir,1
missing_time_varying_transmission,9,aic,tv_sir,tv_sir,1
missing_time_varying_transmission,9,aicc,tv_sir,tv_sir,1
missing_time_varying_transmission,9,bic,tv_sir,tv_sir,1
missing_time_varying_transmission,9,gic_eff,tv_sir,tv_sir,1
missing_time_varying_transmission,9,gic_vol_025,tv_sir,tv_sir,1
missing_time_varying_transmission,9,gic_vol_050,tv_sir,tv_sir,1
missing_time_varying_transmission,9,gic_vol_100,tv_sir,tv_sir,1
missing_time_varying_transmission,9,ogic_e,tv_sir,tv_sir,1
missing_time_varying_transmission,10,aic,tv_sir,tv_sir,1
missing_time_varying_transmission,10,aicc,tv_sir,tv_sir,1
missing_time_varying_transmission,10,bic,tv_sir,tv_sir,1
missing_time_varying_transmission,10,gic_eff,tv_sir,tv_sir,1
missing_time_varying_transmission,10,gic_vol_025,tv_sir,tv_sir,1
missing_time_varying_transmission,10,gic_vol_050,tv_sir,tv_sir,1
missing_time_varying_transmission,10,gic_vol_100,tv_sir,tv_sir,1
missing_time_varying_transmission,10,ogic_e,tv_sir,tv_sir,1
missing_time_varying_transmission,11,aic,tv_sir,tv_sir,1
missing_time_varying_transmission,11,aicc,tv_sir,tv_sir,1
missing_time_varying_transmission,11,bic,tv_sir,tv_sir,1
missing_time_varying_transmission,11,gic_eff,tv_sir,ude_sir_h2,0
missing_time_varying_transmission,11,gic_vol_025,tv_sir,ude_sir_h2,0
missing_time_varying_transmission,11,gic_vol_050,tv_sir,ude_sir_h2,0
missing_time_varying_transmission,11,gic_vol_100,tv_sir,ude_sir_h2,0
missing_time_varying_transmission,11,ogic_e,tv_sir,tv_sir,1
missing_time_varying_transmission,12,aic,tv_sir,tv_sir,1
missing_time_varying_transmission,12,aicc,tv_sir,tv_sir,1
missing_time_varying_transmission,12,bic,tv_sir,tv_sir,1
missing_time_varying_transmission,12,gic_eff,tv_sir,ude_sir_h2,0
missing_time_varying_transmission,12,gic_vol_025,tv_sir,tv_sir,1
missing_time_varying_transmission,12,gic_vol_050,tv_sir,tv_sir,1
missing_time_varying_transmission,12,gic_vol_100,tv_sir,tv_sir,1
missing_time_varying_transmission,12,ogic_e,tv_sir,tv_sir,1
missing_time_varying_transmission,13,aic,tv_sir,tv_sir,1
missing_time_varying_transmission,13,aicc,tv_sir,tv_sir,1
missing_time_varying_transmission,13,bic,tv_sir,tv_sir,1
missing_time_varying_transmission,13,gic_eff,tv_sir,ude_sir_h2,0
missing_time_varying_transmission,13,gic_vol_025,tv_sir,ude_sir_h2,0
missing_time_varying_transmission,13,gic_vol_050,tv_sir,ude_sir_h2,0
missing_time_varying_transmission,13,gic_vol_100,tv_sir,ude_sir_h2,0
missing_time_varying_transmission,13,ogic_e,tv_sir,ude_sir_h2,0
missing_time_varying_transmission,14,aic,tv_sir,tv_sir,1
missing_time_varying_transmission,14,aicc,tv_sir,tv_sir,1
missing_time_varying_transmission,14,bic,tv_sir,tv_sir,1
missing_time_varying_transmission,14,gic_eff,tv_sir,tv_sir,1
missing_time_varying_transmission,14,gic_vol_025,tv_sir,tv_sir,1
missing_time_varying_transmission,14,gic_vol_050,tv_sir,tv_sir,1
missing_time_varying_transmission,14,gic_vol_100,tv_sir,tv_sir,1
missing_time_varying_transmission,14,ogic_e,tv_sir,tv_sir,1
missing_time_varying_transmission,15,aic,tv_sir,tv_sir,1
missing_time_varying_transmission,15,aicc,tv_sir,tv_sir,1
missing_time_varying_transmission,15,bic,tv_sir,tv_sir,1
missing_time_varying_transmission,15,gic_eff,tv_sir,tv_sir,1
missing_time_varying_transmission,15,gic_vol_025,tv_sir,tv_sir,1
missing_time_varying_transmission,15,gic_vol_050,tv_sir,tv_sir,1
missing_time_varying_transmission,15,gic_vol_100,tv_sir,tv_sir,1
missing_time_varying_transmission,15,ogic_e,tv_sir,tv_sir,1
missing_time_varying_transmission,16,aic,tv_sir,tv_sir,1
missing_time_varying_transmission,16,aicc,tv_sir,tv_sir,1
missing_time_varying_transmission,16,bic,tv_sir,tv_sir,1
missing_time_varying_transmission,16,gic_eff,tv_sir,ude_sir_h2,0
missing_time_varying_transmission,16,gic_vol_025,tv_sir,tv_sir,1
missing_time_varying_transmission,16,gic_vol_050,tv_sir,tv_sir,1
missing_time_varying_transmission,16,gic_vol_100,tv_sir,tv_sir,1
missing_time_varying_transmission,16,ogic_e,tv_sir,tv_sir,1
missing_time_varying_transmission,17,aic,tv_sir,tv_sir,1
missing_time_varying_transmission,17,aicc,tv_sir,tv_sir,1
missing_time_varying_transmission,17,bic,tv_sir,tv_sir,1
missing_time_varying_transmission,17,gic_eff,tv_sir,tv_sir,1
missing_time_varying_transmission,17,gic_vol_025,tv_sir,tv_sir,1
missing_time_varying_transmission,17,gic_vol_050,tv_sir,tv_sir,1
missing_time_varying_transmission,17,gic_vol_100,tv_sir,tv_sir,1
missing_time_varying_transmission,17,ogic_e,tv_sir,tv_sir,1
missing_time_varying_transmission,18,aic,tv_sir,tv_sir,1
missing_time_varying_transmission,18,aicc,tv_sir,tv_sir,1
missing_time_varying_transmission,18,bic,tv_sir,tv_sir,1
missing_time_varying_transmission,18,gic_eff,tv_sir,ude_sir_h2,0
missing_time_varying_transmission,18,gic_vol_025,tv_sir,ude_sir_h2,0
missing_time_varying_transmission,18,gic_vol_050,tv_sir,tv_sir,1
missing_time_varying_transmission,18,gic_vol_100,tv_sir,tv_sir,1
missing_time_varying_transmission,18,ogic_e,tv_sir,tv_sir,1
missing_time_varying_transmission,19,aic,tv_sir,tv_sir,1
missing_time_varying_transmission,19,aicc,tv_sir,tv_sir,1
missing_time_varying_transmission,19,bic,tv_sir,tv_sir,1
missing_time_varying_transmission,19,gic_eff,tv_sir,tv_sir,1
missing_time_varying_transmission,19,gic_vol_025,tv_sir,tv_sir,1
missing_time_varying_transmission,19,gic_vol_050,tv_sir,tv_sir,1
missing_time_varying_transmission,19,gic_vol_100,tv_sir,tv_sir,1
missing_time_varying_transmission,19,ogic_e,tv_sir,tv_sir,1
missing_time_varying_transmission,20,aic,tv_sir,tv_sir,1
missing_time_varying_transmission,20,aicc,tv_sir,tv_sir,1
missing_time_varying_transmission,20,bic,tv_sir,tv_sir,1
missing_time_varying_transmission,20,gic_eff,tv_sir,tv_sir,1
missing_time_varying_transmission,20,gic_vol_025,tv_sir,tv_sir,1
missing_time_varying_transmission,20,gic_vol_050,tv_sir,tv_sir,1
missing_time_varying_transmission,20,gic_vol_100,tv_sir,tv_sir,1
missing_time_varying_transmission,20,ogic_e,tv_sir,tv_sir,1
missing_time_varying_transmission,21,aic,tv_sir,tv_sir,1
missing_time_varying_transmission,21,aicc,tv_sir,tv_sir,1
missing_time_varying_transmission,21,bic,tv_sir,tv_sir,1
missing_time_varying_transmission,21,gic_eff,tv_sir,tv_sir,1
missing_time_varying_transmission,21,gic_vol_025,tv_sir,tv_sir,1
missing_time_varying_transmission,21,gic_vol_050,tv_sir,tv_sir,1
missing_time_varying_transmission,21,gic_vol_100,tv_sir,tv_sir,1
missing_time_varying_transmission,21,ogic_e,tv_sir,tv_sir,1
missing_time_varying_transmission,22,aic,tv_sir,tv_sir,1
missing_time_varying_transmission,22,aicc,tv_sir,tv_sir,1
missing_time_varying_transmission,22,bic,tv_sir,tv_sir,1
missing_time_varying_transmission,22,gic_eff,tv_sir,tv_sir,1
missing_time_varying_transmission,22,gic_vol_025,tv_sir,tv_sir,1
missing_time_varying_transmission,22,gic_vol_050,tv_sir,tv_sir,1
missing_time_varying_transmission,22,gic_vol_100,tv_sir,tv_sir,1
missing_time_varying_transmission,22,ogic_e,tv_sir,tv_sir,1
missing_time_varying_transmission,23,aic,tv_sir,tv_sir,1
missing_time_varying_transmission,23,aicc,tv_sir,tv_sir,1
missing_time_varying_transmission,23,bic,tv_sir,tv_sir,1
missing_time_varying_transmission,23,gic_eff,tv_sir,tv_sir,1
missing_time_varying_transmission,23,gic_vol_025,tv_sir,tv_sir,1
missing_time_varying_transmission,23,gic_vol_050,tv_sir,tv_sir,1
missing_time_varying_transmission,23,gic_vol_100,tv_sir,tv_sir,1
missing_time_varying_transmission,23,ogic_e,tv_sir,tv_sir,1
missing_time_varying_transmission,24,aic,tv_sir,tv_sir,1
missing_time_varying_transmission,24,aicc,tv_sir,tv_sir,1
missing_time_varying_transmission,24,bic,tv_sir,tv_sir,1
missing_time_varying_transmission,24,gic_eff,tv_sir,ude_sir_h2,0
missing_time_varying_transmission,24,gic_vol_025,tv_sir,ude_sir_h2,0
missing_time_varying_transmission,24,gic_vol_050,tv_sir,ude_sir_h2,0
missing_time_varying_transmission,24,gic_vol_100,tv_sir,ude_sir_h2,0
missing_time_varying_transmission,24,ogic_e,tv_sir,tv_sir,1
missing_time_varying_transmission,25,aic,tv_sir,tv_sir,1
missing_time_varying_transmission,25,aicc,tv_sir,tv_sir,1
missing_time_varying_transmission,25,bic,tv_sir,tv_sir,1
missing_time_varying_transmission,25,gic_eff,tv_sir,tv_sir,1
missing_time_varying_transmission,25,gic_vol_025,tv_sir,tv_sir,1
missing_time_varying_transmission,25,gic_vol_050,tv_sir,tv_sir,1
missing_time_varying_transmission,25,gic_vol_100,tv_sir,tv_sir,1
missing_time_varying_transmission,25,ogic_e,tv_sir,tv_sir,1
missing_time_varying_transmission,26,aic,tv_sir,tv_sir,1
missing_time_varying_transmission,26,aicc,tv_sir,tv_sir,1
missing_time_varying_transmission,26,bic,tv_sir,tv_sir,1
missing_time_varying_transmission,26,gic_eff,tv_sir,tv_sir,1
missing_time_varying_transmission,26,gic_vol_025,tv_sir,tv_sir,1
missing_time_varying_transmission,26,gic_vol_050,tv_sir,tv_sir,1
missing_time_varying_transmission,26,gic_vol_100,tv_sir,tv_sir,1
missing_time_varying_transmission,26,ogic_e,tv_sir,tv_sir,1
missing_time_varying_transmission,27,aic,tv_sir,tv_sir,1
missing_time_varying_transmission,27,aicc,tv_sir,tv_sir,1
missing_time_varying_transmission,27,bic,tv_sir,tv_sir,1
missing_time_varying_transmission,27,gic_eff,tv_sir,tv_sir,1
missing_time_varying_transmission,27,gic_vol_025,tv_sir,tv_sir,1
missing_time_varying_transmission,27,gic_vol_050,tv_sir,tv_sir,1
missing_time_varying_transmission,27,gic_vol_100,tv_sir,tv_sir,1
missing_time_varying_transmission,27,ogic_e,tv_sir,tv_sir,1
missing_time_varying_transmission,28,aic,tv_sir,tv_sir,1
missing_time_varying_transmission,28,aicc,tv_sir,tv_sir,1
missing_time_varying_transmission,28,bic,tv_sir,tv_sir,1
missing_time_varying_transmission,28,gic_eff,tv_sir,tv_sir,1
missing_time_varying_transmission,28,gic_vol_025,tv_sir,tv_sir,1
missing_time_varying_transmission,28,gic_vol_050,tv_sir,tv_sir,1
missing_time_varying_transmission,28,gic_vol_100,tv_sir,tv_sir,1
missing_time_varying_transmission,28,ogic_e,tv_sir,tv_sir,1
missing_time_varying_transmission,29,aic,tv_sir,tv_sir,1
missing_time_varying_transmission,29,aicc,tv_sir,tv_sir,1
missing_time_varying_transmission,29,bic,tv_sir,tv_sir,1
missing_time_varying_transmission,29,gic_eff,tv_sir,tv_sir,1
missing_time_varying_transmission,29,gic_vol_025,tv_sir,tv_sir,1
missing_time_varying_transmission,29,gic_vol_050,tv_sir,tv_sir,1
missing_time_varying_transmission,29,gic_vol_100,tv_sir,tv_sir,1
missing_time_varying_transmission,29,ogic_e,tv_sir,tv_sir,1
missing_time_varying_transmission,30,aic,tv_sir,tv_sir,1
missing_time_varying_transmission,30,aicc,tv_sir,tv_sir,1
missing_time_varying_transmission,30,bic,tv_sir,tv_sir,1
missing_time_varying_transmission,30,gic_eff,tv_sir,tv_sir,1
missing_time_varying_transmission,30,gic_vol_025,tv_sir,tv_sir,1
missing_time_varying_transmission,30,gic_vol_050,tv_sir,tv_sir,1
missing_time_varying_transmission,30,gic_vol_100,tv_sir,tv_sir,1
missing_time_varying_transmission,30,ogic_e,tv_sir,tv_sir,1
missing_time_varying_transmission,31,aic,tv_sir,tv_sir,1
missing_time_varying_transmission,31,aicc,tv_sir,tv_sir,1
missing_time_varying_transmission,31,bic,tv_sir,tv_sir,1
missing_time_varying_transmission,31,gic_eff,tv_sir,tv_sir,1
missing_time_varying_transmission,31,gic_vol_025,tv_sir,tv_sir,1
missing_time_varying_transmission,31,gic_vol_050,tv_sir,tv_sir,1
missing_time_varying_transmission,31,gic_vol_100,tv_sir,tv_sir,1
missing_time_varying_transmission,31,ogic_e,tv_sir,tv_sir,1
missing_time_varying_transmission,32,aic,tv_sir,tv_sir,1
missing_time_varying_transmission,32,aicc,tv_sir,tv_sir,1
missing_time_varying_transmission,32,bic,tv_sir,tv_sir,1
missing_time_varying_transmission,32,gic_eff,tv_sir,ude_sir_h2,0
missing_time_varying_transmission,32,gic_vol_025,tv_sir,ude_sir_h2,0
missing_time_varying_transmission,32,gic_vol_050,tv_sir,ude_sir_h2,0
missing_time_varying_transmission,32,gic_vol_100,tv_sir,tv_sir,1
missing_time_varying_transmission,32,ogic_e,tv_sir,tv_sir,1
missing_time_varying_transmission,33,aic,tv_sir,tv_sir,1
missing_time_varying_transmission,33,aicc,tv_sir,tv_sir,1
missing_time_varying_transmission,33,bic,tv_sir,tv_sir,1
missing_time_varying_transmission,33,gic_eff,tv_sir,tv_sir,1
missing_time_varying_transmission,33,gic_vol_025,tv_sir,tv_sir,1
missing_time_varying_transmission,33,gic_vol_050,tv_sir,tv_sir,1
missing_time_varying_transmission,33,gic_vol_100,tv_sir,tv_sir,1
missing_time_varying_transmission,33,ogic_e,tv_sir,tv_sir,1
missing_time_varying_transmission,34,aic,tv_sir,tv_sir,1
missing_time_varying_transmission,34,aicc,tv_sir,tv_sir,1
missing_time_varying_transmission,34,bic,tv_sir,tv_sir,1
missing_time_varying_transmission,34,gic_eff,tv_sir,tv_sir,1
missing_time_varying_transmission,34,gic_vol_025,tv_sir,tv_sir,1
missing_time_varying_transmission,34,gic_vol_050,tv_sir,tv_sir,1
missing_time_varying_transmission,34,gic_vol_100,tv_sir,tv_sir,1
missing_time_varying_transmission,34,ogic_e,tv_sir,tv_sir,1
missing_time_varying_transmission,35,aic,tv_sir,tv_sir,1
missing_time_varying_transmission,35,aicc,tv_sir,tv_sir,1
missing_time_varying_transmission,35,bic,tv_sir,tv_sir,1
missing_time_varying_transmission,35,gic_eff,tv_sir,tv_sir,1
missing_time_varying_transmission,35,gic_vol_025,tv_sir,tv_sir,1
missing_time_varying_transmission,35,gic_vol_050,tv_sir,tv_sir,1
missing_time_varying_transmission,35,gic_vol_100,tv_sir,tv_sir,1
missing_time_varying_transmission,35,ogic_e,tv_sir,tv_sir,1
missing_time_varying_transmission,36,aic,tv_sir,tv_sir,1
missing_time_varying_transmission,36,aicc,tv_sir,tv_sir,1
missing_time_varying_transmission,36,bic,tv_sir,tv_sir,1
missing_time_varying_transmission,36,gic_eff,tv_sir,ude_sir_h2,0
missing_time_varying_transmission,36,gic_vol_025,tv_sir,ude_sir_h2,0
missing_time_varying_transmission,36,gic_vol_050,tv_sir,ude_sir_h2,0
missing_time_varying_transmission,36,gic_vol_100,tv_sir,tv_sir,1
missing_time_varying_transmission,36,ogic_e,tv_sir,tv_sir,1
missing_time_varying_transmission,37,aic,tv_sir,tv_sir,1
missing_time_varying_transmission,37,aicc,tv_sir,tv_sir,1
missing_time_varying_transmission,37,bic,tv_sir,tv_sir,1
missing_time_varying_transmission,37,gic_eff,tv_sir,ude_sir_h2,0
missing_time_varying_transmission,37,gic_vol_025,tv_sir,ude_sir_h2,0
missing_time_varying_transmission,37,gic_vol_050,tv_sir,ude_sir_h2,0
missing_time_varying_transmission,37,gic_vol_100,tv_sir,ude_sir_h2,0
missing_time_varying_transmission,37,ogic_e,tv_sir,ude_sir_h2,0
missing_time_varying_transmission,38,aic,tv_sir,tv_sir,1
missing_time_varying_transmission,38,aicc,tv_sir,tv_sir,1
missing_time_varying_transmission,38,bic,tv_sir,tv_sir,1
missing_time_varying_transmission,38,gic_eff,tv_sir,tv_sir,1
missing_time_varying_transmission,38,gic_vol_025,tv_sir,tv_sir,1
missing_time_varying_transmission,38,gic_vol_050,tv_sir,tv_sir,1
missing_time_varying_transmission,38,gic_vol_100,tv_sir,tv_sir,1
missing_time_varying_transmission,38,ogic_e,tv_sir,tv_sir,1
missing_time_varying_transmission,39,aic,tv_sir,tv_sir,1
missing_time_varying_transmission,39,aicc,tv_sir,tv_sir,1
missing_time_varying_transmission,39,bic,tv_sir,tv_sir,1
missing_time_varying_transmission,39,gic_eff,tv_sir,tv_sir,1
missing_time_varying_transmission,39,gic_vol_025,tv_sir,tv_sir,1
missing_time_varying_transmission,39,gic_vol_050,tv_sir,tv_sir,1
missing_time_varying_transmission,39,gic_vol_100,tv_sir,tv_sir,1
missing_time_varying_transmission,39,ogic_e,tv_sir,tv_sir,1
missing_time_varying_transmission,40,aic,tv_sir,tv_sir,1
missing_time_varying_transmission,40,aicc,tv_sir,tv_sir,1
missing_time_varying_transmission,40,bic,tv_sir,tv_sir,1
missing_time_varying_transmission,40,gic_eff,tv_sir,tv_sir,1
missing_time_varying_transmission,40,gic_vol_025,tv_sir,tv_sir,1
missing_time_varying_transmission,40,gic_vol_050,tv_sir,tv_sir,1
missing_time_varying_transmission,40,gic_vol_100,tv_sir,tv_sir,1
missing_time_varying_transmission,40,ogic_e,tv_sir,tv_sir,1
missing_time_varying_transmission,41,aic,tv_sir,tv_sir,1
missing_time_varying_transmission,41,aicc,tv_sir,tv_sir,1
missing_time_varying_transmission,41,bic,tv_sir,tv_sir,1
missing_time_varying_transmission,41,gic_eff,tv_sir,tv_sir,1
missing_time_varying_transmission,41,gic_vol_025,tv_sir,tv_sir,1
missing_time_varying_transmission,41,gic_vol_050,tv_sir,tv_sir,1
missing_time_varying_transmission,41,gic_vol_100,tv_sir,tv_sir,1
missing_time_varying_transmission,41,ogic_e,tv_sir,tv_sir,1
missing_time_varying_transmission,42,aic,tv_sir,tv_sir,1
missing_time_varying_transmission,42,aicc,tv_sir,tv_sir,1
missing_time_varying_transmission,42,bic,tv_sir,tv_sir,1
missing_time_varying_transmission,42,gic_eff,tv_sir,tv_sir,1
missing_time_varying_transmission,42,gic_vol_025,tv_sir,tv_sir,1
missing_time_varying_transmission,42,gic_vol_050,tv_sir,tv_sir,1
missing_time_varying_transmission,42,gic_vol_100,tv_sir,tv_sir,1
missing_time_varying_transmission,42,ogic_e,tv_sir,tv_sir,1
missing_time_varying_transmission,43,aic,tv_sir,tv_sir,1
missing_time_varying_transmission,43,aicc,tv_sir,tv_sir,1
missing_time_varying_transmission,43,bic,tv_sir,tv_sir,1
missing_time_varying_transmission,43,gic_eff,tv_sir,tv_sir,1
missing_time_varying_transmission,43,gic_vol_025,tv_sir,tv_sir,1
missing_time_varying_transmission,43,gic_vol_050,tv_sir,tv_sir,1
missing_time_varying_transmission,43,gic_vol_100,tv_sir,tv_sir,1
missing_time_varying_transmission,43,ogic_e,tv_sir,tv_sir,1
missing_time_varying_transmission,44,aic,tv_sir,tv_sir,1
missing_time_varying_transmission,44,aicc,tv_sir,tv_sir,1
missing_time_varying_transmission,44,bic,tv_sir,tv_sir,1
missing_time_varying_transmission,44,gic_eff,tv_sir,tv_sir,1
missing_time_varying_transmission,44,gic_vol_025,tv_sir,tv_sir,1
missing_time_varying_transmission,44,gic_vol_050,tv_sir,tv_sir,1
missing_time_varying_transmission,44,gic_vol_100,tv_sir,tv_sir,1
missing_time_varying_transmission,44,ogic_e,tv_sir,tv_sir,1
missing_time_varying_transmission,45,aic,tv_sir,tv_sir,1
missing_time_varying_transmission,45,aicc,tv_sir,tv_sir,1
missing_time_varying_transmission,45,bic,tv_sir,tv_sir,1
missing_time_varying_transmission,45,gic_eff,tv_sir,ude_sir_h2,0
missing_time_varying_transmission,45,gic_vol_025,tv_sir,ude_sir_h2,0
missing_time_varying_transmission,45,gic_vol_050,tv_sir,ude_sir_h2,0
missing_time_varying_transmission,45,gic_vol_100,tv_sir,tv_sir,1
missing_time_varying_transmission,45,ogic_e,tv_sir,tv_sir,1
missing_time_varying_transmission,46,aic,tv_sir,tv_sir,1
missing_time_varying_transmission,46,aicc,tv_sir,tv_sir,1
missing_time_varying_transmission,46,bic,tv_sir,tv_sir,1
missing_time_varying_transmission,46,gic_eff,tv_sir,tv_sir,1
missing_time_varying_transmission,46,gic_vol_025,tv_sir,tv_sir,1
missing_time_varying_transmission,46,gic_vol_050,tv_sir,tv_sir,1
missing_time_varying_transmission,46,gic_vol_100,tv_sir,tv_sir,1
missing_time_varying_transmission,46,ogic_e,tv_sir,tv_sir,1
missing_time_varying_transmission,47,aic,tv_sir,tv_sir,1
missing_time_varying_transmission,47,aicc,tv_sir,tv_sir,1
missing_time_varying_transmission,47,bic,tv_sir,tv_sir,1
missing_time_varying_transmission,47,gic_eff,tv_sir,tv_sir,1
missing_time_varying_transmission,47,gic_vol_025,tv_sir,tv_sir,1
missing_time_varying_transmission,47,gic_vol_050,tv_sir,tv_sir,1
missing_time_varying_transmission,47,gic_vol_100,tv_sir,tv_sir,1
missing_time_varying_transmission,47,ogic_e,tv_sir,tv_sir,1
missing_time_varying_transmission,48,aic,tv_sir,tv_sir,1
missing_time_varying_transmission,48,aicc,tv_sir,tv_sir,1
missing_time_varying_transmission,48,bic,tv_sir,tv_sir,1
missing_time_varying_transmission,48,gic_eff,tv_sir,tv_sir,1
missing_time_varying_transmission,48,gic_vol_025,tv_sir,tv_sir,1
missing_time_varying_transmission,48,gic_vol_050,tv_sir,tv_sir,1
missing_time_varying_transmission,48,gic_vol_100,tv_sir,tv_sir,1
missing_time_varying_transmission,48,ogic_e,tv_sir,tv_sir,1
missing_time_varying_transmission,49,aic,tv_sir,tv_sir,1
missing_time_varying_transmission,49,aicc,tv_sir,tv_sir,1
missing_time_varying_transmission,49,bic,tv_sir,tv_sir,1
missing_time_varying_transmission,49,gic_eff,tv_sir,tv_sir,1
missing_time_varying_transmission,49,gic_vol_025,tv_sir,tv_sir,1
missing_time_varying_transmission,49,gic_vol_050,tv_sir,tv_sir,1
missing_time_varying_transmission,49,gic_vol_100,tv_sir,tv_sir,1
missing_time_varying_transmission,49,ogic_e,tv_sir,tv_sir,1
missing_time_varying_transmission,50,aic,tv_sir,tv_sir,1
missing_time_varying_transmission,50,aicc,tv_sir,tv_sir,1
missing_time_varying_transmission,50,bic,tv_sir,tv_sir,1
missing_time_varying_transmission,50,gic_eff,tv_sir,tv_sir,1
missing_time_varying_transmission,50,gic_vol_025,tv_sir,tv_sir,1
missing_time_varying_transmission,50,gic_vol_050,tv_sir,tv_sir,1
missing_time_varying_transmission,50,gic_vol_100,tv_sir,tv_sir,1
missing_time_varying_transmission,50,ogic_e,tv_sir,tv_sir,1
missing_time_varying_transmission,51,aic,tv_sir,tv_sir,1
missing_time_varying_transmission,51,aicc,tv_sir,tv_sir,1
missing_time_varying_transmission,51,bic,tv_sir,tv_sir,1
missing_time_varying_transmission,51,gic_eff,tv_sir,tv_sir,1
missing_time_varying_transmission,51,gic_vol_025,tv_sir,tv_sir,1
missing_time_varying_transmission,51,gic_vol_050,tv_sir,tv_sir,1
missing_time_varying_transmission,51,gic_vol_100,tv_sir,tv_sir,1
missing_time_varying_transmission,51,ogic_e,tv_sir,tv_sir,1
missing_time_varying_transmission,52,aic,tv_sir,tv_sir,1
missing_time_varying_transmission,52,aicc,tv_sir,tv_sir,1
missing_time_varying_transmission,52,bic,tv_sir,tv_sir,1
missing_time_varying_transmission,52,gic_eff,tv_sir,tv_sir,1
missing_time_varying_transmission,52,gic_vol_025,tv_sir,tv_sir,1
missing_time_varying_transmission,52,gic_vol_050,tv_sir,tv_sir,1
missing_time_varying_transmission,52,gic_vol_100,tv_sir,tv_sir,1
missing_time_varying_transmission,52,ogic_e,tv_sir,tv_sir,1
missing_time_varying_transmission,53,aic,tv_sir,tv_sir,1
missing_time_varying_transmission,53,aicc,tv_sir,tv_sir,1
missing_time_varying_transmission,53,bic,tv_sir,tv_sir,1
missing_time_varying_transmission,53,gic_eff,tv_sir,tv_sir,1
missing_time_varying_transmission,53,gic_vol_025,tv_sir,tv_sir,1
missing_time_varying_transmission,53,gic_vol_050,tv_sir,tv_sir,1
missing_time_varying_transmission,53,gic_vol_100,tv_sir,tv_sir,1
missing_time_varying_transmission,53,ogic_e,tv_sir,tv_sir,1
missing_time_varying_transmission,54,aic,tv_sir,tv_sir,1
missing_time_varying_transmission,54,aicc,tv_sir,tv_sir,1
missing_time_varying_transmission,54,bic,tv_sir,tv_sir,1
missing_time_varying_transmission,54,gic_eff,tv_sir,ude_sir_h2,0
missing_time_varying_transmission,54,gic_vol_025,tv_sir,ude_sir_h2,0
missing_time_varying_transmission,54,gic_vol_050,tv_sir,ude_sir_h2,0
missing_time_varying_transmission,54,gic_vol_100,tv_sir,ude_sir_h2,0
missing_time_varying_transmission,54,ogic_e,tv_sir,tv_sir,1
missing_time_varying_transmission,55,aic,tv_sir,tv_sir,1
missing_time_varying_transmission,55,aicc,tv_sir,tv_sir,1
missing_time_varying_transmission,55,bic,tv_sir,tv_sir,1
missing_time_varying_transmission,55,gic_eff,tv_sir,tv_sir,1
missing_time_varying_transmission,55,gic_vol_025,tv_sir,tv_sir,1
missing_time_varying_transmission,55,gic_vol_050,tv_sir,tv_sir,1
missing_time_varying_transmission,55,gic_vol_100,tv_sir,tv_sir,1
missing_time_varying_transmission,55,ogic_e,tv_sir,tv_sir,1
missing_time_varying_transmission,56,aic,tv_sir,tv_sir,1
missing_time_varying_transmission,56,aicc,tv_sir,tv_sir,1
missing_time_varying_transmission,56,bic,tv_sir,tv_sir,1
missing_time_varying_transmission,56,gic_eff,tv_sir,tv_sir,1
missing_time_varying_transmission,56,gic_vol_025,tv_sir,tv_sir,1
missing_time_varying_transmission,56,gic_vol_050,tv_sir,tv_sir,1
missing_time_varying_transmission,56,gic_vol_100,tv_sir,tv_sir,1
missing_time_varying_transmission,56,ogic_e,tv_sir,tv_sir,1
missing_time_varying_transmission,57,aic,tv_sir,tv_sir,1
missing_time_varying_transmission,57,aicc,tv_sir,tv_sir,1
missing_time_varying_transmission,57,bic,tv_sir,tv_sir,1
missing_time_varying_transmission,57,gic_eff,tv_sir,tv_sir,1
missing_time_varying_transmission,57,gic_vol_025,tv_sir,tv_sir,1
missing_time_varying_transmission,57,gic_vol_050,tv_sir,tv_sir,1
missing_time_varying_transmission,57,gic_vol_100,tv_sir,tv_sir,1
missing_time_varying_transmission,57,ogic_e,tv_sir,tv_sir,1
missing_time_varying_transmission,58,aic,tv_sir,tv_sir,1
missing_time_varying_transmission,58,aicc,tv_sir,tv_sir,1
missing_time_varying_transmission,58,bic,tv_sir,tv_sir,1
missing_time_varying_transmission,58,gic_eff,tv_sir,tv_sir,1
missing_time_varying_transmission,58,gic_vol_025,tv_sir,tv_sir,1
missing_time_varying_transmission,58,gic_vol_050,tv_sir,tv_sir,1
missing_time_varying_transmission,58,gic_vol_100,tv_sir,tv_sir,1
missing_time_varying_transmission,58,ogic_e,tv_sir,tv_sir,1
missing_time_varying_transmission,59,aic,tv_sir,tv_sir,1
missing_time_varying_transmission,59,aicc,tv_sir,tv_sir,1
missing_time_varying_transmission,59,bic,tv_sir,tv_sir,1
missing_time_varying_transmission,59,gic_eff,tv_sir,ude_sir_h2,0
missing_time_varying_transmission,59,gic_vol_025,tv_sir,tv_sir,1
missing_time_varying_transmission,59,gic_vol_050,tv_sir,tv_sir,1
missing_time_varying_transmission,59,gic_vol_100,tv_sir,tv_sir,1
missing_time_varying_transmission,59,ogic_e,tv_sir,tv_sir,1
missing_time_varying_transmission,60,aic,tv_sir,tv_sir,1
missing_time_varying_transmission,60,aicc,tv_sir,tv_sir,1
missing_time_varying_transmission,60,bic,tv_sir,tv_sir,1
missing_time_varying_transmission,60,gic_eff,tv_sir,tv_sir,1
missing_time_varying_transmission,60,gic_vol_025,tv_sir,tv_sir,1
missing_time_varying_transmission,60,gic_vol_050,tv_sir,tv_sir,1
missing_time_varying_transmission,60,gic_vol_100,tv_sir,tv_sir,1
missing_time_varying_transmission,60,ogic_e,tv_sir,tv_sir,1
missing_time_varying_transmission,61,aic,tv_sir,tv_sir,1
missing_time_varying_transmission,61,aicc,tv_sir,tv_sir,1
missing_time_varying_transmission,61,bic,tv_sir,tv_sir,1
missing_time_varying_transmission,61,gic_eff,tv_sir,tv_sir,1
missing_time_varying_transmission,61,gic_vol_025,tv_sir,tv_sir,1
missing_time_varying_transmission,61,gic_vol_050,tv_sir,tv_sir,1
missing_time_varying_transmission,61,gic_vol_100,tv_sir,tv_sir,1
missing_time_varying_transmission,61,ogic_e,tv_sir,tv_sir,1
missing_time_varying_transmission,62,aic,tv_sir,tv_sir,1
missing_time_varying_transmission,62,aicc,tv_sir,tv_sir,1
missing_time_varying_transmission,62,bic,tv_sir,tv_sir,1
missing_time_varying_transmission,62,gic_eff,tv_sir,tv_sir,1
missing_time_varying_transmission,62,gic_vol_025,tv_sir,tv_sir,1
missing_time_varying_transmission,62,gic_vol_050,tv_sir,tv_sir,1
missing_time_varying_transmission,62,gic_vol_100,tv_sir,tv_sir,1
missing_time_varying_transmission,62,ogic_e,tv_sir,tv_sir,1
missing_time_varying_transmission,63,aic,tv_sir,tv_sir,1
missing_time_varying_transmission,63,aicc,tv_sir,tv_sir,1
missing_time_varying_transmission,63,bic,tv_sir,tv_sir,1
missing_time_varying_transmission,63,gic_eff,tv_sir,tv_sir,1
missing_time_varying_transmission,63,gic_vol_025,tv_sir,tv_sir,1
missing_time_varying_transmission,63,gic_vol_050,tv_sir,tv_sir,1
missing_time_varying_transmission,63,gic_vol_100,tv_sir,tv_sir,1
missing_time_varying_transmission,63,ogic_e,tv_sir,tv_sir,1
missing_time_varying_transmission,64,aic,tv_sir,tv_sir,1
missing_time_varying_transmission,64,aicc,tv_sir,tv_sir,1
missing_time_varying_transmission,64,bic,tv_sir,tv_sir,1
missing_time_varying_transmission,64,gic_eff,tv_sir,tv_sir,1
missing_time_varying_transmission,64,gic_vol_025,tv_sir,tv_sir,1
missing_time_varying_transmission,64,gic_vol_050,tv_sir,tv_sir,1
missing_time_varying_transmission,64,gic_vol_100,tv_sir,tv_sir,1
missing_time_varying_transmission,64,ogic_e,tv_sir,tv_sir,1
missing_time_varying_transmission,65,aic,tv_sir,tv_sir,1
missing_time_varying_transmission,65,aicc,tv_sir,tv_sir,1
missing_time_varying_transmission,65,bic,tv_sir,tv_sir,1
missing_time_varying_transmission,65,gic_eff,tv_sir,tv_sir,1
missing_time_varying_transmission,65,gic_vol_025,tv_sir,tv_sir,1
missing_time_varying_transmission,65,gic_vol_050,tv_sir,tv_sir,1
missing_time_varying_transmission,65,gic_vol_100,tv_sir,tv_sir,1
missing_time_varying_transmission,65,ogic_e,tv_sir,tv_sir,1
missing_time_varying_transmission,66,aic,tv_sir,tv_sir,1
missing_time_varying_transmission,66,aicc,tv_sir,tv_sir,1
missing_time_varying_transmission,66,bic,tv_sir,tv_sir,1
missing_time_varying_transmission,66,gic_eff,tv_sir,tv_sir,1
missing_time_varying_transmission,66,gic_vol_025,tv_sir,tv_sir,1
missing_time_varying_transmission,66,gic_vol_050,tv_sir,tv_sir,1
missing_time_varying_transmission,66,gic_vol_100,tv_sir,tv_sir,1
missing_time_varying_transmission,66,ogic_e,tv_sir,tv_sir,1
missing_time_varying_transmission,67,aic,tv_sir,tv_sir,1
missing_time_varying_transmission,67,aicc,tv_sir,tv_sir,1
missing_time_varying_transmission,67,bic,tv_sir,tv_sir,1
missing_time_varying_transmission,67,gic_eff,tv_sir,tv_sir,1
missing_time_varying_transmission,67,gic_vol_025,tv_sir,tv_sir,1
missing_time_varying_transmission,67,gic_vol_050,tv_sir,tv_sir,1
missing_time_varying_transmission,67,gic_vol_100,tv_sir,tv_sir,1
missing_time_varying_transmission,67,ogic_e,tv_sir,tv_sir,1
missing_time_varying_transmission,68,aic,tv_sir,tv_sir,1
missing_time_varying_transmission,68,aicc,tv_sir,tv_sir,1
missing_time_varying_transmission,68,bic,tv_sir,tv_sir,1
missing_time_varying_transmission,68,gic_eff,tv_sir,tv_sir,1
missing_time_varying_transmission,68,gic_vol_025,tv_sir,tv_sir,1
missing_time_varying_transmission,68,gic_vol_050,tv_sir,tv_sir,1
missing_time_varying_transmission,68,gic_vol_100,tv_sir,tv_sir,1
missing_time_varying_transmission,68,ogic_e,tv_sir,tv_sir,1
missing_time_varying_transmission,69,aic,tv_sir,tv_sir,1
missing_time_varying_transmission,69,aicc,tv_sir,tv_sir,1
missing_time_varying_transmission,69,bic,tv_sir,tv_sir,1
missing_time_varying_transmission,69,gic_eff,tv_sir,tv_sir,1
missing_time_varying_transmission,69,gic_vol_025,tv_sir,tv_sir,1
missing_time_varying_transmission,69,gic_vol_050,tv_sir,tv_sir,1
missing_time_varying_transmission,69,gic_vol_100,tv_sir,tv_sir,1
missing_time_varying_transmission,69,ogic_e,tv_sir,tv_sir,1
missing_time_varying_transmission,70,aic,tv_sir,tv_sir,1
missing_time_varying_transmission,70,aicc,tv_sir,tv_sir,1
missing_time_varying_transmission,70,bic,tv_sir,tv_sir,1
missing_time_varying_transmission,70,gic_eff,tv_sir,tv_sir,1
missing_time_varying_transmission,70,gic_vol_025,tv_sir,tv_sir,1
missing_time_varying_transmission,70,gic_vol_050,tv_sir,tv_sir,1
missing_time_varying_transmission,70,gic_vol_100,tv_sir,tv_sir,1
missing_time_varying_transmission,70,ogic_e,tv_sir,tv_sir,1
missing_time_varying_transmission,71,aic,tv_sir,tv_sir,1
missing_time_varying_transmission,71,aicc,tv_sir,tv_sir,1
missing_time_varying_transmission,71,bic,tv_sir,tv_sir,1
missing_time_varying_transmission,71,gic_eff,tv_sir,tv_sir,1
missing_time_varying_transmission,71,gic_vol_025,tv_sir,tv_sir,1
missing_time_varying_transmission,71,gic_vol_050,tv_sir,tv_sir,1
missing_time_varying_transmission,71,gic_vol_100,tv_sir,tv_sir,1
missing_time_varying_transmission,71,ogic_e,tv_sir,tv_sir,1
missing_time_varying_transmission,72,aic,tv_sir,tv_sir,1
missing_time_varying_transmission,72,aicc,tv_sir,tv_sir,1
missing_time_varying_transmission,72,bic,tv_sir,tv_sir,1
missing_time_varying_transmission,72,gic_eff,tv_sir,tv_sir,1
missing_time_varying_transmission,72,gic_vol_025,tv_sir,tv_sir,1
missing_time_varying_transmission,72,gic_vol_050,tv_sir,tv_sir,1
missing_time_varying_transmission,72,gic_vol_100,tv_sir,tv_sir,1
missing_time_varying_transmission,72,ogic_e,tv_sir,tv_sir,1
missing_time_varying_transmission,73,aic,tv_sir,tv_sir,1
missing_time_varying_transmission,73,aicc,tv_sir,tv_sir,1
missing_time_varying_transmission,73,bic,tv_sir,tv_sir,1
missing_time_varying_transmission,73,gic_eff,tv_sir,tv_sir,1
missing_time_varying_transmission,73,gic_vol_025,tv_sir,tv_sir,1
missing_time_varying_transmission,73,gic_vol_050,tv_sir,tv_sir,1
missing_time_varying_transmission,73,gic_vol_100,tv_sir,tv_sir,1
missing_time_varying_transmission,73,ogic_e,tv_sir,tv_sir,1
missing_time_varying_transmission,74,aic,tv_sir,tv_sir,1
missing_time_varying_transmission,74,aicc,tv_sir,tv_sir,1
missing_time_varying_transmission,74,bic,tv_sir,tv_sir,1
missing_time_varying_transmission,74,gic_eff,tv_sir,tv_sir,1
missing_time_varying_transmission,74,gic_vol_025,tv_sir,tv_sir,1
missing_time_varying_transmission,74,gic_vol_050,tv_sir,tv_sir,1
missing_time_varying_transmission,74,gic_vol_100,tv_sir,tv_sir,1
missing_time_varying_transmission,74,ogic_e,tv_sir,tv_sir,1
missing_time_varying_transmission,75,aic,tv_sir,tv_sir,1
missing_time_varying_transmission,75,aicc,tv_sir,tv_sir,1
missing_time_varying_transmission,75,bic,tv_sir,tv_sir,1
missing_time_varying_transmission,75,gic_eff,tv_sir,tv_sir,1
missing_time_varying_transmission,75,gic_vol_025,tv_sir,tv_sir,1
missing_time_varying_transmission,75,gic_vol_050,tv_sir,tv_sir,1
missing_time_varying_transmission,75,gic_vol_100,tv_sir,tv_sir,1
missing_time_varying_transmission,75,ogic_e,tv_sir,tv_sir,1
missing_time_varying_transmission,76,aic,tv_sir,tv_sir,1
missing_time_varying_transmission,76,aicc,tv_sir,tv_sir,1
missing_time_varying_transmission,76,bic,tv_sir,tv_sir,1
missing_time_varying_transmission,76,gic_eff,tv_sir,tv_sir,1
missing_time_varying_transmission,76,gic_vol_025,tv_sir,tv_sir,1
missing_time_varying_transmission,76,gic_vol_050,tv_sir,tv_sir,1
missing_time_varying_transmission,76,gic_vol_100,tv_sir,tv_sir,1
missing_time_varying_transmission,76,ogic_e,tv_sir,tv_sir,1
missing_time_varying_transmission,77,aic,tv_sir,tv_sir,1
missing_time_varying_transmission,77,aicc,tv_sir,tv_sir,1
missing_time_varying_transmission,77,bic,tv_sir,tv_sir,1
missing_time_varying_transmission,77,gic_eff,tv_sir,tv_sir,1
missing_time_varying_transmission,77,gic_vol_025,tv_sir,tv_sir,1
missing_time_varying_transmission,77,gic_vol_050,tv_sir,tv_sir,1
missing_time_varying_transmission,77,gic_vol_100,tv_sir,tv_sir,1
missing_time_varying_transmission,77,ogic_e,tv_sir,tv_sir,1
missing_time_varying_transmission,78,aic,tv_sir,tv_sir,1
missing_time_varying_transmission,78,aicc,tv_sir,tv_sir,1
missing_time_varying_transmission,78,bic,tv_sir,tv_sir,1
missing_time_varying_transmission,78,gic_eff,tv_sir,tv_sir,1
missing_time_varying_transmission,78,gic_vol_025,tv_sir,tv_sir,1
missing_time_varying_transmission,78,gic_vol_050,tv_sir,tv_sir,1
missing_time_varying_transmission,78,gic_vol_100,tv_sir,tv_sir,1
missing_time_varying_transmission,78,ogic_e,tv_sir,tv_sir,1
missing_time_varying_transmission,79,aic,tv_sir,tv_sir,1
missing_time_varying_transmission,79,aicc,tv_sir,tv_sir,1
missing_time_varying_transmission,79,bic,tv_sir,tv_sir,1
missing_time_varying_transmission,79,gic_eff,tv_sir,tv_sir,1
missing_time_varying_transmission,79,gic_vol_025,tv_sir,tv_sir,1
missing_time_varying_transmission,79,gic_vol_050,tv_sir,tv_sir,1
missing_time_varying_transmission,79,gic_vol_100,tv_sir,tv_sir,1
missing_time_varying_transmission,79,ogic_e,tv_sir,tv_sir,1
noisy_sir_overfit_risk,0,aic,sir,sir,1
noisy_sir_overfit_risk,0,aicc,sir,sir,1
noisy_sir_overfit_risk,0,bic,sir,sir,1
noisy_sir_overfit_risk,0,gic_eff,sir,seir,0
noisy_sir_overfit_risk,0,gic_vol_025,sir,seir,0
noisy_sir_overfit_risk,0,gic_vol_050,sir,seir,0
noisy_sir_overfit_risk,0,gic_vol_100,sir,seir,0
noisy_sir_overfit_risk,0,ogic_e,sir,seir,0
noisy_sir_overfit_risk,1,aic,sir,sir,1
noisy_sir_overfit_risk,1,aicc,sir,sir,1
noisy_sir_overfit_risk,1,bic,sir,sir,1
noisy_sir_overfit_risk,1,gic_eff,sir,sir,1
noisy_sir_overfit_risk,1,gic_vol_025,sir,sir,1
noisy_sir_overfit_risk,1,gic_vol_050,sir,sir,1
noisy_sir_overfit_risk,1,gic_vol_100,sir,sir,1
noisy_sir_overfit_risk,1,ogic_e,sir,sir,1
noisy_sir_overfit_risk,2,aic,sir,seir,0
noisy_sir_overfit_risk,2,aicc,sir,sir,1
noisy_sir_overfit_risk,2,bic,sir,sir,1
noisy_sir_overfit_risk,2,gic_eff,sir,seir,0
noisy_sir_overfit_risk,2,gic_vol_025,sir,seir,0
noisy_sir_overfit_risk,2,gic_vol_050,sir,seir,0
noisy_sir_overfit_risk,2,gic_vol_100,sir,seir,0
noisy_sir_overfit_risk,2,ogic_e,sir,seir,0
noisy_sir_overfit_risk,3,aic,sir,sir,1
noisy_sir_overfit_risk,3,aicc,sir,sir,1
noisy_sir_overfit_risk,3,bic,sir,sir,1
noisy_sir_overfit_risk,3,gic_eff,sir,sir,1
noisy_sir_overfit_risk,3,gic_vol_025,sir,sir,1
noisy_sir_overfit_risk,3,gic_vol_050,sir,sir,1
noisy_sir_overfit_risk,3,gic_vol_100,sir,sir,1
noisy_sir_overfit_risk,3,ogic_e,sir,sir,1
noisy_sir_overfit_risk,4,aic,sir,sir,1
noisy_sir_overfit_risk,4,aicc,sir,sir,1
noisy_sir_overfit_risk,4,bic,sir,sir,1
noisy_sir_overfit_risk,4,gic_eff,sir,sir,1
noisy_sir_overfit_risk,4,gic_vol_025,sir,sir,1
noisy_sir_overfit_risk,4,gic_vol_050,sir,sir,1
noisy_sir_overfit_risk,4,gic_vol_100,sir,sir,1
noisy_sir_overfit_risk,4,ogic_e,sir,sir,1
noisy_sir_overfit_risk,5,aic,sir,sir,1
noisy_sir_overfit_risk,5,aicc,sir,sir,1
noisy_sir_overfit_risk,5,bic,sir,sir,1
noisy_sir_overfit_risk,5,gic_eff,sir,sir,1
noisy_sir_overfit_risk,5,gic_vol_025,sir,sir,1
noisy_sir_overfit_risk,5,gic_vol_050,sir,sir,1
noisy_sir_overfit_risk,5,gic_vol_100,sir,sir,1
noisy_sir_overfit_risk,5,ogic_e,sir,sir,1
noisy_sir_overfit_risk,6,aic,sir,sir,1
noisy_sir_overfit_risk,6,aicc,sir,sir,1
noisy_sir_overfit_risk,6,bic,sir,sir,1
noisy_sir_overfit_risk,6,gic_eff,sir,seir,0
noisy_sir_overfit_risk,6,gic_vol_025,sir,seir,0
noisy_sir_overfit_risk,6,gic_vol_050,sir,seir,0
noisy_sir_overfit_risk,6,gic_vol_100,sir,seir,0
noisy_sir_overfit_risk,6,ogic_e,sir,seir,0
noisy_sir_overfit_risk,7,aic,sir,sir,1
noisy_sir_overfit_risk,7,aicc,sir,sir,1
noisy_sir_overfit_risk,7,bic,sir,sir,1
noisy_sir_overfit_risk,7,gic_eff,sir,seir,0
noisy_sir_overfit_risk,7,gic_vol_025,sir,seir,0
noisy_sir_overfit_risk,7,gic_vol_050,sir,seir,0
noisy_sir_overfit_risk,7,gic_vol_100,sir,seir,0
noisy_sir_overfit_risk,7,ogic_e,sir,seir,0
noisy_sir_overfit_risk,8,aic,sir,sir,1
noisy_sir_overfit_risk,8,aicc,sir,sir,1
noisy_sir_overfit_risk,8,bic,sir,sir,1
noisy_sir_overfit_risk,8,gic_eff,sir,sir,1
noisy_sir_overfit_risk,8,gic_vol_025,sir,sir,1
noisy_sir_overfit_risk,8,gic_vol_050,sir,sir,1
noisy_sir_overfit_risk,8,gic_vol_100,sir,sir,1
noisy_sir_overfit_risk,8,ogic_e,sir,sir,1
noisy_sir_overfit_risk,9,aic,sir,seir,0
noisy_sir_overfit_risk,9,aicc,sir,seir,0
noisy_sir_overfit_risk,9,bic,sir,sir,1
noisy_sir_overfit_risk,9,gic_eff,sir,sir,1
noisy_sir_overfit_risk,9,gic_vol_025,sir,sir,1
noisy_sir_overfit_risk,9,gic_vol_050,sir,sir,1
noisy_sir_overfit_risk,9,gic_vol_100,sir,sir,1
noisy_sir_overfit_risk,9,ogic_e,sir,ude_sir_h2,0
noisy_sir_overfit_risk,10,aic,sir,sir,1
noisy_sir_overfit_risk,10,aicc,sir,sir,1
noisy_sir_overfit_risk,10,bic,sir,sir,1
noisy_sir_overfit_risk,10,gic_eff,sir,sir,1
noisy_sir_overfit_risk,10,gic_vol_025,sir,sir,1
noisy_sir_overfit_risk,10,gic_vol_050,sir,sir,1
noisy_sir_overfit_risk,10,gic_vol_100,sir,sir,1
noisy_sir_overfit_risk,10,ogic_e,sir,sir,1
noisy_sir_overfit_risk,11,aic,sir,seir,0
noisy_sir_overfit_risk,11,aicc,sir,seir,0
noisy_sir_overfit_risk,11,bic,sir,seir,0
noisy_sir_overfit_risk,11,gic_eff,sir,tv_sir,0
noisy_sir_overfit_risk,11,gic_vol_025,sir,ude_sir_h2,0
noisy_sir_overfit_risk,11,gic_vol_050,sir,ude_sir_h2,0
noisy_sir_overfit_risk,11,gic_vol_100,sir,seir,0
noisy_sir_overfit_risk,11,ogic_e,sir,ude_sir_h2,0
noisy_sir_overfit_risk,12,aic,sir,sir,1
noisy_sir_overfit_risk,12,aicc,sir,sir,1
noisy_sir_overfit_risk,12,bic,sir,sir,1
noisy_sir_overfit_risk,12,gic_eff,sir,sir,1
noisy_sir_overfit_risk,12,gic_vol_025,sir,sir,1
noisy_sir_overfit_risk,12,gic_vol_050,sir,sir,1
noisy_sir_overfit_risk,12,gic_vol_100,sir,sir,1
noisy_sir_overfit_risk,12,ogic_e,sir,sir,1
noisy_sir_overfit_risk,13,aic,sir,sir,1
noisy_sir_overfit_risk,13,aicc,sir,sir,1
noisy_sir_overfit_risk,13,bic,sir,sir,1
noisy_sir_overfit_risk,13,gic_eff,sir,sir,1
noisy_sir_overfit_risk,13,gic_vol_025,sir,sir,1
noisy_sir_overfit_risk,13,gic_vol_050,sir,sir,1
noisy_sir_overfit_risk,13,gic_vol_100,sir,sir,1
noisy_sir_overfit_risk,13,ogic_e,sir,sir,1
noisy_sir_overfit_risk,14,aic,sir,seir,0
noisy_sir_overfit_risk,14,aicc,sir,seir,0
noisy_sir_overfit_risk,14,bic,sir,sir,1
noisy_sir_overfit_risk,14,gic_eff,sir,seir,0
noisy_sir_overfit_risk,14,gic_vol_025,sir,seir,0
noisy_sir_overfit_risk,14,gic_vol_050,sir,seir,0
noisy_sir_overfit_risk,14,gic_vol_100,sir,seir,0
noisy_sir_overfit_risk,14,ogic_e,sir,seir,0
noisy_sir_overfit_risk,15,aic,sir,sir,1
noisy_sir_overfit_risk,15,aicc,sir,sir,1
noisy_sir_overfit_risk,15,bic,sir,sir,1
noisy_sir_overfit_risk,15,gic_eff,sir,sir,1
noisy_sir_overfit_risk,15,gic_vol_025,sir,sir,1
noisy_sir_overfit_risk,15,gic_vol_050,sir,sir,1
noisy_sir_overfit_risk,15,gic_vol_100,sir,sir,1
noisy_sir_overfit_risk,15,ogic_e,sir,sir,1
noisy_sir_overfit_risk,16,aic,sir,seir,0
noisy_sir_overfit_risk,16,aicc,sir,seir,0
noisy_sir_overfit_risk,16,bic,sir,sir,1
noisy_sir_overfit_risk,16,gic_eff,sir,seir,0
noisy_sir_overfit_risk,16,gic_vol_025,sir,seir,0
noisy_sir_overfit_risk,16,gic_vol_050,sir,seir,0
noisy_sir_overfit_risk,16,gic_vol_100,sir,seir,0
noisy_sir_overfit_risk,16,ogic_e,sir,seir,0
noisy_sir_overfit_risk,17,aic,sir,tv_sir,0
noisy_sir_overfit_risk,17,aicc,sir,sir,1
noisy_sir_overfit_risk,17,bic,sir,sir,1
noisy_sir_overfit_risk,17,gic_eff,sir,tv_sir,0
noisy_sir_overfit_risk,17,gic_vol_025,sir,ude_sir_h2,0
noisy_sir_overfit_risk,17,gic_vol_050,sir,ude_sir_h2,0
noisy_sir_overfit_risk,17,gic_vol_100,sir,sir,1
noisy_sir_overfit_risk,17,ogic_e,sir,ude_sir_h2,0
noisy_sir_overfit_risk,18,aic,sir,sir,1
noisy_sir_overfit_risk,18,aicc,sir,sir,1
noisy_sir_overfit_risk,18,bic,sir,sir,1
noisy_sir_overfit_risk,18,gic_eff,sir,sir,1
noisy_sir_overfit_risk,18,gic_vol_025,sir,sir,1
noisy_sir_overfit_risk,18,gic_vol_050,sir,sir,1
noisy_sir_overfit_risk,18,gic_vol_100,sir,sir,1
noisy_sir_overfit_risk,18,ogic_e,sir,sir,1
noisy_sir_overfit_risk,19,aic,sir,sir,1
noisy_sir_overfit_risk,19,aicc,sir,sir,1
noisy_sir_overfit_risk,19,bic,sir,sir,1
noisy_sir_overfit_risk,19,gic_eff,sir,sir,1
noisy_sir_overfit_risk,19,gic_vol_025,sir,sir,1
noisy_sir_overfit_risk,19,gic_vol_050,sir,sir,1
noisy_sir_overfit_risk,19,gic_vol_100,sir,sir,1
noisy_sir_overfit_risk,19,ogic_e,sir,sir,1
noisy_sir_overfit_risk,20,aic,sir,sir,1
noisy_sir_overfit_risk,20,aicc,sir,sir,1
noisy_sir_overfit_risk,20,bic,sir,sir,1
noisy_sir_overfit_risk,20,gic_eff,sir,sir,1
noisy_sir_overfit_risk,20,gic_vol_025,sir,sir,1
noisy_sir_overfit_risk,20,gic_vol_050,sir,sir,1
noisy_sir_overfit_risk,20,gic_vol_100,sir,sir,1
noisy_sir_overfit_risk,20,ogic_e,sir,sir,1
noisy_sir_overfit_risk,21,aic,sir,sir,1
noisy_sir_overfit_risk,21,aicc,sir,sir,1
noisy_sir_overfit_risk,21,bic,sir,sir,1
noisy_sir_overfit_risk,21,gic_eff,sir,seir,0
noisy_sir_overfit_risk,21,gic_vol_025,sir,seir,0
noisy_sir_overfit_risk,21,gic_vol_050,sir,seir,0
noisy_sir_overfit_risk,21,gic_vol_100,sir,seir,0
noisy_sir_overfit_risk,21,ogic_e,sir,seir,0
noisy_sir_overfit_risk,22,aic,sir,sir,1
noisy_sir_overfit_risk,22,aicc,sir,sir,1
noisy_sir_overfit_risk,22,bic,sir,sir,1
noisy_sir_overfit_risk,22,gic_eff,sir,sir,1
noisy_sir_overfit_risk,22,gic_vol_025,sir,sir,1
noisy_sir_overfit_risk,22,gic_vol_050,sir,sir,1
noisy_sir_overfit_risk,22,gic_vol_100,sir,sir,1
noisy_sir_overfit_risk,22,ogic_e,sir,sir,1
noisy_sir_overfit_risk,23,aic,sir,sir,1
noisy_sir_overfit_risk,23,aicc,sir,sir,1
noisy_sir_overfit_risk,23,bic,sir,sir,1
noisy_sir_overfit_risk,23,gic_eff,sir,sir,1
noisy_sir_overfit_risk,23,gic_vol_025,sir,sir,1
noisy_sir_overfit_risk,23,gic_vol_050,sir,sir,1
noisy_sir_overfit_risk,23,gic_vol_100,sir,sir,1
noisy_sir_overfit_risk,23,ogic_e,sir,sir,1
noisy_sir_overfit_risk,24,aic,sir,sir,1
noisy_sir_overfit_risk,24,aicc,sir,sir,1
noisy_sir_overfit_risk,24,bic,sir,sir,1
noisy_sir_overfit_risk,24,gic_eff,sir,sir,1
noisy_sir_overfit_risk,24,gic_vol_025,sir,sir,1
noisy_sir_overfit_risk,24,gic_vol_050,sir,sir,1
noisy_sir_overfit_risk,24,gic_vol_100,sir,sir,1
noisy_sir_overfit_risk,24,ogic_e,sir,sir,1
noisy_sir_overfit_risk,25,aic,sir,sir,1
noisy_sir_overfit_risk,25,aicc,sir,sir,1
noisy_sir_overfit_risk,25,bic,sir,sir,1
noisy_sir_overfit_risk,25,gic_eff,sir,sir,1
noisy_sir_overfit_risk,25,gic_vol_025,sir,sir,1
noisy_sir_overfit_risk,25,gic_vol_050,sir,sir,1
noisy_sir_overfit_risk,25,gic_vol_100,sir,sir,1
noisy_sir_overfit_risk,25,ogic_e,sir,sir,1
noisy_sir_overfit_risk,26,aic,sir,sir,1
noisy_sir_overfit_risk,26,aicc,sir,sir,1
noisy_sir_overfit_risk,26,bic,sir,sir,1
noisy_sir_overfit_risk,26,gic_eff,sir,sir,1
noisy_sir_overfit_risk,26,gic_vol_025,sir,sir,1
noisy_sir_overfit_risk,26,gic_vol_050,sir,sir,1
noisy_sir_overfit_risk,26,gic_vol_100,sir,seir,0
noisy_sir_overfit_risk,26,ogic_e,sir,sir,1
noisy_sir_overfit_risk,27,aic,sir,sir,1
noisy_sir_overfit_risk,27,aicc,sir,sir,1
noisy_sir_overfit_risk,27,bic,sir,sir,1
noisy_sir_overfit_risk,27,gic_eff,sir,sir,1
noisy_sir_overfit_risk,27,gic_vol_025,sir,sir,1
noisy_sir_overfit_risk,27,gic_vol_050,sir,sir,1
noisy_sir_overfit_risk,27,gic_vol_100,sir,sir,1
noisy_sir_overfit_risk,27,ogic_e,sir,sir,1
noisy_sir_overfit_risk,28,aic,sir,sir,1
noisy_sir_overfit_risk,28,aicc,sir,sir,1
noisy_sir_overfit_risk,28,bic,sir,sir,1
noisy_sir_overfit_risk,28,gic_eff,sir,sir,1
noisy_sir_overfit_risk,28,gic_vol_025,sir,sir,1
noisy_sir_overfit_risk,28,gic_vol_050,sir,sir,1
noisy_sir_overfit_risk,28,gic_vol_100,sir,sir,1
noisy_sir_overfit_risk,28,ogic_e,sir,sir,1
noisy_sir_overfit_risk,29,aic,sir,sir,1
noisy_sir_overfit_risk,29,aicc,sir,sir,1
noisy_sir_overfit_risk,29,bic,sir,sir,1
noisy_sir_overfit_risk,29,gic_eff,sir,sir,1
noisy_sir_overfit_risk,29,gic_vol_025,sir,sir,1
noisy_sir_overfit_risk,29,gic_vol_050,sir,sir,1
noisy_sir_overfit_risk,29,gic_vol_100,sir,sir,1
noisy_sir_overfit_risk,29,ogic_e,sir,sir,1
noisy_sir_overfit_risk,30,aic,sir,sir,1
noisy_sir_overfit_risk,30,aicc,sir,sir,1
noisy_sir_overfit_risk,30,bic,sir,sir,1
noisy_sir_overfit_risk,30,gic_eff,sir,sir,1
noisy_sir_overfit_risk,30,gic_vol_025,sir,sir,1
noisy_sir_overfit_risk,30,gic_vol_050,sir,sir,1
noisy_sir_overfit_risk,30,gic_vol_100,sir,sir,1
noisy_sir_overfit_risk,30,ogic_e,sir,sir,1
noisy_sir_overfit_risk,31,aic,sir,sir,1
noisy_sir_overfit_risk,31,aicc,sir,sir,1
noisy_sir_overfit_risk,31,bic,sir,sir,1
noisy_sir_overfit_risk,31,gic_eff,sir,sir,1
noisy_sir_overfit_risk,31,gic_vol_025,sir,sir,1
noisy_sir_overfit_risk,31,gic_vol_050,sir,sir,1
noisy_sir_overfit_risk,31,gic_vol_100,sir,sir,1
noisy_sir_overfit_risk,31,ogic_e,sir,sir,1
noisy_sir_overfit_risk,32,aic,sir,sir,1
noisy_sir_overfit_risk,32,aicc,sir,sir,1
noisy_sir_overfit_risk,32,bic,sir,sir,1
noisy_sir_overfit_risk,32,gic_eff,sir,seir,0
noisy_sir_overfit_risk,32,gic_vol_025,sir,seir,0
noisy_sir_overfit_risk,32,gic_vol_050,sir,seir,0
noisy_sir_overfit_risk,32,gic_vol_100,sir,seir,0
noisy_sir_overfit_risk,32,ogic_e,sir,seir,0
noisy_sir_overfit_risk,33,aic,sir,sir,1
noisy_sir_overfit_risk,33,aicc,sir,sir,1
noisy_sir_overfit_risk,33,bic,sir,sir,1
noisy_sir_overfit_risk,33,gic_eff,sir,seir,0
noisy_sir_overfit_risk,33,gic_vol_025,sir,seir,0
noisy_sir_overfit_risk,33,gic_vol_050,sir,seir,0
noisy_sir_overfit_risk,33,gic_vol_100,sir,seir,0
noisy_sir_overfit_risk,33,ogic_e,sir,seir,0
noisy_sir_overfit_risk,34,aic,sir,sir,1
noisy_sir_overfit_risk,34,aicc,sir,sir,1
noisy_sir_overfit_risk,34,bic,sir,sir,1
noisy_sir_overfit_risk,34,gic_eff,sir,sir,1
noisy_sir_overfit_risk,34,gic_vol_025,sir,sir,1
noisy_sir_overfit_risk,34,gic_vol_050,sir,sir,1
noisy_sir_overfit_risk,34,gic_vol_100,sir,sir,1
noisy_sir_overfit_risk,34,ogic_e,sir,sir,1
noisy_sir_overfit_risk,35,aic,sir,seir,0
noisy_sir_overfit_risk,35,aicc,sir,seir,0
noisy_sir_overfit_risk,35,bic,sir,seir,0
noisy_sir_overfit_risk,35,gic_eff,sir,seir,0
noisy_sir_overfit_risk,35,gic_vol_025,sir,seir,0
noisy_sir_overfit_risk,35,gic_vol_050,sir,seir,0
noisy_sir_overfit_risk,35,gic_vol_100,sir,seir,0
noisy_sir_overfit_risk,35,ogic_e,sir,ude_sir_h2,0
noisy_sir_overfit_risk,36,aic,sir,sir,1
noisy_sir_overfit_risk,36,aicc,sir,sir,1
noisy_sir_overfit_risk,36,bic,sir,sir,1
noisy_sir_overfit_risk,36,gic_eff,sir,sir,1
noisy_sir_overfit_risk,36,gic_vol_025,sir,sir,1
noisy_sir_overfit_risk,36,gic_vol_050,sir,sir,1
noisy_sir_overfit_risk,36,gic_vol_100,sir,sir,1
noisy_sir_overfit_risk,36,ogic_e,sir,sir,1
noisy_sir_overfit_risk,37,aic,sir,sir,1
noisy_sir_overfit_risk,37,aicc,sir,sir,1
noisy_sir_overfit_risk,37,bic,sir,sir,1
noisy_sir_overfit_risk,37,gic_eff,sir,sir,1
noisy_sir_overfit_risk,37,gic_vol_025,sir,sir,1
noisy_sir_overfit_risk,37,gic_vol_050,sir,sir,1
noisy_sir_overfit_risk,37,gic_vol_100,sir,sir,1
noisy_sir_overfit_risk,37,ogic_e,sir,ude_sir_h2,0
noisy_sir_overfit_risk,38,aic,sir,sir,1
noisy_sir_overfit_risk,38,aicc,sir,sir,1
noisy_sir_overfit_risk,38,bic,sir,sir,1
noisy_sir_overfit_risk,38,gic_eff,sir,sir,1
noisy_sir_overfit_risk,38,gic_vol_025,sir,sir,1
noisy_sir_overfit_risk,38,gic_vol_050,sir,sir,1
noisy_sir_overfit_risk,38,gic_vol_100,sir,sir,1
noisy_sir_overfit_risk,38,ogic_e,sir,sir,1
noisy_sir_overfit_risk,39,aic,sir,sir,1
noisy_sir_overfit_risk,39,aicc,sir,sir,1
noisy_sir_overfit_risk,39,bic,sir,sir,1
noisy_sir_overfit_risk,39,gic_eff,sir,sir,1
noisy_sir_overfit_risk,39,gic_vol_025,sir,sir,1
noisy_sir_overfit_risk,39,gic_vol_050,sir,sir,1
noisy_sir_overfit_risk,39,gic_vol_100,sir,sir,1
noisy_sir_overfit_risk,39,ogic_e,sir,sir,1
noisy_sir_overfit_risk,40,aic,sir,sir,1
noisy_sir_overfit_risk,40,aicc,sir,sir,1
noisy_sir_overfit_risk,40,bic,sir,sir,1
noisy_sir_overfit_risk,40,gic_eff,sir,sir,1
noisy_sir_overfit_risk,40,gic_vol_025,sir,sir,1
noisy_sir_overfit_risk,40,gic_vol_050,sir,sir,1
noisy_sir_overfit_risk,40,gic_vol_100,sir,sir,1
noisy_sir_overfit_risk,40,ogic_e,sir,sir,1
noisy_sir_overfit_risk,41,aic,sir,sir,1
noisy_sir_overfit_risk,41,aicc,sir,sir,1
noisy_sir_overfit_risk,41,bic,sir,sir,1
noisy_sir_overfit_risk,41,gic_eff,sir,sir,1
noisy_sir_overfit_risk,41,gic_vol_025,sir,sir,1
noisy_sir_overfit_risk,41,gic_vol_050,sir,sir,1
noisy_sir_overfit_risk,41,gic_vol_100,sir,sir,1
noisy_sir_overfit_risk,41,ogic_e,sir,sir,1
noisy_sir_overfit_risk,42,aic,sir,seir,0
noisy_sir_overfit_risk,42,aicc,sir,seir,0
noisy_sir_overfit_risk,42,bic,sir,seir,0
noisy_sir_overfit_risk,42,gic_eff,sir,seir,0
noisy_sir_overfit_risk,42,gic_vol_025,sir,seir,0
noisy_sir_overfit_risk,42,gic_vol_050,sir,seir,0
noisy_sir_overfit_risk,42,gic_vol_100,sir,seir,0
noisy_sir_overfit_risk,42,ogic_e,sir,seir,0
noisy_sir_overfit_risk,43,aic,sir,seir,0
noisy_sir_overfit_risk,43,aicc,sir,seir,0
noisy_sir_overfit_risk,43,bic,sir,seir,0
noisy_sir_overfit_risk,43,gic_eff,sir,seir,0
noisy_sir_overfit_risk,43,gic_vol_025,sir,seir,0
noisy_sir_overfit_risk,43,gic_vol_050,sir,seir,0
noisy_sir_overfit_risk,43,gic_vol_100,sir,seir,0
noisy_sir_overfit_risk,43,ogic_e,sir,seir,0
noisy_sir_overfit_risk,44,aic,sir,sir,1
noisy_sir_overfit_risk,44,aicc,sir,sir,1
noisy_sir_overfit_risk,44,bic,sir,sir,1
noisy_sir_overfit_risk,44,gic_eff,sir,sir,1
noisy_sir_overfit_risk,44,gic_vol_025,sir,sir,1
noisy_sir_overfit_risk,44,gic_vol_050,sir,sir,1
noisy_sir_overfit_risk,44,gic_vol_100,sir,sir,1
noisy_sir_overfit_risk,44,ogic_e,sir,sir,1
noisy_sir_overfit_risk,45,aic,sir,tv_sir,0
noisy_sir_overfit_risk,45,aicc,sir,sir,1
noisy_sir_overfit_risk,45,bic,sir,sir,1
noisy_sir_overfit_risk,45,gic_eff,sir,tv_sir,0
noisy_sir_overfit_risk,45,gic_vol_025,sir,sir,1
noisy_sir_overfit_risk,45,gic_vol_050,sir,sir,1
noisy_sir_overfit_risk,45,gic_vol_100,sir,sir,1
noisy_sir_overfit_risk,45,ogic_e,sir,ude_sir_h2,0
noisy_sir_overfit_risk,46,aic,sir,sir,1
noisy_sir_overfit_risk,46,aicc,sir,sir,1
noisy_sir_overfit_risk,46,bic,sir,sir,1
noisy_sir_overfit_risk,46,gic_eff,sir,sir,1
noisy_sir_overfit_risk,46,gic_vol_025,sir,sir,1
noisy_sir_overfit_risk,46,gic_vol_050,sir,sir,1
noisy_sir_overfit_risk,46,gic_vol_100,sir,sir,1
noisy_sir_overfit_risk,46,ogic_e,sir,sir,1
noisy_sir_overfit_risk,47,aic,sir,sir,1
noisy_sir_overfit_risk,47,aicc,sir,sir,1
noisy_sir_overfit_risk,47,bic,sir,sir,1
noisy_sir_overfit_risk,47,gic_eff,sir,sir,1
noisy_sir_overfit_risk,47,gic_vol_025,sir,sir,1
noisy_sir_overfit_risk,47,gic_vol_050,sir,sir,1
noisy_sir_overfit_risk,47,gic_vol_100,sir,sir,1
noisy_sir_overfit_risk,47,ogic_e,sir,sir,1
noisy_sir_overfit_risk,48,aic,sir,sir,1
noisy_sir_overfit_risk,48,aicc,sir,sir,1
noisy_sir_overfit_risk,48,bic,sir,sir,1
noisy_sir_overfit_risk,48,gic_eff,sir,sir,1
noisy_sir_overfit_risk,48,gic_vol_025,sir,sir,1
noisy_sir_overfit_risk,48,gic_vol_050,sir,sir,1
noisy_sir_overfit_risk,48,gic_vol_100,sir,sir,1
noisy_sir_overfit_risk,48,ogic_e,sir,sir,1
noisy_sir_overfit_risk,49,aic,sir,seir,0
noisy_sir_overfit_risk,49,aicc,sir,seir,0
noisy_sir_overfit_risk,49,bic,sir,seir,0
noisy_sir_overfit_risk,49,gic_eff,sir,seir,0
noisy_sir_overfit_risk,49,gic_vol_025,sir,seir,0
noisy_sir_overfit_risk,49,gic_vol_050,sir,seir,0
noisy_sir_overfit_risk,49,gic_vol_100,sir,sir,1
noisy_sir_overfit_risk,49,ogic_e,sir,ude_sir_h2,0
noisy_sir_overfit_risk,50,aic,sir,sir,1
noisy_sir_overfit_risk,50,aicc,sir,sir,1
noisy_sir_overfit_risk,50,bic,sir,sir,1
noisy_sir_overfit_risk,50,gic_eff,sir,sir,1
noisy_sir_overfit_risk,50,gic_vol_025,sir,sir,1
noisy_sir_overfit_risk,50,gic_vol_050,sir,sir,1
noisy_sir_overfit_risk,50,gic_vol_100,sir,seir,0
noisy_sir_overfit_risk,50,ogic_e,sir,seir,0
noisy_sir_overfit_risk,51,aic,sir,sir,1
noisy_sir_overfit_risk,51,aicc,sir,sir,1
noisy_sir_overfit_risk,51,bic,sir,sir,1
noisy_sir_overfit_risk,51,gic_eff,sir,sir,1
noisy_sir_overfit_risk,51,gic_vol_025,sir,sir,1
noisy_sir_overfit_risk,51,gic_vol_050,sir,sir,1
noisy_sir_overfit_risk,51,gic_vol_100,sir,sir,1
noisy_sir_overfit_risk,51,ogic_e,sir,sir,1
noisy_sir_overfit_risk,52,aic,sir,sir,1
noisy_sir_overfit_risk,52,aicc,sir,sir,1
noisy_sir_overfit_risk,52,bic,sir,sir,1
noisy_sir_overfit_risk,52,gic_eff,sir,sir,1
noisy_sir_overfit_risk,52,gic_vol_025,sir,sir,1
noisy_sir_overfit_risk,52,gic_vol_050,sir,sir,1
noisy_sir_overfit_risk,52,gic_vol_100,sir,sir,1
noisy_sir_overfit_risk,52,ogic_e,sir,sir,1
noisy_sir_overfit_risk,53,aic,sir,sir,1
noisy_sir_overfit_risk,53,aicc,sir,sir,1
noisy_sir_overfit_risk,53,bic,sir,sir,1
noisy_sir_overfit_risk,53,gic_eff,sir,sir,1
noisy_sir_overfit_risk,53,gic_vol_025,sir,sir,1
noisy_sir_overfit_risk,53,gic_vol_050,sir,sir,1
noisy_sir_overfit_risk,53,gic_vol_100,sir,sir,1
noisy_sir_overfit_risk,53,ogic_e,sir,sir,1
noisy_sir_overfit_risk,54,aic,sir,sir,1
noisy_sir_overfit_risk,54,aicc,sir,sir,1
noisy_sir_overfit_risk,54,bic,sir,sir,1
noisy_sir_overfit_risk,54,gic_eff,sir,sir,1
noisy_sir_overfit_risk,54,gic_vol_025,sir,sir,1
noisy_sir_overfit_risk,54,gic_vol_050,sir,sir,1
noisy_sir_overfit_risk,54,gic_vol_100,sir,sir,1
noisy_sir_overfit_risk,54,ogic_e,sir,sir,1
noisy_sir_overfit_risk,55,aic,sir,sir,1
noisy_sir_overfit_risk,55,aicc,sir,sir,1
noisy_sir_overfit_risk,55,bic,sir,sir,1
noisy_sir_overfit_risk,55,gic_eff,sir,sir,1
noisy_sir_overfit_risk,55,gic_vol_025,sir,sir,1
noisy_sir_overfit_risk,55,gic_vol_050,sir,sir,1
noisy_sir_overfit_risk,55,gic_vol_100,sir,sir,1
noisy_sir_overfit_risk,55,ogic_e,sir,sir,1
noisy_sir_overfit_risk,56,aic,sir,seir,0
noisy_sir_overfit_risk,56,aicc,sir,seir,0
noisy_sir_overfit_risk,56,bic,sir,sir,1
noisy_sir_overfit_risk,56,gic_eff,sir,seir,0
noisy_sir_overfit_risk,56,gic_vol_025,sir,seir,0
noisy_sir_overfit_risk,56,gic_vol_050,sir,sir,1
noisy_sir_overfit_risk,56,gic_vol_100,sir,sir,1
noisy_sir_overfit_risk,56,ogic_e,sir,sir,1
noisy_sir_overfit_risk,57,aic,sir,sir,1
noisy_sir_overfit_risk,57,aicc,sir,sir,1
noisy_sir_overfit_risk,57,bic,sir,sir,1
noisy_sir_overfit_risk,57,gic_eff,sir,sir,1
noisy_sir_overfit_risk,57,gic_vol_025,sir,sir,1
noisy_sir_overfit_risk,57,gic_vol_050,sir,sir,1
noisy_sir_overfit_risk,57,gic_vol_100,sir,sir,1
noisy_sir_overfit_risk,57,ogic_e,sir,sir,1
noisy_sir_overfit_risk,58,aic,sir,sir,1
noisy_sir_overfit_risk,58,aicc,sir,sir,1
noisy_sir_overfit_risk,58,bic,sir,sir,1
noisy_sir_overfit_risk,58,gic_eff,sir,sir,1
noisy_sir_overfit_risk,58,gic_vol_025,sir,sir,1
noisy_sir_overfit_risk,58,gic_vol_050,sir,sir,1
noisy_sir_overfit_risk,58,gic_vol_100,sir,sir,1
noisy_sir_overfit_risk,58,ogic_e,sir,sir,1
noisy_sir_overfit_risk,59,aic,sir,sir,1
noisy_sir_overfit_risk,59,aicc,sir,sir,1
noisy_sir_overfit_risk,59,bic,sir,sir,1
noisy_sir_overfit_risk,59,gic_eff,sir,seir,0
noisy_sir_overfit_risk,59,gic_vol_025,sir,seir,0
noisy_sir_overfit_risk,59,gic_vol_050,sir,seir,0
noisy_sir_overfit_risk,59,gic_vol_100,sir,seir,0
noisy_sir_overfit_risk,59,ogic_e,sir,seir,0
noisy_sir_overfit_risk,60,aic,sir,seir,0
noisy_sir_overfit_risk,60,aicc,sir,seir,0
noisy_sir_overfit_risk,60,bic,sir,sir,1
noisy_sir_overfit_risk,60,gic_eff,sir,seir,0
noisy_sir_overfit_risk,60,gic_vol_025,sir,seir,0
noisy_sir_overfit_risk,60,gic_vol_050,sir,seir,0
noisy_sir_overfit_risk,60,gic_vol_100,sir,seir,0
noisy_sir_overfit_risk,60,ogic_e,sir,seir,0
noisy_sir_overfit_risk,61,aic,sir,seir,0
noisy_sir_overfit_risk,61,aicc,sir,sir,1
noisy_sir_overfit_risk,61,bic,sir,sir,1
noisy_sir_overfit_risk,61,gic_eff,sir,seir,0
noisy_sir_overfit_risk,61,gic_vol_025,sir,seir,0
noisy_sir_overfit_risk,61,gic_vol_050,sir,seir,0
noisy_sir_overfit_risk,61,gic_vol_100,sir,seir,0
noisy_sir_overfit_risk,61,ogic_e,sir,seir,0
noisy_sir_overfit_risk,62,aic,sir,sir,1
noisy_sir_overfit_risk,62,aicc,sir,sir,1
noisy_sir_overfit_risk,62,bic,sir,sir,1
noisy_sir_overfit_risk,62,gic_eff,sir,sir,1
noisy_sir_overfit_risk,62,gic_vol_025,sir,sir,1
noisy_sir_overfit_risk,62,gic_vol_050,sir,sir,1
noisy_sir_overfit_risk,62,gic_vol_100,sir,sir,1
noisy_sir_overfit_risk,62,ogic_e,sir,sir,1
noisy_sir_overfit_risk,63,aic,sir,sir,1
noisy_sir_overfit_risk,63,aicc,sir,sir,1
noisy_sir_overfit_risk,63,bic,sir,sir,1
noisy_sir_overfit_risk,63,gic_eff,sir,sir,1
noisy_sir_overfit_risk,63,gic_vol_025,sir,sir,1
noisy_sir_overfit_risk,63,gic_vol_050,sir,sir,1
noisy_sir_overfit_risk,63,gic_vol_100,sir,sir,1
noisy_sir_overfit_risk,63,ogic_e,sir,sir,1
noisy_sir_overfit_risk,64,aic,sir,sir,1
noisy_sir_overfit_risk,64,aicc,sir,sir,1
noisy_sir_overfit_risk,64,bic,sir,sir,1
noisy_sir_overfit_risk,64,gic_eff,sir,sir,1
noisy_sir_overfit_risk,64,gic_vol_025,sir,sir,1
noisy_sir_overfit_risk,64,gic_vol_050,sir,sir,1
noisy_sir_overfit_risk,64,gic_vol_100,sir,sir,1
noisy_sir_overfit_risk,64,ogic_e,sir,sir,1
noisy_sir_overfit_risk,65,aic,sir,sir,1
noisy_sir_overfit_risk,65,aicc,sir,sir,1
noisy_sir_overfit_risk,65,bic,sir,sir,1
noisy_sir_overfit_risk,65,gic_eff,sir,sir,1
noisy_sir_overfit_risk,65,gic_vol_025,sir,sir,1
noisy_sir_overfit_risk,65,gic_vol_050,sir,sir,1
noisy_sir_overfit_risk,65,gic_vol_100,sir,sir,1
noisy_sir_overfit_risk,65,ogic_e,sir,sir,1
noisy_sir_overfit_risk,66,aic,sir,seir,0
noisy_sir_overfit_risk,66,aicc,sir,seir,0
noisy_sir_overfit_risk,66,bic,sir,seir,0
noisy_sir_overfit_risk,66,gic_eff,sir,seir,0
noisy_sir_overfit_risk,66,gic_vol_025,sir,seir,0
noisy_sir_overfit_risk,66,gic_vol_050,sir,seir,0
noisy_sir_overfit_risk,66,gic_vol_100,sir,seir,0
noisy_sir_overfit_risk,66,ogic_e,sir,seir,0
noisy_sir_overfit_risk,67,aic,sir,sir,1
noisy_sir_overfit_risk,67,aicc,sir,sir,1
noisy_sir_overfit_risk,67,bic,sir,sir,1
noisy_sir_overfit_risk,67,gic_eff,sir,sir,1
noisy_sir_overfit_risk,67,gic_vol_025,sir,sir,1
noisy_sir_overfit_risk,67,gic_vol_050,sir,sir,1
noisy_sir_overfit_risk,67,gic_vol_100,sir,sir,1
noisy_sir_overfit_risk,67,ogic_e,sir,sir,1
noisy_sir_overfit_risk,68,aic,sir,sir,1
noisy_sir_overfit_risk,68,aicc,sir,sir,1
noisy_sir_overfit_risk,68,bic,sir,sir,1
noisy_sir_overfit_risk,68,gic_eff,sir,sir,1
noisy_sir_overfit_risk,68,gic_vol_025,sir,sir,1
noisy_sir_overfit_risk,68,gic_vol_050,sir,sir,1
noisy_sir_overfit_risk,68,gic_vol_100,sir,sir,1
noisy_sir_overfit_risk,68,ogic_e,sir,sir,1
noisy_sir_overfit_risk,69,aic,sir,sir,1
noisy_sir_overfit_risk,69,aicc,sir,sir,1
noisy_sir_overfit_risk,69,bic,sir,sir,1
noisy_sir_overfit_risk,69,gic_eff,sir,sir,1
noisy_sir_overfit_risk,69,gic_vol_025,sir,sir,1
noisy_sir_overfit_risk,69,gic_vol_050,sir,sir,1
noisy_sir_overfit_risk,69,gic_vol_100,sir,sir,1
noisy_sir_overfit_risk,69,ogic_e,sir,sir,1
noisy_sir_overfit_risk,70,aic,sir,sir,1
noisy_sir_overfit_risk,70,aicc,sir,sir,1
noisy_sir_overfit_risk,70,bic,sir,sir,1
noisy_sir_overfit_risk,70,gic_eff,sir,sir,1
noisy_sir_overfit_risk,70,gic_vol_025,sir,sir,1
noisy_sir_overfit_risk,70,gic_vol_050,sir,sir,1
noisy_sir_overfit_risk,70,gic_vol_100,sir,sir,1
noisy_sir_overfit_risk,70,ogic_e,sir,sir,1
noisy_sir_overfit_risk,71,aic,sir,sir,1
noisy_sir_overfit_risk,71,aicc,sir,sir,1
noisy_sir_overfit_risk,71,bic,sir,sir,1
noisy_sir_overfit_risk,71,gic_eff,sir,seir,0
noisy_sir_overfit_risk,71,gic_vol_025,sir,seir,0
noisy_sir_overfit_risk,71,gic_vol_050,sir,seir,0
noisy_sir_overfit_risk,71,gic_vol_100,sir,seir,0
noisy_sir_overfit_risk,71,ogic_e,sir,seir,0
noisy_sir_overfit_risk,72,aic,sir,sir,1
noisy_sir_overfit_risk,72,aicc,sir,sir,1
noisy_sir_overfit_risk,72,bic,sir,sir,1
noisy_sir_overfit_risk,72,gic_eff,sir,sir,1
noisy_sir_overfit_risk,72,gic_vol_025,sir,sir,1
noisy_sir_overfit_risk,72,gic_vol_050,sir,sir,1
noisy_sir_overfit_risk,72,gic_vol_100,sir,sir,1
noisy_sir_overfit_risk,72,ogic_e,sir,sir,1
noisy_sir_overfit_risk,73,aic,sir,seir,0
noisy_sir_overfit_risk,73,aicc,sir,seir,0
noisy_sir_overfit_risk,73,bic,sir,sir,1
noisy_sir_overfit_risk,73,gic_eff,sir,sir,1
noisy_sir_overfit_risk,73,gic_vol_025,sir,sir,1
noisy_sir_overfit_risk,73,gic_vol_050,sir,sir,1
noisy_sir_overfit_risk,73,gic_vol_100,sir,sir,1
noisy_sir_overfit_risk,73,ogic_e,sir,ude_sir_h2,0
noisy_sir_overfit_risk,74,aic,sir,sir,1
noisy_sir_overfit_risk,74,aicc,sir,sir,1
noisy_sir_overfit_risk,74,bic,sir,sir,1
noisy_sir_overfit_risk,74,gic_eff,sir,sir,1
noisy_sir_overfit_risk,74,gic_vol_025,sir,sir,1
noisy_sir_overfit_risk,74,gic_vol_050,sir,sir,1
noisy_sir_overfit_risk,74,gic_vol_100,sir,sir,1
noisy_sir_overfit_risk,74,ogic_e,sir,sir,1
noisy_sir_overfit_risk,75,aic,sir,sir,1
noisy_sir_overfit_risk,75,aicc,sir,sir,1
noisy_sir_overfit_risk,75,bic,sir,sir,1
noisy_sir_overfit_risk,75,gic_eff,sir,sir,1
noisy_sir_overfit_risk,75,gic_vol_025,sir,sir,1
noisy_sir_overfit_risk,75,gic_vol_050,sir,sir,1
noisy_sir_overfit_risk,75,gic_vol_100,sir,sir,1
noisy_sir_overfit_risk,75,ogic_e,sir,sir,1
noisy_sir_overfit_risk,76,aic,sir,sir,1
noisy_sir_overfit_risk,76,aicc,sir,sir,1
noisy_sir_overfit_risk,76,bic,sir,sir,1
noisy_sir_overfit_risk,76,gic_eff,sir,sir,1
noisy_sir_overfit_risk,76,gic_vol_025,sir,sir,1
noisy_sir_overfit_risk,76,gic_vol_050,sir,sir,1
noisy_sir_overfit_risk,76,gic_vol_100,sir,sir,1
noisy_sir_overfit_risk,76,ogic_e,sir,sir,1
noisy_sir_overfit_risk,77,aic,sir,seir,0
noisy_sir_overfit_risk,77,aicc,sir,seir,0
noisy_sir_overfit_risk,77,bic,sir,seir,0
noisy_sir_overfit_risk,77,gic_eff,sir,seir,0
noisy_sir_overfit_risk,77,gic_vol_025,sir,seir,0
noisy_sir_overfit_risk,77,gic_vol_050,sir,seir,0
noisy_sir_overfit_risk,77,gic_vol_100,sir,seir,0
noisy_sir_overfit_risk,77,ogic_e,sir,ude_sir_h2,0
noisy_sir_overfit_risk,78,aic,sir,sir,1
noisy_sir_overfit_risk,78,aicc,sir,sir,1
noisy_sir_overfit_risk,78,bic,sir,sir,1
noisy_sir_overfit_risk,78,gic_eff,sir,sir,1
noisy_sir_overfit_risk,78,gic_vol_025,sir,sir,1
noisy_sir_overfit_risk,78,gic_vol_050,sir,sir,1
noisy_sir_overfit_risk,78,gic_vol_100,sir,sir,1
noisy_sir_overfit_risk,78,ogic_e,sir,seir,0
noisy_sir_overfit_risk,79,aic,sir,sir,1
noisy_sir_overfit_risk,79,aicc,sir,sir,1
noisy_sir_overfit_risk,79,bic,sir,sir,1
noisy_sir_overfit_risk,79,gic_eff,sir,sir,1
noisy_sir_overfit_risk,79,gic_vol_025,sir,sir,1
noisy_sir_overfit_risk,79,gic_vol_050,sir,sir,1
noisy_sir_overfit_risk,79,gic_vol_100,sir,sir,1
noisy_sir_overfit_risk,79,ogic_e,sir,sir,1
regular_sir_full,0,aic,sir,sir,1
regular_sir_full,0,aicc,sir,sir,1
regular_sir_full,0,bic,sir,sir,1
regular_sir_full,0,gic_eff,sir,sir,1
regular_sir_full,0,gic_vol_025,sir,sir,1
regular_sir_full,0,gic_vol_050,sir,sir,1
regular_sir_full,0,gic_vol_100,sir,sir,1
regular_sir_full,0,ogic_e,sir,sir,1
regular_sir_full,1,aic,sir,tv_sir,0
regular_sir_full,1,aicc,sir,sir,1
regular_sir_full,1,bic,sir,sir,1
regular_sir_full,1,gic_eff,sir,sir,1
regular_sir_full,1,gic_vol_025,sir,sir,1
regular_sir_full,1,gic_vol_050,sir,sir,1
regular_sir_full,1,gic_vol_100,sir,sir,1
regular_sir_full,1,ogic_e,sir,sir,1
regular_sir_full,2,aic,sir,sir,1
regular_sir_full,2,aicc,sir,sir,1
regular_sir_full,2,bic,sir,sir,1
regular_sir_full,2,gic_eff,sir,sir,1
regular_sir_full,2,gic_vol_025,sir,sir,1
regular_sir_full,2,gic_vol_050,sir,sir,1
regular_sir_full,2,gic_vol_100,sir,sir,1
regular_sir_full,2,ogic_e,sir,sir,1
regular_sir_full,3,aic,sir,sir,1
regular_sir_full,3,aicc,sir,sir,1
regular_sir_full,3,bic,sir,sir,1
regular_sir_full,3,gic_eff,sir,sir,1
regular_sir_full,3,gic_vol_025,sir,sir,1
regular_sir_full,3,gic_vol_050,sir,sir,1
regular_sir_full,3,gic_vol_100,sir,sir,1
regular_sir_full,3,ogic_e,sir,sir,1
regular_sir_full,4,aic,sir,sir,1
regular_sir_full,4,aicc,sir,sir,1
regular_sir_full,4,bic,sir,sir,1
regular_sir_full,4,gic_eff,sir,sir,1
regular_sir_full,4,gic_vol_025,sir,sir,1
regular_sir_full,4,gic_vol_050,sir,sir,1
regular_sir_full,4,gic_vol_100,sir,sir,1
regular_sir_full,4,ogic_e,sir,sir,1
regular_sir_full,5,aic,sir,sir,1
regular_sir_full,5,aicc,sir,sir,1
regular_sir_full,5,bic,sir,sir,1
regular_sir_full,5,gic_eff,sir,sir,1
regular_sir_full,5,gic_vol_025,sir,sir,1
regular_sir_full,5,gic_vol_050,sir,sir,1
regular_sir_full,5,gic_vol_100,sir,sir,1
regular_sir_full,5,ogic_e,sir,sir,1
regular_sir_full,6,aic,sir,sir,1
regular_sir_full,6,aicc,sir,sir,1
regular_sir_full,6,bic,sir,sir,1
regular_sir_full,6,gic_eff,sir,sir,1
regular_sir_full,6,gic_vol_025,sir,sir,1
regular_sir_full,6,gic_vol_050,sir,sir,1
regular_sir_full,6,gic_vol_100,sir,sir,1
regular_sir_full,6,ogic_e,sir,sir,1
regular_sir_full,7,aic,sir,sir,1
regular_sir_full,7,aicc,sir,sir,1
regular_sir_full,7,bic,sir,sir,1
regular_sir_full,7,gic_eff,sir,sir,1
regular_sir_full,7,gic_vol_025,sir,sir,1
regular_sir_full,7,gic_vol_050,sir,sir,1
regular_sir_full,7,gic_vol_100,sir,sir,1
regular_sir_full,7,ogic_e,sir,sir,1
regular_sir_full,8,aic,sir,sir,1
regular_sir_full,8,aicc,sir,sir,1
regular_sir_full,8,bic,sir,sir,1
regular_sir_full,8,gic_eff,sir,sir,1
regular_sir_full,8,gic_vol_025,sir,sir,1
regular_sir_full,8,gic_vol_050,sir,sir,1
regular_sir_full,8,gic_vol_100,sir,sir,1
regular_sir_full,8,ogic_e,sir,sir,1
regular_sir_full,9,aic,sir,tv_sir,0
regular_sir_full,9,aicc,sir,tv_sir,0
regular_sir_full,9,bic,sir,tv_sir,0
regular_sir_full,9,gic_eff,sir,tv_sir,0
regular_sir_full,9,gic_vol_025,sir,sir,1
regular_sir_full,9,gic_vol_050,sir,sir,1
regular_sir_full,9,gic_vol_100,sir,sir,1
regular_sir_full,9,ogic_e,sir,sir,1
regular_sir_full,10,aic,sir,sir,1
regular_sir_full,10,aicc,sir,sir,1
regular_sir_full,10,bic,sir,sir,1
regular_sir_full,10,gic_eff,sir,sir,1
regular_sir_full,10,gic_vol_025,sir,sir,1
regular_sir_full,10,gic_vol_050,sir,sir,1
regular_sir_full,10,gic_vol_100,sir,sir,1
regular_sir_full,10,ogic_e,sir,sir,1
regular_sir_full,11,aic,sir,sir,1
regular_sir_full,11,aicc,sir,sir,1
regular_sir_full,11,bic,sir,sir,1
regular_sir_full,11,gic_eff,sir,sir,1
regular_sir_full,11,gic_vol_025,sir,sir,1
regular_sir_full,11,gic_vol_050,sir,sir,1
regular_sir_full,11,gic_vol_100,sir,sir,1
regular_sir_full,11,ogic_e,sir,sir,1
regular_sir_full,12,aic,sir,tv_sir,0
regular_sir_full,12,aicc,sir,tv_sir,0
regular_sir_full,12,bic,sir,sir,1
regular_sir_full,12,gic_eff,sir,sir,1
regular_sir_full,12,gic_vol_025,sir,sir,1
regular_sir_full,12,gic_vol_050,sir,sir,1
regular_sir_full,12,gic_vol_100,sir,sir,1
regular_sir_full,12,ogic_e,sir,sir,1
regular_sir_full,13,aic,sir,sir,1
regular_sir_full,13,aicc,sir,sir,1
regular_sir_full,13,bic,sir,sir,1
regular_sir_full,13,gic_eff,sir,sir,1
regular_sir_full,13,gic_vol_025,sir,sir,1
regular_sir_full,13,gic_vol_050,sir,sir,1
regular_sir_full,13,gic_vol_100,sir,sir,1
regular_sir_full,13,ogic_e,sir,sir,1
regular_sir_full,14,aic,sir,sir,1
regular_sir_full,14,aicc,sir,sir,1
regular_sir_full,14,bic,sir,sir,1
regular_sir_full,14,gic_eff,sir,sir,1
regular_sir_full,14,gic_vol_025,sir,sir,1
regular_sir_full,14,gic_vol_050,sir,sir,1
regular_sir_full,14,gic_vol_100,sir,sir,1
regular_sir_full,14,ogic_e,sir,sir,1
regular_sir_full,15,aic,sir,sir,1
regular_sir_full,15,aicc,sir,sir,1
regular_sir_full,15,bic,sir,sir,1
regular_sir_full,15,gic_eff,sir,sir,1
regular_sir_full,15,gic_vol_025,sir,sir,1
regular_sir_full,15,gic_vol_050,sir,sir,1
regular_sir_full,15,gic_vol_100,sir,sir,1
regular_sir_full,15,ogic_e,sir,sir,1
regular_sir_full,16,aic,sir,tv_sir,0
regular_sir_full,16,aicc,sir,tv_sir,0
regular_sir_full,16,bic,sir,sir,1
regular_sir_full,16,gic_eff,sir,sir,1
regular_sir_full,16,gic_vol_025,sir,sir,1
regular_sir_full,16,gic_vol_050,sir,sir,1
regular_sir_full,16,gic_vol_100,sir,sir,1
regular_sir_full,16,ogic_e,sir,sir,1
regular_sir_full,17,aic,sir,sir,1
regular_sir_full,17,aicc,sir,sir,1
regular_sir_full,17,bic,sir,sir,1
regular_sir_full,17,gic_eff,sir,sir,1
regular_sir_full,17,gic_vol_025,sir,sir,1
regular_sir_full,17,gic_vol_050,sir,sir,1
regular_sir_full,17,gic_vol_100,sir,sir,1
regular_sir_full,17,ogic_e,sir,sir,1
regular_sir_full,18,aic,sir,sir,1
regular_sir_full,18,aicc,sir,sir,1
regular_sir_full,18,bic,sir,sir,1
regular_sir_full,18,gic_eff,sir,sir,1
regular_sir_full,18,gic_vol_025,sir,sir,1
regular_sir_full,18,gic_vol_050,sir,sir,1
regular_sir_full,18,gic_vol_100,sir,sir,1
regular_sir_full,18,ogic_e,sir,sir,1
regular_sir_full,19,aic,sir,sir,1
regular_sir_full,19,aicc,sir,sir,1
regular_sir_full,19,bic,sir,sir,1
regular_sir_full,19,gic_eff,sir,sir,1
regular_sir_full,19,gic_vol_025,sir,sir,1
regular_sir_full,19,gic_vol_050,sir,sir,1
regular_sir_full,19,gic_vol_100,sir,sir,1
regular_sir_full,19,ogic_e,sir,sir,1
regular_sir_full,20,aic,sir,sir,1
regular_sir_full,20,aicc,sir,sir,1
regular_sir_full,20,bic,sir,sir,1
regular_sir_full,20,gic_eff,sir,sir,1
regular_sir_full,20,gic_vol_025,sir,sir,1
regular_sir_full,20,gic_vol_050,sir,sir,1
regular_sir_full,20,gic_vol_100,sir,sir,1
regular_sir_full,20,ogic_e,sir,sir,1
regular_sir_full,21,aic,sir,tv_sir,0
regular_sir_full,21,aicc,sir,sir,1
regular_sir_full,21,bic,sir,sir,1
regular_sir_full,21,gic_eff,sir,sir,1
regular_sir_full,21,gic_vol_025,sir,sir,1
regular_sir_full,21,gic_vol_050,sir,sir,1
regular_sir_full,21,gic_vol_100,sir,sir,1
regular_sir_full,21,ogic_e,sir,sir,1
regular_sir_full,22,aic,sir,sir,1
regular_sir_full,22,aicc,sir,sir,1
regular_sir_full,22,bic,sir,sir,1
regular_sir_full,22,gic_eff,sir,sir,1
regular_sir_full,22,gic_vol_025,sir,sir,1
regular_sir_full,22,gic_vol_050,sir,sir,1
regular_sir_full,22,gic_vol_100,sir,sir,1
regular_sir_full,22,ogic_e,sir,sir,1
regular_sir_full,23,aic,sir,sir,1
regular_sir_full,23,aicc,sir,sir,1
regular_sir_full,23,bic,sir,sir,1
regular_sir_full,23,gic_eff,sir,sir,1
regular_sir_full,23,gic_vol_025,sir,sir,1
regular_sir_full,23,gic_vol_050,sir,sir,1
regular_sir_full,23,gic_vol_100,sir,sir,1
regular_sir_full,23,ogic_e,sir,sir,1
regular_sir_full,24,aic,sir,sir,1
regular_sir_full,24,aicc,sir,sir,1
regular_sir_full,24,bic,sir,sir,1
regular_sir_full,24,gic_eff,sir,sir,1
regular_sir_full,24,gic_vol_025,sir,sir,1
regular_sir_full,24,gic_vol_050,sir,sir,1
regular_sir_full,24,gic_vol_100,sir,sir,1
regular_sir_full,24,ogic_e,sir,sir,1
regular_sir_full,25,aic,sir,sir,1
regular_sir_full,25,aicc,sir,sir,1
regular_sir_full,25,bic,sir,sir,1
regular_sir_full,25,gic_eff,sir,sir,1
regular_sir_full,25,gic_vol_025,sir,sir,1
regular_sir_full,25,gic_vol_050,sir,sir,1
regular_sir_full,25,gic_vol_100,sir,sir,1
regular_sir_full,25,ogic_e,sir,sir,1
regular_sir_full,26,aic,sir,sir,1
regular_sir_full,26,aicc,sir,sir,1
regular_sir_full,26,bic,sir,sir,1
regular_sir_full,26,gic_eff,sir,sir,1
regular_sir_full,26,gic_vol_025,sir,sir,1
regular_sir_full,26,gic_vol_050,sir,sir,1
regular_sir_full,26,gic_vol_100,sir,sir,1
regular_sir_full,26,ogic_e,sir,sir,1
regular_sir_full,27,aic,sir,sir,1
regular_sir_full,27,aicc,sir,sir,1
regular_sir_full,27,bic,sir,sir,1
regular_sir_full,27,gic_eff,sir,sir,1
regular_sir_full,27,gic_vol_025,sir,sir,1
regular_sir_full,27,gic_vol_050,sir,sir,1
regular_sir_full,27,gic_vol_100,sir,sir,1
regular_sir_full,27,ogic_e,sir,sir,1
regular_sir_full,28,aic,sir,sir,1
regular_sir_full,28,aicc,sir,sir,1
regular_sir_full,28,bic,sir,sir,1
regular_sir_full,28,gic_eff,sir,sir,1
regular_sir_full,28,gic_vol_025,sir,sir,1
regular_sir_full,28,gic_vol_050,sir,sir,1
regular_sir_full,28,gic_vol_100,sir,sir,1
regular_sir_full,28,ogic_e,sir,sir,1
regular_sir_full,29,aic,sir,sir,1
regular_sir_full,29,aicc,sir,sir,1
regular_sir_full,29,bic,sir,sir,1
regular_sir_full,29,gic_eff,sir,sir,1
regular_sir_full,29,gic_vol_025,sir,sir,1
regular_sir_full,29,gic_vol_050,sir,sir,1
regular_sir_full,29,gic_vol_100,sir,sir,1
regular_sir_full,29,ogic_e,sir,sir,1
regular_sir_full,30,aic,sir,sir,1
regular_sir_full,30,aicc,sir,sir,1
regular_sir_full,30,bic,sir,sir,1
regular_sir_full,30,gic_eff,sir,sir,1
regular_sir_full,30,gic_vol_025,sir,sir,1
regular_sir_full,30,gic_vol_050,sir,sir,1
regular_sir_full,30,gic_vol_100,sir,sir,1
regular_sir_full,30,ogic_e,sir,sir,1
regular_sir_full,31,aic,sir,sir,1
regular_sir_full,31,aicc,sir,sir,1
regular_sir_full,31,bic,sir,sir,1
regular_sir_full,31,gic_eff,sir,sir,1
regular_sir_full,31,gic_vol_025,sir,sir,1
regular_sir_full,31,gic_vol_050,sir,sir,1
regular_sir_full,31,gic_vol_100,sir,sir,1
regular_sir_full,31,ogic_e,sir,sir,1
regular_sir_full,32,aic,sir,sir,1
regular_sir_full,32,aicc,sir,sir,1
regular_sir_full,32,bic,sir,sir,1
regular_sir_full,32,gic_eff,sir,sir,1
regular_sir_full,32,gic_vol_025,sir,sir,1
regular_sir_full,32,gic_vol_050,sir,sir,1
regular_sir_full,32,gic_vol_100,sir,sir,1
regular_sir_full,32,ogic_e,sir,sir,1
regular_sir_full,33,aic,sir,sir,1
regular_sir_full,33,aicc,sir,sir,1
regular_sir_full,33,bic,sir,sir,1
regular_sir_full,33,gic_eff,sir,sir,1
regular_sir_full,33,gic_vol_025,sir,sir,1
regular_sir_full,33,gic_vol_050,sir,sir,1
regular_sir_full,33,gic_vol_100,sir,sir,1
regular_sir_full,33,ogic_e,sir,sir,1
regular_sir_full,34,aic,sir,sir,1
regular_sir_full,34,aicc,sir,sir,1
regular_sir_full,34,bic,sir,sir,1
regular_sir_full,34,gic_eff,sir,sir,1
regular_sir_full,34,gic_vol_025,sir,sir,1
regular_sir_full,34,gic_vol_050,sir,sir,1
regular_sir_full,34,gic_vol_100,sir,sir,1
regular_sir_full,34,ogic_e,sir,sir,1
regular_sir_full,35,aic,sir,sir,1
regular_sir_full,35,aicc,sir,sir,1
regular_sir_full,35,bic,sir,sir,1
regular_sir_full,35,gic_eff,sir,sir,1
regular_sir_full,35,gic_vol_025,sir,sir,1
regular_sir_full,35,gic_vol_050,sir,sir,1
regular_sir_full,35,gic_vol_100,sir,sir,1
regular_sir_full,35,ogic_e,sir,sir,1
regular_sir_full,36,aic,sir,tv_sir,0
regular_sir_full,36,aicc,sir,sir,1
regular_sir_full,36,bic,sir,sir,1
regular_sir_full,36,gic_eff,sir,sir,1
regular_sir_full,36,gic_vol_025,sir,sir,1
regular_sir_full,36,gic_vol_050,sir,sir,1
regular_sir_full,36,gic_vol_100,sir,sir,1
regular_sir_full,36,ogic_e,sir,sir,1
regular_sir_full,37,aic,sir,sir,1
regular_sir_full,37,aicc,sir,sir,1
regular_sir_full,37,bic,sir,sir,1
regular_sir_full,37,gic_eff,sir,sir,1
regular_sir_full,37,gic_vol_025,sir,sir,1
regular_sir_full,37,gic_vol_050,sir,sir,1
regular_sir_full,37,gic_vol_100,sir,sir,1
regular_sir_full,37,ogic_e,sir,sir,1
regular_sir_full,38,aic,sir,sir,1
regular_sir_full,38,aicc,sir,sir,1
regular_sir_full,38,bic,sir,sir,1
regular_sir_full,38,gic_eff,sir,sir,1
regular_sir_full,38,gic_vol_025,sir,sir,1
regular_sir_full,38,gic_vol_050,sir,sir,1
regular_sir_full,38,gic_vol_100,sir,sir,1
regular_sir_full,38,ogic_e,sir,sir,1
regular_sir_full,39,aic,sir,sir,1
regular_sir_full,39,aicc,sir,sir,1
regular_sir_full,39,bic,sir,sir,1
regular_sir_full,39,gic_eff,sir,sir,1
regular_sir_full,39,gic_vol_025,sir,sir,1
regular_sir_full,39,gic_vol_050,sir,sir,1
regular_sir_full,39,gic_vol_100,sir,sir,1
regular_sir_full,39,ogic_e,sir,sir,1
regular_sir_full,40,aic,sir,sir,1
regular_sir_full,40,aicc,sir,sir,1
regular_sir_full,40,bic,sir,sir,1
regular_sir_full,40,gic_eff,sir,sir,1
regular_sir_full,40,gic_vol_025,sir,sir,1
regular_sir_full,40,gic_vol_050,sir,sir,1
regular_sir_full,40,gic_vol_100,sir,sir,1
regular_sir_full,40,ogic_e,sir,sir,1
regular_sir_full,41,aic,sir,sir,1
regular_sir_full,41,aicc,sir,sir,1
regular_sir_full,41,bic,sir,sir,1
regular_sir_full,41,gic_eff,sir,sir,1
regular_sir_full,41,gic_vol_025,sir,sir,1
regular_sir_full,41,gic_vol_050,sir,sir,1
regular_sir_full,41,gic_vol_100,sir,sir,1
regular_sir_full,41,ogic_e,sir,sir,1
regular_sir_full,42,aic,sir,sir,1
regular_sir_full,42,aicc,sir,sir,1
regular_sir_full,42,bic,sir,sir,1
regular_sir_full,42,gic_eff,sir,sir,1
regular_sir_full,42,gic_vol_025,sir,sir,1
regular_sir_full,42,gic_vol_050,sir,sir,1
regular_sir_full,42,gic_vol_100,sir,sir,1
regular_sir_full,42,ogic_e,sir,sir,1
regular_sir_full,43,aic,sir,sir,1
regular_sir_full,43,aicc,sir,sir,1
regular_sir_full,43,bic,sir,sir,1
regular_sir_full,43,gic_eff,sir,sir,1
regular_sir_full,43,gic_vol_025,sir,sir,1
regular_sir_full,43,gic_vol_050,sir,sir,1
regular_sir_full,43,gic_vol_100,sir,sir,1
regular_sir_full,43,ogic_e,sir,sir,1
regular_sir_full,44,aic,sir,sir,1
regular_sir_full,44,aicc,sir,sir,1
regular_sir_full,44,bic,sir,sir,1
regular_sir_full,44,gic_eff,sir,sir,1
regular_sir_full,44,gic_vol_025,sir,sir,1
regular_sir_full,44,gic_vol_050,sir,sir,1
regular_sir_full,44,gic_vol_100,sir,sir,1
regular_sir_full,44,ogic_e,sir,sir,1
regular_sir_full,45,aic,sir,sir,1
regular_sir_full,45,aicc,sir,sir,1
regular_sir_full,45,bic,sir,sir,1
regular_sir_full,45,gic_eff,sir,sir,1
regular_sir_full,45,gic_vol_025,sir,sir,1
regular_sir_full,45,gic_vol_050,sir,sir,1
regular_sir_full,45,gic_vol_100,sir,sir,1
regular_sir_full,45,ogic_e,sir,sir,1
regular_sir_full,46,aic,sir,sir,1
regular_sir_full,46,aicc,sir,sir,1
regular_sir_full,46,bic,sir,sir,1
regular_sir_full,46,gic_eff,sir,sir,1
regular_sir_full,46,gic_vol_025,sir,sir,1
regular_sir_full,46,gic_vol_050,sir,sir,1
regular_sir_full,46,gic_vol_100,sir,sir,1
regular_sir_full,46,ogic_e,sir,sir,1
regular_sir_full,47,aic,sir,sir,1
regular_sir_full,47,aicc,sir,sir,1
regular_sir_full,47,bic,sir,sir,1
regular_sir_full,47,gic_eff,sir,sir,1
regular_sir_full,47,gic_vol_025,sir,sir,1
regular_sir_full,47,gic_vol_050,sir,sir,1
regular_sir_full,47,gic_vol_100,sir,sir,1
regular_sir_full,47,ogic_e,sir,sir,1
regular_sir_full,48,aic,sir,sir,1
regular_sir_full,48,aicc,sir,sir,1
regular_sir_full,48,bic,sir,sir,1
regular_sir_full,48,gic_eff,sir,sir,1
regular_sir_full,48,gic_vol_025,sir,sir,1
regular_sir_full,48,gic_vol_050,sir,sir,1
regular_sir_full,48,gic_vol_100,sir,sir,1
regular_sir_full,48,ogic_e,sir,sir,1
regular_sir_full,49,aic,sir,sir,1
regular_sir_full,49,aicc,sir,sir,1
regular_sir_full,49,bic,sir,sir,1
regular_sir_full,49,gic_eff,sir,sir,1
regular_sir_full,49,gic_vol_025,sir,sir,1
regular_sir_full,49,gic_vol_050,sir,sir,1
regular_sir_full,49,gic_vol_100,sir,sir,1
regular_sir_full,49,ogic_e,sir,sir,1
regular_sir_full,50,aic,sir,sir,1
regular_sir_full,50,aicc,sir,sir,1
regular_sir_full,50,bic,sir,sir,1
regular_sir_full,50,gic_eff,sir,sir,1
regular_sir_full,50,gic_vol_025,sir,sir,1
regular_sir_full,50,gic_vol_050,sir,sir,1
regular_sir_full,50,gic_vol_100,sir,sir,1
regular_sir_full,50,ogic_e,sir,sir,1
regular_sir_full,51,aic,sir,tv_sir,0
regular_sir_full,51,aicc,sir,sir,1
regular_sir_full,51,bic,sir,sir,1
regular_sir_full,51,gic_eff,sir,sir,1
regular_sir_full,51,gic_vol_025,sir,sir,1
regular_sir_full,51,gic_vol_050,sir,sir,1
regular_sir_full,51,gic_vol_100,sir,sir,1
regular_sir_full,51,ogic_e,sir,sir,1
regular_sir_full,52,aic,sir,sir,1
regular_sir_full,52,aicc,sir,sir,1
regular_sir_full,52,bic,sir,sir,1
regular_sir_full,52,gic_eff,sir,sir,1
regular_sir_full,52,gic_vol_025,sir,sir,1
regular_sir_full,52,gic_vol_050,sir,sir,1
regular_sir_full,52,gic_vol_100,sir,sir,1
regular_sir_full,52,ogic_e,sir,sir,1
regular_sir_full,53,aic,sir,sir,1
regular_sir_full,53,aicc,sir,sir,1
regular_sir_full,53,bic,sir,sir,1
regular_sir_full,53,gic_eff,sir,sir,1
regular_sir_full,53,gic_vol_025,sir,sir,1
regular_sir_full,53,gic_vol_050,sir,sir,1
regular_sir_full,53,gic_vol_100,sir,sir,1
regular_sir_full,53,ogic_e,sir,sir,1
regular_sir_full,54,aic,sir,sir,1
regular_sir_full,54,aicc,sir,sir,1
regular_sir_full,54,bic,sir,sir,1
regular_sir_full,54,gic_eff,sir,sir,1
regular_sir_full,54,gic_vol_025,sir,sir,1
regular_sir_full,54,gic_vol_050,sir,sir,1
regular_sir_full,54,gic_vol_100,sir,sir,1
regular_sir_full,54,ogic_e,sir,sir,1
regular_sir_full,55,aic,sir,sir,1
regular_sir_full,55,aicc,sir,sir,1
regular_sir_full,55,bic,sir,sir,1
regular_sir_full,55,gic_eff,sir,sir,1
regular_sir_full,55,gic_vol_025,sir,sir,1
regular_sir_full,55,gic_vol_050,sir,sir,1
regular_sir_full,55,gic_vol_100,sir,sir,1
regular_sir_full,55,ogic_e,sir,sir,1
regular_sir_full,56,aic,sir,sir,1
regular_sir_full,56,aicc,sir,sir,1
regular_sir_full,56,bic,sir,sir,1
regular_sir_full,56,gic_eff,sir,sir,1
regular_sir_full,56,gic_vol_025,sir,sir,1
regular_sir_full,56,gic_vol_050,sir,sir,1
regular_sir_full,56,gic_vol_100,sir,sir,1
regular_sir_full,56,ogic_e,sir,sir,1
regular_sir_full,57,aic,sir,tv_sir,0
regular_sir_full,57,aicc,sir,sir,1
regular_sir_full,57,bic,sir,sir,1
regular_sir_full,57,gic_eff,sir,sir,1
regular_sir_full,57,gic_vol_025,sir,sir,1
regular_sir_full,57,gic_vol_050,sir,sir,1
regular_sir_full,57,gic_vol_100,sir,sir,1
regular_sir_full,57,ogic_e,sir,sir,1
regular_sir_full,58,aic,sir,sir,1
regular_sir_full,58,aicc,sir,sir,1
regular_sir_full,58,bic,sir,sir,1
regular_sir_full,58,gic_eff,sir,sir,1
regular_sir_full,58,gic_vol_025,sir,sir,1
regular_sir_full,58,gic_vol_050,sir,sir,1
regular_sir_full,58,gic_vol_100,sir,sir,1
regular_sir_full,58,ogic_e,sir,sir,1
regular_sir_full,59,aic,sir,sir,1
regular_sir_full,59,aicc,sir,sir,1
regular_sir_full,59,bic,sir,sir,1
regular_sir_full,59,gic_eff,sir,sir,1
regular_sir_full,59,gic_vol_025,sir,sir,1
regular_sir_full,59,gic_vol_050,sir,sir,1
regular_sir_full,59,gic_vol_100,sir,sir,1
regular_sir_full,59,ogic_e,sir,sir,1
regular_sir_full,60,aic,sir,sir,1
regular_sir_full,60,aicc,sir,sir,1
regular_sir_full,60,bic,sir,sir,1
regular_sir_full,60,gic_eff,sir,sir,1
regular_sir_full,60,gic_vol_025,sir,sir,1
regular_sir_full,60,gic_vol_050,sir,sir,1
regular_sir_full,60,gic_vol_100,sir,sir,1
regular_sir_full,60,ogic_e,sir,sir,1
regular_sir_full,61,aic,sir,sir,1
regular_sir_full,61,aicc,sir,sir,1
regular_sir_full,61,bic,sir,sir,1
regular_sir_full,61,gic_eff,sir,sir,1
regular_sir_full,61,gic_vol_025,sir,sir,1
regular_sir_full,61,gic_vol_050,sir,sir,1
regular_sir_full,61,gic_vol_100,sir,sir,1
regular_sir_full,61,ogic_e,sir,sir,1
regular_sir_full,62,aic,sir,tv_sir,0
regular_sir_full,62,aicc,sir,tv_sir,0
regular_sir_full,62,bic,sir,sir,1
regular_sir_full,62,gic_eff,sir,sir,1
regular_sir_full,62,gic_vol_025,sir,sir,1
regular_sir_full,62,gic_vol_050,sir,sir,1
regular_sir_full,62,gic_vol_100,sir,sir,1
regular_sir_full,62,ogic_e,sir,sir,1
regular_sir_full,63,aic,sir,sir,1
regular_sir_full,63,aicc,sir,sir,1
regular_sir_full,63,bic,sir,sir,1
regular_sir_full,63,gic_eff,sir,sir,1
regular_sir_full,63,gic_vol_025,sir,sir,1
regular_sir_full,63,gic_vol_050,sir,sir,1
regular_sir_full,63,gic_vol_100,sir,sir,1
regular_sir_full,63,ogic_e,sir,sir,1
regular_sir_full,64,aic,sir,sir,1
regular_sir_full,64,aicc,sir,sir,1
regular_sir_full,64,bic,sir,sir,1
regular_sir_full,64,gic_eff,sir,sir,1
regular_sir_full,64,gic_vol_025,sir,sir,1
regular_sir_full,64,gic_vol_050,sir,sir,1
regular_sir_full,64,gic_vol_100,sir,sir,1
regular_sir_full,64,ogic_e,sir,sir,1
regular_sir_full,65,aic,sir,sir,1
regular_sir_full,65,aicc,sir,sir,1
regular_sir_full,65,bic,sir,sir,1
regular_sir_full,65,gic_eff,sir,sir,1
regular_sir_full,65,gic_vol_025,sir,sir,1
regular_sir_full,65,gic_vol_050,sir,sir,1
regular_sir_full,65,gic_vol_100,sir,sir,1
regular_sir_full,65,ogic_e,sir,sir,1
regular_sir_full,66,aic,sir,sir,1
regular_sir_full,66,aicc,sir,sir,1
regular_sir_full,66,bic,sir,sir,1
regular_sir_full,66,gic_eff,sir,sir,1
regular_sir_full,66,gic_vol_025,sir,sir,1
regular_sir_full,66,gic_vol_050,sir,sir,1
regular_sir_full,66,gic_vol_100,sir,sir,1
regular_sir_full,66,ogic_e,sir,sir,1
regular_sir_full,67,aic,sir,sir,1
regular_sir_full,67,aicc,sir,sir,1
regular_sir_full,67,bic,sir,sir,1
regular_sir_full,67,gic_eff,sir,sir,1
regular_sir_full,67,gic_vol_025,sir,sir,1
regular_sir_full,67,gic_vol_050,sir,sir,1
regular_sir_full,67,gic_vol_100,sir,sir,1
regular_sir_full,67,ogic_e,sir,sir,1
regular_sir_full,68,aic,sir,sir,1
regular_sir_full,68,aicc,sir,sir,1
regular_sir_full,68,bic,sir,sir,1
regular_sir_full,68,gic_eff,sir,sir,1
regular_sir_full,68,gic_vol_025,sir,sir,1
regular_sir_full,68,gic_vol_050,sir,sir,1
regular_sir_full,68,gic_vol_100,sir,sir,1
regular_sir_full,68,ogic_e,sir,sir,1
regular_sir_full,69,aic,sir,tv_sir,0
regular_sir_full,69,aicc,sir,tv_sir,0
regular_sir_full,69,bic,sir,sir,1
regular_sir_full,69,gic_eff,sir,sir,1
regular_sir_full,69,gic_vol_025,sir,sir,1
regular_sir_full,69,gic_vol_050,sir,sir,1
regular_sir_full,69,gic_vol_100,sir,sir,1
regular_sir_full,69,ogic_e,sir,sir,1
regular_sir_full,70,aic,sir,sir,1
regular_sir_full,70,aicc,sir,sir,1
regular_sir_full,70,bic,sir,sir,1
regular_sir_full,70,gic_eff,sir,sir,1
regular_sir_full,70,gic_vol_025,sir,sir,1
regular_sir_full,70,gic_vol_050,sir,sir,1
regular_sir_full,70,gic_vol_100,sir,sir,1
regular_sir_full,70,ogic_e,sir,sir,1
regular_sir_full,71,aic,sir,sir,1
regular_sir_full,71,aicc,sir,sir,1
regular_sir_full,71,bic,sir,sir,1
regular_sir_full,71,gic_eff,sir,sir,1
regular_sir_full,71,gic_vol_025,sir,sir,1
regular_sir_full,71,gic_vol_050,sir,sir,1
regular_sir_full,71,gic_vol_100,sir,sir,1
regular_sir_full,71,ogic_e,sir,sir,1
regular_sir_full,72,aic,sir,sir,1
regular_sir_full,72,aicc,sir,sir,1
regular_sir_full,72,bic,sir,sir,1
regular_sir_full,72,gic_eff,sir,sir,1
regular_sir_full,72,gic_vol_025,sir,sir,1
regular_sir_full,72,gic_vol_050,sir,sir,1
regular_sir_full,72,gic_vol_100,sir,sir,1
regular_sir_full,72,ogic_e,sir,sir,1
regular_sir_full,73,aic,sir,sir,1
regular_sir_full,73,aicc,sir,sir,1
regular_sir_full,73,bic,sir,sir,1
regular_sir_full,73,gic_eff,sir,sir,1
regular_sir_full,73,gic_vol_025,sir,sir,1
regular_sir_full,73,gic_vol_050,sir,sir,1
regular_sir_full,73,gic_vol_100,sir,sir,1
regular_sir_full,73,ogic_e,sir,sir,1
regular_sir_full,74,aic,sir,sir,1
regular_sir_full,74,aicc,sir,sir,1
regular_sir_full,74,bic,sir,sir,1
regular_sir_full,74,gic_eff,sir,sir,1
regular_sir_full,74,gic_vol_025,sir,sir,1
regular_sir_full,74,gic_vol_050,sir,sir,1
regular_sir_full,74,gic_vol_100,sir,sir,1
regular_sir_full,74,ogic_e,sir,sir,1
regular_sir_full,75,aic,sir,sir,1
regular_sir_full,75,aicc,sir,sir,1
regular_sir_full,75,bic,sir,sir,1
regular_sir_full,75,gic_eff,sir,sir,1
regular_sir_full,75,gic_vol_025,sir,sir,1
regular_sir_full,75,gic_vol_050,sir,sir,1
regular_sir_full,75,gic_vol_100,sir,sir,1
regular_sir_full,75,ogic_e,sir,sir,1
regular_sir_full,76,aic,sir,sir,1
regular_sir_full,76,aicc,sir,sir,1
regular_sir_full,76,bic,sir,sir,1
regular_sir_full,76,gic_eff,sir,sir,1
regular_sir_full,76,gic_vol_025,sir,sir,1
regular_sir_full,76,gic_vol_050,sir,sir,1
regular_sir_full,76,gic_vol_100,sir,sir,1
regular_sir_full,76,ogic_e,sir,sir,1
regular_sir_full,77,aic,sir,sir,1
regular_sir_full,77,aicc,sir,sir,1
regular_sir_full,77,bic,sir,sir,1
regular_sir_full,77,gic_eff,sir,sir,1
regular_sir_full,77,gic_vol_025,sir,sir,1
regular_sir_full,77,gic_vol_050,sir,sir,1
regular_sir_full,77,gic_vol_100,sir,sir,1
regular_sir_full,77,ogic_e,sir,sir,1
regular_sir_full,78,aic,sir,sir,1
regular_sir_full,78,aicc,sir,sir,1
regular_sir_full,78,bic,sir,sir,1
regular_sir_full,78,gic_eff,sir,sir,1
regular_sir_full,78,gic_vol_025,sir,sir,1
regular_sir_full,78,gic_vol_050,sir,sir,1
regular_sir_full,78,gic_vol_100,sir,sir,1
regular_sir_full,78,ogic_e,sir,sir,1
regular_sir_full,79,aic,sir,sir,1
regular_sir_full,79,aicc,sir,sir,1
regular_sir_full,79,bic,sir,sir,1
regular_sir_full,79,gic_eff,sir,sir,1
regular_sir_full,79,gic_vol_025,sir,sir,1
regular_sir_full,79,gic_vol_050,sir,sir,1
regular_sir_full,79,gic_vol_100,sir,sir,1
regular_sir_full,79,ogic_e,sir,sir,1
