schema_version,protocol_hash,status,scenario,truth,candidate,seed,observation,noise,n_observations,dimension,objective,deviance,forecast_mse,gradient_norm,best_start,wall_seconds,second_best_objective_gap,jacobian_rank,aic,aicc,bic,gic_eff,gic_vol_025,gic_vol_050,gic_vol_100,ogic_p,ogic_e,d_obs,c_obs,prior_energy
2.0,d2529863525fee49,ok,early_seir_infected_only,seir,neural_ode_h2,0,infected,0.02,16,14,-27.637761925818673,-78.04246652716633,0.005078080422221924,5.1904559226485855e-05,0,54.215093499999966,2.3000268356554443e-11,8,-50.042466527166326,369.9575334728337,-39.22622441580939,-71.57618613062104,-69.32400506117607,-67.07182399173111,-62.56746185284116,-73.37803119661963,-46.26679957385747,2.3322176652733497,9.008724277779873,22.766942675528984
2.0,d2529863525fee49,ok,early_seir_infected_only,seir,neural_ode_h2,1,infected,0.02,16,14,-29.536621057398243,-82.63954696975829,0.005877829394808183,1.699412345908453e-05,1,82.25601090001874,4.3729642129619606e-10,8,-54.639546969758285,365.36045303024173,-43.82330485840135,-76.21678783961346,-74.01260895584225,-71.80843007207103,-67.40007230452862,-78.00650559681615,-50.25652657971165,2.316520686471064,8.81671553508484,23.5663048549618
2.0,d2529863525fee49,ok,early_seir_infected_only,seir,neural_ode_h2,2,infected,0.02,16,14,-29.443508904921813,-82.33883190055619,0.004996289337708679,2.8491223888731646e-05,0,70.08247750002192,1.3108802932038088e-10,8,-54.33883190055619,365.6611680994438,-43.52258978919925,-75.68617775369982,-73.42271341349577,-71.15924907329172,-66.63232039288361,-77.53995632734664,-49.83316044902742,2.3994377866047696,9.05385736081621,23.451814090712563
2.0,d2529863525fee49,ok,early_seir_infected_only,seir,neural_ode_h2,3,infected,0.02,16,14,-28.907020197658728,-77.42602468708758,0.009319791800470087,2.2501220268128634e-05,4,71.47323259999393,5.70128833032868e-10,8,-49.426024687087576,370.5739753129124,-38.60978257573064,-71.12549464708438,-69.03251331408205,-66.93953198107971,-62.753569315075055,-72.88115296524529,-49.44211506330813,2.2724358609211395,8.371925332009326,19.61198429177012
2.0,d2529863525fee49,ok,early_seir_infected_only,seir,neural_ode_h2,4,infected,0.02,16,14,-20.33360331613149,-64.36086581057512,0.005415516420388628,1.77958571832019e-05,3,86.2081747999764,7.718199412920512e-10,8,-36.36086581057512,383.6391341894249,-25.544623699218185,-57.86854575553896,-55.619735716134436,-53.37092567672991,-48.87330559792086,-59.677646836942806,-31.67196647464488,2.341609486816157,8.995240157618102,23.69365917831214
2.0,d2529863525fee49,ok,early_seir_infected_only,seir,neural_ode_h2,5,infected,0.02,16,14,-28.675515121073605,-78.35042606658622,0.008860588154914618,1.0594203882842508e-05,1,83.12820979999378,8.104805715447583e-11,8,-50.35042606658622,369.64957393341376,-39.53418395522929,-72.03724056668366,-69.94862030846676,-67.86000005024984,-63.68275953381602,-73.79642536012545,-48.996549209279564,2.2770003532303824,8.354481032867646,20.999395824439013
2.0,d2529863525fee49,ok,early_seir_infected_only,seir,neural_ode_h2,6,infected,0.02,16,14,-25.1301699514986,-74.19270491993832,0.0070768344428465335,1.2186187868582958e-05,3,82.21389770001406,7.957012826409482e-11,8,-46.19270491993832,373.8072950800617,-35.37646280858139,-67.83010839120064,-65.68757907253345,-63.545049753866266,-59.2599911165319,-69.60306169034473,-41.69022262832846,2.294821614796799,8.570117274668739,23.932365016941123
2.0,d2529863525fee49,ok,early_seir_infected_only,seir,neural_ode_h2,7,infected,0.02,16,14,-33.782739484062255,-88.80338332015937,0.010236926584238176,2.5846583149366096e-05,2,81.82755290000932,2.0976642645109678e-10,8,-60.80338332015937,359.19661667984064,-49.987141208802434,-82.78559024386142,-80.77693483369363,-78.76827942352585,-74.75096860319027,-84.46246320602387,-59.53085732745336,2.17046005706775,8.034621640671144,21.23790435203486
2.0,d2529863525fee49,ok,early_seir_infected_only,seir,neural_ode_h2,8,infected,0.02,16,14,-32.98179338496446,-87.77641734789813,0.0068351319549981625,1.901253226921304e-05,3,90.94909639999969,5.10453901370056e-11,8,-59.77641734789813,360.22358265210187,-48.9601752365412,-81.37852299321372,-79.19836627192177,-77.01820955062983,-72.65789610804593,-83.16131211908078,-57.242959884761135,2.3075526144086753,8.720626885167786,21.812830577969212
2.0,d2529863525fee49,ok,early_seir_infected_only,seir,neural_ode_h2,9,infected,0.02,16,14,-27.682065088751713,-76.89028239985532,0.011554500138122132,2.7621699526835358e-05,0,78.47340309998253,1.5915411211153696e-09,8,-48.89028239985532,371.1097176001447,-38.07404028849839,-70.97891346503567,-69.02383207351087,-67.06875068198607,-63.15858789893647,-72.62613107629063,-47.54380461140422,2.132075661782344,7.82032556609921,21.526152222351893
2.0,d2529863525fee49,ok,early_seir_infected_only,seir,neural_ode_h2,10,infected,0.02,16,14,-30.365211922458208,-82.2245317895329,0.008548255954098001,2.529966681947567e-05,4,73.87807749997592,4.9467985263618175e-11,8,-54.224531789532904,365.7754682104671,-43.40828967817597,-76.05023228009875,-73.96169908728304,-71.87316589446732,-67.69609950883589,-77.770716147921,-52.37629107365355,2.2269078208059545,8.35413277126287,21.494107944616484
2.0,d2529863525fee49,ok,early_seir_infected_only,seir,neural_ode_h2,11,infected,0.02,16,14,-30.472916596943577,-82.38179022338822,0.007114047157295924,3.056160762478804e-05,3,79.62417890000506,2.7041124894822133e-10,8,-54.38179022338822,365.61820977661176,-43.56554811203129,-75.8227920145267,-73.639698543307,-71.45660507208731,-67.09041812964792,-77.65047312882616,-52.21345930900838,2.3656585472810296,8.732373884878777,21.43595702950107
2.0,d2529863525fee49,ok,early_seir_infected_only,seir,neural_ode_h2,12,infected,0.02,16,14,-28.476779910201515,-76.53051485213618,0.0076053431098665365,1.9445982325180638e-05,0,76.83298229999491,3.800693093580776e-10,10,-48.53051485213618,371.4694851478638,-37.71427274077924,-69.68725054239223,-67.44861984720943,-65.20998915202664,-60.73272776166104,-71.59414311055616,-47.99903703967183,2.468185870790007,8.954522780731198,19.57695503173315
2.0,d2529863525fee49,ok,early_seir_infected_only,seir,neural_ode_h2,13,infected,0.02,16,14,-34.29489257182994,-86.44605250708466,0.008690344627998082,2.99130528967579e-05,3,74.72718729998451,1.8805224044626812e-10,8,-58.44605250708466,361.5539474929153,-47.62981039572772,-80.04072843061002,-77.90489289747794,-75.76905736434587,-71.49738629808172,-81.82558786687633,-60.04644301113158,2.3102323201041637,8.5433421325283,17.856267363424777
2.0,d2529863525fee49,ok,early_seir_infected_only,seir,neural_ode_h2,14,infected,0.02,16,14,-27.163790666612304,-75.96893436995813,0.005931948055197392,1.779638117677238e-05,4,69.94554790001712,1.3216805427873624e-10,8,-47.968934369958134,372.0310656300419,-37.1526922586012,-69.23055667418987,-66.96377241646567,-64.69698815874149,-60.163419643293096,-71.1082223272973,-45.26044430232784,2.4303560213304163,9.06713703089677,21.641353036733527
2.0,d2529863525fee49,ok,early_seir_infected_only,seir,neural_ode_h2,15,infected,0.02,16,14,-32.062740688038666,-84.7852034566093,0.006721210758809254,1.493241817691242e-05,2,69.76801780000096,3.0169644560373854e-11,8,-56.785203456609295,363.2147965433907,-45.96896134525236,-78.11843530635315,-75.90376370087714,-73.68909209540114,-69.25974888444912,-79.97614678204378,-55.2667949541733,2.404528337282758,8.85868642190403,20.65972208053196
2.0,d2529863525fee49,ok,early_seir_infected_only,seir,neural_ode_h2,16,infected,0.02,16,14,-28.847403168236927,-77.07432675791617,0.010321803549670395,1.463008622734056e-05,4,71.66978539997945,1.01214681080819e-09,8,-49.07432675791617,370.9256732420838,-38.25808464655923,-70.78769542628532,-68.74273468383761,-66.6977739413899,-62.60785245649448,-72.53948083489567,-49.514963366683006,2.2674229615102477,8.179842969790846,19.379520421442315
2.0,d2529863525fee49,ok,early_seir_infected_only,seir,neural_ode_h2,17,infected,0.02,16,14,-26.68572499781647,-76.12923413666772,0.009085583280056148,2.39879008037291e-05,0,73.58413529998506,2.376658869707171e-10,8,-48.12923413666772,371.8707658633323,-37.312992025310784,-70.04446843035029,-68.00026468837358,-65.95606094639687,-61.86765346244346,-71.74000348193002,-45.19463502772611,2.194615327368848,8.176814967906838,22.757784141034776
2.0,d2529863525fee49,ok,early_seir_infected_only,seir,neural_ode_h2,18,infected,0.02,16,14,-29.53523731814652,-81.59517903022713,0.008645100661063762,2.1317372996994723e-05,4,76.0195244999777,1.3237482221484242e-09,8,-53.59517903022713,366.40482096977286,-42.778936918870194,-75.37375575320661,-73.29595400617137,-71.21815225913613,-67.06254876506564,-77.1073707757128,-50.75926764815208,2.2439041272571667,8.311206988140961,22.524704393934083
2.0,d2529863525fee49,ok,early_seir_infected_only,seir,neural_ode_h2,19,infected,0.02,16,14,-33.25316746978362,-86.64478842744171,0.007624560884520078,1.2070201979373008e-05,4,63.18462300000829,8.771650072958437e-11,8,-58.64478842744171,361.3552115725583,-47.828546316084775,-80.31948493822382,-78.17665739075481,-76.0338298432858,-71.7481747483478,-82.08204643943556,-57.93502474969121,2.281370994003078,8.571310189876032,20.138453487874468
2.0,d2529863525fee49,ok,early_seir_infected_only,seir,neural_ode_h2,20,infected,0.02,16,14,-26.12873844393533,-76.18479981739831,0.006698236750061134,1.050488721912709e-05,2,61.255975200008834,8.26638313355943e-10,8,-48.184799817398314,371.8152001826017,-37.36855770604138,-69.84893597311121,-67.68948273707171,-65.53002950103222,-61.21112302895323,-71.61444014344798,-43.61966394371268,2.28517983697517,8.63781294415798,23.927322929527655
2.0,d2529863525fee49,ok,early_seir_infected_only,seir,neural_ode_h2,21,infected,0.02,16,14,-32.70061250958429,-86.18964168551025,0.0070935491977370535,2.5932169751376287e-05,3,55.15599430000293,1.0378897741247783e-10,8,-58.18964168551025,361.81035831448975,-47.37339957415332,-79.83573667950691,-77.66237345250839,-75.48901022550986,-71.14228377151282,-81.60626806428996,-56.707772111174485,2.2916868106101456,8.693452907994091,20.788416666341668
2.0,d2529863525fee49,ok,early_seir_infected_only,seir,neural_ode_h2,22,infected,0.02,16,14,-24.911015720604645,-71.15243788363975,0.008566993994144331,1.4324183244577602e-05,4,70.50663519999944,4.3709746933018323e-10,8,-43.15243788363975,376.8475621163602,-32.336195772282814,-64.95989690030491,-62.85962438059891,-60.75935186089291,-56.55880682148091,-66.68546380006033,-41.420941362385285,2.233487041789709,8.401090078824003,21.330406442430455
2.0,d2529863525fee49,ok,early_seir_infected_only,seir,neural_ode_h2,23,infected,0.02,16,14,-31.89835872352749,-85.50956716714444,0.00876771769467447,3.092977556165357e-05,1,69.93983230000595,8.08597633294994e-12,8,-57.50956716714444,362.49043283285556,-46.693325055787504,-79.28097070422972,-77.20408803487712,-75.1272053655245,-70.97344002681929,-81.01658455277163,-55.489186769644554,2.246491307186404,8.307530677410425,21.71284972008946
2.0,d2529863525fee49,ok,early_seir_infected_only,seir,neural_ode_h2,24,infected,0.02,16,14,-30.28485114514493,-81.83796672945849,0.007160873978076767,2.7474565566606014e-05,4,83.588379599998,4.374314244159905e-10,8,-53.837966729458486,366.16203327054154,-43.02172461810155,-75.31847815436706,-73.14671357214158,-70.97494898991609,-66.63141982546513,-77.13514981125016,-51.88264396138793,2.351408459104164,8.68705832890193,21.268264439168625
2.0,d2529863525fee49,ok,early_seir_infected_only,seir,neural_ode_h2,25,infected,0.02,16,14,-32.50096904998331,-82.63608571472555,0.009454674402722725,2.595174077257706e-05,2,79.7020557000069,7.580780447824509e-11,8,-54.63608571472555,365.36391428527446,-43.81984360336862,-76.47961401894659,-74.37868178763553,-72.27774955632445,-68.07588509370231,-78.19513012228876,-56.59820917472235,2.2204777962183964,8.403728925244275,17.634147614758934
2.0,d2529863525fee49,ok,early_seir_infected_only,seir,neural_ode_h2,26,infected,0.02,16,14,-30.986431791920563,-83.8009562074274,0.008271811757965118,3.194233772570351e-05,1,75.81618039999739,5.631051180898794e-12,8,-55.800956207427404,364.1990437925726,-44.98471409607047,-77.56241880017146,-75.46388198531952,-73.36534517046756,-69.16827154076368,-79.30080271750317,-53.578716324433344,2.2500767449621133,8.394147259407777,21.82809262358628
2.0,d2529863525fee49,ok,early_seir_infected_only,seir,neural_ode_h2,27,infected,0.02,16,14,-25.289813042291506,-72.89906633281944,0.008020769273802015,1.2036032974760692e-05,1,74.85988580001867,2.3208102106764272e-10,8,-44.899066332819444,375.1009336671806,-34.08282422146251,-66.63100347153815,-64.5315045815232,-62.432005691508245,-58.233007911478346,-68.37761472984404,-42.18163052452321,2.2607258014877027,8.397995560059806,22.31944024823643
2.0,d2529863525fee49,ok,early_seir_infected_only,seir,neural_ode_h2,28,infected,0.02,16,14,-31.427623363038336,-84.90783123643503,0.0058459371882589066,3.671257475592714e-05,3,76.15931620000629,2.0343904338915308e-10,8,-56.90783123643503,363.092168763565,-46.091589125078094,-78.37302439679415,-76.14508009257116,-73.91713578834816,-69.46124717990219,-80.19396452607644,-53.9434695091847,2.3569333551792964,8.91177721689197,22.052584510358358
2.0,d2529863525fee49,ok,early_seir_infected_only,seir,neural_ode_h2,29,infected,0.02,16,14,-27.042080835220105,-78.79130926556437,0.007285770030143281,3.306701651320552e-05,3,80.35601780001889,5.7550408882889315e-11,8,-50.791309265564365,369.20869073443566,-39.97506715420743,-72.43905876104654,-70.31972843892413,-68.20039811680172,-63.961737472556905,-74.20912911488821,-45.606840381950576,2.2910900753380723,8.477321288489637,24.70714759512416
2.0,d2529863525fee49,ok,early_seir_infected_only,seir,neural_ode_h2,30,infected,0.02,16,14,-30.01548815068038,-84.44804880205861,0.006300490288763696,1.5008317858391044e-05,3,84.69501669998863,7.249951750054606e-10,8,-56.44804880205861,363.5519511979414,-45.63180669070167,-78.06568244552543,-75.89328812265393,-73.72089379978244,-69.37610515403946,-79.84414465620512,-51.34139900987479,2.3019520729267455,8.689577291485966,24.41707250069785
2.0,d2529863525fee49,ok,early_seir_infected_only,seir,neural_ode_h2,31,infected,0.02,16,14,-33.23397406797876,-87.30449062550016,0.008640275298346845,2.5778961904740253e-05,4,83.38737599999877,9.577831860951846e-10,8,-59.304490625500165,360.6955093744998,-48.48824851414323,-81.06315189717535,-78.96253197248912,-76.8619120478029,-72.66067219843045,-82.80231640956895,-58.065468437212616,2.25108710796561,8.402479698744894,20.83654248954265
2.0,d2529863525fee49,ok,early_seir_infected_only,seir,neural_ode_h2,32,infected,0.02,16,14,-27.545378498298366,-77.59165514298945,0.006782782704869002,2.354255230522127e-05,0,82.83459820001735,2.757971628852829e-11,8,-49.59165514298945,370.40834485701055,-38.77541303163252,-71.25438672361567,-69.0864416120742,-66.91849650053271,-62.58260627744977,-73.02028228228305,-46.41897655043083,2.285686430353202,8.6717804461659,22.50089814639272
2.0,d2529863525fee49,ok,early_seir_infected_only,seir,neural_ode_h2,33,infected,0.02,16,14,-31.531731514559738,-85.31498078168553,0.006384226872547014,1.2880797829653693e-05,1,79.97413379998761,2.786322284009657e-10,8,-57.314980781685534,362.68501921831444,-46.4987386703286,-78.64788808375334,-76.43878539284064,-74.22968270192793,-69.81147732010251,-80.50568999545864,-54.22705226546865,2.40464539311345,8.836410763650827,22.25151775256606
2.0,d2529863525fee49,ok,early_seir_infected_only,seir,neural_ode_h2,34,infected,0.02,16,14,-32.605050086387635,-85.11252327414826,0.009139992567681695,1.521876189100583e-05,2,79.27520929998718,4.4941828036826337e-11,8,-57.11252327414826,362.88747672585174,-46.296281162791324,-78.84722957055715,-76.7671773205638,-74.68712507057046,-70.52702057058376,-80.59306919620639,-56.88989117280188,2.259727038970937,8.320208999973387,19.902423101372996
2.0,d2529863525fee49,ok,early_seir_infected_only,seir,neural_ode_h2,35,infected,0.02,16,14,-25.761942112491674,-73.77518211226298,0.0076901153001513204,7.5042511711926e-06,4,75.64175209999667,9.496403663433739e-11,8,-45.77518211226298,374.224817887737,-34.95894000090605,-67.371525308709,-65.23703044982226,-63.102535590935524,-58.83354587316205,-69.15592015524187,-42.985904789436404,2.309630978510552,8.53797943554694,22.251297887279634
2.0,d2529863525fee49,ok,early_seir_infected_only,seir,neural_ode_h2,36,infected,0.02,16,14,-28.98550500391951,-82.66044690915065,0.008251237671908579,1.3287404949344798e-05,0,75.26587670002482,2.2501822627418733e-10,8,-54.66044690915065,365.33955309084934,-43.844204797793715,-76.50351743649843,-74.42978941540137,-72.35606139430432,-68.2086053521102,-78.21916110050142,-49.67609792345079,2.2206429043246168,8.294912084388228,24.68943690131163
2.0,d2529863525fee49,ok,early_seir_infected_only,seir,neural_ode_h2,37,infected,0.02,16,14,-29.18591746738474,-81.0082119750033,0.00753182245193669,1.6853642028048333e-05,2,85.2589522000053,2.4868995751603507e-11,8,-53.008211975003306,366.9917880249967,-42.19196986364637,-74.69168549002845,-72.5643850390012,-70.43708458797394,-66.18248368591942,-76.4518012572448,-49.862633130660456,2.2782053588792577,8.509201804109024,22.63637704023382
2.0,d2529863525fee49,ok,early_seir_infected_only,seir,neural_ode_h2,38,infected,0.02,16,14,-30.537000715355862,-83.95114678729992,0.0055203498408227655,2.39226670798317e-05,1,87.54602340000565,4.780531526193954e-11,8,-55.95114678729992,364.04885321270007,-45.134904675942984,-77.49764881164494,-75.26764502558784,-73.03764123953074,-68.57763366741656,-79.29593202436772,-52.153986286483345,2.3276073814661027,8.92001514422838,22.877145356588194
2.0,d2529863525fee49,ok,early_seir_infected_only,seir,neural_ode_h2,39,infected,0.02,16,14,-31.890248439814158,-83.80760763353521,0.008758860592359153,2.5590996610810056e-05,1,89.76677239997662,1.88641990916949e-10,8,-55.80760763353521,364.1923923664648,-44.99136552217828,-77.59392382340549,-75.49301484374695,-73.39210586408842,-69.19028790477134,-79.32538222427212,-55.37686096099417,2.241112704631547,8.403635918634144,20.027110753906896
2.0,d2529863525fee49,ok,early_seir_infected_only,seir,neural_ode_h2,40,infected,0.02,16,14,-28.088663829254685,-77.36385279765699,0.004640158743203232,3.6497952006408255e-05,3,87.27869840001222,3.326761088828789e-11,8,-49.36385279765699,370.636147202343,-38.547610686300054,-70.63609250540824,-68.3247981128297,-66.01350372025114,-61.390914935094045,-72.51079959269852,-46.93215008819517,2.426526602479237,9.245177570314201,21.186525139147623
2.0,d2529863525fee49,ok,early_seir_infected_only,seir,neural_ode_h2,41,infected,0.02,16,14,-25.400951479457532,-71.46247659417241,0.007654290853653572,2.8880664783115903e-05,1,81.51208429998951,7.616307584612514e-11,8,-43.462476594172415,376.5375234058276,-32.64623448281548,-65.20251151624718,-63.053655100167774,-60.90479868408836,-56.60708585192953,-66.946866307142,-42.20647729459741,2.2578051435152044,8.595425664317652,20.66057363525735
2.0,d2529863525fee49,ok,early_seir_infected_only,seir,neural_ode_h2,42,infected,0.02,16,14,-26.011923195334518,-73.12145499985445,0.007067363285894489,3.18238632689439e-05,1,78.3090128999902,4.034816925013729e-11,8,-45.12145499985445,374.87854500014555,-34.305212888497515,-66.84314533616009,-64.68604847718424,-62.52895161820839,-58.214757900256686,-68.5926118913659,-43.39545895476563,2.264421554244275,8.628387435903406,21.09760860918541
2.0,d2529863525fee49,ok,early_seir_infected_only,seir,neural_ode_h2,43,infected,0.02,16,14,-29.189406705145725,-80.9103975659233,0.005489889603618754,6.824742505873486e-06,3,72.14260729998932,1.2380851899251866e-10,8,-52.910397565923304,367.0896024340767,-42.09415545456637,-74.32044591918685,-72.07883932507275,-69.83723273095863,-65.35401954273041,-76.15675228570093,-49.41238703383502,2.3768226401111834,8.966426376456436,22.531584155631855
2.0,d2529863525fee49,ok,early_seir_infected_only,seir,neural_ode_h2,44,infected,0.02,16,14,-27.65598303455348,-82.72397988594626,0.00500078295759371,1.624630861287689e-05,1,79.89298299999791,5.85792143681374e-08,10,-54.723979885946264,365.2760201140537,-43.90773777458933,-75.62087864444469,-73.32753575178877,-71.03419285913286,-66.44750707382103,-77.60017541792298,-46.13859449848329,2.56190223401164,9.173371570623663,27.412013816839305
2.0,d2529863525fee49,ok,early_seir_infected_only,seir,neural_ode_h2,45,infected,0.02,16,14,-33.908995550566104,-87.98982225123514,0.007545200207693843,2.632720941915361e-05,4,78.0295996000059,4.723688107333146e-11,8,-59.98982225123514,360.0101777487649,-49.173580139878204,-81.49654273501957,-79.32087600361203,-77.1452092722045,-72.79387580938942,-83.3059111726601,-59.115324175502046,2.3419555392875204,8.70266692563016,20.171831150102935
2.0,d2529863525fee49,ok,early_seir_infected_only,seir,neural_ode_h2,46,infected,0.02,16,14,-24.25630487052507,-73.00581178239071,0.006735174484251805,1.167703740726299e-05,4,75.5736123000097,2.2804158561484655e-10,8,-45.00581178239071,374.9941882176093,-34.18956967103377,-66.77080488594075,-64.61665398451002,-62.462503083079284,-58.15420128021782,-68.50820501768229,-39.89600613532721,2.248803382354209,8.616603605722927,24.49320204134057
2.0,d2529863525fee49,ok,early_seir_infected_only,seir,neural_ode_h2,47,infected,0.02,16,14,-30.094573079895817,-79.27654272101199,0.010143375662704046,2.1636331245321287e-05,0,81.43428580000182,1.1184297932231857e-10,8,-51.27654272101199,368.723457278988,-40.46030060965506,-73.25017369048773,-71.21075040149044,-69.17132711249315,-65.09248053449856,-74.9294363635599,-52.031453003802476,2.173553178726047,8.15769315598916,19.087396561220363
2.0,d2529863525fee49,ok,early_seir_infected_only,seir,neural_ode_h2,48,infected,0.02,16,14,-25.261841638975337,-74.43572807373661,0.006898886592175593,2.6508568986136297e-05,0,86.35059790001833,6.370015626089298e-12,8,-46.43572807373661,373.56427192626336,-35.61948596237968,-67.99931141591351,-65.84318098853498,-63.68705056115644,-59.37478970639937,-69.79283487706836,-41.89916156843654,2.3214465983341253,8.624521709514138,23.91204479578594
2.0,d2529863525fee49,ok,early_seir_infected_only,seir,neural_ode_h2,49,infected,0.02,16,14,-22.429320069408444,-70.12586040887305,0.004992390416335711,4.3874431839661964e-05,3,78.58706779999193,3.6616398801925243e-10,8,-42.12586040887305,377.87413959112695,-31.309618297516117,-63.69256552772261,-61.447037270369,-59.2015090130154,-54.71045249830819,-65.485219098067,-35.876527109402474,2.320320655403025,8.982113029414414,25.267220270056164
2.0,d2529863525fee49,ok,early_seir_infected_only,seir,neural_ode_h2,50,infected,0.02,16,14,-27.279314302964927,-73.53709047732713,0.0119969323810429,9.888621720326876e-06,0,77.3488344999787,1.4072298881728784e-10,8,-45.537090477327126,374.4629095226729,-34.72084836597019,-67.54579639943425,-65.5927093393645,-63.63962227929475,-59.73344815915524,-69.2152853499854,-46.74628036565084,2.160902563670866,7.812348240279013,18.97846187139727
2.0,d2529863525fee49,ok,early_seir_infected_only,seir,neural_ode_h2,51,infected,0.02,16,14,-32.38482536574506,-85.67652913474595,0.006120583977987738,2.7083188080449782e-05,1,73.84969959998853,1.2865086773672374e-10,8,-57.67652913474595,362.3234708652541,-46.86028702338901,-79.13620873538244,-76.90816537166464,-74.68012200794684,-70.22403528051123,-80.95868523175261,-55.85747727661891,2.358921951496667,8.912173454871207,20.906878403255824
2.0,d2529863525fee49,ok,early_seir_infected_only,seir,neural_ode_h2,52,infected,0.02,16,14,-31.13841707220156,-84.79295252234638,0.007275682307426791,3.229798217510496e-05,4,77.72344169998541,7.767120280277595e-10,8,-56.79295252234638,363.20704747765365,-45.97671041098945,-78.38542217750465,-76.24064956808249,-74.09587695866033,-69.80633173981602,-80.17089639592203,-53.69774370671448,2.311028063212179,8.579090437688636,22.516118377943265
2.0,d2529863525fee49,ok,early_seir_infected_only,seir,neural_ode_h2,53,infected,0.02,16,14,-28.38104648470615,-78.00023928370429,0.00786592593737614,3.0476732390780127e-05,2,82.87981760001276,2.3913315772006172e-11,8,-50.00023928370429,369.9997607162957,-39.183997172347354,-71.61098373940506,-69.48308651291413,-67.35518928642321,-63.099394833441366,-73.39136563933788,-48.2505040634486,2.3044368221832046,8.511588905963695,21.23814631429199
2.0,d2529863525fee49,ok,early_seir_infected_only,seir,neural_ode_h2,54,infected,0.02,16,14,-22.46303655594867,-68.01410860993744,0.00572076542251965,3.350441989854268e-05,3,70.08852370001841,2.935465204245702e-10,8,-40.01410860993744,379.98589139006253,-29.197866498580503,-61.3643632242206,-59.12527945940467,-56.88619569458875,-52.4080281649569,-63.21733126436346,-35.969738052633645,2.398388672786989,8.956335059263694,23.0880354980401
2.0,d2529863525fee49,ok,early_seir_infected_only,seir,neural_ode_h2,55,infected,0.02,16,14,-30.709859011909117,-81.3802313208454,0.005926359702429826,3.0742597305482254e-05,1,62.85483940000995,9.307399295721552e-11,8,-53.3802313208454,366.6197686791546,-42.56398920948846,-74.7292291312004,-72.47900509553573,-70.22878105987105,-65.72833298854172,-76.58254738287415,-52.41882188115956,2.398841968985621,9.000896142658677,19.960513297027166
2.0,d2529863525fee49,ok,early_seir_infected_only,seir,neural_ode_h2,56,infected,0.02,16,14,-31.24915735958173,-83.99521336775553,0.00738138298894377,2.6142549411573116e-05,2,50.49867830000585,2.1280754936015e-11,8,-55.995213367755525,364.0047866322445,-45.17897125639859,-77.68880729745555,-75.53898582074994,-73.38916434404435,-69.08952139063314,-79.44610298602862,-53.89902881234104,2.2745551908634543,8.599285906822423,21.496898648592065
2.0,d2529863525fee49,ok,early_seir_infected_only,seir,neural_ode_h2,57,infected,0.02,16,14,-26.343556889518112,-72.90887778454142,0.005790497384168532,1.1696263278600262e-05,0,46.765865599998506,1.2509104863056564e-11,8,-44.90887778454142,375.0911222154586,-34.09263567318448,-66.4116556947598,-64.17070493685543,-61.92975417895105,-57.44785266314229,-68.22212274030034,-43.723310747418715,2.343377522120543,8.963803031617507,20.221764005505193
2.0,d2529863525fee49,ok,early_seir_infected_only,seir,neural_ode_h2,58,infected,0.02,16,14,-35.666684403277394,-89.85643969088515,0.009195723938591234,2.2543047185343277e-05,3,46.95588290001615,1.1534950772329466e-10,8,-61.85643969088515,358.14356030911483,-51.04019757952822,-83.6061536385724,-81.51397772507717,-79.42180181158196,-75.2374499845915,-85.34781134498061,-62.9646651525739,2.2543141729522698,8.368703653980887,18.52307088433037
2.0,d2529863525fee49,ok,early_seir_infected_only,seir,neural_ode_h2,59,infected,0.02,16,14,-30.397502562159985,-81.43935527655438,0.006754902608852232,3.1849592518350125e-05,1,53.17331209999975,1.2147438610554673e-10,8,-53.43935527655438,366.56064472344565,-42.623113165197445,-75.06786925770021,-72.88576280473717,-70.70365635177411,-66.33944344584802,-76.84329963530723,-52.06657931246778,2.2980278206235716,8.728425811852187,20.644350152234413
2.0,d2529863525fee49,ok,early_seir_infected_only,seir,neural_ode_h2,60,infected,0.02,16,14,-31.365234523927633,-82.03845195182518,0.00765900863831825,3.267185447726988e-05,0,48.12241829998675,7.685940772717004e-11,8,-54.03845195182518,365.9615480481748,-43.222209840468246,-75.72578449271236,-73.56934483955145,-71.41290518639053,-67.1000258800687,-77.48482493280358,-54.1047104352116,2.2768135095108004,8.625758612643667,19.307982903969915
2.0,d2529863525fee49,ok,early_seir_infected_only,seir,neural_ode_h2,61,infected,0.02,16,14,-24.796093380830587,-71.82277604599011,0.011775997025776757,2.6024326979683252e-05,3,45.604297999991104,1.950404282524687e-10,10,-43.82277604599011,376.1772239540099,-33.006533934633175,-65.21196682424285,-63.21307932627999,-61.21419182831713,-57.21641683239141,-67.0540852057512,-41.596636769809734,2.384345420119451,7.995549991851442,22.230589284328936
2.0,d2529863525fee49,ok,early_seir_infected_only,seir,neural_ode_h2,62,infected,0.02,16,14,-34.34587831215416,-87.69517376227645,0.009050168211311571,2.5340161346854644e-05,3,50.54780490000849,2.106688157255121e-10,8,-59.695173762276454,360.30482623772355,-48.87893165091952,-81.47310305028694,-79.37456765030622,-77.27603225032549,-73.07896145036405,-83.20689848215258,-60.297615024385436,2.2441376400619353,8.394141599922891,19.00341713796813
2.0,d2529863525fee49,ok,early_seir_infected_only,seir,neural_ode_h2,63,infected,0.02,16,14,-27.297438633016945,-78.51643783796315,0.0069205616903576265,3.667493090422246e-05,4,47.08843030000571,6.3806737671257e-11,8,-50.51643783796315,369.48356216203683,-39.70019572660622,-72.22336344979064,-70.0775204399108,-67.93167743003097,-63.6399914102713,-73.97694423208223,-46.01150522651455,2.269746802940458,8.583372039519341,23.921560571929263
2.0,d2529863525fee49,ok,early_seir_infected_only,seir,neural_ode_h2,64,infected,0.02,16,14,-31.019920978201448,-83.12980822316771,0.006621141640792719,3.293388287796518e-05,2,47.22651529998984,3.553850547177717e-10,8,-55.129808223167714,364.87019177683226,-44.31356611181078,-76.56397231966467,-74.35334404398232,-72.14271576829996,-67.72145921693526,-78.39355877453043,-53.197328853673476,2.3681247243186383,8.842513102729418,21.08996626676482
2.0,d2529863525fee49,ok,early_seir_infected_only,seir,neural_ode_h2,65,infected,0.02,16,14,-32.244552268768174,-84.39782525832209,0.009935883792957277,2.82612827145965e-05,2,49.53143090000958,4.5059067588226753e-10,8,-56.39782525832209,363.6021747416779,-45.58158314696515,-78.25335241230005,-76.20125699075962,-74.1491615692192,-70.04497072613836,-79.96552500640564,-56.280722851374655,2.2161501259582255,8.208381686161694,19.908720720785738
2.0,d2529863525fee49,ok,early_seir_infected_only,seir,neural_ode_h2,66,infected,0.02,16,14,-33.052578892518895,-84.18593234082604,0.009783799318278219,2.6236692792654385e-05,1,47.626559099997394,2.894822159760224e-10,8,-56.18593234082604,363.81406765917393,-45.36969022946911,-77.97422527496816,-75.90560193041165,-73.83697858585512,-69.69973189674208,-79.705132851142,-57.83066440681171,2.2403997448420223,8.274493378226081,18.080774555788253
2.0,d2529863525fee49,ok,early_seir_infected_only,seir,neural_ode_h2,67,infected,0.02,16,14,-24.417300153912258,-74.87562312074427,0.006001338004693643,1.0651825177828372e-05,4,48.04496230001678,4.161684330483695e-10,8,-46.875623120744265,373.12437687925575,-36.05938100938733,-68.36618739554483,-66.19387370237963,-64.02156000921443,-59.676932622884024,-70.18005780087893,-40.14534553516371,2.34778265993267,8.6892547726608,26.041022812919746
2.0,d2529863525fee49,ok,early_seir_infected_only,seir,neural_ode_h2,68,infected,0.02,16,14,-26.92243511786142,-77.15606084431442,0.005839620182368159,1.5332556494699587e-05,2,49.89971470000455,3.0198066269804258e-12,8,-49.156060844314425,370.8439391556856,-38.33981873295749,-70.67075132447218,-68.4535607074598,-66.23637009044744,-61.80198885642269,-72.47789890286123,-44.97610776767335,2.3390809707265974,8.868762468049491,23.31119060859159
2.0,d2529863525fee49,ok,early_seir_infected_only,seir,neural_ode_h2,69,infected,0.02,16,14,-31.029651225273653,-82.99203758195867,0.008212081887474715,2.4713123475259916e-05,3,44.676652599999215,4.579447931973846e-12,8,-54.99203758195867,365.0079624180413,-44.175795470601734,-76.73383257538342,-74.62527295974257,-72.51671334410173,-68.29959411282003,-78.47769691803236,-53.62506398798393,2.257170331963151,8.43423846256338,20.93273513141136
2.0,d2529863525fee49,ok,early_seir_infected_only,seir,neural_ode_h2,70,infected,0.02,16,14,-25.931363559296912,-76.88443134778319,0.005455524583036758,1.3517455007174214e-05,1,61.14765709999483,1.6639489786030026e-10,8,-48.88443134778319,371.1155686522168,-38.06818923642626,-70.33187921228085,-68.11282105844603,-65.89376290461122,-61.45564659694159,-72.15776411225538,-42.98649450325456,2.3633336177639035,8.876232615339266,25.021704229189368
2.0,d2529863525fee49,ok,early_seir_infected_only,seir,neural_ode_h2,71,infected,0.02,16,14,-28.359370762978173,-79.15076107330756,0.008317456791728422,1.611465230678631e-05,4,62.73608969998895,1.1365841601218563e-09,10,-51.150761073307564,368.84923892669246,-40.33451896195063,-72.35308172989166,-70.18166262384379,-68.01024351779594,-63.66740530570022,-74.24727193415782,-48.03306510176491,2.4517445695748687,8.685676424191435,22.432019547351217
2.0,d2529863525fee49,ok,early_seir_infected_only,seir,neural_ode_h2,72,infected,0.02,16,14,-30.074977767515044,-79.77972392818339,0.00837997514512809,2.452543023836015e-05,4,78.80807689999347,5.197620112085133e-12,8,-51.77972392818339,368.2202760718166,-40.96348181682645,-73.47679667969886,-71.35671975959258,-69.2366428394863,-64.99648899927372,-75.23312298594712,-51.66964785460495,2.273300471118133,8.480307680425136,19.629768393153302
2.0,d2529863525fee49,ok,early_seir_infected_only,seir,neural_ode_h2,73,infected,0.02,16,14,-31.68349108882787,-85.6827313815289,0.005777100072018344,2.6650654622499475e-05,0,86.06934669998009,1.9250023797212634e-10,8,-57.682731381528896,362.3172686184711,-46.86648927017196,-79.05792010089426,-76.82370115353892,-74.58948220618358,-70.12104431147287,-80.90394019083047,-54.43010638823436,2.389395595349213,8.936875789421387,22.315749203873153
2.0,d2529863525fee49,ok,early_seir_infected_only,seir,neural_ode_h2,74,infected,0.02,16,14,-29.58282981463459,-79.75366854087616,0.007753721013913829,4.7531926524968614e-05,4,98.63791130000027,4.6736825964899253e-08,10,-51.75366854087616,368.24633145912384,-40.93742642951923,-73.20721889123695,-71.03533414506063,-68.86344939888433,-64.5196799065317,-75.03140331839427,-50.47812064456393,2.361132611240945,8.687538984705245,20.588008911606984
2.0,d2529863525fee49,ok,early_seir_infected_only,seir,neural_ode_h2,75,infected,0.02,16,14,-29.327869018326275,-80.39315604202304,0.0074910600475694466,5.268232355342372e-06,3,76.53968659997918,4.954614496455179e-10,8,-52.39315604202304,367.60684395797693,-41.5769139306661,-74.04238111299635,-71.89812543113317,-69.75386974927,-65.46535838554364,-75.81204029406865,-50.078715309199836,2.290557873977191,8.577022727452714,21.737418005370486
2.0,d2529863525fee49,ok,early_seir_infected_only,seir,neural_ode_h2,76,infected,0.02,16,14,-26.550649806258505,-73.5501302207538,0.009046748152372046,1.455196403032701e-05,1,79.72509110000101,1.2310863439779496e-10,10,-45.5501302207538,374.4498697792462,-34.733888109396865,-67.19000854215757,-65.07656077690999,-62.96311301166241,-58.736217481167245,-68.96227221817321,-44.647508551526684,2.2939290012902935,8.453791060990323,20.448830608236793
2.0,d2529863525fee49,ok,early_seir_infected_only,seir,neural_ode_h2,77,infected,0.02,16,14,-26.440231628709324,-74.63381269572271,0.010743108282909315,2.5278371415489555e-05,1,83.34766690002289,1.0269474159940728e-10,8,-46.63381269572271,373.3661873042773,-35.817570584365775,-68.60862391853215,-66.62525589087359,-64.64188786321503,-60.675151807897905,-70.28755771108638,-44.94699114678441,2.1731274923181685,7.933472110634238,21.753349438304063
2.0,d2529863525fee49,ok,early_seir_infected_only,seir,neural_ode_h2,78,infected,0.02,16,14,-31.893689148988337,-82.43758516573652,0.008823437717084449,1.1972792837726672e-05,2,80.8578550000093,2.0981971715627878e-10,8,-54.43758516573652,365.56241483426345,-43.62134305437959,-76.12016152947916,-74.00522320678768,-71.89028488409619,-67.66040823871323,-77.88052729012492,-55.327625007210735,2.278528937805803,8.459753290765937,18.650206867759852
2.0,d2529863525fee49,ok,early_seir_infected_only,seir,neural_ode_h2,79,infected,0.02,16,14,-30.180089391308435,-82.41162896887205,0.004913279041216333,2.4945218372332477e-05,0,81.6694690999866,2.7832669502458884e-10,8,-54.41162896887205,365.58837103112796,-43.595386857515116,-75.79945110262011,-73.52237709747004,-71.24530309231997,-66.69115508201982,-77.64195086031333,-51.25188276201658,2.384839054279361,9.108296020600289,22.05145018625518
2.0,b57db1e974f4ccec,ok,early_seir_infected_only,seir,seir,0,infected,0.02,16,3,-39.72674677679153,-79.7388649835068,0.0005796262726979921,1.835798975300438e-05,4,27.12579979999998,1.8204104890173767e-11,3,-73.7388649835068,-71.7388649835068,-71.42109881678746,-75.79329132398011,-73.94110678677409,-72.08892224956807,-68.38455317515603,-76.89273520747616,-72.04475540475897,1.4230648880153176,7.408738148824091,0.28537142992373865
2.0,b57db1e974f4ccec,ok,early_seir_infected_only,seir,seir,1,infected,0.02,16,3,-41.59340336613886,-83.60443982116013,0.00020154789883105968,3.5054076192340468e-06,2,45.98415350000141,2.4492408101650653e-11,3,-77.60443982116013,-75.60443982116013,-75.28667365444079,-79.87128221749681,-78.07243154929644,-76.27358088109607,-72.67587954469533,-80.91153584032912,-75.99140405947624,1.3464519904155001,7.195402672801479,0.4176330888824129
2.0,b57db1e974f4ccec,ok,early_seir_infected_only,seir,seir,2,infected,0.02,16,3,-41.31208479309548,-83.15755730981844,0.0009048960078506632,1.0019399982804351e-05,0,45.42504299999564,5.989875262457645e-11,3,-77.15755730981844,-75.15755730981844,-74.8397911430991,-79.4052294001379,-77.56590692462696,-75.72658444911603,-72.04793949809417,-80.45082487627576,-75.26687968414723,1.3533662167713407,7.357289902043737,0.5333877236274813
2.0,b57db1e974f4ccec,ok,early_seir_infected_only,seir,seir,3,infected,0.02,16,3,-39.26652172936472,-79.30121609853686,0.0015225242719012178,6.127989148368164e-06,3,45.267182099982165,4.3939962779404595e-11,3,-73.30121609853686,-71.30121609853686,-70.98344993181752,-74.19271306949196,-72.05136148997912,-69.91000991046629,-65.6273067514406,-75.6162101053522,-69.96763714067808,1.84250299659233,8.565406318051357,0.7681726398074145
2.0,b57db1e974f4ccec,ok,early_seir_infected_only,seir,seir,4,infected,0.02,16,3,-34.71631054552912,-70.09995737137531,0.00012422194953603039,1.3185168356009797e-05,4,36.683513299998594,2.2610180394622148e-10,3,-64.09995737137531,-62.09995737137531,-61.782191204655966,-65.43932512765579,-63.397751574695235,-61.356178021734685,-57.27303091581358,-66.73802185866464,-61.266326879216024,1.6809677563553378,8.166294211842217,0.6673362803170676
2.0,b57db1e974f4ccec,ok,early_seir_infected_only,seir,seir,5,infected,0.02,16,3,-39.5600618566411,-79.21854179473794,0.00014458567239688866,1.6952899642563418e-05,2,41.15378819999751,2.6993518531526206e-11,3,-73.21854179473794,-71.21854179473794,-70.90077562801861,-75.0742734393803,-73.22311508429682,-71.37195672921332,-67.66964001904635,-76.22908409254418,-71.71549029294825,1.4947288510968793,7.404633420333953,0.09841808145574724
2.0,b57db1e974f4ccec,ok,early_seir_infected_only,seir,seir,6,infected,0.02,16,3,-38.05519933420868,-76.63225099576036,2.2398885597099144e-07,2.0047750451674652e-05,0,50.868133799987845,1.5830892152735032e-11,3,-70.63225099576036,-68.63225099576036,-68.31448482904102,-72.8767434052011,-71.06158784017764,-69.24643227515418,-65.61612114510726,-73.92322490730001,-68.84977640832352,1.354513044230176,7.260622260093839,0.5218523273429915
2.0,b57db1e974f4ccec,ok,early_seir_infected_only,seir,seir,7,infected,0.02,16,3,-45.87678862587638,-91.85081233254223,0.0009999453247093572,1.0774795785144816e-05,4,48.3589987999876,6.45030695523019e-11,3,-85.85081233254223,-83.85081233254223,-83.5330461658229,-87.69545356610456,-85.85982809534164,-84.02420262457873,-80.35295168305291,-88.85335458981518,-84.4110753687011,1.4987288713635265,7.342501883051657,0.09723508078946747
2.0,b57db1e974f4ccec,ok,early_seir_infected_only,seir,seir,8,infected,0.02,16,3,-45.4004800904392,-90.98471763332348,8.67616903335341e-06,4.566349244539704e-05,1,49.576458800002,2.1884716261411086e-11,3,-84.98471763332348,-82.98471763332348,-82.66695146660415,-86.6192579640852,-84.67000963051642,-82.72076129694764,-78.8222646298101,-87.83570412531805,-83.00396684660332,1.5745067540027167,7.796993334275091,0.18375745244508468
2.0,b57db1e974f4ccec,ok,early_seir_infected_only,seir,seir,9,infected,0.02,16,3,-40.63538567378575,-82.668633427153,0.005465013215907372,6.04871292364373e-06,0,51.24688730001799,5.547917680814862e-11,3,-76.668633427153,-74.668633427153,-74.35086726043366,-77.40878139472585,-75.27186920539397,-73.1349570160621,-68.86113263739834,-78.87445220565681,-72.72312259024399,1.8970906107480927,8.547648757327504,1.3978620795814944
2.0,b57db1e974f4ccec,ok,early_seir_infected_only,seir,seir,10,infected,0.02,16,3,-42.47652367243468,-85.0549689375733,0.00019892353637012078,1.713772984157206e-05,3,45.51092959998641,4.533262654149439e-11,3,-79.0549689375733,-77.0549689375733,-76.73720277085397,-80.91078053241353,-79.05511363921043,-77.19944674600735,-73.48811295960118,-82.06556890725652,-77.53037977205702,1.4947000151583913,7.4226675728123475,0.10192159270395017
2.0,b57db1e974f4ccec,ok,early_seir_infected_only,seir,seir,11,infected,0.02,16,3,-41.65789650287914,-83.45970016407432,3.146422577044465e-05,2.196872969330818e-05,2,44.16299850001815,3.001332515850663e-11,3,-77.45970016407432,-75.45970016407432,-75.14193399735498,-79.15561364313291,-77.22470327947708,-75.29379291582126,-71.4319721885096,-80.35495802441473,-75.59215155113498,1.5523710698297988,7.723641454623301,0.1439071583160383
2.0,b57db1e974f4ccec,ok,early_seir_infected_only,seir,seir,12,infected,0.02,16,3,-38.46421104767183,-78.39160748727608,0.002690487270224916,3.499883414829188e-05,2,43.65467770001851,7.673861546209082e-13,3,-72.39160748727608,-70.39160748727608,-70.07384132055674,-72.2998601566884,-69.78854671776428,-67.27723327884017,-62.25460640099194,-73.99734065518236,-66.88316833964721,2.197133416046859,10.045253755696455,1.463185391932406
2.0,b57db1e974f4ccec,ok,early_seir_infected_only,seir,seir,13,infected,0.02,16,3,-41.70199908348362,-84.71761194759486,0.00040803258236580907,4.632356563797021e-05,4,44.51800260000164,4.533262654149439e-12,3,-78.71761194759486,-76.71761194759486,-76.39984578087552,-80.1902607604342,-78.19015098788182,-76.19004121532944,-72.1898216702247,-81.45181839455513,-75.40355907675774,1.6328967765198643,8.000439090209497,1.3136137806276238
2.0,b57db1e974f4ccec,ok,early_seir_infected_only,seir,seir,14,infected,0.02,16,3,-39.29451639890308,-79.08272542697951,0.00016120922827781784,5.4748707881383764e-05,1,45.70797390001826,1.0433609531901311e-10,3,-73.08272542697951,-71.08272542697951,-70.76495926026017,-73.88744759421857,-71.70924932374545,-69.53105105327232,-65.17465451232609,-75.33512464429722,-69.87623971591367,1.8738003913411432,8.712793081892487,0.49369262917334966
2.0,b57db1e974f4ccec,ok,early_seir_infected_only,seir,seir,15,infected,0.02,16,3,-41.718763206935094,-83.61113280467866,0.00017711657753564488,4.726624374435625e-05,3,43.24836050000158,4.545341880657361e-11,3,-77.61113280467866,-75.61113280467866,-75.29336663795932,-79.31402332011515,-77.39553941484468,-75.47705550957421,-71.64008769903327,-80.51142353291031,-75.7635907927883,1.5498546358841745,7.6739356210818865,0.1736063908084759
2.0,b57db1e974f4ccec,ok,early_seir_infected_only,seir,seir,16,infected,0.02,16,3,-37.77149212309236,-75.96745282909384,0.0007258609996363853,5.228087188073781e-06,0,35.26163419999648,2.3945290195115376e-12,3,-69.96745282909384,-67.96745282909384,-67.6496866623745,-71.69935724550211,-69.83688254860286,-67.9744078517036,-64.24945845790509,-72.8886726628499,-68.0930854585877,1.5393900831219693,7.449898787597018,0.42446858290913353
2.0,b57db1e974f4ccec,ok,early_seir_infected_only,seir,seir,17,infected,0.02,16,3,-39.21973120678177,-78.62443382311193,0.0004668439255362511,3.590097317921335e-05,0,37.14872280001873,9.85806991593563e-11,3,-72.62443382311193,-70.62443382311193,-70.30666765639259,-74.78077410068823,-73.01224814919937,-71.24372219771051,-67.70667029473277,-75.85181941290926,-71.36535860760809,1.3863072051013299,7.074103805955455,0.1849714095483757
2.0,b57db1e974f4ccec,ok,early_seir_infected_only,seir,seir,18,infected,0.02,16,3,-42.099284034777334,-84.43791438273473,0.00023242199804885926,3.9827191693282473e-05,2,39.578354699973715,8.891731795301894e-11,3,-78.43791438273473,-76.43791438273473,-76.1201482160154,-80.43925614885713,-78.60159103316292,-76.7639259174687,-73.08859568608028,-81.55349218062221,-76.84790760677782,1.4422111010562624,7.350660462776851,0.23934631318006827
2.0,b57db1e974f4ccec,ok,early_seir_infected_only,seir,seir,19,infected,0.02,16,3,-43.5091179864954,-87.26016927610488,1.99508245790332e-05,1.7164043922869685e-05,2,43.15161150001222,6.922107331774896e-11,3,-81.26016927610488,-79.26016927610488,-78.94240310938554,-82.95447498364804,-81.05643956341567,-79.15840414318329,-75.36233330271854,-84.15426737444918,-79.4260942920613,1.5529509508278472,7.592141680929503,0.24193330311408343
2.0,b57db1e974f4ccec,ok,early_seir_infected_only,seir,seir,20,infected,0.02,16,3,-37.04764398292074,-74.52417462853751,3.278929476240838e-05,1.4555958957723622e-05,1,41.17183859998477,1.8691537206905195e-10,3,-68.52417462853751,-66.52417462853751,-66.20640846181817,-70.87633532797669,-69.13977722587542,-67.40321912377416,-63.93010291957164,-71.89281479409803,-67.14905555743643,1.3156799172197413,6.946232408405053,0.42888666269602915
2.0,b57db1e974f4ccec,ok,early_seir_infected_only,seir,seir,21,infected,0.02,16,3,-44.298516331959405,-88.75157561305441,1.2942446916472357e-06,2.8025235428188644e-06,2,32.765528299991274,2.41229258790554e-11,3,-82.75157561305441,-80.75157561305441,-80.43380944633508,-84.32605066119338,-82.37190565733128,-80.41776065346917,-76.50947064574498,-85.55923416236428,-80.78045264847042,1.5961707253450705,7.816580015448398,0.15454294913560498
2.0,b57db1e974f4ccec,ok,early_seir_infected_only,seir,seir,22,infected,0.02,16,3,-37.55609673795874,-75.74326627366807,0.0012972099179407379,2.7123229715625746e-06,1,26.56698539998615,3.326761088828789e-11,3,-69.74326627366807,-67.74326627366807,-67.42550010694873,-70.71666628176737,-68.61187466938982,-66.50708305701227,-62.297499832257174,-72.11734083324424,-66.69302702640728,1.8129627202119118,8.419166449510204,0.6310727977505869
2.0,b57db1e974f4ccec,ok,early_seir_infected_only,seir,seir,23,infected,0.02,16,3,-43.58819587486495,-87.29706036850243,0.00019221377462247697,6.5463188835608005e-06,1,35.469859800010454,4.020250798930647e-11,3,-81.29706036850243,-79.29706036850243,-78.97929420178309,-83.2773900004243,-81.4557066431663,-79.63402328590828,-75.99065657139228,-84.39748111548512,-79.88965832069788,1.4497896265086552,7.286733429032028,0.12066861877252807
2.0,b57db1e974f4ccec,ok,early_seir_infected_only,seir,seir,24,infected,0.02,16,3,-40.778247040394376,-81.69292327443742,4.789158549980873e-05,1.693072670783072e-05,0,42.78625949998968,8.907363735488616e-11,3,-75.69292327443742,-73.69292327443742,-73.37515710771808,-77.55677491104939,-75.68624808877101,-73.81572126649262,-70.07466762193586,-78.70932290831696,-74.07438679167522,1.491800183060227,7.48210728911353,0.1364291936486653
2.0,b57db1e974f4ccec,ok,early_seir_infected_only,seir,seir,25,infected,0.02,16,3,-42.39848914426999,-87.85619587897142,0.011501344735351518,6.278310788753065e-05,2,47.19040789999417,2.4009239041333785e-11,3,-81.85619587897142,-79.85619587897142,-79.53842971225208,-81.28657406001157,-78.43973209069036,-75.59289012136914,-69.89920618272669,-83.11721546960678,-73.4096104112551,2.369490204682323,11.38736787728488,3.059217590431441
2.0,b57db1e974f4ccec,ok,early_seir_infected_only,seir,seir,26,infected,0.02,16,3,-42.920677560746554,-85.96688067398468,0.00010403127273532539,4.4519154731047155e-06,4,42.41677559999516,3.256417357988539e-11,3,-79.96688067398468,-77.96688067398468,-77.64911450726534,-81.92307380796117,-80.08866864683063,-78.25426348570008,-74.58545316343897,-83.04989061802225,-78.5037344769709,1.458495027981212,7.337620644522204,0.12552555249156233
2.0,b57db1e974f4ccec,ok,early_seir_infected_only,seir,seir,27,infected,0.02,16,3,-36.128157852904394,-72.45185165802596,0.00010813436525332965,3.181133209236472e-05,2,42.42113430000609,2.5060842290258734e-11,3,-66.45185165802596,-64.45185165802596,-64.13408549130662,-68.59384146223337,-66.83211480018375,-65.07038813813412,-61.54693481403488,-69.66888556944144,-65.2094090576103,1.391483044292256,7.046906648198492,0.19553595221716805
2.0,b57db1e974f4ccec,ok,early_seir_infected_only,seir,seir,28,infected,0.02,16,3,-42.86503369705705,-85.96619473247806,0.0004192177808999609,1.948516759691362e-05,0,42.02746240000124,2.944489096989855e-11,3,-79.96619473247806,-77.96619473247806,-77.64842856575872,-81.9627666947348,-80.10103686198204,-78.23930702922928,-74.51584736372376,-83.07833184417404,-78.28314806310307,1.44393144415201,7.446919331011028,0.23612733836395328
2.0,b57db1e974f4ccec,ok,early_seir_infected_only,seir,seir,29,infected,0.02,16,3,-39.47680376760842,-79.67304074577163,8.153632293644226e-06,3.687919734477096e-05,2,46.39094730000943,4.1310954657092225e-11,3,-73.67304074577163,-71.67304074577163,-71.35527457905229,-76.15069782492975,-74.39017550266998,-72.6296531804102,-69.10860853589067,-77.13220741366716,-71.91151824617776,1.2704166660522338,7.042089289039089,0.7194332105547836
2.0,b57db1e974f4ccec,ok,early_seir_infected_only,seir,seir,30,infected,0.02,16,3,-41.863334118785424,-84.32131001898973,6.609613901368556e-05,1.338051048721663e-05,3,46.25945969999884,7.666045576115721e-11,3,-78.32131001898973,-76.32131001898973,-76.0035438522704,-80.76612460426844,-79.00891737436879,-77.25171014446913,-73.73729568466982,-81.75678583536015,-76.69783931797224,1.2822620918147938,7.028828919598617,0.5946417814188866
2.0,b57db1e974f4ccec,ok,early_seir_infected_only,seir,seir,31,infected,0.02,16,3,-44.968199667384766,-90.15251761877435,0.00037280965852630227,4.5153484736658507e-05,1,47.631277000007685,1.3223200312495464e-11,3,-84.15251761877435,-82.15251761877435,-81.83475145205502,-85.64443324794435,-83.67810274196123,-81.71177223597812,-77.77911122401188,-86.90062213592161,-82.07107731083707,1.6259477414263726,7.865322023932466,0.21611828400481492
2.0,b57db1e974f4ccec,ok,early_seir_infected_only,seir,seir,32,infected,0.02,16,3,-40.163637075743395,-80.54833573575893,2.016467692776322e-05,2.439151049751436e-05,1,42.42647730000317,1.48929757415317e-11,3,-74.54833573575893,-72.54833573575893,-72.23056956903959,-76.5228712972948,-74.66095168229043,-72.79903206728605,-69.0751928372773,-77.64457694443539,-72.87959569146929,1.4518793956617686,7.447678460017493,0.2210615842721363
2.0,b57db1e974f4ccec,ok,early_seir_infected_only,seir,seir,33,infected,0.02,16,3,-40.939685574065756,-82.19906536005463,0.00033067232768991053,3.76393382398961e-05,1,44.432209499995224,8.328981948579894e-11,3,-76.19906536005463,-74.19906536005463,-73.8812991933353,-78.33371888316537,-76.5258250012597,-74.71793111935403,-71.10214335554268,-79.41080726329176,-74.64779562050882,1.3941290483814401,7.2315755276226925,0.31969421192312575
2.0,b57db1e974f4ccec,ok,early_seir_infected_only,seir,seir,34,infected,0.02,16,3,-42.481369464627264,-85.21042683458624,0.0003053142565938326,3.866246046500662e-05,4,47.11739129998023,5.547917680814862e-11,3,-79.21042683458624,-77.21042683458624,-76.8926606678669,-80.95469706061539,-79.08920016164215,-77.22370326266892,-73.49270946472245,-82.14056671445061,-77.50075133336159,1.5349300600678175,7.461987595892931,0.2476879053317147
2.0,b57db1e974f4ccec,ok,early_seir_infected_only,seir,seir,35,infected,0.02,16,3,-37.5861780850839,-75.37271281384213,4.5290235700833784e-06,1.664643192073863e-05,3,45.49380689999089,4.072830961376894e-11,3,-69.37271281384213,-67.37271281384213,-67.05494664712279,-71.3579936893177,-69.50817551383177,-67.65835733834585,-63.958720987374,-72.47670512808538,-67.7730834682241,1.4480038428783701,7.399272701943697,0.2003566436743307
2.0,b57db1e974f4ccec,ok,early_seir_infected_only,seir,seir,36,infected,0.02,16,3,-42.08293895561342,-84.73808716508316,0.0002638863502227821,4.095690049026527e-05,0,44.24157140002353,1.5582912737954757e-10,3,-78.73808716508316,-76.73808716508316,-76.42032099836382,-81.16871423224167,-79.42547730798509,-77.68224038372851,-74.19576653521536,-82.1633288504363,-77.19293021420053,1.2873791573234268,6.972947697026315,0.5722092538563107
2.0,b57db1e974f4ccec,ok,early_seir_infected_only,seir,seir,37,infected,0.02,16,3,-40.995134216521,-82.26654311835213,1.338795878334034e-05,4.295898052166397e-05,3,42.87246050001704,1.687610051703814e-10,3,-76.26654311835213,-74.26654311835213,-73.9487769516328,-78.45766835003265,-76.66799743044062,-74.8783265108486,-71.29898467166454,-79.51902074854132,-74.8315847546739,1.3737611849054034,7.158683678368112,0.2762746853101286
2.0,b57db1e974f4ccec,ok,early_seir_infected_only,seir,seir,38,infected,0.02,16,3,-42.455420846109725,-85.22953943549669,0.0003870334042937064,2.451356626808176e-05,3,43.65690970001742,8.22808488010196e-12,3,-79.22953943549669,-77.22953943549669,-76.91177326877735,-81.36214607979016,-79.53351845101196,-77.70489082223376,-74.04763556467735,-82.43980482777432,-77.59633117710663,1.394867303861181,7.314510515112813,0.3186977432772433
2.0,b57db1e974f4ccec,ok,early_seir_infected_only,seir,seir,39,infected,0.02,16,3,-43.04080686237871,-86.53100081462574,0.000744037912004609,6.50359510696558e-05,1,48.734003299992764,7.950973213155521e-12,3,-80.53100081462574,-78.53100081462574,-78.2132346479064,-81.75765897314655,-79.71309586655649,-77.66853275996642,-73.57940654678632,-83.08776251304083,-77.90336129839719,1.721619150792456,8.178252426360238,0.44938708986833037
2.0,b57db1e974f4ccec,ok,early_seir_infected_only,seir,seir,40,infected,0.02,16,3,-39.3323175012993,-78.83820691301511,0.0012455116090028453,7.969191666246897e-06,3,52.64912350001396,2.474109805916669e-11,3,-72.83820691301511,-70.83820691301511,-70.52044074629578,-74.42298044136088,-72.43770412865513,-70.45242781594938,-66.48187519053788,-75.65329424548649,-70.7235297517756,1.5924563337643112,7.941105250822998,0.17357191041651263
2.0,b57db1e974f4ccec,ok,early_seir_infected_only,seir,seir,41,infected,0.02,16,3,-37.526651426539665,-75.66638917215256,0.0008581674453498671,6.493077764880893e-05,2,49.799748200020986,4.260414243617561e-11,3,-69.66638917215256,-67.66638917215256,-67.34862300543323,-70.490433295946,-68.33029068095573,-66.17014806596545,-61.84986283598489,-71.93272623492092,-66.4127323931182,1.8668314686158234,8.64057045996112,0.6130863190732301
2.0,b57db1e974f4ccec,ok,early_seir_infected_only,seir,seir,42,infected,0.02,16,3,-37.302007979448206,-74.75308176327698,7.077598678349794e-06,3.947837008449388e-05,2,49.648105999978725,4.1097791836364195e-11,3,-68.75308176327698,-66.75308176327698,-66.43531559655764,-70.5693785971593,-68.70315052461875,-66.8369224520782,-63.10446630699709,-71.73517785812227,-67.13910366873421,1.5089519525773576,7.464912290162211,0.14906580438056416
2.0,b57db1e974f4ccec,ok,early_seir_infected_only,seir,seir,43,infected,0.02,16,3,-40.82225677856498,-81.96483074316548,0.0006061936958536882,3.517745018496466e-05,1,43.964330900023924,6.932054930075537e-11,3,-75.96483074316548,-73.96483074316548,-73.64706457644614,-78.03371766590338,-76.17353761483872,-74.31335756377406,-70.59299746164474,-79.12913207229559,-74.20379335287132,1.4178493354349473,7.440720204258643,0.32031718603552073
2.0,b57db1e974f4ccec,ok,early_seir_infected_only,seir,seir,44,infected,0.02,16,3,-40.62517208330426,-82.27727848013485,0.0003810141398667642,1.3735992706048493e-05,3,45.9085505999974,7.150902092689648e-11,3,-76.27727848013485,-74.27727848013485,-73.95951231341552,-78.6079852542393,-76.76616691841208,-74.92434858258487,-71.24071191093044,-79.63044290985137,-73.88307082329966,1.323417785141746,7.36727334330885,1.0269343135263467
2.0,b57db1e974f4ccec,ok,early_seir_infected_only,seir,seir,45,infected,0.02,16,3,-44.42708748444489,-89.11405685151284,1.9041603475700733e-05,6.102571878108326e-06,2,44.71044140000595,5.233147248873138e-11,3,-83.11405685151284,-81.11405685151284,-80.7962906847935,-84.5276732939159,-82.5259169882662,-80.52416068261651,-76.52064807131714,-85.80568044443294,-80.84714974629102,1.6541882035399502,8.007025222598758,0.25988188262306056
2.0,b57db1e974f4ccec,ok,early_seir_infected_only,seir,seir,46,infected,0.02,16,3,-37.882245059158805,-76.25090818503875,4.100931016436911e-06,4.0506902924751746e-05,4,45.41298160000588,5.646683121085516e-11,3,-70.25090818503875,-68.25090818503875,-67.93314201831942,-72.52703142454594,-70.726995041285,-68.92695865802405,-65.32688589150214,-73.56469891741644,-68.56434458527382,1.3431046338111583,7.20014553304379,0.4864180667211437
2.0,b57db1e974f4ccec,ok,early_seir_infected_only,seir,seir,47,infected,0.02,16,3,-40.68086432188163,-82.98068059483937,0.00499914066076117,5.7055476784864765e-05,3,44.31446190000861,1.2859402431786293e-10,3,-76.98068059483937,-74.98068059483937,-74.66291442812003,-77.25500283101204,-74.92271482111462,-72.5904268112172,-67.92585079142238,-78.85047713703841,-72.0325766041736,2.0651017289004763,9.329152039589662,1.6189519510761157
2.0,b57db1e974f4ccec,ok,early_seir_infected_only,seir,seir,48,infected,0.02,16,3,-38.04033819036492,-76.61728074678253,7.765697219344822e-06,2.5315837214378513e-05,3,42.517815899976995,7.130296353352605e-11,3,-70.61728074678253,-68.61728074678253,-68.29951458006319,-72.82739138227636,-70.99836946049695,-69.16934753871753,-65.5113036951587,-73.8834534509371,-68.76458869361218,1.3669136479227169,7.3160876871176574,0.5366043660526865
2.0,b57db1e974f4ccec,ok,early_seir_infected_only,seir,seir,49,infected,0.02,16,3,-34.29786941441612,-69.30390061920019,0.00037756876294416114,1.0809591949616438e-05,3,46.79923809997854,1.9845458609779598e-11,3,-63.30390061920019,-61.30390061920019,-60.98613445248085,-65.79096954057104,-64.02772132377986,-62.264473106988675,-58.737976673406315,-66.7698564961387,-61.542745961667514,1.2670220615307486,7.052992867164726,0.7081617903679572
2.0,b57db1e974f4ccec,ok,early_seir_infected_only,seir,seir,50,infected,0.02,16,3,-36.89573252349895,-74.41229367716085,0.0025025865319625025,1.953360385565828e-05,0,44.08596510000643,1.8464874074197724e-10,3,-68.41229367716085,-66.41229367716085,-66.09452751044151,-70.02544010776097,-68.1211416012417,-66.21684309472242,-62.408246081683885,-71.24784773232122,-66.17427102092081,1.5822229724198136,7.617194026077089,0.6208286301629433
2.0,b57db1e974f4ccec,ok,early_seir_infected_only,seir,seir,51,infected,0.02,16,3,-43.54719599534734,-87.24183942339442,0.0002098395601464854,4.184670786907679e-05,0,45.66893409998738,1.226325707648357e-10,3,-81.24183942339442,-79.24183942339442,-78.92407325667509,-82.84287871508721,-80.88390528414801,-78.92493185320882,-75.00698499133041,-84.06866002392432,-79.25849826693788,1.5865896997350533,7.835893723756791,0.14744743269975472
2.0,b57db1e974f4ccec,ok,early_seir_infected_only,seir,seir,52,infected,0.02,16,3,-42.838983917947395,-85.93245497719039,1.1497136928064116e-05,3.903452639390734e-05,4,46.77756230000523,7.723599537712289e-12,3,-79.93245497719039,-77.93245497719039,-77.61468881047105,-82.03895054286727,-80.21696621406392,-78.39498188526058,-74.75101322765389,-83.12388520765181,-78.3900305206814,1.404284884769289,7.287937315213389,0.25448714129559713
2.0,b57db1e974f4ccec,ok,early_seir_infected_only,seir,seir,53,infected,0.02,16,3,-39.149428674221944,-78.41308981885761,1.6123877004961025e-05,2.9227354933672266e-05,4,43.86085950001143,4.128963837501942e-11,3,-72.41308981885761,-70.41308981885761,-70.09532365213828,-74.290249099536,-72.4360187234249,-70.5817883473138,-66.87332759509161,-75.43908888878742,-70.8819358439995,1.4870004650350932,7.4169215044443915,0.11423247041372639
2.0,b57db1e974f4ccec,ok,early_seir_infected_only,seir,seir,54,infected,0.02,16,3,-34.89555096902678,-70.14933800519252,0.0003131671427117823,3.849894397722227e-05,4,44.667944799992256,1.354720780000207e-10,3,-64.14933800519252,-62.14933800519252,-61.831571838473174,-66.03676129690147,-64.12381814364181,-62.21087499038216,-58.384988683862844,-67.18274099402905,-62.13932932501493,1.4832985055817345,7.651772613038631,0.3582360671389598
2.0,b57db1e974f4ccec,ok,early_seir_infected_only,seir,seir,55,infected,0.02,16,3,-40.00520666198434,-80.343761129174,0.00036020275466481285,1.6521038678645153e-05,4,46.035043100011535,1.1212364370294381e-10,3,-74.343761129174,-72.343761129174,-72.02599496245466,-75.93298527398056,-73.9775620369819,-72.02213879998321,-68.11129232598587,-77.16205890279383,-72.18872037597399,1.5908511131900864,7.8216929479946975,0.3333478052053243
2.0,b57db1e974f4ccec,ok,early_seir_infected_only,seir,seir,56,infected,0.02,16,3,-43.45366913241497,-87.04333800609683,1.0162412705297913e-05,4.172763517493131e-06,1,39.71899360002135,2.7071678232459817e-12,3,-81.04333800609683,-79.04333800609683,-78.7255718393775,-82.74246866456684,-80.82196892410974,-78.90146918365264,-75.06046970273843,-83.94091657082848,-79.22533930300153,1.5512107176341756,7.6819989618284055,0.13599974126688183
2.0,b57db1e974f4ccec,ok,early_seir_infected_only,seir,seir,57,infected,0.02,16,3,-36.90377253233986,-74.07327160124424,0.00025107302136117833,4.412785006378548e-05,1,28.81622150001931,1.2754242106893798e-11,3,-68.07327160124424,-66.07327160124424,-65.7555054345249,-69.61434915087888,-67.64219842322962,-65.67004769558037,-61.72574624028184,-70.85683894781896,-65.91894215408269,1.6082163267126464,7.8886029105970366,0.26572653656452316
2.0,b57db1e974f4ccec,ok,early_seir_infected_only,seir,seir,58,infected,0.02,16,3,-44.448698040899444,-89.75041942564135,0.0005826749530062816,2.0182119043238328e-05,4,25.382625199999893,7.16227077646181e-12,3,-83.75041942564135,-81.75041942564135,-81.43265325892202,-85.29347108851249,-83.33742204977952,-81.38137301104656,-77.46927493358064,-86.53541079390429,-81.07319992686703,1.6075043158685318,7.824196154931859,0.8530233438424641
2.0,b57db1e974f4ccec,ok,early_seir_infected_only,seir,seir,59,infected,0.02,16,3,-41.43248917226474,-83.03203340113997,2.0437485025647457e-05,4.176818388671182e-05,1,26.368355199985672,1.6726175999792758e-11,3,-77.03203340113997,-75.03203340113997,-74.71426723442063,-78.69345405068472,-76.76901619825595,-74.84457834582719,-70.99570264096965,-79.90240994443745,-75.16722693481441,1.5648117283512595,7.697751409715062,0.16705505661048786
2.0,b57db1e974f4ccec,ok,early_seir_infected_only,seir,seir,60,infected,0.02,16,3,-41.69486389774148,-84.16407483784234,0.0007033424613080637,2.8416254841317513e-05,2,24.078396800003247,2.459898951201467e-11,3,-78.16407483784234,-76.16407483784234,-75.846308671123,-79.022510154859,-76.85717399670229,-74.69183783854557,-70.36116552223211,-80.45521990256739,-74.72838316285606,1.8544274676374704,8.66134463262689,0.7743470423593806
2.0,b57db1e974f4ccec,ok,early_seir_infected_only,seir,seir,61,infected,0.02,16,3,-37.29553161720243,-77.09201702262261,0.009265558737471275,4.932267482920176e-06,3,26.665577100007795,8.01065880295937e-11,3,-71.09201702262261,-69.09201702262261,-68.77425085590328,-71.17086861416999,-68.77441441836065,-66.37796022255131,-61.58505183093261,-72.82081130000152,-65.00524645116748,2.135602861310544,9.585816783237373,2.5009537882177604
2.0,b57db1e974f4ccec,ok,early_seir_infected_only,seir,seir,62,infected,0.02,16,3,-44.34761639860441,-89.70030504139247,0.0017499534660950248,1.7641673461928412e-05,1,25.49539039999945,2.432187784506823e-11,3,-83.70030504139247,-81.70030504139247,-81.38253887467313,-84.49120960258605,-82.31296917465438,-80.13472874672273,-75.7782478908594,-85.9427369628508,-79.98227108548217,1.8787840392708344,8.712961711726651,1.0050722441836526
2.0,b57db1e974f4ccec,ok,early_seir_infected_only,seir,seir,63,infected,0.02,16,3,-39.864693964558086,-80.19936402365417,1.0082733813807724e-05,4.643994180724444e-05,4,25.032841999985976,2.263078613395919e-11,3,-74.19936402365417,-72.19936402365417,-71.88159785693483,-76.54716603343648,-74.77451877083456,-73.00187150823264,-69.45657698302878,-77.56486005923831,-72.63879887870847,1.317251982207925,7.090589050407697,0.46997609453800143
2.0,b57db1e974f4ccec,ok,early_seir_infected_only,seir,seir,64,infected,0.02,16,3,-42.271817381506835,-84.69297486177848,7.834758751638247e-05,5.880483775247452e-06,2,25.4004790999752,1.0942358130705543e-12,3,-78.69297486177848,-76.69297486177848,-76.37520869505914,-80.24342103773786,-78.27084209347521,-76.29826314921254,-72.35310526068724,-81.48330024372252,-76.65331898596305,1.6048373090279793,7.890315777050622,0.14934009876481286
2.0,b57db1e974f4ccec,ok,early_seir_infected_only,seir,seir,65,infected,0.02,16,3,-43.34339438527348,-87.62916905763254,0.002749736413692767,4.9030931445499496e-05,0,26.08079720000387,3.502975687297294e-12,3,-81.62916905763254,-79.62916905763254,-79.3114028909132,-82.35437488193008,-80.1765046039968,-77.99863432606351,-73.64289377019693,-83.82420935813458,-77.97530765881382,1.9024798497489779,8.711481111733143,0.9423802870855842
2.0,b57db1e974f4ccec,ok,early_seir_infected_only,seir,seir,66,infected,0.02,16,3,-41.31369027358121,-83.7510732249211,0.001183081708974285,4.6735826287965064e-05,2,26.862309799995273,1.4284040616985294e-10,3,-77.7510732249211,-75.7510732249211,-75.43330705820176,-79.14646902097336,-77.13767810589536,-75.12888719081738,-71.1113053606614,-80.42955339977516,-74.59221688685047,1.660759912572971,8.035163660311952,1.123692677758688
2.0,b57db1e974f4ccec,ok,early_seir_infected_only,seir,seir,67,infected,0.02,16,3,-35.293931948745815,-71.52347366588661,0.00010522004270589377,5.372547516948712e-06,4,25.433480600011535,1.5691625776526053e-10,3,-65.52347366588661,-63.52347366588661,-63.20570749916727,-68.15866204373897,-66.42503072663449,-64.69139940952999,-61.22413677532103,-69.09627514548764,-63.65333862907369,1.213599260199487,6.934525268417943,0.9356097683949793
2.0,b57db1e974f4ccec,ok,early_seir_infected_only,seir,seir,68,infected,0.02,16,3,-36.41209603715431,-73.18308701751008,0.00015913034406122052,5.505403514576124e-06,3,26.119254499993986,9.875833484329632e-11,3,-67.18308701751008,-65.18308701751008,-64.86532085079074,-69.33147400127866,-67.55698007464221,-65.78248614800577,-62.233498294732875,-70.40473551853985,-65.72621636776285,1.389175749485109,7.097975706545786,0.35889494320144344
2.0,b57db1e974f4ccec,ok,early_seir_infected_only,seir,seir,69,infected,0.02,16,3,-42.18248952019075,-84.47617249630476,8.505498146970239e-05,4.525302882147809e-06,1,25.62069280000287,7.427303216900327e-11,3,-78.47617249630476,-76.47617249630476,-76.15840632958542,-80.30184012018684,-78.44354418725693,-76.58524825432701,-72.86865638846719,-81.46502818728098,-76.93179530866185,1.5055721545118894,7.43318373171965,0.11119345592325544
2.0,b57db1e974f4ccec,ok,early_seir_infected_only,seir,seir,70,infected,0.02,16,3,-38.17653962745808,-77.04860444720111,0.00031847691696265163,4.85860584455283e-06,0,24.577253499999642,5.551470394493663e-11,3,-71.04860444720111,-69.04860444720111,-68.73083828048178,-73.45773989124457,-71.65883202508421,-69.85992415892386,-66.26210842660315,-74.45834320350988,-69.15744779027473,1.2951306218456158,7.195631464641429,0.6955251922849632
2.0,b57db1e974f4ccec,ok,early_seir_infected_only,seir,seir,71,infected,0.02,16,3,-41.6443928202947,-85.19752044022758,0.004850097788823506,4.492151094012796e-05,0,26.780380200012587,3.460343123151688e-12,3,-79.19752044022758,-77.19752044022758,-76.87975427350824,-79.29855443134353,-76.87533182793548,-74.45210922452742,-69.60566401771132,-80.9423159365328,-73.59589522695718,2.1276022518473923,9.692890413632213,1.9087347996381792
2.0,b57db1e974f4ccec,ok,early_seir_infected_only,seir,seir,72,infected,0.02,16,3,-40.05026942618686,-80.46219652703275,0.00016070403943273197,1.397881698161609e-05,4,32.493754900002386,1.731592647047364e-11,3,-74.46219652703275,-72.46219652703275,-72.14443036031341,-76.0748764956759,-74.15163732934761,-72.22839816301934,-68.38191983036276,-77.29741410101708,-72.40758218706058,1.582391213007834,7.692956665313128,0.3616576746590295
2.0,b57db1e974f4ccec,ok,early_seir_infected_only,seir,seir,73,infected,0.02,16,3,-42.81289677300604,-85.95100982159971,0.0005963819501214243,4.027964521591518e-05,2,44.30817790000583,8.609646329205134e-11,3,-79.95100982159971,-77.95100982159971,-77.63324365488037,-82.04719148200458,-80.19784818329181,-78.34850488457904,-74.64981828715351,-83.13500014206707,-78.228420351161,1.4080048397663203,7.397373194851077,0.32521627558763605
2.0,b57db1e974f4ccec,ok,early_seir_infected_only,seir,seir,74,infected,0.02,16,3,-40.6109834271372,-81.75354295658568,0.0004999957635128509,5.7455493914181145e-06,4,49.32482879998861,3.491607003525132e-11,3,-75.75354295658568,-73.75354295658568,-73.43577678986634,-76.62507291717152,-74.4738274215401,-72.32258192590866,-68.02009093464581,-78.05413380998046,-72.61698487174868,1.8497045733026087,8.604981982525715,0.5315761023112745
2.0,b57db1e974f4ccec,ok,early_seir_infected_only,seir,seir,75,infected,0.02,16,3,-41.087796730818575,-82.31829004814288,3.4133635139202512e-06,4.1439599949629175e-05,3,51.12006270000711,5.7553961596568115e-12,3,-76.31829004814288,-74.31829004814288,-74.00052388142355,-78.24526490278176,-76.38959655546557,-74.5339282081494,-70.82259151351704,-79.38022345882861,-74.75292007237243,1.4690332946571372,7.4226733892647125,0.14269658650573083
2.0,b57db1e974f4ccec,ok,early_seir_infected_only,seir,seir,76,infected,0.02,16,3,-38.12874144493252,-77.57099077488115,0.003420103021492126,2.827739096375764e-06,0,46.32767589998548,1.91491267287347e-11,3,-71.57099077488115,-69.57099077488115,-69.25322460816182,-71.806868970618,-69.4643463448503,-67.12182371908261,-62.436778467547214,-73.41305580383596,-66.88739238679426,2.078967485522599,9.370090503070784,1.3135078850161013
2.0,b57db1e974f4ccec,ok,early_seir_infected_only,seir,seir,77,infected,0.02,16,3,-38.581773479566614,-77.263504380053,0.0011051121705513772,1.3835766559533742e-05,1,43.33616720000282,7.695177828281885e-12,3,-71.263504380053,-69.263504380053,-68.94573821333367,-73.28671010291721,-71.50345439447918,-69.72019868604113,-66.15368726916505,-74.39485368892329,-70.03052412538106,1.4343253455648566,7.13302283375216,0.09995742091977212
2.0,b57db1e974f4ccec,ok,early_seir_infected_only,seir,seir,78,infected,0.02,16,3,-40.69849067164874,-82.20232630833124,0.00035556926743496184,1.7692227734496923e-05,0,45.93029790002038,6.900080506966333e-11,3,-76.20232630833124,-74.20232630833124,-73.8845601416119,-77.75481990175719,-75.80088098976358,-73.84694207776997,-69.93906425378276,-78.9941285897881,-73.58122569532306,1.6040988592715675,7.815755647974431,0.8053449650337501
2.0,b57db1e974f4ccec,ok,early_seir_infected_only,seir,seir,79,infected,0.02,16,3,-41.85608089557703,-83.95245747529937,0.0009674123771610125,4.288006552832934e-05,4,48.498778100009076,1.1965539670200087e-11,3,-77.95245747529937,-75.95245747529937,-75.63469130858003,-79.85580455342048,-77.95495996934959,-76.0541153852787,-72.25242621713693,-80.9973470479804,-76.1087834548705,1.4775552136594876,7.603378336283556,0.24029568414531052
2.0,60693acf84600ad9,ok,early_seir_infected_only,seir,sir,0,infected,0.02,16,2,-38.94326134059249,-78.41042169875789,0.00010721536740740704,4.096960755359459e-06,0,20.569005500000003,3.054623221032671e-11,2,-74.41042169875789,-73.48734477568097,-72.86524425427832,-75.10574479976626,-73.17841358073262,-71.251082361699,-67.39641992363174,-76.02660121180011,-70.17719780505047,1.191910243478888,7.70932487613451,0.5238990175728967
2.0,60693acf84600ad9,ok,early_seir_infected_only,seir,sir,1,infected,0.02,16,2,-40.42574724972335,-81.44462759740298,4.915853241240519e-06,4.144248092111555e-06,0,36.598476300016046,1.6193268947972683e-11,2,-77.44462759740298,-76.52155067432606,-75.89945015292342,-78.26216351041995,-76.38240687112516,-74.50265023183036,-70.74313695324078,-79.14896501935416,-73.33246794226753,1.1478312890244096,7.519026557179176,0.593133097956287
2.0,60693acf84600ad9,ok,early_seir_infected_only,seir,sir,2,infected,0.02,16,2,-39.970383659202916,-80.5688675267954,0.0003470783027896106,5.209301539473061e-06,1,34.431863900012104,1.2754242106893798e-11,2,-76.5688675267954,-75.64579060371848,-75.02369008231584,-77.29968286615964,-75.37306557005654,-73.44644827395344,-69.59321368174723,-78.21064927797066,-72.23429813399342,1.1791091244123713,7.706469184412407,0.6281002083895644
2.0,60693acf84600ad9,ok,early_seir_infected_only,seir,sir,3,infected,0.02,16,2,-39.7695489610737,-79.64525815095789,0.0030033141298591967,8.243666393682707e-06,4,35.18994510002085,1.6866152918737498e-10,2,-75.64525815095789,-74.72218122788097,-74.10008070647832,-74.858737171729,-72.53603653750011,-70.21333590327121,-65.56793463481344,-76.19251311103564,-70.24829538523184,1.7263725199611228,9.290802536915567,0.10616022881048688
2.0,60693acf84600ad9,ok,early_seir_infected_only,seir,sir,4,infected,0.02,16,2,-33.68981363500558,-67.58189648958164,9.37598841499147e-05,6.431970394785243e-05,2,35.15029439999489,5.2935433814127464e-11,2,-63.58189648958164,-62.65881956650472,-62.036719045102075,-63.77693310064509,-61.71990434490124,-59.662875589157395,-55.5488180776697,-64.83719558359023,-59.15151224703577,1.372350452995705,8.22811502297539,0.2022692195704825
2.0,60693acf84600ad9,ok,early_seir_infected_only,seir,sir,5,infected,0.02,16,2,-39.3821706146881,-78.91471440155209,0.0007741747360790625,5.162923241306285e-06,0,29.83023019999382,5.0675907914410345e-11,2,-74.91471440155209,-73.99163747847517,-73.36953695707253,-75.35935272636411,-73.40335286406857,-71.44735300177302,-67.53535327718193,-76.3500630728719,-70.94034178019402,1.2823256643400953,7.823999449182176,0.15037317217588345
2.0,60693acf84600ad9,ok,early_seir_infected_only,seir,sir,6,infected,0.02,16,2,-36.67126934842289,-73.76944812930694,0.0001043231317087725,3.966559056807808e-06,4,34.866230000014184,3.625189037848031e-11,2,-69.76944812930694,-68.84637120623002,-68.22427068482737,-70.51305593537928,-68.62265754136654,-66.73225914735379,-62.951462359328296,-71.42045769462246,-65.78094512079478,1.1744952173422398,7.56159357605099,0.42690943246116386
2.0,60693acf84600ad9,ok,early_seir_infected_only,seir,sir,7,infected,0.02,16,2,-45.775087091835296,-91.6208924929463,0.0023242793397891728,1.9990891390979417e-06,1,35.56714120000834,5.403677505455562e-11,2,-87.6208924929463,-86.69781556986938,-86.07571504846673,-87.96136863430269,-85.99741699490711,-84.03346535551152,-80.10556207672037,-88.9811040315063,-83.69436762608828,1.3198942307199935,7.855806557582318,0.0707183092757074
2.0,60693acf84600ad9,ok,early_seir_infected_only,seir,sir,8,infected,0.02,16,2,-45.05032935367574,-90.2424081302978,0.00011821831714839167,4.401389405242561e-06,3,35.73048339999514,1.6711965145077556e-11,2,-86.2424081302978,-85.31933120722088,-84.69723068581824,-86.47378946499313,-84.44410244860362,-82.4144154322141,-78.35504139943505,-87.52392440057949,-81.9819106417934,1.359241864859161,8.118748065558076,0.14174942294632467
2.0,60693acf84600ad9,ok,early_seir_infected_only,seir,sir,9,infected,0.02,16,2,-40.6346911349896,-81.36580218606727,0.004985854397183273,5.531373540301021e-06,1,37.421357299986994,1.0658141036401503e-12,2,-77.36580218606727,-76.44272526299035,-75.82062474158771,-77.06021962297487,-74.93335035840443,-72.80648109383398,-68.55274256469309,-78.25998088011157,-72.76190521169742,1.552910652977849,8.507477058281774,0.09641991608806644
2.0,60693acf84600ad9,ok,early_seir_infected_only,seir,sir,10,infected,0.02,16,2,-42.22481922490034,-84.58848274615862,0.0008782921692121515,5.158333907900759e-05,0,36.46895820001373,6.195222113092314e-11,2,-80.58848274615862,-79.6654058230817,-79.04330530167906,-81.01802789672418,-79.05975462552455,-77.10148135432492,-73.18493481192566,-82.01294399366012,-76.61654536500215,1.2877693762492535,7.833093084798517,0.13884429635795112
2.0,60693acf84600ad9,ok,early_seir_infected_only,seir,sir,11,infected,0.02,16,2,-41.38299488866688,-82.93023910748806,8.017915477234412e-05,1.8603776974175863e-05,4,34.88088880002033,5.3795190524397185e-11,2,-78.93023910748806,-78.00716218441114,-77.3850616630085,-79.21016202835052,-77.19144668092461,-75.1727313334987,-71.1353006386469,-80.24677073058984,-74.69112838763013,1.3417341884491083,8.074861389703631,0.16424933015429932
2.0,60693acf84600ad9,ok,early_seir_infected_only,seir,sir,12,infected,0.02,16,2,-39.12271047200812,-78.41624383389771,0.002507895333934727,6.30160035208855e-05,1,33.17431889998261,1.9774404336203588e-11,2,-74.41624383389771,-73.49316691082079,-72.87106638941815,-73.2462856978844,-70.68426388918346,-68.12224208048251,-62.99819846308061,-74.68690735168273,-67.99733370921246,1.8646682411074882,10.248087234803789,0.17082288988146774
2.0,60693acf84600ad9,ok,early_seir_infected_only,seir,sir,13,infected,0.02,16,2,-41.98610101812931,-84.06877042929342,0.002410413996883104,7.34955097980971e-05,3,34.0666893000016,5.761080501542892e-11,2,-80.06877042929342,-79.1456935062165,-78.52359298481386,-79.21069121843385,-76.84834887183325,-74.48600652523265,-69.76132183203147,-80.56440703641698,-74.52283264985624,1.7521816964382189,9.449369386402381,0.09656839303480184
2.0,60693acf84600ad9,ok,early_seir_infected_only,seir,sir,14,infected,0.02,16,2,-39.19178808879328,-78.4200833591907,0.00010457803430006363,1.8042627439235904e-05,4,35.75476430001436,3.318234575999668e-12,2,-74.4200833591907,-73.49700643611378,-72.87490591471114,-74.02479983629445,-71.81018617408596,-69.59557251187745,-65.16634518746045,-75.249556488299,-69.52512152875256,1.5852634354458455,8.858454648833993,0.03650718160413811
2.0,60693acf84600ad9,ok,early_seir_infected_only,seir,sir,15,infected,0.02,16,2,-41.61608591501882,-83.4530467209321,8.465309935437886e-06,5.727065652425225e-05,4,34.36919789999956,8.837020004648366e-11,2,-79.4530467209321,-78.52996979785517,-77.90786927645253,-79.80575555218556,-77.79944454216373,-75.7931335321419,-71.78051151209823,-80.82208228001772,-75.20692778995031,1.3154822204571834,8.025244040087324,0.22087489089445475
2.0,60693acf84600ad9,ok,early_seir_infected_only,seir,sir,16,infected,0.02,16,2,-37.922090782023815,-75.89397358133381,0.0017954579903236162,8.800702631883176e-06,3,31.65822230000049,1.2363443602225743e-11,2,-71.89397358133381,-70.97089665825689,-70.34879613685425,-72.01296827591408,-69.98299127557125,-67.95301427522844,-63.89306027454279,-73.09442002743741,-67.72427356267634,1.3997767769482028,8.119908001371286,0.04979201728618416
2.0,60693acf84600ad9,ok,early_seir_infected_only,seir,sir,17,infected,0.02,16,2,-38.51381885050515,-77.31728246303288,0.0012879614085708907,4.453396499217595e-06,4,24.399817400000757,4.240519047016278e-11,2,-73.31728246303288,-72.39420553995596,-71.77210501855332,-74.09045419254757,-72.23873391217654,-70.38701363180552,-66.68357307106348,-74.98961789121815,-69.62075657952622,1.1638322859073704,7.406881121484097,0.2896447620225776
2.0,60693acf84600ad9,ok,early_seir_infected_only,seir,sir,18,infected,0.02,16,2,-41.42825025790303,-83.06110762278827,0.0008005138787052902,4.935374608597171e-05,3,27.823550000000978,1.1854695003421512e-10,2,-79.06110762278827,-78.13803069971135,-77.51593017830871,-79.63930902831822,-77.72068726574217,-75.80206550316612,-71.96482197801402,-80.59280169120689,-75.18201346550185,1.234152965790689,7.674487050304201,0.2046071069822144
2.0,60693acf84600ad9,ok,early_seir_infected_only,seir,sir,19,infected,0.02,16,2,-43.55130754682142,-87.22031215228475,0.0003940118789601118,1.0114601805910483e-05,4,32.525125799991656,6.750866532456712e-11,2,-83.22031215228475,-82.29723522920783,-81.67513470780519,-83.4716728827901,-81.4560317834818,-79.4403906841735,-75.40910848555689,-84.51624051019397,-79.04005069640962,1.3520358210453882,8.062564397233215,0.1176970586419135
2.0,60693acf84600ad9,ok,early_seir_infected_only,seir,sir,20,infected,0.02,16,2,-35.976264505046835,-72.6119883601657,0.00022256925730608645,4.712558039584838e-05,1,35.22048960000393,3.076650045841234e-12,2,-68.6119883601657,-67.68891143708878,-67.06681091568613,-69.54671549146953,-67.72572854000977,-65.90474158855001,-62.262767685630486,-70.40086137684597,-64.66858120425464,1.105563491659864,7.2839478058390394,0.6594593500720278
2.0,60693acf84600ad9,ok,early_seir_infected_only,seir,sir,21,infected,0.02,16,2,-44.28504749475689,-88.65273500573686,0.00028011840190286834,5.952989013027781e-06,1,28.2903701000032,9.07931507754256e-11,2,-84.65273500573686,-83.72965808265994,-83.1075575612573,-84.71034605414323,-82.6394648672247,-80.56858368030616,-76.4268213064691,-85.80890251087708,-80.28657024183964,1.4219162474298943,8.283524747674132,0.0826400162230743
2.0,60693acf84600ad9,ok,early_seir_infected_only,seir,sir,22,infected,0.02,16,2,-37.571072479141385,-75.1756648320299,0.001694881454796477,1.98622148546443e-05,0,19.962675299990224,5.6488147492927965e-12,2,-71.1756648320299,-70.25258790895298,-69.63048738755033,-70.83252185536458,-68.66574683978651,-66.49897182420844,-62.1654217930523,-72.0427494148765,-66.4750448959705,1.5664577085766993,8.667100062312269,0.03351987374711794
2.0,60693acf84600ad9,ok,early_seir_infected_only,seir,sir,23,infected,0.02,16,2,-43.18328684785524,-86.57288817187275,0.0008385308924951624,5.06313725345303e-05,2,24.48742449999554,2.4584778657299466e-12,2,-82.57288817187275,-81.64981124879583,-81.02771072739318,-83.160491141883,-81.24523177557252,-79.32997240926204,-75.4994536766411,-84.11136403551752,-78.70553623046858,1.230762068177611,7.661037465241908,0.2063144761622674
2.0,60693acf84600ad9,ok,early_seir_infected_only,seir,sir,24,infected,0.02,16,2,-40.48156051746301,-81.2332341836384,7.154630105413163e-05,2.0674812397934578e-05,0,30.864383100008126,7.412381819449365e-11,2,-77.2332341836384,-76.31015726056148,-75.68805673915884,-77.75305700914585,-75.79765929798091,-73.84226158681598,-69.9314661644861,-78.72281700811072,-73.14153019026627,1.2552085877638404,7.82159084465975,0.2701131487123787
2.0,60693acf84600ad9,ok,early_seir_infected_only,seir,sir,25,infected,0.02,16,2,-43.572095087520864,-87.9142481980257,0.010182888870617178,7.36285701892568e-06,4,32.534484599978896,2.262368070660159e-11,2,-83.9142481980257,-82.99117127494878,-82.36907075354614,-82.47948937987134,-79.60428034713462,-76.72907131439788,-70.97865324892445,-83.99389840033628,-75.64335404409483,1.9601748988447152,11.5008361309469,0.7700580229839759
2.0,60693acf84600ad9,ok,early_seir_infected_only,seir,sir,26,infected,0.02,16,2,-42.500659101489745,-85.21771982474081,0.0006203270092803374,5.404317070106391e-05,2,35.163615800003754,4.555289478958002e-11,2,-81.21771982474081,-80.29464290166389,-79.67254238026125,-81.78859894965558,-79.86435315305077,-77.94010735644595,-74.09161576323632,-82.74413198419366,-77.30433501656023,1.2367939202735736,7.696983186419257,0.21640162176132666
2.0,60693acf84600ad9,ok,early_seir_infected_only,seir,sir,27,infected,0.02,16,2,-35.57208091159818,-71.57029240260238,0.0005936002565674963,4.014874763246847e-06,4,32.37746160000097,8.375877769140061e-11,2,-67.57029240260238,-66.64721547952546,-66.02511495812281,-68.40528852417455,-66.56050648867583,-64.7157244531771,-61.02616038217964,-69.2872247027013,-63.765033681201444,1.14153384995054,7.3791281419949115,0.42613057940601684
2.0,60693acf84600ad9,ok,early_seir_infected_only,seir,sir,28,infected,0.02,16,2,-42.24604493905126,-84.91212435529766,3.354495367963022e-05,5.452060182703074e-05,1,32.97034609998809,2.2595258997171186e-12,2,-80.91212435529766,-79.98904743222074,-79.3669469108181,-81.52948469260718,-79.58559905369273,-77.6417134147783,-73.7539421369494,-82.47206562205874,-76.71654732244474,1.220029366619466,7.775542555657779,0.42003447719514925
2.0,60693acf84600ad9,ok,early_seir_infected_only,seir,sir,29,infected,0.02,16,2,-37.617784145703055,-75.81283883110828,0.00018136943247155555,3.939666188686838e-06,3,34.56002949998947,2.3007373783912044e-11,2,-71.81283883110828,-70.88976190803136,-70.26766138662872,-72.69481671099113,-70.85277631119692,-69.0107359114027,-65.32665511181428,-73.56366130607073,-67.86740669222925,1.1245887625187763,7.368161599176861,0.577270539702176
2.0,60693acf84600ad9,ok,early_seir_infected_only,seir,sir,30,infected,0.02,16,2,-40.26712040226861,-81.2227889218589,4.6399464349532276e-05,1.467478410007283e-05,2,37.71313439999358,1.885780420707306e-11,2,-77.2227889218589,-76.29971199878199,-75.67761147737934,-78.13259279161605,-76.29149966593731,-74.45040654025856,-70.76822028890106,-78.99368360562109,-73.16986830182223,1.1145526581189105,7.364372502714981,0.6885481173216932
2.0,60693acf84600ad9,ok,early_seir_infected_only,seir,sir,31,infected,0.02,16,2,-45.02838334190692,-90.09353914168554,0.001274446540785102,4.7077718970689714e-06,0,34.4631993000221,1.0238920822303044e-11,2,-86.09353914168554,-85.17046221860862,-84.54836169720598,-85.99179873543697,-83.8936144139132,-81.79543009238942,-77.59906144934186,-87.1347588701312,-81.66402939771872,1.479390135777174,8.39273728609511,0.036772457871710476
2.0,60693acf84600ad9,ok,early_seir_infected_only,seir,sir,32,infected,0.02,16,2,-39.46642739626277,-79.23612714635995,7.272483648611928e-05,5.016096906373452e-05,3,33.46949620000669,3.086597644141875e-11,2,-75.23612714635995,-74.31305022328303,-73.69094970188038,-75.81212501270124,-73.8720773915345,-71.93202977036776,-68.05193452803427,-76.76623169724863,-71.17266430785857,1.234947724555658,7.760190484666975,0.3032723538344063
2.0,60693acf84600ad9,ok,early_seir_infected_only,seir,sir,33,infected,0.02,16,2,-40.28536599594271,-81.14285571888499,7.51070916625169e-06,4.518418579259671e-05,4,33.84455040001194,4.3307579744578106e-11,2,-77.14285571888499,-76.21977879580807,-75.59767827440542,-77.93501797090434,-76.04547547474861,-74.15593297859289,-70.37684798628143,-78.82888991339094,-73.01256200726252,1.1569829027470253,7.558169984622906,0.5721237269995646
2.0,60693acf84600ad9,ok,early_seir_infected_only,seir,sir,34,infected,0.02,16,2,-42.55711145445934,-85.20102798618822,0.0010828824069500213,5.905455325589976e-05,4,34.422202399990056,2.1401547201094218e-11,2,-81.20102798618822,-80.2779510631113,-79.65585054170866,-81.46876928354229,-79.47009625241266,-77.47142322128303,-73.47407715902379,-82.50877242537723,-77.11953078440018,1.3461277804054923,7.9946921245185,0.08680507726954094
2.0,60693acf84600ad9,ok,early_seir_infected_only,seir,sir,35,infected,0.02,16,2,-36.98335698296057,-74.22468803909403,0.00025133441864758386,1.3765033708646327e-05,1,36.987228900019545,2.3433699425368104e-11,2,-70.22468803909403,-69.30161111601711,-68.67951059461447,-70.79064762019595,-68.85553474345357,-66.92042186671121,-63.050196113226455,-71.74755149781578,-66.22626245895165,1.238568270639131,7.7404515069694995,0.25797407317288396
2.0,60693acf84600ad9,ok,early_seir_infected_only,seir,sir,36,infected,0.02,16,2,-40.461178538901656,-81.40289295350686,0.0007972527692166586,4.669832323047859e-05,0,36.36772519999067,1.6584067452640738e-11,2,-77.40289295350686,-76.47981603042994,-75.8577155090273,-78.30082465793272,-76.48310369973461,-74.6653827415365,-71.02994082514029,-79.16522368024502,-73.65147324501088,1.1188346366309254,7.270883832792434,0.4805358757035479
2.0,60693acf84600ad9,ok,early_seir_infected_only,seir,sir,37,infected,0.02,16,2,-40.16419751168897,-80.73861228205313,0.0002646816262868826,3.795873940573971e-06,0,34.42689670002437,5.95434812566964e-11,2,-76.73861228205313,-75.8155353589762,-75.19343483757356,-77.50721335011585,-75.6314085267888,-73.75560370346177,-70.0039940568077,-78.40765067493322,-72.82517573006979,1.16548080355995,7.503219293308155,0.41021725867519054
2.0,60693acf84600ad9,ok,early_seir_infected_only,seir,sir,38,infected,0.02,16,2,-41.58782339796062,-83.71331040769763,3.030212277904172e-05,5.182159198114537e-05,4,34.375685900013195,7.639755494892597e-11,2,-79.71331040769763,-78.79023348462071,-78.16813296321807,-80.45557704014071,-78.54725777354005,-76.6389385069394,-72.82229997373808,-81.3633525207412,-75.54236972951861,1.1749789434782183,7.633277066402623,0.537663611776389
2.0,60693acf84600ad9,ok,early_seir_infected_only,seir,sir,39,infected,0.02,16,2,-43.39544874146264,-86.84524117210606,0.0022008287396585702,7.069664260597999e-05,2,39.53988969998318,2.489031203367631e-11,2,-82.84524117210606,-81.92216424902914,-81.3000637276265,-82.27924001948989,-80.04038853730555,-77.8015370551212,-73.32383409075251,-83.55156756231975,-77.8354915541879,1.6468368048931583,8.955405928737376,0.05434368918077637
2.0,60693acf84600ad9,ok,early_seir_infected_only,seir,sir,40,infected,0.02,16,2,-39.077545548388755,-78.42589002672531,0.0004888698144964656,1.3248371148172259e-05,4,41.718929800001206,9.759304475664976e-11,2,-74.42589002672531,-73.50281310364839,-72.88071258224575,-74.64490259716891,-72.58206469392837,-70.51922679068784,-66.39355098420677,-75.69848411958304,-69.90373948381537,1.363702953571133,8.251351612962145,0.27079892994779453
2.0,60693acf84600ad9,ok,early_seir_infected_only,seir,sir,41,infected,0.02,16,2,-37.78024428558626,-75.60203962982122,0.0015022151061782672,7.151781742352085e-05,0,40.715282899996964,3.227995648558135e-11,2,-71.60203962982122,-70.6789627067443,-70.05686218534166,-70.97856302435812,-68.71027068749001,-66.44197835062188,-61.90539367688564,-72.26690624463735,-66.48731922370003,1.6675666925919344,9.073169347472483,0.04155105864871418
2.0,60693acf84600ad9,ok,early_seir_infected_only,seir,sir,42,infected,0.02,16,2,-37.151386876131916,-74.52228937332703,0.00020819771732720038,3.31970814899604e-06,4,37.08329969999613,2.4698465495021082e-11,2,-70.52228937332703,-69.5992124502501,-68.97711192884746,-71.00075590261427,-69.04034073886294,-67.07992557511159,-63.15909524760891,-71.98203993606613,-66.46111309725848,1.2701247186304463,7.84166065500536,0.2195156210632001
2.0,60693acf84600ad9,ok,early_seir_infected_only,seir,sir,43,infected,0.02,16,2,-39.965846137067864,-80.41823428762562,0.00012884105652692735,4.375042136975501e-06,2,34.717084100004286,4.04298816647497e-12,2,-76.41823428762562,-75.4951573645487,-74.87305684314606,-77.06822223806434,-75.12723077589749,-73.18623931373062,-69.30425638939693,-78.00171140221545,-72.16772642546832,1.2082614427050853,7.763965848667418,0.48654201348989456
2.0,60693acf84600ad9,ok,early_seir_infected_only,seir,sir,44,infected,0.02,16,2,-37.931698194737635,-76.58702206355466,0.00036374210416511297,4.420095087943445e-06,0,33.966443699988304,5.135092351338244e-11,2,-72.58702206355466,-71.66394514047774,-71.04184461907509,-73.38560176410132,-71.47810071254598,-69.57059966099062,-65.75559755787994,-74.27768546864336,-68.23339218325388,1.1546682974556481,7.630004206221392,0.7236256740793916
2.0,60693acf84600ad9,ok,early_seir_infected_only,seir,sir,45,infected,0.02,16,2,-44.59528820448172,-89.2280028580283,0.0004757070467366926,3.7343817386409115e-06,0,33.93361239999649,8.803624496067641e-12,2,-85.2280028580283,-84.30492593495138,-83.68282541354874,-85.01277042587634,-82.86838456368562,-80.72399870149492,-76.4352269771135,-86.18735539499832,-80.6130329602006,1.520323731514993,8.577543448762842,0.03742644906486214
2.0,60693acf84600ad9,ok,early_seir_infected_only,seir,sir,46,infected,0.02,16,2,-36.40749246388124,-73.30129737649618,0.0001402419420768502,4.839261386367197e-05,0,33.36916850000853,3.218048050257494e-11,2,-69.30129737649618,-68.37822045341926,-67.75611993201662,-70.10916586405907,-68.2404994885425,-66.37183311302593,-62.63450036199279,-70.99866122506697,-65.34031942569621,1.1513180757146042,7.47466550206627,0.4863124487337006
2.0,60693acf84600ad9,ok,early_seir_infected_only,seir,sir,47,infected,0.02,16,2,-41.527450215308214,-83.43578884947681,0.006782708756839437,7.258002049383392e-05,1,38.04417929999181,1.3173462320992257e-11,2,-79.43578884947681,-78.51271192639989,-77.89061140499724,-78.28222578353645,-75.76800957337304,-73.25379336320961,-68.22536094288279,-79.71827891040647,-72.99803558996277,1.8587549695351713,10.056864840653667,0.3808884188603805
2.0,60693acf84600ad9,ok,early_seir_infected_only,seir,sir,48,infected,0.02,16,2,-36.66777157545116,-73.75195669556693,4.634328281004688e-05,4.178185827800865e-06,0,33.85355329999584,5.682920800609281e-11,2,-69.75195669556693,-68.82887977249001,-68.20677925108737,-70.46047881674099,-68.55585515604228,-66.65123149534357,-62.84198417394615,-71.37765728907797,-65.7170485081075,1.187149703244478,7.618494642794835,0.41641354466460373
2.0,60693acf84600ad9,ok,early_seir_infected_only,seir,sir,49,infected,0.02,16,2,-32.44325594848861,-65.74003563637113,5.481635894233922e-05,4.49148644028422e-05,4,34.6751245999767,1.7180923350679222e-11,2,-61.74003563637113,-60.81695871329421,-60.19485819189157,-62.671432492379324,-60.82221847652632,-58.97300446067331,-55.27457642896729,-63.5265063672245,-57.489655833565195,1.106764634573316,7.396856063412027,0.8535237393939121
2.0,60693acf84600ad9,ok,early_seir_infected_only,seir,sir,50,infected,0.02,16,2,-37.38113326911048,-74.93171831800154,0.005697741413576154,1.5184880142225525e-05,3,34.043694199994206,1.27613475342514e-11,2,-70.93171831800154,-70.00864139492462,-69.38654087352198,-70.31635709990604,-68.08624349429438,-65.85612988868272,-61.39590267745939,-71.60243894737273,-65.8418121157743,1.6646396853144072,8.92045442244665,0.16945177978058046
2.0,60693acf84600ad9,ok,early_seir_infected_only,seir,sir,51,infected,0.02,16,2,-43.42890317218752,-87.0197817956158,1.5926081990137908e-05,1.139142602807669e-05,4,36.51215379999485,3.410605131648481e-11,2,-83.0197817956158,-82.09670487253888,-81.47460435113624,-83.20308206308997,-81.15147575289252,-79.0998694426951,-74.99665682230022,-84.26661490727717,-78.6513811035853,1.376583444169311,8.206425240789743,0.16197545124076076
2.0,60693acf84600ad9,ok,early_seir_infected_only,seir,sir,52,infected,0.02,16,2,-42.06802815601728,-84.50446930676705,0.00013627610969510498,3.6071234865032625e-06,0,35.058522399980575,2.2893686946190428e-11,2,-80.50446930676705,-79.58139238369013,-78.95929186228749,-81.19500845464289,-79.29060064283102,-77.38619283101916,-73.57737720739544,-82.1171979270792,-76.51842506478711,1.193635689843921,7.6176312472474494,0.36841299473249056
2.0,60693acf84600ad9,ok,early_seir_infected_only,seir,sir,53,infected,0.02,16,2,-38.8844420801087,-77.9958810971397,0.00033297280523306914,5.176239389409591e-05,2,36.09662130000652,4.035882739117369e-12,2,-73.9958810971397,-73.07280417406278,-72.45070365266014,-74.52621047339377,-72.58379221721106,-70.64137396102834,-66.7565374486629,-75.49304279594152,-69.99921113548652,1.2514191505990895,7.769673024730877,0.22699693692230288
2.0,60693acf84600ad9,ok,early_seir_infected_only,seir,sir,54,infected,0.02,16,2,-33.9744835435005,-68.29018366329876,7.878198500529359e-05,5.8842058497013314e-05,1,36.564097700000275,1.0246026249660645e-11,2,-64.29018366329876,-63.36710674022184,-62.7450062188192,-64.77171476356618,-62.78867326992672,-60.80563177628726,-56.83954878900833,-65.75214484671564,-60.01680111244315,1.2690194082915593,7.932165974557844,0.3412165762977697
2.0,60693acf84600ad9,ok,early_seir_infected_only,seir,sir,55,infected,0.02,16,2,-40.02619379853426,-80.2382207078382,3.6482587709858685e-05,6.200424078528927e-05,1,35.343985100014834,1.0444978215673473e-10,2,-76.2382207078382,-75.31514378476128,-74.69304326335863,-76.4355274480903,-74.38299635017235,-72.3304652522544,-68.22540305641851,-77.4951573539081,-71.84226320539673,1.371531676965045,8.210124391671789,0.18583311076967982
2.0,60693acf84600ad9,ok,early_seir_infected_only,seir,sir,56,infected,0.02,16,2,-43.20692124218994,-86.54258539374659,0.0003106639663357555,5.858415557178759e-05,0,34.375363899976946,2.1924506654613651e-10,2,-82.54258539374659,-81.61950847066967,-80.99740794926703,-82.80868690617218,-80.7948270325291,-78.780967158886,-74.75324741159982,-83.8491469781434,-78.35840298980752,1.3467192078016006,8.055439494572363,0.1287429093667134
2.0,60693acf84600ad9,ok,early_seir_infected_only,seir,sir,57,infected,0.02,16,2,-36.95885898982436,-74.04337600114805,2.603942108923618e-05,5.819590445853085e-05,0,24.78305050000199,3.232969447708456e-12,2,-70.04337600114805,-69.12029907807113,-68.49819855666848,-70.10193779617698,-68.01711749659745,-65.93229719701793,-61.76265659785888,-71.20022932500703,-65.57843678133061,1.421573338070512,8.339281198318107,0.12565802149933117
2.0,60693acf84600ad9,ok,early_seir_infected_only,seir,sir,58,infected,0.02,16,2,-44.78558929053393,-89.64142142535461,0.002516819947191234,5.794748288710309e-06,3,20.472633700002916,1.4267698134062812e-11,2,-85.64142142535461,-84.71834450227769,-84.09624398087504,-85.00030084675657,-82.73541353061798,-80.47052621447938,-75.94075158220218,-86.29356060389905,-80.51162931651345,1.6739304107277757,9.059549264554398,0.07024284428675953
2.0,60693acf84600ad9,ok,early_seir_infected_only,seir,sir,59,infected,0.02,16,2,-41.396910208599685,-82.93380137576075,0.00013377353580955307,6.189326214484398e-05,3,20.642676800023764,1.8381740574113792e-11,2,-78.93380137576075,-78.01072445268383,-77.38862393128119,-79.16761655714919,-77.13926411410657,-75.11091167106395,-71.0542067849787,-80.21707329531965,-74.68041064502889,1.3583640402205495,8.113409772170483,0.1399809585613776
2.0,60693acf84600ad9,ok,early_seir_infected_only,seir,sir,60,infected,0.02,16,2,-42.23404296832058,-84.55848913435149,0.002117473550785547,8.996099861271995e-06,1,19.729283299995586,2.3021584638627246e-12,2,-80.55848913435149,-79.63541221127457,-79.01331168987193,-79.67040030316117,-77.28988829569454,-74.90937628822792,-70.14835227329465,-81.03247837626,-74.94603790677463,1.7630053790457474,9.52204802986652,0.09040319771032324
2.0,60693acf84600ad9,ok,early_seir_infected_only,seir,sir,61,infected,0.02,16,2,-37.466341054029975,-75.18499813682756,0.006436845739616385,5.2112178096801675e-05,4,19.674731400009478,6.844658173577045e-11,2,-71.18499813682756,-70.26192121375064,-69.639820692348,-70.34786085696628,-68.02687502725448,-65.70588919754266,-61.06391753811905,-71.69574115395005,-65.64873878921273,1.74462849143875,9.283943318847228,0.25231602876760606
2.0,60693acf84600ad9,ok,early_seir_infected_only,seir,sir,62,infected,0.02,16,2,-45.002047153484526,-90.1842108123207,0.003811385969484503,5.117985165548758e-05,0,18.99504170002183,2.4293456135637825e-11,2,-86.1842108123207,-85.26113388924378,-84.63903336784114,-85.19894718014324,-82.77941194003427,-80.3598766999253,-75.52080621970734,-86.58810325248744,-80.32595334653315,1.7980537799166307,9.678140960435895,0.18011650535165505
2.0,60693acf84600ad9,ok,early_seir_infected_only,seir,sir,63,infected,0.02,16,2,-38.512812757292345,-77.56336841810494,0.00015385309217545533,4.647718042352468e-06,2,19.57390860002488,1.8253842881676974e-11,2,-73.56336841810494,-72.64029149502802,-72.01819097362538,-74.41343104657045,-72.55918368722976,-70.70493632788909,-66.99644160920771,-75.29116890559314,-69.60863607722195,1.1360997562559048,7.416989437362738,0.5377429035202523
2.0,60693acf84600ad9,ok,early_seir_infected_only,seir,sir,64,infected,0.02,16,2,-42.14126160234141,-84.40540403944131,5.1753007161773315e-05,2.5179039090109304e-05,3,19.80508540000301,2.8350655156827997e-12,2,-80.40540403944131,-79.48232711636439,-78.86022659496174,-80.51604156260078,-78.44998691722162,-76.38393227184248,-72.25182298108419,-81.59982206066259,-76.01830462316623,1.4027909893893606,8.26421858151659,0.12288083475848388
2.0,60693acf84600ad9,ok,early_seir_infected_only,seir,sir,65,infected,0.02,16,2,-43.836097719776255,-87.81821018300288,0.004035881052749917,5.560537688986998e-05,4,19.53101449998212,5.972111694063642e-11,2,-83.81821018300288,-82.89513325992596,-82.27303273852331,-83.01974037699507,-80.69990069182677,-78.38006100665845,-73.74038163632184,-84.35684588651144,-78.39283669887928,1.7306821482457226,9.279358740673231,0.14601474345037127
2.0,60693acf84600ad9,ok,early_seir_infected_only,seir,sir,66,infected,0.02,16,2,-41.8225024565607,-83.82509479450911,0.0041333063237432195,1.8680970409018513e-05,4,21.01829429998179,4.593658786689048e-11,2,-79.82509479450911,-78.9020178714322,-78.27991735002955,-78.8934598383803,-76.50715451080895,-74.12084918323761,-69.34823852809491,-80.26767214716826,-74.09978360283601,1.7787113236704264,9.545221310285381,0.18008988138771098
2.0,60693acf84600ad9,ok,early_seir_infected_only,seir,sir,67,infected,0.02,16,2,-32.86279876693625,-66.61291872900965,2.031336127603534e-05,4.578985686471773e-05,1,20.06979209999554,2.7284841053187847e-12,2,-62.61291872900965,-61.68984180593273,-61.067741284530086,-63.5911989458032,-61.77061039514035,-59.95002184447751,-56.30884474315182,-64.43320865591564,-58.443243331221126,1.0898550365470039,7.282354202651379,0.8873211951371441
2.0,60693acf84600ad9,ok,early_seir_infected_only,seir,sir,68,infected,0.02,16,2,-35.80034588424388,-72.28053091900308,2.458123546369815e-05,4.115364259595956e-06,0,19.670608199987328,6.531308827106841e-11,2,-68.28053091900308,-67.35745399592616,-66.73535347452352,-69.175443130336,-67.32643701032998,-65.47743089032397,-61.77941865031194,-70.04068354188564,-64.2046672884637,1.1199236885587198,7.39602448002407,0.6798391505153165
2.0,60693acf84600ad9,ok,early_seir_infected_only,seir,sir,69,infected,0.02,16,2,-42.04211427174682,-84.24558333823592,0.0006007306508173674,5.215102989115757e-05,2,20.094717600004515,2.1248780512905796e-10,2,-80.24558333823592,-79.322506415159,-78.70040589375635,-80.68665719313815,-78.7263533349322,-76.76604947672625,-72.84544176031437,-81.6783607880246,-76.24301311066986,1.2836112751056572,7.841215432823779,0.16135479474228664
2.0,60693acf84600ad9,ok,early_seir_infected_only,seir,sir,70,infected,0.02,16,2,-36.290892481899355,-73.28922255708522,7.504291993505377e-05,4.495686354153803e-06,0,20.60691920001409,5.350386800273554e-12,2,-69.28922255708522,-68.3661456340083,-67.74404511260566,-70.13720616195727,-68.25758925254216,-66.37797234312706,-62.61873852429685,-71.01552334605933,-65.0633173261383,1.136849605512953,7.5184676376604145,0.7074375932865151
2.0,60693acf84600ad9,ok,early_seir_infected_only,seir,sir,71,infected,0.02,16,2,-41.52667958002078,-83.14665680640124,0.0024249608915584047,7.54303301553701e-05,1,21.008074099983787,3.566924533515703e-12,2,-79.14665680640124,-78.22357988332432,-77.60147936192168,-78.31220634350039,-75.96165253959353,-73.61109873568665,-68.90999112787291,-79.65933795227605,-73.65114394441409,1.7436594270625996,9.402215215627475,0.09329764635967484
2.0,60693acf84600ad9,ok,early_seir_infected_only,seir,sir,72,infected,0.02,16,2,-40.23146762907252,-80.50558456427487,0.0009622168027983846,6.035723300794688e-05,1,21.401399199996376,1.7116974504460813e-11,2,-76.50558456427487,-75.58250764119795,-74.9604071197953,-76.44285101435129,-74.35158433821204,-72.26031766207278,-68.07778430979425,-77.57494179181089,-72.097868553588,1.4653213862319894,8.365066704557034,0.04264930612983682
2.0,60693acf84600ad9,ok,early_seir_infected_only,seir,sir,73,infected,0.02,16,2,-42.00069364485725,-84.49416706401698,0.00010058776951209308,5.4716230829752484e-05,2,31.998151100007817,5.256595159153221e-11,2,-80.49416706401698,-79.57109014094006,-78.94898961953741,-81.16067723113399,-79.2256721781381,-77.2906671251422,-73.42065701915044,-82.08956243863994,-76.26136707773094,1.2023023126885186,7.7400202119835555,0.492779774302475
2.0,60693acf84600ad9,ok,early_seir_infected_only,seir,sir,74,infected,0.02,16,2,-40.83473986235255,-81.69604157250451,0.0009409160466744377,7.180903628997941e-05,3,37.85254209997947,1.6697754290362354e-12,2,-77.69604157250451,-76.77296464942759,-76.15086412802495,-77.16000297721165,-74.91758582943154,-72.67516868165144,-68.19033438609125,-78.42398137914954,-72.6998111335847,1.636030096677488,8.9696685911204,0.02656184779941151
2.0,60693acf84600ad9,ok,early_seir_infected_only,seir,sir,75,infected,0.02,16,2,-40.65913902907212,-81.56286506908843,0.00021861703864611132,2.313005678709063e-05,1,35.05101309999009,9.834622005655547e-11,2,-77.56286506908843,-76.63978814601151,-76.01768762460887,-78.09479695065484,-76.14923338512139,-74.20366981958794,-70.31254268852105,-79.06118273112381,-73.53602379601045,1.2508411689823142,7.782254262133784,0.24458701094418617
2.0,60693acf84600ad9,ok,early_seir_infected_only,seir,sir,76,infected,0.02,16,2,-38.530425544863014,-77.18659226679114,0.003065013084856124,1.4398202580203474e-05,3,37.51251249999041,5.6488147492927965e-11,2,-73.18659226679114,-72.26351534371422,-71.64141482231157,-72.30482191288138,-69.93635483441119,-67.56788775594099,-62.8309535990006,-73.66513932661896,-67.58698277584526,1.7607264700860905,9.473868313880779,0.12574117706511215
2.0,60693acf84600ad9,ok,early_seir_infected_only,seir,sir,77,infected,0.02,16,2,-38.23726505190172,-76.60301108449836,0.002416950539295685,5.003995843310739e-05,1,35.4220750000095,8.182610145013314e-11,2,-72.60301108449836,-71.67993416142144,-71.0578336400188,-73.19138049846845,-71.29779557923825,-69.40421066000805,-65.61704082154765,-74.14203982059313,-68.90019042688265,1.2304856319526156,7.574339676920794,0.12848098069491906
2.0,60693acf84600ad9,ok,early_seir_infected_only,seir,sir,78,infected,0.02,16,2,-40.97947727679658,-82.00149886154259,0.0018173711192598834,7.149678556127389e-05,1,37.53423470002599,1.4236434253689367e-10,2,-78.00149886154259,-77.07842193846567,-76.45632141706302,-77.47645478209122,-75.24881904935472,-73.0211833166182,-68.56591185114519,-78.73736953492836,-73.04841162264712,1.6320646633071088,8.910542930946034,0.042544307949422176
2.0,60693acf84600ad9,ok,early_seir_infected_only,seir,sir,79,infected,0.02,16,2,-41.245144972856586,-82.92588419268515,0.0003122929103699802,5.078840758824363e-05,2,35.950874300004216,1.7905676941154525e-11,2,-78.92588419268515,-78.00280726960823,-77.38070674820558,-79.46497415358463,-77.48780561225402,-75.51063707092342,-71.55629998826221,-80.42936531749858,-74.58161578039075,1.2482594375932827,7.908674165322426,0.43559424697197563
2.0,bee7b8e86fc7fc4c,ok,early_seir_infected_only,seir,tv_sir,0,infected,0.02,16,4,-40.166848206514665,-80.47960636935193,0.00019967593587069847,6.336770891266532e-05,1,38.441288799999995,1.0820855322890566e-10,4,-72.47960636935193,-68.84324273298829,-69.3892514803928,-72.86379792841966,-69.35063796757782,-65.83747800673598,-58.8111580850523,-74.98596183430527,-66.28105656966197,2.7468222675233243,14.052639843367357,0.14590995632259698
2.0,bee7b8e86fc7fc4c,ok,early_seir_infected_only,seir,tv_sir,1,infected,0.02,16,4,-42.19977641183175,-84.47888796077093,0.0003430273226592301,7.231454252839505e-05,1,55.605300900002476,9.606537787476555e-12,4,-76.47888796077093,-72.8425243244073,-73.3885330718118,-76.91157131022008,-73.44070570991495,-69.96984010960982,-63.02810890899955,-79.02022285847784,-70.51609042244297,2.729332551146546,13.883462401220532,0.07933513710742941
2.0,bee7b8e86fc7fc4c,ok,early_seir_infected_only,seir,tv_sir,2,infected,0.02,16,4,-42.11588700082975,-84.436019998593,3.81539478832132e-05,2.823457891142678e-05,2,55.433161100023426,7.005240831858828e-11,4,-76.436019998593,-72.79965636222936,-73.34566510963387,-76.71441081533914,-73.07067444363614,-69.42693807193314,-62.13946532852712,-78.86605636041149,-69.65682851484749,2.784981819090756,14.574945486812013,0.20424599693348988
2.0,bee7b8e86fc7fc4c,ok,early_seir_infected_only,seir,tv_sir,3,infected,0.02,16,4,-40.0566079296336,-80.41760360219804,0.0034614811599821458,1.8609028094070203e-05,2,52.40605249998043,9.386269539390923e-12,4,-72.41760360219804,-68.7812399658344,-69.32724871323892,-72.5728730900963,-68.85027237870581,-65.12767166731533,-57.68247024453437,-74.75882669873828,-65.22281301370528,2.8293884517298804,14.890402845561923,0.3043877429308459
2.0,bee7b8e86fc7fc4c,ok,early_seir_infected_only,seir,tv_sir,4,infected,0.02,16,4,-34.661868884275435,-69.72631394197164,0.0003314903353868047,7.110505580182695e-05,0,50.867610499990406,1.4367174117069226e-11,4,-61.72631394197164,-58.089950305608006,-58.63595905301251,-61.997113562266364,-58.36979008365195,-54.74246660503754,-47.48781964780872,-64.15087441305269,-54.81444385409323,2.7877197644594744,14.509293914457647,0.40257617342077595
2.0,bee7b8e86fc7fc4c,ok,early_seir_infected_only,seir,tv_sir,5,infected,0.02,16,4,-39.7872976560952,-79.71384585044434,0.0016607796122072981,3.756340159794109e-05,3,53.3257975000015,9.460876526645734e-11,4,-71.71384585044434,-68.0774822140807,-68.62349096148522,-72.08096470881937,-68.57499908387092,-65.06903345892246,-58.05710220902556,-74.20788596508572,-65.55073281239659,2.7529799426793105,14.023862499793806,0.1392505382539455
2.0,bee7b8e86fc7fc4c,ok,early_seir_infected_only,seir,tv_sir,6,infected,0.02,16,4,-38.85387810469301,-78.2387307769794,0.0012343819840720245,6.64620894800682e-05,4,57.13086549998843,1.67361235980934e-10,4,-70.2387307769794,-66.60236714061575,-67.14837588802027,-70.46512967672759,-66.80322500210423,-63.14132032748086,-55.81751097823414,-72.63126289838826,-63.060137510892574,2.8037339392955674,14.64761869849345,0.5309745675933709
2.0,bee7b8e86fc7fc4c,ok,early_seir_infected_only,seir,tv_sir,7,infected,0.02,16,4,-45.82864270507148,-91.73571072632588,0.0026283917030429753,2.9102856038838143e-05,0,57.89278029999696,1.283950723518501e-10,4,-83.73571072632588,-80.09934708996224,-80.64535583736675,-84.29034178072743,-80.98348234597137,-77.67662291121529,-71.06290404170316,-86.3650122986241,-78.4298476711187,2.6853492138508943,13.22743773902427,0.07842531618291389
2.0,bee7b8e86fc7fc4c,ok,early_seir_infected_only,seir,tv_sir,8,infected,0.02,16,4,-45.41420609455517,-90.95952503649126,0.0006027707723588268,7.181343488040091e-05,3,56.47434699998121,2.0897061858704546e-11,4,-82.95952503649126,-79.32316140012762,-79.86917014753213,-83.2841877553168,-79.71650987231178,-76.14883198930676,-69.01347622329673,-85.42293952014097,-76.55770065709028,2.7682927581751446,14.270711532020062,0.13111284738092213
2.0,bee7b8e86fc7fc4c,ok,early_seir_infected_only,seir,tv_sir,9,infected,0.02,16,4,-41.71776540443024,-84.20426421325222,0.006644820588215539,1.4682377830494497e-05,0,56.61513930000365,1.3316991953615798e-10,4,-76.20426421325222,-72.56790057688858,-73.11390932429309,-76.39482459368745,-72.77305159543502,-69.1512785971826,-61.907732600677754,-78.57094430761826,-68.94843881585078,2.816659952816974,14.487091993009694,0.7687334043917331
2.0,bee7b8e86fc7fc4c,ok,early_seir_infected_only,seir,tv_sir,10,infected,0.02,16,4,-42.360701303562195,-84.76904722185547,0.0012278870394940768,1.162671877097722e-05,2,57.24533900001552,1.481481604059809e-11,4,-76.76904722185547,-73.13268358549183,-73.67869233289635,-77.27625776902234,-73.9055611068876,-70.53486444475288,-63.79347112048343,-79.36414212884172,-71.23861595858548,2.7024525465068754,13.482786648538909,0.047644614731086894
2.0,bee7b8e86fc7fc4c,ok,early_seir_infected_only,seir,tv_sir,11,infected,0.02,16,4,-42.15252827230813,-84.58418028841459,0.0012137398600201162,4.6556790403488854e-05,3,60.051003300002776,2.0122570276726037e-11,4,-76.58418028841459,-72.94781665205095,-73.49382539945546,-76.75281996058979,-73.01998705483174,-69.2871541490737,-61.82148833755762,-78.9350479342309,-69.3737249215841,2.8245661770918487,14.93133162303217,0.2791237437983201
2.0,bee7b8e86fc7fc4c,ok,early_seir_infected_only,seir,tv_sir,12,infected,0.02,16,4,-39.35974764580501,-78.97572139268651,0.0025805877636517335,1.66207315033313e-05,1,55.814195400016615,6.834710575276404e-11,4,-70.97572139268651,-67.33935775632287,-67.88536650372738,-70.99121143878607,-67.07057139871526,-63.149931358644444,-55.30865127850282,-73.21611493547614,-63.03693513132677,2.8798032286051853,15.682560160283249,0.2562261010764909
2.0,bee7b8e86fc7fc4c,ok,early_seir_infected_only,seir,tv_sir,13,infected,0.02,16,4,-42.86505219380815,-86.00803308925352,0.0018887921139076295,1.6722959487794894e-05,2,53.92497330001788,3.0460967082035495e-11,4,-78.00803308925352,-74.37166945288988,-74.91767820029439,-78.25807712637746,-74.60472344405565,-70.95136976173386,-63.644662397090244,-80.41762157187895,-71.11668965832908,2.795205758687284,14.61341472928721,0.2779287016372293
2.0,bee7b8e86fc7fc4c,ok,early_seir_infected_only,seir,tv_sir,14,infected,0.02,16,4,-39.647379654219456,-79.48261198028736,0.0006530879250279789,5.2490151759001023e-05,4,54.86838749999879,1.5916157281026244e-11,4,-71.48261198028736,-67.84624834392372,-68.39225709132823,-71.62562846578764,-67.84855755062694,-64.07148663546624,-56.51734480514484,-73.81499640392983,-64.1864756477961,2.83380778817877,15.108283660642806,0.1878526718484471
2.0,bee7b8e86fc7fc4c,ok,early_seir_infected_only,seir,tv_sir,15,infected,0.02,16,4,-42.069298635448,-84.22151047882288,0.0007201616249059221,7.528918505744214e-05,0,47.515793700004,1.9824142327706795e-11,4,-76.22151047882288,-72.58514684245924,-73.13115558986375,-76.42179026154938,-72.71101184723348,-69.0002334329176,-61.57867660428582,-78.59520163993194,-69.29548361363244,2.8131544194454694,14.843113657263562,0.08291320792688543
2.0,bee7b8e86fc7fc4c,ok,early_seir_infected_only,seir,tv_sir,16,infected,0.02,16,4,-37.985208293730246,-76.00772231527628,0.0022904159878535204,1.6680350806838778e-05,1,43.10113179998007,7.686651315452764e-11,4,-68.00772231527628,-64.37135867891264,-64.91736742631716,-68.4353948753705,-64.99535706560746,-61.55531925584441,-54.675243636318314,-70.54544269250654,-62.2102653484083,2.7311398113848706,13.76015123905219,0.0373057278157893
2.0,bee7b8e86fc7fc4c,ok,early_seir_infected_only,seir,tv_sir,17,infected,0.02,16,4,-39.165620045007984,-78.39019572695763,0.0017194819629938343,4.424290247069701e-05,1,43.3385570999817,3.0176749987731455e-11,4,-70.39019572695763,-66.75383209059399,-67.2998408379985,-70.98817120046378,-67.70756713294148,-64.42696306541917,-57.86575493037456,-73.05076368850204,-65.20882381992675,2.6697160192277893,13.122416270089225,0.05895563694165709
2.0,bee7b8e86fc7fc4c,ok,early_seir_infected_only,seir,tv_sir,18,infected,0.02,16,4,-42.50024993330121,-85.42321255243786,0.00221966641975407,6.342267181153444e-05,0,49.08348319999641,1.9050361288464046e-10,4,-77.42321255243786,-73.78684891607422,-74.33285766347873,-77.70693300647307,-74.12762037473755,-70.54830774300203,-63.389682479530975,-79.85709343489968,-70.68324933966034,2.7830595587690885,14.317250526942086,0.4227126858354341
2.0,bee7b8e86fc7fc4c,ok,early_seir_infected_only,seir,tv_sir,19,infected,0.02,16,4,-43.986103341640984,-88.13438512693529,0.0008970561075872917,2.2818903935227743e-05,3,52.759895800001686,6.529887741635321e-12,4,-80.13438512693529,-76.49802149057165,-77.04403023797616,-80.49926687542265,-76.98646239682259,-73.47365791822253,-66.44804896102241,-82.62681150790624,-73.92098876888173,2.753786809514523,14.051217914400233,0.16217844365332124
2.0,bee7b8e86fc7fc4c,ok,early_seir_infected_only,seir,tv_sir,20,infected,0.02,16,4,-39.20639877922518,-78.96349603531141,0.0015165669814356131,3.710580113665321e-05,0,45.65269270000863,1.9178969523636624e-10,4,-70.96349603531141,-67.32713239894777,-67.87314114635228,-71.41722134892191,-68.0233417022885,-64.62946205565508,-57.841702762388266,-73.52000950169139,-64.83727897191672,2.721743266810008,13.575518586533649,0.5506984768610452
2.0,bee7b8e86fc7fc4c,ok,early_seir_infected_only,seir,tv_sir,21,infected,0.02,16,4,-44.32182816135951,-88.67292479015639,0.0004674793080640634,3.601609691971342e-05,4,35.71939090001979,4.1040948417503387e-11,4,-80.67292479015639,-77.03656115379275,-77.58256990119726,-81.07224328733433,-77.57822344300449,-74.08420359867465,-67.09616391001495,-83.19019203440746,-74.66757694539965,2.741366377874464,13.976079377319373,0.029268467437365074
2.0,bee7b8e86fc7fc4c,ok,early_seir_infected_only,seir,tv_sir,22,infected,0.02,16,4,-37.99056071326311,-76.29881913890866,0.0024150411018316444,6.651451952479098e-05,2,36.76378469998599,7.133849067031406e-12,4,-68.29881913890866,-64.66245550254501,-65.20846424994953,-68.56309923909846,-64.96662244690785,-61.37014565471723,-54.17719207033599,-70.71867677032753,-61.59521425776374,2.790071184290559,14.385907168762472,0.3176977123824351
2.0,bee7b8e86fc7fc4c,ok,early_seir_infected_only,seir,tv_sir,23,infected,0.02,16,4,-43.70190398065802,-87.52500750551151,0.0015896966556213955,3.470119463037733e-05,3,45.43644249998033,1.4665602066088468e-10,4,-79.52500750551151,-75.88864386914787,-76.43465261655238,-79.9554689616585,-76.51270030460263,-73.06993164754677,-66.18439433343504,-82.06473964599421,-73.63273333309257,2.7301339297586535,13.771074628223458,0.12119954419547532
2.0,bee7b8e86fc7fc4c,ok,early_seir_infected_only,seir,tv_sir,24,infected,0.02,16,4,-41.12769531756295,-82.34521679920005,0.0008964403745358738,1.3776555460762498e-05,3,52.78400200000033,9.156764235740411e-11,4,-74.34521679920005,-70.7088531628364,-71.25486191024092,-74.60828082993054,-70.97276567357738,-67.33725051722425,-60.06622020451795,-76.76419722192976,-67.71333000971332,2.7905097886351395,14.542060625412585,0.08982616407413282
2.0,bee7b8e86fc7fc4c,ok,early_seir_infected_only,seir,tv_sir,25,infected,0.02,16,4,-43.87693578991135,-87.92623172619403,0.004068863993966533,5.746734217977958e-05,1,51.118410800001584,8.215295110858278e-11,4,-79.92623172619403,-76.28986808983039,-76.8358768372349,-80.11235805793437,-76.40404170382575,-72.69572534971714,-65.2790926414999,-82.2897133305285,-72.92060616338823,2.8182591978327682,14.833265416434472,0.17236014637132546
2.0,bee7b8e86fc7fc4c,ok,early_seir_infected_only,seir,tv_sir,26,infected,0.02,16,4,-42.914643931861725,-85.88908407363452,0.001197805968664689,7.81501154874756e-05,4,55.94305279999389,9.401901479577646e-11,4,-77.88908407363452,-74.25272043727088,-74.7987291846754,-78.34178980341862,-74.9145683195978,-71.48734683577699,-64.63290386813536,-80.44486206574943,-72.12040192844019,2.7221110039425422,13.70888593528326,0.059796209911074524
2.0,bee7b8e86fc7fc4c,ok,early_seir_infected_only,seir,tv_sir,27,infected,0.02,16,4,-37.12710725609773,-74.48310353830206,0.0016221464741039786,5.7145583315754615e-05,3,53.48637020000024,3.9605652091267984e-11,4,-66.48310353830206,-62.84673990193843,-63.392748649342934,-66.90582996172549,-63.46857276421705,-60.031315566708614,-53.15680117169174,-69.01725603210906,-60.50518572216171,2.7329237530965007,13.749028790033748,0.2288890261066049
2.0,bee7b8e86fc7fc4c,ok,early_seir_infected_only,seir,tv_sir,28,infected,0.02,16,4,-43.08751424682779,-86.21859504609459,0.00011233169726900136,1.3485807545575293e-05,1,56.42177460002131,2.3035795493342448e-11,4,-78.21859504609459,-74.58223140973095,-75.12824015713547,-78.59113400825927,-75.05716624478605,-71.52319848131283,-64.45526295436639,-80.71654493916519,-72.03915743976269,2.7510250534647023,14.135871053892886,0.043566552439019135
2.0,bee7b8e86fc7fc4c,ok,early_seir_infected_only,seir,tv_sir,29,infected,0.02,16,4,-41.631828284102326,-84.33603374876736,0.0020912734946868998,8.712644199132721e-05,0,55.89588379999623,7.202061169664375e-11,4,-76.33603374876736,-72.69967011240372,-73.24567885980824,-76.44506694627182,-72.65230166986252,-68.85953639345324,-61.27400584063465,-78.64390441187749,-68.09259546256749,2.8460646684449378,15.171061105637172,1.0723771805627111
2.0,bee7b8e86fc7fc4c,ok,early_seir_infected_only,seir,tv_sir,30,infected,0.02,16,4,-43.054133957374496,-86.24176398025105,0.0005368432354753514,8.219518346309069e-05,3,52.99105400001281,6.620126669076853e-11,4,-78.24176398025105,-74.60540034388741,-75.15140909129192,-78.70425627255828,-75.25585750921809,-71.8074587458779,-64.9106612191975,-80.8046014849757,-72.3146728613882,2.718581247637675,13.793595053360786,0.13349606550205595
2.0,bee7b8e86fc7fc4c,ok,early_seir_infected_only,seir,tv_sir,31,infected,0.02,16,4,-45.200631659351465,-90.54888112860773,0.0017984345804360395,1.530337067689993e-05,2,54.00323479998042,8.618883384770015e-11,4,-82.54888112860773,-78.91251749224409,-79.4585262396486,-82.89354186887509,-79.36810537953777,-75.84266889020044,-68.7917959115258,-85.0267211354383,-76.29951736135364,2.761079996584716,14.101745957349298,0.14761780990480183
2.0,bee7b8e86fc7fc4c,ok,early_seir_infected_only,seir,tv_sir,32,infected,0.02,16,4,-40.07262414104554,-80.22911626669354,0.0004057800572571414,3.7407332136800894e-05,4,54.22941709999577,2.5842439299594844e-11,4,-72.22911626669354,-68.5927526303299,-69.13876137773441,-72.65013579058183,-69.17627976064121,-65.70242373070059,-58.75471167081936,-74.76203749275322,-66.24982416232861,2.7335393869701603,13.895424119762467,0.0838679846024631
2.0,bee7b8e86fc7fc4c,ok,early_seir_infected_only,seir,tv_sir,33,infected,0.02,16,4,-42.17425164457761,-84.51773077297567,0.0007860486394813812,1.4197729423358132e-05,2,56.52378740001586,2.510205376893282e-10,4,-76.51773077297567,-72.88136713661203,-73.42737588401654,-76.72819823538994,-73.03518377725368,-69.34216931911742,-61.95614040284489,-78.89877079156659,-69.57644545661017,2.8094799907045394,14.772057832545052,0.16922748382044447
2.0,bee7b8e86fc7fc4c,ok,early_seir_infected_only,seir,tv_sir,34,infected,0.02,16,4,-42.728625939523745,-85.51896784458017,0.0015532415337562455,3.616600632214601e-05,2,54.91919159999816,2.7782220968219917e-12,4,-77.51896784458017,-73.88260420821653,-74.42861295562105,-77.95922213376544,-74.52852803891713,-71.09783394406884,-64.23644575437223,-80.06576402089316,-71.73447549965428,2.726601911843511,13.722776379393203,0.061715965532690764
2.0,bee7b8e86fc7fc4c,ok,early_seir_infected_only,seir,tv_sir,35,infected,0.02,16,4,-37.947095659602574,-76.13195851908753,0.001325053795899413,8.311645498943321e-05,1,55.79911130000255,1.0857093002414331e-11,4,-68.13195851908753,-64.49559488272389,-65.0416036301284,-68.39751935190161,-64.77574215780857,-61.15396496371552,-53.910410575529426,-70.55274000380928,-61.40708254283297,2.7896092576391256,14.487108776372182,0.23776719988238107
2.0,bee7b8e86fc7fc4c,ok,early_seir_infected_only,seir,tv_sir,36,infected,0.02,16,4,-42.50718185008381,-85.26420000332047,0.0014390328912829518,6.150612164268985e-05,3,56.49915560000227,1.1285550272077671e-10,4,-77.26420000332047,-73.62783636695683,-74.17384511436134,-77.76865782636055,-74.38710687364346,-71.00555592092637,-64.24245401549219,-79.8573092395834,-71.48815988929925,2.7034453818685344,13.526203810868363,0.24983630315285318
2.0,bee7b8e86fc7fc4c,ok,early_seir_infected_only,seir,tv_sir,37,infected,0.02,16,4,-41.28364842626053,-82.64688318573184,0.0007444505667771787,1.4220344401833493e-05,0,54.032299399987096,9.367795428261161e-11,4,-74.64688318573184,-71.0105195493682,-71.55652829677271,-75.12429147004283,-71.70965450376004,-68.29501753747724,-61.46574360491163,-77.22048030430338,-68.90874898738986,2.713201440714233,13.658547865131204,0.07958633321078055
2.0,bee7b8e86fc7fc4c,ok,early_seir_infected_only,seir,tv_sir,38,infected,0.02,16,4,-42.91976577317664,-85.95449238557575,0.00024853084352141093,1.5905547698240528e-05,3,60.10860589999356,7.997158490979928e-11,4,-77.95449238557575,-74.31812874921211,-74.86413749661662,-78.37076887889017,-74.88941771053632,-71.40806654218248,-64.44536420547479,-80.48399223829158,-71.9141268729379,2.735250073642082,13.925404673415391,0.11496083922245756
2.0,bee7b8e86fc7fc4c,ok,early_seir_infected_only,seir,tv_sir,39,infected,0.02,16,4,-43.45663222441926,-87.00295183969268,0.001836427381785597,6.886467947836104e-05,1,59.34935740000219,1.0931699989669141e-10,4,-79.00295183969268,-75.36658820332904,-75.91259695073356,-79.368490777743,-75.8609680142971,-72.3534452508512,-65.33839972395938,-81.49585228272534,-72.8831733950549,2.753549778483674,14.030091053783625,0.08968739085416999
2.0,bee7b8e86fc7fc4c,ok,early_seir_infected_only,seir,tv_sir,40,infected,0.02,16,4,-39.418833936900114,-78.86397883967592,3.0404300193442816e-05,2.9938241680057552e-05,4,61.50612409997848,3.772981926886132e-11,4,-70.86397883967592,-67.22761520331228,-67.7736239507168,-71.12393408111889,-67.45486707124034,-63.785800061361805,-56.44766604160472,-73.2807167449615,-64.16139983428606,2.7916310473572126,14.676268039514174,0.026310965875690366
2.0,bee7b8e86fc7fc4c,ok,early_seir_infected_only,seir,tv_sir,41,infected,0.02,16,4,-37.87548292577044,-75.85554835124927,0.0011785869950867338,2.4194562775657743e-05,2,59.26493269999628,1.9618084934336366e-11,4,-67.85554835124927,-64.21918471488563,-64.76519346229014,-68.20379739138873,-64.66940253507697,-61.1350076787652,-54.066217966141664,-70.33597676929519,-61.613386426293815,2.7597857909770407,14.137579425247065,0.10458249970838937
2.0,bee7b8e86fc7fc4c,ok,early_seir_infected_only,seir,tv_sir,42,infected,0.02,16,4,-37.83569619632302,-75.9532323152953,0.0005951821714859632,5.9392629291670656e-05,4,55.67017099997611,4.686739885073621e-11,4,-67.9532323152953,-64.31686867893166,-64.86287742633617,-68.36975312971224,-64.92067811046017,-61.47160309120812,-54.573453052704,-70.48290840843262,-61.8750923156378,2.7351619534313363,13.796300077008244,0.281839922649251
2.0,bee7b8e86fc7fc4c,ok,early_seir_infected_only,seir,tv_sir,43,infected,0.02,16,4,-41.24504912346973,-82.59465914985753,8.903044207803441e-05,8.189679375114649e-05,3,53.80195839999942,6.52562448522076e-11,4,-74.59465914985753,-70.9582955134939,-71.50430426089841,-74.89985086934581,-71.29056740356488,-67.68128393778393,-60.46271700622206,-77.04402827641474,-68.05296438381569,2.775315436721396,14.437133863123755,0.1045609029180821
2.0,bee7b8e86fc7fc4c,ok,early_seir_infected_only,seir,tv_sir,44,infected,0.02,16,4,-43.849081919673715,-88.94989837580434,0.001572142040728739,3.241738802100463e-05,3,54.179852599976584,2.3085533484845655e-11,4,-80.94989837580434,-77.3135347394407,-77.85954348684521,-80.86655010231271,-76.8059564102825,-72.7453627182523,-64.62417533419189,-83.11899514183197,-71.4557890712266,2.915451616986185,16.242374768120825,1.2517345364569117
2.0,bee7b8e86fc7fc4c,ok,early_seir_infected_only,seir,tv_sir,45,infected,0.02,16,4,-44.688631251039865,-89.45136211600611,0.000982847818988391,2.6995409033759386e-05,3,54.83728279999923,1.2598633247762336e-10,4,-81.45136211600611,-77.81499847964247,-78.36100722704698,-81.72072780789512,-78.09405683618473,-74.46738586447434,-67.21404392105356,-83.8748882263872,-74.87057861523817,2.7882369448094533,14.506683886841554,0.07409961392637818
2.0,bee7b8e86fc7fc4c,ok,early_seir_infected_only,seir,tv_sir,46,infected,0.02,16,4,-37.72614403082274,-75.55205050671475,0.00046365124550800264,7.607018274728288e-05,0,57.028058099997,1.693933882052079e-11,4,-67.55205050671475,-63.91568687035112,-64.46169561775562,-68.09124269915444,-64.72795068994864,-61.364658680742835,-54.638074662331235,-70.17021529421828,-61.999120024822275,2.6909176062482336,13.4531680368232,0.0997624450692719
2.0,bee7b8e86fc7fc4c,ok,early_seir_infected_only,seir,tv_sir,47,infected,0.02,16,4,-41.82045369107941,-83.78275271339098,0.003315403425856551,6.660932123551142e-05,0,57.71130590001121,1.1033307600882836e-10,4,-75.78275271339098,-72.14638907702734,-72.69239782443185,-76.19008311350997,-72.74071255257971,-69.29134199164946,-62.39260086978895,-78.30579932396262,-69.8434251384378,2.7384766947141803,13.797482243721022,0.14184533123216714
2.0,bee7b8e86fc7fc4c,ok,early_seir_infected_only,seir,tv_sir,48,infected,0.02,16,4,-39.0917723158601,-78.79374763778871,0.001357149368161086,6.245190271580868e-05,1,56.339866399997845,8.183320687749074e-11,4,-70.79374763778871,-67.15738400142507,-67.70339274882959,-70.95362242300648,-67.21539148818158,-63.47716055335667,-56.00069868370686,-73.13829275413129,-63.230620892420575,2.827727441828714,14.952923739299617,0.6102030060685153
2.0,bee7b8e86fc7fc4c,ok,early_seir_infected_only,seir,tv_sir,49,infected,0.02,16,4,-35.98464840611691,-72.20188927212905,0.0008732759845247896,3.052615093495124e-05,0,55.93457310000667,7.387512823697762e-11,4,-64.20188927212905,-60.56552563576542,-61.111534383169925,-64.71276071509766,-61.31305953524802,-57.913358355398394,-51.11395599569912,-66.7996249572245,-58.370492092835285,2.701132157452276,13.598804719398535,0.23259245989523114
2.0,bee7b8e86fc7fc4c,ok,early_seir_infected_only,seir,tv_sir,50,infected,0.02,16,4,-37.430030007085755,-74.97417463084949,0.004697736193892522,7.400662116023113e-05,3,57.74240859999554,2.6908253403234994e-11,4,-66.97417463084949,-63.33781099448586,-63.88381974189036,-67.39487733667707,-63.972742874099545,-60.55060841152202,-53.70633948636698,-69.50686732098664,-61.17152216386142,2.733653654931425,13.688537850310093,0.11411461667798656
2.0,bee7b8e86fc7fc4c,ok,early_seir_infected_only,seir,tv_sir,51,infected,0.02,16,4,-43.623896002678464,-87.27039372686717,0.00021459860654834918,1.5556405255372766e-05,0,56.662281700002495,1.0525980087550124e-10,4,-79.27039372686717,-75.63403009050353,-76.18003883790804,-79.57403951152578,-75.96939238981,-72.36474526809423,-65.15545102466267,-81.71864769716822,-72.82920351849381,2.7758730148494712,14.418588486863118,0.022601721510245414
2.0,bee7b8e86fc7fc4c,ok,early_seir_infected_only,seir,tv_sir,52,infected,0.02,16,4,-43.33346645477672,-86.88811137701708,0.0010333905779832497,1.5979374793322846e-05,3,59.274441499990644,9.094947017729282e-12,4,-78.88811137701708,-75.25174774065344,-75.79775648805796,-79.1745357037263,-75.56866246982841,-71.9627892359305,-64.7510427681347,-81.32394269132791,-72.24343997396183,2.782084342844586,14.423492935591607,0.22117846746364572
2.0,bee7b8e86fc7fc4c,ok,early_seir_infected_only,seir,tv_sir,53,infected,0.02,16,4,-39.422452211677964,-78.93159948627633,0.0013318383055451741,7.53473387282541e-05,1,55.68958540001768,8.412825991399586e-12,4,-70.93159948627633,-67.29523584991269,-67.8412445973172,-71.23696411685671,-67.65479636978324,-64.07262862270979,-56.90829312856286,-73.38109334182107,-64.51623343506208,2.775253072227625,14.328670988293853,0.08669506292039177
2.0,bee7b8e86fc7fc4c,ok,early_seir_infected_only,seir,tv_sir,54,infected,0.02,16,4,-35.388857272664964,-71.09361935817087,0.0006130922571546967,3.6808382662174934e-05,3,56.01011010000366,5.0455639666324714e-11,4,-63.09361935817087,-59.457255721807236,-60.00326446921174,-63.22352525692599,-59.43278344743673,-55.642041637947464,-48.06055801896894,-65.41654649257313,-55.61474730737288,2.838536432798869,15.162967237957048,0.3159048128409391
2.0,bee7b8e86fc7fc4c,ok,early_seir_infected_only,seir,tv_sir,55,infected,0.02,16,4,-40.55366039445839,-81.27578326267292,0.0002551319031316891,3.408901314504144e-05,0,51.07376979998662,4.106937012693379e-12,4,-73.27578326267292,-69.63941962630928,-70.18542837371379,-73.5028578382343,-69.81853967192723,-66.13422150562015,-58.76558517300598,-75.66880278115426,-66.37004812368845,2.803490240759334,14.737272665228327,0.16846247375613851
2.0,bee7b8e86fc7fc4c,ok,early_seir_infected_only,seir,tv_sir,56,infected,0.02,16,4,-43.39823872917249,-86.87318554434879,0.000718728792989868,5.743519907640633e-05,4,42.62100910002482,9.385558996655163e-11,4,-78.87318554434879,-75.23682190798515,-75.78283065538966,-79.27008019026337,-75.77997926227616,-72.28987833428896,-65.30967647831453,-81.38870434950111,-72.83607374639614,2.7422405974238364,13.960403711948837,0.07670808600380402
2.0,bee7b8e86fc7fc4c,ok,early_seir_infected_only,seir,tv_sir,57,infected,0.02,16,4,-37.32504451662761,-74.77950002260451,0.00011737075715408765,8.055016036061772e-05,0,35.70971699999063,1.1716139169948292e-10,4,-66.77950002260451,-63.143136386240876,-63.68914513364538,-67.08385852493308,-63.48374987510361,-59.883641225274154,-52.68342392561523,-69.22826811002956,-60.249654433937366,2.775615956287472,14.400434599317848,0.12941098934928916
2.0,bee7b8e86fc7fc4c,ok,early_seir_infected_only,seir,tv_sir,58,infected,0.02,16,4,-45.239317695885504,-90.61871483689923,0.0017748584406501716,2.6794500057392024e-05,3,32.154474599985406,3.303313178548706e-11,4,-82.61871483689923,-78.98235120053559,-79.5283599479401,-82.99282328180155,-79.48844130159465,-75.98405932138775,-68.97529536097394,-85.11779687245101,-76.4611074709434,2.7504589822241137,14.017527920827597,0.14007944512822862
2.0,bee7b8e86fc7fc4c,ok,early_seir_infected_only,seir,tv_sir,59,infected,0.02,16,4,-41.6578162963985,-83.38940380090293,0.00043541538904339605,7.37591695461572e-05,3,31.665817699977197,7.817391178832622e-11,4,-75.38940380090293,-71.75304016453929,-72.2990489119438,-75.75517481930024,-72.22997752243842,-68.70478022557661,-61.654385631852975,-77.88247165451843,-69.21484340534974,2.753466073192251,14.10078918744726,0.07377120810592784
2.0,bee7b8e86fc7fc4c,ok,early_seir_infected_only,seir,tv_sir,60,infected,0.02,16,4,-42.30176615378095,-84.62781371517332,0.0011888099220803837,4.493777095564122e-05,3,30.228416500001913,1.4273382475948893e-10,4,-76.62781371517332,-72.99145007880968,-73.53745882621419,-76.93761382228297,-73.34872733996366,-69.75984085764435,-62.58206789300572,-79.08050709071443,-70.24798637828466,2.7736533122294382,14.355545929277246,0.02428140761140993
2.0,bee7b8e86fc7fc4c,ok,early_seir_infected_only,seir,tv_sir,61,infected,0.02,16,4,-39.290035879319106,-79.67631543545683,0.008432817001181344,1.9449893193420566e-05,3,31.190472600021167,8.311218380185892e-11,4,-71.67631543545683,-68.03995179909319,-68.5859605464977,-71.68731144504396,-67.84263899558933,-63.997966546134705,-56.30862164722545,-73.91346721615143,-63.2013819608197,2.8814241096526985,15.378689797818513,1.0962436768186208
2.0,bee7b8e86fc7fc4c,ok,early_seir_infected_only,seir,tv_sir,62,infected,0.02,16,4,-45.06363963519886,-90.18239013401414,0.002217904331546034,2.4022181646680626e-05,1,30.91913389999536,9.337952633359237e-11,4,-82.18239013401414,-78.5460264976505,-79.09203524505502,-82.50539360449716,-78.94747721761411,-75.38956083073106,-68.27372805696496,-84.64460772298618,-75.89561372286552,2.768891205513983,14.231665547532199,0.05511086361642416
2.0,bee7b8e86fc7fc4c,ok,early_seir_infected_only,seir,tv_sir,63,infected,0.02,16,4,-40.248346308508914,-80.6058645809616,0.0005600351341680804,6.796171234128387e-05,2,31.43469239998376,4.100542128071538e-11,4,-72.6058645809616,-68.96950094459795,-69.51550969200247,-73.12207763772633,-69.73562505792692,-66.34917247812751,-59.57626731852869,-75.20745342592406,-66.95088229782019,2.6992055775187698,13.545810319197642,0.10917196394376007
2.0,bee7b8e86fc7fc4c,ok,early_seir_infected_only,seir,tv_sir,64,infected,0.02,16,4,-42.465970907280024,-85.03432591330282,0.0005951838185155113,8.399915469528492e-05,3,30.76362050001626,5.780265155408415e-11,4,-77.03432591330282,-73.39796227693918,-73.9439710243437,-77.27558760039784,-73.61186406852073,-69.94814053664362,-62.6206934728894,-79.43757926951122,-70.2770476870516,2.7983733218958045,14.654894127508438,0.10238409874276787
2.0,bee7b8e86fc7fc4c,ok,early_seir_infected_only,seir,tv_sir,65,infected,0.02,16,4,-44.264338446563876,-88.90231505424217,0.0039668451600996316,1.4804568529209532e-05,4,30.482322800002294,5.2168047659506556e-11,4,-80.90231505424217,-77.26595141787853,-77.81196016528304,-81.12077027033354,-77.48903486429857,-73.85729945826361,-66.59382864619369,-83.28911701914198,-74.0017352689879,2.806599017550089,14.526941624139852,0.37363816111441955
2.0,bee7b8e86fc7fc4c,ok,early_seir_infected_only,seir,tv_sir,66,infected,0.02,16,4,-42.23259228899438,-84.57794862904139,0.002552996889868807,1.3172018884581074e-05,1,34.59639540000353,6.799893981224159e-12,4,-76.57794862904139,-72.94158499267775,-73.48759374008226,-76.92753450061558,-73.39476785356716,-69.86200120651874,-62.79646791242192,-79.059341367128,-70.3341179897951,2.759303630956696,14.131066588193665,0.1127640510526154
2.0,bee7b8e86fc7fc4c,ok,early_seir_infected_only,seir,tv_sir,67,infected,0.02,16,4,-39.37535211098592,-79.97461824998885,0.0017464626128323982,1.7173879731264663e-05,0,32.22782479997841,1.0465583955010516e-10,4,-71.97461824998885,-68.33825461362521,-68.88426336102972,-71.97783258016094,-68.0244208238274,-64.07100906749388,-56.16418555482681,-74.20615673553252,-62.93705719663772,2.8842307572281665,15.813647025334127,1.223914028017008
2.0,bee7b8e86fc7fc4c,ok,early_seir_infected_only,seir,tv_sir,68,infected,0.02,16,4,-40.246798708780204,-81.70950758266699,0.0017483673690673867,7.030989144090184e-05,1,32.47474629999488,2.737721160883666e-11,4,-73.70950758266699,-70.07314394630335,-70.61915269370786,-73.88055653486289,-70.24392422655139,-66.6072919182399,-59.334027301616885,-76.06211315665227,-65.9470681843144,2.8236972130073568,14.546529233246002,1.2159101651065765
2.0,bee7b8e86fc7fc4c,ok,early_seir_infected_only,seir,tv_sir,69,infected,0.02,16,4,-42.26007894598121,-84.55630038906777,0.001040968867460615,2.675843152544548e-05,0,32.78414459998021,1.1645795439108042e-11,4,-76.55630038906777,-72.91993675270413,-73.46594550010865,-77.01477779762457,-73.59447243913338,-70.1741670806422,-63.33355636365983,-79.11624176735418,-70.83893645799768,2.7200293108567957,13.681221433964746,0.03614249710534084
2.0,bee7b8e86fc7fc4c,ok,early_seir_infected_only,seir,tv_sir,70,infected,0.02,16,4,-39.72140989113886,-79.93341562282808,0.0006490008985562341,4.9597884214356945e-05,1,32.45321440001135,1.6466827901240322e-10,4,-71.93341562282808,-68.29705198646444,-68.84306073386895,-72.06738226167293,-68.27386478692127,-64.4803473121696,-56.893312362666265,-74.25927196202524,-64.26874988327106,2.837071830401421,15.174069899006671,0.4905958405503612
2.0,bee7b8e86fc7fc4c,ok,early_seir_infected_only,seir,tv_sir,71,infected,0.02,16,4,-42.33994826631645,-85.13774385267864,0.002946204037707244,6.8883856757731e-05,1,36.85724869999103,4.617106696969131e-11,4,-77.13774385267864,-73.501380216315,-74.04738896371951,-77.27201782779983,-73.5314453270254,-69.79087282625098,-62.30972782470212,-79.46382188813668,-69.71760652953519,2.836960982270978,14.96229000309771,0.4578473200457489
2.0,bee7b8e86fc7fc4c,ok,early_seir_infected_only,seir,tv_sir,72,infected,0.02,16,4,-40.42725158587437,-80.92484716968735,0.0011898062135178415,6.479875388469706e-05,4,45.66002370000933,1.0309975095879054e-10,4,-72.92484716968735,-69.28848353332371,-69.83449228072823,-73.31592721940005,-69.82676267735546,-66.33759813531087,-59.359269051221695,-75.43617163028705,-66.89784500357038,2.7443377697001488,13.95665816817836,0.07034399793861373
2.0,bee7b8e86fc7fc4c,ok,early_seir_infected_only,seir,tv_sir,73,infected,0.02,16,4,-43.358031943486615,-86.8369686385111,0.000108918606939676,4.8963669623235555e-05,2,54.742742200003704,9.755751761986176e-12,4,-78.8369686385111,-75.20060500214746,-75.74661374955197,-79.14851733272117,-75.5471459735702,-71.94577461441921,-64.74303189611726,-81.2909233530214,-72.31057845036932,2.7730226427448517,14.405485436603911,0.12090475153786857
2.0,bee7b8e86fc7fc4c,ok,early_seir_infected_only,seir,tv_sir,74,infected,0.02,16,4,-41.465744178042556,-83.37547448277515,0.0027856119250294696,2.2610984908708503e-05,2,56.39908969998942,2.916067387559451e-11,4,-75.37547448277515,-71.7391108464115,-72.28511959381602,-75.4113877481708,-71.53438269424353,-67.65737764031627,-59.90336753246176,-77.6306002641635,-67.42346814037607,2.872437109305821,15.508020215709038,0.4439861266900318
2.0,bee7b8e86fc7fc4c,ok,early_seir_infected_only,seir,tv_sir,75,infected,0.02,16,4,-41.103793868134474,-82.2655116529747,0.0006596170408499179,8.183490980567148e-05,4,59.86018469999544,5.758948873335612e-11,4,-74.2655116529747,-70.62914801661105,-71.17515676401557,-74.68819635638438,-71.22172400640756,-67.75525165643072,-60.822306956477064,-76.79963405215322,-68.34169833636163,2.7329388004107336,13.865889399907317,0.05792391670574852
2.0,bee7b8e86fc7fc4c,ok,early_seir_infected_only,seir,tv_sir,76,infected,0.02,16,4,-39.341183504876646,-79.19324336018178,0.003309305625186224,4.0741784967542025e-05,2,54.72914859998855,5.357492227631155e-12,4,-71.19324336018178,-67.55687972381814,-68.10288847122266,-71.35164252076723,-67.65051027667532,-63.949378032583404,-56.54711354439958,-73.53672403835472,-63.87783803338564,2.828259660913529,14.804528976367648,0.5108763504284927
2.0,bee7b8e86fc7fc4c,ok,early_seir_infected_only,seir,tv_sir,77,infected,0.02,16,4,-38.684755741788024,-77.63523056362234,0.0033475726578500397,7.646992778227308e-05,4,59.46364010000252,3.90016907658719e-11,4,-69.63523056362234,-65.9988669272587,-66.54487567466322,-70.11603717540146,-66.75362539389766,-63.391213612393855,-56.66639004938625,-72.21127905728667,-63.91986435756084,2.711975753167838,13.449647126015208,0.2657190800463002
2.0,bee7b8e86fc7fc4c,ok,early_seir_infected_only,seir,tv_sir,78,infected,0.02,16,4,-41.39733831420117,-82.92821968259658,0.00140921660633114,6.775629233621983e-05,4,56.549998100002995,6.470912694567232e-11,4,-74.92821968259658,-71.29185604623294,-71.83786479363745,-75.2935825369887,-71.77711075795233,-68.26063897891596,-61.22769542084325,-77.42099310811899,-68.7287895122569,2.7536132872387906,14.06588711614545,0.1335430541942306
2.0,bee7b8e86fc7fc4c,ok,early_seir_infected_only,seir,tv_sir,79,infected,0.02,16,4,-42.02240978427707,-84.08341416623925,1.331194973125563e-05,2.7511803189018283e-05,4,55.128219500009436,1.6962076188065112e-10,4,-76.08341416623925,-72.44705052987561,-72.99305927728012,-76.4061470818617,-72.81093221840064,-69.21571735493956,-62.025287628017416,-78.54543659113347,-69.66396011470987,2.768988787552892,14.380859453844286,0.038594597685110366
2.0,95e6585a9e5ccb8a,ok,early_seir_infected_only,seir,ude_sir_h2,0,infected,0.02,16,11,-39.13365919114909,-79.64970877599438,0.0006725514447623665,8.287792811337143e-05,1,93.69193270000005,3.3058761061965924e-08,6,-57.649708775994384,8.350291224005616,-49.15123283135679,-74.98776889450131,-72.70387177318047,-70.4199746518596,-65.85218040921791,-76.28683000201812,-69.13172989701478,1.681439386988134,9.135588485283407,1.3823903936962014
2.0,95e6585a9e5ccb8a,ok,early_seir_infected_only,seir,ude_sir_h2,1,infected,0.02,16,11,-40.89946557181163,-83.87967672528167,0.00048662625310674605,8.908164050330623e-05,3,93.60449769999832,2.4588551639226353e-08,6,-61.87967672528167,4.120323274718331,-53.38120078064408,-78.97486077838452,-76.57624354662708,-74.17762631486963,-69.38039185135474,-80.34159990375086,-72.20446221659348,1.7690384107654047,9.59446892702978,2.080745581658398
2.0,95e6585a9e5ccb8a,ok,early_seir_infected_only,seir,ude_sir_h2,2,infected,0.02,16,11,-40.53314614298792,-83.00336059104433,0.0009298617103239189,0.00024255383806216324,2,107.11117390001891,3.9469109225365173e-07,6,-61.00336059104433,4.996639408955673,-52.50488464640674,-77.94411912414907,-75.45382915405372,-72.96353918395836,-67.98295924376765,-79.35388930356953,-71.10513240559442,1.8247356437373998,9.961159880381413,1.9370683050684965
2.0,95e6585a9e5ccb8a,ok,early_seir_infected_only,seir,ude_sir_h2,3,infected,0.02,16,11,-39.76955116726313,-79.64521186410886,0.003002678152824014,7.427953815955786e-05,2,99.23421389999567,1.2514078662206884e-10,2,-57.64521186410886,8.354788135891141,-49.14673591947127,-74.84935611634344,-72.51273143221204,-70.17610674808064,-65.50285737981784,-76.18573321204886,-70.19260359800066,1.729739326029999,9.346498736525607,0.10610952958259345
2.0,95e6585a9e5ccb8a,ok,early_seir_infected_only,seir,ude_sir_h2,4,infected,0.02,16,11,-33.692678334158664,-67.58482649932463,9.616205496882919e-05,7.327824507505476e-05,4,111.79818889999297,6.071786344818975e-07,3,-45.584826499324635,20.415173500675365,-37.086350554687044,-63.77989518121134,-61.71058024993843,-59.641265318665525,-55.50263545611972,-64.84014872754206,-59.1080969432257,1.37233888589129,8.277259725091621,0.1994698310073089
2.0,95e6585a9e5ccb8a,ok,early_seir_infected_only,seir,ude_sir_h2,5,infected,0.02,16,11,-39.385241093891956,-78.91768380152945,0.0007651575375051356,5.2163821046263714e-05,3,112.811813599983,1.213322775583947e-10,2,-56.91768380152945,9.08231619847055,-48.41920785689186,-75.36287616930217,-73.39535332998652,-71.42783049067087,-67.49278481203959,-76.35343213036518,-70.90039083052133,1.2821258355821352,7.870091357262587,0.1472016137455435
2.0,95e6585a9e5ccb8a,ok,early_seir_infected_only,seir,ude_sir_h2,6,infected,0.02,16,11,-36.886440880459176,-75.2128574653466,2.8248831457145692e-05,3.240285293079443e-05,2,116.84764140000334,1.7201389823640056e-07,6,-53.2128574653466,12.787142534653398,-44.71438152070901,-70.53054503748068,-68.24941057807183,-65.96827611866297,-61.40600719984526,-71.83528300555913,-64.64834392328294,1.6887872298937319,9.124537837635414,1.4399757044282449
2.0,95e6585a9e5ccb8a,ok,early_seir_infected_only,seir,ude_sir_h2,7,infected,0.02,16,11,-45.77712981662036,-91.6223402776771,0.0023083614165319995,9.499246909470786e-06,0,95.1676632000017,4.0323300254385686e-11,2,-69.6223402776771,-3.6223402776770968,-61.123864333039506,-87.96230210461546,-85.98731325215533,-84.0123243996952,-80.06234669477494,-88.98218081680693,-83.6543042234002,1.3200797304350818,7.899955409840513,0.06808064443637755
2.0,95e6585a9e5ccb8a,ok,early_seir_infected_only,seir,ude_sir_h2,8,infected,0.02,16,11,-45.052933742848495,-90.2448817778064,0.00011460643893877326,6.602443471530698e-05,1,106.47623939998448,5.658367285832355e-08,2,-68.2448817778064,-2.2448817778063983,-59.74640583316881,-86.47594781411959,-84.43430932893432,-82.39267084374904,-78.3093938733785,-87.52617060838192,-81.9393135449559,1.359355584712237,8.166553940741098,0.13901429210940813
2.0,95e6585a9e5ccb8a,ok,early_seir_infected_only,seir,ude_sir_h2,9,infected,0.02,16,11,-40.63484225150253,-81.36532332908664,0.004978293001697769,8.959043981133878e-06,0,92.4884119000053,1.2313705610722536e-11,2,-59.365323329086635,6.634676670913365,-50.866847384449045,-77.050040359552,-74.9106129615399,-72.7711855635278,-68.49233076750359,-78.25250465899653,-72.71197491095666,1.556409335045053,8.557709592048413,0.09563882608157039
2.0,95e6585a9e5ccb8a,ok,early_seir_infected_only,seir,ude_sir_h2,10,infected,0.02,16,11,-42.22776953210915,-84.59138424371297,0.0008682859306792609,8.59629732873537e-05,3,109.68077850001282,4.196820668767032e-10,2,-62.591384243712966,3.408615756287034,-54.092908299075376,-81.02160626948177,-79.05191164050689,-77.082217011532,-73.14282775358224,-82.01633375346397,-76.57676054831877,1.2875252451245014,7.878778515899531,0.13584517949467179
2.0,95e6585a9e5ccb8a,ok,early_seir_infected_only,seir,ude_sir_h2,11,infected,0.02,16,11,-41.38582794118685,-82.93294053269481,7.728867794590198e-05,6.615723603356473e-05,0,104.72854860001826,2.462365458200111e-07,3,-60.932940532694815,5.067059467305185,-52.434464588057224,-79.21271943311403,-77.18199207351009,-75.15126471390613,-71.08980999469823,-80.24936826700697,-74.64874644395789,1.3417861328439213,8.1229094384158,0.16128465032112677
2.0,95e6585a9e5ccb8a,ok,early_seir_infected_only,seir,ude_sir_h2,12,infected,0.02,16,11,-39.12291571913971,-78.41651531196793,0.0025110493427846882,1.9476369573405056e-05,3,92.11259679999785,2.3587176656292286e-10,2,-56.41651531196793,9.583484688032073,-47.91803936733034,-73.24037685092428,-70.6635254573204,-68.08667406371653,-62.93297127650879,-74.68272066761678,-67.93842586386394,1.8668973221755776,10.307405574415489,0.17068387368850416
2.0,95e6585a9e5ccb8a,ok,early_seir_infected_only,seir,ude_sir_h2,13,infected,0.02,16,11,-41.98610181000478,-84.06874520848808,0.0024100690406595204,3.898083690977835e-05,0,80.90630609999062,1.800728455236822e-10,3,-62.06874520848808,3.9312547915119183,-53.57026926385049,-79.2020085913582,-76.82558776066125,-74.4491669299643,-69.69632526857042,-80.55813681706508,-74.46652029722179,1.7553041957115039,9.505683322787776,0.09654158847851375
2.0,95e6585a9e5ccb8a,ok,early_seir_infected_only,seir,ude_sir_h2,14,infected,0.02,16,11,-39.19276375000617,-78.42055902416774,0.00010311510705708324,7.983733613949249e-05,1,84.17527109998628,3.4147973337894655e-10,2,-56.420559024167744,9.579440975832256,-47.922083079530154,-74.02049735137373,-71.79298985900029,-69.56548236662684,-65.11046738187994,-75.24658544669498,-69.47549753051855,1.5869867887363804,8.910029969493786,0.0350315241554045
2.0,95e6585a9e5ccb8a,ok,early_seir_infected_only,seir,ude_sir_h2,15,infected,0.02,16,11,-41.619373286396595,-83.4563588050323,7.759246081232024e-06,2.5302835439442218e-06,3,79.18695859998115,1.3321100595931057e-06,2,-61.456358805032295,4.543641194967705,-52.957882860394704,-79.80949720364046,-77.79105429039852,-75.77261137715658,-71.7357255506727,-80.8257042314641,-75.16497491982543,1.3153272867840942,8.073771652967762,0.21761223223911155
2.0,95e6585a9e5ccb8a,ok,early_seir_infected_only,seir,ude_sir_h2,16,infected,0.02,16,11,-37.92356611026194,-75.89471640180452,0.0017827133179457164,6.521739050460316e-05,0,83.54666610001004,7.003109203651547e-11,2,-53.894716401804516,12.105283598195484,-45.396240457166925,-72.01117026640887,-69.9696822340937,-67.92819420177851,-63.84521813714816,-73.09333002650511,-67.68118009126316,1.4006931876497004,8.165952129260711,0.047584181280645184
2.0,95e6585a9e5ccb8a,ok,early_seir_infected_only,seir,ude_sir_h2,17,infected,0.02,16,11,-38.51878143936887,-77.32275306687669,0.0012775075297124185,1.4968534789393325e-05,0,81.62366409998504,3.8335828378421866e-07,4,-55.322753066876686,10.677246933123314,-46.824277122239096,-74.09751044354559,-72.23430801152051,-70.37110557949543,-66.64470071544528,-74.99623229770494,-69.58475315063744,1.1632603845858722,7.452809728100304,0.28519018813894154
2.0,95e6585a9e5ccb8a,ok,early_seir_infected_only,seir,ude_sir_h2,18,infected,0.02,16,11,-41.432019269307425,-83.06496061782043,0.0007917315977937985,6.0795472963575e-05,4,84.35808889998589,2.9046773875052168e-09,3,-61.06496061782043,4.935039382179568,-52.56648467318284,-79.6443290084279,-77.71416935013755,-75.78400969184719,-71.92369037526649,-80.59749648803111,-75.14339990545344,1.2337320648946586,7.7206386331614185,0.2009220792055867
2.0,95e6585a9e5ccb8a,ok,early_seir_infected_only,seir,ude_sir_h2,19,infected,0.02,16,11,-43.55377300663924,-87.22262017890674,0.00038721744760933206,6.643843982591662e-05,1,81.17957090001437,2.6197710667474894e-11,2,-65.22262017890674,0.7773798210932625,-56.72414423426915,-83.47373146507746,-81.44637386256025,-79.41901626004302,-75.3643010550086,-84.5183686007637,-78.99811560320961,1.3521257890715246,8.109430410068873,0.11507416562825426
2.0,95e6585a9e5ccb8a,ok,early_seir_infected_only,seir,ude_sir_h2,20,infected,0.02,16,11,-36.83381805951459,-76.99294537846812,0.0010069084613168716,4.301863150037251e-06,4,71.28243720001774,3.9490196002134326e-08,6,-54.99294537846812,11.007054621531879,-46.49446943383053,-71.90188348817617,-69.38350820329039,-66.86513291840461,-61.82838234863304,-73.32052050747663,-63.59413497948606,1.836212435495749,10.073501139543122,3.3253092594389404
2.0,95e6585a9e5ccb8a,ok,early_seir_infected_only,seir,ude_sir_h2,21,infected,0.02,16,11,-44.286942315197564,-88.65429888259106,0.0002746129847319266,6.84307629194326e-05,3,75.03326520000701,2.2114932107797358e-10,2,-66.65429888259106,-0.6542988825910641,-58.155822937953474,-84.71032738797568,-82.62750156140329,-80.5446757348309,-76.37902408168613,-85.80932482424654,-80.24258132410557,1.4224870291722607,8.331303306289552,0.08041425219593189
2.0,95e6585a9e5ccb8a,ok,early_seir_infected_only,seir,ude_sir_h2,22,infected,0.02,16,11,-37.5715846548458,-75.17550846648282,0.0016869942670369167,7.447317906333167e-05,2,74.48840890001156,1.3244516594568267e-11,2,-53.175508466482825,12.824491533517175,-44.677032521845234,-70.82564662004576,-68.64631283133448,-66.46697904262321,-62.10831146520067,-72.03774640927939,-66.42583415484651,1.5688810286017167,8.71733515484509,0.03233915679122314
2.0,95e6585a9e5ccb8a,ok,early_seir_infected_only,seir,ude_sir_h2,23,infected,0.02,16,11,-43.18709354192493,-86.57682499894138,0.0008294458990572752,2.525563528221925e-06,3,82.01628619999974,1.1015011835979749e-07,2,-64.57682499894138,1.423175001058624,-56.078349054303786,-83.16568478009215,-81.23891582461154,-79.31214686913093,-75.4586089581697,-84.11620746018603,-78.66711126192742,1.2303087693776693,7.707075821922443,0.20263791509151696
2.0,95e6585a9e5ccb8a,ok,early_seir_infected_only,seir,ude_sir_h2,24,infected,0.02,16,11,-40.486617495768776,-81.31036186369153,5.5753512962415965e-05,1.377522247558386e-05,2,88.56842030002736,1.0951401208103562e-07,5,-59.310361863691526,6.689638136308474,-50.811885919053935,-77.63106744549836,-75.62764797683377,-73.62422850816918,-69.61738957084,-78.65631195814267,-72.9595571168792,1.3270249527744307,8.013677874658358,0.33712687215397763
2.0,95e6585a9e5ccb8a,ok,early_seir_infected_only,seir,ude_sir_h2,25,infected,0.02,16,11,-43.57587565999193,-87.91517825227498,0.01019428049572864,8.028145353519045e-05,1,102.59382680000272,8.556646236002052e-08,3,-65.91517825227498,0.08482174772501594,-57.416702307637394,-82.47771973193693,-79.58713822794898,-76.69655672396105,-70.91539371598516,-83.9928810311094,-75.58942530403209,1.9611486105827898,11.562326015951763,0.7634269322911185
2.0,95e6585a9e5ccb8a,ok,early_seir_infected_only,seir,ude_sir_h2,26,infected,0.02,16,11,-42.50448036925411,-85.22171606865538,0.0006124568842873527,1.4721680670900713e-06,2,87.02204670000356,5.412758028455755e-07,2,-63.22171606865538,2.7782839313446175,-54.72324012401779,-81.79386066591528,-79.8580125595435,-77.9221644531717,-74.05046824042815,-82.74904107344659,-77.26556831302109,1.2363374976043968,7.7433924254871345,0.21275533014716264
2.0,95e6585a9e5ccb8a,ok,early_seir_infected_only,seir,ude_sir_h2,27,infected,0.02,16,11,-35.67244964676069,-72.65955157896892,0.00020152072581976143,0.00016669316804792327,3,107.51098649998312,1.3819317246088758e-08,6,-50.659551578968916,15.340448421031084,-42.161075634331326,-68.33452873761578,-66.20808564102758,-64.08164254443938,-59.82875635126295,-69.53970707649309,-62.83912690716855,1.5599222512379136,8.505772386352827,1.3146522854475424
2.0,95e6585a9e5ccb8a,ok,early_seir_infected_only,seir,ude_sir_h2,28,infected,0.02,16,11,-42.333418148800405,-85.63933572554552,0.0001969662348142023,7.468627099544075e-05,2,97.9059133999981,2.4377300178457517e-09,6,-63.63933572554552,2.3606642744544786,-55.14085978090793,-81.18119661753201,-78.9748471198848,-76.7684976222376,-72.3557986269432,-82.4234681341834,-75.841438307012,1.6079337956810613,8.825397990588819,0.9724994279447068
2.0,95e6585a9e5ccb8a,ok,early_seir_infected_only,seir,ude_sir_h2,29,infected,0.02,16,11,-38.34326101090516,-79.24346561660832,9.52401690867632e-05,0.0002490227184769583,1,111.64204159998917,2.7731068996672548e-08,6,-57.24346561660832,8.756534383391681,-48.74498967197073,-74.16329723937892,-71.67602444605028,-69.18875165272163,-64.21420606606434,-75.57889875425342,-66.73743084849573,1.832283431177449,9.949091173314585,2.5569435947980015
2.0,95e6585a9e5ccb8a,ok,early_seir_infected_only,seir,ude_sir_h2,30,infected,0.02,16,11,-41.247684006427264,-85.3904545155911,0.0004030932479066356,9.991907782821091e-05,4,109.98302830001921,9.917137333559367e-09,6,-63.3904545155911,2.6095454844088977,-54.89197857095351,-80.26881750887058,-77.74245797601529,-75.21609844316,-70.16337937744943,-81.69597436017656,-72.38992988143337,1.8472400777072706,10.105438131421153,2.8950865027365715
2.0,95e6585a9e5ccb8a,ok,early_seir_infected_only,seir,ude_sir_h2,31,infected,0.02,16,11,-45.0294516488651,-90.09389527146337,0.0012649191664019885,2.4057669787332842e-05,2,90.62284370002453,1.3463363757182378e-10,2,-68.09389527146337,-2.093895271463367,-59.59541932682578,-85.98791323213457,-83.87771787884799,-81.7675225255614,-77.54713181898825,-87.13205530840396,-81.61812188458387,1.4809199815296996,8.440781413146327,0.03499197373316903
2.0,95e6585a9e5ccb8a,ok,early_seir_infected_only,seir,ude_sir_h2,32,infected,0.02,16,11,-39.47729062876725,-79.42789198116229,3.956114249901646e-05,1.2345286651964016e-06,0,91.35044939999352,1.0464781752261842e-07,5,-57.42789198116229,8.57210801883771,-48.9294160365247,-75.58021484250297,-73.54855617846447,-71.51689751442595,-67.45358018634894,-76.65237961771948,-70.82794660138048,1.3877561817214101,8.126634656154026,0.4733107236277864
2.0,95e6585a9e5ccb8a,ok,early_seir_infected_only,seir,ude_sir_h2,33,infected,0.02,16,11,-40.71328040182582,-83.35851290445741,0.0003631375225567241,3.410315988097689e-05,0,87.74339580000378,7.143405156284643e-07,6,-61.35851290445741,4.641487095542587,-52.86003695981982,-78.4438583351151,-76.03591187075227,-73.62796540638945,-68.8120724776638,-79.81333901702119,-71.79477494620035,1.772586943718111,9.631785857451293,1.931952100805775
2.0,95e6585a9e5ccb8a,ok,early_seir_infected_only,seir,ude_sir_h2,34,infected,0.02,16,11,-42.5593085724467,-85.20285004916917,0.0010719059006478492,1.3744260773287686e-05,0,93.8001196999976,6.327383061943692e-11,2,-63.20285004916917,2.7971499508308284,-54.70437410453158,-81.46998887936363,-79.45986536821032,-77.44974185705702,-73.42949483475041,-82.51015990016646,-77.0781231002802,1.3463450745013592,8.040494044613213,0.0842329042757657
2.0,95e6585a9e5ccb8a,ok,early_seir_infected_only,seir,ude_sir_h2,35,infected,0.02,16,11,-36.99037674890392,-74.3604058200403,0.00021215658929971275,2.6447289727566214e-06,2,92.4527760000201,1.6120241426165194e-06,5,-52.3604058200403,13.639594179959701,-43.86192987540271,-70.61696584753022,-68.61236548091932,-66.6077651143084,-62.59856438108659,-71.6600846779374,-65.9623520313642,1.350160571051449,8.018401466443635,0.3796523222324626
2.0,95e6585a9e5ccb8a,ok,early_seir_infected_only,seir,ude_sir_h2,36,infected,0.02,16,11,-40.82568625309986,-83.74807906321413,0.0003028493596092088,7.3356015290755355e-06,0,90.35247480001999,2.7257840429228963e-10,6,-61.748079063214135,4.251920936785865,-53.249603118576545,-79.02404992303317,-76.73748288200639,-74.45091584097962,-69.87778175892606,-80.34041235643713,-72.50510434209261,1.7038333533885048,9.146268164107115,2.0967065570144108
2.0,95e6585a9e5ccb8a,ok,early_seir_infected_only,seir,ude_sir_h2,37,infected,0.02,16,11,-40.2786352022243,-81.75616560812327,7.722814860608847e-05,6.074493125616219e-05,1,94.8104364000028,4.6178016077647044e-08,6,-59.75616560812327,6.243834391876732,-51.25768966348568,-77.35635619520264,-75.1942237093858,-73.03209122356895,-68.70782625193529,-78.58237399768467,-71.90874046118125,1.5868958052192959,8.64852994326735,1.198895203674661
2.0,95e6585a9e5ccb8a,ok,early_seir_infected_only,seir,ude_sir_h2,38,infected,0.02,16,11,-41.83979551828558,-85.25968364942196,0.000533724557642496,4.034495113448875e-06,4,97.9198043999786,6.588857814904259e-08,6,-63.25968364942196,2.7403163505780412,-54.76120770478437,-80.53552188445855,-78.22774294816281,-75.9199640118671,-71.30440613927563,-81.85192127408698,-74.44847529138823,1.7038811876674906,9.231115745182917,1.580092612850807
2.0,95e6585a9e5ccb8a,ok,early_seir_infected_only,seir,ude_sir_h2,39,infected,0.02,16,11,-43.39561266648246,-86.84497577997132,0.0021957446633362678,7.535479055238248e-05,4,98.52910259997589,8.078870905592339e-12,2,-64.84497577997132,1.1550242200286789,-56.34649983533373,-82.27052710614379,-80.01848187073513,-77.76643663532647,-73.26234616450917,-83.54520857170529,-77.7830443913303,1.6498836041330196,9.008180941634626,0.053750447006406805
2.0,95e6585a9e5ccb8a,ok,early_seir_infected_only,seir,ude_sir_h2,40,infected,0.02,16,11,-39.080847100977486,-78.44533488559885,0.0005047047647184568,6.724213834527338e-06,0,98.26102800000808,1.5124882324357714e-06,4,-56.445334885598854,9.554665114401146,-47.94685894096126,-74.59863051162476,-72.51089994115168,-70.42316937067858,-66.24770822973241,-75.6705242235497,-69.81077192006262,1.3874053310245769,8.350922281892352,0.28364068364388495
2.0,95e6585a9e5ccb8a,ok,early_seir_infected_only,seir,ude_sir_h2,41,infected,0.02,16,11,-37.78043192531788,-75.60182892288583,0.0014978213450696114,7.779533639716111e-05,0,91.0563524000172,1.5560175370410434e-10,2,-53.60182892288583,12.39817107711417,-45.10335297824824,-70.97045986724335,-68.68884586130567,-66.40723185536798,-61.84400384349262,-72.26100233833483,-66.43440782688504,1.6704132922755015,9.126456023750725,0.04096507225007614
2.0,95e6585a9e5ccb8a,ok,early_seir_infected_only,seir,ude_sir_h2,42,infected,0.02,16,11,-37.15497538946714,-74.52620873237058,0.00020328515681259765,6.226863787841577e-05,3,93.14051050000126,8.590888000981067e-10,2,-52.52620873237058,13.473791267629423,-44.02773278773299,-71.00597075340778,-69.03379388051808,-67.06161700762837,-63.11726326184897,-71.98689379487126,-66.42124328737548,1.2696574687496556,7.888707491558811,0.21625795343630316
2.0,95e6585a9e5ccb8a,ok,early_seir_infected_only,seir,ude_sir_h2,43,infected,0.02,16,11,-40.176590020337194,-81.65991685495388,0.00045668954259782494,1.9046539096882102e-06,1,88.82196959998691,9.184196159139901e-08,6,-59.65991685495388,6.340083145046123,-51.16144091031629,-76.91792125994749,-74.59539642785873,-72.27287159576998,-67.62782193159246,-78.23929009053737,-71.06308071231936,1.7103133822082561,9.290099328355021,1.306736814279493
2.0,95e6585a9e5ccb8a,ok,early_seir_infected_only,seir,ude_sir_h2,44,infected,0.02,16,11,-39.713556441853626,-86.73672772798666,0.007325756330399165,3.97919417495563e-05,4,96.81453639999381,0.019962343281719086,6,-64.73672772798666,1.2632722720133387,-56.23825178334907,-78.72804687891407,-74.69692388263574,-70.6658008863574,-62.60355489380075,-80.95968565547695,-63.30262089859393,2.888521036254861,16.124491985113327,7.309614844279408
2.0,95e6585a9e5ccb8a,ok,early_seir_infected_only,seir,ude_sir_h2,45,infected,0.02,16,11,-44.59637907068983,-89.22850813692837,0.0004700567693949175,3.229326715751403e-05,2,85.9015818000189,8.638068038635538e-11,3,-67.22850813692837,-1.2285081369283688,-58.73003219229078,-85.00893528039285,-82.85216369782184,-80.69539211525084,-76.38184895010883,-86.18472971953163,-80.56567181109564,1.5218892086983697,8.627086330284017,0.03574999554870936
2.0,95e6585a9e5ccb8a,ok,early_seir_infected_only,seir,ude_sir_h2,46,infected,0.02,16,11,-36.65613946753432,-74.97491758317693,6.520232057153877e-05,4.878854319817677e-05,0,86.28157670001383,8.668528295174838e-08,6,-52.97491758317693,13.025082416823068,-44.47644163853934,-70.3250887390169,-68.0640632398057,-65.80303774059452,-61.280986742172125,-71.62077507595087,-64.26817693822386,1.6770712536130314,9.044101996844779,1.6626386481083
2.0,95e6585a9e5ccb8a,ok,early_seir_infected_only,seir,ude_sir_h2,47,infected,0.02,16,11,-41.528248395568774,-83.43697488993955,0.006795906391350811,2.4855842126687464e-05,4,105.71839860000182,1.878547095657268e-09,3,-61.43697488993955,4.563025110060451,-52.93849894530196,-78.27533558676924,-75.74586563980709,-73.21639569284493,-68.15745579892061,-79.71363917716887,-72.93861700328891,1.861667856385339,10.117879787848633,0.3804780988019968
2.0,95e6585a9e5ccb8a,ok,early_seir_infected_only,seir,ude_sir_h2,48,infected,0.02,16,11,-36.88176786508229,-75.17568717797381,1.2980637072056864e-05,2.1676608713611694e-06,0,90.07659569999669,5.514022660690898e-08,6,-53.17568717797381,12.824312822026187,-44.67721123333622,-70.43693232550798,-68.12641779866412,-65.81590327182026,-61.19487421813254,-71.75739811515334,-64.52147762278913,1.7091445314102396,9.242058107375444,1.41215144780924
2.0,95e6585a9e5ccb8a,ok,early_seir_infected_only,seir,ude_sir_h2,49,infected,0.02,16,11,-34.09747786535059,-71.96345863076876,0.002872702930842731,0.00040143806140127534,0,114.74730349998572,1.395590700781213e-07,6,-49.963458630768756,16.036541369231244,-41.464982686131165,-66.61481458786662,-63.92173154339007,-61.22864849891352,-55.842482409960425,-68.10522751268115,-57.42262355279499,1.929115559043804,10.772332177906193,3.768502900067568
2.0,95e6585a9e5ccb8a,ok,early_seir_infected_only,seir,ude_sir_h2,50,infected,0.02,16,11,-37.3811346114895,-74.93177835370119,0.005698480203938393,2.3976012254081924e-05,4,101.61671510001179,5.760369958807132e-11,2,-52.93177835370119,13.06822164629881,-44.4333024090636,-70.30472554341564,-68.06095331667584,-65.81718108993604,-61.32963663645644,-71.59406528203604,-65.7871803160198,1.668856535832575,8.975088906959202,0.16950913072218304
2.0,95e6585a9e5ccb8a,ok,early_seir_infected_only,seir,ude_sir_h2,51,infected,0.02,16,11,-43.431543268358524,-87.02233198430584,1.542638283386631e-05,7.659282906798599e-05,4,87.14334169999347,6.552745901444723e-09,3,-65.02233198430584,0.9776680156941637,-56.523856039668246,-83.20523655951226,-81.14146643925227,-79.07769631899227,-74.95015607847228,-84.26887966433101,-78.60800605567707,1.376726159987411,8.255080481039977,0.15924544758878273
2.0,95e6585a9e5ccb8a,ok,early_seir_infected_only,seir,ude_sir_h2,52,infected,0.02,16,11,-42.15121719484896,-85.29613087944185,3.97552781961915e-05,8.103207501686882e-05,0,91.06803860000218,4.8720381542466384e-06,6,-63.29613087944185,2.703869120558153,-54.79765493480426,-80.91010831612778,-78.74274990424927,-76.57539149237076,-72.24067466861375,-82.13228437878169,-75.6330007421839,1.5819232503300789,8.66943364751403,0.9936964897439249
2.0,95e6585a9e5ccb8a,ok,early_seir_infected_only,seir,ude_sir_h2,53,infected,0.02,16,11,-38.888209007549904,-77.99974090877828,0.0003273065138393863,4.220927120476855e-05,4,90.22141220001504,4.921272278579636e-08,3,-55.99974090877828,10.000259091221722,-47.50126496414069,-74.53109326539114,-72.5768822706315,-70.62267127587187,-66.71424928635261,-75.49764053192537,-69.95957403606128,1.2510501884264535,7.816843979038526,0.22332289367846642
2.0,95e6585a9e5ccb8a,ok,early_seir_infected_only,seir,ude_sir_h2,54,infected,0.02,16,11,-34.04767734635988,-68.92647759775068,0.0001518982857564322,5.246981607939263e-06,0,77.26308539998718,3.20350140299297e-05,6,-46.926477597750676,19.073522402249324,-38.428001653113085,-64.35715332164472,-62.10066156655166,-59.8441698114586,-55.33118630127248,-65.63040686107486,-59.06938767234753,1.6480353683379045,9.025967020372239,0.831122905030914
2.0,95e6585a9e5ccb8a,ok,early_seir_infected_only,seir,ude_sir_h2,55,infected,0.02,16,11,-40.028984759494634,-80.24100103177966,3.7553245387668604e-05,6.709335046554407e-05,4,75.95285560001503,1.2293028817111917e-09,2,-58.24100103177966,7.7589989682203395,-49.74252508714207,-76.4381574327647,-74.37338949995709,-72.30862156714949,-68.17908570153428,-77.49782923099205,-71.79889778775885,1.3715859003938045,8.259071731230422,0.1830315127903932
2.0,95e6585a9e5ccb8a,ok,early_seir_infected_only,seir,ude_sir_h2,56,infected,0.02,16,11,-43.20949550622464,-86.54501313734909,0.0003047420411112178,6.86509947360669e-05,3,76.14106520000496,1.9241582549511804e-08,2,-64.54501313734909,1.4549868626509124,-56.0465371927115,-82.81092246230047,-80.78528481060086,-78.75964715890125,-74.70837185550204,-83.8514360877879,-78.31644040565085,1.3467885247805929,8.102550606798433,0.1260221248998112
2.0,95e6585a9e5ccb8a,ok,early_seir_infected_only,seir,ude_sir_h2,57,infected,0.02,16,11,-36.96107928125564,-74.04546591060497,2.5462769986832376e-05,7.311347305874526e-05,3,58.78734730000724,1.6567724969718256e-10,2,-52.045465910604975,13.954534089395025,-43.546989965967384,-70.10304003168098,-68.006032023361,-65.90902401504103,-61.71500799840108,-71.201606778307,-65.53412652923139,1.421929566148989,8.3880320332799,0.12330734809369442
2.0,95e6585a9e5ccb8a,ok,early_seir_infected_only,seir,ude_sir_h2,58,infected,0.02,16,11,-44.785667585478244,-89.64118179941005,0.0025128823821625244,3.292224585468846e-05,2,66.15957200000412,9.38776167913602e-10,3,-67.64118179941005,-1.6411817994100488,-59.14270585477246,-84.99117535401005,-82.7128695419547,-80.43456372989935,-75.87795210578864,-86.2869111799699,-80.45811192273507,1.6771353097200714,9.113223248221415,0.06984662845355963
2.0,95e6585a9e5ccb8a,ok,early_seir_infected_only,seir,ude_sir_h2,59,infected,0.02,16,11,-41.399507594675825,-82.9363267804229,0.00012981096182380577,9.087469595785437e-06,3,55.31367329999921,1.2045759945067402e-09,2,-60.9363267804229,5.0636732195770975,-52.43785083578531,-79.16998222434096,-77.1297304648227,-75.08947870530446,-71.00897518626796,-80.21948347375361,-74.63800815127865,1.3584216533346423,8.161007038073,0.1373115910712589
2.0,95e6585a9e5ccb8a,ok,early_seir_infected_only,seir,ude_sir_h2,60,infected,0.02,16,11,-42.23404368877545,-84.55847089056068,0.0021172262261174696,9.300680823103066e-06,1,52.857761799998116,1.8268764279127936e-10,2,-62.558470890560685,3.4415291094393154,-54.059994945923094,-79.6620561370455,-77.26740103052434,-74.87274592400317,-70.08343571096086,-81.02645424904473,-74.88946695146626,1.7660083207579782,9.578620426084642,0.09038351300978116
2.0,95e6585a9e5ccb8a,ok,early_seir_infected_only,seir,ude_sir_h2,61,infected,0.02,16,11,-37.46648880206559,-75.1855733994208,0.006443261555982036,2.2058945844105286e-05,0,50.86207770000328,2.1061268284938706e-09,2,-53.185573399420804,12.814426600579196,-44.68709745478321,-70.33702481995667,-68.00165813734547,-65.66629145473428,-60.99555808951188,-71.68808490386974,-65.59151087368639,1.7487442477755368,9.341466730444788,0.25259579528962106
2.0,95e6585a9e5ccb8a,ok,early_seir_infected_only,seir,ude_sir_h2,62,infected,0.02,16,11,-45.00214419544326,-90.18454259657021,0.003815414641526694,8.226007698205161e-05,4,55.082427200017264,3.887379307343508e-11,2,-68.18454259657021,-2.1845425965702105,-59.68606665193262,-85.19047473545982,-82.75637955289233,-80.32228437032484,-75.45409400518986,-86.58208412802675,-80.26790766061656,1.8012292342717278,9.736380730269952,0.18025420568369285
2.0,95e6585a9e5ccb8a,ok,early_seir_infected_only,seir,ude_sir_h2,63,infected,0.02,16,11,-38.91561571731683,-79.85175568611771,0.00010690368461464655,0.00010477024855849445,2,65.95676959998673,3.902258072230325e-09,6,-57.85175568611771,8.148244313882287,-49.35327974148012,-75.05904131443734,-72.7297585470546,-70.40047577967185,-65.74191024490636,-76.39454305790744,-68.5141003651027,1.7286063141051375,9.317131069530966,2.020524251484052
2.0,95e6585a9e5ccb8a,ok,early_seir_infected_only,seir,ude_sir_h2,64,infected,0.02,16,11,-42.14354326944615,-84.407427647735,4.9632434381633746e-05,4.7076014101064996e-05,4,55.45717710000463,4.0611780605104286e-10,3,-62.407427647735005,3.5925723522649946,-53.908951703097415,-80.51691867609983,-78.4387180200672,-76.36051736403458,-72.20411605196931,-81.60101864777897,-75.97428391476177,1.4032044999780198,8.312802624130525,0.12034110884270344
2.0,95e6585a9e5ccb8a,ok,early_seir_infected_only,seir,ude_sir_h2,65,infected,0.02,16,11,-43.83610486703893,-87.81831302038944,0.00403719478442284,4.0758570316890554e-05,1,51.367496299993945,2.0678214696090436e-10,2,-65.81831302038944,0.18168697961056068,-57.31983707575185,-83.00975860190924,-80.6758583110394,-78.34195802016956,-73.67415743842987,-84.34967421369639,-78.33660857059849,1.7343194033465257,9.335601163479366,0.14610328631158426
2.0,95e6585a9e5ccb8a,ok,early_seir_infected_only,seir,ude_sir_h2,66,infected,0.02,16,11,-41.822575919451594,-83.82541316286168,0.004137194244013506,8.220121637785065e-05,3,56.893137900013244,1.206430511047074e-10,2,-61.82541316286168,4.174586837138321,-53.32693721822409,-78.88435344586914,-76.48359611397665,-74.08283878208415,-69.28132411829918,-80.261191987641,-74.04212251133323,1.7821105876103407,9.603029327569962,0.18026132395849678
2.0,95e6585a9e5ccb8a,ok,early_seir_infected_only,seir,ude_sir_h2,67,infected,0.02,16,11,-35.66336991309576,-79.55556794073527,0.007610571016052457,8.398849352842105e-06,3,59.73163480000221,0.02341964077559311,6,-57.55556794073527,8.444432059264727,-49.05709199609768,-71.5567677759251,-67.51301379066591,-63.469259805406715,-55.381751834888334,-73.78565327531854,-55.15172388515475,2.884957332708367,16.17501594103676,8.228828114543761
2.0,95e6585a9e5ccb8a,ok,early_seir_infected_only,seir,ude_sir_h2,68,infected,0.02,16,11,-36.55862305194256,-76.52426740542344,0.002667559691275362,2.4558320806227375e-06,0,53.797254000004614,3.564620882912095e-07,6,-54.524267405423444,11.475732594576556,-46.025791460785854,-71.37486973714641,-68.80330595855717,-66.23174217996794,-61.08861462278948,-72.80976216562921,-62.83099098952819,1.857252619897115,10.286255114356933,3.4070213015383177
2.0,95e6585a9e5ccb8a,ok,early_seir_infected_only,seir,ude_sir_h2,69,infected,0.02,16,11,-42.04525774545825,-84.24875409743072,0.0005925389799374185,1.1222329307794804e-05,3,60.736238299985416,3.9882763758214423e-11,2,-62.24875409743072,3.7512459025692806,-53.75027815279313,-80.69060321470785,-78.71873893683014,-76.74687465895241,-72.80314610319698,-81.68209078081124,-76.20305837940563,1.2833316583097412,7.8874571115108765,0.15823860651422056
2.0,95e6585a9e5ccb8a,ok,early_seir_infected_only,seir,ude_sir_h2,70,infected,0.02,16,11,-37.347126967890574,-77.60382250567832,0.0001892047304206959,2.524026153933999e-06,3,68.06381650001276,2.8566767575455287e-05,6,-55.60382250567832,10.396177494321677,-47.10534656104073,-72.20894066178558,-69.52150115433012,-66.83406164687467,-61.459182631963756,-73.71223786449534,-63.94449590595933,1.9457923205914929,10.749758029821816,2.909568569897173
2.0,95e6585a9e5ccb8a,ok,early_seir_infected_only,seir,ude_sir_h2,71,infected,0.02,16,11,-41.52668279124358,-83.14661404931222,0.002424368118755952,8.193525803186558e-05,1,81.869938799995,1.6648016298859147e-11,2,-61.14661404931222,4.85338595068778,-52.64813810467463,-78.3033953253113,-75.938820831104,-73.57424633689669,-68.84509734848208,-79.65297023178387,-73.59506760565795,1.746821908764176,9.45829797682922,0.09324846682505276
2.0,95e6585a9e5ccb8a,ok,early_seir_infected_only,seir,ude_sir_h2,72,infected,0.02,16,11,-40.23272515294875,-80.50622053786519,0.000953030582783226,7.11307299234901e-05,1,82.78448140001274,2.4724755576244206e-10,2,-58.50622053786519,7.49377946213481,-50.0077445932276,-76.44013490448805,-74.33694246251525,-72.23375002054247,-68.0273651365969,-77.57315974831366,-72.05268053800636,1.4665303947757655,8.41276976789115,0.04077023196767775
2.0,95e6585a9e5ccb8a,ok,early_seir_infected_only,seir,ude_sir_h2,73,infected,0.02,16,11,-42.2285018231035,-85.81019141665168,0.0004135676301603146,2.9016311850652815e-06,0,93.0244711000123,2.6103655201836773e-06,6,-63.810191416651676,2.1898085833483236,-55.311715472014086,-81.05858631149498,-78.73313860223764,-76.40769089298033,-71.75679547446568,-82.38263285591556,-75.1552128091777,1.7137792803680607,9.301790837029307,1.353187770444673
2.0,95e6585a9e5ccb8a,ok,early_seir_infected_only,seir,ude_sir_h2,74,infected,0.02,16,11,-40.83512147050898,-81.69593539826191,0.000936440408018365,3.300236522543744e-05,0,87.83104669998283,8.57909299156745e-11,2,-59.69593539826191,6.304064601738091,-51.19745945362432,-77.15275231534433,-74.89719816415167,-72.64164401295903,-68.13053571057372,-78.41872154647399,-72.64802633624736,1.6386069258939568,9.022216604770604,0.025692457243944623
2.0,95e6585a9e5ccb8a,ok,early_seir_infected_only,seir,ude_sir_h2,75,infected,0.02,16,11,-40.66300325363165,-81.56694463413915,0.00021394949378364942,1.8376550206021435e-06,4,92.73217860001023,1.4374136299011298e-06,2,-59.56694463413915,6.433055365860852,-51.06846868950156,-78.10007998358357,-76.14267208136236,-74.18526417914114,-70.27044837469873,-79.06613041474425,-73.49637489837846,1.2504071096974474,7.829631608884842,0.24093812687584296
2.0,95e6585a9e5ccb8a,ok,early_seir_infected_only,seir,ude_sir_h2,76,infected,0.02,16,11,-38.53043236697175,-77.18667526619032,0.003066089294778427,6.250842794802914e-05,2,85.45263960000011,1.7837464838521555e-10,2,-55.18667526619032,10.81332473380968,-46.68819932155273,-72.29586080643917,-69.91318253401478,-67.53050426159041,-62.76514771674164,-73.65869838269481,-67.53015164424598,1.7639884417477572,9.530713089697528,0.12581053224681626
2.0,95e6585a9e5ccb8a,ok,early_seir_infected_only,seir,ude_sir_h2,77,infected,0.02,16,11,-38.240439136899965,-76.60598374499176,0.0024010892977723327,6.000639431065011e-05,2,115.20624899998074,1.6824841964080406e-08,2,-54.60598374499176,11.39401625500824,-46.10750780035417,-73.19542903927264,-71.29093156990865,-69.38643410054465,-65.57743916181667,-74.14578856468101,-68.86288839634396,1.230097590155374,7.617989877455969,0.12510547119182513
2.0,95e6585a9e5ccb8a,ok,early_seir_infected_only,seir,ude_sir_h2,78,infected,0.02,16,11,-40.97972765247489,-82.00123594009699,0.0018112517328602662,2.1630509542701264e-05,3,96.97594530001516,9.940492873283802e-11,2,-60.00123594009699,5.99876405990301,-51.5027599954594,-77.46842905428494,-75.22778084114906,-72.98713262801317,-68.5058362017414,-78.7315069323628,-72.99686245240625,1.634864503867096,8.96259285254353,0.04178063514720824
2.0,95e6585a9e5ccb8a,ok,early_seir_infected_only,seir,ude_sir_h2,79,infected,0.02,16,11,-41.335523156761305,-83.60047286982604,0.0006440334231844073,3.1077513739948166e-05,4,110.71165110002039,6.081961601012154e-10,6,-61.600472869826035,4.399527130173965,-53.101996925188445,-79.06181922143973,-76.81514972662582,-74.5684802318119,-70.07514124218407,-80.32652631440628,-73.68436833426695,1.6369732777098789,8.986677979255665,0.9294265563034219
2.0,bd884f9ae6a93281,ok,missing_neural_feedback,ude_sir_h2,neural_ode_h2,0,infected,0.015,37,14,-90.46072500953771,-216.33979247144333,5.907255531209772e-06,5.730373660956076e-05,0,145.5008915000003,0.012955755385632983,8,-188.33979247144333,-169.24888338053424,-165.7869416944242,-198.97653694641951,-192.83673356011275,-186.69693017380595,-174.41732340119242,-206.72270565580374,-156.36223647384833,4.808543407819801,24.559213545227102,35.4183424523679
2.0,bd884f9ae6a93281,ok,missing_neural_feedback,ude_sir_h2,neural_ode_h2,1,infected,0.015,37,14,-85.0459839365254,-210.9404288492422,4.1775795494999455e-05,9.944423546919254e-05,4,164.70085160000008,0.0006570980251154879,14,-182.9404288492422,-163.84951975833312,-160.38757807222308,-192.8937536321405,-186.85953434863083,-180.8253150651212,-168.7568764981019,-200.94481241392623,-145.9550907390122,4.997808217657988,24.136877134038595,40.84846097619141
2.0,bd884f9ae6a93281,ok,missing_neural_feedback,ude_sir_h2,neural_ode_h2,2,infected,0.015,37,14,-84.44939324453091,-210.06999457904857,9.732019988922966e-05,5.259174535552204e-05,2,176.22995489999994,0.006899666199757348,14,-182.06999457904857,-162.97908548813948,-159.51714380202944,-191.957733724434,-185.94363753293757,-179.92954134144114,-167.90134895844827,-200.03805184715122,-144.84240172307608,5.015971365948667,24.056384765985737,41.171208089986735
2.0,bd884f9ae6a93281,ok,missing_neural_feedback,ude_sir_h2,neural_ode_h2,3,infected,0.015,37,14,-82.46325118957566,-201.1305024708069,5.345819773691285e-05,7.172474672790592e-05,3,179.5317427,0.04790309296788564,8,-173.1305024708069,-154.0395933798978,-150.57765169378777,-184.01880791453266,-178.12406309892344,-172.22931828331423,-160.4398286520958,-191.6527491846661,-141.34752311671446,4.738876643070402,23.57897926243686,36.20400009165557
2.0,bd884f9ae6a93281,ok,missing_neural_feedback,ude_sir_h2,neural_ode_h2,4,infected,0.015,37,14,-81.4592338606999,-200.020079524492,3.645911243710682e-05,9.422927729620021e-06,4,176.88709279999966,0.09735702018895154,14,-172.020079524492,-152.9291704335829,-149.46722874747286,-181.8650817440141,-175.63715109220453,-169.409220440395,-156.95335913677584,-189.96446584415594,-138.00674511416153,5.027806840168027,24.911722607238257,37.1016118030922
2.0,bd884f9ae6a93281,ok,missing_neural_feedback,ude_sir_h2,neural_ode_h2,5,infected,0.015,37,14,-82.46814281708293,-203.37105879207397,0.00012783990958972435,5.2708890402259164e-05,0,176.76529329999994,0.020062343711842345,8,-175.37105879207397,-156.28014970116487,-152.81820801505484,-186.31028076280427,-180.4090457778734,-174.50781079294248,-162.70534082308072,-193.92150693738984,-141.33134569444232,4.7247759273420655,23.604939939723558,38.43477315790808
2.0,bd884f9ae6a93281,ok,missing_neural_feedback,ude_sir_h2,neural_ode_h2,6,infected,0.015,37,14,-85.29667341431613,-211.28878000001177,4.373456219596565e-05,0.00013932884995610775,0,189.86596629999985,0.003965432235190747,14,-183.28878000001177,-164.19787090910268,-160.73592922299264,-192.97318858096156,-186.78715948249766,-180.60113038403375,-168.22907218710594,-201.14421739175356,-145.84923043477664,5.0722813041291115,24.744116393855617,40.69543317137951
2.0,bd884f9ae6a93281,ok,missing_neural_feedback,ude_sir_h2,neural_ode_h2,7,infected,0.015,37,14,-79.51005268133407,-199.10487957182647,5.307560458234076e-05,6.419128330701505e-05,1,183.18241669999998,0.01019627623048791,14,-171.10487957182647,-152.01397048091738,-148.55202879480734,-180.89364420842193,-174.79845941984564,-168.70327463126935,-156.51290505411677,-189.0181172559982,-134.639366208363,5.043381157914138,24.38073915430517,40.08477420915833
2.0,bd884f9ae6a93281,ok,missing_neural_feedback,ude_sir_h2,neural_ode_h2,8,infected,0.015,37,14,-81.44814581389991,-200.87884577708252,4.9372872310462044e-05,2.2476334065117846e-05,1,177.31298819999984,0.021252625090227184,14,-172.87884577708252,-153.78793668617342,-150.3259950000634,-182.64245160311856,-176.49203499907966,-170.34161839504077,-158.04078518696298,-190.77814860526024,-138.29462521164425,5.0503485859111406,24.601666416155577,37.9825541492827
2.0,bd884f9ae6a93281,ok,missing_neural_feedback,ude_sir_h2,neural_ode_h2,9,infected,0.015,37,14,-88.94526447221952,-213.1012744646448,1.4114645666820611e-05,3.390087980658215e-05,0,173.7761003999999,0.0017671149232683092,8,-185.1012744646448,-166.0103653737357,-162.54842368762567,-195.94137519909188,-189.9876438837614,-184.03391256843088,-172.12644993776988,-203.59682175722395,-154.07560368311704,4.752226353710423,23.814925261322003,35.21074552020575
2.0,bd884f9ae6a93281,ok,missing_neural_feedback,ude_sir_h2,neural_ode_h2,10,infected,0.015,37,14,-89.18477050303659,-215.79541940450665,2.1362295078544637e-05,9.258443060944345e-05,0,191.08597640000016,0.00031333985552350896,8,-187.79541940450665,-168.70451031359755,-165.24256862748751,-198.63809632324126,-192.69855251765537,-186.7590087120695,-174.8799211008977,-206.29239358318503,-154.6113657837296,4.751512910660805,23.758175222343564,37.425878398433454
2.0,bd884f9ae6a93281,ok,missing_neural_feedback,ude_sir_h2,neural_ode_h2,11,infected,0.015,37,14,-87.21759709941819,-210.19536591754246,8.540298300630169e-05,0.0001917163879359432,3,174.2763513,0.02288820720308138,14,-182.19536591754246,-163.10445682663337,-159.64251514052333,-192.34598967404406,-186.21562400772874,-180.0852583414134,-167.82452700878278,-200.30902860646935,-149.9137315335751,4.943168655536553,24.52146266526129,35.76017171870609
2.0,bd884f9ae6a93281,ok,missing_neural_feedback,ude_sir_h2,neural_ode_h2,12,infected,0.015,37,14,-85.9889420735684,-209.48950565600444,4.355029052666549e-05,6.840089130543755e-05,3,171.45726300000024,0.008907451662096832,14,-181.48950565600444,-162.39859656509535,-158.9366548789853,-191.12978563544502,-184.93782554802894,-178.74586546061286,-166.36194528578068,-199.32050128386413,-147.21004379747245,5.08450218607015,24.767840349664336,37.51162150886764
2.0,bd884f9ae6a93281,ok,missing_neural_feedback,ude_sir_h2,neural_ode_h2,13,infected,0.015,37,14,-89.7613790944028,-215.60345162957503,3.540485676920852e-05,4.5850651140898e-05,0,180.76395959999945,0.001512927547878462,8,-187.60345162957503,-168.51254253866594,-165.0506008525559,-198.33299951483417,-192.29331748866235,-186.25363546249054,-174.1742714101469,-206.03776637582527,-155.36403008411833,4.782842626874881,24.15872810468727,36.08069344076942
2.0,bd884f9ae6a93281,ok,missing_neural_feedback,ude_sir_h2,neural_ode_h2,14,infected,0.015,37,14,-91.25310515113739,-219.85997490250588,4.6258192832619254e-05,6.565948150050042e-05,4,177.0429425000002,0.0003988418000915317,8,-191.85997490250588,-172.7690658115968,-169.30712412548675,-202.76058239027182,-196.8518799994345,-190.94317760859715,-179.12577282692249,-210.38903542068732,-158.87140073892544,4.735469740909288,23.634809563349325,37.35376460023109
2.0,bd884f9ae6a93281,ok,missing_neural_feedback,ude_sir_h2,neural_ode_h2,15,infected,0.015,37,14,-91.35754769548839,-221.68010973677374,2.863226429464032e-05,4.4171450969334224e-05,1,176.2148887000003,0.01553319710200185,14,-193.68010973677374,-174.58920064586465,-171.1272589597546,-203.68105427104584,-197.66101979171063,-191.64098531237545,-179.60091635370503,-211.710868728718,-158.63495747363598,4.984620504027867,24.080137917340807,38.965014345796966
2.0,bd884f9ae6a93281,ok,missing_neural_feedback,ude_sir_h2,neural_ode_h2,16,infected,0.015,37,14,-83.48244280420433,-206.37370414864134,8.674264220887082e-05,3.287844887790551e-05,3,179.8763738000007,0.08544533182944747,14,-178.37370414864134,-159.28279505773224,-155.8208533716222,-188.10847069043768,-181.99473903675081,-175.88100738306397,-163.65354407569026,-196.25703359556954,-142.50995899366123,5.058335276535897,24.454926614747425,39.408818540232694
2.0,bd884f9ae6a93281,ok,missing_neural_feedback,ude_sir_h2,neural_ode_h2,17,infected,0.015,37,14,-89.95783218924808,-216.91181722299245,3.571661348422129e-05,9.01918189641486e-05,3,184.35587490000034,0.0006312363773872676,14,-188.91181722299245,-169.82090813208336,-166.35896644597332,-198.94547903658804,-192.85990037755707,-186.7743217185261,-174.60316440046415,-206.96069752376457,-155.57334974237227,4.975559849613946,24.342314636123884,36.9961528444963
2.0,bd884f9ae6a93281,ok,missing_neural_feedback,ude_sir_h2,neural_ode_h2,18,infected,0.015,37,14,-83.97060744731233,-204.25242224939407,6.941598130503819e-05,2.679230372604351e-05,4,184.3539781999998,0.10934698847572122,8,-176.25242224939407,-157.16151315848498,-153.69957147237494,-187.0809392064801,-181.11188019261715,-175.14282117875416,-163.20470315102824,-194.74155356817306,-144.0649788391728,4.755434340610509,23.876236055451876,36.3112073547694
2.0,bd884f9ae6a93281,ok,missing_neural_feedback,ude_sir_h2,neural_ode_h2,19,infected,0.015,37,14,-92.17575290423181,-221.11142425125595,6.43034707597906e-05,4.1644301690853184e-05,0,180.2845167000005,0.04750614868484604,8,-193.11142425125595,-174.02051516034686,-170.55857347423682,-203.96540950881524,-198.0195100885445,-192.07361066827377,-180.1818118277323,-211.61466184499847,-160.5679081273807,4.748381203128742,23.783597681082934,36.759918442792326
2.0,bd884f9ae6a93281,ok,missing_neural_feedback,ude_sir_h2,neural_ode_h2,20,infected,0.015,37,14,-88.4845309039848,-214.93929252093892,1.2647925564040357e-05,1.6040821493814917e-05,0,176.9798308999998,0.012359805116190614,8,-186.93929252093892,-167.84838343002983,-164.3864417439198,-197.70580349394623,-191.70709125555746,-185.7083790171687,-173.71095454039116,-205.3940802264989,-152.97421285441453,4.77260614722001,23.99484895355507,37.97023071296932
2.0,bd884f9ae6a93281,ok,missing_neural_feedback,ude_sir_h2,neural_ode_h2,21,infected,0.015,37,14,-88.5781408202446,-213.94450585282152,1.1753953015106898e-05,6.606181298150569e-05,0,185.71608509999987,0.00599731442787288,13,-185.94450585282152,-166.85359676191243,-163.3916550758024,-195.7971833090428,-189.56388403643675,-183.3305847638307,-170.8639862186186,-203.89314330025124,-152.22308455006498,5.025681276285145,24.9331970904242,36.78822421233233
2.0,bd884f9ae6a93281,ok,missing_neural_feedback,ude_sir_h2,neural_ode_h2,22,infected,0.015,37,14,-81.41124462527185,-199.38055474416151,0.00010824773243848064,3.957505395492027e-05,3,185.6252330999996,0.01020774776742428,8,-171.38055474416151,-152.28964565325242,-148.82770396714238,-182.1129491513731,-176.116490620544,-170.12003208971493,-158.12711502805672,-189.81644610999786,-138.83665512722732,4.782054317081825,23.98583412331637,36.55806549361783
2.0,bd884f9ae6a93281,ok,missing_neural_feedback,ude_sir_h2,neural_ode_h2,23,infected,0.015,37,14,-88.01659239201797,-213.0057146215995,4.866207952573636e-05,2.294307949700749e-05,4,175.21335160000035,0.006923997089273826,14,-185.0057146215995,-165.91480553069042,-162.45286384458038,-195.0318116206969,-188.94065352986726,-182.8494954390376,-170.6671792573783,-203.0504049547893,-151.66855242071733,4.977654833405108,24.364632363318606,36.97252983756358
2.0,bd884f9ae6a93281,ok,missing_neural_feedback,ude_sir_h2,neural_ode_h2,24,infected,0.015,37,14,-81.06523957223723,-201.60402432363517,4.1692644188175235e-05,2.6424702631181004e-05,4,174.80469880000055,0.0002865533865588077,14,-173.60402432363517,-154.51311523272608,-151.05117354661604,-183.39473325856412,-177.29771696921765,-171.20070067987118,-159.00666810117824,-191.51833890757615,-137.74241398708858,5.042842708029509,24.388065157385878,39.47354517916071
2.0,bd884f9ae6a93281,ok,missing_neural_feedback,ude_sir_h2,neural_ode_h2,25,infected,0.015,37,14,-86.21087472582761,-214.23101777716425,7.597207835497562e-05,8.253703411560551e-06,3,169.63642060000075,0.034990920206524834,14,-186.23101777716425,-167.14010868625516,-163.67816700014512,-196.13216883860036,-190.0329300345041,-183.93369123040782,-171.73521362221527,-204.20650358082221,-148.02479423527012,5.012257098171018,24.39695521638508,41.80926832550905
2.0,bd884f9ae6a93281,ok,missing_neural_feedback,ude_sir_h2,neural_ode_h2,26,infected,0.015,37,14,-87.3203518023177,-212.39717875247968,0.00015152115691950292,3.136303585582826e-05,1,175.08613269999933,0.1443382458190854,13,-184.39717875247968,-165.30626966157058,-161.84432797546054,-195.28861072549452,-189.41487915531343,-183.5411475851323,-171.79368444477012,-202.92115717520886,-151.145777323911,4.7380107886354015,23.494926280724403,37.756475147844256
2.0,bd884f9ae6a93281,ok,missing_neural_feedback,ude_sir_h2,neural_ode_h2,27,infected,0.015,37,14,-89.75685210209599,-215.36849148050902,4.325285209289574e-05,4.0377320729710656e-05,2,176.47184389999984,0.018033287006304022,8,-187.36849148050902,-168.27758238959993,-164.8156407034899,-198.29100763000014,-192.35644999635147,-186.4218923627028,-174.5527770954055,-205.9096866759416,-155.77547366959735,4.729402402283717,23.738230534594635,35.85478727631705
2.0,bd884f9ae6a93281,ok,missing_neural_feedback,ude_sir_h2,neural_ode_h2,28,infected,0.015,37,14,-87.49885297981982,-214.73930956701125,3.4964235711480485e-05,2.247401376198832e-05,3,177.02572130000044,0.00023140307493463297,14,-186.73930956701125,-167.64840047610215,-164.18645878999212,-196.9971873850321,-191.03082837568175,-185.0644693663314,-173.13175134763068,-204.91237768365153,-151.1322699222382,4.913465941679861,23.865436037401423,39.74160360737163
2.0,bd884f9ae6a93281,ok,missing_neural_feedback,ude_sir_h2,neural_ode_h2,29,infected,0.015,37,14,-86.30951389724925,-211.67493149373868,6.038703578713181e-07,2.2595564851171556e-05,3,181.38945569999942,0.0005184350810623073,8,-183.67493149373868,-164.5840224028296,-161.12208071671955,-194.50462017150008,-188.5676094535507,-182.6305987356013,-170.7565772997025,-202.16471180022864,-148.87098492270093,4.755109846755013,23.74804287179756,39.0559036992402
2.0,bd884f9ae6a93281,ok,missing_neural_feedback,ude_sir_h2,neural_ode_h2,30,infected,0.015,37,14,-83.06427460041344,-205.62827683607446,3.226600476952e-05,6.944060947600739e-06,3,169.36681829999998,0.008835180173306867,14,-177.62827683607446,-158.53736774516537,-155.07542605905533,-187.37126495055188,-181.24645435050272,-175.12164375045353,-162.8720225503552,-195.51616001304026,-141.62930680063022,5.056058411517094,24.49924240019667,39.499727635247574
2.0,bd884f9ae6a93281,ok,missing_neural_feedback,ude_sir_h2,neural_ode_h2,31,infected,0.015,37,14,-89.8487045528329,-217.25040957765557,1.2631810938779704e-06,4.367328246005245e-05,2,185.0864975000004,0.014705011022385861,13,-189.25040957765557,-170.15950048674648,-166.69755880063644,-200.03812848215833,-194.0549132430515,-188.07169800394465,-176.10526752573097,-207.71694384295935,-155.76454814923844,4.766732867348111,23.93286095642737,37.55300047198977
2.0,bd884f9ae6a93281,ok,missing_neural_feedback,ude_sir_h2,neural_ode_h2,32,infected,0.015,37,14,-88.44507194964453,-213.62394280437738,0.00011508858462249071,0.00013172534938545388,2,181.7481525000003,0.03851254221279987,8,-185.62394280437738,-166.53303371346828,-163.07109202735825,-196.48702354019647,-190.5447046948653,-184.6023858495341,-172.71774815887173,-204.13221816329752,-153.1208685179643,4.745862320539927,23.769275381324736,36.73379890508832
2.0,bd884f9ae6a93281,ok,missing_neural_feedback,ude_sir_h2,neural_ode_h2,33,infected,0.015,37,14,-84.60624902415083,-205.7093904709065,4.561180473233993e-05,0.00022389140419315436,1,181.34190929999932,0.031012530673294236,8,-177.7093904709065,-158.6184813799974,-155.15653969388737,-188.54381833198804,-182.5682502769498,-176.5926822219116,-164.64154611183517,-196.20179569628678,-145.31022582814876,4.753797387309854,23.90227222015288,36.49689242260483
2.0,bd884f9ae6a93281,ok,missing_neural_feedback,ude_sir_h2,neural_ode_h2,34,infected,0.015,37,14,-81.34066783269095,-202.67712291694858,4.369432627489681e-05,9.404994334589037e-05,0,183.54367739999998,0.0031738392953855055,13,-174.67712291694858,-155.58621382603948,-152.12427213992945,-185.69060369175136,-179.8730283120623,-174.0554529323732,-162.4203021729951,-193.26870121579825,-139.41103414662564,4.704210850575169,23.270301518756284,39.99578725156667
2.0,bd884f9ae6a93281,ok,missing_neural_feedback,ude_sir_h2,neural_ode_h2,35,infected,0.015,37,14,-78.82142147371687,-194.02030015530784,5.122395262271446e-05,4.19027636883102e-05,1,175.2925490000007,0.014168075437098082,14,-166.02030015530784,-146.92939106439874,-143.4674493782887,-176.10109570367504,-170.07186021043054,-164.04262471718607,-151.98415373069707,-184.09528669051224,-133.52590097445577,4.962506732397806,24.116941972977965,36.377457207874095
2.0,bd884f9ae6a93281,ok,missing_neural_feedback,ude_sir_h2,neural_ode_h2,36,infected,0.015,37,14,-83.14918107729518,-202.22997500027725,2.681985848665312e-05,3.115805261391003e-05,4,176.66532910000024,0.00283290208396636,8,-174.22997500027725,-155.13906590936816,-151.67712422325812,-184.92648839991642,-178.87378963640077,-172.8210908728851,-160.7156933458538,-192.64599274481262,-142.08756710052774,4.791991127732319,24.210795054062636,35.93161284568688
2.0,bd884f9ae6a93281,ok,missing_neural_feedback,ude_sir_h2,neural_ode_h2,37,infected,0.015,37,14,-80.34851935831126,-198.76825135295314,7.772070928007668e-05,1.1646933895628371e-05,3,183.51831459999994,0.0128700702627782,8,-170.76825135295314,-151.67734226204405,-148.215400575934,-181.44815011311496,-175.3846498990822,-169.32114968504945,-157.19414925698396,-189.17506665097528,-136.44303786049153,4.796592350988925,24.254000856131004,38.071212636330614
2.0,bd884f9ae6a93281,ok,missing_neural_feedback,ude_sir_h2,neural_ode_h2,38,infected,0.015,37,14,-84.62157356412987,-208.0432001034479,4.726957355533225e-05,7.929087988804279e-05,3,191.2488056000002,3.7488328644030844e-05,14,-180.0432001034479,-160.9522910125388,-157.49034932642877,-190.06065573641666,-184.03183891090436,-178.00302208539205,-165.94538843436743,-198.083104193174,-145.12787982621052,4.98004795513695,24.11526730204923,38.80005297518814
2.0,bd884f9ae6a93281,ok,missing_neural_feedback,ude_sir_h2,neural_ode_h2,39,infected,0.015,37,14,-80.94187855001957,-201.35206258299036,0.00013223082508736952,4.165279966531867e-05,4,182.5157667000003,0.004595109932125752,14,-173.35206258299036,-154.26115349208126,-150.79921180597123,-183.34236788355688,-177.3773228295073,-171.4122777754577,-159.48218766735857,-191.37692876099482,-138.02357688384083,4.987566910997774,23.860180216198305,39.46830548295124
2.0,bd884f9ae6a93281,ok,missing_neural_feedback,ude_sir_h2,neural_ode_h2,40,infected,0.015,37,14,-78.58389232497441,-193.01787133082664,5.4461358364893654e-05,1.9094757396205446e-05,1,177.4141365000005,0.0015879346455847099,8,-165.01787133082664,-145.92696223991754,-142.4650205538075,-175.96741968321436,-170.06444072524232,-164.16146176727028,-152.35550385132623,-183.574039008908,-133.5558688180607,4.721916160959324,23.611915831888126,35.85008668087782
2.0,bd884f9ae6a93281,ok,missing_neural_feedback,ude_sir_h2,neural_ode_h2,41,infected,0.015,37,14,-83.52566541710974,-205.1723862744488,2.0418404962372734e-05,4.078913008686499e-06,2,167.9360625999998,0.0028779231750917234,8,-177.1723862744488,-158.0814771835397,-154.61953549742967,-188.0019031356405,-182.04807055348212,-176.09423797132376,-164.186572807007,-195.66207141590104,-143.23600050558596,4.755157429273874,23.8153303286335,38.12105544022933
2.0,bd884f9ae6a93281,ok,missing_neural_feedback,ude_sir_h2,neural_ode_h2,42,infected,0.015,37,14,-82.30088222551358,-201.31247750625113,4.036867397209688e-07,3.1993032027486955e-05,4,183.76060899999993,0.002346328572784273,8,-173.31247750625113,-154.22156841534203,-150.759626729232,-184.04095493277825,-178.04146232967105,-172.04196972656385,-160.04298452034945,-191.74619935132893,-140.60379403859835,4.783139077461107,23.9979704124288,36.71071305522398
2.0,bd884f9ae6a93281,ok,missing_neural_feedback,ude_sir_h2,neural_ode_h2,43,infected,0.015,37,14,-92.9686400271667,-222.0103371562635,6.40459337917638e-05,4.018139713948489e-05,2,182.8186797999997,0.00412573116710746,8,-194.0103371562635,-174.9194280653544,-171.45748637924436,-204.78244781193573,-198.77609788977574,-192.76974796761576,-180.75704812329576,-212.46822639046542,-161.91188036569343,4.77105538289903,24.02539968863995,36.07305710193009
2.0,bd884f9ae6a93281,ok,missing_neural_feedback,ude_sir_h2,neural_ode_h2,44,infected,0.015,37,14,-84.34596340731801,-207.59432906004264,6.410409364189079e-05,1.2860416265760038e-05,4,180.0201729999999,0.028586772777373426,14,-179.59432906004264,-160.50341996913355,-157.0414782830235,-189.40699798392086,-183.30149822532422,-177.19599846672762,-164.98499894953437,-197.52080675014142,-144.26992778024953,5.036761154950616,24.421999034386502,38.90240224540662
2.0,bd884f9ae6a93281,ok,missing_neural_feedback,ude_sir_h2,neural_ode_h2,45,infected,0.015,37,14,-78.52447402848327,-196.3636620635604,0.00010204797291522941,5.554458423541567e-05,2,174.11586080000052,0.008018016881109702,14,-168.3636620635604,-149.27275297265132,-145.81081128654128,-178.18595951182112,-172.06814486942417,-165.95033022702722,-153.71470094223332,-186.29547276017743,-132.57768948737873,5.034094651691493,24.47125856958781,39.31471400659387
2.0,bd884f9ae6a93281,ok,missing_neural_feedback,ude_sir_h2,neural_ode_h2,46,infected,0.015,37,14,-80.51943212210266,-197.15400237098086,1.1319840544119404e-05,1.1330028990635176e-05,1,177.7504002000005,0.024493069300518755,14,-169.15400237098086,-150.06309328007177,-146.60115159396173,-178.96408115762412,-172.78075834087508,-166.59743552412607,-154.230789890628,-187.07904544678067,-136.30557297720918,5.037478462100102,24.73329126699613,36.115138126775555
2.0,bd884f9ae6a93281,ok,missing_neural_feedback,ude_sir_h2,neural_ode_h2,47,infected,0.015,37,14,-84.65339198818165,-209.06139481564352,6.961680491318284e-05,9.403834226528873e-06,3,176.2696734000001,0.006052305491181187,14,-181.06139481564352,-161.97048572473443,-158.5085440386244,-191.0810943046697,-185.01962293713748,-178.95815156960526,-166.83520883454082,-199.10254172290894,-145.06089850623442,4.9794265463672875,24.245885470128876,39.75461083928022
2.0,bd884f9ae6a93281,ok,missing_neural_feedback,ude_sir_h2,neural_ode_h2,48,infected,0.015,37,14,-87.5034872336506,-213.6110305913383,1.8765805569828726e-05,6.609706417142886e-05,0,178.00578360000054,0.0006918517773897292,14,-185.6110305913383,-166.5201215004292,-163.05817981431917,-195.85167139971378,-189.7893389698726,-183.72700654003145,-171.6023416803491,-203.77455154569887,-150.75764474793652,4.918239522819723,24.249329719364678,38.6040561240371
2.0,bd884f9ae6a93281,ok,missing_neural_feedback,ude_sir_h2,neural_ode_h2,49,infected,0.015,37,14,-87.36398359846234,-211.06638754714825,2.7151983396350315e-05,3.350747806876304e-05,4,178.44121199999972,0.0137179256183515,14,-183.06638754714825,-163.97547845623916,-160.51353677012912,-193.0675864426822,-186.93743102848742,-180.80727561429262,-168.54696478590304,-201.09728742363657,-150.20734554014552,4.984550061755842,24.52062165677915,36.33842035022358
2.0,bd884f9ae6a93281,ok,missing_neural_feedback,ude_sir_h2,neural_ode_h2,50,infected,0.015,37,14,-84.7278123251352,-205.89325952338035,6.446691837774611e-05,1.8916033864670962e-05,1,179.05234099999961,0.13819354437964648,8,-177.89325952338035,-158.80235043247126,-155.34040874636122,-188.49744454474467,-182.3950536133325,-176.29266268192035,-164.087880819096,-196.25813881475312,-145.04606092462174,4.81756035431361,24.40956372564866,36.43763487310996
2.0,bd884f9ae6a93281,ok,missing_neural_feedback,ude_sir_h2,neural_ode_h2,51,infected,0.015,37,14,-87.46499835961448,-212.73223320134684,4.476614741025933e-05,2.6874768134694537e-05,0,175.66763310000078,0.0203056165414921,8,-184.73223320134684,-165.64132411043775,-162.1793824243277,-195.4117628680961,-189.3448230582892,-183.27788324848228,-171.14400362886846,-203.1388440674647,-150.6622374800013,4.7966945669410705,24.267759239227658,37.80223648211788
2.0,bd884f9ae6a93281,ok,missing_neural_feedback,ude_sir_h2,neural_ode_h2,52,infected,0.015,37,14,-92.209029404191,-221.88430815176054,9.438010312479342e-06,5.533207602460743e-05,4,182.3776144000003,0.0034383248391520738,8,-193.88430815176054,-174.79339906085144,-171.3314573747414,-204.79525357117066,-198.90999999290497,-193.02474641463928,-181.25423925810787,-212.41909459996543,-160.8770444953192,4.732606775897547,23.541014313062785,37.466249343378536
2.0,bd884f9ae6a93281,ok,missing_neural_feedback,ude_sir_h2,neural_ode_h2,53,infected,0.015,37,14,-90.19087541162398,-218.8062075039722,1.835797052313581e-05,1.4620385029964316e-05,4,173.50078790000043,0.028897211483894125,14,-190.8062075039722,-171.7152984130631,-168.25335672695306,-200.53837169458146,-194.37082799450621,-188.20328429443097,-175.8681968942805,-208.6880955715891,-155.71157602294699,5.059055966191555,24.670174800300977,38.42445668072422
2.0,bd884f9ae6a93281,ok,missing_neural_feedback,ude_sir_h2,neural_ode_h2,54,infected,0.015,37,14,-94.23082060786597,-224.01004425978311,0.00010331026069912293,4.615889732732893e-05,0,181.95569460000024,0.005007913249855278,13,-196.01004425978311,-176.91913516887402,-173.45719348276398,-206.35961121337806,-200.31293583711283,-194.26626046084758,-182.17290970831712,-214.23389676853213,-164.274939710671,4.888073745625493,24.186701505060945,35.548403044051184
2.0,bd884f9ae6a93281,ok,missing_neural_feedback,ude_sir_h2,neural_ode_h2,55,infected,0.015,37,14,-91.078548000978,-220.019705164536,3.3031560924909856e-05,1.863310996709877e-05,2,174.28893169999992,0.01253159435864859,14,-192.019705164536,-172.9287960736269,-169.46685438751686,-202.10870765477245,-196.00498909652686,-189.90127053828127,-177.6938334217901,-210.09923732612558,-157.74222176897365,4.960233919205211,24.414874232982356,37.862609162579986
2.0,bd884f9ae6a93281,ok,missing_neural_feedback,ude_sir_h2,neural_ode_h2,56,infected,0.015,37,14,-90.54759549212137,-216.95238138370473,1.3396296699623946e-05,5.532162540251544e-05,3,176.4705740999998,0.04971320729103468,8,-188.95238138370473,-169.86147229279564,-166.3995306066856,-199.5761009865917,-193.47194684222887,-187.36779269786604,-175.15948440914033,-207.32808040678853,-156.67857440679137,4.8121504884581,24.41661657745137,35.85719039946198
2.0,bd884f9ae6a93281,ok,missing_neural_feedback,ude_sir_h2,neural_ode_h2,57,infected,0.015,37,14,-94.7637564686618,-224.9004166164065,4.0799696276424605e-05,3.5798357729603574e-05,2,174.5990513000006,0.04011830930316762,8,-196.9004166164065,-177.8095075254974,-174.34756583938736,-207.619577149406,-201.54808959297475,-195.4766020365435,-183.33362692368098,-215.32897805975097,-165.24156271159856,4.785719278327756,24.28595022572503,35.37290367908291
2.0,bd884f9ae6a93281,ok,missing_neural_feedback,ude_sir_h2,neural_ode_h2,58,infected,0.015,37,14,-91.47854638888846,-220.0109959609671,4.0107997867078234e-05,6.661145276746109e-05,3,177.95300830000087,0.024866953921332424,14,-192.0109959609671,-172.92008687005801,-169.45814518394798,-202.13787278360513,-196.10944559503125,-190.08101840645736,-178.0241640293096,-210.1115057982158,-158.84338402348138,4.949745081375651,24.11370875429554,37.05390318319019
2.0,bd884f9ae6a93281,ok,missing_neural_feedback,ude_sir_h2,neural_ode_h2,59,infected,0.015,37,14,-90.73537236483084,-218.60327928221207,2.7565961412222743e-05,1.6689455139381715e-05,4,182.3926018000011,0.0025339513603626074,14,-190.60327928221207,-171.51237019130298,-168.05042850519294,-200.65292147777976,-194.67243680648878,-188.69195213519782,-176.73098279261586,-208.66101072962263,-157.54880604449778,4.971134276294725,23.92193868516388,37.132534552550396
2.0,bd884f9ae6a93281,ok,missing_neural_feedback,ude_sir_h2,neural_ode_h2,60,infected,0.015,37,14,-85.97487825717776,-211.8591003373732,6.958764776667112e-05,2.6041168210228654e-05,2,185.84280059999946,0.012139824330290594,14,-183.8591003373732,-164.7681912464641,-161.30624956035408,-193.88714483484108,-187.8607176109815,-181.83429038712194,-169.7814359394028,-201.90486934275526,-147.84404761891724,4.977115497308967,24.105708895438283,39.90934382301768
2.0,bd884f9ae6a93281,ok,missing_neural_feedback,ude_sir_h2,neural_ode_h2,61,infected,0.015,37,14,-88.80454118837324,-215.05999371928425,4.4108676886989884e-05,5.161147925916312e-05,0,179.25066479999987,0.011601220877182072,8,-187.05999371928425,-167.96908462837516,-164.50714294226512,-197.77464416516705,-191.72826060711057,-185.68187704905407,-173.58910993294108,-205.48605713457835,-153.4235481445205,4.786968292352952,24.185534232225958,37.45091134253779
2.0,bd884f9ae6a93281,ok,missing_neural_feedback,ude_sir_h2,neural_ode_h2,62,infected,0.015,37,14,-78.58583986556987,-194.45178279749587,3.884532347642307e-05,4.5123315855753886e-05,2,179.42019729999993,0.005316077210181902,14,-166.45178279749587,-147.36087370658677,-143.89893202047674,-176.39225968998787,-170.33432082968534,-164.2763819693828,-152.16050424877776,-184.44905022677216,-132.93992428992962,5.001366285361847,24.231755441210108,37.28010306635613
2.0,bd884f9ae6a93281,ok,missing_neural_feedback,ude_sir_h2,neural_ode_h2,63,infected,0.015,37,14,-82.0636796068936,-204.56617673270577,6.918396422957851e-05,3.468785516503947e-05,2,177.25700929999948,0.001279560886629838,14,-176.56617673270577,-157.47526764179668,-154.01332595568664,-186.42380604015383,-180.33723160652343,-174.250657172893,-162.07750830563216,-194.51755689062992,-139.78106147926553,5.024309921037925,24.346297734521663,40.43881751891856
2.0,bd884f9ae6a93281,ok,missing_neural_feedback,ude_sir_h2,neural_ode_h2,64,infected,0.015,37,14,-92.07317565371442,-221.9272242710194,2.3866189149983784e-05,8.327111528192674e-05,3,186.79369450000013,0.0019949516479300655,13,-193.9272242710194,-174.83631518011032,-171.37437349400028,-204.8081687517659,-198.9200260568763,-193.03188336198673,-181.25559797220754,-212.44539392571673,-160.59378052787048,4.740915172651343,23.552570779558344,37.78087296359058
2.0,bd884f9ae6a93281,ok,missing_neural_feedback,ude_sir_h2,neural_ode_h2,65,infected,0.015,37,14,-84.88231002352512,-207.87484555958144,6.0207709275686735e-05,1.5528194083609198e-05,0,184.84250989999964,0.006536299093227171,14,-179.87484555958144,-160.78393646867235,-157.3219947825623,-189.77811816398122,-183.65773871671212,-177.537359269443,-165.29660037490476,-197.85150643451766,-145.28310225797378,5.011669562531886,24.481517789076452,38.110225512531194
2.0,bd884f9ae6a93281,ok,missing_neural_feedback,ude_sir_h2,neural_ode_h2,66,infected,0.015,37,14,-88.42413361712241,-214.1505781644721,3.142478487068361e-05,1.0787499445807157e-05,4,177.89688000000024,0.00864109381950584,14,-186.1505781644721,-167.05966907356301,-163.59772738745298,-196.29591619778577,-190.18599402169673,-184.07607184560766,-171.85622749342957,-204.2613132193094,-152.40857852988862,4.944632472581361,24.43968870435621,37.30231093022728
2.0,bd884f9ae6a93281,ok,missing_neural_feedback,ude_sir_h2,neural_ode_h2,67,infected,0.015,37,14,-84.86230353732479,-212.25553815669434,7.057595338577835e-05,9.626851323701983e-05,4,177.51142420000178,0.11737117404092601,14,-184.25553815669434,-165.16462906578525,-161.7026873796752,-194.03624539454563,-187.9335351794502,-181.83082496435478,-169.62540453416392,-202.16431304279692,-145.31376621426784,5.045612556948705,24.410840860381725,42.53093108204476
2.0,bd884f9ae6a93281,ok,missing_neural_feedback,ude_sir_h2,neural_ode_h2,68,infected,0.015,37,14,-88.72508475692429,-218.79651362255265,3.888189088753951e-05,5.351700148012605e-05,4,189.08040900000015,0.017117300916680733,14,-190.79651362255265,-171.70560453164356,-168.24366284553352,-200.71108632479928,-194.7110079484735,-188.71092957214773,-176.71077281949619,-208.77943334807492,-153.44985600854548,5.008540137238864,24.000313505303094,41.34634410870407
2.0,bd884f9ae6a93281,ok,missing_neural_feedback,ude_sir_h2,neural_ode_h2,69,infected,0.015,37,14,-91.4439773198026,-222.2063908746014,8.313138390629118e-05,6.133748992357404e-05,0,179.7501755000012,0.011779575672179021,14,-194.2063908746014,-175.1154817836923,-171.65354009758227,-204.17464957617938,-198.16642828338473,-192.1582069905901,-180.14176440500083,-212.21904597524443,-158.85506946842665,4.9936724496784874,24.03288517117855,39.318436234996206
2.0,bd884f9ae6a93281,ok,missing_neural_feedback,ude_sir_h2,neural_ode_h2,70,infected,0.015,37,14,-88.4912197539337,-212.85946766035136,6.845640561017977e-06,9.481228314938007e-05,3,132.43053729999883,0.03013432796628024,8,-184.85946766035136,-165.76855856944226,-162.30661688333223,-195.57036093119447,-189.53607143663,-183.50178194206558,-171.43320295293668,-203.28345006736416,-152.84528152960962,4.788008796493606,24.1371579782578,35.87702815248394
2.0,bd884f9ae6a93281,ok,missing_neural_feedback,ude_sir_h2,neural_ode_h2,71,infected,0.015,37,14,-82.94814418799456,-203.07809239502842,1.605927659106934e-05,0.0002587453037504931,0,95.12869769999998,0.021715385261771303,8,-175.07809239502842,-155.98718330411933,-152.5252416180093,-185.9604550960945,-179.99758492942982,-174.03471476276516,-162.1089744294358,-193.59704756762113,-142.0448077093304,4.740522413703641,23.851480666658706,37.18180401903929
2.0,bd884f9ae6a93281,ok,missing_neural_feedback,ude_sir_h2,neural_ode_h2,72,infected,0.015,37,14,-89.14336584108074,-213.52844731709783,3.622781110521767e-05,1.0388654874129475e-05,2,77.82911639999838,0.00462483848762929,8,-185.52844731709783,-166.43753822618874,-162.9755965400787,-196.44024064896922,-190.53548717468658,-184.6307337004039,-172.8212267518386,-204.06370340348437,-154.66771778503085,4.732371956806725,23.61901389713063,35.24171563493636
2.0,bd884f9ae6a93281,ok,missing_neural_feedback,ude_sir_h2,neural_ode_h2,73,infected,0.015,37,14,-83.25643352464765,-209.1753348352998,9.440780722549144e-05,2.0964478033232903e-05,4,77.66859529999965,0.17059976965232693,14,-181.1753348352998,-162.0844257443907,-158.62248405828066,-191.22541709350284,-185.2717817775117,-179.31814646152057,-167.41087582953833,-199.23331002274875,-142.69832578533078,4.97101240627552,23.814541263964525,42.6624677860045
2.0,bd884f9ae6a93281,ok,missing_neural_feedback,ude_sir_h2,neural_ode_h2,74,infected,0.015,37,14,-84.58365432242718,-207.98944756683818,5.1541287189159606e-05,0.00011367557028463135,0,82.04660109999895,0.009737445443050774,14,-179.98944756683818,-160.8985384759291,-157.43659678981905,-189.92643991170505,-183.87999442440602,-177.833548937107,-165.74065796250895,-197.9847849895569,-144.98152669565826,5.002331288640634,24.18578194919611,38.82213892198382
2.0,bd884f9ae6a93281,ok,missing_neural_feedback,ude_sir_h2,neural_ode_h2,75,infected,0.015,37,14,-88.6245598729239,-212.86766746202989,4.155341856066484e-05,1.4241150718902555e-05,0,77.63324149999971,0.044693367987349575,8,-184.86766746202989,-165.7767583711208,-162.31481668501075,-195.7543601434868,-189.84417736546118,-183.93399458743556,-172.1136290313843,-203.38902090591847,-153.6083886337453,4.739323278055708,23.640731112102475,35.61854771618209
2.0,bd884f9ae6a93281,ok,missing_neural_feedback,ude_sir_h2,neural_ode_h2,76,infected,0.015,37,14,-83.5247836195407,-202.6567730332953,4.036700714245771e-05,8.419019666843207e-05,2,83.65213549999862,0.004442006604335802,8,-174.6567730332953,-155.56586394238622,-152.10392225627618,-185.7588297316163,-179.8969121618467,-174.0349945920771,-162.3111594525379,-193.29741139147671,-143.60189696000302,4.679680820909302,23.44767027907838,35.607205794213925
2.0,bd884f9ae6a93281,ok,missing_neural_feedback,ude_sir_h2,neural_ode_h2,77,infected,0.015,37,14,-85.71542653425797,-209.06709598325983,2.1738333218083996e-05,3.16251607093245e-05,3,77.8923980999989,0.005204169780554935,14,-181.06709598325983,-161.97618689235074,-158.5142452062407,-191.04481978941735,-184.94140417941117,-178.83798856940498,-166.6311573493926,-199.08499357614915,-147.01719062849122,4.9910512035553385,24.413662440024737,37.63624291474389
2.0,bd884f9ae6a93281,ok,missing_neural_feedback,ude_sir_h2,neural_ode_h2,78,infected,0.015,37,14,-88.87152486227023,-215.20047122208638,9.672736422847973e-06,4.0804425120257334e-05,4,82.1971633000012,0.009692640548280451,14,-187.20047122208638,-168.10956213117728,-164.64762044506725,-197.1976665522285,-191.08211960334066,-184.9665726544528,-172.73547875667708,-205.22915362064322,-153.28086192898905,4.985658800721579,24.46218779555141,37.457421497545894
2.0,bd884f9ae6a93281,ok,missing_neural_feedback,ude_sir_h2,neural_ode_h2,79,infected,0.015,37,14,-86.3312033656409,-214.54389624146876,0.00015085857839259204,6.749628424508092e-05,0,79.31638249999924,0.03298638482237948,14,-186.54389624146876,-167.45298715055966,-163.99104546444963,-196.70587439104463,-190.76473916632474,-184.82360394160483,-172.94133349216503,-204.66384785379353,-148.8978658324022,4.940024193837623,23.764540898879595,41.88148951018694
2.0,452fe02f6a9106c2,ok,missing_neural_feedback,ude_sir_h2,seir,0,infected,0.015,37,3,-53.542455011876186,-107.24186441527732,2.3289283354829534e-06,4.5894529244933744e-05,2,58.991773300000204,3.9605652091267984e-11,3,-101.24186441527732,-100.51459168800459,-96.40911067734464,-97.66207085425118,-93.0838826280643,-88.50569440187743,-79.34931794950367,-101.93584871911268,-88.77215711900487,2.653007848082316,18.312752904747505,0.15695439152494983
2.0,452fe02f6a9106c2,ok,missing_neural_feedback,ude_sir_h2,seir,1,infected,0.015,37,3,-66.45308031180555,-133.10402625751527,5.994472344684342e-07,8.946722073659434e-05,4,62.23843190000025,2.3007373783912044e-11,3,-127.10402625751527,-126.37675353024254,-122.2712725195826,-123.54804506745974,-118.97705191669726,-114.40605876593477,-105.26407246440982,-127.81119965705798,-114.62218802056117,2.6464133002286445,18.283972603049925,0.19786563390417242
2.0,452fe02f6a9106c2,ok,missing_neural_feedback,ude_sir_h2,seir,2,infected,0.015,37,3,-59.14462458204922,-118.50592220275814,1.6788673509347413e-05,8.553234736953062e-05,4,85.46481940000012,8.629541525806417e-11,3,-112.50592220275814,-111.77864947548541,-107.67316846482547,-108.92772846471895,-104.36063032777032,-99.7935321908217,-90.65933591692445,-113.20079260980918,-100.02085661630392,2.6525647964744823,18.268392547794512,0.2166730386597054
2.0,452fe02f6a9106c2,ok,missing_neural_feedback,ude_sir_h2,seir,3,infected,0.015,37,3,-70.87956765102214,-141.9631369548219,8.068005305704955e-07,5.8216218010239086e-05,3,87.87717489999977,1.2015277661703294e-10,3,-135.9631369548219,-135.23586422754917,-131.13038321688921,-132.40926919538546,-127.84800963259636,-123.28675006980725,-114.16423094422906,-136.67148093241164,-123.51409705088788,2.645828011205124,18.245038251156405,0.2040016527775975
2.0,452fe02f6a9106c2,ok,missing_neural_feedback,ude_sir_h2,seir,4,infected,0.015,37,3,-55.39190786957283,-110.93960841539706,1.6951018840971682e-06,6.105454655906507e-05,1,86.13159219999989,5.839950745212263e-11,3,-104.93960841539706,-104.21233568812433,-100.10685467746438,-101.34594794003851,-96.73871628258708,-92.13148462513564,-82.91702131023278,-105.62591217114583,-92.35488910933994,2.6568481221256133,18.428926629805733,0.15579267625139687
2.0,452fe02f6a9106c2,ok,missing_neural_feedback,ude_sir_h2,seir,5,infected,0.015,37,3,-65.09277790907139,-130.40405959115668,3.4411448258812745e-05,4.357830406512475e-05,4,87.75212610000017,9.026734915096313e-11,3,-124.40405959115668,-123.67678686388395,-119.571305853224,-120.81297891967043,-116.23795575371595,-111.66293258776146,-102.5128862558525,-125.09179223780505,-111.88546315432484,2.656133676675813,18.300092663817928,0.2185037730139028
2.0,452fe02f6a9106c2,ok,missing_neural_feedback,ude_sir_h2,seir,6,infected,0.015,37,3,-45.38369344008227,-90.95429230354466,6.345673035946941e-06,2.7576760299084983e-05,3,86.58356760000015,4.803268893738277e-12,3,-84.95429230354466,-84.22701957627193,-80.12153856561198,-81.39096358843767,-76.80638801718467,-72.22181244593166,-63.05266130342565,-85.65739608686833,-72.42908459515252,2.6484481083381652,18.33830228501202,0.18690542338013125
2.0,452fe02f6a9106c2,ok,missing_neural_feedback,ude_sir_h2,seir,7,infected,0.015,37,3,-44.333895956734814,-88.86052027169757,6.326591174892269e-06,8.433809129335791e-05,3,89.18767810000008,5.984190920571564e-11,3,-82.86052027169757,-82.13324754442483,-78.02776653376489,-79.30975109316189,-74.74556771094649,-70.18138432873108,-61.05301756430027,-83.57058047822174,-70.411058384608,2.644969896737913,18.256733528861623,0.19272835822794393
2.0,452fe02f6a9106c2,ok,missing_neural_feedback,ude_sir_h2,seir,8,infected,0.015,37,3,-49.63178285121778,-99.42832857359906,5.232232060286318e-06,0.0001590865873035978,4,88.33388990000003,8.106582072286983e-11,3,-93.42832857359906,-92.70105584632633,-88.59557483566638,-89.86475995258516,-85.29601529664835,-80.72727064071154,-71.58978132883793,-94.13129947884978,-80.98858707868833,2.64851454737464,18.27497862374723,0.16476287116349667
2.0,452fe02f6a9106c2,ok,missing_neural_feedback,ude_sir_h2,seir,9,infected,0.015,37,3,-74.69039375005697,-149.56511752357866,3.6835209340593854e-06,0.00010699521183753292,4,89.52746620000016,1.0169287634198554e-10,3,-143.56511752357866,-142.83784479630594,-138.732363785646,-140.0221242632236,-135.46078348759642,-130.89944271196924,-121.77676116071493,-144.27948462290334,-131.13542439760528,2.642816450337657,18.245363102508666,0.18433002346472446
2.0,452fe02f6a9106c2,ok,missing_neural_feedback,ude_sir_h2,seir,10,infected,0.015,37,3,-64.09339606334261,-128.38307185975296,5.208300426223328e-07,4.13922172941364e-05,1,87.16418849999991,1.0464873412274756e-10,3,-122.38307185975296,-121.65579913248023,-117.55031812182028,-118.83205909527912,-114.2660248406515,-109.69999058602389,-100.56792207676865,-123.09299714992397,-109.92265510817475,2.6450373549144914,18.26413701851047,0.19627973306773558
2.0,452fe02f6a9106c2,ok,missing_neural_feedback,ude_sir_h2,seir,11,infected,0.015,37,3,-68.34376365389875,-136.83812597027548,1.1348855112629538e-05,3.154471063339643e-05,3,88.22524189999967,1.3135093013261212e-10,3,-130.83812597027548,-130.11085324300277,-126.00537223234281,-127.23755763249719,-122.63476285318553,-118.0319680738739,-108.82637851525061,-131.5206036282913,-118.27634819055092,2.658761170992097,18.41117911724658,0.15059866247799145
2.0,452fe02f6a9106c2,ok,missing_neural_feedback,ude_sir_h2,seir,12,infected,0.015,37,3,-51.2843329511628,-102.73739900155417,9.027611623613315e-06,5.729420560227428e-05,4,88.2132772,5.709210881832405e-11,3,-96.73739900155417,-96.01012627428143,-91.90464526362149,-93.17713738700925,-88.60523855662055,-84.03333972623184,-74.88954206545445,-97.44220157761491,-84.2810705807708,2.647598711969629,18.287595321554807,0.1687330992285638
2.0,452fe02f6a9106c2,ok,missing_neural_feedback,ude_sir_h2,seir,13,infected,0.015,37,3,-54.45942561127976,-109.08997017617003,1.4222625120502109e-05,0.00016931517399487405,0,88.65082749999965,9.443112958251731e-12,3,-103.08997017617003,-102.3626974488973,-98.25721643823735,-99.53317726873641,-94.9655686218767,-90.39795997501699,-81.26274268129757,-103.79669398511128,-90.64841663512067,2.646638095529377,18.27043458743885,0.17111895361050802
2.0,452fe02f6a9106c2,ok,missing_neural_feedback,ude_sir_h2,seir,14,infected,0.015,37,3,-72.96747570491047,-146.13960880530786,4.3868714310751484e-06,0.00015969743653681062,4,89.15406519999988,6.437517185986508e-12,3,-140.13960880530786,-139.41233607803514,-135.30685506737518,-136.58319277205962,-132.02169525073953,-127.46019772941943,-118.33720268677925,-140.84654135573507,-127.68896132454057,2.6465337247863987,18.245990085280372,0.20465739548691095
2.0,452fe02f6a9106c2,ok,missing_neural_feedback,ude_sir_h2,seir,15,infected,0.015,37,3,-77.32311405081266,-154.8340899815079,1.7387350380582657e-06,0.0001673800940620578,2,88.71664379999947,6.608047442568932e-12,3,-148.8340899815079,-148.10681725423518,-144.00133624357522,-145.2905772230364,-140.72884661583396,-136.16711600863155,-127.04365479422671,-149.5481693434046,-136.39930567281564,2.64296031905165,18.246922428809683,0.18786187988258835
2.0,452fe02f6a9106c2,ok,missing_neural_feedback,ude_sir_h2,seir,16,infected,0.015,37,3,-54.16708151083077,-108.53272465591877,2.3469857774857933e-05,3.559713645986726e-05,2,88.56855910000013,3.959144123655278e-11,3,-102.53272465591877,-101.80545192864604,-97.6999709179861,-98.9716099590888,-94.40230004016782,-89.83299012124685,-80.69437028340491,-103.23705473035766,-90.05692334597765,2.647834962780558,18.277239675683894,0.19856163425723056
2.0,452fe02f6a9106c2,ok,missing_neural_feedback,ude_sir_h2,seir,17,infected,0.015,37,3,-71.35257311093496,-142.867218899394,5.166730173268457e-07,4.408261617814483e-05,0,87.96753959999933,6.362199655995937e-11,3,-136.867218899394,-136.13994617212128,-132.03446516146133,-133.29460195343177,-128.71276099767528,-124.1309200419188,-114.96723813040585,-137.56517815654456,-124.37778239884399,2.651020371424716,18.327363823025923,0.16207267752408117
2.0,452fe02f6a9106c2,ok,missing_neural_feedback,ude_sir_h2,seir,18,infected,0.015,37,3,-70.40038788882822,-140.99441838375944,8.93520116029184e-06,2.6948628972327875e-05,4,87.15000000000055,1.4721024399477756e-10,3,-134.99441838375944,-134.26714565648672,-130.16166464582676,-131.43456605006938,-126.86058794984618,-122.28660984962296,-113.13865364917655,-135.69944765057568,-122.50486337676361,2.6474853665918774,18.295912400892824,0.19364260610299083
2.0,452fe02f6a9106c2,ok,missing_neural_feedback,ude_sir_h2,seir,19,infected,0.015,37,3,-75.98742421415965,-152.1808676844945,9.49137576855364e-06,7.47148896105611e-05,0,95.3949633000002,2.1401547201094218e-11,3,-146.1808676844945,-145.45359495722178,-141.34811394656182,-142.61653352184172,-138.04964560796145,-133.48275769408122,-124.34898186632071,-146.88341457476764,-133.7072967727983,2.6487265548634316,18.267551655521004,0.20601925617521474
2.0,452fe02f6a9106c2,ok,missing_neural_feedback,ude_sir_h2,seir,20,infected,0.015,37,3,-57.00101713038994,-114.20572695858237,1.0603265473479163e-06,9.381501756930384e-05,0,88.9484609000001,8.023448572203051e-11,3,-108.20572695858237,-107.47845423130964,-103.3729732206497,-104.65129777764406,-100.0894395298545,-95.52758128206496,-86.40386478648585,-108.91375997839603,-95.75460126962167,2.6459834900931734,18.24743299115821,0.20369269780249916
2.0,452fe02f6a9106c2,ok,missing_neural_feedback,ude_sir_h2,seir,21,infected,0.015,37,3,-49.88747946208413,-99.94087976048155,3.3458786868548036e-06,5.234994962499352e-05,0,89.0986970999993,1.0234657565888483e-10,3,-93.94087976048155,-93.21360703320882,-89.10812602254887,-90.37832884072913,-85.80791344343287,-81.23749804613662,-72.09666725154412,-94.64441434581921,-81.49329733498325,2.6482327073311693,18.281661589185013,0.16592083631329255
2.0,452fe02f6a9106c2,ok,missing_neural_feedback,ude_sir_h2,seir,22,infected,0.015,37,3,-60.05847079303229,-120.31175809129688,2.3959727338282354e-05,6.126499345955155e-05,1,88.87499449999996,6.625811010962934e-11,3,-114.31175809129688,-113.58448536402415,-109.4790043533642,-110.74454398153475,-106.16534081905391,-101.58613765657309,-92.42773133161143,-115.01270984859883,-101.80012893614126,2.6495241213490224,18.316812649923325,0.19481650523229518
2.0,452fe02f6a9106c2,ok,missing_neural_feedback,ude_sir_h2,seir,23,infected,0.015,37,3,-74.77076754305844,-149.71472526876585,6.877599518915251e-07,4.501411257464493e-05,0,86.45009530000061,4.5716319618804846e-11,3,-143.71472526876585,-142.98745254149313,-138.88197153083317,-140.1530514969219,-135.56680827102926,-130.98056504513664,-121.80807859335137,-144.41874568509147,-131.19656218254636,2.6479897918371873,18.344972903570536,0.17319018264897074
2.0,452fe02f6a9106c2,ok,missing_neural_feedback,ude_sir_h2,seir,24,infected,0.015,37,3,-53.11803171607843,-106.42179765594892,1.0552796379185045e-06,8.853539889095128e-05,1,88.82865680000032,7.034373084024992e-13,3,-100.42179765594892,-99.69452492867619,-95.58904391801624,-96.8701795640338,-92.29886402358122,-87.72754848312863,-78.58491740222344,-101.13138766990711,-87.95080127034649,2.6452049930209043,18.285262161810362,0.1857342237920641
2.0,452fe02f6a9106c2,ok,missing_neural_feedback,ude_sir_h2,seir,25,infected,0.015,37,3,-59.34853916205611,-118.88123399194406,4.289965310636464e-06,0.00016937783345271143,4,87.97301640000023,1.283027017962013e-10,3,-112.88123399194406,-112.15396126467132,-108.04848025401138,-109.32688384440465,-104.75323411838434,-100.17958439236402,-91.0322849403234,-113.58931078644372,-100.40247942003097,2.645961602750168,18.294598904081255,0.18415566783183732
2.0,452fe02f6a9106c2,ok,missing_neural_feedback,ude_sir_h2,seir,26,infected,0.015,37,3,-81.99342515007744,-164.1860252149433,2.4748031246754774e-05,3.7432487392584994e-05,1,86.2000979000004,6.130562724138144e-11,3,-158.1860252149433,-157.45875248767058,-153.35327147701062,-154.61953729241844,-150.0452566091931,-145.47097592596776,-136.32241455951709,-158.88737918977267,-145.68972756725353,2.649323012585314,18.29712273290135,0.19917491478842583
2.0,452fe02f6a9106c2,ok,missing_neural_feedback,ude_sir_h2,seir,27,infected,0.015,37,3,-78.74005468421201,-157.6620913066617,1.043183179683804e-06,4.74665921386031e-05,3,89.50931060000039,4.222044935886515e-11,3,-151.6620913066617,-150.93481857938897,-146.82933756872902,-148.1119317383199,-143.5429088330411,-138.97388592776235,-129.8358401172048,-152.37248916151165,-139.20401774730894,2.6448010725750177,18.276091621115096,0.18198193823768236
2.0,452fe02f6a9106c2,ok,missing_neural_feedback,ude_sir_h2,seir,28,infected,0.015,37,3,-63.55949098913084,-127.3481728486291,2.403781497774732e-06,0.00010843433174287747,2,90.67765729999974,2.938094212368014e-11,3,-121.3481728486291,-120.62090012135637,-116.51541911069643,-117.76694234098079,-113.21012545570868,-108.65330857043655,-99.53967479989231,-122.0413612625235,-108.89171443717322,2.6534057930528023,18.227267541088473,0.2291908703674128
2.0,452fe02f6a9106c2,ok,missing_neural_feedback,ude_sir_h2,seir,29,infected,0.015,37,3,-46.71017605265706,-93.64095047820814,6.171515561862431e-06,0.00012067668661270549,0,88.07761840000057,5.6147086979763117e-11,3,-87.64095047820814,-86.9136777509354,-82.80819674027546,-84.08272664618457,-79.53050677489826,-74.97828690361195,-65.87384716103932,-88.34688173266625,-75.21147262016888,2.647034372770946,18.208879485145243,0.2205983728940198
2.0,452fe02f6a9106c2,ok,missing_neural_feedback,ude_sir_h2,seir,30,infected,0.015,37,3,-49.639348157730375,-99.45105297575708,1.6611111674721553e-06,8.525153604350047e-05,3,87.00756569999976,4.234834705130197e-12,3,-93.45105297575708,-92.72378024848435,-88.6182992378244,-89.89694383093868,-85.32903555863224,-80.7611272863258,-71.62531074171292,-94.15926325582846,-81.00706322623499,2.6458948599643053,18.271633089225762,0.17235666029633145
2.0,452fe02f6a9106c2,ok,missing_neural_feedback,ude_sir_h2,seir,31,infected,0.015,37,3,-57.09295775791672,-114.37206937979977,3.0230788289306137e-06,9.412738207524773e-05,4,94.04314469999917,2.6780355710798176e-11,3,-108.37206937979977,-107.64479665252703,-103.53931564186709,-104.82952745650077,-100.2686864350933,-95.70784541368583,-86.5861633708709,-109.08668646379151,-95.94255143020357,2.6426914580041307,18.24336408562987,0.18615386396632333
2.0,452fe02f6a9106c2,ok,missing_neural_feedback,ude_sir_h2,seir,32,infected,0.015,37,3,-68.40155999379938,-136.9905209858643,3.418328622128526e-05,8.52944032600287e-05,0,91.37065890000031,2.511058028176194e-11,3,-130.9905209858643,-130.26324825859157,-126.15776724793162,-127.43360627776823,-122.86271792111448,-118.29182956446071,-109.15005285115319,-131.6971773323678,-118.51956656098372,2.64667182674825,18.283553426615036,0.1874009982655346
2.0,452fe02f6a9106c2,ok,missing_neural_feedback,ude_sir_h2,seir,33,infected,0.015,37,3,-63.45295756495385,-127.09225599879946,4.883039799420854e-06,2.862697618057579e-05,4,87.67172709999977,2.8173019472887972e-11,3,-121.09225599879946,-120.36498327152673,-116.25950226086678,-117.53949023828923,-112.96908851452274,-108.39868679075624,-99.25788334322326,-121.80121034691153,-108.62430823484172,2.645522825943965,18.281606895065973,0.18634086889176016
2.0,452fe02f6a9106c2,ok,missing_neural_feedback,ude_sir_h2,seir,34,infected,0.015,37,3,-62.00331792836851,-124.2379926032568,2.69394854514188e-06,8.599410589266333e-05,4,86.62070349999976,8.185452315956354e-12,3,-118.2379926032568,-117.51071987598407,-113.40523886532412,-114.65567757026116,-110.10043340001397,-105.54518922976678,-96.43470088927239,-118.93058032482112,-105.78565917574826,2.6537061392178387,18.220976680988763,0.23135674651977867
2.0,452fe02f6a9106c2,ok,missing_neural_feedback,ude_sir_h2,seir,35,infected,0.015,37,3,-70.13584256654646,-140.4555599332495,1.1346132301145856e-06,4.258481254343197e-05,2,86.44376170000032,6.164668775454629e-11,3,-134.4555599332495,-133.72828720597678,-129.62280619531683,-130.90768156805368,-126.34237690716347,-121.77707224627326,-112.64646292449285,-135.16722129128684,-122.01046648953209,2.64416932098134,18.26121864356083,0.18387480015659957
2.0,452fe02f6a9106c2,ok,missing_neural_feedback,ude_sir_h2,seir,36,infected,0.015,37,3,-60.64042679627077,-121.46973487961881,1.8376067945857623e-06,4.030709454966127e-05,1,87.00456699999995,3.2528646443097387e-11,3,-115.46973487961881,-114.74246215234608,-110.63698114168614,-111.91895041321578,-107.3507766083635,-102.78260280351122,-93.64625519380665,-116.17978661856343,-103.00815837313242,2.6449741305276926,18.27269521940913,0.1888812870772709
2.0,452fe02f6a9106c2,ok,missing_neural_feedback,ude_sir_h2,seir,37,infected,0.015,37,3,-43.46858030146666,-87.15630539017445,4.177566488404012e-05,0.0001705834139371433,3,89.08020750000014,1.2363443602225743e-12,3,-81.15630539017445,-80.42903266290172,-76.32355165224178,-77.56313311042274,-72.98714851459333,-68.41116391876392,-59.25919472710508,-81.84287954564908,-68.63322221961566,2.6567129222626846,18.303938383317654,0.21914478724113123
2.0,452fe02f6a9106c2,ok,missing_neural_feedback,ude_sir_h2,seir,38,infected,0.015,37,3,-70.75380661092522,-141.69160185940916,5.295025319009913e-07,3.8625135586375125e-05,0,87.04362270000001,1.7672618923825212e-10,3,-135.69160185940916,-134.96432913213644,-130.85884812147648,-132.14389998518368,-127.57770921573007,-123.01151844627647,-113.87913690736926,-136.40336097152155,-123.24285014403603,2.644120443943805,18.264763077814425,0.18398863755870898
2.0,452fe02f6a9106c2,ok,missing_neural_feedback,ude_sir_h2,seir,39,infected,0.015,37,3,-73.0805699849998,-146.36807436779122,1.2169693962715534e-05,0.00016551751677205872,0,88.59084350000012,8.499512205162318e-11,3,-140.36807436779122,-139.6408016405185,-135.53532062985855,-136.8028390355168,-132.23634223014935,-127.66984542478187,-118.53685181404694,-141.0701221220311,-127.89515274852974,2.6489761228800552,18.265987221469853,0.2069343977916389
2.0,452fe02f6a9106c2,ok,missing_neural_feedback,ude_sir_h2,seir,40,infected,0.015,37,3,-71.48507056427322,-143.15842162855031,9.001263538527001e-07,6.64506742296975e-05,1,89.08279429999948,3.451816610322567e-11,3,-137.15842162855031,-136.4311489012776,-132.32566789061764,-133.60939516992246,-129.04256568478132,-124.4757361996402,-115.34207722935793,-137.86944708543464,-124.70282318798189,2.644487271557839,18.26731794056453,0.18828050000389326
2.0,452fe02f6a9106c2,ok,missing_neural_feedback,ude_sir_h2,seir,41,infected,0.015,37,3,-59.288356071534494,-118.79549645504693,1.053889124712893e-06,9.242237477930674e-05,2,101.91219069999988,4.3428372009657323e-11,3,-112.79549645504693,-112.0682237277742,-107.96274271711425,-109.21412176507272,-104.6432057489289,-100.07228973278508,-90.93045770049744,-113.48860500984212,-100.29304807849371,2.653445722602404,18.28366406457527,0.21878431197794487
2.0,452fe02f6a9106c2,ok,missing_neural_feedback,ude_sir_h2,seir,42,infected,0.015,37,3,-47.83307262218215,-95.84778216026703,1.0034604365316147e-05,0.00010362933276705928,3,87.39031900000009,5.331202146408032e-11,3,-89.84778216026703,-89.1205094329943,-85.01502842233435,-86.3024077616244,-81.7360076422395,-77.16960752285462,-68.03680728408483,-90.56083040474917,-77.40054476682474,2.6434758777589296,18.265600477539564,0.18163691590273545
2.0,452fe02f6a9106c2,ok,missing_neural_feedback,ude_sir_h2,seir,43,infected,0.015,37,3,-74.57891922509373,-149.36067293805223,1.1458790952370843e-05,0.00011047702379194174,4,94.49187700000039,5.4640736379951704e-11,3,-143.36067293805223,-142.6334002107795,-138.52791920011956,-139.8010163360847,-135.23584351952013,-130.67067070295556,-121.54032506982645,-144.0658106159303,-130.8971471839292,2.6474311610609607,18.260691266258256,0.2028344878647719
2.0,452fe02f6a9106c2,ok,missing_neural_feedback,ude_sir_h2,seir,44,infected,0.015,37,3,-59.87974454675779,-119.95375227856285,9.048376684433767e-06,0.00010244517968536816,4,87.79146309999942,6.215827852429356e-11,3,-113.95375227856285,-113.22647955129011,-109.12099854063017,-110.39390754636548,-105.82048256353019,-101.24705758069491,-92.10020761502435,-114.65878575566185,-101.46578916217445,2.6474832614504997,18.293699931341138,0.1942631850472581
2.0,452fe02f6a9106c2,ok,missing_neural_feedback,ude_sir_h2,seir,45,infected,0.015,37,3,-55.07883154800721,-110.34038455414577,1.2278514432248409e-05,9.81626943749589e-05,1,89.41243190000023,4.411049303598702e-11,3,-104.34038455414577,-103.61311182687304,-99.5076308162131,-100.7746305634395,-96.18592034414354,-91.59721012484756,-82.41978968625564,-105.04214503603865,-91.80282221883056,2.6491197590535647,18.354840877183864,0.18272145813135066
2.0,452fe02f6a9106c2,ok,missing_neural_feedback,ude_sir_h2,seir,46,infected,0.015,37,3,-54.90744524044444,-109.97121144327474,5.992730078065644e-07,8.138441474854245e-05,3,89.08534739999959,8.760281389186275e-11,3,-103.97121144327474,-103.243938716002,-99.13845770534206,-100.3878497176448,-95.8102592914534,-91.23266886526203,-82.07748801287926,-104.66321942713269,-91.50452877612332,2.653996008071027,18.310361704765548,0.15632096238586182
2.0,452fe02f6a9106c2,ok,missing_neural_feedback,ude_sir_h2,seir,47,infected,0.015,37,3,-60.55926388228802,-121.31928108304704,7.463943820225338e-06,0.00013769290438888358,2,90.07441550000021,9.030998171510873e-12,3,-115.31928108304704,-114.59200835577431,-110.48652734511437,-111.74917135867693,-107.17058894325255,-102.59200652782816,-93.4348416969794,-116.01862902952969,-102.80419810287852,2.650326026758679,18.31432966169753,0.20075331847100075
2.0,452fe02f6a9106c2,ok,missing_neural_feedback,ude_sir_h2,seir,48,infected,0.015,37,3,-54.69517632918155,-109.5704993333768,7.797593519813617e-07,0.00011857189118577058,3,90.18100179999965,2.7853275241795927e-12,3,-103.5704993333768,-102.84322660610407,-98.73774559544412,-100.01993154043753,-95.4484759616334,-90.87702038282929,-81.73410922522106,-104.28067108250664,-91.10453034314664,2.644914125435082,18.285822315216468,0.18014667501370213
2.0,452fe02f6a9106c2,ok,missing_neural_feedback,ude_sir_h2,seir,49,infected,0.015,37,3,-67.92828441118735,-136.0134795592315,5.491830795976308e-07,7.497907424294815e-05,2,88.65968179999982,1.34718902700115e-11,3,-130.0134795592315,-129.2862068319588,-125.18072582129884,-126.4279032426889,-121.83794692090049,-117.24799059911209,-108.06807795553527,-130.7042609348052,-117.49674353522107,2.654609312213148,18.35982528715362,0.15691073685682205
2.0,452fe02f6a9106c2,ok,missing_neural_feedback,ude_sir_h2,seir,50,infected,0.015,37,3,-55.60007475358531,-111.39027227822473,2.122769981448646e-05,3.975774350659208e-05,2,87.04882670000006,1.1750955764000537e-10,3,-105.39027227822473,-104.662999550952,-100.55751854029205,-101.82908529920275,-97.25287783319173,-92.67667036718073,-83.52425543515871,-106.09456231730763,-92.89531964312658,2.6478549804585447,18.304829864044034,0.19012277105410555
2.0,452fe02f6a9106c2,ok,missing_neural_feedback,ude_sir_h2,seir,51,infected,0.015,37,3,-53.116973764041944,-106.44666466836648,1.206382484799036e-05,0.0001566683451557974,3,88.60737580000023,9.85593828772835e-11,3,-100.44666466836648,-99.71939194109375,-95.6139109304338,-96.86401176624206,-92.28852842659373,-87.71304508694539,-78.56207840764873,-101.13906525240127,-87.93201416949056,2.6537997079826097,18.30193335859333,0.21271714028259814
2.0,452fe02f6a9106c2,ok,missing_neural_feedback,ude_sir_h2,seir,52,infected,0.015,37,3,-69.23857871835905,-138.6885080027938,2.0145540854208224e-06,7.774264152510279e-05,3,87.29714460000014,7.418066161335446e-12,3,-132.6885080027938,-131.9612352755211,-127.85575426486113,-129.14449697218504,-124.59736256127701,-120.05022815036897,-110.9559593285529,-133.40231138381844,-120.28861979308596,2.64309830948769,18.188537643632138,0.21135056607569755
2.0,452fe02f6a9106c2,ok,missing_neural_feedback,ude_sir_h2,seir,53,infected,0.015,37,3,-61.33501485608117,-122.8406493520259,1.0366046576452687e-06,1.6660079849785695e-05,0,86.82410230000005,2.2140511646284722e-11,3,-116.8406493520259,-116.11337662475317,-112.00789561409323,-113.2797260055499,-108.69842977610747,-104.11713354666504,-94.95454108778017,-117.54508541079265,-104.34484479439261,2.647781970616627,18.32518491776973,0.1706196398635653
2.0,452fe02f6a9106c2,ok,missing_neural_feedback,ude_sir_h2,seir,54,infected,0.015,37,3,-78.2249237810519,-156.6169903781462,2.8189331319872248e-05,4.1568432219666435e-05,4,88.9288561000003,2.2225776774575934e-11,3,-150.6169903781462,-149.88971765087348,-145.78423664021352,-147.05251177176382,-142.47722571418643,-137.90193965660904,-128.75136754145427,-151.31945726453495,-138.14870333179425,2.6487665568056196,18.301144230309546,0.1671428160424047
2.0,452fe02f6a9106c2,ok,missing_neural_feedback,ude_sir_h2,seir,55,infected,0.015,37,3,-64.14003310635806,-128.44683232596606,5.250365189216467e-07,0.00010245764312247412,1,87.2034837000001,7.715073024883168e-11,3,-122.44683232596606,-121.71955959869332,-117.61407858803338,-118.88073699925813,-114.29739697234392,-109.71405694542972,-100.5473768916013,-123.14840375011244,-109.94670610505929,2.649214287926809,18.333360107656834,0.1667661132499252
2.0,452fe02f6a9106c2,ok,missing_neural_feedback,ude_sir_h2,seir,56,infected,0.015,37,3,-63.2991578273724,-126.78330731156937,1.2282625499426314e-06,8.195594427363736e-05,4,88.77035579999938,5.715605766454246e-11,3,-120.78330731156937,-120.05603458429664,-115.9505535736367,-117.2408180057782,-112.68184027158051,-108.12286253738283,-99.00490706898745,-121.49795353912467,-108.36240471795406,2.6426768862223575,18.235910936790738,0.18499165682457508
2.0,452fe02f6a9106c2,ok,missing_neural_feedback,ude_sir_h2,seir,57,infected,0.015,37,3,-71.60940840449636,-143.39480660445741,8.323375985445558e-06,0.0001171840420448935,1,89.39405160000024,9.013945145852631e-11,3,-137.39480660445741,-136.6675338771847,-132.56205286652474,-133.84031429177384,-129.26988247722974,-124.69945066268568,-115.55858703359752,-138.10280465712597,-124.93708955081641,2.646000973665715,18.281727258176325,0.17598979546467627
2.0,452fe02f6a9106c2,ok,missing_neural_feedback,ude_sir_h2,seir,58,infected,0.015,37,3,-78.220486368374,-156.62538038394987,1.0788405436854798e-06,2.949584784315698e-05,1,88.81471909999982,3.5143443710694555e-11,3,-150.62538038394987,-149.89810765667715,-145.7926266460172,-147.07872402034727,-142.5153561100795,-137.9519881998117,-128.82525237927615,-151.33771857908113,-138.18750109567688,2.643830902434371,18.253471641071116,0.18440764720188027
2.0,452fe02f6a9106c2,ok,missing_neural_feedback,ude_sir_h2,seir,59,infected,0.015,37,3,-77.41173249812229,-155.02130421438474,8.00014354929275e-07,1.8986894138781927e-05,4,89.12699770000017,1.0977885267493548e-10,3,-149.02130421438474,-148.29403148711202,-144.18855047645206,-145.48608529730973,-140.94024995402228,-136.39441461073486,-127.30274392415998,-149.73997733421066,-136.64012362309484,2.64066344008704,18.18334137314975,0.19783921814014968
2.0,452fe02f6a9106c2,ok,missing_neural_feedback,ude_sir_h2,seir,60,infected,0.015,37,3,-73.69490015806763,-147.58713485279947,3.381362336031544e-06,4.554284472339715e-05,1,86.07441410000047,1.7780621419660747e-10,3,-141.58713485279947,-140.85986212552675,-136.7543811148668,-138.02627050105204,-133.452720054344,-128.87916960763596,-119.73206871421989,-142.29160358731792,-129.09559852930312,2.647765632740775,18.294201786832147,0.1973345366642173
2.0,452fe02f6a9106c2,ok,missing_neural_feedback,ude_sir_h2,seir,61,infected,0.015,37,3,-55.542076929058815,-111.30729578572871,1.688495865066801e-05,2.916393547109525e-05,0,88.60599799999909,1.737276988933445e-10,3,-105.30729578572871,-104.58002305845598,-100.47454204779604,-101.72770349139711,-97.16635807369241,-92.60501265598772,-83.48232182057833,-106.00139156631288,-92.83877218729886,2.652952109707915,18.245381670818773,0.2231419276110854
2.0,452fe02f6a9106c2,ok,missing_neural_feedback,ude_sir_h2,seir,62,infected,0.015,37,3,-72.05821026601444,-144.28201438603028,3.2485501767980886e-06,8.360981023361258e-05,0,89.2413489999999,4.5929482439532876e-11,3,-138.28201438603028,-137.55474165875756,-133.4492606480976,-134.71299428716688,-130.1282882546573,-125.54358222214769,-116.3741701571285,-138.9819658496978,-125.77759640199051,2.650024268166246,18.33882413003837,0.16559385400139343
2.0,452fe02f6a9106c2,ok,missing_neural_feedback,ude_sir_h2,seir,63,infected,0.015,37,3,-57.882145692074594,-115.95278445578288,6.01226962113667e-06,3.4709798361785585e-05,1,88.01737440000034,1.4196643860486802e-11,3,-109.95278445578288,-109.22551172851014,-105.1200307178502,-106.3950492837171,-101.81911484601393,-97.24318040831078,-88.09131153290444,-110.6589863671596,-97.46055363333653,2.64689904431164,18.303737750812655,0.1884930716336824
2.0,452fe02f6a9106c2,ok,missing_neural_feedback,ude_sir_h2,seir,64,infected,0.015,37,3,-71.80662943378411,-143.82596647128113,6.769551030282192e-07,0.0001555703561500673,1,87.15470319999986,6.460254553530831e-11,3,-137.82596647128113,-137.09869374400841,-132.99321273334846,-134.26705634416413,-129.70852968961685,-125.15000303506955,-116.03294972597496,-138.53151760350437,-125.37915224937905,2.6472244338883772,18.234106618189173,0.21270760371290476
2.0,452fe02f6a9106c2,ok,missing_neural_feedback,ude_sir_h2,seir,65,infected,0.015,37,3,-58.78252805419381,-117.74498785385762,7.593889136575379e-06,0.00014994428756634815,1,89.75651459999972,2.773248297671671e-11,3,-111.74498785385762,-111.01771512658489,-106.91223411592495,-108.1879494046085,-103.61095238549576,-99.03395536638303,-89.87996132815755,-112.45157566313262,-99.25706803193665,2.6467060953625055,18.30798807645096,0.17993174547000157
2.0,452fe02f6a9106c2,ok,missing_neural_feedback,ude_sir_h2,seir,66,infected,0.015,37,3,-55.56689211880647,-111.30736287963825,4.377666750406705e-06,9.28303761765521e-05,4,93.77952919999916,1.269313543161843e-10,3,-105.30736287963825,-104.58009015236551,-100.47460914170557,-101.75009265559768,-97.17522190333105,-92.60035115106442,-83.45060964653115,-106.01382231446827,-92.8343012285464,2.646770282584991,18.29948300906654,0.1735786420253014
2.0,452fe02f6a9106c2,ok,missing_neural_feedback,ude_sir_h2,seir,67,infected,0.015,37,3,-51.95800807891277,-104.1172222151985,6.268074275244057e-06,0.00012366657465276738,3,92.9181234000007,2.7689850412571104e-11,3,-98.1172222151985,-97.38994948792576,-93.28446847726582,-94.53877418013607,-89.95179144269254,-85.364808705249,-76.19084323036195,-98.8119517732857,-85.56808520805141,2.6526352209563955,18.347930949774124,0.20120605737295574
2.0,452fe02f6a9106c2,ok,missing_neural_feedback,ude_sir_h2,seir,68,infected,0.015,37,3,-66.49359310083263,-133.20897065063062,9.574839460525463e-07,0.00010633491766844492,1,95.15908130000025,6.394884621840902e-13,3,-127.20897065063062,-126.48169792335788,-122.37621691269794,-123.63152505642843,-119.06890001273241,-114.50627496903641,-105.38102488164438,-127.90425543643802,-114.73668602688122,2.652357607096296,18.250500174784044,0.22178444896537178
2.0,452fe02f6a9106c2,ok,missing_neural_feedback,ude_sir_h2,seir,69,infected,0.015,37,3,-78.48200984786703,-157.1697060287624,5.043323941505239e-06,0.00010189457503790173,3,86.0858950999991,9.173106718662893e-11,3,-151.1697060287624,-150.44243330148967,-146.33695229082971,-147.60325325821748,-143.03319643336116,-138.46313960850483,-129.3230259587922,-151.87107947342233,-138.68379239630877,2.649313277670032,18.28022729942529,0.20568633302831776
2.0,452fe02f6a9106c2,ok,missing_neural_feedback,ude_sir_h2,seir,70,infected,0.015,37,3,-62.304680640343236,-124.7943591910174,1.3225859864181827e-06,8.647481988697332e-05,3,87.21809039999971,5.5933924159035087e-11,3,-118.7943591910174,-118.06708646374467,-113.96160545308473,-115.25314995378478,-110.69647970074759,-106.13980944771039,-97.02646894163601,-119.50971441755274,-106.3826802685377,2.642322386732334,18.226681012148777,0.18499791033093918
2.0,452fe02f6a9106c2,ok,missing_neural_feedback,ude_sir_h2,seir,71,infected,0.015,37,3,-62.97176937297517,-126.13914573886555,1.3938928001816285e-06,0.00010150826250443112,4,71.10975809999945,1.2752110478686518e-10,3,-120.13914573886555,-119.41187301159282,-115.30639200093287,-116.58599358102616,-112.01492189409149,-107.4438502071568,-98.30170683328745,-120.84788607085291,-107.65925199821163,2.6456298340063205,18.284286747738705,0.1956069929152095
2.0,452fe02f6a9106c2,ok,missing_neural_feedback,ude_sir_h2,seir,72,infected,0.015,37,3,-75.80583748533303,-151.7946791430357,1.5797893387812523e-06,0.0001226776559635327,3,37.71831750000092,1.07846176433668e-10,3,-145.7946791430357,-145.06740641576297,-140.96192540510302,-142.25437068550775,-137.70354071438643,-133.1527107432651,-124.05105080102244,-146.5105332896387,-133.40835508618073,2.6420729266984977,18.20331988448531,0.18300417236963606
2.0,452fe02f6a9106c2,ok,missing_neural_feedback,ude_sir_h2,seir,73,infected,0.015,37,3,-63.24589582757188,-126.72302530682865,9.575675470393054e-06,4.6881251319348925e-05,1,35.484447900000305,1.660538373471354e-11,3,-120.72302530682865,-119.99575257955591,-115.89027156889597,-117.12000309311435,-112.55070167037508,-107.98140024763579,-98.84279740215723,-121.40414382237965,-108.21458596418665,2.6594407422244988,18.27720569095711,0.23123365168488516
2.0,452fe02f6a9106c2,ok,missing_neural_feedback,ude_sir_h2,seir,74,infected,0.015,37,3,-61.481287313380115,-123.15233590620971,4.9410531648101836e-06,9.987405638836263e-05,4,34.36929719999898,5.5791815611883067e-11,3,-117.15233590620971,-116.42506317893698,-112.31958216827704,-113.60857147615445,-109.05211288924231,-104.49565430233017,-95.38273712850588,-117.86627587330995,-104.73674027911164,2.643030016449887,18.22583434764858,0.1897612794494848
2.0,452fe02f6a9106c2,ok,missing_neural_feedback,ude_sir_h2,seir,75,infected,0.015,37,3,-83.44717177157445,-167.09451955998682,7.17142511512795e-07,3.5692187236414114e-05,3,34.855607400000736,8.08597633294994e-11,3,-161.09451955998682,-160.3672468327141,-156.26176582205414,-157.5422929046576,-152.9775660552341,-148.41283920581057,-139.28338550696355,-161.8037725054052,-148.63543614545486,2.645373527290812,18.258907397694024,0.20017601683793054
2.0,452fe02f6a9106c2,ok,missing_neural_feedback,ude_sir_h2,seir,76,infected,0.015,37,3,-82.80709102683223,-165.77934905514581,1.5563024287627273e-06,5.295560475981176e-05,4,35.226645599999756,1.8843593352357857e-11,3,-159.77934905514581,-159.0520763278731,-154.94659531721314,-156.21251166771245,-151.63484029441022,-147.057168921108,-137.90182617450355,-160.48050946982403,-147.30349656045556,2.6494197926608956,18.310685493208886,0.16516700148136126
2.0,452fe02f6a9106c2,ok,missing_neural_feedback,ude_sir_h2,seir,77,infected,0.015,37,3,-67.30000101795565,-134.77373248623047,5.939949303521457e-07,4.909133558481064e-05,0,36.06444470000133,7.624123554705875e-11,3,-128.77373248623047,-128.04645975895775,-123.9409787482978,-125.21867181590541,-120.64537254019734,-116.07207326448928,-106.92547471307314,-129.48141573936317,-116.30680493307904,2.646158373433647,18.293197102832266,0.17373045031915613
2.0,452fe02f6a9106c2,ok,missing_neural_feedback,ude_sir_h2,seir,78,infected,0.015,37,3,-55.01069416267654,-110.2032626401874,6.536022389612294e-07,4.211678118986752e-05,2,35.93987510000079,6.24567064733128e-11,3,-104.2032626401874,-103.47598991291467,-99.37050890225473,-100.65843574741488,-96.09867869701384,-91.53892164661278,-82.41940754581069,-104.91661413491414,-91.78236012374887,2.6433242526366314,18.239028201604206,0.18187431483431454
2.0,452fe02f6a9106c2,ok,missing_neural_feedback,ude_sir_h2,seir,79,infected,0.015,37,3,-74.69917971698032,-149.63297356041505,1.8745191555956922e-05,5.247372905837881e-05,4,35.49141860000054,1.0942358130705543e-11,3,-143.63297356041505,-142.90570083314233,-138.80021982248238,-140.0017149750769,-135.41738637540547,-130.83305777573406,-121.66440057639119,-144.29845263341602,-131.06104503527493,2.6672604634995185,18.33731439868572,0.23461412645439436
2.0,867c493cc7709c00,ok,missing_neural_feedback,ude_sir_h2,sir,0,infected,0.015,37,2,-14.454499943489354,-29.0773742341826,0.00035476030915725765,0.00023312425500553825,2,46.46896990000005,2.5153212845907547e-11,2,-25.0773742341826,-24.724433057712012,-21.85553840889415,-21.856735289162096,-17.345449866835203,-12.834164444508314,-3.8115935998545325,-25.078037157182735,-10.863858197671146,1.999668538499933,18.045141689307563,0.1683743472038921
2.0,867c493cc7709c00,ok,missing_neural_feedback,ude_sir_h2,sir,1,infected,0.015,37,2,-24.104809320033738,-48.36928774870336,0.0002848637917951656,0.00011820689648074713,2,44.690129999999954,4.785505325344275e-11,2,-44.36928774870336,-44.01634657223277,-41.147451923414906,-41.14862372636242,-36.632033021056394,-32.11544231575036,-23.0822609051383,-44.36993678198291,-30.14325581884335,1.9996754833602246,18.066362821224125,0.15966910863587966
2.0,867c493cc7709c00,ok,missing_neural_feedback,ude_sir_h2,sir,2,infected,0.015,37,2,-16.14173819205168,-32.466895500368196,0.00047720360359023486,0.00023927182925299225,3,63.57009130000006,2.1052670717836008e-10,2,-28.466895500368196,-28.11395432389761,-25.245059675079748,-25.24626493623356,-20.73463605188452,-16.223007167535485,-7.199749398837408,-28.467563065338084,-14.236960846707209,1.9996662175150557,18.04651553739615,0.18341911626483987
2.0,867c493cc7709c00,ok,missing_neural_feedback,ude_sir_h2,sir,3,infected,0.015,37,2,-39.487354577948125,-79.1384650254127,0.00032247884934531523,0.00017166703438771432,4,70.2828615999997,7.347011887759436e-12,2,-75.1384650254127,-74.7855238489421,-71.91662920012425,-71.91782946117257,-67.40825811583875,-62.89868677050491,-53.87954407983725,-75.13912982094523,-60.93642377456093,1.9996676022337363,18.03828538133532,0.1637558695164458
2.0,867c493cc7709c00,ok,missing_neural_feedback,ude_sir_h2,sir,4,infected,0.015,37,2,-14.031369461182555,-28.234439847585236,0.0003452177746412676,0.00021082162587437127,2,70.3405945999998,1.6397549984503712e-11,2,-24.234439847585236,-23.88149867111465,-21.012604022296788,-21.013718160770495,-16.478819325783313,-11.943920490796131,-2.8741228208217677,-24.235056941908983,-9.923143582416383,1.9996914528381258,18.139595339948727,0.17170092522012675
2.0,867c493cc7709c00,ok,missing_neural_feedback,ude_sir_h2,sir,5,infected,0.015,37,2,-27.720900673323833,-55.63668490143016,0.000572065543196871,7.589174758455139e-05,2,70.00221509999983,3.1878499839876895e-11,2,-51.63668490143016,-51.28374372495957,-48.41484907614171,-48.416040502637536,-43.89882829768317,-39.3816160927288,-30.34719168282006,-51.637344803717966,-37.37295252683019,1.999670048856095,18.068848819817475,0.19488355478249098
2.0,867c493cc7709c00,ok,missing_neural_feedback,ude_sir_h2,sir,6,infected,0.015,37,2,2.48454400985364,4.7912486950203,0.00040875690542924306,4.370837250655769e-05,0,69.35857209999995,1.8894219522280764e-11,2,8.7912486950203,9.14418987149089,12.013084520308748,12.011932926402729,16.537203563600702,21.062474200798675,30.113015475194622,8.79061085503951,23.070170568499172,1.9996810800096045,18.101082548791894,0.17783932468698
2.0,867c493cc7709c00,ok,missing_neural_feedback,ude_sir_h2,sir,7,infected,0.015,37,2,1.7755441963524699,3.377121395898996,0.00040055358617177534,0.00011405603137488894,2,69.53419379999968,9.308509518746177e-11,2,7.377121395898996,7.730062572369584,10.598957221187444,10.597751259529769,15.10758024670123,19.617409233872692,28.637067208215615,7.376453442936979,21.590404341390787,1.9996660235189916,18.039315948685847,0.17396699680594363
2.0,867c493cc7709c00,ok,missing_neural_feedback,ude_sir_h2,sir,8,infected,0.015,37,2,-7.66462887860407,-15.50095663865443,0.00038624825647063374,0.0001259623044704057,0,70.13483760000008,7.354117315117037e-13,2,-11.50095663865443,-11.14801546218384,-8.279120813365981,-8.28033605096594,-3.7733552370253127,0.7336255769153137,9.747587204796567,-11.501629729336276,2.698665498554366,1.9996634546590761,18.027923255762506,0.17169888144628925
2.0,867c493cc7709c00,ok,missing_neural_feedback,ude_sir_h2,sir,9,infected,0.015,37,2,-42.55696050635551,-85.26425541041064,0.0002330187851167415,0.00024603637638080433,4,70.86906689999978,4.9745096930564614e-11,2,-81.26425541041064,-80.91131423394005,-78.04241958512219,-78.04361669414948,-73.53559284067987,-69.02756898721026,-60.01152128027105,-81.26491846011504,-67.08182559883258,1.9996684751478027,18.03209541387843,0.15033439769962573
2.0,867c493cc7709c00,ok,missing_neural_feedback,ude_sir_h2,sir,10,infected,0.015,37,2,-24.335585434443253,-48.83199423400535,0.0002978428885442012,0.00022546141733591248,3,70.46039000000019,6.141576136542426e-11,2,-44.83199423400535,-44.47905305753476,-41.6101584087169,-41.611345738389346,-37.098800462618165,-32.586255186846984,-23.56116463530462,-44.832651867161886,-30.62098976580178,1.9996711834217304,18.050181103084725,0.16082336511884207
2.0,867c493cc7709c00,ok,missing_neural_feedback,ude_sir_h2,sir,11,infected,0.015,37,2,-31.895961507253297,-63.974703141001896,0.0004429350051862341,0.00024127468185953252,2,70.6750090999999,1.822542117224657e-11,2,-59.974703141001896,-59.62176196453131,-56.752867315713445,-56.75400783236543,-52.224829412303336,-47.69565099224124,-38.63729415211705,-59.97533484555989,-45.67520933425821,1.999684147721001,18.11671368024838,0.18278012649530442
2.0,867c493cc7709c00,ok,missing_neural_feedback,ude_sir_h2,sir,12,infected,0.015,37,2,-11.130339361291805,-22.43843368112232,0.00042966590983575776,0.00012132184669805398,0,70.05389779999996,2.3510082769462315e-11,2,-18.43843368112232,-18.085492504651732,-15.216597855833871,-15.217801221738352,-10.706632190398443,-6.195463159058534,2.8268749036212846,-18.439100196359494,-4.216002597223973,1.9996667423814132,18.044676125359636,0.17775495853870918
2.0,867c493cc7709c00,ok,missing_neural_feedback,ude_sir_h2,sir,13,infected,0.015,37,2,-13.552956800309817,-27.286924126341148,0.0004611980309547261,8.71128778378803e-05,1,70.28650070000003,2.440181390284124e-11,2,-23.286924126341148,-22.93398294987056,-20.0650883010527,-20.066304272990397,-15.557908129433406,-11.049511985876414,-2.032719698762431,-23.287597623754888,-9.072329026391667,1.9996632512931298,18.033584574227966,0.18101052572151527
2.0,867c493cc7709c00,ok,missing_neural_feedback,ude_sir_h2,sir,14,infected,0.015,37,2,-35.69562516034246,-71.56252818859824,0.00038022333402425786,0.000253328393358809,3,70.07816589999993,4.446576440386707e-11,2,-67.56252818859824,-67.20958701212764,-64.34069236330978,-64.34189958548721,-59.83287096055293,-55.32384233561865,-46.30578508575008,-67.56319683973162,-53.35513582094779,1.9996656744333077,18.03611449973713,0.1712778679133118
2.0,867c493cc7709c00,ok,missing_neural_feedback,ude_sir_h2,sir,15,infected,0.015,37,2,-39.544779440089826,-79.24310667640614,0.00025291015987759257,0.00023613736097815484,4,70.70545239999956,9.467981954003335e-11,2,-75.24310667640614,-74.89016549993555,-72.02127085111769,-72.02246765678038,-67.5137816484248,-63.0050956400692,-53.98772362335803,-75.24376955808422,-61.0548148467573,1.999668559160956,18.03474403342235,0.15354779622649334
2.0,867c493cc7709c00,ok,missing_neural_feedback,ude_sir_h2,sir,16,infected,0.015,37,2,-13.96118443566234,-28.111367790532995,0.0005233783959172146,0.00024843757632923044,3,70.49049749999995,2.5583091201042407e-11,2,-24.111367790532995,-23.758426614062408,-20.889531965244547,-20.89073251530212,-16.37691900871287,-11.863105502123624,-2.835478488945128,-24.11203274614075,-9.867114844967688,1.9996675221961242,18.05525402635699,0.18899891920831746
2.0,867c493cc7709c00,ok,missing_neural_feedback,ude_sir_h2,sir,17,infected,0.015,37,2,-33.11861807527368,-66.39762352781085,0.0002890403230427152,0.00023781118932521568,3,70.18560290000005,1.625011236683349e-11,2,-62.39762352781085,-62.04468235134026,-59.1757877025224,-59.176957675423395,-54.659737399375175,-50.14251712332696,-41.10807657123053,-62.39827154747194,-48.16835504635449,1.999675990169454,18.06888110419287,0.16038737726348384
2.0,867c493cc7709c00,ok,missing_neural_feedback,ude_sir_h2,sir,18,infected,0.015,37,2,-36.769822802668386,-73.718275802575,0.00042608291874540846,0.00022897382301626852,1,70.79676000000018,1.1155520951433573e-11,2,-69.718275802575,-69.3653346261044,-66.49643997728654,-66.497616939783,-61.97919959639338,-57.460782253003764,-48.42394756622453,-69.71892769360377,-55.4659762317783,1.9996740544856104,18.073669373558477,0.17863019723821705
2.0,867c493cc7709c00,ok,missing_neural_feedback,ude_sir_h2,sir,19,infected,0.015,37,2,-40.70628858838655,-81.59048393088324,0.0004283429820319772,0.00024026019908742862,0,70.88718049999989,6.110667527536862e-12,2,-77.59048393088324,-77.23754275441264,-74.36864810559479,-74.3698449139225,-69.85690206883272,-65.34395922374294,-56.318073533563364,-77.59114681403743,-63.360805796413956,1.9996685584229064,18.05177138035914,0.17790675411013795
2.0,867c493cc7709c00,ok,missing_neural_feedback,ude_sir_h2,sir,20,infected,0.015,37,2,-15.147049981106951,-30.458843896507346,0.00033031550417144843,0.0002359277768542727,1,70.3331263,7.958078640513122e-12,2,-26.458843896507346,-26.10590272003676,-23.2370080712189,-23.23821075852504,-18.72911532752772,-14.220019896530399,-5.201829034535759,-26.45951003588533,-12.257718238224623,1.9996669303110077,18.03638172398928,0.1647439342934455
2.0,867c493cc7709c00,ok,missing_neural_feedback,ude_sir_h2,sir,21,infected,0.015,37,2,-10.602543093505162,-21.375256335661675,0.0003717832374319435,0.000254953777086747,2,70.65519959999983,9.134026868196088e-12,2,-17.375256335661675,-17.022315159191088,-14.153420510373227,-14.154627670599751,-9.645775253916481,-5.136922837233211,3.8807819961333294,-17.375924952481956,-3.1696765202772426,1.999665691589859,18.03540966673308,0.170170148651353
2.0,867c493cc7709c00,ok,missing_neural_feedback,ude_sir_h2,sir,22,infected,0.015,37,2,-25.861009752755187,-51.913416180978686,0.0005317045425870234,0.0002166445368456344,4,70.7448448999994,4.1815439999481896e-12,2,-47.913416180978686,-47.5604750045081,-44.691580355690235,-44.69275301247581,-40.17105595095383,-35.649358889431845,-26.605964766387878,-47.914065687178464,-33.63523125942244,1.999675246900111,18.086788246087934,0.19139667546831254
2.0,867c493cc7709c00,ok,missing_neural_feedback,ude_sir_h2,sir,23,infected,0.015,37,2,-38.941996578642566,-78.050207917487,0.000319160870738484,0.0002389361630481065,1,69.5533105000004,1.4082957022765186e-11,2,-74.050207917487,-73.6972667410164,-70.82837209219855,-70.82951581995391,-66.30397817374529,-61.77844052753668,-52.72736523511945,-74.0508414005974,-59.78184257245067,1.999683258444797,18.102150584834458,0.16621476020187434
2.0,867c493cc7709c00,ok,missing_neural_feedback,ude_sir_h2,sir,24,infected,0.015,37,2,-9.394888469018271,-18.955483060577592,0.0003295415945628467,0.00023911875478666245,4,70.62095630000022,1.4031442674422578e-11,2,-14.955483060577592,-14.602541884107003,-11.733647235289144,-11.734827670195799,-7.219555563451496,-2.704283456707193,6.326260756781412,-14.956136874890301,-0.7286885110593317,1.9996730928436448,18.06108842697721,0.16570612254104794
2.0,867c493cc7709c00,ok,missing_neural_feedback,ude_sir_h2,sir,25,infected,0.015,37,2,-14.48978431769909,-29.151842846704767,0.0003774085735547358,0.00022954881162027613,2,70.39170110000032,4.191846869616711e-11,2,-25.151842846704767,-24.79890167023418,-21.93000702141632,-21.931186178872398,-17.414439664392454,-12.89769314991251,-3.8642001209526207,-25.152495953468534,-10.912582577478403,1.999673446618116,18.066986057919777,0.17227421130658555
2.0,867c493cc7709c00,ok,missing_neural_feedback,ude_sir_h2,sir,26,infected,0.015,37,2,-48.80273456732938,-97.79495585644568,0.0005197765711434147,0.00024996857614898506,4,70.72154370000044,4.4586556668946287e-11,2,-93.79495585644568,-93.44201467997509,-90.57312003115723,-90.57430299074929,-86.05570649684282,-81.53711000293633,-72.49991701512337,-93.79561106912051,-79.53108315903285,1.9996723936625886,18.074385975625916,0.18948672178692247
2.0,867c493cc7709c00,ok,missing_neural_feedback,ude_sir_h2,sir,27,infected,0.015,37,2,-45.67017861571374,-91.50539321279018,0.00032661827160690947,0.0002293234010780746,2,70.71232809999947,7.737810392427491e-12,2,-87.50539321279018,-87.15245203631959,-84.28355738750173,-84.28474305034456,-79.77100951748908,-75.25727598463358,-66.2298089189226,-87.50604992273016,-73.28542310000552,1.9996716450300143,18.054934131421952,0.1650359813627057
2.0,867c493cc7709c00,ok,missing_neural_feedback,ude_sir_h2,sir,28,infected,0.015,37,2,-22.401809133913567,-44.97047721008062,0.0003527898354066752,4.823945968825984e-05,3,69.90496620000067,1.1759482276829658e-11,2,-40.97047721008062,-40.61753603361003,-37.748641384792165,-37.74986596431808,-33.246192340665,-28.74251871701191,-19.73517146970574,-40.97115547502906,-26.78892377321479,1.9996608675257808,18.014694494612343,0.16685894225348302
2.0,867c493cc7709c00,ok,missing_neural_feedback,ude_sir_h2,sir,29,infected,0.015,37,2,-0.21520262478902383,-0.5764789912582273,0.00021285066388795364,7.603126627450505e-05,2,69.8844240999997,7.901490572947978e-11,2,3.4235210087417727,3.776462185212361,6.645356834030221,6.64413901495902,11.145825222469565,15.647511429980108,24.650883845001196,3.422846488245509,17.57633958046413,1.9996627397518683,18.006744830042177,0.14607374168017967
2.0,867c493cc7709c00,ok,missing_neural_feedback,ude_sir_h2,sir,30,infected,0.015,37,2,-4.256538004484202,-8.666739202025951,0.00025334639391986184,0.0002388416351490504,0,70.39199459999963,2.7071678232459817e-12,2,-4.666739202025951,-4.313798025555363,-1.4449033767375026,-1.4460991624280135,3.062883237581299,7.571865637590611,16.589830437609237,-4.667401518766148,9.522853591068845,1.9996688416299016,18.03592960003725,0.1536631930575467
2.0,867c493cc7709c00,ok,missing_neural_feedback,ude_sir_h2,sir,31,infected,0.015,37,2,-13.074025494339374,-26.298829772674992,0.0002367484846226156,0.00023214303111073045,2,70.15694210000038,4.012790100205166e-12,2,-22.298829772674992,-21.945888596204405,-19.076993947386544,-19.07819473909843,-14.57108454706739,-10.06397435503635,-1.0497539709742725,-22.299494862129215,-8.119610220554591,1.9996674552728877,18.028440768124156,0.1507787839962462
2.0,867c493cc7709c00,ok,missing_neural_feedback,ude_sir_h2,sir,32,infected,0.015,37,2,-31.397182608890482,-62.98876332835792,0.0005721284193370419,0.00018429802786463503,2,70.0528832,1.6566303884246736e-11,2,-58.98876332835792,-58.63582215188733,-55.76692750306947,-55.76812861573542,-51.25356931770732,-46.739010019679206,-37.70989142362299,-58.98942859558083,-44.736128025668535,1.9996673663885445,18.05823719211243,0.19439811057695666
2.0,867c493cc7709c00,ok,missing_neural_feedback,ude_sir_h2,sir,33,infected,0.015,37,2,-26.342552031478135,-52.85851037666686,0.00038902991247108983,0.00025150154240218556,0,70.81811489999927,2.9750424346275395e-11,2,-48.85851037666686,-48.50556920019627,-45.636674551378405,-45.63786138092024,-41.123003026355754,-36.608144671791266,-27.578427962662282,-48.85916773281316,-34.62567064469831,1.999671321926849,18.05943341825796,0.17340631371058465
2.0,867c493cc7709c00,ok,missing_neural_feedback,ude_sir_h2,sir,34,infected,0.015,37,2,-21.747559974717387,-43.661900975480336,0.0003535096183743694,9.878392478905238e-05,0,69.54783279999992,1.4314238683255098e-10,2,-39.661900975480336,-39.30895979900975,-36.440065150191884,-36.44129386099585,-31.938714802638515,-27.43613574428118,-18.430977627566513,-39.662581528643656,-25.484803716005437,1.9996597234183415,18.010316233429336,0.1667810260455612
2.0,867c493cc7709c00,ok,missing_neural_feedback,ude_sir_h2,sir,35,infected,0.015,37,2,-37.70654391162508,-75.57782373007873,0.00032785138472795673,0.000225794558474735,4,70.15698169999996,1.9888091173925204e-11,2,-71.57782373007873,-71.22488255360814,-68.35598790479028,-68.35718338027097,-63.84615460654981,-59.33512583282865,-50.313068285386336,-71.57848587500122,-57.368972728365534,1.999668927538759,18.04411509488463,0.16473590682857284
2.0,867c493cc7709c00,ok,missing_neural_feedback,ude_sir_h2,sir,36,infected,0.015,37,2,-25.615377810280272,-51.39890278581393,0.0003500049790514973,0.0002221139377638409,1,70.86823400000048,1.531219595563016e-11,2,-47.39890278581393,-47.045961609343344,-44.17706696052548,-44.17825518196327,-39.66467606929775,-35.151096956632216,-26.123938731301166,-47.3995609128977,-33.17643916989844,1.9996709364581147,18.054316450662107,0.16814716525339063
2.0,867c493cc7709c00,ok,missing_neural_feedback,ude_sir_h2,sir,37,infected,0.015,37,2,-1.571156328094664,-3.3412296555030707,0.000610812720478244,9.497905851965726e-05,0,69.91912500000035,4.5358383715665695e-11,2,0.6587703444969293,1.0117115209675176,3.880606169785378,3.8794120490602477,8.396565126965196,12.913718204870145,21.948024360680044,0.6581089499407424,14.926299655430466,1.9996693027219066,18.068612311619795,0.19891699931374246
2.0,867c493cc7709c00,ok,missing_neural_feedback,ude_sir_h2,sir,38,infected,0.015,37,2,-32.40449183389757,-64.96991600909732,0.00029980662676386407,0.00021852292068159107,3,70.72045589999925,6.090061788199819e-11,2,-60.96991600909732,-60.61697483262673,-57.74808018380887,-57.74927123768705,-53.237716473886096,-48.72616171008514,-39.70305218248323,-60.97057570500124,-46.762764612591326,1.9996701520480404,18.046219055203817,0.1609323413021655
2.0,867c493cc7709c00,ok,missing_neural_feedback,ude_sir_h2,sir,39,infected,0.015,37,2,-41.0740377567678,-82.32823001719254,0.0004474591469696966,0.0002133969086560474,3,70.8517740999996,4.867217739956686e-12,2,-78.32823001719254,-77.97528884072194,-75.10639419190409,-75.10759313418802,-70.59483830621986,-66.08208347825169,-57.056573822315364,-78.3288940822934,-64.09705620166295,1.9996679674495677,18.051019311872658,0.1801545036569353
2.0,867c493cc7709c00,ok,missing_neural_feedback,ude_sir_h2,sir,40,infected,0.015,37,2,-41.45500709216699,-83.07458691441059,0.00032392009602825105,0.00022556203084347242,0,72.28390190000027,4.519762342169997e-11,2,-79.07458691441059,-78.72164573794,-75.85275108912214,-75.85393844955811,-71.34074603481596,-66.82755362007383,-57.80116879058954,-79.0752445646063,-64.8572445253654,1.9996711749021459,18.052769658968575,0.1645727300766149
2.0,867c493cc7709c00,ok,missing_neural_feedback,ude_sir_h2,sir,41,infected,0.015,37,2,-19.990321713371365,-40.138492448750526,0.00027400399180212875,0.00025014393075625867,2,70.1697994999995,7.631228982063476e-12,2,-36.138492448750526,-35.78555127227994,-32.916656623462075,-32.91783192726215,-28.402522891761258,-23.88721385626037,-14.856595785258591,-36.13914342106754,-21.919407284739172,1.999674513841493,18.06123614200356,0.1578490220077971
2.0,867c493cc7709c00,ok,missing_neural_feedback,ude_sir_h2,sir,42,infected,0.015,37,2,-6.3376192362601,-12.819261599975562,0.0001924941356543733,0.0002249412632479261,0,70.06941720000032,1.8136603330276557e-12,2,-8.819261599975562,-8.466320423504973,-5.597425774687113,-5.598609007048939,-1.087951452669743,3.422706101709453,12.444021210467845,-8.819916963730957,5.367391744996585,1.9996723181223026,18.042630217516784,0.1440231274553626
2.0,867c493cc7709c00,ok,missing_neural_feedback,ude_sir_h2,sir,43,infected,0.015,37,2,-41.8978568992283,-83.97560766773336,0.00044681049831826633,0.00022260005915778746,1,70.15718349999952,4.0806469314702554e-11,2,-79.97560766773336,-79.62266649126276,-76.7537718424449,-76.75497454284552,-72.24326412389257,-67.73155370493963,-58.70813286703374,-79.97627381436405,-65.74887212264483,1.9996669266846538,18.046841675811777,0.1798938692767516
2.0,867c493cc7709c00,ok,missing_neural_feedback,ude_sir_h2,sir,44,infected,0.015,37,2,-19.404354067430223,-38.98747136973134,0.0004287164532129764,0.0002384516687706453,4,70.24105889999919,7.123190925995004e-12,2,-34.98747136973134,-34.63453019326075,-31.76563554444289,-31.76681624743525,-27.24939258098543,-22.731968914535603,-13.697121581635955,-34.98812533253023,-20.73901346906115,1.9996730186005538,18.069694665799297,0.17876323487088921
2.0,867c493cc7709c00,ok,missing_neural_feedback,ude_sir_h2,sir,45,infected,0.015,37,2,-12.887078215426264,-25.958138650527474,0.0004544495643529919,0.000252814523845615,1,70.71894350000002,4.553690757802542e-11,2,-21.958138650527474,-21.605197474056887,-18.736302825239026,-18.737446799733604,-14.209043239300202,-9.6806396788668,-0.6238325579999966,-21.958772270300756,-7.660542189118921,1.999683190113358,18.113614241733607,0.18398221967494535
2.0,867c493cc7709c00,ok,missing_neural_feedback,ude_sir_h2,sir,46,infected,0.015,37,2,-16.517021227530314,-33.19197274167914,0.0002807640407678033,0.00012096821051963434,2,70.45193040000049,6.993872148086666e-11,2,-29.191972741679137,-28.83903156520855,-25.97013691639069,-25.971331759585503,-21.46133234799872,-16.951332936411937,-7.931334113238371,-29.19263453639379,-14.994044808713497,1.9996691026426745,18.039997646347132,0.1579302866185099
2.0,867c493cc7709c00,ok,missing_neural_feedback,ude_sir_h2,sir,47,infected,0.015,37,2,-18.22707723006924,-36.63213910626666,0.0004160674667625717,0.00022720764806137122,1,70.59819460000017,3.6131098113401094e-12,2,-32.63213910626666,-32.27919792979608,-29.410303280978216,-29.411468821492956,-24.890034787656383,-20.368600753819813,-11.325732686146669,-32.63278467093633,-18.368418324792195,1.9996772176651647,18.085736135346288,0.17798464612818116
2.0,867c493cc7709c00,ok,missing_neural_feedback,ude_sir_h2,sir,48,infected,0.015,37,2,-9.633004367860758,-19.424197590434318,0.0002772622374586257,0.00025452553493866755,4,70.71632709999994,2.8924418415954278e-11,2,-15.424197590434318,-15.071256413963729,-12.20236176514587,-12.20354020002613,-7.689030926107904,-3.1745216521896786,5.854496895646772,-15.424850296980836,-1.2079716400486156,1.9996736467267415,18.0580370956729,0.15818885471280075
2.0,867c493cc7709c00,ok,missing_neural_feedback,ude_sir_h2,sir,49,infected,0.015,37,2,-30.255623598822442,-60.67193597544352,0.00028605755668765923,0.00023521673019934476,2,70.4771396999995,4.18545198499487e-11,2,-56.67193597544352,-56.31899479897293,-53.450100150155066,-53.45125600017551,-48.93006179080192,-44.40886758142833,-35.36647916268115,-56.67257617278304,-42.426470360150525,1.999679901330241,18.08477683749436,0.16068877779863083
2.0,867c493cc7709c00,ok,missing_neural_feedback,ude_sir_h2,sir,50,infected,0.015,37,2,-19.815936385416478,-39.820808690425565,0.0005139459309241428,0.00014061836204383929,4,70.04370279999966,1.4352963262354024e-11,2,-35.820808690425565,-35.46786751395498,-32.598972865137114,-32.60015362068727,-28.08105325606656,-23.56195289144585,-14.523752162204424,-35.821462682334946,-21.555471312350107,1.9996730040453081,18.07640145848285,0.18893591959260791
2.0,867c493cc7709c00,ok,missing_neural_feedback,ude_sir_h2,sir,51,infected,0.015,37,2,-13.605789388462936,-27.393781935483446,0.0004566385940054068,0.00022007690820840316,1,70.83162429999993,2.4375168550250237e-11,2,-23.393781935483446,-23.04084075901286,-20.171946110194998,-20.17312654293265,-15.655053925834075,-11.1369813087355,-2.10083607453835,-23.3944357485948,-9.139288308531572,1.9996730934443234,18.0722904683943,0.1822031585575728
2.0,867c493cc7709c00,ok,missing_neural_feedback,ude_sir_h2,sir,52,infected,0.015,37,2,-30.452060988619973,-61.05576056446165,0.0002505380400704935,0.00024316320052248896,0,70.63073059999988,6.081535275370697e-11,2,-57.05576056446165,-56.70281938799106,-53.8339247391732,-53.83515776572792,-49.33645453574373,-44.83775130575953,-35.84034484579114,-57.05644350801481,-42.90930905730316,1.999658528223419,17.99481291993678,0.15163858722170118
2.0,867c493cc7709c00,ok,missing_neural_feedback,ude_sir_h2,sir,53,infected,0.015,37,2,-18.886359587685114,-37.93112368086199,0.0002721485419419141,0.00024343600872520074,0,70.49016930000016,1.4307488527265377e-10,2,-33.93112368086199,-33.5781825043914,-30.70928785557354,-30.710446931026482,-26.190547531322473,-21.670648131618467,-12.630849332210452,-33.93176566469047,-19.693121576554198,1.9996790080857596,18.07959759881603,0.15840450549176277
2.0,867c493cc7709c00,ok,missing_neural_feedback,ude_sir_h2,sir,54,infected,0.015,37,2,-44.58056387410736,-89.35205262867714,0.0005407301054901935,0.00025602266588354596,4,70.20640029999959,1.5369039374490967e-11,2,-85.35205262867714,-84.99911145220655,-82.13021680338869,-82.13141796864241,-77.61744721305801,-73.10347645747362,-64.07553494630483,-85.35271792502714,-71.10524472587714,1.9996673518250003,18.05588302233758,0.190924880462418
2.0,867c493cc7709c00,ok,missing_neural_feedback,ude_sir_h2,sir,55,infected,0.015,37,2,-21.670179123680825,-43.503511986955374,0.0003043100980054325,0.00022932412072479067,2,70.35053630000039,4.014566457044566e-13,2,-39.503511986955374,-39.15057081048479,-36.28167616166692,-36.28283633757805,-31.762424837810634,-27.242013338043225,-18.201190338508404,-39.504154580301,-25.258712248292007,1.9996787033271892,18.081645999069643,0.16315373959372145
2.0,867c493cc7709c00,ok,missing_neural_feedback,ude_sir_h2,sir,56,infected,0.015,37,2,-30.530397618232787,-61.21665672867351,0.0002713931973607621,0.0002399819295952196,0,70.84908350000023,1.6398971069975232e-10,2,-57.21665672867351,-56.863715552202926,-53.99482090338506,-53.996030129653036,-49.49026272818823,-44.98449532672341,-35.97296052379379,-57.217326489824124,-43.037725630606325,1.999665119424693,18.02306960585925,0.155861492207943
2.0,867c493cc7709c00,ok,missing_neural_feedback,ude_sir_h2,sir,57,infected,0.015,37,2,-38.48902988487011,-77.1554417338881,0.00042408304799292285,0.00010797979717904435,4,70.09306579999975,6.66418031869398e-11,2,-73.1554417338881,-72.8025005574175,-69.93360590859965,-69.93480259964656,-65.42191769734217,-60.909032795037774,-51.88326299042898,-73.15610455208329,-58.926520160522635,1.999668590902406,18.051539609217578,0.17738196414787744
2.0,867c493cc7709c00,ok,missing_neural_feedback,ude_sir_h2,sir,58,infected,0.015,37,2,-42.29567898051858,-84.75540658774813,0.00032494511377608056,0.00023218204300273052,2,70.21196830000008,4.624922667062492e-11,2,-80.75540658774813,-80.40246541127753,-77.53357076245968,-77.53477220798018,-73.02546674126879,-68.51616127455739,-59.49755034113459,-80.75607203933112,-66.55413609419156,1.9996672742085049,18.03722186684559,0.1640486267109704
2.0,867c493cc7709c00,ok,missing_neural_feedback,ude_sir_h2,sir,59,infected,0.015,37,2,-42.65469767046162,-85.46422550470456,0.0002731985871016539,9.311263573174132e-05,2,69.85148520000075,4.625633209798252e-11,2,-81.46422550470456,-81.11128432823396,-78.2423896794161,-78.24363065809264,-73.74641194596147,-69.24919323383028,-60.25475580956793,-81.46491285274544,-67.32052049239854,1.9996563259795574,17.98887484852471,0.15483016378131553
2.0,867c493cc7709c00,ok,missing_neural_feedback,ude_sir_h2,sir,60,infected,0.015,37,2,-36.30583858828021,-72.78306259804387,0.00036822187260550533,0.00024353117761790778,4,69.62515339999936,1.1780798558902461e-11,2,-68.78306259804387,-68.43012142157328,-65.56122677275542,-65.56239957661762,-61.04406897049789,-56.52573836437816,-47.489077152138684,-68.78371218570584,-54.53835475208148,1.9996752061690182,18.07332242447894,0.17138542148344707
2.0,867c493cc7709c00,ok,missing_neural_feedback,ude_sir_h2,sir,61,infected,0.015,37,2,-16.849014547706773,-33.88128663442217,0.00048267072660472326,0.00023675138807158908,3,70.7552125000002,1.1251444220761186e-11,2,-29.881286634422167,-29.52834545795158,-26.65945080913372,-26.66067341103943,-22.153627226824927,-17.64658104261042,-8.632488674181417,-29.88196380401466,-15.669844358555533,1.9996614152037546,18.028184736858012,0.18325753900862246
2.0,867c493cc7709c00,ok,missing_neural_feedback,ude_sir_h2,sir,62,infected,0.015,37,2,-39.19997319328073,-78.55299530886992,0.0002354998933068258,0.00021710753322211958,4,70.57375270000011,6.30961949354969e-12,2,-74.55299530886992,-74.20005413239933,-71.33115948358147,-71.3323100307752,-66.81095094864867,-62.289591866522116,-53.24687370226903,-74.55363256910212,-60.314510058055276,1.9996813698839033,18.085436328506177,0.15304892230847195
2.0,867c493cc7709c00,ok,missing_neural_feedback,ude_sir_h2,sir,63,infected,0.015,37,2,-16.158299528634572,-32.49229302992046,0.00040110961015701776,0.0002500281062992376,4,70.69318769999882,8.590461675339611e-12,2,-28.49229302992046,-28.139351853449874,-25.270457204632013,-25.271629903653807,-20.75254253737898,-16.233455171104154,-7.1952804385545015,-28.492942559513857,-14.240249592169839,1.9996752352033016,18.076349465099305,0.17569397265131997
2.0,867c493cc7709c00,ok,missing_neural_feedback,ude_sir_h2,sir,64,infected,0.015,37,2,-33.589077067783165,-67.33598291239932,0.0002834283450741324,0.00022503592585584257,1,69.93265710000014,5.3887561080046e-11,2,-63.33598291239932,-62.98304173592873,-60.114147087110865,-60.11535293981922,-55.60833072828825,-51.10130851675729,-42.08726409369537,-63.33665080501694,-49.15006528944248,1.9996660536911883,18.028088846123854,0.15782877683298424
2.0,867c493cc7709c00,ok,missing_neural_feedback,ude_sir_h2,sir,65,infected,0.015,37,2,-17.020915901721686,-34.21906422433881,0.0004141026188032008,0.0002469904210197864,1,70.4106326000001,3.0876634582455154e-11,2,-30.21906422433881,-29.86612304786822,-26.99722839905036,-26.99840331400268,-22.479662645773505,-17.96092197754433,-8.923440641085985,-30.21971498128247,-15.966869130526678,1.9996746215281704,18.074962672916694,0.17723242089543872
2.0,867c493cc7709c00,ok,missing_neural_feedback,ude_sir_h2,sir,66,infected,0.015,37,2,-13.308761661898515,-26.790299902645927,0.00038324123833059716,0.00025953787477488285,3,70.3761728999998,6.02700112040111e-11,2,-22.790299902645927,-22.43735872617534,-19.56846407735748,-19.569648418583014,-15.054224187559674,-10.538799956536334,-1.507951494489653,-22.79095588057408,-8.555826399703669,1.9996720110359223,18.06169692409336,0.17277657884889763
2.0,867c493cc7709c00,ok,missing_neural_feedback,ude_sir_h2,sir,67,infected,0.015,37,2,-3.9015354891498,-7.98110186477237,0.0004069528959956115,0.0002492027491974213,2,70.64119130000108,5.586464624229848e-11,2,-3.98110186477237,-3.6281606883017816,-0.7592660394839212,-0.7604104050568576,3.7669125000329853,8.294235405122828,17.348881215302512,-3.9817357011544874,10.30622064205977,1.9996830818089413,18.10929162035937,0.17803088647276988
2.0,867c493cc7709c00,ok,missing_neural_feedback,ude_sir_h2,sir,68,infected,0.015,37,2,-26.98908919727146,-54.14236075467841,0.0003266694344668687,0.00023058800891162466,0,70.5990468,5.803357794320618e-11,2,-50.14236075467841,-49.78941957820782,-46.920524929389956,-46.92172873408691,-42.413030809314,-37.90433288454109,-28.886937034995277,-50.14302751295211,-35.94338669545129,1.9996666208631488,18.034791699091635,0.16418236013548304
2.0,867c493cc7709c00,ok,missing_neural_feedback,ude_sir_h2,sir,69,infected,0.015,37,2,-41.20904425495298,-82.5914483539207,0.0003878266470390404,0.00023917998582464043,2,70.56353050000143,4.204991910228273e-11,2,-78.5914483539207,-78.2385071774501,-75.36961252863225,-75.37079716840604,-70.85535436847763,-66.33991156854921,-57.309025968692396,-78.5921044972075,-64.35631731019231,1.9996719283565982,18.06177119971365,0.17335984401474197
2.0,867c493cc7709c00,ok,missing_neural_feedback,ude_sir_h2,sir,70,infected,0.015,37,2,-26.081676040112324,-52.31804217416263,0.00026573344257879315,0.0002311827760913723,3,70.91495000000032,1.3503864693120704e-11,2,-48.31804217416263,-47.96510099769204,-45.096206348874176,-45.09742263644464,-40.593746602424524,-36.09007056840441,-27.082718500364173,-48.318715846397716,-34.14864794414418,1.999663163882457,18.014704136080468,0.1546900939379819
2.0,867c493cc7709c00,ok,missing_neural_feedback,ude_sir_h2,sir,71,infected,0.015,37,2,-24.63717869021614,-49.431050825368345,0.0002643217424437571,0.0002026691982376764,2,70.5644685999996,3.069544618483633e-12,2,-45.431050825368345,-45.07810964889776,-42.209215000079894,-42.210383688203976,-37.693452685226376,-33.17652168224877,-24.14265967629356,-45.431698133422614,-31.206633368521864,1.999676345972866,18.067724011910414,0.15669344493606857
2.0,867c493cc7709c00,ok,missing_neural_feedback,ude_sir_h2,sir,72,infected,0.015,37,2,-43.80193141634559,-87.7677919869621,0.000336482686929205,0.0002463158292862807,3,30.74150019999979,6.686207143502543e-12,2,-83.7677919869621,-83.4148508104915,-80.54595616167364,-80.54719786111801,-76.0485048750672,-71.54981188901638,-62.55242591691475,-83.76847973421883,-69.60909088848791,1.999656126371633,17.994771944203258,0.16392915427091803
2.0,867c493cc7709c00,ok,missing_neural_feedback,ude_sir_h2,sir,73,infected,0.015,37,2,-20.51456771307412,-41.206398013282296,0.0004249275293673236,0.0002218016580679343,2,28.357610799999748,7.58504370423907e-12,2,-37.206398013282296,-36.85345683681171,-33.984562187993845,-33.98576352996775,-29.474140150854165,-24.96251677174058,-15.939270013513415,-37.207063407513324,-22.982641909693903,1.9996673028844851,18.046493516454333,0.1772625871340601
2.0,867c493cc7709c00,ok,missing_neural_feedback,ude_sir_h2,sir,74,infected,0.015,37,2,-21.016466205082843,-42.203690056347796,0.0003827741329705216,0.0002278176578810763,1,28.770924399999785,7.508660360144859e-11,2,-38.203690056347796,-37.85074887987721,-34.981854231059344,-34.98308062444572,-30.47919241938471,-25.975304214323696,-16.967527804201673,-38.20436932594962,-24.01737958992164,1.9996603651990867,18.015552820244046,0.1707576461821128
2.0,867c493cc7709c00,ok,missing_neural_feedback,ude_sir_h2,sir,75,infected,0.015,37,2,-53.76019019873067,-107.67853168826926,0.00027915199973789533,0.00022356845606207585,1,28.812885999999708,2.2239987629291136e-11,2,-103.67853168826926,-103.32559051179867,-100.45669586298081,-100.45788091456883,-95.94518628737312,-91.43249166017739,-82.40710240578595,-103.67918805965,-89.46960188867845,1.9996718143096313,18.05077850878288,0.15815129080791612
2.0,867c493cc7709c00,ok,missing_neural_feedback,ude_sir_h2,sir,76,infected,0.015,37,2,-53.652480384819384,-107.46006897512518,0.0002551473724939605,0.00024210430326869017,3,28.613377600000604,1.1254996934439987e-11,2,-103.46006897512518,-103.10712779865459,-100.23823314983673,-100.23940476941185,-95.7235624149643,-91.20772006051678,-82.1760353516217,-103.4607179068392,-89.24159135184863,1.9996755341429902,18.063369417790145,0.15510820548642062
2.0,867c493cc7709c00,ok,missing_neural_feedback,ude_sir_h2,sir,77,infected,0.015,37,2,-28.3503212636011,-56.85969827515163,0.00028287920284915386,0.00025392141663111464,4,28.79095849999976,1.1231549024159904e-10,2,-52.85969827515163,-52.50675709868104,-49.63786244986318,-49.63904051143899,-45.12427685238522,-40.60951319333145,-31.579985875223905,-52.86035077493385,-38.64158789098711,1.999673750108889,18.059054636215087,0.159055747949429
2.0,867c493cc7709c00,ok,missing_neural_feedback,ude_sir_h2,sir,78,infected,0.015,37,2,-12.616046473270226,-25.3937512449871,0.00031265286842651973,0.00022914278094995455,0,28.772777600001064,2.538769194870838e-11,2,-21.3937512449871,-21.040810068516514,-18.171915419698653,-18.173131324148983,-13.668098794810799,-9.163066265472615,-0.1530012067962474,-21.394424705021223,-7.211962829187716,1.9996632699829395,18.020130117352736,0.1616582984466498
2.0,867c493cc7709c00,ok,missing_neural_feedback,ude_sir_h2,sir,79,infected,0.015,37,2,-36.033187551578244,-72.25276896201686,0.00048815841120318244,0.0002610742788488753,0,28.737897099999827,1.5305090528272558e-11,2,-68.25276896201686,-67.89982778554626,-65.03093313672841,-65.0321054658316,-60.51113785137579,-55.99017023691998,-46.94823500800836,-68.2534182867213,-53.98250464533324,1.9996753376477774,18.083870457823245,0.18639385886037604
2.0,1e77c4a70930a768,ok,missing_neural_feedback,ude_sir_h2,tv_sir,0,infected,0.015,37,4,-102.3904242613732,-205.52129047616657,3.392765417051727e-05,0.00021384398904177068,4,79.82168050000018,6.210143510543276e-11,4,-197.52129047616657,-196.27129047616657,-191.07761882558967,-191.51933729560898,-184.59840339780996,-177.67746950001091,-163.83560170441285,-197.76594764130044,-177.09711293155027,3.8776714174330684,27.68373559119611,0.7404419534201856
2.0,1e77c4a70930a768,ok,missing_neural_feedback,ude_sir_h2,tv_sir,1,infected,0.015,37,4,-106.60771013243222,-213.49166315128957,1.5389462238493925e-05,0.00013802269402291882,1,83.15064409999968,8.08171307653538e-11,4,-205.49166315128957,-204.24166315128957,-199.04799150071267,-199.74456764346039,-192.983517905146,-186.22246816683162,-172.70036869020282,-205.87747981043242,-186.17122131160687,3.807091670428579,27.044198953257556,0.2762428864251382
2.0,1e77c4a70930a768,ok,missing_neural_feedback,ude_sir_h2,tv_sir,2,infected,0.015,37,4,-105.84312130651351,-212.24435295487018,6.16429149982088e-05,8.442334127621845e-05,3,119.1361265999999,1.5837997580092633e-10,4,-204.24435295487018,-202.99435295487018,-197.80068130429328,-198.78953421976502,-192.15857328888717,-185.52761235800932,-172.26569049625363,-204.79205464147407,-185.16239888951566,3.7261491566980514,26.523843723511376,0.5581103418431698
2.0,1e77c4a70930a768,ok,missing_neural_feedback,ude_sir_h2,tv_sir,3,infected,0.015,37,4,-98.14843839301685,-196.53982984606992,2.7033568944636737e-05,0.00014543094053005786,2,118.84718740000017,8.86757334228605e-12,4,-188.53982984606992,-187.28982984606992,-182.09615819549302,-182.89593379507045,-176.19045965944258,-169.48498552381471,-156.07403725255895,-188.98280618556348,-169.4749802435222,3.77851183025322,26.821896542511492,0.24295306003621692
2.0,1e77c4a70930a768,ok,missing_neural_feedback,ude_sir_h2,tv_sir,4,infected,0.015,37,4,-99.09054103965512,-199.103301632885,4.6577428412908906e-05,0.00020082462614564735,2,119.60727969999971,2.793854037008714e-10,4,-191.103301632885,-189.853301632885,-184.6596299823081,-185.06679108693996,-178.10296822729904,-171.13914536765816,-157.21149964837633,-191.32881831007452,-170.32579064074662,3.8872416614052354,27.855291438563626,0.9222195535747575
2.0,1e77c4a70930a768,ok,missing_neural_feedback,ude_sir_h2,tv_sir,5,infected,0.015,37,4,-101.33831362630222,-203.11165944952137,0.00010090815952984198,0.000139994012110607,2,118.31863820000035,6.859579571028007e-11,4,-195.11165944952137,-193.86165944952137,-188.66798779894447,-189.58118353962274,-182.9149405523628,-176.24869756510287,-162.91621159058298,-195.61745645890812,-176.01165530356468,3.747101495306622,26.664971949039753,0.43503219691692124
2.0,1e77c4a70930a768,ok,missing_neural_feedback,ude_sir_h2,tv_sir,6,infected,0.015,37,4,-105.36524343464151,-211.07759708582358,2.9229682111465924e-05,0.0001962167158193215,1,121.94351659999984,1.7678303265711293e-11,4,-203.07759708582358,-201.82759708582358,-196.63392543524668,-197.32031174797652,-190.5445391012285,-183.76876645448053,-170.21722116098454,-203.45776984484772,-183.62739628229104,3.8099136204879285,27.103090586991996,0.34711021654055935
2.0,1e77c4a70930a768,ok,missing_neural_feedback,ude_sir_h2,tv_sir,7,infected,0.015,37,4,-100.1878688151356,-200.71559471059496,3.338063048768292e-05,0.00011974273015924354,0,118.75055589999965,9.727330052555772e-11,4,-192.71559471059496,-191.46559471059496,-186.27192306001805,-186.90223708195873,-180.1050292622296,-173.30782144250045,-159.71340580304218,-193.06471038543958,-173.18690635135465,3.8254421625776844,27.18883127891654,0.33985708032376694
2.0,1e77c4a70930a768,ok,missing_neural_feedback,ude_sir_h2,tv_sir,8,infected,0.015,37,4,-99.09932449830237,-198.77911526535462,4.694038802491047e-05,0.0001434643024521071,3,118.69158479999987,9.955982704923372e-10,4,-190.77911526535462,-189.52911526535462,-184.33544361477772,-184.80067443416021,-177.89822114624369,-170.99576785832713,-157.19086128249404,-191.03679535149195,-170.58883584493856,3.87115995693134,27.60981315166616,0.580466268749875
2.0,1e77c4a70930a768,ok,missing_neural_feedback,ude_sir_h2,tv_sir,9,infected,0.015,37,4,-103.46445281324806,-207.21666900952357,9.334848433490827e-06,0.00018941497477995478,2,120.97337090000019,6.821210263296962e-12,4,-199.21666900952357,-197.96666900952357,-192.77299735894667,-193.37926962263674,-186.57651539247576,-179.7737611623148,-166.16825270199286,-199.55246853660066,-179.7178887058522,3.8321002364614567,27.2110169206439,0.287763383027445
2.0,1e77c4a70930a768,ok,missing_neural_feedback,ude_sir_h2,tv_sir,10,infected,0.015,37,4,-107.05720151397671,-214.40545787660957,1.3108795430816366e-05,8.508928460119444e-05,3,116.7380406999996,1.213180667036795e-10,4,-206.40545787660957,-205.15545787660957,-199.96178622603267,-200.64978551951825,-193.88663012016463,-187.12347472081103,-173.59716392210382,-206.78652402661893,-187.06178143053899,3.809466924995321,27.052621597414436,0.29105484865614756
2.0,1e77c4a70930a768,ok,missing_neural_feedback,ude_sir_h2,tv_sir,11,infected,0.015,37,4,-103.76328261391379,-208.35498541010452,9.126363676801051e-05,0.00014777011342460557,3,116.51888499999995,2.880540250771446e-11,4,-200.35498541010452,-199.10498541010452,-193.91131375952762,-194.2999688463475,-187.3190964546814,-180.33822406301528,-166.37647927968308,-200.57025205211758,-179.60307566116316,3.8923666789934654,27.923489566664415,0.8284201822769488
2.0,1e77c4a70930a768,ok,missing_neural_feedback,ude_sir_h2,tv_sir,12,infected,0.015,37,4,-100.97551709022261,-202.33061505132997,4.3394125844830086e-05,0.00016861572598286483,1,117.57990810000001,2.9260149858600926e-11,4,-194.33061505132997,-193.08061505132997,-187.88694340075307,-188.44137619939835,-181.5968970373574,-174.75241787531644,-161.06345955123456,-194.63770195391717,-174.57311753228143,3.846456548706397,27.377916648163794,0.3795808708847553
2.0,1e77c4a70930a768,ok,missing_neural_feedback,ude_sir_h2,tv_sir,13,infected,0.015,37,4,-105.48968403337037,-211.54115844218234,6.08404697846446e-05,0.0002125100529103234,0,118.23946749999959,1.566888840898173e-10,4,-203.54115844218234,-202.29115844218234,-197.09748679160543,-197.568213609747,-190.66700796979634,-183.76580232984566,-169.96339104994433,-203.8018826289567,-183.37454550693803,3.869637906612817,27.604822559802685,0.5617903754416171
2.0,1e77c4a70930a768,ok,missing_neural_feedback,ude_sir_h2,tv_sir,14,infected,0.015,37,4,-109.4860111782815,-219.26980118560735,3.4734494396281574e-05,0.00018039742477315266,2,123.08440670000027,4.192202140984591e-11,4,-211.26980118560735,-210.01980118560735,-204.82612953503045,-205.62947932980097,-198.9231550763443,-192.21683082288763,-178.8041823159743,-211.71475718527572,-192.14672534273632,3.7775220001658143,26.82529701382669,0.29777882904435804
2.0,1e77c4a70930a768,ok,missing_neural_feedback,ude_sir_h2,tv_sir,15,infected,0.015,37,4,-110.87283467737952,-222.0002027835432,1.2232603470050396e-05,0.000149981797493407,3,118.15313619999961,2.8052227207808755e-11,4,-214.0002027835432,-212.7502027835432,-207.55653113296628,-208.23008722901523,-201.4631985789809,-194.6963099289466,-181.16253262887795,-214.37326919620816,-194.67811475462176,3.8134667936675175,27.06755460013727,0.25453342878417096
2.0,1e77c4a70930a768,ok,missing_neural_feedback,ude_sir_h2,tv_sir,16,infected,0.015,37,4,-100.82587781188751,-202.106758290368,6.79015667209868e-05,0.00014458377895160742,2,119.39368000000013,1.0223288882116321e-10,4,-194.106758290368,-192.856758290368,-187.6630866397911,-188.565384766375,-181.8960368834942,-175.22668900061336,-161.88799323485173,-194.6065193751738,-174.97436409225176,3.7501194575970946,26.67739153152325,0.45500266659297867
2.0,1e77c4a70930a768,ok,missing_neural_feedback,ude_sir_h2,tv_sir,17,infected,0.015,37,4,-108.54909049347727,-217.88592817595529,3.4257204086119675e-05,0.00012866934300442598,1,118.09691019999991,1.0940937045234023e-10,4,-209.88592817595529,-208.63592817595529,-203.44225652537838,-203.8592107570107,-196.91631661047307,-189.97342246393546,-176.08763417086024,-210.1168690290676,-189.3266044008041,3.884529573443845,27.771576586150452,0.7877471890007474
2.0,1e77c4a70930a768,ok,missing_neural_feedback,ude_sir_h2,tv_sir,18,infected,0.015,37,4,-100.10385471318544,-200.4638872422793,5.568440684081414e-05,0.00016419462449151416,2,118.79347719999987,5.0732751333271153e-11,4,-192.4638872422793,-191.2138872422793,-186.0202155917024,-186.79165879151438,-180.0636373639419,-173.33561593636938,-159.87957308122438,-192.89117095156033,-173.29562371608088,3.7863581453594826,26.912085710289993,0.2561778159084078
2.0,1e77c4a70930a768,ok,missing_neural_feedback,ude_sir_h2,tv_sir,19,infected,0.015,37,4,-109.05255413976742,-218.40603715629126,5.218833879995945e-05,0.00020827757431604322,0,121.41327809999984,4.015987542516086e-11,4,-210.40603715629126,-209.15603715629126,-203.96236550571436,-204.78409081233718,-198.08307465310946,-191.38205849388171,-177.98002617542625,-210.861170907045,-191.30104364262394,3.7724331246231326,26.804064636910923,0.3009288767564272
2.0,1e77c4a70930a768,ok,missing_neural_feedback,ude_sir_h2,tv_sir,20,infected,0.015,37,4,-105.64249389243095,-211.69004626168675,1.5322440585481726e-05,0.00013819414474681676,0,118.7178984000002,9.214318197336979e-11,4,-203.69004626168675,-202.44004626168675,-197.24637461110984,-198.1262425117459,-191.45463379544066,-184.78302507913546,-171.43980764652503,-204.17738378744718,-184.59855291964104,3.756331237119778,26.686434865220868,0.4050584768248454
2.0,1e77c4a70930a768,ok,missing_neural_feedback,ude_sir_h2,tv_sir,21,infected,0.015,37,4,-99.8312875860639,-200.05180872043994,2.5648331494061373e-05,0.00021320106193561264,2,121.89211890000024,9.976020010071807e-12,4,-192.05180872043994,-190.80180872043994,-185.60813706986303,-186.17539608438113,-179.34256450309263,-172.50973292180413,-158.8440697592271,-192.36599975343557,-172.33124884697375,3.8429044835021746,27.331326325154038,0.3892335483121361
2.0,1e77c4a70930a768,ok,missing_neural_feedback,ude_sir_h2,tv_sir,22,infected,0.015,37,4,-95.4911801335511,-191.29910793272848,7.896555231487296e-05,0.00015201126367758155,2,117.8041202000004,1.4853185348329134e-10,4,-183.29910793272848,-182.04910793272848,-176.85543628215157,-177.66577124459965,-170.951383326815,-164.23699540903033,-150.80821957346103,-183.7479328476403,-164.12480859596357,3.775587542544082,26.85755167113863,0.31674766562629375
2.0,1e77c4a70930a768,ok,missing_neural_feedback,ude_sir_h2,tv_sir,23,infected,0.015,37,4,-106.00090891208056,-212.3481277218176,3.1561852486541914e-05,0.0001278657400229357,4,122.16812969999955,1.2576606422953773e-11,4,-204.3481277218176,-203.0981277218176,-197.9044560712407,-198.44977711922618,-191.5943497372344,-184.7389223552426,-171.02806759125906,-204.65016784633883,-184.580108296194,3.8489799377393936,27.42170952796713,0.3463098976564725
2.0,1e77c4a70930a768,ok,missing_neural_feedback,ude_sir_h2,tv_sir,24,infected,0.015,37,4,-101.12959768097018,-202.59688582909587,2.2242474147691807e-05,0.0001152741564035829,2,117.03788740000073,6.502887117676437e-11,4,-194.59688582909587,-193.34688582909587,-188.15321417851897,-188.7579465435826,-181.9451961480047,-175.1324457524268,-161.50694496127105,-194.9318324436096,-175.0081937796288,3.832526692743128,27.251001582311545,0.33769046715550716
2.0,1e77c4a70930a768,ok,missing_neural_feedback,ude_sir_h2,tv_sir,25,infected,0.015,37,4,-106.76396383187542,-213.82946979565585,3.491462023006639e-05,0.00016554561265794943,2,117.5205578999994,2.0747847884194925e-11,4,-205.82946979565585,-204.57946979565585,-199.38579814507895,-200.0319592540066,-193.2399559854145,-186.4479527168224,-172.86394617963822,-206.18736278827416,-186.3599145893824,3.8210535036908415,27.168013074368403,0.3015421319050166
2.0,1e77c4a70930a768,ok,missing_neural_feedback,ude_sir_h2,tv_sir,26,infected,0.015,37,4,-107.19175507306507,-214.60388346396635,0.00010003276746333901,0.0002390468541112108,2,116.65661119999913,8.952838470577262e-13,4,-206.60388346396635,-205.35388346396635,-200.16021181338945,-200.8568198599615,-194.0890483177681,-187.3212767755747,-173.78573369118786,-206.989717793865,-187.3124239773565,3.8070828350506805,27.071086168773622,0.22037331783623365
2.0,1e77c4a70930a768,ok,missing_neural_feedback,ude_sir_h2,tv_sir,27,infected,0.015,37,4,-106.5547979543676,-213.42855389939646,3.4110816285445356e-05,0.00017384497735630836,0,117.43957510000018,2.4300561562995426e-11,4,-205.42855389939646,-204.17855389939646,-198.98488224881956,-199.53733150347807,-192.6938051402758,-185.85027877707353,-172.163226050669,-205.7345421649973,-185.73549045592614,3.847005867199583,27.37410545280906,0.31895799066125796
2.0,1e77c4a70930a768,ok,missing_neural_feedback,ude_sir_h2,tv_sir,28,infected,0.015,37,4,-107.79902239321726,-216.18798639727186,2.6409765409194854e-05,0.0001964451745211884,2,122.87346720000005,1.9880985746567603e-10,4,-208.18798639727186,-206.93798639727186,-201.74431474669495,-202.79568780691787,-196.19714211159535,-189.59859641627284,-176.40150502562778,-208.77031647824177,-189.20386200514443,3.7088349595150447,26.394182781290077,0.5899416108373399
2.0,1e77c4a70930a768,ok,missing_neural_feedback,ude_sir_h2,tv_sir,29,infected,0.015,37,4,-105.70290631281881,-211.83691618536807,5.554338002399571e-06,8.002397686102498e-05,2,121.06646700000056,5.6132876125047915e-12,4,-203.83691618536807,-202.58691618536807,-197.39324453479117,-198.2849353606082,-191.62710973591388,-184.96928411121957,-171.65363286183097,-204.3308021431156,-184.7745101268604,3.7530570211262337,26.631302498777224,0.43110355973044656
2.0,1e77c4a70930a768,ok,missing_neural_feedback,ude_sir_h2,tv_sir,30,infected,0.015,37,4,-102.44169982795368,-205.74904864910144,1.9993852582005554e-05,0.0001450687819877794,4,119.22298969999974,3.467448550509289e-12,4,-197.74904864910144,-196.49904864910144,-191.30537699852454,-191.73536349390628,-184.81053407279796,-177.88570465168965,-164.03604580947305,-197.987207757552,-177.18408197147414,3.880920445774722,27.69931768443323,0.8656489931940614
2.0,1e77c4a70930a768,ok,missing_neural_feedback,ude_sir_h2,tv_sir,31,infected,0.015,37,4,-108.59767593750449,-217.666124632263,6.58596546090606e-06,0.00018155652598568514,0,122.84273739999935,9.08073616301408e-12,4,-209.666124632263,-208.416124632263,-203.2224529816861,-203.77655089733554,-196.94245295001352,-190.10835500269147,-176.4401591080474,-209.9730260512674,-189.85896008572087,3.846549290497811,27.33639178928813,0.4707727572540207
2.0,1e77c4a70930a768,ok,missing_neural_feedback,ude_sir_h2,tv_sir,32,infected,0.015,37,4,-106.15312843209256,-212.57391258105287,9.730784762864282e-05,0.00016754547701860347,0,117.90815959999964,3.993250174971763e-12,4,-204.57391258105287,-203.32391258105287,-198.13024093047596,-198.7489983820157,-191.93797247511557,-185.12694656821543,-171.50489475441518,-204.91662735137376,-185.06215323658458,3.8286426148395534,27.244103627600538,0.2676557168677518
2.0,1e77c4a70930a768,ok,missing_neural_feedback,ude_sir_h2,tv_sir,33,infected,0.015,37,4,-101.19228954816415,-202.68570678111186,3.8294858163636354e-05,0.0001574601756040846,0,116.45164470000054,1.3386625141720288e-11,4,-194.68570678111186,-193.43570678111186,-188.24203513053496,-188.84029481150466,-182.0221623936296,-175.20402997575457,-161.56776514000444,-195.0170683326303,-175.1120494248281,3.8343192242407937,27.272529671500223,0.301127684783538
2.0,1e77c4a70930a768,ok,missing_neural_feedback,ude_sir_h2,tv_sir,34,infected,0.015,37,4,-102.17757545392212,-204.7828096964079,2.726177875302877e-05,0.00015354904486645487,2,117.86857379999947,9.458744898438454e-11,4,-196.7828096964079,-195.5328096964079,-190.339138045831,-191.2757932578595,-184.6326897014603,-177.98958614506105,-164.7033790322626,-197.30160033894708,-177.78273668224733,3.7406046787304024,26.572414225596887,0.4276587885636602
2.0,1e77c4a70930a768,ok,missing_neural_feedback,ude_sir_h2,tv_sir,35,infected,0.015,37,4,-96.18876236985639,-192.59929727278885,3.429557811627252e-05,0.00021293361470450431,2,118.53955920000044,8.498091119690798e-11,4,-184.59929727278885,-183.34929727278885,-178.15562562221194,-178.81838813051849,-172.04207969380502,-165.2657712570916,-151.71315438366466,-184.96638537855043,-165.27229099285896,3.816455947119213,27.105233746853823,0.2217725330760656
2.0,1e77c4a70930a768,ok,missing_neural_feedback,ude_sir_h2,tv_sir,36,infected,0.015,37,4,-96.17660031032432,-192.62476504639102,2.5459161399195435e-05,0.0001405043665731904,2,118.38272040000084,5.1883830565202516e-11,4,-184.62476504639102,-183.37476504639102,-178.18109339581412,-178.9463428813254,-172.21988457793032,-165.49342627453524,-152.04050966774508,-185.04861820729042,-165.44736740706833,3.7880734195502965,26.905833213580294,0.2715644257423841
2.0,1e77c4a70930a768,ok,missing_neural_feedback,ude_sir_h2,tv_sir,37,infected,0.015,37,4,-95.28301834096737,-191.2063346981753,8.827998850211722e-05,0.0001359936937304259,2,125.9179350000004,4.905587047687732e-11,4,-183.2063346981753,-181.9563346981753,-176.7626630475984,-177.75063814547144,-171.11255774769668,-164.47447734992193,-151.1983165543724,-183.75355018286604,-164.01371509083572,3.726392257654637,26.552321591099016,0.6402980162405519
2.0,1e77c4a70930a768,ok,missing_neural_feedback,ude_sir_h2,tv_sir,38,infected,0.015,37,4,-104.94856565746512,-210.2350501449278,2.5710381535566117e-05,0.0002038517074910943,2,117.76977599999918,6.80415723763872e-11,4,-202.2350501449278,-200.9850501449278,-195.7913784943509,-196.35103716413983,-189.5140768660043,-182.67711656786878,-169.00319597159773,-202.54503153100652,-182.54929012238816,3.8450093069606526,27.347841192542084,0.3379188299975674
2.0,1e77c4a70930a768,ok,missing_neural_feedback,ude_sir_h2,tv_sir,39,infected,0.015,37,4,-99.04721368926639,-198.5823578779083,8.585663806093289e-05,0.00015688576283006818,0,118.27605560000029,8.752465419092914e-11,4,-190.5823578779083,-189.3323578779083,-184.1386862273314,-185.1959223619568,-178.59592333718024,-171.99592431240367,-158.79592626285057,-191.16793537382605,-171.69443127942654,3.707211252041116,26.39999609910624,0.4879304993755346
2.0,1e77c4a70930a768,ok,missing_neural_feedback,ude_sir_h2,tv_sir,40,infected,0.015,37,4,-94.76363477378196,-189.7401058552753,3.2720723970975405e-05,0.00016617988130957,4,119.2972206000004,1.1795009413617663e-12,4,-181.7401058552753,-180.4901058552753,-175.2964342046984,-175.96787311960563,-169.19534866386323,-162.42282420812086,-148.8777752966361,-182.11199961256958,-162.43717172459438,3.8140531213528615,27.090097822969547,0.21283630771136566
2.0,1e77c4a70930a768,ok,missing_neural_feedback,ude_sir_h2,tv_sir,41,infected,0.015,37,4,-100.57569090949414,-201.54893648415384,8.838783370091874e-06,0.0001050807400791599,0,120.33241950000047,6.605205271625891e-11,4,-193.54893648415384,-192.29893648415384,-187.10526483357694,-188.0258665791618,-181.37017500253617,-174.71448342591057,-161.40310027265934,-194.05883550033542,-174.52861551248583,3.7450504919092107,26.62276630650246,0.3975546651655456
2.0,1e77c4a70930a768,ok,missing_neural_feedback,ude_sir_h2,tv_sir,42,infected,0.015,37,4,-98.12382403437637,-196.83855286318914,2.878561354034969e-06,0.00014542354190409903,0,120.0348355999995,6.929212759132497e-11,4,-188.83855286318914,-187.58855286318914,-182.39488121261223,-182.91530792804787,-176.06042920517567,-169.2055504823035,-155.49579303655912,-189.12680461968202,-168.828133177264,3.8558741217535624,27.419514891488753,0.5909047944364025
2.0,1e77c4a70930a768,ok,missing_neural_feedback,ude_sir_h2,tv_sir,43,infected,0.015,37,4,-106.20059681287012,-212.7038822975561,5.6260535497160076e-05,0.00017850352999359672,4,119.47592609999992,1.1662848464766284e-10,4,-204.7038822975561,-203.4538822975561,-198.2602106469792,-199.0932075230052,-192.3979493122558,-185.70269110150642,-172.31217468000764,-205.16525909768168,-185.6201607827427,3.769311599937206,26.781032842997554,0.3026886718158767
2.0,1e77c4a70930a768,ok,missing_neural_feedback,ude_sir_h2,tv_sir,44,infected,0.015,37,4,-103.1797018686278,-206.66839625979074,4.356537505847989e-05,0.00020903692369835222,0,120.35726909999994,5.74686964682769e-11,4,-198.66839625979074,-197.41839625979074,-192.22472460921384,-192.991277293621,-186.26032675078795,-179.5293762079549,-166.06747512228878,-199.092971231004,-179.43560156592338,3.787712514393376,26.923802171332213,0.30899252253512577
2.0,1e77c4a70930a768,ok,missing_neural_feedback,ude_sir_h2,tv_sir,45,infected,0.015,37,4,-98.6393395693005,-197.62065345942912,6.0382116633742465e-05,9.893900849449911e-05,4,121.96269140000004,1.766409241099609e-11,4,-189.62065345942912,-188.37065345942912,-183.17698180885222,-183.73833319238665,-176.88695931835682,-170.03558544432698,-156.33283769626732,-189.93157239866548,-169.87318364248168,3.8445405303818254,27.405495496119332,0.3419743208281008
2.0,1e77c4a70930a768,ok,missing_neural_feedback,ude_sir_h2,tv_sir,46,infected,0.015,37,4,-95.9423341428742,-192.61465264157422,2.605762965844963e-05,0.00013820834374571192,3,118.98745520000011,7.672440460737562e-11,4,-184.61465264157422,-183.36465264157422,-178.17098099099732,-178.60591467864745,-171.68257116291002,-164.7592276471726,-150.9125406156977,-184.85555188003497,-164.19129422279866,3.879550380769631,27.69337406294974,0.7299843558258299
2.0,1e77c4a70930a768,ok,missing_neural_feedback,ude_sir_h2,tv_sir,47,infected,0.015,37,4,-105.23784615152971,-210.7751027933791,4.002319926823928e-05,0.00011138850721377124,4,118.84927039999911,5.725553364754887e-11,4,-202.7751027933791,-201.5251027933791,-196.3314311428022,-197.05633290503565,-190.3026888430612,-183.5490447810867,-170.04175665713777,-203.1766083273017,-183.46111605516154,3.7992472330386975,27.01457624789787,0.299410490319683
2.0,1e77c4a70930a768,ok,missing_neural_feedback,ude_sir_h2,tv_sir,48,infected,0.015,37,4,-107.27953927713595,-215.30351733829502,1.8857500967304274e-05,0.00012411932709466484,1,117.39189249999981,1.4210854715202004e-12,4,-207.30351733829502,-206.05351733829502,-200.85984568771812,-201.31805056800263,-194.4114625476902,-187.50487452737778,-173.69169848675293,-207.55730592688633,-186.9327264730222,3.8731057057043494,27.626352081249706,0.7444387840231288
2.0,1e77c4a70930a768,ok,missing_neural_feedback,ude_sir_h2,tv_sir,49,infected,0.015,37,4,-104.81410473651621,-210.46436581148964,3.399213906146263e-05,6.78514559999362e-05,3,120.27004560000023,2.9118041311448906e-10,4,-202.46436581148964,-201.21436581148964,-196.02069416091274,-196.4313901921145,-189.48098588127837,-182.53058157044222,-168.62977294876998,-202.69184039891442,-181.82659222968792,3.8862627062876065,27.80161724334451,0.8361563384572219
2.0,1e77c4a70930a768,ok,missing_neural_feedback,ude_sir_h2,tv_sir,50,infected,0.015,37,4,-95.63879630167429,-191.60500748962588,6.4204072015386e-05,0.0001474689119462115,4,118.58312149999983,9.023892744153272e-12,4,-183.60500748962588,-182.35500748962588,-177.16133583904897,-177.95643305849816,-171.2362581536398,-164.51608324878143,-151.0757334390647,-184.04539258764487,-164.3968929839151,3.779807450990502,26.88069961943347,0.3274148862772989
2.0,1e77c4a70930a768,ok,missing_neural_feedback,ude_sir_h2,tv_sir,51,infected,0.015,37,4,-100.73600571734701,-201.97964888002636,4.124025873762478e-05,0.00011235326056173281,0,117.27265660000012,1.4210854715202004e-13,4,-193.97964888002636,-192.72964888002636,-187.53597722944946,-188.47802532835001,-181.82409854426112,-175.17017176017222,-161.86231819199443,-194.50142651202503,-174.85630429833844,3.7391111840006643,26.61570713635558,0.5076374453323489
2.0,1e77c4a70930a768,ok,missing_neural_feedback,ude_sir_h2,tv_sir,52,infected,0.015,37,4,-110.37941654435089,-221.0519005803339,6.563575399437775e-06,8.612703853003959e-05,3,120.44149879999986,1.3304202184372116e-10,4,-213.0519005803339,-211.8019005803339,-206.608228929757,-207.38772036615438,-200.68069042760726,-193.97366048906014,-180.5596006119659,-213.48364201298617,-193.93071333451329,3.7841292836738623,26.828119754188485,0.2930674916321041
2.0,1e77c4a70930a768,ok,missing_neural_feedback,ude_sir_h2,tv_sir,53,infected,0.015,37,4,-108.34467690416021,-217.183355292495,1.4142837896077069e-05,0.0001948349704261184,3,118.5895231000004,2.2355095552484272e-10,4,-209.183355292495,-207.933355292495,-202.7396836419181,-203.260487497494,-196.39482858667932,-189.52916967586464,-175.79785185423526,-209.4718159377798,-189.22671816506167,3.8557696773575962,27.462635643258757,0.49400148417457823
2.0,1e77c4a70930a768,ok,missing_neural_feedback,ude_sir_h2,tv_sir,54,infected,0.015,37,4,-109.91629972283103,-220.1144084902333,9.955826566119387e-05,0.0001575131638853014,0,118.80355989999953,3.1675995160185266e-11,4,-212.1144084902333,-210.8644084902333,-205.6707368396564,-206.22579172019908,-199.37686255158093,-192.5279333829628,-178.8300750457265,-212.4218399489209,-192.43688277118946,3.846284270656204,27.395716674472585,0.2818090445712495
2.0,1e77c4a70930a768,ok,missing_neural_feedback,ude_sir_h2,tv_sir,55,infected,0.015,37,4,-110.41851829918245,-221.74139576768997,3.424320629701734e-05,0.00016837251518978585,2,117.80210050000005,1.588631448612432e-10,4,-213.74139576768997,-212.49139576768997,-207.29772411711306,-207.71076182134414,-200.76266697961577,-193.81457213788738,-179.91838245443063,-213.97016735110634,-193.0446572314514,3.8856142082918153,27.792379366913497,0.9043591693250617
2.0,1e77c4a70930a768,ok,missing_neural_feedback,ude_sir_h2,tv_sir,56,infected,0.015,37,4,-98.8411814062151,-197.94619377189,8.448699368444976e-06,7.18631985169418e-05,2,119.03155530000004,1.0113865300809266e-10,4,-189.94619377189,-188.69619377189,-183.5025221213131,-184.25026180355766,-177.52302551249636,-170.7957892214351,-157.34131663931248,-190.36034867672802,-170.77341764818502,3.7929225475809827,26.908945164245182,0.263830959459793
2.0,1e77c4a70930a768,ok,missing_neural_feedback,ude_sir_h2,tv_sir,57,infected,0.015,37,4,-106.12917487743631,-212.55485294081058,4.743089516983062e-05,0.00011392049891732689,1,116.59187629999997,8.201084256143076e-11,4,-204.55485294081058,-203.30485294081058,-198.11118129023367,-198.69515847334816,-191.8686628106105,-185.04216714787282,-171.38917582239748,-204.8783037625917,-184.95236710392194,3.838274589109436,27.305982650950675,0.29650318593793706
2.0,1e77c4a70930a768,ok,missing_neural_feedback,ude_sir_h2,tv_sir,58,infected,0.015,37,4,-110.12915361299723,-220.53251671451426,2.989229312561996e-05,0.000156384153991489,2,117.62669219999952,2.3739232801744947e-10,4,-212.53251671451426,-211.28251671451426,-206.08884506393736,-206.69625359874334,-199.88910354412732,-193.0819534895113,-179.46765338027927,-212.86894559464972,-193.0297070075304,3.8317855599322694,27.22860021846406,0.27420948851979376
2.0,1e77c4a70930a768,ok,missing_neural_feedback,ude_sir_h2,tv_sir,59,infected,0.015,37,4,-108.96028270495452,-218.15989654380886,1.5897536544421624e-05,0.00010735574501933719,0,118.35267139999905,3.026912054338027e-11,4,-210.15989654380886,-208.90989654380886,-203.71622489323195,-204.4134920224289,-197.6661657604316,-190.91883949843427,-177.42418697443966,-210.54609592361493,-190.9312603619198,3.8069003100969567,26.98930504798924,0.23933113389981037
2.0,1e77c4a70930a768,ok,missing_neural_feedback,ude_sir_h2,tv_sir,60,infected,0.015,37,4,-105.92695262582122,-212.16687935604483,3.9741471298341355e-05,0.00015666508457120185,2,118.77683620000062,4.021671884402167e-11,4,-204.16687935604483,-202.91687935604483,-197.72320770546793,-198.57922395599684,-191.89166918550174,-185.20411441500667,-171.8290048740165,-204.6410060303353,-185.1036861696621,3.7629366628547762,26.75021908198034,0.31297410440240486
2.0,1e77c4a70930a768,ok,missing_neural_feedback,ude_sir_h2,tv_sir,61,infected,0.015,37,4,-101.97680142356863,-204.4882616412903,5.014009072880771e-05,0.00016635095917281673,0,118.7994886000015,4.1168846109940205e-11,4,-196.4882616412903,-195.2382616412903,-190.0445899907134,-191.01417860114427,-184.37798579935733,-177.7417929975704,-164.4694073939965,-197.0252932957822,-177.4088316399895,3.7314841727540577,26.544771207147754,0.5346587941530496
2.0,1e77c4a70930a768,ok,missing_neural_feedback,ude_sir_h2,tv_sir,62,infected,0.015,37,4,-96.62559376790146,-193.64916464699218,1.91738435717457e-05,0.00015107039413111514,3,119.51058639999974,3.817035576503258e-11,4,-185.64916464699218,-184.39916464699218,-179.20549299641527,-179.71945538106522,-172.84904291407898,-165.97863044709277,-152.2378055131203,-185.93383596718488,-165.769537667858,3.857664339903651,27.481649867944913,0.3979771111892554
2.0,1e77c4a70930a768,ok,missing_neural_feedback,ude_sir_h2,tv_sir,63,infected,0.015,37,4,-101.64599772706808,-203.59685818774696,3.8073822182738585e-05,0.00016484875002726219,4,117.95196219999889,8.668621376273222e-13,4,-195.59685818774696,-194.34685818774696,-189.15318653717006,-189.91780637138697,-183.18546556175318,-176.45312475211938,-162.98844313285178,-196.02036260004027,-176.36263221560097,3.788247793853342,26.929363238535174,0.30486273361081456
2.0,1e77c4a70930a768,ok,missing_neural_feedback,ude_sir_h2,tv_sir,64,infected,0.015,37,4,-110.50487899896135,-221.313935097176,1.2007299660736163e-05,0.0001850576356997399,3,120.52425240000048,4.955325039190939e-11,4,-213.313935097176,-212.063935097176,-206.8702634465991,-207.69143349344486,-200.99757210384803,-194.3037107142512,-180.9159879350575,-213.76876130298385,-194.23431243953533,3.7725868970960823,26.775445558387357,0.3041770992533064
2.0,1e77c4a70930a768,ok,missing_neural_feedback,ude_sir_h2,tv_sir,65,infected,0.015,37,4,-104.00966009338167,-208.399680831747,4.729371479035499e-05,0.00021389751931961143,4,118.59796370000004,2.6489033189136535e-11,4,-200.399680831747,-199.149680831747,-193.9560091811701,-194.5004185380391,-187.64534197790937,-180.79026541777964,-167.08011229752015,-200.70121599263373,-180.59901394624438,3.8492324195566288,27.42030624051894,0.38036064498364175
2.0,1e77c4a70930a768,ok,missing_neural_feedback,ude_sir_h2,tv_sir,66,infected,0.015,37,4,-106.14808178504357,-212.79398222930348,3.6218012472188414e-05,8.251504035656986e-05,4,118.50978370000121,3.3026026358129457e-11,4,-204.79398222930348,-203.54398222930348,-198.35031057872658,-198.85683840639618,-191.9798402819544,-185.10284215751267,-171.34884590862913,-205.07453572839904,-184.7881710723201,3.859723250452218,27.50799249776704,0.49781865921634416
2.0,1e77c4a70930a768,ok,missing_neural_feedback,ude_sir_h2,tv_sir,67,infected,0.015,37,4,-107.06245722765202,-214.5075417947937,3.227333722724434e-05,0.00020198415966912454,4,121.92503639999995,5.6630256040079985e-11,4,-206.5075417947937,-205.2575417947937,-200.0638701442168,-200.87098216965825,-194.15331745664577,-187.43565274363328,-174.00032331760832,-206.95458160293512,-187.2542556032541,3.776480095929286,26.870658852049935,0.38262733948967154
2.0,1e77c4a70930a768,ok,missing_neural_feedback,ude_sir_h2,tv_sir,68,infected,0.015,37,4,-107.90862378028129,-216.7204334577788,2.8532593391358603e-05,0.00021605046589977952,0,120.6233771999996,1.9582813592933235e-08,4,-208.7204334577788,-207.4704334577788,-202.2767618072019,-203.53175137367248,-197.00477627932614,-190.4778011849798,-177.42385099628714,-209.4155417913557,-189.70934718317724,3.6524458332115466,26.10790037738534,0.903185897216231
2.0,1e77c4a70930a768,ok,missing_neural_feedback,ude_sir_h2,tv_sir,69,infected,0.015,37,4,-111.71365984962921,-223.71853100717365,4.403367893303158e-05,0.00018231370589201796,3,121.6289455999995,1.3868373116565635e-10,4,-215.71853100717365,-214.46853100717365,-209.27485935659675,-210.09287394325267,-203.38957274931926,-196.68627155538582,-183.279669167519,-216.17160947998605,-196.61411492352474,3.7734607635937962,26.813204775733688,0.29121130791522926
2.0,1e77c4a70930a768,ok,missing_neural_feedback,ude_sir_h2,tv_sir,70,infected,0.015,37,4,-101.84637433150891,-203.9721212436849,8.379274627261162e-06,0.00013477789574011442,3,119.59211200000027,8.357403658010298e-11,4,-195.9721212436849,-194.7221212436849,-189.528449593108,-190.21861172202946,-183.46333743294613,-176.7080631438628,-163.1975145656961,-196.35438533587308,-176.67165150668447,3.8088679539059185,27.021097156333347,0.2793725806670818
2.0,1e77c4a70930a768,ok,missing_neural_feedback,ude_sir_h2,tv_sir,71,infected,0.015,37,4,-100.4851472699304,-201.28235440888412,1.0913084443448121e-05,0.0002132892255948997,2,74.86204660000112,4.227729277772596e-11,4,-193.28235440888412,-192.03235440888412,-186.83868275830721,-187.45782853134472,-180.6555693956439,-173.8533102599431,-160.24879198854148,-193.6252842610801,-173.76125799705756,3.8285350739020005,27.209036542803243,0.31205986902333244
2.0,1e77c4a70930a768,ok,missing_neural_feedback,ude_sir_h2,tv_sir,72,infected,0.015,37,4,-104.89155211045961,-210.081362733578,3.3559892885432585e-05,0.00013671581432331528,1,47.76864569999998,7.217693109851098e-11,4,-202.081362733578,-200.831362733578,-195.6376910830011,-196.20570256417096,-189.3811962751632,-182.55668998615545,-168.9076774081399,-202.39597053963246,-182.48507906488817,3.842696096972775,27.298025156031056,0.29825851265878445
2.0,1e77c4a70930a768,ok,missing_neural_feedback,ude_sir_h2,tv_sir,73,infected,0.015,37,4,-105.8547529091105,-212.25048090725596,4.986392932727237e-05,0.00024140237951357824,3,47.944602999999915,1.0582823506410932e-10,4,-204.25048090725596,-203.00048090725596,-197.80680925667906,-198.80616453087757,-192.18107844540017,-185.5559923599228,-172.30582018896803,-204.80399959606308,-185.20916147631146,3.7232406555964364,26.50034434190954,0.5409750890349656
2.0,1e77c4a70930a768,ok,missing_neural_feedback,ude_sir_h2,tv_sir,74,infected,0.015,37,4,-104.35793399718875,-209.012288537673,3.64178363603166e-05,0.0001996133365016357,2,48.87080040000001,1.4860290775686735e-10,4,-201.012288537673,-199.762288537673,-194.56861688709608,-195.19392219855357,-188.39814805092604,-181.6023739032985,-168.01082560804343,-201.3586300090578,-181.53277140386737,3.8268292643075976,27.183096590510125,0.2964205432954782
2.0,1e77c4a70930a768,ok,missing_neural_feedback,ude_sir_h2,tv_sir,75,infected,0.015,37,4,-104.90467862704054,-210.04425958396558,2.4511707463946044e-05,0.00011255662563789919,1,48.76302460000079,2.1539392491831677e-10,4,-202.04425958396558,-200.79425958396558,-195.60058793338868,-196.45594569141312,-189.77585091989667,-183.0957561483802,-169.7355666053473,-202.518021535202,-183.08897816801522,3.7631190243817896,26.720379086065847,0.2349023298845166
2.0,1e77c4a70930a768,ok,missing_neural_feedback,ude_sir_h2,tv_sir,76,infected,0.015,37,4,-101.83605719606057,-204.08343525657182,2.944056517548558e-05,0.0001559881682762125,0,49.471633200000724,1.6143530956469476e-11,4,-196.08343525657182,-194.83343525657182,-189.63976360599491,-190.13017923984847,-183.24599896266338,-176.36181868547828,-162.59345813110806,-196.35506460164015,-176.13539328338072,3.864185327465831,27.5367211087404,0.4113208644506855
2.0,1e77c4a70930a768,ok,missing_neural_feedback,ude_sir_h2,tv_sir,77,infected,0.015,37,4,-104.65187744611329,-209.75154689978532,2.1247554407494473e-05,6.866667244045207e-05,0,48.531065899998794,1.681144112808397e-11,4,-201.75154689978532,-200.50154689978532,-195.30787524920842,-195.8221095320397,-188.95408827966116,-182.0860670272826,-168.35002452252553,-202.03636881779713,-181.83166988271245,3.8575890409940996,27.472085009514146,0.4477920075587477
2.0,1e77c4a70930a768,ok,missing_neural_feedback,ude_sir_h2,tv_sir,78,infected,0.015,37,4,-106.33619131566448,-213.05860321155293,1.601912677801775e-05,0.0002049765577521629,1,49.55518850000044,1.1624479157035239e-11,4,-205.05860321155293,-203.80860321155293,-198.61493156097603,-199.1984088846196,-192.3800480027173,-185.561687120815,-171.92496535701042,-205.3817771732763,-185.39893910371978,3.8384130191383172,27.27344352760919,0.3862205802239877
2.0,1e77c4a70930a768,ok,missing_neural_feedback,ude_sir_h2,tv_sir,79,infected,0.015,37,4,-108.39908360493027,-217.38042935079847,8.688391984929834e-05,0.00018264464705223228,2,50.73919339999884,5.616129783447832e-11,4,-209.38042935079847,-208.13042935079847,-202.93675770022156,-203.98729613691629,-197.37675666160808,-190.76621718629988,-177.54513823568348,-209.962297154005,-190.35600930862773,3.709066098396731,26.4421579012328,0.5822621409379346
2.0,263c1d0abc503d6f,ok,missing_neural_feedback,ude_sir_h2,ude_sir_h2,0,infected,0.015,37,11,-103.10901307735686,-210.706678681437,0.00018252517395390673,0.00020395805199894957,0,169.43861609999976,0.009982283315650875,10,-188.706678681437,-178.146678681437,-170.98658164235053,-196.22683393569483,-189.3304883789235,-182.43414282215218,-168.6414517086095,-202.68664327989072,-178.6326439276284,4.010017700773152,27.585382227085315,4.48865252672328
2.0,263c1d0abc503d6f,ok,missing_neural_feedback,ude_sir_h2,ude_sir_h2,1,infected,0.015,37,11,-104.89115724032175,-213.0886867172811,0.00014610594301764097,7.318445371490253e-05,1,212.90242839999974,0.0015266725574036855,6,-191.0886867172811,-180.5286867172811,-173.3685896781946,-199.08741070348486,-192.46146004772595,-185.835509391967,-172.58360808044915,-205.3337189486877,-183.27851185760778,3.877483884296693,26.503802623035707,3.306372236637606
2.0,263c1d0abc503d6f,ok,missing_neural_feedback,ude_sir_h2,ude_sir_h2,2,infected,0.015,37,11,-103.78442300802442,-211.67373965480527,8.232297869446616e-05,9.891525495171912e-05,2,223.50366900000017,0.036925535478317784,6,-189.67373965480527,-179.11373965480527,-171.95364261571882,-197.88200510204933,-191.34536119303584,-184.80871728402235,-171.73542946599534,-204.03483182781653,-181.42227037999484,3.8194539134943772,26.146575636053996,4.104893638756449
2.0,263c1d0abc503d6f,ok,missing_neural_feedback,ude_sir_h2,ude_sir_h2,3,infected,0.015,37,11,-97.64437672881476,-198.29321281382133,7.966857412527779e-05,5.5840251845922454e-05,2,224.84508529999994,0.015667172699309617,6,-176.29321281382133,-165.73321281382132,-158.57311577473484,-184.47911180641935,-178.00125255905098,-171.5233933116826,-158.56767481694584,-190.64191674916717,-169.377316468156,3.82564803232708,25.91143698947351,3.0044593561917967
2.0,263c1d0abc503d6f,ok,missing_neural_feedback,ude_sir_h2,ude_sir_h2,4,infected,0.015,37,11,-98.08902762888829,-200.0368967762853,0.00015625287730754514,0.00013559884566066913,3,225.06418769999982,0.03775855887373325,6,-178.0368967762853,-167.4768967762853,-160.31679973719883,-186.08931550859836,-179.28489606595386,-172.48047662330936,-158.87163773802035,-192.31166922744117,-168.96037748719857,3.862613774422056,27.217677770578018,3.8588415185087013
2.0,263c1d0abc503d6f,ok,missing_neural_feedback,ude_sir_h2,ude_sir_h2,5,infected,0.015,37,11,-100.717578912579,-204.99964601902326,4.313191110352646e-05,0.0005121506274206998,1,214.7172117,0.017365550989467238,6,-182.99964601902326,-172.43964601902326,-165.2795489799368,-191.1345564504296,-184.5891656249571,-178.0437747994846,-164.95299314853958,-197.32010862492038,-175.25359452326796,3.839768697051446,26.181563301890037,3.564488193865256
2.0,263c1d0abc503d6f,ok,missing_neural_feedback,ude_sir_h2,ude_sir_h2,6,infected,0.015,37,11,-104.79623798414521,-213.6042482048915,0.00016040298367575652,3.795656373585825e-05,1,224.9636134000002,0.011147883549156745,6,-191.6042482048915,-181.0442482048915,-173.884151165805,-199.48964838724336,-192.74141523513697,-185.99318208303058,-172.49671577881782,-205.78651312527447,-182.59954335986487,3.908867539808517,26.992932608425562,4.011772236601066
2.0,263c1d0abc503d6f,ok,missing_neural_feedback,ude_sir_h2,ude_sir_h2,7,infected,0.015,37,11,-98.22411698197305,-200.1568469300894,0.00015020704229146104,6.555958358536639e-05,0,222.6057148,0.029676797620538764,6,-178.1568469300894,-167.59684693008938,-160.43674989100293,-186.03713594189185,-179.30058311277105,-172.56403028365023,-159.0909246254086,-192.33628089686275,-169.50202264746287,3.9102830166133242,26.946211316483232,3.708612966143269
2.0,263c1d0abc503d6f,ok,missing_neural_feedback,ude_sir_h2,ude_sir_h2,8,infected,0.015,37,11,-97.74680091114726,-199.14866944294823,0.00016536780373903928,5.997158711556234e-05,2,226.04206920000024,0.008357660595407879,6,-177.14866944294823,-166.58866944294823,-159.42857240386178,-185.0595059964175,-178.29240012796555,-171.5252942595136,-157.9910825226097,-191.34502295339763,-168.42517834848672,3.901823244775301,27.06842347380781,3.6550676206537043
2.0,263c1d0abc503d6f,ok,missing_neural_feedback,ude_sir_h2,ude_sir_h2,9,infected,0.015,37,11,-103.16705971596409,-209.34489819442214,0.00013815329840256683,5.6943648908868906e-05,0,229.6173372000003,0.011824033331990336,6,-187.34489819442214,-176.78489819442214,-169.62480115533566,-195.5812690133083,-189.0219547528422,-182.46264049237612,-169.34401197144393,-201.72155725226546,-180.09686239006385,3.811670471078347,26.23725704186434,3.010778762493978
2.0,263c1d0abc503d6f,ok,missing_neural_feedback,ude_sir_h2,ude_sir_h2,10,infected,0.015,37,11,-106.21190198558116,-215.81910459676146,0.0001534960252603717,0.0001350157774792926,3,223.64802640000016,0.030086380557179382,6,-193.81910459676146,-183.25910459676146,-176.099007557675,-201.7887855209097,-195.13711750057948,-188.48544948024926,-175.18211343958882,-208.0480505793205,-185.81713188984145,3.885527008720493,26.606672081320887,3.3953006255991234
2.0,263c1d0abc503d6f,ok,missing_neural_feedback,ude_sir_h2,ude_sir_h2,11,infected,0.015,37,11,-102.17183876097756,-208.19867360811148,8.581196738852052e-05,7.297167595411763e-05,0,218.68606320000026,0.022713738982488962,6,-186.19867360811148,-175.63867360811147,-168.478576569025,-194.77121435970284,-188.0623361757021,-181.3534579917013,-167.93570162369977,-200.76152905193635,-177.50816478595206,3.718572278087568,26.835512736003057,3.8549960861563553
2.0,263c1d0abc503d6f,ok,missing_neural_feedback,ude_sir_h2,ude_sir_h2,12,infected,0.015,37,11,-100.75311602608835,-205.15858515144754,0.00013787476364908184,6.513084815915369e-05,4,212.19508319999977,0.019591613659073914,6,-183.15858515144754,-172.59858515144754,-165.43848811236109,-191.05731094838475,-184.33706515350255,-177.61681935862032,-164.17632776885588,-197.34823080709378,-174.62524887264783,3.90517717217687,26.880983179528865,3.6523530992708415
2.0,263c1d0abc503d6f,ok,missing_neural_feedback,ude_sir_h2,ude_sir_h2,13,infected,0.015,37,11,-105.27380090186202,-214.39735066926158,0.00014642818928685967,0.00018910859341097602,0,236.05328520000012,0.0006679987670565879,6,-192.39735066926158,-181.83735066926158,-174.67725363017513,-200.29190724734613,-193.48032228237332,-186.66873731740048,-173.04556738745487,-206.5846870955354,-183.30126194383277,3.9063317868630887,27.24633985989127,3.849748865537561
2.0,263c1d0abc503d6f,ok,missing_neural_feedback,ude_sir_h2,ude_sir_h2,14,infected,0.015,37,11,-109.00725881152796,-221.42514329164706,0.00010066056358639046,6.324099141602653e-05,2,210.46553259999973,0.016443717485500997,6,-199.42514329164706,-188.86514329164706,-181.70504625256058,-207.50014270971192,-200.93118777340484,-194.36223283709774,-181.22432296448358,-213.7124226378906,-191.73869787782758,3.8563603268782285,26.27581974522836,3.410625668591141
2.0,263c1d0abc503d6f,ok,missing_neural_feedback,ude_sir_h2,ude_sir_h2,15,infected,0.015,37,11,-109.92564273627109,-223.06539856593568,0.0001479027399553767,0.00012950091591995005,1,238.73031439999977,0.0006199655648657654,6,-201.06539856593568,-190.50539856593568,-183.3453015268492,-209.13900211536722,-202.57555906549925,-196.01211601563125,-182.8852299158953,-215.35190477434165,-193.59751327307026,3.856746895797018,26.253772199471918,3.214113093393509
2.0,263c1d0abc503d6f,ok,missing_neural_feedback,ude_sir_h2,ude_sir_h2,16,infected,0.015,37,11,-100.84475532488854,-205.88162093421056,8.113278011108392e-05,3.3846500922033644e-05,4,224.33742639999946,0.01283697815820517,6,-183.88162093421056,-173.32162093421056,-166.1615238951241,-192.07501577395033,-185.51027191711992,-178.94552806028955,-165.81604034662877,-198.2344766377899,-175.43053522245552,3.8235721482103253,26.258975427321563,4.192110284433489
2.0,263c1d0abc503d6f,ok,missing_neural_feedback,ude_sir_h2,ude_sir_h2,17,infected,0.015,37,11,-106.87913348441897,-217.3348420683203,0.00015702263748358994,4.2235969609390626e-05,4,221.8003405999998,0.01762022491837456,6,-195.3348420683203,-184.7748420683203,-177.61474502923386,-203.6044246615096,-196.90492587761435,-190.20542709371907,-176.80642952592856,-209.7298963237874,-186.9602718332569,3.8024728722664625,26.797995135581044,3.5765750994823584
2.0,263c1d0abc503d6f,ok,missing_neural_feedback,ude_sir_h2,ude_sir_h2,18,infected,0.015,37,11,-100.15544636714867,-203.4432549560828,6.239094796145653e-05,5.5763728364508173e-05,0,226.88829439999972,0.013546585715104698,6,-181.4432549560828,-170.8832549560828,-163.72315791699634,-189.54823820285935,-183.00512759586317,-176.462016988867,-163.3757957748746,-195.74714161904583,-174.1384503063126,3.84805666851848,26.172442427984738,3.13236222178546
2.0,263c1d0abc503d6f,ok,missing_neural_feedback,ude_sir_h2,ude_sir_h2,19,infected,0.015,37,11,-108.60092943127142,-220.4366857688363,7.14037889879319e-05,2.041795396175535e-05,2,221.84050260000004,0.023995772092774814,6,-198.4366857688363,-187.8766857688363,-180.71658872974984,-206.5206577807157,-199.96473726931555,-193.40881675791542,-180.2969757351151,-212.72893481753866,-190.97817681694224,3.853875475648815,26.22368204560061,3.2348269062934563
2.0,263c1d0abc503d6f,ok,missing_neural_feedback,ude_sir_h2,ude_sir_h2,20,infected,0.015,37,11,-106.05890005865906,-216.14866586812104,0.00017249724803831355,1.935634495572746e-05,2,216.3320904000002,0.03627632203199482,6,-194.14866586812104,-183.58866586812104,-176.4285688290346,-202.1771406041815,-195.53776108343723,-188.89838156269295,-175.6196225212044,-208.41017631951294,-185.56028203434107,3.8692447743040526,26.55751808297707,4.03086575080293
2.0,263c1d0abc503d6f,ok,missing_neural_feedback,ude_sir_h2,ude_sir_h2,21,infected,0.015,37,11,-101.41095529057586,-207.93939217770992,0.0001551474027681296,0.00031772647904339377,4,233.03606349999973,0.017509901421092877,6,-185.93939217770992,-175.37939217770992,-168.21929513862347,-193.36727048059666,-186.57157130362194,-179.7758721266472,-166.18447377269774,-199.86824680711783,-175.63911387325277,4.03557268529605,27.18279670789893,5.11748159655821
2.0,263c1d0abc503d6f,ok,missing_neural_feedback,ude_sir_h2,ude_sir_h2,22,infected,0.015,37,11,-96.0801048639841,-196.35854971462402,3.70165616716185e-05,6.181551531558769e-05,4,231.33986800000002,0.003822676936067637,6,-174.35854971462402,-163.79854971462402,-156.63845267553756,-182.13615051760488,-175.56887500611967,-169.00159949463443,-155.86704847166402,-188.48110716893942,-165.89110768202735,3.9387212728423067,26.269102045940855,4.198339986655813
2.0,263c1d0abc503d6f,ok,missing_neural_feedback,ude_sir_h2,ude_sir_h2,23,infected,0.015,37,11,-105.00657113820917,-213.02209373485616,9.937430976950832e-05,6.645889357532499e-05,0,215.06444120000015,0.006597117422685983,6,-191.02209373485616,-180.46209373485615,-173.30199669576967,-199.1929563919107,-192.585974732466,-185.9789930730213,-172.7650297541319,-205.362469408022,-183.5852156386395,3.8298121634170723,26.42792663777884,3.0089514584378283
2.0,263c1d0abc503d6f,ok,missing_neural_feedback,ude_sir_h2,ude_sir_h2,24,infected,0.015,37,11,-99.10510381204487,-201.6520808370369,0.00014983044671141506,0.0004598250727840963,0,235.47376840000015,0.0357019984629261,7,-179.6520808370369,-169.0920808370369,-161.9319837979504,-187.59462906534063,-180.90378179097908,-174.21293451661754,-160.83123996789442,-193.86599867633655,-171.44681852664354,3.893041080350171,26.763389097446204,3.441873212947149
2.0,263c1d0abc503d6f,ok,missing_neural_feedback,ude_sir_h2,ude_sir_h2,25,infected,0.015,37,11,-105.62220713897942,-215.0309977410618,0.0001441185267190061,0.00017145631513255683,1,223.46801939999932,0.005562707331691286,6,-193.0309977410618,-182.4709977410618,-175.31090070197536,-201.0012468774937,-194.3297873736537,-187.65832786981366,-174.31540886213358,-207.26025844264652,-184.5585762625987,3.8853696492076466,26.685838015360133,3.7865834631029767
2.0,263c1d0abc503d6f,ok,missing_neural_feedback,ude_sir_h2,ude_sir_h2,26,infected,0.015,37,11,-106.46305921771491,-215.7652378385892,2.8849507659744863e-05,0.0001081413136778643,2,236.18427880000036,0.005975632034306955,6,-193.7652378385892,-183.2052378385892,-176.04514079950275,-201.9223652204,-195.40256169608145,-188.88275817176293,-175.84315112312584,-208.09800587537225,-186.84690433815567,3.8336159816084696,26.079214097274157,2.839119403159379
2.0,263c1d0abc503d6f,ok,missing_neural_feedback,ude_sir_h2,ude_sir_h2,27,infected,0.015,37,11,-106.08356522705274,-215.27432858657392,9.311244278724801e-05,6.748391699797983e-05,2,217.54432889999953,0.0205729985003984,6,-193.27432858657392,-182.7143285865739,-175.55423154748746,-201.65134263856348,-195.0769735474802,-188.5026044563969,-175.35386627423037,-207.72888652581295,-185.86965408977238,3.7727210303804783,26.297476364333118,3.1071981324684157
2.0,263c1d0abc503d6f,ok,missing_neural_feedback,ude_sir_h2,ude_sir_h2,28,infected,0.015,37,11,-106.31690038089405,-216.63243439970458,0.00012812812533103993,0.00012958250921597006,0,219.52675779999936,0.06600105099140308,6,-194.63243439970458,-184.07243439970458,-176.9123373606181,-202.80313695410334,-196.26256362105426,-189.7219902880052,-176.64084362190704,-208.97272139588597,-186.4715074295918,3.8298565019093025,26.1622933321963,3.998633637916459
2.0,263c1d0abc503d6f,ok,missing_neural_feedback,ude_sir_h2,ude_sir_h2,29,infected,0.015,37,11,-104.29403214705823,-212.62490485780376,0.0002645613143595868,0.00013584266727215371,3,226.94884470000034,0.0010447216667728298,6,-190.62490485780376,-180.06490485780375,-172.9048078187173,-198.52758520955308,-191.82598573827235,-185.1243862669916,-171.7211873244301,-204.81674084560808,-181.7816664089935,3.9040820060978354,26.806397885122973,4.036840563687303
2.0,263c1d0abc503d6f,ok,missing_neural_feedback,ude_sir_h2,ude_sir_h2,30,infected,0.015,37,11,-99.34366464683357,-202.69249719214253,0.00021969291949015202,1.9660726316973286e-05,4,225.81891330000053,0.02569943744488512,6,-180.69249719214253,-170.13249719214252,-162.97240015305607,-188.88541764814002,-182.09810089629465,-175.31078414444931,-161.7361506407586,-195.04509014605335,-171.53806228628574,3.82370352304458,27.14926700738142,4.00516789847538
2.0,263c1d0abc503d6f,ok,missing_neural_feedback,ude_sir_h2,ude_sir_h2,31,infected,0.015,37,11,-108.23503166724747,-220.2152628003446,0.0002497561732882328,0.00039282456562648034,4,215.69803310000043,0.0029606119279037557,6,-198.2152628003446,-187.6552628003446,-180.49516576125814,-206.0801508952573,-199.2950348301099,-192.50991876496252,-178.9396866346677,-212.38616657215792,-189.32959907390534,3.9145481140933343,27.140464260589585,3.7451994658496606
2.0,263c1d0abc503d6f,ok,missing_neural_feedback,ude_sir_h2,ude_sir_h2,32,infected,0.015,37,11,-105.56720981289935,-214.38766822423736,5.4347184277685606e-05,4.298865779641289e-05,0,221.85932870000033,0.01858178885807149,6,-192.38766822423736,-181.82766822423736,-174.6675711851509,-200.38614219343108,-193.7432945135994,-187.1004468337677,-173.81475147410433,-206.63256197727583,-184.56302890647194,3.8775531234807676,26.571390719326747,3.2532485984386597
2.0,263c1d0abc503d6f,ok,missing_neural_feedback,ude_sir_h2,ude_sir_h2,33,infected,0.015,37,11,-100.81599983997098,-204.90054726507938,0.00010488817738825125,5.616732832211393e-05,0,223.6215554999999,0.0010905160942371595,6,-182.90054726507938,-172.34054726507938,-165.1804502259929,-190.9276546688434,-184.27038212055777,-177.61310957227215,-164.29856447570089,-197.16130038421974,-175.00290948679947,3.8696234404298187,26.629090193142495,3.2685475851374255
2.0,263c1d0abc503d6f,ok,missing_neural_feedback,ude_sir_h2,ude_sir_h2,34,infected,0.015,37,11,-101.05368402890815,-205.7987999884377,0.00012559827853484825,2.661709087527958e-05,1,212.77982429999975,0.020104926551766766,6,-183.7987999884377,-173.2387999884377,-166.07870294935123,-191.88599964855834,-185.31520895028677,-178.7444182520152,-165.60283685547205,-198.09283675334927,-175.82420526473004,3.8529816175442235,26.283162793086277,3.691431930621406
2.0,263c1d0abc503d6f,ok,missing_neural_feedback,ude_sir_h2,ude_sir_h2,35,infected,0.015,37,11,-95.35900750909282,-193.52958487121205,7.861176614864084e-05,0.00019014765033306447,1,220.62543709999954,0.005576819651935239,6,-171.52958487121205,-160.96958487121205,-153.80948783212557,-179.7177244068288,-173.20953273640936,-166.70134106598994,-153.68495772515107,-185.8795297890853,-164.6852483365079,3.825027541063378,26.032766681677746,2.811569853026418
2.0,263c1d0abc503d6f,ok,missing_neural_feedback,ude_sir_h2,ude_sir_h2,36,infected,0.015,37,11,-96.8153118158435,-197.01366279357418,0.00011284459423700672,5.6046537189688327e-05,0,219.75682870000037,0.03957720440766366,6,-175.01366279357418,-164.45366279357418,-157.2935657544877,-183.0551962148224,-176.46284043569923,-169.87048465657608,-156.68577309832975,-189.28240613449927,-167.26120051519436,3.865628329537463,26.36942311649263,3.383039161887191
2.0,263c1d0abc503d6f,ok,missing_neural_feedback,ude_sir_h2,ude_sir_h2,37,infected,0.015,37,11,-95.08079058433263,-194.2897168285698,7.589165177713526e-05,6.628512778334282e-05,0,217.6832648999998,0.022346358967610058,6,-172.2897168285698,-161.7297168285698,-154.56961978948334,-180.3195742508042,-173.67625318063196,-167.03293211045968,-153.74628997011516,-186.55199311635423,-163.5882968879762,3.868861856107783,26.573284280689048,4.128135659904537
2.0,263c1d0abc503d6f,ok,missing_neural_feedback,ude_sir_h2,ude_sir_h2,38,infected,0.015,37,11,-103.73046952159174,-210.59708285230315,0.00013217525754729352,6.932521850526598e-05,4,227.99753349999992,0.03145909335817976,6,-188.59708285230315,-178.03708285230314,-170.87698581321666,-196.6490207293176,-190.02448773990162,-183.39995475048562,-170.1508887716536,-202.8715889693522,-180.96280708551947,3.862746941475485,26.498131957664004,3.1361438091196625
2.0,263c1d0abc503d6f,ok,missing_neural_feedback,ude_sir_h2,ude_sir_h2,39,infected,0.015,37,11,-98.67279097153245,-201.4557243548561,2.3612017942314193e-05,0.00010737598218772385,0,216.0153150999995,0.18690863502392574,6,-179.4557243548561,-168.8957243548561,-161.73562731576965,-187.77105167506895,-181.44310122942787,-175.1151507837868,-162.45924989250463,-193.8761155069961,-172.03378016050058,3.789804423930001,25.311801782564316,4.110142411791195
2.0,263c1d0abc503d6f,ok,missing_neural_feedback,ude_sir_h2,ude_sir_h2,40,infected,0.015,37,11,-94.74390401267749,-192.26660701336323,7.244337361686426e-05,0.00021567392036211494,3,240.1245413000006,0.002855454931037116,6,-170.26660701336323,-159.70660701336323,-152.54650997427677,-178.4617786696346,-171.96997199319281,-165.47816531675105,-152.49455196386748,-184.62044685259704,-163.52058131958785,3.823080080383092,25.967226705767143,2.778798988008236
2.0,263c1d0abc503d6f,ok,missing_neural_feedback,ude_sir_h2,ude_sir_h2,41,infected,0.015,37,11,-99.82778832965022,-203.2560586136466,0.00015036458505340936,2.190993250003258e-05,0,218.2494356999996,0.0012840948033812083,6,-181.2560586136466,-170.69605861364658,-163.53596157456013,-189.31168879149908,-182.7290940566467,-176.14649932179427,-162.98130985208945,-195.53260980672744,-173.3251977198908,3.8617244034595712,26.330378939409616,3.600481954346143
2.0,263c1d0abc503d6f,ok,missing_neural_feedback,ude_sir_h2,ude_sir_h2,42,infected,0.015,37,11,-97.00203908875503,-197.79123171031733,0.0002486371857555674,7.191894885676814e-05,1,220.20068850000007,0.016565332586040427,6,-175.79123171031733,-165.23123171031733,-158.07113467123088,-183.87828504684626,-177.12618633400723,-170.3740876211682,-156.86989019549011,-190.0851874301344,-166.9956833261539,3.8530221400914666,27.008394851356144,3.7871535328072827
2.0,263c1d0abc503d6f,ok,missing_neural_feedback,ude_sir_h2,ude_sir_h2,43,infected,0.015,37,11,-106.55440905163476,-216.41537777042964,6.470606919536856e-05,3.597443552126724e-05,1,215.86007729999983,0.0032170007389851207,6,-194.41537777042964,-183.85537777042964,-176.6952807313432,-202.53046006359378,-195.99224993052178,-189.45403979744978,-176.37761953130578,-208.7248580506567,-186.95597757098153,3.845259859886464,26.152840532288,3.306559667160126
2.0,263c1d0abc503d6f,ok,missing_neural_feedback,ude_sir_h2,ude_sir_h2,44,infected,0.015,37,11,-102.49970270344754,-208.59812640255635,9.981580763637575e-05,0.000681423038133735,1,237.74214699999993,0.00041654811198554853,6,-186.59812640255635,-176.03812640255634,-168.87802936346986,-194.62792044049166,-188.01273737091913,-181.39755430134662,-168.16718816220157,-200.86036758331224,-178.53867312860498,3.868879409622051,26.4607322782901,3.5987209956612727
2.0,263c1d0abc503d6f,ok,missing_neural_feedback,ude_sir_h2,ude_sir_h2,45,infected,0.015,37,11,-96.56137214685293,-196.47464258768977,7.917936218683454e-05,3.27650628888459e-05,0,230.41413680000005,0.06237315306587732,6,-174.47464258768977,-163.91464258768977,-156.7545455486033,-182.52296854680037,-175.833240777855,-169.1435130089096,-155.76405747101882,-188.74714815086787,-166.3638332179243,3.8637472184109503,26.75891107578154,3.351898293983912
2.0,263c1d0abc503d6f,ok,missing_neural_feedback,ude_sir_h2,ude_sir_h2,46,infected,0.015,37,11,-95.29569422971973,-194.2262039819607,0.0001921692790469012,8.867477883068263e-05,0,231.25902760000008,0.04730137799029421,6,-172.2262039819607,-161.6662039819607,-154.50610694287423,-180.25401158172934,-173.51330197740324,-166.77259237307715,-153.29117316442495,-186.48734492271407,-163.62855004213506,3.8694295296233245,26.962838417304404,3.6348155225212633
2.0,263c1d0abc503d6f,ok,missing_neural_feedback,ude_sir_h2,ude_sir_h2,47,infected,0.015,37,11,-103.83213811103036,-211.10576091650861,0.00010352308977062089,3.821029989258579e-05,0,225.64207110000007,0.023795706713372056,6,-189.10576091650861,-178.5457609165086,-171.38566387742213,-197.06052476884093,-190.39682545128773,-183.73312613373454,-170.40572749862812,-203.32644469417858,-181.0094789518479,3.8896581111650255,26.654797270212804,3.44148469444789
2.0,263c1d0abc503d6f,ok,missing_neural_feedback,ude_sir_h2,ude_sir_h2,48,infected,0.015,37,11,-105.45516041107263,-215.1893633874098,0.00020420011384519982,0.00010316729383564875,0,224.5253242000008,0.0068355022149546585,6,-193.1893633874098,-182.6293633874098,-175.46926634832334,-201.4757076989607,-194.66561365094307,-187.85551960292543,-174.23533150689016,-207.5937015528228,-183.66994463007472,3.7978309172934934,27.24037619207052,4.279042565264548
2.0,263c1d0abc503d6f,ok,missing_neural_feedback,ude_sir_h2,ude_sir_h2,49,infected,0.015,37,11,-103.44116961511143,-210.5243937515823,0.00015971859267547336,0.00013504038683830635,3,238.01877160000004,0.0027161701632678614,6,-188.5243937515823,-177.9643937515823,-170.80429671249584,-196.79052312198382,-190.07847685582757,-183.36643058967135,-169.94233805735888,-202.91753535056074,-180.0341541655979,3.8034292005107746,26.848185064624957,3.642054521359425
2.0,263c1d0abc503d6f,ok,missing_neural_feedback,ude_sir_h2,ude_sir_h2,50,infected,0.015,37,11,-97.15430471668896,-198.899560466141,6.390379698463885e-05,6.645049422842228e-05,4,224.07780009999988,0.042437693799527665,6,-176.899560466141,-166.339560466141,-159.17946342705454,-184.52699180878338,-177.8675991825123,-171.20820655624124,-157.8894213036991,-190.9389426924554,-167.67103892829363,3.980308886842787,26.637570505084295,4.590951032763085
2.0,263c1d0abc503d6f,ok,missing_neural_feedback,ude_sir_h2,ude_sir_h2,51,infected,0.015,37,11,-101.48906017038736,-207.06228024187186,0.00011088240461088631,0.0001465074669674658,1,216.5617688000002,0.007999118286790008,6,-185.06228024187186,-174.50228024187186,-167.3421832027854,-193.1045927021565,-186.4726367084777,-179.84068071479888,-166.57676872744122,-199.3314550736562,-176.45029636605943,3.865412584107827,26.527823974715282,4.084159901097148
2.0,263c1d0abc503d6f,ok,missing_neural_feedback,ude_sir_h2,ude_sir_h2,52,infected,0.015,37,11,-109.50470629042557,-222.48586522138288,0.00017950651335342995,0.00015707273066408578,0,223.94680659999995,0.08451168932775488,6,-200.48586522138288,-189.92586522138288,-182.76576818229643,-208.50396268284408,-201.90101129317387,-195.29805990350366,-182.09215712416326,-214.7416279516411,-192.59760702217034,3.8721186348708914,26.411805558680822,3.4764526405317238
2.0,263c1d0abc503d6f,ok,missing_neural_feedback,ude_sir_h2,ude_sir_h2,53,infected,0.015,37,11,-107.36397521713457,-218.24013440534122,0.00019393185256471216,6.059353209808099e-05,0,215.56437379999988,0.01288579435404813,6,-196.24013440534122,-185.68013440534122,-178.52003736625477,-204.1428098918804,-197.41172174814568,-190.68063360441096,-177.2184573169415,-210.43196769842345,-187.80359785933024,3.9040833534588844,26.92435257493888,3.512183971072079
2.0,263c1d0abc503d6f,ok,missing_neural_feedback,ude_sir_h2,ude_sir_h2,54,infected,0.015,37,11,-109.72441216375051,-222.5265064983854,4.8473843674301775e-05,0.00019490686356678306,0,235.41204689999995,0.08121929069730527,6,-200.5265064983854,-189.9665064983854,-182.80640945929895,-208.58348454788256,-201.98376961379944,-195.38405467971631,-182.18462481155007,-214.80380424493399,-193.04996459116853,3.86135112672571,26.398859736332486,3.0776821708843745
2.0,263c1d0abc503d6f,ok,missing_neural_feedback,ude_sir_h2,ude_sir_h2,55,infected,0.015,37,11,-108.60696991577085,-221.26840182278943,0.00018230381365015117,0.0001378985856962371,0,223.1921957000004,0.021463840297016645,6,-199.26840182278943,-188.70840182278943,-181.54830478370297,-207.52580386342666,-200.73387990171622,-193.94195594000578,-180.35810801658494,-213.65670956512787,-190.04624398469997,3.805846128830786,27.167695846841738,4.054461991247739
2.0,263c1d0abc503d6f,ok,missing_neural_feedback,ude_sir_h2,ude_sir_h2,56,infected,0.015,37,11,-100.66006489600456,-205.861726306646,0.00014069884079124042,5.3060175533266745e-05,1,211.86036309999963,0.01594997682687449,6,-183.861726306646,-173.301726306646,-166.14162926755955,-191.46181585671724,-184.8183165863382,-178.17481731595916,-164.88781877520108,-197.88596457608708,-174.74613271049296,3.987880865279467,26.573997081516158,4.541596514636883
2.0,263c1d0abc503d6f,ok,missing_neural_feedback,ude_sir_h2,ude_sir_h2,57,infected,0.015,37,11,-107.03871052641881,-217.44229973926682,9.2847733913077e-05,0.00044122830509388207,1,229.98669549999977,0.0012972050039650185,10,-195.44229973926682,-184.8822997392668,-177.72220270018033,-203.3722459042979,-196.70736008718063,-190.04247427006337,-176.71270263582886,-209.6492376008558,-187.41787778436859,3.8965310692055066,26.65954326846904,3.364878686429188
2.0,263c1d0abc503d6f,ok,missing_neural_feedback,ude_sir_h2,ude_sir_h2,58,infected,0.015,37,11,-109.30242562944413,-221.65530637276373,0.0001100044792722739,2.008363699768115e-05,0,215.03953960000035,0.006815403406847054,6,-199.65530637276373,-189.09530637276373,-181.93520933367728,-207.7425983663506,-201.15295645206356,-194.56331453777653,-181.38403070920248,-213.94939427894653,-192.24628360174015,3.852956046908603,26.358567657148114,3.050455113875479
2.0,263c1d0abc503d6f,ok,missing_neural_feedback,ude_sir_h2,ude_sir_h2,59,infected,0.015,37,11,-107.58998449632809,-218.21756181830042,0.0001246463124901261,2.1466020468884286e-05,2,215.02378269999917,0.0028018363841653127,6,-196.21756181830042,-185.65756181830042,-178.49746477921394,-204.3548241365387,-197.82676324208447,-191.29870234763024,-178.24258055872178,-210.53932707736706,-189.06772541483926,3.8391173704666772,26.1122435778169,3.037592825644262
2.0,263c1d0abc503d6f,ok,missing_neural_feedback,ude_sir_h2,ude_sir_h2,60,infected,0.015,37,11,-105.52628057322741,-214.46927882122833,8.641994548886113e-05,0.00027364156183563534,3,220.70236209999894,0.02067833634900751,6,-192.46927882122833,-181.90927882122833,-174.74918178214187,-200.63535000538513,-194.1137201863086,-187.5920903672321,-174.54883072907901,-206.80700061357294,-184.9660418701487,3.8311391038276996,26.08651927630611,3.416717674773507
2.0,263c1d0abc503d6f,ok,missing_neural_feedback,ude_sir_h2,ude_sir_h2,61,infected,0.015,37,11,-101.92845104502497,-207.80988203391735,0.0001003482548253155,6.472887469965314e-05,0,224.14818699999887,0.007186014024313181,6,-185.80988203391735,-175.24988203391734,-168.0897849948309,-193.85043461063105,-187.2382732953772,-180.62611198012334,-167.40178934961563,-200.07808210880413,-177.4082568290345,3.8658999625566093,26.44864526101543,3.9529799438674047
2.0,263c1d0abc503d6f,ok,missing_neural_feedback,ude_sir_h2,ude_sir_h2,62,infected,0.015,37,11,-95.29582667627653,-193.32969757908955,0.00010925345821448946,0.0001538414527474017,0,221.28234030000021,0.017235315168747434,6,-171.32969757908955,-160.76969757908955,-153.6096005400031,-179.56046436675632,-173.0431216034541,-166.5257788401519,-153.49109331354748,-185.70325269973188,-164.52228229934423,3.813222439678836,26.06937105320885,2.7380442265364953
2.0,263c1d0abc503d6f,ok,missing_neural_feedback,ude_sir_h2,ude_sir_h2,63,infected,0.015,37,11,-101.03178021001119,-205.9078219669541,0.00011006063604671607,6.713542451152255e-05,0,214.95143929999904,0.002841869950344744,6,-183.9078219669541,-173.3478219669541,-166.18772492786763,-192.0174662739602,-185.43019997366713,-178.8429336733741,-165.66840107278796,-198.21429027831917,-175.71449521885015,3.846765844317461,26.349065201172227,3.8442615469317047
2.0,263c1d0abc503d6f,ok,missing_neural_feedback,ude_sir_h2,ude_sir_h2,64,infected,0.015,37,11,-109.40617808722715,-222.2073216743174,0.0001420733698600324,7.092343960225729e-05,1,220.68532609999966,0.0054064387113186285,6,-200.2073216743174,-189.6473216743174,-182.48722463523092,-208.25552748458452,-201.67642528046946,-195.09732307635437,-181.93911866812425,-214.47976068996027,-192.49594735799403,3.863780492178557,26.316408816460267,3.3949654998631025
2.0,263c1d0abc503d6f,ok,missing_neural_feedback,ude_sir_h2,ude_sir_h2,65,infected,0.015,37,11,-102.70033723632052,-208.85233539914967,0.00011637791553799616,0.00020254589867591411,0,232.66859440000007,0.024527815263780894,6,-186.85233539914967,-176.29233539914966,-169.13223836006318,-194.82807731030834,-188.10334412379115,-181.37861093727395,-167.92914456423952,-201.08463841565796,-178.50174172657222,3.8838484917458453,26.898932746068816,3.4516609265086142
2.0,263c1d0abc503d6f,ok,missing_neural_feedback,ude_sir_h2,ude_sir_h2,66,infected,0.015,37,11,-105.54996450540258,-214.7551010880059,0.00016081310447754645,0.00020291193952405196,0,218.25083359999917,0.001775341236950112,6,-192.7551010880059,-182.19510108800588,-175.0350040489194,-200.63611907552814,-193.85546339388614,-187.07480771224414,-173.51349634896013,-206.9349388167796,-183.97730628423716,3.9100811356131384,27.122622726568007,3.6551720772007177
2.0,263c1d0abc503d6f,ok,missing_neural_feedback,ude_sir_h2,ude_sir_h2,67,infected,0.015,37,11,-105.1133113148465,-214.1885722778806,0.00012607193420188244,6.518825188484488e-05,0,215.10819380000066,0.0003429286097258455,6,-192.1885722778806,-181.6285722778806,-174.46847523879416,-200.1924186837167,-193.53430817722952,-186.87619767074233,-173.55997665776795,-206.43644169349147,-183.59418060374423,3.876065292194561,26.632442025948762,3.9619496481876175
2.0,263c1d0abc503d6f,ok,missing_neural_feedback,ude_sir_h2,ude_sir_h2,68,infected,0.015,37,11,-107.81978341196535,-220.95217922810895,0.00010209938873611417,6.00891716516758e-05,2,231.29003130000092,0.04039200578881719,10,-198.95217922810895,-188.39217922810894,-181.2320821890225,-206.73484663242468,-200.2246763222507,-193.71450601207675,-180.69416539172883,-213.07754295022517,-189.59888558323485,3.937318138941884,26.04068124069585,5.312612404178254
2.0,263c1d0abc503d6f,ok,missing_neural_feedback,ude_sir_h2,ude_sir_h2,69,infected,0.015,37,11,-110.18486623920202,-223.59484242542575,7.385081510220223e-05,4.2712902010570335e-05,0,204.74799170000006,0.018644642205245532,6,-201.59484242542575,-191.03484242542575,-183.87474538633927,-209.72628810532294,-203.2043129511086,-196.68233779689422,-183.63838748846553,-215.9133859893546,-194.28183186154664,3.84072821803558,26.08790061685741,3.225109947021716
2.0,263c1d0abc503d6f,ok,missing_neural_feedback,ude_sir_h2,ude_sir_h2,70,infected,0.015,37,11,-102.52703021095192,-208.56521444487632,0.00017894245619826498,0.00012922541808872243,3,160.8585533000005,0.002076647641771956,6,-186.56521444487632,-176.00521444487632,-168.84511740578984,-194.55459694998473,-187.92294670498634,-181.291296459988,-168.02799596999125,-200.8050726560912,-178.52745944191037,3.880070894392561,26.526600979993482,3.5111540229724856
2.0,263c1d0abc503d6f,ok,missing_neural_feedback,ude_sir_h2,ude_sir_h2,71,infected,0.015,37,11,-99.97870097102052,-203.30444453801925,0.00015480734496472312,5.6277257924961205e-05,4,108.19265059999998,0.00964403556099569,6,-181.30444453801925,-170.74444453801925,-163.5843474989328,-189.40048222559741,-182.7348231885026,-176.06916415140773,-162.73784607721808,-195.60337647234275,-173.29476579366167,3.8505340328382496,26.66263614837935,3.347042595978225
2.0,263c1d0abc503d6f,ok,missing_neural_feedback,ude_sir_h2,ude_sir_h2,72,infected,0.015,37,11,-104.49682268906037,-212.0268232508872,0.00010149785352352092,0.0002223509523878736,0,96.1812461999998,0.008379910781130206,6,-190.0268232508872,-179.4668232508872,-172.3067262118007,-198.23082515151398,-191.67186989312978,-185.11291463474558,-171.99500411797717,-204.38555394866114,-182.75782434458392,3.820634651113019,26.235821033536812,3.033177872766461
2.0,263c1d0abc503d6f,ok,missing_neural_feedback,ude_sir_h2,ude_sir_h2,73,infected,0.015,37,11,-103.41481450370239,-210.648459483362,8.681899262714218e-05,3.496151265368711e-05,1,100.8789254000003,0.008992910988638414,6,-188.648459483362,-178.088459483362,-170.92836244427554,-196.79348204416414,-190.25157846852852,-183.7096748928929,-170.6258677416217,-202.9745229528846,-180.66201470486234,3.8369682652386965,26.167614302542432,3.818830475957215
2.0,263c1d0abc503d6f,ok,missing_neural_feedback,ude_sir_h2,ude_sir_h2,74,infected,0.015,37,11,-103.48278385059636,-210.44946006686075,0.00013455195690649898,9.656454536150398e-05,1,98.37577880000026,0.002814963070250087,6,-188.44946006686075,-177.88946006686075,-170.7293630277743,-196.41290609688315,-189.75250952896704,-183.09211296105093,-169.77131982521874,-202.6749526925301,-180.32398142952832,3.8872536871653307,26.64158627166441,3.483892365668022
2.0,263c1d0abc503d6f,ok,missing_neural_feedback,ude_sir_h2,ude_sir_h2,75,infected,0.015,37,11,-104.35859961845858,-211.4459640208467,7.232867602711087e-05,0.0003221308995396486,4,93.14644960000078,0.0021813506653671766,6,-189.4459640208467,-178.8859640208467,-171.72586698176025,-197.70949681382078,-191.2837674624131,-184.85803811100538,-172.00657940819002,-203.83766743845948,-183.01428183128638,3.8041482911936115,25.70291740563077,2.7287647839295204
2.0,263c1d0abc503d6f,ok,missing_neural_feedback,ude_sir_h2,ude_sir_h2,76,infected,0.015,37,11,-101.19004577559394,-205.14575690967345,8.761351695664638e-05,4.045072529582786e-05,2,95.3545422999996,0.003717509857935397,6,-183.14575690967345,-172.58575690967345,-165.42565987058697,-191.69163705163544,-185.2144540376961,-178.7372710237568,-165.78290499587814,-197.6938456873628,-176.4713594954306,3.725955611155325,25.9087320557573,2.7656653584855713
2.0,263c1d0abc503d6f,ok,missing_neural_feedback,ude_sir_h2,ude_sir_h2,77,infected,0.015,37,11,-104.29838545002491,-211.96586961475413,0.00016505084978711343,0.0005438180110492293,4,99.50582450000002,0.006529678648320214,6,-189.96586961475413,-179.40586961475412,-172.24577257566767,-197.9416420411008,-191.2501006794479,-184.55855931779504,-171.17547659448925,-204.1981895328862,-181.83060545343827,3.8838400409339657,26.76616544661154,3.369098714704301
2.0,263c1d0abc503d6f,ok,missing_neural_feedback,ude_sir_h2,ude_sir_h2,78,infected,0.015,37,11,-106.16765018429221,-216.0783034929787,0.0002039350207323047,5.745975980036192e-05,0,96.95315669999945,0.02546091822961216,6,-194.0783034929787,-183.5183034929787,-176.35820645389225,-201.94956064955372,-195.20544478242294,-188.46132891529217,-174.9730971810306,-208.25273493383153,-185.3588369000613,3.912784279573585,26.976463468523107,3.743003124394286
2.0,263c1d0abc503d6f,ok,missing_neural_feedback,ude_sir_h2,ude_sir_h2,79,infected,0.015,37,11,-106.16932771874203,-215.95358950094777,4.0059085495589196e-05,6.032426955263774e-05,4,99.76747049999904,0.005038366037240394,6,-193.95358950094777,-183.39358950094777,-176.23349246186132,-202.22196611511794,-195.75781074159542,-189.2936553680729,-176.36534462102787,-208.34797579383672,-186.482033943394,3.802806853555519,25.856621494090074,3.6149340634637235
2.0,ea64b4ce08c760ff,ok,missing_time_varying_transmission,tv_sir,neural_ode_h2,0,infected,0.015,37,14,-80.8889203002569,-211.74075657636195,3.090269273430575e-07,4.8966077959446534e-05,1,156.2235387,0.11494962362846195,14,-183.74075657636195,-164.64984748545285,-161.18790579934281,-193.43694353681423,-186.8752239184958,-180.31350430017739,-167.19006506354054,-201.60271772731812,-135.53096212724012,5.069019424521917,26.24687847327369,49.96291597584815
2.0,ea64b4ce08c760ff,ok,missing_time_varying_transmission,tv_sir,neural_ode_h2,1,infected,0.015,37,14,-75.3968824973349,-204.79750231076483,8.51214019511752e-08,6.969933487160974e-05,3,206.8468356000085,0.3353447053180503,14,-176.79750231076483,-157.70659321985573,-154.2446515337457,-186.38650209021222,-179.81534561071305,-173.2441891312139,-160.10187617221555,-194.60009507750513,-124.50913907667314,5.098703616629852,26.28462591799667,54.00373731609501
2.0,ea64b4ce08c760ff,ok,missing_time_varying_transmission,tv_sir,neural_ode_h2,2,infected,0.015,37,14,-81.3701630031766,-211.2807408484403,4.989426624515621e-06,0.00010870992957108392,2,211.0605125000002,0.1393647363028947,14,-183.2807408484403,-164.1898317575312,-160.72789007142117,-192.94526145457456,-186.3607552427539,-179.77624903093323,-166.6072366072919,-201.12516277248292,-136.40230115907053,5.077789037978693,26.338024847282657,48.540414842087095
2.0,ea64b4ce08c760ff,ok,missing_time_varying_transmission,tv_sir,neural_ode_h2,3,infected,0.015,37,14,-69.74437322807887,-190.628796622354,1.0745873219930221e-07,5.573874768382227e-05,0,224.0037786999892,0.3996665937601591,14,-162.628796622354,-143.5378875314449,-140.07594584533487,-172.44462420897662,-165.94032786806898,-159.4360315271613,-146.42743884534602,-180.55702381926562,-113.47156109252714,5.035886401544191,26.01718536363061,51.140050166196275
2.0,ea64b4ce08c760ff,ok,missing_time_varying_transmission,tv_sir,neural_ode_h2,4,infected,0.015,37,14,-71.84946661038086,-196.35747926323603,1.713392945568902e-06,4.0591826554019535e-05,1,214.81667830000515,0.19097905244638014,14,-168.35747926323603,-149.26657017232694,-145.8046284862169,-177.9406000597553,-171.32314039863883,-164.70568073752239,-151.47076141528945,-186.15681580368133,-117.22909457629588,5.1003317297773485,26.469838644465842,52.65854604247433
2.0,ea64b4ce08c760ff,ok,missing_time_varying_transmission,tv_sir,neural_ode_h2,5,infected,0.015,37,14,-71.84692154706403,-197.80000502450608,1.3899423924753964e-05,4.881604611852323e-05,3,203.44793120000395,0.306837294648588,14,-169.80000502450608,-150.70909593359698,-147.24715424748695,-179.60621832742464,-173.1328900704297,-166.6595618134348,-153.71290529944497,-187.72290710246642,-117.80053006614838,5.038548961019829,25.893313027979676,54.106161930378036
2.0,ea64b4ce08c760ff,ok,missing_time_varying_transmission,tv_sir,neural_ode_h2,6,infected,0.015,37,14,-76.50462624797956,-208.3516313426468,1.2977503038563172e-06,0.00011382147694981208,0,205.85370879998663,0.04988860240608517,14,-180.3516313426468,-161.26072225173772,-157.79878056562768,-189.97429746182357,-183.4148870198335,-176.85547657784338,-163.7366556938632,-198.172871079794,-126.77161072799875,5.089380131426408,26.237641767960366,55.34237884668771
2.0,ea64b4ce08c760ff,ok,missing_time_varying_transmission,tv_sir,neural_ode_h2,7,infected,0.015,37,14,-71.84963873214114,-192.95122390233348,2.0142820862959452e-06,2.9854326851854646e-05,3,224.01672109999345,1.1512482371587822,14,-164.95122390233348,-145.8603148114244,-142.39837312531435,-174.62494650438254,-168.0811378031984,-161.53732910201427,-148.449711699646,-182.8007425891037,-117.52404265954576,5.075240656614892,26.175234804736526,49.2519464380512
2.0,ea64b4ce08c760ff,ok,missing_time_varying_transmission,tv_sir,neural_ode_h2,8,infected,0.015,37,14,-73.8419614253653,-194.94526756859744,1.345039101819958e-06,5.311266367101594e-06,1,202.9974629000062,0.16477136427009498,14,-166.94526756859744,-147.85435847768835,-144.3924167915783,-176.7006323165346,-170.184099619377,-163.66756692221938,-150.63450152790418,-184.84000586315892,-121.61779206210016,5.052630852719263,26.06613078863044,47.26134471786686
2.0,ea64b4ce08c760ff,ok,missing_time_varying_transmission,tv_sir,neural_ode_h2,9,infected,0.015,37,14,-78.07311918397299,-206.9933635022038,1.2535974554610228e-06,0.0001368969949086761,2,207.5936650999938,0.01614207606270668,14,-178.9933635022038,-159.9024544112947,-156.44051272518467,-188.4224728099042,-181.75810547161663,-175.09373813332905,-161.7650034567539,-196.7073968081006,-129.4887690147957,5.142983347051604,26.65746935315029,50.84712513425783
2.0,ea64b4ce08c760ff,ok,missing_time_varying_transmission,tv_sir,neural_ode_h2,10,infected,0.015,37,14,-78.76925343864602,-209.1212311781326,9.384490319268414e-08,5.366289444016342e-05,2,215.14571280000382,0.06631280087401592,14,-181.1212311781326,-162.0303220872235,-158.56838040111347,-190.80865575424423,-184.27311165490676,-177.73756755556926,-164.6664793568943,-198.97833905656768,-131.39633047994212,5.071446060782459,26.142176397349917,51.58272430084055
2.0,ea64b4ce08c760ff,ok,missing_time_varying_transmission,tv_sir,neural_ode_h2,11,infected,0.015,37,14,-79.78106785663209,-205.19737970202073,9.748202845698001e-06,5.980609067610808e-05,0,221.8742908000131,0.9905232841863381,14,-177.19737970202073,-158.10647061111163,-154.6445289250016,-187.0930003507723,-180.49556708008157,-173.89813380939083,-160.70326726800937,-195.16980234400162,-133.17240263050127,5.013788679009557,26.38973308276291,45.63524398875654
2.0,ea64b4ce08c760ff,ok,missing_time_varying_transmission,tv_sir,neural_ode_h2,12,infected,0.015,37,14,-81.4714034283635,-208.6030260904262,1.7028208558858728e-06,4.724622457605804e-05,4,217.854685600003,0.040260550324887845,14,-180.6030260904262,-161.5121169995171,-158.05017531340707,-190.30500700747908,-183.75100058962502,-177.19699417177094,-164.08898133606283,-198.46819637365329,-136.72678118531076,5.067414858386451,26.21602567141625,45.660219233699195
2.0,ea64b4ce08c760ff,ok,missing_time_varying_transmission,tv_sir,neural_ode_h2,13,infected,0.015,37,14,-82.13764542779842,-214.32596045913021,5.267859086528947e-06,6.893130037844856e-05,1,226.7990482999885,0.4307384852180576,14,-186.32596045913021,-167.23505136822112,-163.77310968211108,-195.73306070209685,-189.08592077531142,-182.43878084852602,-169.1445009949552,-204.02780347698047,-137.68673114845518,5.149078491074873,26.58855970714167,50.050669603533365
2.0,ea64b4ce08c760ff,ok,missing_time_varying_transmission,tv_sir,neural_ode_h2,14,infected,0.015,37,14,-81.26959609691349,-213.8790343939595,1.439794906641279e-06,6.181978375988105e-05,1,218.20700990001205,0.5612923882857501,14,-185.8790343939595,-166.7881253030504,-163.32618361694037,-195.75071151611243,-189.2808805255601,-182.81104953500778,-169.8713875539031,-203.83819529630637,-136.65986823161765,5.020419548826564,25.879323962209327,51.33984220013251
2.0,ea64b4ce08c760ff,ok,missing_time_varying_transmission,tv_sir,neural_ode_h2,15,infected,0.015,37,14,-83.93524711564096,-217.83078283006972,5.69202705457369e-07,9.92584117531582e-05,1,222.7467561000085,0.13182993021527523,14,-189.83078283006972,-170.73987373916063,-167.2779320530506,-199.49427820974927,-192.93023787043683,-186.36619753112439,-173.23811685249953,-207.67463690600306,-141.6143328740322,5.078072962033325,26.25616135724975,49.9602885987878
2.0,ea64b4ce08c760ff,ok,missing_time_varying_transmission,tv_sir,neural_ode_h2,16,infected,0.015,37,14,-78.91232573173212,-205.07457801566568,5.716085424628528e-06,7.065440930211896e-05,1,172.08489879999996,0.44079322548542166,14,-177.07457801566568,-157.98366892475659,-154.52172723864655,-186.84828236280583,-180.32928349797623,-173.81028463314664,-160.77228690348744,-194.97947417016564,-131.74865600414586,5.047551922750024,26.0759954593184,47.249926552201416
2.0,ea64b4ce08c760ff,ok,missing_time_varying_transmission,tv_sir,neural_ode_h2,17,infected,0.015,37,14,-79.82667642032564,-210.42278378230654,1.8613709291967315e-07,4.347232776508405e-05,1,173.93562880000007,0.2376800974377744,14,-182.42278378230654,-163.33187469139745,-159.8699330052874,-192.13244428978882,-185.58451555311916,-179.0365868164495,-165.94072934311015,-200.29220760472518,-133.4616378939726,5.065288088790686,26.191714946678665,50.76943094165525
2.0,ea64b4ce08c760ff,ok,missing_time_varying_transmission,tv_sir,neural_ode_h2,18,infected,0.015,37,14,-75.0376835332638,-202.08435947010423,3.1339981845666512e-06,0.00017808970756276568,4,200.456137,0.1350625821059026,14,-174.08435947010423,-154.99345037919514,-151.5315086930851,-183.67980735157153,-177.08276261260895,-170.4857178736464,-157.29162839572123,-191.8905236844243,-123.68718811067733,5.0969178928399685,26.388178955850282,52.00899240357663
2.0,ea64b4ce08c760ff,ok,missing_time_varying_transmission,tv_sir,neural_ode_h2,19,infected,0.015,37,14,-82.94006201881133,-215.8336061987928,3.965264089816185e-06,4.0732653014568806e-05,2,181.94804980000004,0.107394854734423,14,-187.8336061987928,-168.7426971078837,-165.28075542177368,-197.5512448940201,-190.9973652166764,-184.44348553933273,-171.33572618464532,-205.7074489462261,-139.6646053282479,5.06307862628336,26.21551870937477,49.95348216117015
2.0,ea64b4ce08c760ff,ok,missing_time_varying_transmission,tv_sir,neural_ode_h2,20,infected,0.015,37,14,-78.80921129677438,-210.27450476193928,1.1966709484210004e-07,3.6071165396649265e-05,4,177.72063689999993,0.00012045837230800771,14,-182.27450476193928,-163.1835956710302,-159.72165398492015,-192.0072092756085,-185.5013894602685,-178.99556964492854,-165.9839300142486,-200.15669210141613,-131.59514333218888,5.058906330261577,26.023279261359882,52.65608216839054
2.0,ea64b4ce08c760ff,ok,missing_time_varying_transmission,tv_sir,neural_ode_h2,21,infected,0.015,37,14,-81.15905447837069,-211.45302476863682,1.6082687832103432e-07,3.151350225073861e-05,3,194.2898358,0.04289381539875592,14,-183.45302476863682,-164.36211567772773,-160.9001739916177,-193.2223241829169,-186.71658331170093,-180.21084244048495,-167.19936069805297,-201.35548113748303,-136.29514547187745,5.048771815576898,26.02296348486393,49.13491581189544
2.0,ea64b4ce08c760ff,ok,missing_time_varying_transmission,tv_sir,neural_ode_h2,22,infected,0.015,37,14,-71.77874577871158,-192.65982603532325,8.99634256126792e-06,1.8923067168764364e-05,0,192.7190548000001,0.997572295230114,14,-164.65982603532325,-145.56891694441416,-142.10697525830412,-174.50377221851286,-168.0074940519498,-161.51121588538675,-148.51865955226063,-182.60362744203263,-117.57237889117093,5.028099296645312,25.98511266625224,49.10233447790009
2.0,ea64b4ce08c760ff,ok,missing_time_varying_transmission,tv_sir,neural_ode_h2,23,infected,0.015,37,14,-79.43999481045303,-208.39842065426757,7.741515401339908e-07,1.961014889136704e-05,4,188.46433790000003,0.017114923004982074,14,-180.39842065426757,-161.30751156335847,-157.84556987724844,-189.9665860284049,-183.33549700908097,-176.70440798975704,-163.44222995110917,-198.18947374837387,-132.35563354361034,5.104473452946845,26.52435607729572,49.51843103336151
2.0,ea64b4ce08c760ff,ok,missing_time_varying_transmission,tv_sir,neural_ode_h2,24,infected,0.015,37,14,-77.59380500794427,-202.2631121299451,2.604570247293105e-07,4.736297294810442e-05,2,183.94856479999999,0.3987311417597823,14,-174.2631121299451,-155.17220303903602,-151.71026135292598,-183.91341964748986,-177.3114173513977,-170.70941505530553,-157.5054104631212,-192.0996617683621,-128.77960083151987,5.081725180791505,26.408009184368673,47.07550211405658
2.0,ea64b4ce08c760ff,ok,missing_time_varying_transmission,tv_sir,neural_ode_h2,25,infected,0.015,37,14,-78.47335608180866,-209.90502111905033,9.674715217641546e-07,4.430521677230955e-05,2,212.35213770000007,0.3819392219677127,14,-181.90502111905033,-162.81411202814124,-159.3521703420312,-191.49113567380644,-184.9118064979288,-178.33247732205115,-165.17381897029588,-199.7060158296946,-130.62939546010676,5.099502644677862,26.317316703510556,52.958308955433004
2.0,ea64b4ce08c760ff,ok,missing_time_varying_transmission,tv_sir,neural_ode_h2,26,infected,0.015,37,14,-76.72901329513039,-206.61759741327614,1.4947515680748735e-05,7.575621174060058e-05,2,218.90742580000006,0.042437676832605575,14,-178.61759741327614,-159.52668832236705,-156.064746636257,-188.5140898550925,-182.02446867953012,-175.53484750396774,-162.55560515284296,-196.5905029203267,-127.49954188801124,5.013547246474712,25.958484702249535,53.159570823015386
2.0,ea64b4ce08c760ff,ok,missing_time_varying_transmission,tv_sir,neural_ode_h2,27,infected,0.015,37,14,-78.76490428084344,-209.15124617796462,9.82460071092789e-07,5.348394393975222e-05,3,210.86636329999988,0.05201617215352883,14,-181.15124617796462,-162.06033708705553,-158.5983954009455,-190.78455053670692,-184.20370937050535,-177.62286820430378,-164.46118587190065,-198.9783781784215,-131.20644389688061,5.086433999771553,26.323364664806256,51.62143761627774
2.0,ea64b4ce08c760ff,ok,missing_time_varying_transmission,tv_sir,neural_ode_h2,28,infected,0.015,37,14,-78.87401515947818,-212.37528374425588,6.056728345540686e-08,3.15986683711836e-05,2,210.85200609999993,0.005980226656987497,14,-184.37528374425588,-165.2843746533468,-161.82243296723675,-193.97517534905398,-187.42936805019065,-180.8835607513273,-167.79194615360066,-202.1839092293322,-131.56480112350303,5.095687257461843,26.18322919545333,54.627253425299514
2.0,ea64b4ce08c760ff,ok,missing_time_varying_transmission,tv_sir,neural_ode_h2,29,infected,0.015,37,14,-77.7137396865329,-211.9695131512795,6.072104448319893e-06,0.00011932033913575094,3,229.1960858000001,0.4070379499946455,14,-183.9695131512795,-164.8786040603704,-161.41666237426037,-193.19544021212545,-186.4928003167017,-179.790160421278,-166.38488063043053,-201.57100873033238,-128.6169197913709,5.199252210473558,26.810559581694932,56.54203377821371
2.0,ea64b4ce08c760ff,ok,missing_time_varying_transmission,tv_sir,neural_ode_h2,30,infected,0.015,37,14,-74.4733669983282,-198.67575722145,6.776078268404101e-07,1.7607104137760836e-05,2,207.56844880000006,0.4052003485829516,14,-170.67575722145,-151.5848481305409,-148.12290644443087,-179.9921908483007,-173.29749903601407,-166.60280722372744,-153.21342359915417,-188.32738219596092,-122.16796674750985,5.174187512744533,26.778767249146554,49.72902322479359
2.0,ea64b4ce08c760ff,ok,missing_time_varying_transmission,tv_sir,neural_ode_h2,31,infected,0.015,37,14,-78.35058118941569,-213.30279293202395,2.1359826334688365e-06,9.326047914563852e-06,2,166.20856709999998,0.14398795970821254,14,-185.30279293202395,-166.21188384111485,-162.74994215500482,-194.92372946330997,-188.36454543028648,-181.80536139726297,-168.686993331216,-203.1230746923173,-130.46442624673742,5.089859119853334,26.236736132093977,56.60163055319256
2.0,ea64b4ce08c760ff,ok,missing_time_varying_transmission,tv_sir,neural_ode_h2,32,infected,0.015,37,14,-82.16771846237245,-210.6151123347464,1.5427224389552396e-05,4.626255318910963e-05,4,161.5692871000001,0.42855348531689685,13,-182.6151123347464,-163.52420324383732,-160.06226155772728,-193.04258376678425,-186.59325640101585,-180.14392903524748,-167.24527430371072,-200.88211424778962,-138.53812746167137,4.866499043478406,25.79730946307354,46.2796754100015
2.0,ea64b4ce08c760ff,ok,missing_time_varying_transmission,tv_sir,neural_ode_h2,33,infected,0.015,37,14,-73.8683619136737,-197.9755678440294,2.5990487268343532e-06,3.124348671851787e-05,1,151.71375030000013,0.1426486612434985,14,-169.9755678440294,-150.8846587531203,-147.42271706701027,-179.79078488014542,-173.280939661693,-166.77109444324057,-153.75140400633575,-187.9034568717988,-121.69734295353771,5.0360554861153055,26.03938087380968,50.23884401668201
2.0,ea64b4ce08c760ff,ok,missing_time_varying_transmission,tv_sir,neural_ode_h2,34,infected,0.015,37,14,-70.67720976838865,-203.58635536658466,2.8721987627493596e-07,0.00025281035119089436,4,150.9295262999999,0.05541273816498915,14,-175.58635536658466,-156.49544627567556,-153.03350458956552,-185.37440478557636,-178.92195768870397,-172.46951059183155,-159.56461639808677,-193.49919690904335,-115.54463114928771,5.043579228770652,25.809788387489593,62.23193582980737
2.0,ea64b4ce08c760ff,ok,missing_time_varying_transmission,tv_sir,neural_ode_h2,35,infected,0.015,37,14,-70.90133764789638,-190.88199898729908,2.834182670848959e-07,2.8098542198972685e-05,1,142.82494279999992,1.0184289389119954,14,-162.88199898729908,-143.79108989639,-140.32914821027995,-172.44384169928637,-165.8205385054035,-159.19723531152061,-145.9506289237549,-180.66955011193227,-115.30946252026129,5.106224437683413,26.493212775531482,49.07932369150632
2.0,ea64b4ce08c760ff,ok,missing_time_varying_transmission,tv_sir,neural_ode_h2,36,infected,0.015,37,14,-76.29015633622487,-199.59333780913573,2.0101976032349894e-07,4.716716235121431e-05,0,167.1636057999999,0.016300737575733137,14,-171.59333780913573,-152.50242871822664,-149.0404870321166,-181.2836739568722,-174.69548487739456,-168.10729579791695,-154.93091763896166,-189.4520583365954,-126.2275563545392,5.0706397362701665,26.352756317910536,47.01302513668598
2.0,ea64b4ce08c760ff,ok,missing_time_varying_transmission,tv_sir,neural_ode_h2,37,infected,0.015,37,14,-71.23306110368303,-194.11750933388728,1.3419021341335694e-05,5.6158076844836795e-05,2,185.2850687,0.06662036303561081,14,-166.11750933388728,-147.0266002429782,-143.56465855686815,-175.7800878930967,-169.23216386760095,-162.68423984210517,-149.58839179111368,-183.96085560516136,-116.27442610538304,5.078326864362964,26.19169610198302,51.65138712652123
2.0,ea64b4ce08c760ff,ok,missing_time_varying_transmission,tv_sir,neural_ode_h2,38,infected,0.015,37,14,-75.60008209058734,-204.7059915951681,6.494192135683096e-08,4.7285911022039286e-05,2,189.1608337,0.26955701616967076,14,-176.7059915951681,-157.615082504259,-154.15314081814896,-186.31019595246192,-179.7330572221389,-173.15591849181587,-160.00164103116984,-194.51700580942634,-124.89160925988259,5.094492892870879,26.308554921292092,53.50582741399343
2.0,ea64b4ce08c760ff,ok,missing_time_varying_transmission,tv_sir,neural_ode_h2,39,infected,0.015,37,14,-72.96948015621041,-193.4440550280973,3.336947427762915e-06,0.00011856548113131404,1,220.45257430000015,0.060652772395229704,14,-165.4440550280973,-146.3531459371882,-142.89120425107816,-175.5201300186661,-169.05112228906253,-162.582114559459,-149.64409910025188,-183.51642696063686,-120.0629293940066,4.963814033730209,25.87603091841421,47.505094715676485
2.0,ea64b4ce08c760ff,ok,missing_time_varying_transmission,tv_sir,neural_ode_h2,40,infected,0.015,37,14,-65.72462969990555,-184.74105009636992,4.942185797285497e-07,0.00015783594978228998,1,214.1264741,0.06497150167031407,14,-156.74105009636992,-137.65014100546082,-134.1881993193508,-166.58134948997028,-160.09285348511509,-153.60435748025986,-140.62736547054945,-174.68283163462618,-105.49527538039027,5.029109230871868,25.953984019420822,53.29179069655881
2.0,ea64b4ce08c760ff,ok,missing_time_varying_transmission,tv_sir,neural_ode_h2,41,infected,0.015,37,14,-72.0158246365456,-196.4636682265596,5.240186432078576e-07,0.00013301018981133942,0,211.41876890000003,0.2865915225358435,14,-168.4636682265596,-149.3727591356505,-145.91081744954047,-178.09973900189198,-171.5335848517856,-164.9674307016792,-151.83512240146644,-186.292332478182,-117.76703267266568,5.085667874188802,26.264616600425526,52.432018953468415
2.0,ea64b4ce08c760ff,ok,missing_time_varying_transmission,tv_sir,neural_ode_h2,42,infected,0.015,37,14,-72.78604036282368,-195.36847253390965,5.989144214711324e-06,2.520409332029597e-05,4,230.40029549999986,0.12165962135728137,14,-167.36847253390965,-148.27756344300056,-144.81562175689052,-176.83853721479164,-170.189382195634,-163.5402271764764,-150.24191713816117,-185.1051900293518,-118.9754606490169,5.131641252278925,26.59662007663048,49.79639180826227
2.0,ea64b4ce08c760ff,ok,missing_time_varying_transmission,tv_sir,neural_ode_h2,43,infected,0.015,37,14,-80.97585904387246,-211.40222103689754,4.450188485690252e-06,0.0001603614343206885,2,193.72993020000013,0.34603947059231643,14,-183.40222103689754,-164.31131194598845,-160.8493702598784,-193.32956317710205,-186.8534203675285,-180.37727755795498,-167.4249919388079,-201.39221344491597,-136.04714684945077,5.0050037959907945,25.90457123829415,49.45050294915262
2.0,ea64b4ce08c760ff,ok,missing_time_varying_transmission,tv_sir,neural_ode_h2,44,infected,0.015,37,14,-76.30908852613001,-203.091503277308,2.7565339880311296e-06,3.8947171647448626e-05,3,162.97281270000008,0.13736528167123652,14,-175.091503277308,-156.0005941863989,-152.53865250028886,-184.76104819930003,-178.21686841917858,-171.67268863905716,-158.58432907881425,-192.93870804824957,-126.44145793177424,5.076397614529213,26.176719120485778,50.473326225047984
2.0,ea64b4ce08c760ff,ok,missing_time_varying_transmission,tv_sir,neural_ode_h2,45,infected,0.015,37,14,-72.80990408384017,-193.5649078635265,7.489456974187856e-06,2.9776646605609216e-05,2,148.28635830000007,0.046869820529636286,14,-165.5649078635265,-146.47399877261742,-143.01205708650738,-175.1699588628012,-168.53109182865143,-161.8922247945017,-148.61449072620218,-183.37639101227805,-119.06434003108131,5.0942584256242345,26.55546813659902,47.945099695846174
2.0,ea64b4ce08c760ff,ok,missing_time_varying_transmission,tv_sir,neural_ode_h2,46,infected,0.015,37,14,-73.29851202994496,-193.85407222725837,3.410337009732597e-08,5.478192260716864e-05,1,149.54080580000004,0.14902861452802085,14,-165.85407222725837,-146.76316313634928,-143.30122145023924,-175.5013443370323,-168.91739674186752,-162.33344914670275,-149.1655539563732,-183.68894062680798,-120.26123367923083,5.082565800225195,26.33579038065909,47.25704816736844
2.0,ea64b4ce08c760ff,ok,missing_time_varying_transmission,tv_sir,neural_ode_h2,47,infected,0.015,37,14,-75.86934407069606,-203.82277757581755,3.959717902726726e-06,4.9669033145649584e-05,2,199.25385600000004,0.3438178549731816,14,-175.82277757581755,-156.73186848490846,-153.26992679879842,-185.43287338777913,-178.85816879910067,-172.28346421042224,-159.13405503306532,-193.63705492416537,-125.43986978667832,5.092861325826088,26.2988183547138,52.08408943442544
2.0,ea64b4ce08c760ff,ok,missing_time_varying_transmission,tv_sir,neural_ode_h2,48,infected,0.015,37,14,-75.24758945082677,-203.8362930164511,2.0102997428834434e-07,0.0011131125473084495,0,87.10706859999993,0.33896038682937046,14,-175.8362930164511,-156.745383925542,-153.28344223943196,-185.30554909951576,-178.682239038503,-172.05892897749027,-158.8123088554648,-193.57256264914093,-124.00193865760258,5.131865183655074,26.493240244050956,53.34111411479756
2.0,ea64b4ce08c760ff,ok,missing_time_varying_transmission,tv_sir,neural_ode_h2,49,infected,0.015,37,14,-77.97543687373644,-206.541145111616,1.280357412993554e-07,3.779631077784301e-05,2,82.09012330000007,0.1205163922506216,14,-178.541145111616,-159.4502360207069,-155.98829433459687,-188.09946482969454,-181.47753897584073,-174.85561312198692,-161.61176141427927,-196.32674493522603,-129.46317033205764,5.107200088194991,26.487703415415254,50.590271364143106
2.0,ea64b4ce08c760ff,ok,missing_time_varying_transmission,tv_sir,neural_ode_h2,50,infected,0.015,37,14,-74.44052690223772,-198.80106879573634,6.271204149627107e-06,0.0002981881524994646,1,147.92934119999995,0.08556007186102477,14,-170.80106879573634,-151.71015970482725,-148.2482180187172,-180.51990685424104,-173.97938865573568,-167.43887045723028,-154.35783406021955,-188.67557584144856,-122.71898101045394,5.062746477143885,26.162072794021498,49.9200149912609
2.0,ea64b4ce08c760ff,ok,missing_time_varying_transmission,tv_sir,neural_ode_h2,51,infected,0.015,37,14,-74.32161399793466,-204.3988429082484,2.3971325202953626e-06,5.111574337102405e-05,2,138.23187600000006,0.04982519515905892,14,-176.3988429082484,-157.30793381733932,-153.84599213122928,-186.03290137772956,-179.48645510834098,-172.9400088389524,-159.84711630017526,-194.22639259238414,-122.45744291831502,5.086225157932136,26.185785077554304,55.75561491237909
2.0,ea64b4ce08c760ff,ok,missing_time_varying_transmission,tv_sir,neural_ode_h2,52,infected,0.015,37,14,-81.36381220829513,-215.4716565573455,1.5776277399285701e-06,0.000247646084204716,1,157.2052336999999,0.4942335770061419,14,-187.4716565573455,-168.38074746643642,-164.91880578032638,-197.14854977633044,-190.62699594791746,-184.1054421195045,-171.06233446267854,-205.3229313720658,-136.64140910293835,5.074362592639862,26.086215313651895,52.74403214075525
2.0,ea64b4ce08c760ff,ok,missing_time_varying_transmission,tv_sir,neural_ode_h2,53,infected,0.015,37,14,-82.83214267222125,-215.97879864928217,5.435603449160582e-07,2.6050110110909302e-05,4,119.67511639999998,0.09407551740530096,14,-187.97879864928217,-168.88788955837308,-165.42594787226304,-197.66517692659983,-191.11703762043152,-184.56889831426324,-171.47261970192665,-205.83532700814948,-139.47172811976932,5.0717358205663405,26.192557224673187,50.314513304839664
2.0,ea64b4ce08c760ff,ok,missing_time_varying_transmission,tv_sir,neural_ode_h2,54,infected,0.015,37,14,-87.48372510370893,-220.8998457884045,1.1648994470493187e-05,0.00027858767379813985,3,92.50849549999998,0.1851719730212409,14,-192.8998457884045,-173.8089366974954,-170.34699501138536,-203.0136136063527,-196.5414618824131,-190.0693101584735,-177.1250067105943,-210.99309486536623,-149.07884331165948,4.953375461519135,25.888606895758375,45.932395580986636
2.0,ea64b4ce08c760ff,ok,missing_time_varying_transmission,tv_sir,neural_ode_h2,55,infected,0.015,37,14,-79.04342402799577,-211.32801739866903,3.8420782824651764e-07,5.138715433467202e-05,3,78.47816790000002,0.2156388639641733,14,-183.32801739866903,-164.23710830775994,-160.7751666216499,-192.92154754611022,-186.33871502844974,-179.75588251078926,-166.5902174754683,-201.13311942654647,-131.75551798534963,5.097448986061284,26.33133007064191,53.241169342677495
2.0,ea64b4ce08c760ff,ok,missing_time_varying_transmission,tv_sir,neural_ode_h2,56,infected,0.015,37,14,-78.2466580427974,-206.30376712567522,1.765408515887196e-06,3.80850991947003e-05,3,85.08440530000007,0.2658703712959465,14,-178.30376712567522,-159.21285803476613,-155.7509163486561,-188.00242306426964,-181.46545761505132,-174.92849216583298,-161.85456126739635,-196.16709578384248,-130.34545428872153,5.068335670916367,26.14786179687329,49.81045104008041
2.0,ea64b4ce08c760ff,ok,missing_time_varying_transmission,tv_sir,neural_ode_h2,57,infected,0.015,37,14,-83.10193520473702,-216.88375663821964,3.0710017138174546e-06,9.967413385969886e-05,3,78.70776539999997,0.025670724400001177,14,-188.88375663821964,-169.79284754731054,-166.3309058612005,-198.65785493460317,-192.14422097789856,-185.63058702119392,-172.6033191077847,-206.78887099166673,-140.14933458265557,5.04744282327645,26.054535826818476,50.6798862287456
2.0,ea64b4ce08c760ff,ok,missing_time_varying_transmission,tv_sir,neural_ode_h2,58,infected,0.015,37,14,-82.76618751288446,-215.70479033547764,4.338002817539185e-07,6.918829757176313e-05,3,90.99035259999982,0.045122014314543435,14,-187.70479033547764,-168.61388124456855,-165.1519395584585,-197.3785907232879,-190.81575643667864,-184.25292215006934,-171.1272535768508,-205.55435210589755,-139.2810378793318,5.075219114790041,26.251337146437134,50.17241530970873
2.0,ea64b4ce08c760ff,ok,missing_time_varying_transmission,tv_sir,neural_ode_h2,59,infected,0.015,37,14,-85.47942293724493,-218.87147763443426,3.18887725263564e-07,1.8911038812411705e-05,0,76.69508740000015,0.12495770376867199,14,-190.87147763443426,-171.78056854352516,-168.31862685741513,-200.47283298873927,-193.85890732636344,-187.24498166398763,-174.01713033923596,-208.68091385492042,-144.50314322498656,5.09528188975692,26.45570264950331,47.91263175994439
2.0,ea64b4ce08c760ff,ok,missing_time_varying_transmission,tv_sir,neural_ode_h2,60,infected,0.015,37,14,-77.55667331662872,-206.30678433955623,1.4330378283255009e-06,0.00024401853296787392,1,86.89054510000005,0.20197919190785285,14,-178.30678433955623,-159.21587524864714,-155.7539335625371,-188.06373398161324,-181.53432741087857,-175.00492084014394,-161.94610769867464,-196.20240046859536,-128.99572035031883,5.052191935480431,26.11762628293861,51.19343770629881
2.0,ea64b4ce08c760ff,ok,missing_time_varying_transmission,tv_sir,neural_ode_h2,61,infected,0.015,37,14,-77.85797743080416,-204.98168481777887,4.359724077890207e-06,5.54026613477085e-05,3,82.59599649999996,0.39770861567353677,14,-176.98168481777887,-157.89077572686978,-154.42883404075974,-186.744311563386,-180.22862880427985,-173.7129460451737,-160.6815805269614,-194.88044535701366,-129.65322382518372,5.050619730382601,26.062731036424587,49.26572995617057
2.0,ea64b4ce08c760ff,ok,missing_time_varying_transmission,tv_sir,neural_ode_h2,62,infected,0.015,37,14,-68.95365293934412,-187.89308492542168,2.5172030330984637e-07,2.401792012175219e-05,4,75.56860640000014,0.12506088389191916,14,-159.89308492542168,-140.80217583451258,-137.34023414840254,-169.66580952986698,-163.1092975082262,-156.55278548658544,-143.43976144330392,-177.79743842416565,-111.6812577921252,5.047823250628015,26.226048086563054,49.98577904673341
2.0,ea64b4ce08c760ff,ok,missing_time_varying_transmission,tv_sir,neural_ode_h2,63,infected,0.015,37,14,-75.50358715547685,-200.90197435874563,1.7802624056350969e-06,1.2661553661350343e-05,0,76.64980639999999,0.05048015466636002,14,-172.90197435874563,-153.81106526783654,-150.3491235817265,-182.67020014605808,-176.1563128212657,-169.64242549647332,-156.61465084688854,-190.8038360716104,-124.95162501178417,5.049069143567623,26.055549299169527,49.89480004779193
2.0,ea64b4ce08c760ff,ok,missing_time_varying_transmission,tv_sir,neural_ode_h2,64,infected,0.015,37,14,-82.88866818505707,-217.88929738328815,2.9410282709757497e-07,1.617632386614949e-05,1,78.4947654,0.6210768306658423,14,-189.88929738328815,-170.79838829237906,-167.33644660626902,-199.41881701875147,-192.81601216001408,-186.2132073012767,-173.00759758380195,-207.65894553847926,-139.36611693516463,5.115175922404453,26.411219434949523,52.111961013174025
2.0,ea64b4ce08c760ff,ok,missing_time_varying_transmission,tv_sir,neural_ode_h2,65,infected,0.015,37,14,-77.52302693748625,-204.23985232729123,3.724113181761284e-06,0.00014710282177179772,3,92.3025362000003,1.1280209641015233,14,-176.23985232729123,-157.14894323638214,-153.6870015502721,-185.76487607617923,-179.13963715492193,-172.5143982336646,-159.26392039114998,-194.00701031976797,-128.54509818994325,5.116421003761628,26.50095568502926,49.193798452318724
2.0,ea64b4ce08c760ff,ok,missing_time_varying_transmission,tv_sir,neural_ode_h2,66,infected,0.015,37,14,-77.80128377743145,-208.5802237281098,1.297476261269366e-06,0.0001128889562033568,2,86.15421389999983,0.13687131237239214,14,-180.5802237281098,-161.4893146372007,-158.02737295109065,-190.34361070910077,-183.85171012572934,-177.35980954235788,-164.376008375615,-198.479405343316,-129.63496522137712,5.050409192396901,25.967602333485775,52.977656173246885
2.0,ea64b4ce08c760ff,ok,missing_time_varying_transmission,tv_sir,neural_ode_h2,67,infected,0.015,37,14,-76.59622204204844,-207.38992767249724,2.04113089989933e-06,4.7603771202092616e-05,1,95.41822460000003,0.8527694992515222,14,-179.38992767249724,-160.29901858158814,-156.8370768954781,-188.9383435365451,-182.3501839059945,-175.7620242754439,-162.58570501434275,-197.1700419911635,-126.83980556189454,5.109942840666882,26.352638522202348,54.19748358840036
2.0,ea64b4ce08c760ff,ok,missing_time_varying_transmission,tv_sir,neural_ode_h2,68,infected,0.015,37,14,-81.70439710316654,-213.90465971613105,9.578336113715445e-08,4.973650388063178e-05,1,84.74800689999984,0.02818102766912034,14,-185.90465971613105,-166.81375062522196,-163.35180893911192,-195.716465283434,-189.23140231837604,-182.7463393533181,-169.7762134232022,-203.8306592139274,-137.4685423461013,5.037000251101829,25.9402518602318,50.49586550979795
2.0,ea64b4ce08c760ff,ok,missing_time_varying_transmission,tv_sir,neural_ode_h2,69,infected,0.015,37,14,-83.11607190262816,-217.24156023094213,2.1217289264108e-06,1.572873549406546e-05,1,107.09726339999997,0.45785669972912046,14,-189.24156023094213,-170.15065114003303,-166.688709453923,-198.86954158518984,-192.29070423804282,-185.7118668908958,-172.55419219660175,-207.06574394809635,-139.91679441666824,5.087908141422893,26.315349388588086,51.009416425685814
2.0,ea64b4ce08c760ff,ok,missing_time_varying_transmission,tv_sir,neural_ode_h2,70,infected,0.015,37,14,-78.20024733866393,-206.96135430421143,1.4770726175353757e-06,5.476507405229233e-05,4,97.8659091999998,0.29825687042084326,14,-178.96135430421143,-159.87044521330233,-156.4085035271923,-188.67298526370627,-182.15503719851725,-175.63708913332823,-162.60119300295017,-196.8318695122889,-130.32870241657176,5.064742395961267,26.071792260756087,50.56085962688357
2.0,ea64b4ce08c760ff,ok,missing_time_varying_transmission,tv_sir,neural_ode_h2,71,infected,0.015,37,14,-71.02013224643369,-196.30634184739705,1.724154295886163e-07,4.71003269642033e-05,4,88.69045760000017,0.2181566216271449,14,-168.30634184739705,-149.21543275648796,-145.75349107037792,-177.80177488658293,-171.1818901488278,-164.56200541107262,-151.3222359355623,-186.05711026225504,-115.56072554184675,5.124615792571003,26.47953895102063,54.266077354529685
2.0,ea64b4ce08c760ff,ok,missing_time_varying_transmission,tv_sir,neural_ode_h2,72,infected,0.015,37,14,-79.02175287599556,-206.6283626503546,5.610567202404482e-07,7.601680381625421e-05,2,92.20718840000018,0.05167388615761581,14,-178.6283626503546,-159.5374535594455,-156.07551187333547,-188.67113964494604,-182.21562355336448,-175.76010746178295,-162.84907527861986,-196.68229162917277,-132.22144138566495,4.973035510590922,25.822064366326188,48.5848568983635
2.0,ea64b4ce08c760ff,ok,missing_time_varying_transmission,tv_sir,neural_ode_h2,73,infected,0.015,37,14,-73.26875743025317,-203.67459510964827,3.385810070633243e-06,2.0851966369090487e-05,1,99.66965419999997,0.5639654294293166,14,-175.67459510964827,-156.58368601873917,-153.12174433262913,-185.3529039162308,-178.85291437538748,-172.35292483454415,-159.35294575285755,-193.52665398406296,-120.53755669713311,5.073970562792652,25.999958163373243,57.1370802491419
2.0,ea64b4ce08c760ff,ok,missing_time_varying_transmission,tv_sir,neural_ode_h2,74,infected,0.015,37,14,-76.48917618537436,-205.07906132331692,8.695534430637484e-07,0.00012095471212707357,1,100.18306389999998,0.8437427123849517,14,-177.07906132331692,-157.98815223240783,-154.5262105462978,-186.7922543106554,-180.2746697058342,-173.75708510101302,-160.72191589137063,-194.95044170079532,-126.90801395146396,5.064309811260798,26.07033841928477,52.10070895256818
2.0,ea64b4ce08c760ff,ok,missing_time_varying_transmission,tv_sir,neural_ode_h2,75,infected,0.015,37,14,-80.33248827606677,-209.69420057234396,2.1517594901893045e-08,0.00015915667491208193,0,94.14715789999991,0.2513294841936755,14,-181.69420057234396,-162.60329148143487,-159.14134979532483,-191.22629448328428,-184.56719638345794,-177.90809828363157,-164.58990208397887,-199.46527455639037,-134.02858415282813,5.114463007976794,26.636392399305407,49.029224020210414
2.0,ea64b4ce08c760ff,ok,missing_time_varying_transmission,tv_sir,neural_ode_h2,76,infected,0.015,37,14,-72.83921398012072,-197.88942616449074,8.454177697331321e-08,2.940949223554926e-05,1,96.64401210000005,0.10800812797346282,14,-169.88942616449074,-150.79851707358165,-147.3365753874716,-179.68490737635736,-173.14508671632876,-166.60526605630014,-153.52562473624292,-187.8063839970755,-119.519145320127,5.041521083707627,26.15928264011444,52.21099820424929
2.0,ea64b4ce08c760ff,ok,missing_time_varying_transmission,tv_sir,neural_ode_h2,77,infected,0.015,37,14,-76.37392921046973,-209.11182463757729,1.7874898257764804e-07,9.439429082574728e-05,2,116.72222009999996,0.06995639764778616,14,-181.11182463757729,-162.0209155466682,-158.55897386055815,-190.7769418034298,-184.22675957880486,-177.67657735417993,-164.5762129049301,-198.95657698160323,-126.54712952243975,5.077623827987027,26.200728898499708,56.36396621663782
2.0,ea64b4ce08c760ff,ok,missing_time_varying_transmission,tv_sir,neural_ode_h2,78,infected,0.015,37,14,-79.92282669136591,-212.89121445662738,3.004266232936377e-07,0.00016724488996725773,4,128.88026020000007,0.35346456819014804,14,-184.89121445662738,-165.8003053657183,-162.33836367960825,-194.56054488427824,-188.02189151191854,-181.48323813955884,-168.40593139483943,-202.73830042434696,-133.691039893293,5.07645701614021,26.154613489438823,53.04556107389557
2.0,ea64b4ce08c760ff,ok,missing_time_varying_transmission,tv_sir,neural_ode_h2,79,infected,0.015,37,14,-77.30710166475485,-209.05126419567182,9.090301521013669e-06,1.1727009392260276e-05,4,131.3530641000002,0.31135595973063346,14,-181.05126419567182,-161.96035510476273,-158.4984134186527,-190.72275492150732,-184.1763302529451,-177.62990558438287,-164.5370562472584,-198.89954670024818,-128.42850465526078,5.075858747711823,26.18569867424892,54.43706086616212
2.0,d8f9322a27ea0334,ok,missing_time_varying_transmission,tv_sir,seir,0,infected,0.015,37,3,-97.89377818298168,-196.50128471364422,3.7455933752376495e-06,9.821408035709529e-05,2,79.90717369999999,4.305888978706207e-12,3,-190.50128471364422,-189.7740119863715,-185.66853097571155,-187.0286344547768,-182.39378617506233,-177.75893789534786,-168.48924133591893,-191.254613098265,-177.24816324710548,2.6233358076896107,18.539393118857877,0.7137283476808767
2.0,d8f9322a27ea0334,ok,missing_time_varying_transmission,tv_sir,seir,1,infected,0.015,37,3,-76.11649453441134,-152.93436173624644,2.2316458008188607e-06,0.0001523793878462912,0,78.67993169999681,5.2310156206658576e-11,3,-146.93436173624644,-146.20708900897372,-142.10160799831377,-143.46568791096647,-138.8269698717984,-134.18825183263033,-124.9108157542942,-147.6898925711492,-133.67811691215041,2.6222345825486264,18.55487215667226,0.7013726674237636
2.0,d8f9322a27ea0334,ok,missing_time_varying_transmission,tv_sir,seir,2,infected,0.015,37,3,-76.39418047828124,-153.45913831835853,2.323380846242716e-06,0.00013917008516131025,2,81.15388490000623,1.872990651463624e-11,3,-147.45913831835853,-146.7318655910858,-142.62638458042585,-144.01067379297103,-139.3818830039973,-134.75309221502354,-125.49551063707607,-148.22586259514026,-134.27319780066753,2.6166378616091293,18.515163155894964,0.6707773617960385
2.0,d8f9322a27ea0334,ok,missing_time_varying_transmission,tv_sir,seir,3,infected,0.015,37,3,-73.11640517471359,-146.9503046734917,3.843409281367894e-06,0.00011307700787720358,1,95.92507069997373,5.32054400537163e-11,3,-140.9503046734917,-140.22303194621898,-136.11755093555902,-137.53530441298898,-132.90800367115008,-128.2807029293112,-119.0261014456334,-141.73556399631676,-127.7236073820716,2.607370338587467,18.509202967355577,0.7174943240645205
2.0,d8f9322a27ea0334,ok,missing_time_varying_transmission,tv_sir,seir,4,infected,0.015,37,3,-86.87759396995168,-174.4702354766394,3.6584724145019696e-07,4.704440480842923e-05,0,106.71208240001579,5.051958851254312e-11,3,-168.4702354766394,-167.74296274936668,-163.63748173870673,-164.95671347375483,-160.29569993478648,-155.63468639581814,-146.3126593178814,-169.20092599188408,-155.11113378402993,2.6346547423776636,18.644054155873413,0.7150475367360543
2.0,d8f9322a27ea0334,ok,missing_time_varying_transmission,tv_sir,seir,5,infected,0.015,37,3,-82.1271065825245,-164.94592557241646,1.976589572487458e-06,6.259064887439619e-05,1,99.57388750000973,2.9319835448404774e-10,3,-158.94592557241646,-158.21865284514374,-154.11317183448378,-155.28479302566052,-150.61377395157876,-145.94275487749698,-136.60071672933347,-159.59485818153178,-145.57013686872196,2.675533695442338,18.684076296327056,0.6917124073674501
2.0,d8f9322a27ea0334,ok,missing_time_varying_transmission,tv_sir,seir,6,infected,0.015,37,3,-90.46973129626431,-181.61628811068016,7.793065634714761e-07,0.0001690141652705663,4,97.69744069999433,2.864908310584724e-11,3,-175.61628811068016,-174.88901538340744,-170.78353437274748,-172.0582604881557,-167.40105090079658,-162.74384131343743,-153.4294221387192,-176.32232804082898,-162.3106242430921,2.6469800349255967,18.62883834943652,0.6768255181515374
2.0,d8f9322a27ea0334,ok,missing_time_varying_transmission,tv_sir,seir,7,infected,0.015,37,3,-77.50780294238461,-155.69407147793703,2.9061585984607654e-06,0.00013011135745153937,0,102.09378890000517,4.864375569013646e-11,3,-149.69407147793703,-148.9667987506643,-144.86131774000435,-146.21851828720483,-141.58698886421428,-136.95545944122372,-127.69240059524262,-150.44579199888713,-136.48948819280702,2.6241397395249497,18.526117691962217,0.6784655931678069
2.0,d8f9322a27ea0334,ok,missing_time_varying_transmission,tv_sir,seir,8,infected,0.015,37,3,-86.8821901166413,-174.46247198159554,4.034700741171511e-06,5.1465118979576086e-05,0,101.45997300001909,2.2865265236760024e-11,3,-168.46247198159554,-167.73519925432282,-163.62971824366286,-165.0396180671619,-160.41622062983754,-155.7928231925132,-146.54602831786445,-169.24338135567024,-155.27079048398514,2.6095453129626573,18.493589749297442,0.698091748312952
2.0,d8f9322a27ea0334,ok,missing_time_varying_transmission,tv_sir,seir,9,infected,0.015,37,3,-73.9893981497926,-148.71057622231027,4.449817645400813e-06,0.00011488443940011024,3,99.41608129997621,4.405364961712621e-11,3,-142.71057622231027,-141.98330349503755,-137.8778224843776,-139.29633270585157,-134.66891361073382,-130.0414945156161,-120.78665632538065,-143.49625468733814,-129.4691199191143,2.607160767486068,18.50967638047093,0.731779922725056
2.0,d8f9322a27ea0334,ok,missing_time_varying_transmission,tv_sir,seir,10,infected,0.015,37,3,-84.91529306354577,-170.53152772700184,2.9760852075859863e-06,0.00014435841333852164,2,98.63065400000778,6.232880878087599e-11,3,-164.53152772700184,-163.80425499972912,-159.69877398906917,-161.09455794186113,-156.4641040859953,-151.83365023012948,-142.57274251839783,-165.30461866208202,-151.30877070362826,2.613454532459907,18.5218154234633,0.7009415999102996
2.0,d8f9322a27ea0334,ok,missing_time_varying_transmission,tv_sir,seir,11,infected,0.015,37,3,-83.78183873602464,-168.27583937416773,7.364034269949109e-07,0.0001560354232723377,1,97.28735630001756,1.2136069926782511e-11,3,-162.27583937416773,-161.548566646895,-157.44308563623505,-158.84934012986173,-154.20439012529357,-149.55944012072544,-140.26954011158912,-163.05472968829116,-148.98387745377667,2.610554842938292,18.5798000182726,0.7121619021184514
2.0,d8f9322a27ea0334,ok,missing_time_varying_transmission,tv_sir,seir,12,infected,0.015,37,3,-92.78808884140544,-186.2659325151438,2.9697045417901843e-06,9.423772950846865e-05,3,97.61985580000328,1.8115997590939514e-10,3,-180.2659325151438,-179.53865978787107,-175.4331787772111,-176.84855772182698,-172.22129971695765,-167.5940417120883,-158.33952570234962,-181.0498766417381,-167.06714566333352,2.608027936702835,18.50903201947736,0.6897548323329007
2.0,d8f9322a27ea0334,ok,missing_time_varying_transmission,tv_sir,seir,13,infected,0.015,37,3,-86.18456811273245,-173.0704234831213,3.843995692848648e-06,0.00014565307652788286,4,98.8244960999873,5.5848659030743875e-12,3,-167.0704234831213,-166.34315075584857,-162.2376697451886,-163.4745632447586,-158.82230080460232,-154.17003836444604,-144.86551348413346,-167.75550884340532,-153.76008646483976,2.6574573198579787,18.609049760625133,0.7012872576563756
2.0,d8f9322a27ea0334,ok,missing_time_varying_transmission,tv_sir,seir,14,infected,0.015,37,3,-90.92209539602108,-182.54540132545065,3.661590773591053e-06,8.745506860759699e-05,2,96.59282800002256,5.1016968427575193e-11,3,-176.54540132545065,-175.81812859817794,-171.71264758751798,-173.08855655659895,-168.45827941591588,-163.8280022752328,-154.56744799386667,-177.30748398828993,-163.32308222930988,2.6189586685803654,18.521108562732294,0.7012105334085061
2.0,d8f9322a27ea0334,ok,missing_time_varying_transmission,tv_sir,seir,15,infected,0.015,37,3,-84.27802186973344,-169.27046028272218,3.881419209085055e-06,0.00013666199006794416,2,97.57873449998442,1.0317080523236655e-10,3,-163.27046028272218,-162.54318755544946,-158.4377065447895,-159.85758134747817,-155.23115798350094,-150.60473461952367,-141.3518878915692,-164.056894556244,-150.0503502835579,2.6067828632390837,18.505693455908986,0.7144165432553148
2.0,d8f9322a27ea0334,ok,missing_time_varying_transmission,tv_sir,seir,16,infected,0.015,37,3,-88.57846909263993,-177.83024947185598,2.1410354321921805e-06,0.0001446364766055403,1,101.69431210000766,2.6560087462712545e-11,3,-171.83024947185598,-171.10297674458326,-166.9974957339233,-168.4111085320568,-163.78426050788482,-159.15741248371282,-149.90371643536884,-172.61321537267776,-158.6495460885919,2.608517049589107,18.50739209668796,0.6733112865761156
2.0,d8f9322a27ea0334,ok,missing_time_varying_transmission,tv_sir,seir,17,infected,0.015,37,3,-90.58832374112866,-181.89881366111098,2.6383678097840633e-06,0.00010000847911284682,3,106.50396910001291,2.459898951201467e-11,3,-175.89881366111098,-175.17154093383826,-171.0660599231783,-172.45653730766918,-167.8197183828648,-163.18289945806043,-153.90926160845171,-176.66896541649808,-162.62937178303986,2.6149241223064434,18.547275699217465,0.722166178853642
2.0,d8f9322a27ea0334,ok,missing_time_varying_transmission,tv_sir,seir,18,infected,0.015,37,3,-79.43137145568969,-159.5706792769195,2.1386791563717523e-06,0.00016485131211624502,1,78.34512160000003,8.71978045324795e-11,3,-153.5706792769195,-152.84340654964677,-148.73792553898681,-150.11791750161393,-145.4798008077791,-140.84168411394424,-131.56545072627455,-154.33502341102172,-140.31027613604,2.617827932948889,18.552466775339372,0.7079363655401095
2.0,d8f9322a27ea0334,ok,missing_time_varying_transmission,tv_sir,seir,19,infected,0.015,37,3,-85.14665370924757,-170.9943573081054,2.884011050286404e-06,9.143539293194618e-05,2,76.79985590000001,3.9051428757375106e-11,3,-164.9943573081054,-164.2670845808327,-160.16160357017273,-161.54183308283697,-156.90875022111507,-152.2756673593932,-143.0095016359494,-165.75883301542135,-151.7609759716076,2.61776214634203,18.532331446887568,0.7010498896102705
2.0,d8f9322a27ea0334,ok,missing_time_varying_transmission,tv_sir,seir,20,infected,0.015,37,3,-89.88591738154442,-180.46406369789054,3.4540195592526083e-06,0.0001289470281453264,4,81.06968770000003,4.246203388902359e-11,3,-174.46406369789054,-173.73679097061782,-169.63130995995786,-170.99909135132557,-166.36861990904515,-161.73814846676476,-152.47720558220394,-175.22164469222895,-161.2499489939672,2.6212095028307902,18.521885769121646,0.6922289348016939
2.0,d8f9322a27ea0334,ok,missing_time_varying_transmission,tv_sir,seir,21,infected,0.015,37,3,-100.4949470541897,-201.69247372320265,3.922559670824845e-06,0.00013745142648921498,3,95.02479019999998,3.1960212254489306e-11,3,-195.69247372320265,-194.96520099592993,-190.85971998526998,-192.26656794613575,-187.64138761378197,-183.01620728142822,-173.76584661672067,-196.47169274446009,-182.4891727789643,2.6103904893712895,18.500721329415075,0.7025796148232775
2.0,d8f9322a27ea0334,ok,missing_time_varying_transmission,tv_sir,seir,22,infected,0.015,37,3,-85.71928754517388,-172.12940360162224,1.398592333625649e-06,0.00010071268412357332,3,92.75431360000005,2.2883739347889787e-10,3,-166.12940360162224,-165.40213087434952,-161.29664986368957,-162.70112464515768,-158.0653275551848,-153.4295304652119,-144.15793628526617,-166.90730817627352,-152.89538673045627,2.6110477126743565,18.54318835989151,0.6908285112744871
2.0,d8f9322a27ea0334,ok,missing_time_varying_transmission,tv_sir,seir,23,infected,0.015,37,3,-79.76740941085929,-160.25046068355556,1.1853260454568881e-06,8.201424890165457e-05,1,82.07335520000004,2.944489096989855e-11,3,-154.25046068355556,-153.52318795628284,-149.41770694562288,-150.82545879731896,-146.18389672770186,-141.54233465808477,-132.25921051885058,-155.03018034805783,-140.9685705432502,2.610140167748871,18.566248278468386,0.715641861836976
2.0,d8f9322a27ea0334,ok,missing_time_varying_transmission,tv_sir,seir,24,infected,0.015,37,3,-75.6097199018719,-151.90623722920353,2.1005539954620047e-06,7.23727579060283e-05,1,79.3602112000001,9.36495325731812e-12,3,-145.90623722920353,-145.1789645019308,-141.07348349127085,-142.48875378223568,-137.85849572523367,-133.22823766823166,-123.96772155422765,-146.6901211751714,-132.69840757573576,2.6080580270160634,18.521032228008025,0.6867974254597429
2.0,d8f9322a27ea0334,ok,missing_time_varying_transmission,tv_sir,seir,25,infected,0.015,37,3,-86.99336193894857,-174.67680982501744,2.0501474295520055e-06,0.00014218687313246136,2,95.21570259999999,1.6839862837514374e-11,3,-168.67680982501744,-167.94953709774472,-163.84405608708477,-165.16906669454713,-160.5256085640859,-155.88215043362467,-146.5952341727022,-169.41070111776747,-155.4128913560522,2.633054353624985,18.573832521844928,0.6900859471203038
2.0,d8f9322a27ea0334,ok,missing_time_varying_transmission,tv_sir,seir,26,infected,0.015,37,3,-83.05483433493427,-166.82214421782527,2.1714733647345485e-06,0.00015743939025272726,3,95.16034220000006,6.690470399917103e-11,3,-160.82214421782527,-160.09487149055255,-155.9893904798926,-157.2169117454777,-152.55286818637813,-147.88882462727858,-138.56073750907947,-161.50203852463667,-147.45349443347033,2.6600528465942923,18.656174236398208,0.71247554795673
2.0,d8f9322a27ea0334,ok,missing_time_varying_transmission,tv_sir,seir,27,infected,0.015,37,3,-80.98130867218909,-162.68860865563767,3.2948952119236717e-06,0.00016564098446439932,0,92.38564730000007,1.7537615804030793e-10,3,-156.68860865563767,-155.96133592836495,-151.855854917705,-153.22948616459274,-148.59244342620002,-143.95540068780727,-134.6813152110218,-157.44942974330502,-143.41444639080726,2.619589456166322,18.54817095357093,0.7259913112594776
2.0,d8f9322a27ea0334,ok,missing_time_varying_transmission,tv_sir,seir,28,infected,0.015,37,3,-76.70667683121574,-154.10383705152225,4.294706688670149e-06,7.095495588570689e-05,3,103.8797892,9.089262675843202e-11,3,-148.10383705152225,-147.37656432424953,-143.27108331358957,-144.6035817561727,-139.97168530738918,-135.33978885860566,-126.07599596103864,-148.84187567484136,-134.88576786729743,2.630980688340448,18.527585795134065,0.6904833890907529
2.0,d8f9322a27ea0334,ok,missing_time_varying_transmission,tv_sir,seir,29,infected,0.015,37,3,-64.94374378398118,-130.57794825334915,4.61496035854237e-06,0.00016751776275464555,4,95.61431049999999,8.178346888598753e-11,3,-124.57794825334915,-123.85067552607642,-119.74519451541647,-121.11570743203382,-116.49094945409863,-111.86619147616345,-102.61667552029307,-125.33704217338442,-111.38845565622161,2.620453039982365,18.49903191174074,0.6904606853867953
2.0,d8f9322a27ea0334,ok,missing_time_varying_transmission,tv_sir,seir,30,infected,0.015,37,3,-71.5653897734456,-143.83201776752261,3.520538796785515e-06,0.00016322549511473385,1,98.07541509999999,9.541167855786625e-11,3,-137.83201776752261,-137.1047450402499,-132.99926402958994,-134.41191872512104,-129.78595574744952,-125.15999276977799,-115.90806681443493,-138.61445299851164,-124.6269276362051,2.608782384505485,18.503851910686116,0.7012382206314066
2.0,d8f9322a27ea0334,ok,missing_time_varying_transmission,tv_sir,seir,31,infected,0.015,37,3,-87.62027078261801,-175.95307266903438,4.336805377086548e-06,7.068347862918801e-05,1,98.35106749999989,4.7762682697793934e-11,3,-169.95307266903438,-169.22579994176166,-165.1203189311017,-166.40609056491547,-161.7618707544348,-157.11765094395412,-147.82921132299273,-170.66523044438088,-156.66366232331328,2.643921112326752,18.57687924192274,0.7125311037983686
2.0,d8f9322a27ea0334,ok,missing_time_varying_transmission,tv_sir,seir,32,infected,0.015,37,3,-87.37439769779509,-175.44061406325295,2.4583004516087265e-06,9.579282988814969e-05,0,100.00706650000006,3.360867140145274e-11,3,-169.44061406325295,-168.71334133598023,-164.60786032532027,-165.94746312683915,-161.30807942055196,-156.66869571426477,-147.3899283016904,-170.18258761896743,-156.19126057044141,2.629013222142759,18.557534825148757,0.6918186676627776
2.0,d8f9322a27ea0334,ok,missing_time_varying_transmission,tv_sir,seir,33,infected,0.015,37,3,-84.61100558521704,-169.92710001859746,2.729232929054208e-06,0.00014929070118503368,4,82.78657290000001,6.019718057359569e-11,3,-163.92710001859746,-163.19982729132474,-159.09434628066478,-160.46489056735717,-155.8288491080265,-151.19280764869583,-141.9207247300345,-164.68621131375772,-150.6778453331114,2.6204443524198675,18.544165837322673,0.705088848163372
2.0,d8f9322a27ea0334,ok,missing_time_varying_transmission,tv_sir,seir,34,infected,0.015,37,3,-76.43644803796747,-153.5852942101284,5.088086901279927e-06,4.937943356384488e-05,4,58.34626890000004,8.238032478402602e-11,3,-147.5852942101284,-146.8580214828557,-142.75254047219573,-143.8335501208363,-139.154190992457,-134.4748318640777,-125.11611360731908,-148.18403927982675,-134.15545956241772,2.7006274651508373,18.717436513517214,0.712398134193464
2.0,d8f9322a27ea0334,ok,missing_time_varying_transmission,tv_sir,seir,35,infected,0.015,37,3,-65.92234689536721,-132.56477079813084,3.4963589182139833e-06,0.00014896234939194145,3,57.4330794,1.5977263956301613e-10,3,-126.56477079813084,-125.8374980708581,-121.73201706019816,-123.15125005226065,-118.52154173982547,-113.8918334273903,-104.63241680251993,-127.3508495882871,-113.3258605409937,2.6069606049218637,18.51883324974072,0.7200770073964022
2.0,d8f9322a27ea0334,ok,missing_time_varying_transmission,tv_sir,seir,36,infected,0.015,37,3,-79.59258158045245,-159.8902698652454,2.8044678116972473e-06,9.265631378190027e-05,2,71.3837094999999,1.0540190942265326e-10,3,-153.8902698652454,-153.16299713797267,-149.0575161273127,-150.4693450925126,-145.8375643056503,-141.20578351878797,-131.94222194506332,-154.67224774419753,-140.6580400134556,2.6090110605239296,18.527123147449288,0.7051067043405022
2.0,d8f9322a27ea0334,ok,missing_time_varying_transmission,tv_sir,seir,37,infected,0.015,37,3,-75.93475915261308,-152.54000707525663,1.5519400671235174e-06,8.461433149354596e-05,1,76.15639099999999,2.1259438653942198e-11,3,-146.54000707525663,-145.8127343479839,-141.70725333732395,-142.90611757528077,-138.24252430044157,-133.57893102560237,-124.25174447592397,-147.2040289483426,-133.21514520586936,2.6679890634570205,18.654373099356796,0.6704887700304549
2.0,d8f9322a27ea0334,ok,missing_time_varying_transmission,tv_sir,seir,38,infected,0.015,37,3,-80.21455298946609,-161.14673190336805,3.527775200922752e-06,0.0001486186766963158,0,73.10233960000005,4.064304448547773e-12,3,-155.14673190336805,-154.41945917609533,-150.31397816543537,-151.6565257804004,-147.0172607811978,-142.3779957819952,-133.09946578358998,-155.89033651994706,-141.87204598212176,2.6281976917105005,18.55705999681041,0.7176259244358717
2.0,d8f9322a27ea0334,ok,missing_time_varying_transmission,tv_sir,seir,39,infected,0.015,37,3,-71.29119735707779,-143.28207803694772,2.6185619764107775e-06,8.87902400705234e-05,0,93.85806649999995,1.5518253349000588e-10,3,-137.28207803694772,-136.554805309675,-132.44932429901505,-133.83974018772375,-129.2034730632579,-124.567205938792,-115.29467168986025,-138.0521957313101,-124.03732621629209,2.6149411528188113,18.54506849786349,0.6996833227921383
2.0,d8f9322a27ea0334,ok,missing_time_varying_transmission,tv_sir,seir,40,infected,0.015,37,3,-77.24653190342491,-155.2236822991748,3.56168484181456e-06,0.00011481974710732343,3,96.45688540000015,5.503864031197736e-11,3,-149.2236822991748,-148.4964095719021,-144.39092856124213,-145.78094656481335,-141.14657627985608,-136.5122059948988,-127.2434654249843,-149.9935796145936,-135.95558266702076,2.6150513422906023,18.537481139829055,0.7306184923249874
2.0,d8f9322a27ea0334,ok,missing_time_varying_transmission,tv_sir,seir,41,infected,0.015,37,3,-71.33089768181432,-143.3600538473849,2.3961701638119576e-06,0.00014932801551803112,0,88.60622590000003,2.1998403099132702e-11,3,-137.3600538473849,-136.63278112011218,-132.52730010945223,-133.92801739688565,-129.2959448906973,-124.663872384509,-115.39972737213235,-138.13587723707127,-124.13350533887534,2.6120883051568233,18.528290024753304,0.6982584837562683
2.0,d8f9322a27ea0334,ok,missing_time_varying_transmission,tv_sir,seir,42,infected,0.015,37,3,-70.65344489723054,-142.01628460686112,3.4073268197260008e-06,0.00014939727687985125,1,106.87411439999983,3.9676706364843994e-11,3,-136.01628460686112,-135.2890118795884,-131.18353086892844,-132.60319496884915,-127.97535113367316,-123.34750729849716,-114.09181962814517,-136.80260217722156,-122.79551445375711,2.606841214819774,18.511375340703975,0.7093948124000256
2.0,d8f9322a27ea0334,ok,missing_time_varying_transmission,tv_sir,seir,43,infected,0.015,37,3,-91.47326462818378,-183.65103525186288,3.2543555013476697e-06,9.707548229562011e-05,3,112.07178040000008,7.668177204323001e-11,3,-177.65103525186288,-176.92376252459016,-172.8182815139302,-174.2188112120268,-169.58953562453172,-164.96026003703665,-155.70170886204653,-178.4267547403577,-164.4294269063873,2.61214025575259,18.51710234998027,0.7045059954953012
2.0,d8f9322a27ea0334,ok,missing_time_varying_transmission,tv_sir,seir,44,infected,0.015,37,3,-84.29979437031133,-169.28621495432486,1.8822529305303234e-06,9.942286589961695e-05,0,104.89032109999994,5.763922672485933e-11,3,-163.28621495432486,-162.55894222705214,-158.45346121639218,-159.8354970833142,-155.20052922565242,-150.56556136799063,-141.29562565266704,-164.0516911575266,-150.0597173099755,2.6172618983991343,18.539871430647167,0.6866262137021985
2.0,d8f9322a27ea0334,ok,missing_time_varying_transmission,tv_sir,seir,45,infected,0.015,37,3,-72.16304165538179,-145.00950022649812,5.009936342936002e-07,8.998591892568099e-05,1,99.19866189999993,1.368505309073953e-11,3,-139.00950022649812,-138.2822274992254,-134.17674648856544,-135.5690785776128,-130.9263168755788,-126.28355517354481,-116.99803176947684,-139.78067925783077,-125.75503650262762,2.614410484333672,18.57104680813596,0.6834169157345439
2.0,d8f9322a27ea0334,ok,missing_time_varying_transmission,tv_sir,seir,46,infected,0.015,37,3,-81.77000575088756,-164.26102845617663,3.908723946177461e-06,0.00011560238528793703,2,69.65778119999982,2.8748559088853654e-11,3,-158.26102845617663,-157.5337557289039,-153.42827471824396,-154.84921760899323,-150.22152580177067,-145.5938339945481,-136.33845038010296,-159.0480543178134,-145.02924427288485,2.606487069181609,18.510767228890266,0.7210169544015104
2.0,d8f9322a27ea0334,ok,missing_time_varying_transmission,tv_sir,seir,47,infected,0.015,37,3,-79.19592555140886,-159.0789305142374,1.3204733165017837e-06,0.00012352738971890562,1,55.45501420000005,9.694645086710807e-11,3,-153.0789305142374,-152.3516577869647,-148.24617677630474,-149.55419811986957,-144.90431866047965,-140.25443920108972,-130.95468028230985,-153.80341186507874,-139.792333265258,2.637759324579336,18.599517837559716,0.6870794114196749
2.0,d8f9322a27ea0334,ok,missing_time_varying_transmission,tv_sir,seir,48,infected,0.015,37,3,-78.07790485392538,-156.85844962861898,2.654022198093921e-06,0.00010872240577533597,4,70.99216530000012,5.668709945894079e-11,3,-150.85844962861898,-150.13117690134627,-146.0256958906863,-147.35732012205716,-142.7153863682492,-138.0734526144412,-128.78958510682526,-151.59600404751504,-137.58807469261885,2.6312227905519703,18.5677350152319,0.7026399207682242
2.0,d8f9322a27ea0334,ok,missing_time_varying_transmission,tv_sir,seir,49,infected,0.015,37,3,-87.28111383370539,-175.28767338586394,2.0423285886124542e-06,7.440486697421596e-05,2,94.51457240000013,2.2794210963184014e-11,3,-169.28767338586394,-168.56040065859122,-164.45491964793126,-165.84598360165046,-161.20574313879487,-156.56550267593929,-147.2850217502281,-170.05815002774392,-156.00126581598843,2.61476167906001,18.560961851422345,0.7254457184531622
2.0,d8f9322a27ea0334,ok,missing_time_varying_transmission,tv_sir,seir,50,infected,0.015,37,3,-88.65477244942704,-178.00155450097117,1.8336524769828283e-06,0.00015197663563693833,4,118.24703129999989,8.076028734649299e-11,3,-172.00155450097117,-171.27428177369845,-167.1688007630385,-168.54298272824465,-163.90550885348847,-159.26803497873226,-149.99308722921987,-172.76268061818044,-158.7596493998293,2.6194369413953593,18.549895499024778,0.6920096021170868
2.0,d8f9322a27ea0334,ok,missing_time_varying_transmission,tv_sir,seir,51,infected,0.015,37,3,-86.63991852322063,-173.96775179675683,1.868519157963631e-06,0.00011031940361965011,0,53.80030889999989,3.0595970201829914e-11,3,-167.96775179675683,-167.2404790694841,-163.13499805882415,-164.3770956326733,-159.7191357551308,-155.0611758775883,-145.7452561225033,-168.65571956777688,-154.64799753627125,2.6560161144899666,18.63183951017001,0.6879147503155789
2.0,d8f9322a27ea0334,ok,missing_time_varying_transmission,tv_sir,seir,52,infected,0.015,37,3,-84.24175163342383,-169.19263546856064,5.955464484748943e-06,0.0001394980434716412,0,51.96071089999987,8.100187187665142e-12,3,-163.19263546856064,-162.46536274128792,-158.35988173062796,-159.7558834399865,-155.13578640203042,-150.51568936407435,-141.2754952881622,-163.96584701373047,-150.00311511502338,2.6133942274150868,18.480388151824297,0.7091322017129889
2.0,d8f9322a27ea0334,ok,missing_time_varying_transmission,tv_sir,seir,53,infected,0.015,37,3,-92.92784337364125,-186.5598151436678,1.8474276821240608e-06,0.00012530271780290537,2,88.02349980000008,1.0632561497914139e-10,3,-180.5598151436678,-179.83254241639509,-175.72706140573513,-177.1358408452372,-172.50061382488258,-167.86538680452793,-158.59493276381866,-181.34010396417463,-167.31477866586397,2.6098555897465903,18.54090808141853,0.7041283963852923
2.0,d8f9322a27ea0334,ok,missing_time_varying_transmission,tv_sir,seir,54,infected,0.015,37,3,-97.7812521249046,-196.2671906449333,2.793852393431926e-06,0.00013689988798597596,3,80.1735377,2.731326276261825e-11,3,-190.2671906449333,-189.53991791766057,-185.43443690700062,-186.85189679315286,-182.22191788846337,-177.5919389837739,-168.33198117439494,-191.0522873546584,-177.04258863105127,2.6074516451374414,18.51991561875793,0.7046863951241025
2.0,d8f9322a27ea0334,ok,missing_time_varying_transmission,tv_sir,seir,55,infected,0.015,37,3,-89.6622436313484,-180.03710069057422,1.9624636073692772e-06,0.00014610613583651504,0,49.22981370000002,4.3371528590796515e-11,3,-174.03710069057422,-173.3098279633015,-169.20434695264154,-170.51588406650262,-165.86524600945575,-161.21460795240884,-151.91333183831506,-174.76352934145464,-160.72193503450927,2.636785674559783,18.602552228187548,0.7126134278774021
2.0,d8f9322a27ea0334,ok,missing_time_varying_transmission,tv_sir,seir,56,infected,0.015,37,3,-89.17364296422228,-179.06777602753078,4.8262457910871786e-06,0.00012597418715674008,3,32.80657730000007,2.773958840407431e-11,3,-173.06777602753078,-172.34050330025806,-168.2350222895981,-169.65918559934823,-165.0355055073747,-160.41182541540115,-151.16446523145405,-173.85658560127555,-159.85256556055037,2.6055952131276183,18.494720367894182,0.7204900990862165
2.0,d8f9322a27ea0334,ok,missing_time_varying_transmission,tv_sir,seir,57,infected,0.015,37,3,-98.20792180056054,-197.1315726252031,3.427431682426793e-06,0.00015253869525072014,4,33.59785770000008,7.366907084360719e-11,3,-191.1315726252031,-190.40429989793037,-186.29881888727041,-187.64621449721892,-183.00765849455377,-178.3691024918886,-169.0919904865583,-191.87786242881805,-177.86161959046046,2.6268550981925225,18.55422401066061,0.7157290240820143
2.0,d8f9322a27ea0334,ok,missing_time_varying_transmission,tv_sir,seir,58,infected,0.015,37,3,-86.08047816263166,-172.87703399154867,3.896183385515185e-06,8.856731645814316e-05,3,33.766105599999946,1.1199574601050699e-10,3,-166.87703399154867,-166.14976126427595,-162.044280253616,-163.4436839057528,-158.81472212669001,-154.1857603476272,-144.92783678950158,-167.65212979045154,-153.6451092090121,2.612452100548569,18.515847116251223,0.716077666285338
2.0,d8f9322a27ea0334,ok,missing_time_varying_transmission,tv_sir,seir,59,infected,0.015,37,3,-74.20152638676333,-149.1192773229272,6.263580532769697e-06,0.0001152062306883447,3,36.681496599999946,1.0420819762657629e-10,3,-143.1192773229272,-142.39200459565447,-138.2865235849945,-139.71496694269544,-135.09766273230883,-130.48035852192223,-121.24575010114901,-143.9104575115983,-129.93383593198024,2.6044099056644336,18.469216841546434,0.7162245494005102
2.0,d8f9322a27ea0334,ok,missing_time_varying_transmission,tv_sir,seir,60,infected,0.015,37,3,-83.8727214845601,-168.44734371121515,2.0016812732896615e-06,0.0001011341935593267,1,34.81635529999994,1.5117507246031892e-10,3,-162.44734371121515,-161.72007098394243,-157.61458997328248,-159.01090732210815,-154.37549452783512,-149.74008173356205,-140.46925614501595,-163.2207300814432,-149.20379179202803,2.613306814885975,18.54165117709219,0.7019007420949519
2.0,d8f9322a27ea0334,ok,missing_time_varying_transmission,tv_sir,seir,61,infected,0.015,37,3,-83.47513882968664,-167.63200970043715,3.531949485808501e-06,0.00015011345671313262,2,33.888718400000016,1.141700067819329e-10,3,-161.63200970043715,-160.90473697316443,-156.79925596250447,-158.15882764125575,-153.52982423045822,-148.90082081966065,-139.64281399806555,-162.3850435337406,-148.43426401618308,2.6234830833482805,18.516013643190202,0.6817320410638584
2.0,d8f9322a27ea0334,ok,missing_time_varying_transmission,tv_sir,seir,62,infected,0.015,37,3,-69.44940015926993,-139.6334932219965,1.9943010717426004e-06,0.00012891094824883534,3,34.83763239999985,1.5063505998114124e-12,3,-133.6334932219965,-132.90622049472378,-128.80073948406383,-130.21084773300703,-125.57002143467332,-120.92919513633963,-111.64754253967223,-134.41451803787808,-120.33549512520506,2.6094875920592155,18.563305193334806,0.7346929034566334
2.0,d8f9322a27ea0334,ok,missing_time_varying_transmission,tv_sir,seir,63,infected,0.015,37,3,-86.29936513797496,-173.2845721165235,1.6198526825664853e-06,0.0001764550379090987,0,33.049394899999925,3.8625103115919046e-11,3,-167.2845721165235,-166.55729938925077,-162.45181837859081,-163.85573705304384,-159.22226451003405,-154.58879196702426,-145.32184688100466,-168.06216867696423,-154.06484010391074,2.6112017197796225,18.533890172039165,0.6858418405735784
2.0,d8f9322a27ea0334,ok,missing_time_varying_transmission,tv_sir,seir,64,infected,0.015,37,3,-78.76681050235922,-158.23768963777366,3.997630969368136e-06,9.182243611017909e-05,1,36.22989849999999,1.2865086773672374e-10,3,-152.23768963777366,-151.51041691050094,-147.40493589984098,-148.80087741676442,-144.17427202810742,-139.54766663945043,-130.29445586213646,-153.01086784381113,-139.02719945009048,2.6134108969812595,18.506421554627963,0.7040686330552232
2.0,d8f9322a27ea0334,ok,missing_time_varying_transmission,tv_sir,seir,65,infected,0.015,37,3,-80.30438224755798,-161.30083430704508,1.78271315086262e-06,0.00010911657448989546,1,37.43246249999993,1.779199010343291e-11,3,-155.30083430704508,-154.57356157977236,-150.4680805691124,-151.83418377278173,-147.19521700137412,-142.5562502299665,-133.27831668715126,-156.0574857938516,-142.0528974094855,2.6216742565967297,18.55586708563046,0.6920698119291084
2.0,d8f9322a27ea0334,ok,missing_time_varying_transmission,tv_sir,seir,66,infected,0.015,37,3,-96.24438707270772,-193.1890586518756,2.601250269477893e-06,7.256163387111216e-05,0,41.52180679999992,1.0439293873787392e-10,3,-187.1890586518756,-186.46178592460288,-182.35630491394292,-183.63565773696106,-178.98532906021896,-174.33500038347682,-165.0343430299926,-187.89766120334224,-173.887459438447,2.64569872426668,18.601314706968452,0.7002845064601383
2.0,d8f9322a27ea0334,ok,missing_time_varying_transmission,tv_sir,seir,67,infected,0.015,37,3,-80.48066371445647,-161.63269960520836,4.7672841249307616e-07,6.408743731515358e-05,0,36.16018170000007,1.0983569609379629e-10,3,-155.63269960520836,-154.90542687793564,-150.79994586727568,-152.11276290152512,-147.46026231379014,-142.8077617260552,-133.50276055058526,-156.35983717300095,-142.35132507797306,2.636431216103701,18.610002350939865,0.6713721762954292
2.0,d8f9322a27ea0334,ok,missing_time_varying_transmission,tv_sir,seir,68,infected,0.015,37,3,-83.35326411211618,-167.39305614950925,3.1938654289575584e-06,0.00013192807877060263,0,39.38868579999962,2.1098855995660415e-10,3,-161.39305614950925,-160.66578342223653,-156.56030241157657,-157.98032344536546,-153.35628347259714,-148.73224349982883,-139.4841635542922,-162.17957141689678,-148.21036833315912,2.6067423663062383,18.496159891073248,0.6865279252768903
2.0,d8f9322a27ea0334,ok,missing_time_varying_transmission,tv_sir,seir,69,infected,0.015,37,3,-80.32762017670325,-161.3533103848382,2.3212478365514555e-06,7.810161296171439e-05,3,39.08648159999984,4.5574211071652826e-11,3,-155.3533103848382,-154.6260376575655,-150.52055664690553,-151.9125929731091,-147.27903289230363,-142.64547281149817,-133.37835264988723,-156.12432560029305,-142.12100003018463,2.6144923922725822,18.534240323221873,0.6980700314317259
2.0,d8f9322a27ea0334,ok,missing_time_varying_transmission,tv_sir,seir,70,infected,0.015,37,3,-89.02381809638919,-178.76310746760709,5.143914991334849e-06,9.8147730125197e-05,1,57.39985370000022,1.3784529073745944e-11,3,-172.76310746760709,-172.03583474033437,-167.9303537296744,-169.35035396730038,-164.72893452023663,-160.1075150731729,-150.8646761790454,-173.5496112165035,-159.5619584045234,2.6067481255517913,18.485677788254982,0.7154712748286924
2.0,d8f9322a27ea0334,ok,missing_time_varying_transmission,tv_sir,seir,71,infected,0.015,37,3,-70.1942851371442,-141.1038006206678,2.4915149850119663e-06,8.64929706163817e-05,3,36.21121379999977,6.933476015547058e-11,3,-135.1038006206678,-134.3765278933951,-130.27104688273513,-131.6196508216372,-126.97715166593615,-122.33465251023509,-113.04965419883295,-135.85075968843267,-121.81857365148416,2.6265204661175714,18.569996622804254,0.7152303463794042
2.0,d8f9322a27ea0334,ok,missing_time_varying_transmission,tv_sir,seir,72,infected,0.015,37,3,-86.43181647714101,-173.58961997435355,6.537334113070022e-06,0.00015557061409064352,3,36.317181699999765,2.8478552849264815e-11,3,-167.58961997435355,-166.86234724708083,-162.75686623642088,-164.17798762533948,-159.5596871424009,-154.94138665946227,-145.70478569358505,-168.3767447018043,-154.3904310225276,2.6064376362746144,18.473201931754424,0.7259870200715205
2.0,d8f9322a27ea0334,ok,missing_time_varying_transmission,tv_sir,seir,73,infected,0.015,37,3,-72.54331871063155,-145.7755336548835,2.7076688670319325e-06,0.00015677539731702336,3,38.19774099999995,8.51514414534904e-11,3,-139.7755336548835,-139.04826092761078,-134.94277991695083,-136.13138090151892,-131.46800466326408,-126.80462842500927,-117.47787594849962,-140.43387096042346,-126.4331324682438,2.6708313472300196,18.653504953019308,0.6888962336204002
2.0,d8f9322a27ea0334,ok,missing_time_varying_transmission,tv_sir,seir,74,infected,0.015,37,3,-86.11352720093608,-172.9299067061575,4.763512343700786e-06,0.00012245942078189913,4,40.17566140000008,4.4281023292569444e-11,3,-166.9299067061575,-166.2026339788848,-162.09715296822483,-163.402165928253,-158.76494170520954,-154.12771748216608,-144.85326903607913,-167.65272178620043,-153.67815750969828,2.6385924599785437,18.54889689217387,0.7028523042853486
2.0,d8f9322a27ea0334,ok,missing_time_varying_transmission,tv_sir,seir,75,infected,0.015,37,3,-68.19674393134736,-137.120807754406,3.271262149704496e-06,0.00010253994008848801,4,49.7588052000001,5.417177817435004e-11,3,-131.120807754406,-130.39353502713328,-126.28805401647332,-127.70414616948466,-123.07135872160094,-118.43857127371724,-109.17299637794983,-131.90514690986154,-117.86233807115988,2.607830422272231,18.531149791534837,0.7273198917112834
2.0,d8f9322a27ea0334,ok,missing_time_varying_transmission,tv_sir,seir,76,infected,0.015,37,3,-78.69603784029479,-158.14164148753161,3.3592765484976384e-06,5.133980146553193e-05,4,45.952754599999935,2.1515234038815834e-11,3,-152.14164148753161,-151.4143687602589,-147.30888774959894,-148.70553790409485,-144.06798298670748,-139.4304280693201,-130.15531823454532,-152.9152121907621,-138.84185601104005,2.613214648384749,18.550219669549534,0.749565806942019
2.0,d8f9322a27ea0334,ok,missing_time_varying_transmission,tv_sir,seir,77,infected,0.015,37,3,-89.69909985436917,-180.12255329143423,3.1748531787060296e-06,9.061727955558009e-05,4,41.783471700000064,3.650768576335395e-11,3,-174.12255329143423,-173.3952805641615,-169.28979955350155,-170.56912040740875,-165.91659668286982,-161.26407295833093,-151.95902550925308,-174.8311381359844,-160.78810481058267,2.6457075777249193,18.610094898155662,0.7243535826958871
2.0,d8f9322a27ea0334,ok,missing_time_varying_transmission,tv_sir,seir,78,infected,0.015,37,3,-93.08376111697257,-186.870530604986,4.596135795959587e-06,0.00015526723637789269,3,50.81853249999995,1.2238388080731966e-10,3,-180.870530604986,-180.14325787771327,-176.0377768670533,-177.37661612393183,-172.74414165820917,-168.11166719248655,-158.84671826104125,-181.61208125181201,-167.63762437105456,2.629224676586986,18.52989786289057,0.7030083710408527
2.0,d8f9322a27ea0334,ok,missing_time_varying_transmission,tv_sir,seir,79,infected,0.015,37,3,-72.72222685704371,-146.13178455397923,1.308019846111349e-06,7.767525281795357e-05,4,55.05130700000018,3.865352482534945e-12,3,-140.13178455397923,-139.4045118267065,-135.29903081604655,-136.57761381700945,-131.92268570531115,-127.26775759361287,-117.9579013702163,-140.8399607196493,-126.82474126729427,2.6459119171649594,18.619712446793148,0.6873308398918256
2.0,06c26b4a4c6c14ed,ok,missing_time_varying_transmission,tv_sir,sir,0,infected,0.015,37,2,-62.34694623170708,-124.72443434859711,1.960351780241022e-05,4.487289880181719e-05,2,59.00505800000002,6.745182190570631e-11,2,-120.72443434859711,-120.37149317212652,-117.50259852330866,-117.50345684705411,-112.92323128083227,-108.34300571461044,-99.18255458216677,-120.72490975333696,-106.37299019852682,1.9997622976300744,18.320902264887344,0.030541885182958056
2.0,06c26b4a4c6c14ed,ok,missing_time_varying_transmission,tv_sir,sir,1,infected,0.015,37,2,-23.28044444587212,-46.5928033150949,2.570583009254862e-05,4.594463571771158e-05,3,62.82561210001586,5.822897719554021e-12,2,-42.5928033150949,-42.23986213862431,-39.370967489806446,-39.37181926455066,-34.78776899695217,-30.203718729353668,-21.035618194156676,-42.59327509250154,-28.22468782135026,1.9997641112966789,18.336201070393983,0.03191442335065289
2.0,06c26b4a4c6c14ed,ok,missing_time_varying_transmission,tv_sir,sir,2,infected,0.015,37,2,-31.821222872212356,-63.66957155974228,2.8377716441678488e-05,4.226394418117359e-05,1,58.426860800012946,2.9825031333530205e-11,2,-59.66957155974228,-59.31663038327169,-56.44773573445383,-56.448600414688364,-51.869500673128236,-47.290400931568115,-38.13220144844786,-59.67005048518753,-45.32604677818421,1.9997605372773766,18.316398966240502,0.027125815317567435
2.0,06c26b4a4c6c14ed,ok,missing_time_varying_transmission,tv_sir,sir,3,infected,0.015,37,2,-25.469167431525506,-50.9689345730838,1.957739807501124e-05,5.211796598553384e-05,2,61.129493799991906,7.248246447488782e-11,2,-46.9689345730838,-46.61599339661321,-43.74709874779535,-43.74795693064484,-39.16767792588674,-34.58739892112865,-25.42684091161246,-46.96940989978479,-32.61721884401863,1.9997623366495023,18.32111601903238,0.030599710032785058
2.0,06c26b4a4c6c14ed,ok,missing_time_varying_transmission,tv_sir,sir,4,infected,0.015,37,2,-44.135057701842456,-88.3115385509233,3.619825538340428e-05,2.9538961708461284e-06,4,79.79484000001685,1.0535927685850766e-10,2,-84.3115385509233,-83.95859737445271,-81.08970272563485,-81.0905287644085,-76.49401039988275,-71.89749203535699,-62.704455306305476,-84.31199607379901,-69.88404194558188,1.9997712385621504,18.386073458103024,0.04142314723839574
2.0,06c26b4a4c6c14ed,ok,missing_time_varying_transmission,tv_sir,sir,5,infected,0.015,37,2,-44.55441272740744,-89.13966379071081,2.9470797577290244e-05,2.412425870520183e-05,2,82.14585329999682,5.575628847509506e-11,2,-85.13966379071081,-84.78672261424022,-81.91782796542236,-81.91868141355422,-77.33473961119653,-72.75079780883883,-63.58291420412343,-85.14013649496636,-70.77305824538408,1.9997636478722303,18.33576720943079,0.030838335895929273
2.0,06c26b4a4c6c14ed,ok,missing_time_varying_transmission,tv_sir,sir,6,infected,0.015,37,2,-46.564516042115336,-93.1621276496684,3.556699596066628e-05,7.098765470468279e-05,1,78.0942658999993,5.222489107836736e-12,2,-89.1621276496684,-88.80918647319781,-85.94029182437995,-85.94113771818581,-81.3531586315754,-76.76517954496498,-67.58922137174415,-89.16259616976569,-74.777115737789,1.9997657399513589,18.351916346441673,0.033095565437736625
2.0,06c26b4a4c6c14ed,ok,missing_time_varying_transmission,tv_sir,sir,7,infected,0.015,37,2,-34.144955499839476,-68.31678248763689,2.491194067356805e-05,4.370457297307312e-05,0,80.50837659998797,4.0948577861854574e-11,2,-64.31678248763689,-63.9638413111663,-61.094946662348434,-61.09581318403452,-56.51802813112923,-51.94024307822394,-42.78467297241336,-64.31726243301756,-49.978770788057794,1.9997600273096627,18.311140211621158,0.026871487957930724
2.0,06c26b4a4c6c14ed,ok,missing_time_varying_transmission,tv_sir,sir,8,infected,0.015,37,2,-50.162343975724625,-100.35222284254002,1.9724073520203583e-05,1.8567233029126628e-05,3,79.7520618000126,7.563727422166266e-11,2,-96.35222284254002,-95.99928166606942,-93.13038701725156,-93.13125380207774,-88.55450739785154,-83.97776099362532,-74.82426818517291,-96.35270293366762,-82.01770233454442,1.9997599544362021,18.306985616904818,0.027534891090771122
2.0,06c26b4a4c6c14ed,ok,missing_time_varying_transmission,tv_sir,sir,9,infected,0.015,37,2,-22.083382664370898,-44.19821603523246,1.70587182405972e-05,3.11815574117228e-05,0,77.79394379997393,2.7483793019200675e-11,2,-40.19821603523246,-39.845274858761876,-36.97638020994401,-36.97723775133369,-32.397207535850185,-27.81717732036668,-18.657116889399674,-40.198691006644395,-25.84664446680778,1.9997625142940323,18.320120861934015,0.03145070649066971
2.0,06c26b4a4c6c14ed,ok,missing_time_varying_transmission,tv_sir,sir,10,infected,0.015,37,2,-36.048958964998135,-72.12804906136756,2.2670484671721226e-05,2.152580687275674e-05,3,78.3913704000006,3.055333763768431e-13,2,-68.12804906136756,-67.77510788489697,-64.90621323607911,-64.90707110404595,-60.32608403954538,-55.74509697504481,-46.583122846043665,-68.12852421366269,-53.77396967199398,1.9997624238524412,18.32394825800229,0.03013113137128447
2.0,06c26b4a4c6c14ed,ok,missing_time_varying_transmission,tv_sir,sir,11,infected,0.015,37,2,-45.12617046685497,-90.2905816507685,3.347556421046022e-05,3.566002182983473e-05,4,77.82216039998457,3.416289473534562e-11,2,-86.2905816507685,-85.93764047429791,-83.06874582548005,-83.06957957280784,-78.47673309352592,-73.883886614244,-64.69819365568017,-86.29104344322569,-71.88095501658228,1.9997691037714058,18.371385917127675,0.03824071705855939
2.0,06c26b4a4c6c14ed,ok,missing_time_varying_transmission,tv_sir,sir,12,infected,0.015,37,2,-57.017291030666236,-114.06284458731389,2.31874721412497e-05,4.466646758147078e-05,3,77.76366929998039,4.3876013933186186e-11,2,-110.06284458731389,-109.7099034108433,-106.84100876202544,-106.84187173613704,-102.26291345500204,-97.68395517386703,-88.52603861159704,-110.06332256777895,-95.71874893679248,1.9997610097674665,18.31583312454,0.028262525981424626
2.0,06c26b4a4c6c14ed,ok,missing_time_varying_transmission,tv_sir,sir,13,infected,0.015,37,2,-50.87550427881215,-101.77896562440452,2.1437767011005583e-05,2.7128555816283198e-05,0,78.11773890000768,2.2879476091475226e-12,2,-97.77896562440452,-97.42602444793393,-94.55712979911607,-94.55799445813004,-89.98004705377092,-85.4020996494118,-76.24620484069355,-97.77944453809621,-83.43921894018781,1.9997605431541539,18.31178961743649,0.02795706678021067
2.0,06c26b4a4c6c14ed,ok,missing_time_varying_transmission,tv_sir,sir,14,infected,0.015,37,2,-47.43932940792325,-94.90741396279765,2.1161234063386558e-05,3.113804251528267e-05,2,78.5353766999906,4.622791038855212e-11,2,-90.90741396279765,-90.55447278632705,-87.6855781375092,-87.68644060426351,-83.10763711273198,-78.52883362120045,-69.37122663813737,-90.9078916622498,-76.56344484972037,1.9997611502739252,18.315213966126137,0.02875514695113599
2.0,06c26b4a4c6c14ed,ok,missing_time_varying_transmission,tv_sir,sir,15,infected,0.015,37,2,-33.52139021721474,-67.0727803309712,1.9063023712048272e-05,4.8276471422955756e-05,3,79.17605169999297,1.3642420526593924e-12,2,-63.0727803309712,-62.71983915450061,-59.85094450568275,-59.85180462098007,-55.27242944610035,-50.69305427122062,-41.53430392146117,-63.07325672800825,-48.72527973491057,1.9997618014814722,18.317500699518902,0.029999896541730124
2.0,06c26b4a4c6c14ed,ok,missing_time_varying_transmission,tv_sir,sir,16,infected,0.015,37,2,-51.65622203982288,-103.34053067304657,2.8232053756212914e-05,2.830682563441775e-05,0,79.44735610001953,2.0662582755903713e-11,2,-99.34053067304657,-98.98758949657598,-96.11869484775812,-96.11955661302918,-91.53927055036532,-86.95898448770146,-77.79841236237374,-99.34100798396413,-84.99129982899032,1.9997613445412203,18.321144250655443,0.028086593400821733
2.0,06c26b4a4c6c14ed,ok,missing_time_varying_transmission,tv_sir,sir,17,infected,0.015,37,2,-45.91830957216986,-91.87071186214112,2.2492599548896648e-05,3.473997475250284e-05,1,84.03078959998675,1.730171561575844e-11,2,-87.87071186214112,-87.51777068567053,-84.64887603685267,-84.64972368195929,-80.06449534400943,-75.47926700605956,-66.30881033015984,-87.87118135224149,-73.49570579254026,1.999765254949815,18.34091335179945,0.034092717801400524
2.0,06c26b4a4c6c14ed,ok,missing_time_varying_transmission,tv_sir,sir,18,infected,0.015,37,2,-36.974796170617665,-73.98279200089794,2.64793266366154e-05,2.442232671258234e-05,0,85.9841419000004,2.3511859126301715e-11,2,-69.98279200089794,-69.62985082442735,-66.7609561756095,-66.76180431663506,-62.176103323478635,-57.590402330322206,-48.41900034400934,-69.98326176567582,-55.60678836860961,1.999765117611064,18.342803972625724,0.03319965966260898
2.0,06c26b4a4c6c14ed,ok,missing_time_varying_transmission,tv_sir,sir,19,infected,0.015,37,2,-41.97971121061335,-83.98972851539483,2.4129283550533302e-05,2.232478814175823e-05,0,67.23759140000004,2.652456032592454e-11,2,-79.98972851539483,-79.63678733892424,-76.76789269010638,-76.76874944131058,-72.18704273942308,-67.60533603753558,-58.4419226337606,-79.99020304914217,-65.63259561367673,1.9997627331263341,18.326826807549978,0.03030609416813226
2.0,06c26b4a4c6c14ed,ok,missing_time_varying_transmission,tv_sir,sir,20,infected,0.015,37,2,-44.12376898589966,-88.27540932319175,2.177692810506571e-05,2.5096617606369758e-05,0,54.5251968,1.0580691878203652e-10,2,-84.27540932319175,-83.92246814672116,-81.0535734979033,-81.05443825113545,-76.4764677776829,-71.89849730423036,-62.74255635732527,-84.2758882890686,-69.93565607798914,1.9997605170615707,18.31188189381018,0.027871351392430094
2.0,06c26b4a4c6c14ed,ok,missing_time_varying_transmission,tv_sir,sir,21,infected,0.015,37,2,-65.76831636518027,-131.56523478270682,1.9365072130059174e-05,6.422865707016279e-05,4,73.4727868,2.9956481739645824e-11,2,-127.56523478270682,-127.21229360623623,-124.34339895741837,-124.34426281946645,-119.76637955839647,-115.18849629732647,-106.03272977518648,-127.5657132549784,-113.22509968608057,1.999760763864212,18.31153304427996,0.028602052346279456
2.0,06c26b4a4c6c14ed,ok,missing_time_varying_transmission,tv_sir,sir,22,infected,0.015,37,2,-49.517846432232936,-99.06865736813995,3.085059511125365e-05,2.4609095244155608e-05,4,76.56957310000007,1.056577048075269e-11,2,-95.06865736813995,-94.71571619166936,-91.8468215428515,-91.84766887736372,-87.26095579677124,-82.67424271617878,-73.50081655499383,-95.0691266862096,-80.68884054209599,1.9997653409651739,18.346852322369877,0.03296450367408067
2.0,06c26b4a4c6c14ed,ok,missing_time_varying_transmission,tv_sir,sir,23,infected,0.015,37,2,-30.880788798667954,-61.79863371013988,2.980791309354212e-05,2.5735152879722587e-05,1,70.34877559999995,1.2938983218191424e-11,2,-57.79863371013988,-57.445692533669295,-54.57679788485143,-54.57763547265017,-49.98695653828592,-45.39627760392166,-36.21491973519315,-57.79909762974094,-43.398861859878885,1.9997680401994713,18.362715737457023,0.03705611280397622
2.0,06c26b4a4c6c14ed,ok,missing_time_varying_transmission,tv_sir,sir,24,infected,0.015,37,2,-27.35051272419531,-54.73089101226259,2.6660061913491084e-05,4.32406125563304e-05,3,60.800082400000065,3.9687364505880396e-11,2,-50.73089101226259,-50.377949835792,-47.50905518697414,-47.50991222706791,-42.92790702672468,-38.345901826381464,-29.181891425695014,-50.73136570601886,-36.37300464701772,1.9997626531218646,18.328020801372894,0.029865563871972325
2.0,06c26b4a4c6c14ed,ok,missing_time_varying_transmission,tv_sir,sir,25,infected,0.015,37,2,-42.88116693137704,-85.7930560457944,2.7462424900711582e-05,2.65414581283689e-05,0,76.27570689999993,7.16227077646181e-12,2,-81.7930560457944,-81.4401148693238,-78.57122022050595,-78.57207459792177,-73.9888304367311,-69.40558627554044,-60.23909795315911,-81.79352926475782,-67.42935721799142,1.9997633905182883,18.33297664476266,0.03072218304032314
2.0,06c26b4a4c6c14ed,ok,missing_time_varying_transmission,tv_sir,sir,26,infected,0.015,37,2,-44.00497677562961,-88.0435970112745,2.7122918868876236e-05,2.991328671913466e-05,4,74.60354240000004,1.283879669244925e-10,2,-84.0435970112745,-83.6906558348039,-80.82176118598605,-80.8226079619798,-76.23622944881623,-71.64985093565267,-62.477093909325525,-84.0440660199943,-69.66443949860493,1.999765495640101,18.345514052654273,0.033643460015287195
2.0,06c26b4a4c6c14ed,ok,missing_time_varying_transmission,tv_sir,sir,27,infected,0.015,37,2,-34.58536061105027,-69.20379321965191,2.1052080871712716e-05,2.9506771301001863e-05,0,73.74096700000007,3.6564529182214756e-11,2,-65.20379321965191,-64.85085204318132,-61.98195739436346,-61.98280832100396,-57.39922060042297,-52.815632879841985,-43.648457438680005,-65.20426452731444,-50.836370339776586,1.9997643461687358,18.334350882323953,0.033071997551380676
2.0,06c26b4a4c6c14ed,ok,missing_time_varying_transmission,tv_sir,sir,28,infected,0.015,37,2,-26.906520045176464,-53.838739833359966,2.0512662777304762e-05,5.903409207778966e-05,1,74.38575280000009,9.823608593251265e-11,2,-49.838739833359966,-49.48579865688938,-46.616904008071515,-46.617776041113686,-42.04303837306779,-37.46830070502189,-28.318825368930092,-49.83922283134733,-35.514089418169334,1.999758501006319,18.298950672183594,0.025699743007038908
2.0,06c26b4a4c6c14ed,ok,missing_time_varying_transmission,tv_sir,sir,29,infected,0.015,37,2,-5.657341775271381,-11.339795347124436,1.874600703735968e-05,7.64805586318989e-05,0,74.86936500000002,1.3650591768055165e-10,2,-7.339795347124436,-6.9868541706538485,-4.117959521835988,-4.118834368511578,0.45440819353977346,5.027650755591125,14.174135879693829,-7.340279903515224,6.978286697662645,1.999757721804606,18.292970248205407,0.02511179658167494
2.0,06c26b4a4c6c14ed,ok,missing_time_varying_transmission,tv_sir,sir,30,infected,0.015,37,2,-21.80899795760385,-43.64675940356051,2.0673976515144998e-05,0.00020992052357992488,4,78.03139549999992,7.426592674164567e-11,2,-39.64675940356051,-39.29381822708992,-36.42492357827206,-36.42578626765933,-31.84716609290341,-27.26854591814749,-18.111305568635643,-39.64723722632367,-25.30351521618401,1.999761088618422,18.31448069902369,0.02876348835280928
2.0,06c26b4a4c6c14ed,ok,missing_time_varying_transmission,tv_sir,sir,31,infected,0.015,37,2,-38.480024481054734,-76.98902108154684,1.8155523770164283e-05,3.422741916380867e-05,3,78.561239,3.4084735034412006e-11,2,-72.98902108154684,-72.63607990507624,-69.76718525625839,-69.76804878778887,-65.19027136897652,-60.61249395016418,-51.45693911253948,-72.98949937075272,-58.64893928686008,1.9997608553970554,18.31110967524939,0.02897211943737228
2.0,06c26b4a4c6c14ed,ok,missing_time_varying_transmission,tv_sir,sir,32,infected,0.015,37,2,-53.37598579874548,-106.78197019861523,2.6750272232072927e-05,3.846022493381759e-05,2,77.04729930000008,9.192291372528416e-11,2,-102.78197019861523,-102.42902902214463,-99.56013437332678,-99.56099100703288,-94.9788019109049,-90.39661281477694,-81.23223462252099,-102.78244466728322,-88.42321521297907,1.9997627656660089,18.328756384511884,0.02999860112425546
2.0,06c26b4a4c6c14ed,ok,missing_time_varying_transmission,tv_sir,sir,33,infected,0.015,37,2,-42.86411455523297,-85.75960419295566,2.3847132046843187e-05,7.547969540543716e-05,0,76.54160159999992,1.2443024388630874e-10,2,-81.75960419295566,-81.40666301648507,-78.53776836766721,-78.53862233249922,-73.95580159132618,-69.37298085015314,-60.20733936780707,-81.7600771833989,-67.3969461457738,1.9997635047783797,18.331282964692143,0.03137508248971485
2.0,06c26b4a4c6c14ed,ok,missing_time_varying_transmission,tv_sir,sir,34,infected,0.015,37,2,-28.851356346386808,-57.729363640101326,1.8058023187824025e-05,4.127074182472496e-05,0,47.85445299999992,1.1787903986260062e-11,2,-53.729363640101326,-53.37642246363074,-50.507527814812875,-50.5083982265954,-45.933476151855125,-41.358554077114846,-32.20870992763429,-53.729845740112225,-39.4030243938125,1.9997589499945487,18.29968829896111,0.026650947327712116
2.0,06c26b4a4c6c14ed,ok,missing_time_varying_transmission,tv_sir,sir,35,infected,0.015,37,2,-18.422514538116776,-36.87637519470883,2.0560670980647633e-05,5.4993212498396985e-05,4,45.64413190000005,5.822897719554021e-11,2,-32.87637519470883,-32.52343401823824,-29.65453936942038,-29.655395008465504,-25.073867819701103,-20.492340630936702,-11.329286253407897,-32.87684911245818,-18.518920321175944,1.9997630411253247,18.326108755057607,0.03134611847527888
2.0,06c26b4a4c6c14ed,ok,missing_time_varying_transmission,tv_sir,sir,36,infected,0.015,37,2,-35.515533178236964,-71.06179596943429,2.2944540066379007e-05,2.4530321298314493e-05,4,47.65844090000019,1.7504220295450068e-10,2,-67.06179596943429,-66.70885479296369,-63.839960144145834,-63.8408162470049,-59.259045431174904,-54.67727461534491,-45.51373298368492,-67.06227014407895,-52.703983093153944,1.9997629126776686,18.327083263319984,0.030729612960355826
2.0,06c26b4a4c6c14ed,ok,missing_time_varying_transmission,tv_sir,sir,37,infected,0.015,37,2,-39.02283729806504,-78.07457355770651,3.314039612960019e-05,2.717972483359417e-05,3,63.74433060000001,7.528910828114022e-11,2,-74.07457355770651,-73.72163238123592,-70.85273773241806,-70.85359593544324,-66.27111108365587,-61.6886262318685,-52.52365652829375,-74.07504889558233,-59.715735188980595,1.9997623310620904,18.32993940714949,0.028898961576428902
2.0,06c26b4a4c6c14ed,ok,missing_time_varying_transmission,tv_sir,sir,38,infected,0.015,37,2,-32.67250725952704,-65.37635868026584,2.059094919037107e-05,2.912679403037566e-05,3,56.658452600000146,5.4228621593210846e-11,2,-61.37635868026584,-61.02341750379525,-58.15452285497739,-58.1553784827049,-53.573840826657076,-48.992303170609254,-39.82922785851361,-61.376832591746634,-47.01886389486279,1.9997630442596015,18.326150624191285,0.031344161211759786
2.0,06c26b4a4c6c14ed,ok,missing_time_varying_transmission,tv_sir,sir,39,infected,0.015,37,2,-27.824693835078367,-55.6794052952732,2.4707792087491052e-05,3.798753993076469e-05,2,68.7229883,1.7983836642088136e-11,2,-51.6794052952732,-51.32646411880261,-48.45756946998475,-48.45842679115275,-43.87685936579936,-39.29529194044597,-30.132157089739188,-51.67988014470968,-37.32311796874317,1.9997625752817592,18.326269701413565,0.030017625116462558
2.0,06c26b4a4c6c14ed,ok,missing_time_varying_transmission,tv_sir,sir,40,infected,0.015,37,2,-32.7303889513223,-65.49415362479144,1.9650584837517224e-05,1.7124617462102777e-05,1,84.02233300000012,1.815436689867056e-11,2,-61.49415362479144,-61.14121244832085,-58.272317799502986,-58.27316876792188,-53.6898677443281,-49.106566720734314,-39.93996467354675,-61.49462495559401,-47.12757380826946,1.9997643345987137,18.333204094375134,0.033375722146846365
2.0,06c26b4a4c6c14ed,ok,missing_time_varying_transmission,tv_sir,sir,41,infected,0.015,37,2,-17.026340769187854,-34.083745329411386,2.4906421683450157e-05,4.363153321981272e-05,1,64.47089060000008,4.271782927389722e-11,2,-30.083745329411386,-29.7308041529408,-26.861909504122938,-26.862763867661883,-22.27992928989329,-17.69709471212469,-8.5314255565875,-30.084218540688745,-15.721343227301325,1.9997633943613196,18.331338311074383,0.03106379103568087
2.0,06c26b4a4c6c14ed,ok,missing_time_varying_transmission,tv_sir,sir,42,infected,0.015,37,2,-16.523685539832364,-33.077576277661564,1.9870748511895685e-05,3.6723151543163435e-05,2,78.54696609999996,7.715783567618928e-11,2,-29.077576277661564,-28.724635101190977,-25.855740452373116,-25.856599538249025,-21.27663854174653,-16.696677545244036,-7.536755552239047,-29.07805210452703,-14.72752709365475,1.9997620865672683,18.319843986009978,0.03020519799683815
2.0,06c26b4a4c6c14ed,ok,missing_time_varying_transmission,tv_sir,sir,43,infected,0.015,37,2,-52.13612725099305,-104.3023586858709,2.237119111842944e-05,3.510994743170233e-05,0,88.46686130000012,2.0804691303055733e-11,2,-100.3023586858709,-99.9494175094003,-97.08052286058245,-97.08138094123,-92.5005358846861,-87.91969082814222,-78.75800071505444,-100.30283395596472,-85.94887427581054,1.9997623649530931,18.323380226175555,0.030104183884803525
2.0,06c26b4a4c6c14ed,ok,missing_time_varying_transmission,tv_sir,sir,44,infected,0.015,37,2,-41.558753599945994,-83.14827254265882,2.8571333598661683e-05,2.9419020555638508e-05,0,85.75353919999998,5.402966962719802e-11,2,-79.14827254265882,-78.79533136618822,-75.92643671737036,-75.92729062884268,-71.34367930721291,-66.76006798558315,-57.592845342323606,-79.14874550354742,-64.7830619133729,1.999763519555698,18.334445286519077,0.030765342766829577
2.0,06c26b4a4c6c14ed,ok,missing_time_varying_transmission,tv_sir,sir,45,infected,0.015,37,2,-27.688541879785145,-55.412517866463446,3.8102597133377476e-05,2.5914032419058404e-05,2,81.96889390000001,1.978861519091879e-12,2,-51.412517866463446,-51.05957668999286,-48.190682041174995,-48.191521428926286,-43.60045641804881,-39.00939140717133,-29.827261385416374,-51.412982783014634,-37.01282371606038,1.9997675417244047,18.364260043509912,0.035434106893155716
2.0,06c26b4a4c6c14ed,ok,missing_time_varying_transmission,tv_sir,sir,46,infected,0.015,37,2,-39.59077765746349,-79.21247260314681,1.8407746529211324e-05,2.5259151283067e-05,0,58.200375299999905,2.886224592657527e-11,2,-75.21247260314681,-74.85953142667621,-71.99063677785836,-71.99149481938169,-67.41139068291598,-62.831286546450265,-53.671078273518845,-75.21294785157066,-60.86113876906414,1.9997623757880718,18.320416545862837,0.030917288219824694
2.0,06c26b4a4c6c14ed,ok,missing_time_varying_transmission,tv_sir,sir,47,infected,0.015,37,2,-32.64649615969387,-65.32548764786534,3.195158972963349e-05,2.7074319365102677e-05,1,42.85850750000009,2.1579182885034243e-11,2,-61.325487647865344,-60.97254647139476,-58.10365182257689,-58.10450010785157,-53.518027882401455,-48.931555656951346,-39.75861120605112,-61.3259574925393,-46.947103417587286,1.9997650776630214,18.34588890180045,0.0324953284776136
2.0,06c26b4a4c6c14ed,ok,missing_time_varying_transmission,tv_sir,sir,48,infected,0.015,37,2,-28.209056716948442,-56.449111573827906,2.3900181287290858e-05,3.74258000331466e-06,3,45.36565109999992,3.0965452424425166e-11,2,-52.449111573827906,-52.09617039735732,-49.227275748539455,-49.228130703560566,-44.64571425989569,-40.063297816230815,-30.89846492890107,-52.44958511271292,-38.08844765923739,1.9997632305574937,18.329665774659496,0.030998139931022614
2.0,06c26b4a4c6c14ed,ok,missing_time_varying_transmission,tv_sir,sir,49,infected,0.015,37,2,-42.40721643995521,-84.85053463183635,2.4548837737181108e-05,5.343087759086253e-05,4,61.697291999999834,1.0828671292983927e-11,2,-80.85053463183635,-80.49759345536576,-77.6286988065479,-77.62954067213458,-73.04151762642346,-68.45349458071233,-59.27744848929008,-80.85100092080057,-66.46234069706591,1.9997668555178938,18.3520921828445,0.036101751925946765
2.0,06c26b4a4c6c14ed,ok,missing_time_varying_transmission,tv_sir,sir,50,infected,0.015,37,2,-53.572214784004764,-107.17628758334976,2.8604264297863467e-05,2.5813941269677204e-05,0,94.25439970000002,1.8239632026961772e-11,2,-103.17628758334976,-102.82334640687917,-99.95445175806131,-99.95530267976561,-95.37043398706004,-90.78556529435448,-81.61582790894336,-103.17675888827824,-88.80495479718728,1.9997643475357578,18.33947477082225,0.03185801534023488
2.0,06c26b4a4c6c14ed,ok,missing_time_varying_transmission,tv_sir,sir,51,infected,0.015,37,2,-45.10397018624349,-90.23878641933061,2.9150489133406735e-05,1.8093815226029977e-05,2,94.51437710000005,6.790656925659277e-11,2,-86.23878641933061,-85.88584524286001,-83.01695059404216,-83.01780411169719,-78.43393974020282,-73.85007536870845,-64.6823466257197,-86.23925916209335,-71.87248288650949,1.9997636286186287,18.335457485977493,0.030846046843631698
2.0,06c26b4a4c6c14ed,ok,missing_time_varying_transmission,tv_sir,sir,52,infected,0.015,37,2,-33.34434038381031,-66.71453420176917,1.4895094055469017e-05,3.7126998959484066e-05,3,41.51173770000014,2.7640112421067897e-12,2,-62.71453420176917,-62.36159302529858,-59.49269837648072,-59.49357345199662,-54.9212479418288,-50.348922431660995,-41.204271411325365,-62.715018884909064,-48.39937872694938,1.9997576584300534,18.28930204067125,0.025853434148544727
2.0,06c26b4a4c6c14ed,ok,missing_time_varying_transmission,tv_sir,sir,53,infected,0.015,37,2,-45.721306427015605,-91.47604629878461,2.598500880275286e-05,3.455036578456033e-05,2,66.07482860000005,1.7635670701565687e-11,2,-87.47604629878461,-87.12310512231402,-84.25421047349616,-84.25505820997849,-79.6692677874365,-75.0834773648945,-65.91189651981053,-87.47651583949578,-73.09945116386325,1.999765229644419,18.34316169016796,0.033433444753398024
2.0,06c26b4a4c6c14ed,ok,missing_time_varying_transmission,tv_sir,sir,54,infected,0.015,37,2,-66.09900115803686,-132.22891592862203,2.3933367916239286e-05,6.790314109815659e-05,3,53.80821690000016,1.204796262754826e-10,2,-128.22891592862203,-127.87597475215144,-125.00708010333358,-125.00793527306998,-120.42560271839235,-115.84327016371475,-106.67860505435951,-128.22938958643263,-113.86867209736326,1.9997631710946941,18.32933021871046,0.03091361254830785
2.0,06c26b4a4c6c14ed,ok,missing_time_varying_transmission,tv_sir,sir,55,infected,0.015,37,2,-44.11976620582703,-88.27394870442609,2.6003692986051984e-05,2.0235479467704335e-05,1,32.90664670000001,3.5498715078574605e-11,2,-84.27394870442609,-83.9210075279555,-81.05211287913764,-81.05295815705763,-76.46613017984016,-71.8793022026227,-62.70564624818776,-84.2744168833991,-69.89222050278418,1.999765910513493,18.347311908869873,0.03441629277204219
2.0,06c26b4a4c6c14ed,ok,missing_time_varying_transmission,tv_sir,sir,56,infected,0.015,37,2,-44.778277118304764,-89.58588014083784,1.6171255886036472e-05,6.0727684833096464e-05,1,26.16903769999999,6.394884621840902e-11,2,-85.58588014083784,-85.23293896436725,-82.36404431554939,-82.36490820977585,-77.78770197129724,-73.21049573281863,-64.05608325586141,-85.58635863093225,-71.2477292826951,1.9997607549527963,18.30882495391443,0.02932590422831388
2.0,06c26b4a4c6c14ed,ok,missing_time_varying_transmission,tv_sir,sir,57,infected,0.015,37,2,-61.83531278566588,-123.7020948848419,2.115121352365853e-05,4.043790491818814e-05,3,26.474459400000114,1.5285905874407035e-10,2,-119.7020948848419,-119.3491537083713,-116.48025905955345,-116.48111405785055,-111.89920856281698,-107.31730306778341,-98.15349207771627,-119.70256844769644,-105.34300359119747,1.9997632185727319,18.32762198013428,0.031469313510144856
2.0,06c26b4a4c6c14ed,ok,missing_time_varying_transmission,tv_sir,sir,58,infected,0.015,37,2,-40.44233988255589,-80.91501915442785,1.9585084775867343e-05,2.2530201143126582e-05,0,26.245210399999905,4.362732397567015e-12,2,-76.91501915442785,-76.56207797795726,-73.6931833291394,-73.69404221201322,-69.11405252915661,-64.5340628463,-55.37408348058679,-76.91549486885536,-62.56472103368536,1.9997621427862424,18.319958731426425,0.030339389316074467
2.0,06c26b4a4c6c14ed,ok,missing_time_varying_transmission,tv_sir,sir,59,infected,0.015,37,2,-23.788941022898715,-47.60387931629322,1.4217091227243758e-05,4.7654550756439324e-05,0,29.66972769999984,4.370548367660376e-11,2,-43.60387931629322,-43.25093813982263,-40.382043491004765,-40.38291867488175,-35.81079597724867,-31.238673279615586,-22.09442788434942,-43.60436405945169,-29.2893912552651,1.9997576284207639,18.28849079053233,0.025997270495784694
2.0,06c26b4a4c6c14ed,ok,missing_time_varying_transmission,tv_sir,sir,60,infected,0.015,37,2,-37.615831145911685,-75.26433988977243,2.6798191662750032e-05,1.548314946707936e-05,2,26.173263099999986,8.451905841866392e-11,2,-71.26433988977243,-70.91139871330184,-68.04250406448398,-68.04335343169076,-63.458116037142524,-58.87287864259429,-49.70240385349781,-71.26481033370239,-56.89071271363042,1.9997647780350247,18.34094957819295,0.03267759794905442
2.0,06c26b4a4c6c14ed,ok,missing_time_varying_transmission,tv_sir,sir,61,infected,0.015,37,2,-43.337433250321276,-86.70096411337545,2.3250383311030946e-05,3.789983780679021e-05,2,26.718917200000078,3.3153924050566275e-11,2,-82.70096411337545,-82.34802293690485,-79.479128288087,-79.47999785525582,-74.90375140609069,-70.32750495692558,-61.175012058595335,-82.70144574557527,-68.36988070398206,1.9997591839000886,18.304985796660482,0.026097612732901773
2.0,06c26b4a4c6c14ed,ok,missing_time_varying_transmission,tv_sir,sir,62,infected,0.015,37,2,-17.80177948347153,-35.64067609922421,2.395486661295239e-05,2.712494606794494e-05,3,27.569288500000084,1.432631790976302e-10,2,-31.64067609922421,-31.28773492275362,-28.41884027393576,-28.419680086857582,-23.830892345277555,-19.24210460369753,-10.064529120537479,-31.64114125126706,-17.24840800062296,1.999767423978573,18.355150966320103,0.037117132281147235
2.0,06c26b4a4c6c14ed,ok,missing_time_varying_transmission,tv_sir,sir,63,infected,0.015,37,2,-43.21346859152226,-86.45836379005092,2.9240096477532023e-05,3.0243679442889285e-05,3,26.446745899999996,2.4293456135637825e-11,2,-82.45836379005092,-82.10542261358033,-79.23652796476247,-79.2373798607072,-74.65282272130796,-70.06826558190872,-60.89915130311025,-82.45883563458759,-68.08870862544757,1.9997640777316654,18.338228557596942,0.03142660700640876
2.0,06c26b4a4c6c14ed,ok,missing_time_varying_transmission,tv_sir,sir,64,infected,0.015,37,2,-26.39533261877843,-52.81900566353997,1.9905421043357297e-05,9.134933764370468e-06,1,26.004314900000054,3.936051484743075e-11,2,-48.81900566353997,-48.46606448706938,-45.59716983825152,-45.59803415536329,-41.02023386354918,-36.44243357173508,-27.286832988106866,-48.81948438786031,-34.47946407030044,1.9997606378398305,18.31120116725642,0.02834042598311074
2.0,06c26b4a4c6c14ed,ok,missing_time_varying_transmission,tv_sir,sir,65,infected,0.015,37,2,-37.41897318957638,-74.86972453758983,2.8827476378583492e-05,6.518695901420455e-05,1,26.701181099999985,2.1742607714259066e-12,2,-70.86972453758983,-70.51678336111924,-67.64788871230138,-67.6487397797231,-63.06389800444616,-58.47905622916922,-49.30937267861534,-70.87019592322767,-56.49857927804499,1.99976430718108,18.33936710110776,0.03177815843707489
2.0,06c26b4a4c6c14ed,ok,missing_time_varying_transmission,tv_sir,sir,66,infected,0.015,37,2,-57.42142558195168,-114.87376017553538,2.437686341189737e-05,2.0637639355924414e-05,3,30.115519999999833,1.5774048733874224e-12,2,-110.87376017553538,-110.52081899906479,-107.65192435024693,-107.65277934735182,-103.07029882533412,-98.4878183033164,-89.322857259281,-110.87423373772958,-96.51292907583252,1.9997632189029018,18.329922088070838,0.030909011632015697
2.0,06c26b4a4c6c14ed,ok,missing_time_varying_transmission,tv_sir,sir,67,infected,0.015,37,2,-30.809657484982445,-61.65310807282975,3.926988774002698e-05,2.6882027991803046e-05,3,30.26962639999965,3.892708377861709e-11,2,-57.65310807282975,-57.300166896359165,-54.4312722475413,-54.43211566794549,-49.84261329982957,-45.25311093171366,-36.074106195481825,-57.653575222969735,-43.261305497501226,1.9997664249300076,18.358009472463664,0.0337931028648628
2.0,06c26b4a4c6c14ed,ok,missing_time_varying_transmission,tv_sir,sir,68,infected,0.015,37,2,-33.17551708523784,-66.37841207698983,2.2773773510520383e-05,2.401019657613341e-05,4,31.10214330000008,3.105782298007398e-11,2,-62.37841207698983,-62.025470900519245,-59.15657625170138,-59.157442042735866,-54.57972177900722,-50.00200151527858,-40.846560987821285,-62.378891617680274,-48.040153115561104,1.999760229654778,18.31088105491458,0.02737790651414814
2.0,06c26b4a4c6c14ed,ok,missing_time_varying_transmission,tv_sir,sir,69,infected,0.015,37,2,-32.41046301932898,-64.8520603023328,2.629905778483633e-05,3.996199651741315e-05,2,31.408484600000065,1.3919532193540363e-11,2,-60.8520603023328,-60.499119125862215,-57.63022447704435,-57.631078123196204,-53.04771404944608,-48.46434997569596,-39.297621828195716,-60.85253311626682,-46.48746974365747,1.999763593032991,18.33345629500049,0.031134263674847392
2.0,06c26b4a4c6c14ed,ok,missing_time_varying_transmission,tv_sir,sir,70,infected,0.015,37,2,-43.82367214714774,-87.67549233014088,1.5802570687603872e-05,5.002110377753386e-05,1,29.520566099999996,2.2595258997171186e-12,2,-83.67549233014088,-83.32255115367029,-80.45365650485243,-80.45452400655014,-75.87888675329928,-71.30324950004842,-62.1519749935467,-83.67597281832627,-69.34479528129204,1.9997597559073075,18.30254901300344,0.028148035845400127
2.0,06c26b4a4c6c14ed,ok,missing_time_varying_transmission,tv_sir,sir,71,infected,0.015,37,2,-17.063246521267732,-34.159828738496856,2.3986034566718225e-05,2.286098947562525e-05,1,29.90542800000003,7.851497230149107e-13,2,-30.159828738496856,-29.80688756202627,-26.937992913208408,-26.93884173219733,-22.353842467430074,-17.76884320266282,-8.598844673128308,-30.16029887878221,-15.786495983466445,1.9997649298573223,18.33999705906902,0.03333569596139207
2.0,06c26b4a4c6c14ed,ok,missing_time_varying_transmission,tv_sir,sir,72,infected,0.015,37,2,-45.12781793974072,-90.28304017128636,1.3368566312965633e-05,7.524333965346103e-05,0,28.895077199999832,5.255884616417461e-11,2,-86.28304017128636,-85.93009899481576,-83.06120434599791,-83.0620760374568,-78.48873026346654,-73.91538448947627,-64.76869294149574,-86.28352298007901,-71.96225278352038,1.9997585956036716,18.293383095961065,0.02740429180491922
2.0,06c26b4a4c6c14ed,ok,missing_time_varying_transmission,tv_sir,sir,73,infected,0.015,37,2,-24.04533444550939,-48.11902084459712,2.6385703043514253e-05,5.514022219692996e-05,1,30.278343700000278,2.8965274623260484e-11,2,-44.11902084459712,-43.76607966812653,-40.897185019308665,-40.89804654300285,-36.317950644810466,-31.73785474661808,-22.57766295023331,-44.119498021711095,-29.77028529824924,1.9997614114430116,18.320383592769538,0.028351953578339136
2.0,06c26b4a4c6c14ed,ok,missing_time_varying_transmission,tv_sir,sir,74,infected,0.015,37,2,-45.26449214482621,-90.5557267999877,1.8455430878749423e-05,3.3733942668604577e-05,2,32.117852200000016,1.9319656985317124e-11,2,-86.5557267999877,-86.2027856235171,-83.33389097469924,-83.33476086770213,-78.7595448962148,-74.1843289247275,-65.03389698175286,-86.5562086126591,-72.22812040370314,1.9997590936642922,18.30086388594927,0.02674251033528166
2.0,06c26b4a4c6c14ed,ok,missing_time_varying_transmission,tv_sir,sir,75,infected,0.015,37,2,-15.389252518487751,-30.81126983999843,2.0747828679462262e-05,1.6888316214736163e-05,2,37.864734000000226,3.885425314820168e-11,2,-26.81126983999843,-26.458328663527844,-23.589434014709983,-23.59028588219084,-19.00714907718875,-14.424012272186657,-5.257738662182472,-26.811741668769656,-12.445957816967134,1.9997640856143872,18.33254722000837,0.032764803022930056
2.0,06c26b4a4c6c14ed,ok,missing_time_varying_transmission,tv_sir,sir,76,infected,0.015,37,2,-30.39316682244032,-60.82284563739216,1.9108583899162308e-05,5.684464250842502e-05,1,34.085870500000055,3.382893964953837e-11,2,-56.82284563739216,-56.469904460921576,-53.60100981210371,-53.60185369846395,-49.015690391375564,-44.42952708428719,-35.25720047011042,-56.82331304561392,-42.44168041652711,1.9997662958891198,18.34465322835353,0.03651199251152218
2.0,06c26b4a4c6c14ed,ok,missing_time_varying_transmission,tv_sir,sir,77,infected,0.015,37,2,-44.45200326058839,-88.93719175797764,2.100362917722307e-05,1.776759008742047e-05,3,31.747292000000016,8.057554623519536e-11,2,-84.93719175797764,-84.58425058150705,-81.71535593268919,-81.71620660176612,-77.13252020492176,-72.5488338080774,-63.38146101438868,-84.93766292298194,-70.56926093379934,1.9997644174978506,18.33474558737744,0.03318523680086702
2.0,06c26b4a4c6c14ed,ok,missing_time_varying_transmission,tv_sir,sir,78,infected,0.015,37,2,-50.68835694473476,-101.40393618582772,1.810591192529411e-05,2.355358676247187e-05,3,34.99629079999977,1.0275158501826809e-10,2,-97.40393618582772,-97.05099500935712,-94.18210036053927,-94.18296901428786,-89.6073143476459,-85.03165968100393,-75.88035034772,-97.40441731210619,-83.07409522290166,1.9997594368607645,18.30261866656786,0.02722229635820716
2.0,06c26b4a4c6c14ed,ok,missing_time_varying_transmission,tv_sir,sir,79,infected,0.015,37,2,-25.099074205841696,-50.23063955445656,3.315216214462279e-05,3.7280921799841416e-05,1,44.17310849999967,6.66844357510854e-11,2,-46.23063955445656,-45.87769837798597,-43.00880372916811,-43.009651740647215,-38.42289468030752,-33.83613761996783,-24.662623499288443,-46.231109247481776,-31.85112017032462,1.9997651534873904,18.34702824135877,0.0324911427731651
2.0,fb676b509fda516f,ok,missing_time_varying_transmission,tv_sir,tv_sir,0,infected,0.015,37,4,-107.54110459481412,-215.41285377292564,7.11111545118077e-08,0.00019688017357136052,4,111.78111050000001,9.356426744488999e-11,4,-207.41285377292564,-206.16285377292564,-200.96918212234874,-202.81771375667623,-196.50159141101517,-190.18546906535408,-177.55322437403197,-208.4367106863462,-189.81771980698397,3.488071543289718,25.264489382644268,0.33064458329740387
2.0,fb676b509fda516f,ok,missing_time_varying_transmission,tv_sir,tv_sir,1,infected,0.015,37,4,-105.67696661821897,-211.92887542994816,9.52584040342e-08,0.0001468966536002751,1,134.0151240999985,2.432045675959671e-10,4,-203.92887542994816,-202.67887542994816,-197.48520377937126,-199.31104732931544,-193.00196237417552,-186.69287741903557,-174.0747075087557,-204.94016596277956,-186.1175934158782,3.494354733584307,25.236339820559746,0.5749421935102175
2.0,fb676b509fda516f,ok,missing_time_varying_transmission,tv_sir,tv_sir,2,infected,0.015,37,4,-105.49229484195432,-211.6152387701915,1.1240002809337572e-07,0.00015770265692806359,4,121.05350710000494,2.5296742478531087e-10,4,-203.6152387701915,-202.3652387701915,-197.1715671196146,-199.18119953149093,-192.90786688744168,-186.63453424339244,-174.08786895529394,-204.72832550353388,-185.89125910771165,3.4434566333288057,25.09333057619698,0.6306490862828665
2.0,fb676b509fda516f,ok,missing_time_varying_transmission,tv_sir,tv_sir,3,infected,0.015,37,4,-98.43571253452383,-197.59021300907196,3.764132733412634e-07,0.00015019007517616786,4,130.39996390001033,1.261923898709938e-11,4,-189.59021300907196,-188.34021300907196,-183.14654135849506,-184.89415397964834,-178.57206549212353,-172.24997700459872,-159.60580002954907,-190.5581733246658,-171.5830711189484,3.51601984220308,25.288353950099253,0.7187879400242928
2.0,fb676b509fda516f,ok,missing_time_varying_transmission,tv_sir,tv_sir,4,infected,0.015,37,4,-100.84769121680397,-202.14075145082066,1.8953074378765811e-06,0.00013857290393111055,2,141.1487555000058,1.149373929365538e-10,4,-194.14075145082066,-192.89075145082066,-187.69707980024376,-189.44954526939205,-183.10271603802573,-176.7558868066594,-164.06222834392676,-195.11139964141603,-176.30806550814265,3.5146759047023113,25.387316925465296,0.44536901721271915
2.0,fb676b509fda516f,ok,missing_time_varying_transmission,tv_sir,tv_sir,5,infected,0.015,37,4,-101.30183475312056,-203.65268788740946,1.7380950666259584e-07,0.00021030055471914216,1,140.27084179999656,2.503952600818593e-10,4,-195.65268788740946,-194.40268788740946,-189.20901623683255,-191.45717715822443,-185.22115366381718,-178.9851301694099,-166.51308318059537,-196.89788978663822,-177.65957552861207,3.377399050385623,24.944093977629045,1.049018381168346
2.0,fb676b509fda516f,ok,missing_time_varying_transmission,tv_sir,tv_sir,6,infected,0.015,37,4,-106.1937664292529,-212.77249624578548,1.1623170912460893e-06,0.00010009562246165334,0,142.5869728999969,8.43840552988695e-11,4,-204.77249624578548,-203.52249624578548,-198.32882459520857,-200.21805238415746,-193.90163578781468,-187.5852191914719,-174.95238599878638,-205.81889377386744,-187.12186647313473,3.4768012359590204,25.26566638537109,0.3849633872796745
2.0,fb676b509fda516f,ok,missing_time_varying_transmission,tv_sir,tv_sir,7,infected,0.015,37,4,-99.04497819146353,-198.53325744498795,2.3379132405995984e-08,0.00013372444147470575,2,137.10396419998142,1.0203393685515039e-11,4,-190.53325744498795,-189.28325744498795,-184.08958579441105,-185.99495418676872,-179.69723674923858,-173.39951931170845,-160.80408443664817,-191.58859486248267,-172.8990866328065,3.4723312912526487,25.190869750120548,0.44330106206089415
2.0,fb676b509fda516f,ok,missing_time_varying_transmission,tv_sir,tv_sir,8,infected,0.015,37,4,-99.78076325528116,-199.9772934481577,4.7148331984626246e-09,0.00019833958325180234,1,141.85170080000535,2.304716417711461e-10,4,-191.9772934481577,-190.7272934481577,-185.5336217975808,-187.3019897583336,-180.97272377689185,-174.64345779545008,-161.98492583256657,-192.9567496438029,-174.2444625847953,3.510271902177397,25.317063925767037,0.4157669375953853
2.0,fb676b509fda516f,ok,missing_time_varying_transmission,tv_sir,tv_sir,9,infected,0.015,37,4,-104.95559323895738,-210.57768429615268,1.1415236330804282e-06,0.00010004624425045798,2,139.8208042999904,2.227409368060762e-10,4,-202.57768429615268,-201.32768429615268,-196.13401264557578,-197.98158374234336,-191.68764123183104,-185.39369872131869,-172.80581370029404,-203.60100919107649,-184.73541643586543,3.4883375525380917,25.175770042049322,0.6664978182379246
2.0,fb676b509fda516f,ok,missing_time_varying_transmission,tv_sir,tv_sir,10,infected,0.015,37,4,-107.84861970099966,-216.47108575047437,4.895067542312047e-08,6.671255385062036e-05,1,133.76375720000942,6.7254291025165e-10,4,-208.47108575047437,-207.22108575047437,-202.02741409989747,-203.7122864984871,-197.37134676091176,-191.0304070233364,-178.34852754818576,-209.40429577593065,-190.333480451698,3.5333949872718624,25.363758950301335,0.7738463484750404
2.0,fb676b509fda516f,ok,missing_time_varying_transmission,tv_sir,tv_sir,11,infected,0.015,37,4,-102.21576553607105,-204.89050522353986,7.36223802204859e-07,5.445809685598523e-05,3,135.80387980001979,3.1087665774975903e-10,4,-196.89050522353986,-195.64050522353986,-190.44683357296296,-192.22887280741762,-185.8945996706162,-179.5603265338148,-166.89178026021196,-197.87753360666346,-179.09443852493644,3.506485808438195,25.337092547205657,0.45897415139777786
2.0,fb676b509fda516f,ok,missing_time_varying_transmission,tv_sir,tv_sir,12,infected,0.015,37,4,-104.91597291639931,-210.3754099499511,2.1162777094658648e-07,0.0002599037721502715,4,133.71162149999873,4.0742520468484145e-11,4,-202.3754099499511,-201.1254099499511,-195.9317382993742,-197.59067351090889,-191.23336804604835,-184.8760625811878,-172.16145165146673,-203.29425399551948,-184.40272397335647,3.5405779772158072,25.429221859442162,0.5434641171524576
2.0,fb676b509fda516f,ok,missing_time_varying_transmission,tv_sir,tv_sir,13,infected,0.015,37,4,-105.06799494944256,-211.32409610855507,3.980818461077674e-08,0.00020871470806630715,1,135.11961129997508,1.510898073320277e-10,4,-203.32409610855507,-202.07409610855507,-196.88042445797817,-199.20154737582504,-192.98703828515247,-186.77252919447992,-174.3435110131348,-204.60970989097814,-185.27795353619487,3.357193108788468,24.858036362690264,1.1881062096699393
2.0,fb676b509fda516f,ok,missing_time_varying_transmission,tv_sir,tv_sir,14,infected,0.015,37,4,-110.7893019459412,-222.03529651565674,9.901021620096291e-08,0.00019751218216877665,0,145.07840889997897,1.786446546248044e-10,4,-214.03529651565674,-212.78529651565674,-207.59162486507984,-209.4209507503686,-203.11013109202133,-196.79931143367406,-184.1776721169795,-215.04851582971708,-196.3353252584933,3.493390342969837,25.24327863338911,0.4566926237743231
2.0,fb676b509fda516f,ok,missing_time_varying_transmission,tv_sir,tv_sir,15,infected,0.015,37,4,-111.1357390354193,-223.40995011725502,4.675833373762459e-07,0.00014401527556786876,0,144.18890129998908,2.4579094315413386e-10,4,-215.40995011725502,-214.15995011725502,-208.96627846667812,-210.62846057467252,-204.28949564130562,-197.9505307079387,-185.27260084120488,-216.33059254015475,-196.91561833737097,3.5396787885501357,25.35585973346763,1.1384720464164224
2.0,fb676b509fda516f,ok,missing_time_varying_transmission,tv_sir,tv_sir,16,infected,0.015,37,4,-103.88862343860907,-208.14282858770736,2.6874550403632513e-07,0.00015126155237120027,0,140.6224657999992,2.1242385628283955e-10,4,-200.14282858770736,-198.89282858770736,-193.69915693713045,-195.5050765487404,-189.17782138712718,-182.85056622551394,-170.19605590228753,-201.14308373351736,-182.46822623076528,3.4998724270950046,25.309020646452872,0.3655817104892083
2.0,fb676b509fda516f,ok,missing_time_varying_transmission,tv_sir,tv_sir,17,infected,0.015,37,4,-108.52837044109734,-217.77632769709703,7.68981532253298e-09,0.00013496520726936445,0,143.6978112999932,8.800782325124601e-11,4,-209.77632769709703,-208.52632769709703,-203.33265604652013,-205.0309070185329,-198.6889653601263,-192.34702370171968,-179.66314038490646,-210.71694779043455,-191.68897424856823,3.5296899533312365,25.367766633626445,0.71958681490237
2.0,fb676b509fda516f,ok,missing_time_varying_transmission,tv_sir,tv_sir,18,infected,0.015,37,4,-102.05669575579414,-204.71882206721602,4.4774991474621e-10,8.394061254591488e-05,1,111.55199739999995,8.38639380162931e-10,4,-196.71882206721602,-195.46882206721602,-190.27515041663912,-192.34479563485854,-186.0783786917377,-179.81196174861685,-167.27912786237516,-197.86514844089083,-179.0477237391049,3.426836813162602,25.06566777248338,0.6054305556277565
2.0,fb676b509fda516f,ok,missing_time_varying_transmission,tv_sir,tv_sir,19,infected,0.015,37,4,-109.8551414293096,-220.25817106926482,1.2067292713571137e-07,8.34319744114327e-05,2,110.41565699999995,7.709388682997087e-11,4,-212.25817106926482,-211.00817106926482,-205.81449941868792,-207.82809474273898,-201.55525005790153,-195.28240537306405,-182.73671600338915,-213.37345276370607,-194.61890411926936,3.4423591527793738,25.091378739349842,0.5478882106456299
2.0,fb676b509fda516f,ok,missing_time_varying_transmission,tv_sir,tv_sir,20,infected,0.015,37,4,-108.26293211853336,-217.01232337822233,2.2345411080203764e-08,0.0001854012067866885,0,131.23070510000002,7.818812264304142e-11,4,-209.01232337822233,-207.76232337822233,-202.56865172764543,-204.33753544092428,-198.01199335719002,-191.68645127345573,-179.03536710598718,-209.9920652367037,-191.2236959021296,3.510129070759321,25.302168334937107,0.4864591411556235
2.0,fb676b509fda516f,ok,missing_time_varying_transmission,tv_sir,tv_sir,21,infected,0.015,37,4,-108.04002356397247,-216.63819044073753,2.5752217242339385e-07,0.0001278811012339123,0,130.55132270000001,8.485301350447116e-11,4,-208.63819044073753,-207.38819044073753,-202.19451879016063,-203.8393186750109,-197.47809727166452,-191.11687586831815,-178.39443306162536,-209.54920527111665,-190.6351615145594,3.5444925848104387,25.444885613385523,0.558143312792605
2.0,fb676b509fda516f,ok,missing_time_varying_transmission,tv_sir,tv_sir,22,infected,0.015,37,4,-99.09095977961519,-198.5411147911277,8.38483316175659e-07,0.00010937459511717224,0,117.01286949999997,1.680433570072637e-10,4,-190.5411147911277,-189.2911147911277,-184.0974431405508,-185.89129203741788,-179.55667258104597,-173.22205312467406,-160.55281421193024,-191.53468426031205,-172.84344173374274,3.503215265407831,25.338477825487658,0.35919523189733277
2.0,fb676b509fda516f,ok,missing_time_varying_transmission,tv_sir,tv_sir,23,infected,0.015,37,4,-106.2663450297183,-213.2947366870696,4.8206731722723953e-08,0.00018224693687771945,4,112.05491429999995,6.045297595846932e-11,4,-205.2947366870696,-204.0447366870696,-198.85106503649268,-200.57594178121988,-194.23967192478545,-187.90340206835106,-175.2308623554822,-206.25010415121895,-187.1876106336989,3.522316267925323,25.345079425737666,0.7620466276330018
2.0,fb676b509fda516f,ok,missing_time_varying_transmission,tv_sir,tv_sir,24,infected,0.015,37,4,-101.57958235001072,-204.21862474196104,6.166732840346857e-09,0.00015385639681947928,4,112.69075659999999,6.346567715809215e-11,4,-196.21862474196104,-194.96862474196104,-189.77495309138413,-191.39101608221483,-185.0336774239423,-178.67633876566978,-165.96166144912473,-197.11372290255437,-177.72981006693135,3.552450919703327,25.429354633090107,1.0594600419395774
2.0,fb676b509fda516f,ok,missing_time_varying_transmission,tv_sir,tv_sir,25,infected,0.015,37,4,-107.04331818585513,-214.57616236224845,4.231137761769566e-08,8.370463341430339e-05,0,127.05992289999995,8.310507837450132e-11,4,-206.57616236224845,-205.32616236224845,-200.13249071167155,-202.12232185241794,-195.8370721827186,-189.5518225130193,-176.9813231736206,-207.67828165096375,-188.94563769291292,3.448940355642349,25.140998678797324,0.4895259905381853
2.0,fb676b509fda516f,ok,missing_time_varying_transmission,tv_sir,tv_sir,26,infected,0.015,37,4,-105.5962308656166,-212.15783722081463,8.758313870618816e-09,0.00020222107221927192,3,129.64628689999995,3.5561242839321494e-10,4,-204.15783722081463,-202.90783722081463,-197.71416557023772,-199.93083364629047,-193.69264664832082,-187.4544596503512,-174.97808565441193,-205.38559599555205,-186.23971373935467,3.386120612631291,24.95274799187855,0.965375489581414
2.0,fb676b509fda516f,ok,missing_time_varying_transmission,tv_sir,tv_sir,27,infected,0.015,37,4,-107.52878212361637,-215.59428206546824,3.598590031365995e-07,0.00012893597125818263,1,127.58561340000006,2.6361135496699717e-11,4,-207.59428206546824,-206.34428206546824,-201.15061041489133,-203.15129736142885,-196.8803177715185,-190.6093381816081,-178.06737900178737,-208.70241412215762,-189.97364588759126,3.445933971655301,25.083918359641466,0.5367178182354944
2.0,fb676b509fda516f,ok,missing_time_varying_transmission,tv_sir,tv_sir,28,infected,0.015,37,4,-108.35158353682283,-217.59957351381343,1.0192156324930361e-06,2.590487512994686e-05,2,127.39987489999999,3.539923909556819e-11,4,-209.59957351381343,-208.34957351381343,-203.15590186323652,-205.3050525100941,-199.0682245916429,-192.83139667319165,-180.35774083628922,-210.78993601933146,-191.75585539984075,3.404818747240978,24.94731167380489,0.8964064401677799
2.0,fb676b509fda516f,ok,missing_time_varying_transmission,tv_sir,tv_sir,29,infected,0.015,37,4,-104.5188173455292,-209.77218326112362,1.925335608139815e-06,0.00010927657137278283,1,131.85044519999997,8.823519692668924e-11,4,-201.77218326112362,-200.52218326112362,-195.3285116105467,-197.3701675701461,-191.11893079404436,-184.8676940179426,-172.36522046573913,-202.9030070621578,-184.03268758665143,3.4345880994829097,25.00494710440698,0.7345485700652106
2.0,fb676b509fda516f,ok,missing_time_varying_transmission,tv_sir,tv_sir,30,infected,0.015,37,4,-98.68902423605384,-198.03966663305883,3.858364131932272e-07,8.867767505112016e-05,0,131.69580070000006,8.543139529137989e-10,4,-190.03966663305883,-188.78966663305883,-183.59599498248193,-185.36188079477805,-179.0437851784513,-172.72568956212456,-160.08949832947104,-191.01774802677457,-172.10566600680067,3.5109593031421262,25.272382465307,0.6616181609511448
2.0,fb676b509fda516f,ok,missing_time_varying_transmission,tv_sir,tv_sir,31,infected,0.015,37,4,-108.09642839251019,-216.6475657312149,3.455739823648996e-07,0.00026436473658643356,4,133.9108662000001,2.687841060833307e-10,4,-208.6475657312149,-207.3975657312149,-202.203894080638,-204.1526742348977,-197.86951352785462,-191.58635282081156,-179.02003140672542,-209.72694787249023,-191.06021395684812,3.4603089293623417,25.13264282817226,0.4547089461945173
2.0,fb676b509fda516f,ok,missing_time_varying_transmission,tv_sir,tv_sir,32,infected,0.015,37,4,-104.89648256982163,-210.35992686664827,6.57099152692577e-08,5.2367539323176344e-05,1,122.22708549999993,3.382183422218077e-12,4,-202.35992686664827,-201.10992686664827,-195.91625521607136,-198.00297383425567,-191.7355362900626,-185.46809874586953,-172.9332236574834,-203.51570978316227,-184.723214962871,3.422108541743,25.069750176772267,0.5669617270050111
2.0,fb676b509fda516f,ok,missing_time_varying_transmission,tv_sir,tv_sir,33,infected,0.015,37,4,-102.64669030103258,-205.72235970846083,2.2494853386332505e-09,0.00016503326645154432,3,101.91592349999996,1.5617729332007002e-10,4,-197.72235970846083,-196.47235970846083,-191.27868805788393,-193.11412453806508,-186.79985657711302,-180.48558861616095,-167.8570526942568,-198.7389635330751,-180.03630875825687,3.4916980876928614,25.25707184380829,0.4289791063956825
2.0,fb676b509fda516f,ok,missing_time_varying_transmission,tv_sir,tv_sir,34,infected,0.015,37,4,-103.54751204862737,-209.101890825127,8.412258656805665e-07,0.0001893754981414605,4,77.08899500000007,1.2806822269340046e-10,4,-201.101890825127,-199.851890825127,-194.65821917455008,-197.09151929869716,-190.9109460152441,-184.73037273179102,-172.3692261648849,-202.4496368459526,-182.37273096344248,3.326126989587196,24.722293133812258,2.0068667278722367
2.0,fb676b509fda516f,ok,missing_time_varying_transmission,tv_sir,tv_sir,35,infected,0.015,37,4,-96.00289493246278,-192.58135677924105,6.179592651835733e-07,8.92631334455922e-05,1,81.9685399,8.525091743649682e-11,4,-184.58135677924105,-183.33135677924105,-178.13768512866415,-180.00536484742923,-173.71107775540068,-167.41679066337213,-154.82821647931505,-185.61581935299554,-166.82864149681137,3.482768713122753,25.177148368114196,0.5755669143154973
2.0,fb676b509fda516f,ok,missing_time_varying_transmission,tv_sir,tv_sir,36,infected,0.015,37,4,-100.07807045026146,-201.10209151042088,9.745777518185905e-09,9.381554637165562e-05,2,97.3495577000001,2.0968116132280556e-10,4,-193.10209151042088,-191.85209151042088,-186.65841985984397,-188.2888692284667,-181.93427061729702,-175.57967200612737,-162.87047478378804,-194.00515793733322,-174.73774645584427,3.5484667865438206,25.41839444467866,0.9459506098979351
2.0,fb676b509fda516f,ok,missing_time_varying_transmission,tv_sir,tv_sir,37,infected,0.015,37,4,-96.3872488758886,-194.21907567027222,3.923362696515269e-07,0.00019551488145496605,3,104.3136141,1.2631744539248757e-09,4,-186.21907567027222,-184.96907567027222,-179.77540401969532,-182.10052022975523,-175.87925132713875,-169.65798242452223,-157.21544461928926,-187.50690124056177,-167.88942214131123,3.356087214855222,24.88507561046599,1.4445779184950207
2.0,fb676b509fda516f,ok,missing_time_varying_transmission,tv_sir,tv_sir,38,infected,0.015,37,4,-105.15486463445669,-210.8443764059047,3.45545550219359e-07,0.00013836760924251616,0,108.8276899,2.205240434705047e-10,4,-202.8443764059047,-201.5943764059047,-196.4007047553278,-198.40854660032326,-192.1381523859468,-185.8677581715703,-173.32696974281734,-203.9564713876071,-185.22815241140745,3.4439525091488035,25.08157685750592,0.5346471369913269
2.0,fb676b509fda516f,ok,missing_time_varying_transmission,tv_sir,tv_sir,39,infected,0.015,37,4,-96.65984213705255,-194.12034008675582,5.207900898940075e-08,5.885466447644584e-05,0,123.5543474000001,2.697689183150942e-09,4,-186.12034008675582,-184.87034008675582,-179.67666843617891,-181.35499996303852,-175.01287273112212,-168.67074549920568,-155.98649103537286,-187.04992728173616,-167.95117534643944,3.535206402509831,25.368508927665662,0.8006558126507308
2.0,fb676b509fda516f,ok,missing_time_varying_transmission,tv_sir,tv_sir,40,infected,0.015,37,4,-96.37137486169753,-193.31857233125635,9.323471307162677e-08,0.0002578848672943503,4,126.80801109999993,3.063860276597552e-11,4,-185.31857233125635,-184.06857233125635,-178.87490068067945,-180.65591414976583,-174.3359607416651,-168.01600733356435,-155.3761005173629,-186.3050325677795,-167.46293609099212,3.5067698817384185,25.279813632402952,0.5758226078612886
2.0,fb676b509fda516f,ok,missing_time_varying_transmission,tv_sir,tv_sir,41,infected,0.015,37,4,-101.19677946694165,-203.40913136287926,1.1705574434514244e-07,0.00020436221795002557,0,131.43552209999984,2.064126647383091e-10,4,-195.40913136287926,-194.15913136287926,-188.96545971230236,-190.63670257887367,-184.29567116440288,-177.95463974993208,-165.2725769209905,-196.33479232056493,-177.02943327600013,3.537169521157161,25.364125657883175,1.015572428995961
2.0,fb676b509fda516f,ok,missing_time_varying_transmission,tv_sir,tv_sir,42,infected,0.015,37,4,-97.00537962225421,-196.11789365472595,2.048763015795319e-07,9.81217455277863e-05,2,146.75194310000006,1.4590284536097897e-10,4,-188.11789365472595,-186.86789365472595,-181.67422200414904,-183.21364840478435,-176.8429981663618,-170.47234792793927,-157.73104745109416,-188.9705446636258,-168.52815829081823,3.5736744955500805,25.482600953690184,2.1071344102175393
2.0,fb676b509fda516f,ok,missing_time_varying_transmission,tv_sir,tv_sir,43,infected,0.015,37,4,-108.80144478947473,-218.00353190833658,3.612388609658833e-09,0.00020483043597673998,3,150.19648660000007,3.8113512346171774e-11,4,-210.00353190833658,-208.75353190833658,-203.55986025775968,-205.4227213824378,-199.1147747882092,-192.80682819398058,-180.19093500552336,-211.0353255794998,-192.37110320203502,3.484103164418386,25.23178637691445,0.40064232938711597
2.0,fb676b509fda516f,ok,missing_time_varying_transmission,tv_sir,tv_sir,44,infected,0.015,37,4,-104.41837724593866,-209.25401322949233,8.69897731423606e-08,0.00017873653147269079,4,137.2821633000001,2.0203572148602689e-10,4,-201.25401322949233,-200.00401322949233,-194.81034157891543,-196.68400767940682,-190.37436208234595,-184.0647164852851,-171.4454252911634,-202.29179151513569,-183.59817210363389,3.481110857178329,25.23858238824343,0.417258737615002
2.0,fb676b509fda516f,ok,missing_time_varying_transmission,tv_sir,tv_sir,45,infected,0.015,37,4,-97.39158966372594,-195.26099159241912,4.961459656980152e-07,0.00020591244197439715,4,114.19332669999994,1.0757617019407917e-11,4,-187.26099159241912,-186.01099159241912,-180.81731994184221,-182.65360326451307,-176.33330756077243,-170.01301185703178,-157.3724204495505,-188.27806446258367,-169.5019965124893,3.491463564917718,25.28118281496257,0.47781226496724194
2.0,fb676b509fda516f,ok,missing_time_varying_transmission,tv_sir,tv_sir,46,infected,0.015,37,4,-98.05635763114645,-197.01061937851932,4.149474922648728e-08,0.00015994821260492163,3,83.00218900000004,3.1374725040222984e-10,4,-189.01061937851932,-187.76061937851932,-182.56694772794242,-184.20745528305633,-177.85585959428417,-171.50426390551198,-158.80107252796762,-189.91925679138845,-170.7063325072042,3.5456812935654396,25.406382755088707,0.8979041162264211
2.0,fb676b509fda516f,ok,missing_time_varying_transmission,tv_sir,tv_sir,47,infected,0.015,37,4,-105.12988563060689,-210.86238831893917,4.849754855017699e-08,0.00012963394364262483,1,84.04171259999998,3.504396772768814e-11,4,-202.86238831893917,-201.61238831893917,-196.41871666836226,-198.4277377079208,-192.14773236503396,-185.86772702214714,-173.30771633637346,-203.975136427958,-185.13974988966643,3.443625945490584,25.120021371547352,0.6026170577253726
2.0,fb676b509fda516f,ok,missing_time_varying_transmission,tv_sir,tv_sir,48,infected,0.015,37,4,-103.95670482079352,-208.41728028559717,1.1181538138635115e-07,0.000148220068244848,0,103.69496849999996,1.1547740541573148e-10,4,-200.41728028559717,-199.16728028559717,-193.97360863502027,-195.9002278729688,-189.61071903997023,-183.32121020697164,-170.7421925409745,-201.48438803191405,-182.75537430959272,3.466446126841561,25.158035331994306,0.503870644010124
2.0,fb676b509fda516f,ok,missing_time_varying_transmission,tv_sir,tv_sir,49,infected,0.015,37,4,-105.60416062117436,-211.81628335261297,5.608278316432687e-08,0.00020548217733666312,0,143.56746700000008,4.855564839090221e-10,4,-203.81628335261297,-202.56628335261297,-197.37261170203607,-199.11432442739223,-192.77968704908807,-186.4450496707839,-173.7757749141756,-204.78097585878004,-185.86977172913208,3.5176537469164666,25.338549513216645,0.6079621102642547
2.0,fb676b509fda516f,ok,missing_time_varying_transmission,tv_sir,tv_sir,50,infected,0.015,37,4,-101.3074821127109,-202.98519478129143,6.030883713741455e-07,0.0002186151594175419,0,68.75620819999995,3.355182798259193e-11,4,-194.98519478129143,-193.73519478129143,-188.54152313071452,-190.52261176107552,-184.22706685175797,-177.93152194244038,-165.34043212380527,-196.08247180518825,-177.43278458815155,3.4513614880515844,25.182179637270266,0.37023055586963316
2.0,fb676b509fda516f,ok,missing_time_varying_transmission,tv_sir,tv_sir,51,infected,0.015,37,4,-104.36949815323081,-209.5708476732751,2.3379624441384118e-07,0.0002080558687394778,0,74.6138903000001,1.1939960131712724e-10,4,-201.5708476732751,-200.3208476732751,-195.1271760226982,-197.31133525494639,-191.06123724151914,-184.81113922809192,-172.31094320123742,-202.78060058657172,-183.73860425275265,3.395123543351683,25.000392053708953,0.8318513668134908
2.0,fb676b509fda516f,ok,missing_time_varying_transmission,tv_sir,tv_sir,52,infected,0.015,37,4,-110.88009407825194,-222.39853326045966,1.3965739061135188e-06,0.0002014192054752397,4,76.83280799999989,1.2603607046912657e-10,4,-214.39853326045966,-213.14853326045966,-207.95486160988276,-209.75201953978973,-203.44754556333567,-197.1430715868816,-184.53412363397345,-215.39393552292256,-196.5422922506876,3.5022988687685412,25.21789590581627,0.638345103955761
2.0,fb676b509fda516f,ok,missing_time_varying_transmission,tv_sir,tv_sir,53,infected,0.015,37,4,-109.93459388405499,-221.58818135798992,3.014893215039214e-07,6.307740485019922e-05,1,82.05712360000007,1.744950850479654e-10,4,-213.58818135798992,-212.33818135798992,-207.14450970741302,-208.6279196119443,-202.2311951282592,-195.8344706445741,-183.04102167720393,-214.40980618603535,-194.28228983336962,3.5891875859772804,25.586897934740364,1.7189935898799389
2.0,fb676b509fda516f,ok,missing_time_varying_transmission,tv_sir,tv_sir,54,infected,0.015,37,4,-110.76334977174598,-221.85450752560422,1.6133494306755738e-07,0.00014859405570677382,0,70.37530820000006,1.417959083482856e-10,4,-213.85450752560422,-212.60450752560422,-207.41083587502732,-209.3156680522374,-203.0093050113403,-196.7029419704432,-184.09021588864897,-214.90954794651216,-196.30124737990351,3.47247978954603,25.22545216358845,0.3278079821122607
2.0,fb676b509fda516f,ok,missing_time_varying_transmission,tv_sir,tv_sir,55,infected,0.015,37,4,-108.74936293949266,-217.9294813850848,5.2929404779571524e-08,0.00015416812888736572,4,55.21880190000002,7.511857802455779e-11,4,-209.9294813850848,-208.6794813850848,-203.4858097345079,-205.3597730131059,-199.051666751076,-192.7435604890461,-180.1273479649863,-210.96742427048576,-192.26630083086576,3.4810285572995197,25.232425048119566,0.43075550609950364
2.0,fb676b509fda516f,ok,missing_time_varying_transmission,tv_sir,tv_sir,56,infected,0.015,37,4,-104.96957585168957,-211.236834654948,1.1178081465798655e-07,0.00014807381063323543,3,47.46084709999991,1.0612666301312856e-10,4,-203.236834654948,-201.986834654948,-196.7931630043711,-198.35506308516074,-191.98780716472285,-185.62055124428497,-172.8860394034092,-204.10193329112602,-184.4701280216276,3.567450681910997,25.469023681751544,1.2976829515688741
2.0,fb676b509fda516f,ok,missing_time_varying_transmission,tv_sir,tv_sir,57,infected,0.015,37,4,-111.5594062025399,-223.49903167291075,1.2074094024459181e-08,0.00014725967137229224,1,46.51678619999984,3.466027465037769e-11,4,-215.49903167291075,-214.24903167291075,-209.05536002233384,-211.05859397508817,-204.77565841545342,-198.49272285581864,-185.92685173654914,-216.60857445467252,-197.98707016654078,3.445228609119118,25.131742238539037,0.3802192678309426
2.0,fb676b509fda516f,ok,missing_time_varying_transmission,tv_sir,tv_sir,58,infected,0.015,37,4,-110.53316685102996,-221.55706781036628,4.240741976983229e-07,0.00012085666727530688,2,49.403664200000094,8.847678145684768e-11,4,-213.55706781036628,-212.30706781036628,-207.11339615978937,-209.0085404750173,-202.71652967569634,-196.42451887637534,-183.8404972777334,-214.60674235909627,-195.898290504776,3.475162725635007,25.168043197283904,0.4907341083063499
2.0,fb676b509fda516f,ok,missing_time_varying_transmission,tv_sir,tv_sir,59,infected,0.015,37,4,-109.13565284544399,-218.97312025945206,2.6975481081420466e-06,6.205611599033522e-05,2,52.80073810000022,5.650235834764317e-11,4,-210.97312025945206,-209.72312025945206,-204.52944860887516,-206.3820575740249,-200.09685855856,-193.8116595430951,-181.24126151216527,-211.99923550768992,-193.13050962902832,3.486942375881067,25.14079606185964,0.7018145685640773
2.0,fb676b509fda516f,ok,missing_time_varying_transmission,tv_sir,tv_sir,60,infected,0.015,37,4,-106.49679020768285,-213.5774935822701,6.496485494997991e-09,0.0001494746824354563,4,46.693503700000065,3.0240698833949864e-11,4,-205.5774935822701,-204.3274935822701,-199.1338219316932,-200.88333675433685,-194.55226690621168,-188.2211970580865,-175.55905736183615,-206.5465074812111,-187.669301022865,3.515493050529497,25.3242793925007,0.5839131669044066
2.0,fb676b509fda516f,ok,missing_time_varying_transmission,tv_sir,tv_sir,61,infected,0.015,37,4,-104.1781686121369,-208.91594552409236,9.281014617667897e-08,0.000163053067943954,0,46.482243500000095,9.203660056300578e-10,4,-200.91594552409236,-199.66594552409236,-194.47227387351546,-196.5228723328391,-190.25566018985035,-183.98844804686158,-171.45402376088404,-202.05172235919744,-183.28748865231873,3.4321115824474617,25.068848571955073,0.5596082998185684
2.0,fb676b509fda516f,ok,missing_time_varying_transmission,tv_sir,tv_sir,62,infected,0.015,37,4,-95.6906054147011,-193.64088767588282,1.327276212549743e-08,7.136769049176578e-05,0,45.11741129999996,1.8900436771218665e-12,4,-185.64088767588282,-184.39088767588282,-179.19721602530592,-180.76755084841608,-174.40004886037747,-168.03254687233886,-155.29754289626163,-186.5106581116002,-165.91120287724775,3.565114782141307,25.470007952154447,2.2596768464806405
2.0,fb676b509fda516f,ok,missing_time_varying_transmission,tv_sir,tv_sir,63,infected,0.015,37,4,-103.65011666700174,-208.00421114499082,3.660483726989742e-07,0.0002356778292775315,4,45.66734359999987,1.304130137214088e-10,4,-200.00421114499082,-198.75421114499082,-193.56053949441392,-195.18529227188407,-188.8199045404578,-182.45451680903153,-169.72374134617897,-200.90412236799637,-181.83868240829838,3.5500443884972284,25.461550925705097,0.7039778109873335
2.0,fb676b509fda516f,ok,missing_time_varying_transmission,tv_sir,tv_sir,64,infected,0.015,37,4,-111.20423248269203,-222.9762210470018,9.792204120876734e-07,0.00018119515307009804,4,48.8072365999999,2.1499602098629111e-10,4,-214.9762210470018,-213.7262210470018,-208.53254939642488,-210.4448481493532,-204.1620671384039,-197.8792861274546,-185.313724105556,-216.0353970234105,-197.27734092158687,3.470412011795649,25.131124043797197,0.5677560816177234
2.0,fb676b509fda516f,ok,missing_time_varying_transmission,tv_sir,tv_sir,65,infected,0.015,37,4,-103.30633817616207,-207.13310854026062,2.1107188532150287e-08,0.00020709956529135098,3,46.45232379999993,1.4846364138065837e-09,4,-199.13310854026062,-197.88310854026062,-192.68943688968372,-194.67796799353,-188.39392680855025,-182.1098856235705,-169.54180325361102,-200.23450777001497,-181.47651161240518,3.4493003851228226,25.13616473991897,0.520432187936476
2.0,fb676b509fda516f,ok,missing_time_varying_transmission,tv_sir,tv_sir,66,infected,0.015,37,4,-108.13851245369429,-216.6117223157776,2.467931678659596e-07,0.00011095539099942248,4,51.177132999999685,2.745679239524179e-10,4,-208.6117223157776,-207.3617223157776,-202.1680506652007,-204.04338313280522,-197.7300899961419,-191.4167968594786,-178.79021058615203,-209.65042356181687,-191.0238523607354,3.480649376980368,25.253172546653193,0.3346974083890324
2.0,fb676b509fda516f,ok,missing_time_varying_transmission,tv_sir,tv_sir,67,infected,0.015,37,4,-106.48949495280631,-213.49883703734145,5.616940254513679e-07,0.00017745047352885342,3,54.00631750000002,1.6406431768700713e-10,4,-205.49883703734145,-204.24883703734145,-199.05516538676454,-200.9729302133665,-194.6684538196073,-188.36397742584808,-175.75502463832964,-206.56104053960695,-187.76108433057576,3.4688982488672515,25.21790557503686,0.5198471317288164
2.0,fb676b509fda516f,ok,missing_time_varying_transmission,tv_sir,tv_sir,68,infected,0.015,37,4,-109.44344909493005,-220.2128811358195,1.0694881133782369e-07,0.00020831589561400783,4,54.50939580000022,3.575451046344824e-11,4,-212.2128811358195,-210.9628811358195,-205.76920948524258,-207.33603824959084,-200.97047630128068,-194.60491435297052,-181.87379045635018,-213.0807096504815,-193.42465039661943,3.5660857426689927,25.462247793240664,1.3259829459594035
2.0,fb676b509fda516f,ok,missing_time_varying_transmission,tv_sir,tv_sir,69,infected,0.015,37,4,-110.9078342399993,-222.37091310695644,1.6133475015604208e-07,0.0002112146735724002,3,51.07742710000002,1.0940937045234023e-10,4,-214.37091310695644,-213.12091310695644,-207.92724145637953,-209.88188322340426,-203.59950030144404,-197.31711737948382,-184.7523515355634,-215.45354185361404,-196.68613679215775,3.4586856266712034,25.129531687840853,0.5552446269578194
2.0,fb676b509fda516f,ok,missing_time_varying_transmission,tv_sir,tv_sir,70,infected,0.015,37,4,-105.91117064116922,-212.85850045338665,2.1726772907995063e-07,0.0001290372012588914,3,70.43588690000024,3.2453186804559664e-09,4,-204.85850045338665,-203.60850045338665,-198.41482880280975,-200.0242048158966,-193.6693464244549,-187.31448803301313,-174.60477125012966,-205.7498948589207,-186.4029077165715,3.554302797232978,25.419433565766944,1.0361591710482214
2.0,fb676b509fda516f,ok,missing_time_varying_transmission,tv_sir,tv_sir,71,infected,0.015,37,4,-101.17237165034919,-202.9072341789348,2.573060737518318e-07,0.00011885808757137804,2,53.278020899999774,2.3646862246096134e-11,4,-194.9072341789348,-193.6572341789348,-188.4635625283579,-190.4136214612094,-184.13269289105372,-177.85176432089804,-165.2899071805867,-195.98732460470885,-177.2210290200757,3.459954787112978,25.1237142806227,0.5624908782364069
2.0,fb676b509fda516f,ok,missing_time_varying_transmission,tv_sir,tv_sir,72,infected,0.015,37,4,-105.88891419325307,-212.31180916999418,1.078408192742632e-06,0.00019632433882118942,4,54.576093599999695,1.581810238349135e-10,4,-204.31180916999418,-203.06180916999418,-197.86813751941727,-199.68920874799034,-193.38655636892702,-187.0839039898637,-174.47859923173704,-205.32045642957118,-186.56721887025284,3.4956763702114952,25.210609516253296,0.5339807834880246
2.0,fb676b509fda516f,ok,missing_time_varying_transmission,tv_sir,tv_sir,73,infected,0.015,37,4,-104.71899006700313,-210.88607233277884,2.58367129238975e-07,0.0001321368524726927,0,55.92883010000014,7.430855930579128e-11,4,-202.88607233277884,-201.63607233277884,-196.44240068220194,-198.7184603261365,-192.5012811913691,-186.28410205660168,-173.84974378706687,-204.14672665890714,-184.56926359493667,3.369672836935848,24.86871653906961,1.448092198772574
2.0,fb676b509fda516f,ok,missing_time_varying_transmission,tv_sir,tv_sir,74,infected,0.015,37,4,-105.08922123080514,-210.7590817179311,3.277741394131861e-07,9.187414623547609e-05,1,60.6887870999999,2.233946361229755e-10,4,-202.7590817179311,-201.5090817179311,-196.3154100673542,-198.41618291878993,-192.1619032753268,-185.9076236318637,-173.39906434493741,-203.92264893394537,-185.16132388775776,3.418216391992873,25.017118573852507,0.5806392563208277
2.0,fb676b509fda516f,ok,missing_time_varying_transmission,tv_sir,tv_sir,75,infected,0.015,37,4,-105.16388700698712,-211.14753135543225,1.0003215366558322e-06,0.00012067288545518747,0,60.645041499999934,8.01350097390241e-11,4,-203.14753135543225,-201.89753135543225,-196.70385970485535,-198.52657279043817,-192.2281768397547,-185.92978088907122,-173.33298898770425,-204.15708799985237,-185.13419021124037,3.495221677789935,25.193583802733897,0.8197573414580126
2.0,fb676b509fda516f,ok,missing_time_varying_transmission,tv_sir,tv_sir,76,infected,0.015,37,4,-102.75450020471047,-206.2575890988838,3.048246438480285e-07,0.00014424745492791645,2,60.459135999999944,5.5862869885459077e-11,4,-198.2575890988838,-197.0075890988838,-191.8139174483069,-193.6042009233938,-187.29159184296202,-180.97898276253028,-168.35376460166674,-199.2491837672743,-180.25856408769388,3.5042026658047547,25.25043632172704,0.7485886894628642
2.0,fb676b509fda516f,ok,missing_time_varying_transmission,tv_sir,tv_sir,77,infected,0.015,37,4,-107.22947266222786,-214.89187835218905,1.7312559941610773e-08,0.00016128679684804497,2,51.22733629999993,1.3926637620897964e-10,4,-206.89187835218905,-205.64187835218905,-200.44820670161215,-202.42849077334577,-196.1454320181019,-189.862373262858,-177.29625575237026,-207.9887097505431,-189.3267103034802,3.451584300822975,25.132235020975518,0.432933027733336
2.0,fb676b509fda516f,ok,missing_time_varying_transmission,tv_sir,tv_sir,78,infected,0.015,37,4,-108.42241425020526,-217.22414775295505,1.1022115756114684e-07,0.0001426701459032165,0,76.23115300000018,9.960388069885084e-11,4,-209.22414775295505,-207.97414775295505,-202.78047610237815,-204.6885329051767,-198.39266139760903,-192.09678989004135,-179.50504687490601,-210.28097421589797,-191.66134247013986,3.471586768528532,25.183486030270664,0.3793192525445091
2.0,fb676b509fda516f,ok,missing_time_varying_transmission,tv_sir,tv_sir,79,infected,0.015,37,4,-106.49679211301114,-214.11037855178967,1.3645039816942022e-08,9.25794908910927e-05,4,70.42900180000015,1.77351466845721e-11,4,-206.11037855178967,-204.86037855178967,-199.66670690121276,-201.84022401808252,-195.59809345502825,-189.355962891974,-176.87170176586545,-207.31423705505767,-188.0250619738052,3.3980707483659964,24.96852225221706,1.116794325767395
2.0,d9b2046aa3fb78b2,ok,missing_time_varying_transmission,tv_sir,ude_sir_h2,0,infected,0.015,37,11,-106.75881323506871,-215.33702716012624,2.651386258612938e-06,0.00011063962449593123,1,206.61119330000008,0.0006155945039125754,6,-193.33702716012624,-182.77702716012624,-175.6169301210398,-201.55596123228787,-195.17422388464266,-188.79248653699747,-176.02901184170707,-207.70402842615798,-187.99067707955663,3.8164993669841376,25.52694939058081,1.819400689988805
2.0,d9b2046aa3fb78b2,ok,missing_time_varying_transmission,tv_sir,ude_sir_h2,1,infected,0.015,37,11,-103.11304210199728,-208.8801207808126,5.750857397851602e-06,4.670722950364964e-05,3,227.40558940000483,0.00357032122263945,6,-186.8801207808126,-176.3201207808126,-169.16002374172615,-194.89848007578718,-188.2831307705251,-181.66778146526303,-168.4370828547389,-201.13602853431405,-179.76468698294627,3.8720461232492736,26.461397221048276,2.6540365768180503
2.0,d9b2046aa3fb78b2,ok,missing_time_varying_transmission,tv_sir,ude_sir_h2,2,infected,0.015,37,11,-105.66245317394394,-213.94182865513756,6.37132274272634e-06,0.00013358554122533658,0,231.64870019999216,0.003133667270475371,6,-191.94182865513756,-181.38182865513755,-174.2217316160511,-199.89108456718253,-193.2974728700549,-186.70386117292722,-173.51663777867194,-206.1594617180471,-184.9504595593773,3.8911834685452216,26.3744467885106,2.6169223072496592
2.0,d9b2046aa3fb78b2,ok,missing_time_varying_transmission,tv_sir,ude_sir_h2,3,infected,0.015,37,11,-95.85559141582054,-194.6312187079825,6.379415289695144e-06,0.00016698447637862382,0,241.48607360001188,0.03769179550192803,6,-172.6312187079825,-162.0712187079825,-154.91112166889604,-181.3067757052283,-174.7299001926414,-168.1530246800545,-154.9992736548807,-187.25113235592423,-165.4036807812935,3.690043176029139,26.307502050347587,2.920035876341417
2.0,d9b2046aa3fb78b2,ok,missing_time_varying_transmission,tv_sir,ude_sir_h2,4,infected,0.015,37,11,-98.82476073881776,-199.72551233837527,4.4593191325086996e-07,0.00022294803833945655,0,265.94540989998495,0.0008165973117115755,6,-177.72551233837527,-167.16551233837527,-160.0054152992888,-185.98701384539544,-179.50227859712763,-173.01754334885982,-160.04807285232417,-192.11609067588208,-171.71058048456425,3.804710831246596,25.93894099307126,2.075990860739762
2.0,d9b2046aa3fb78b2,ok,missing_time_varying_transmission,tv_sir,ude_sir_h2,5,infected,0.015,37,11,-100.41413811512211,-203.455206548831,2.296404249288618e-06,0.00011180147147734429,4,246.137221699988,0.0009528790601649462,6,-181.455206548831,-170.895206548831,-163.73510950974452,-189.85707790221105,-183.5393031457366,-177.22152838926212,-164.5859788763132,-195.92353234543586,-175.55717720434637,3.7658371016975676,25.271099025897854,2.6269303185867643
2.0,d9b2046aa3fb78b2,ok,missing_time_varying_transmission,tv_sir,ude_sir_h2,6,infected,0.015,37,11,-104.14797520060476,-210.66515323004478,9.817116234851265e-07,0.00011352909965922897,1,240.35222469997825,0.004753537548694453,6,-188.66515323004478,-178.10515323004478,-170.94505619095833,-196.93745605189804,-190.5812429748576,-184.22502989781717,-171.51260374373626,-203.06171415430344,-182.87109809304775,3.8017195378706705,25.424852308161768,2.3692028288352627
2.0,d9b2046aa3fb78b2,ok,missing_time_varying_transmission,tv_sir,ude_sir_h2,7,infected,0.015,37,11,-98.15079009789271,-198.729197462625,5.0982413245111295e-06,5.5306736933391136e-05,0,244.31788749998668,0.013028034769533292,6,-176.729197462625,-166.169197462625,-159.00910042353854,-184.9023974653303,-178.35931667241175,-171.8162358794932,-158.73007429365614,-191.07086773495223,-170.12925702411127,3.8291648638363895,26.17232317167416,2.4276172668395843
2.0,d9b2046aa3fb78b2,ok,missing_time_varying_transmission,tv_sir,ude_sir_h2,8,infected,0.015,37,11,-98.82551414167844,-199.898639974701,3.6595405832444412e-06,9.41187366687626e-05,0,271.46519270000863,0.004339882396664052,6,-177.898639974701,-167.338639974701,-160.17854293561453,-186.68433828786823,-180.24598463562387,-173.8076309833795,-160.93092367889082,-192.57955823065984,-171.89761367437947,3.6595408720205853,25.75341460897742,2.247611691344123
2.0,d9b2046aa3fb78b2,ok,missing_time_varying_transmission,tv_sir,ude_sir_h2,9,infected,0.015,37,11,-103.05375367516666,-208.81239304572384,9.293605249232371e-06,0.0005290588170596722,3,270.3438105999958,0.006070325885104921,6,-186.81239304572384,-176.25239304572384,-169.09229600663735,-194.81434102681123,-188.18820685736355,-181.5620726879159,-168.30980434902054,-201.05921096983332,-179.60297067254263,3.8765910379452606,26.50453667779069,2.7048856953905127
2.0,d9b2046aa3fb78b2,ok,missing_time_varying_transmission,tv_sir,ude_sir_h2,10,infected,0.015,37,11,-105.43861247689301,-213.75599896924624,5.282123081937548e-06,4.362786512035374e-05,3,249.52238839998608,0.0032824235170778593,6,-191.75599896924624,-181.19599896924623,-174.03590193015975,-200.3939137297146,-193.81436350331538,-187.23481327691616,-174.07571282411772,-206.3550634936753,-184.55902404818914,3.7004677377854756,26.318200905596868,2.878774015460209
2.0,d9b2046aa3fb78b2,ok,missing_time_varying_transmission,tv_sir,ude_sir_h2,11,infected,0.015,37,11,-102.56208799045812,-207.81659939793286,1.60212133166806e-06,6.204203042731476e-05,2,250.93105840001954,0.037294421132770594,6,-185.81659939793286,-175.25659939793286,-168.0965023588464,-194.5442900015665,-187.98888111064448,-181.43347221972246,-168.32265443787844,-200.4653885881323,-178.90254041722818,3.6756054049002804,26.22163556368807,2.6924234170166113
2.0,d9b2046aa3fb78b2,ok,missing_time_varying_transmission,tv_sir,ude_sir_h2,12,infected,0.015,37,11,-104.39930193305925,-210.9600969922091,2.6705432776984497e-06,9.805509854561906e-05,2,270.31350430002203,0.00671647933472741,6,-188.9600969922091,-178.4000969922091,-171.2399999531226,-197.6095250576328,-191.17283096770728,-184.73613687778175,-171.8627486979307,-203.56553845747914,-183.0518275064164,3.6972792673649724,25.746776359702093,2.16149312609059
2.0,d9b2046aa3fb78b2,ok,missing_time_varying_transmission,tv_sir,ude_sir_h2,13,infected,0.015,37,11,-105.75957161427891,-214.13369408933332,4.566690009491328e-06,4.04106227532431e-05,2,246.18182410000009,0.0039028323433711876,6,-192.13369408933332,-181.57369408933332,-174.41359705024684,-200.5219460647446,-194.19360655956928,-187.86526705439394,-175.20858804404327,-206.59447644224977,-186.20578520785648,3.7696088235417684,25.313358020701333,2.6145508607754873
2.0,d9b2046aa3fb78b2,ok,missing_time_varying_transmission,tv_sir,ude_sir_h2,14,infected,0.015,37,11,-109.11736675913967,-220.77548977878962,5.228382850697924e-06,0.00018032764382509373,0,256.0775256000052,0.0029013363258911795,6,-198.77548977878962,-188.21548977878962,-181.05539273970317,-207.25613298352684,-200.72713123893732,-194.19812949434777,-181.14012600516872,-213.28744539654403,-192.11872653992123,3.7440221911227987,26.116006978358126,2.5407562605102783
2.0,d9b2046aa3fb78b2,ok,missing_time_varying_transmission,tv_sir,ude_sir_h2,15,infected,0.015,37,11,-109.29089065752565,-221.659874506945,7.808225188343125e-06,0.00011468539634304083,0,194.9039257,0.09704697878311208,6,-199.659874506945,-189.09987450694499,-181.9397774678585,-208.1569177616182,-201.5280882523786,-194.899258743139,-181.64159972465984,-214.18091371526154,-192.06646327809295,3.7394803958417278,26.515318036958362,3.0780931918936996
2.0,d9b2046aa3fb78b2,ok,missing_time_varying_transmission,tv_sir,ude_sir_h2,16,infected,0.015,37,11,-103.63024223776033,-209.3491100225936,2.536697059879472e-06,7.552380291891301e-05,0,190.64386750000006,0.016839244856186042,6,-187.3491100225936,-176.7891100225936,-169.62901298350715,-195.56426688667963,-189.09687314160428,-182.62947939652892,-169.69469190637818,-201.71401918453049,-181.3909094952192,3.8175454190315667,25.869574980301444,2.0886255470729607
2.0,d9b2046aa3fb78b2,ok,missing_time_varying_transmission,tv_sir,ude_sir_h2,17,infected,0.015,37,11,-106.69839482822547,-216.08925416876144,3.6696457746667905e-06,4.885126614058914e-05,4,196.64871169999998,0.015936321335985326,6,-194.08925416876144,-183.52925416876144,-176.369157129675,-202.8777500670017,-196.34009181963532,-189.80243357226894,-176.72711707753615,-208.7717219393538,-187.24615666698543,3.658766114703823,26.150632989465535,2.6924645123105027
2.0,d9b2046aa3fb78b2,ok,missing_time_varying_transmission,tv_sir,ude_sir_h2,18,infected,0.015,37,11,-101.87929510665334,-206.3704204827217,3.798947104161724e-06,7.982529003408448e-05,0,206.46053799999999,0.0018906897479809004,6,-184.3704204827217,-173.8104204827217,-166.65032344363522,-192.5693126818864,-186.15137730812557,-179.73344193436478,-166.89757118684315,-198.72632104057794,-178.08684871826344,3.8220497210718754,25.671741495043253,2.6118302694150044
2.0,d9b2046aa3fb78b2,ok,missing_time_varying_transmission,tv_sir,ude_sir_h2,19,infected,0.015,37,11,-109.14842644367965,-220.70575135550243,5.497392085596429e-06,0.00010397041444967931,0,217.46979040000002,0.0012044575933742863,6,-198.70575135550243,-188.14575135550243,-180.98565431641595,-206.70891826011623,-200.16729977659836,-193.62568129308048,-180.54244432604472,-212.95324441183917,-192.1303789532878,3.876253471831631,26.16647393407153,2.4088984681431347
2.0,d9b2046aa3fb78b2,ok,missing_time_varying_transmission,tv_sir,ude_sir_h2,20,infected,0.015,37,11,-106.16149090448145,-214.58857037404425,4.926644399864897e-06,3.734161038593258e-05,0,212.41676929999994,0.011341703226094069,6,-192.58857037404425,-182.02857037404425,-174.8684733349578,-200.7409068652645,-194.23155617065623,-187.72220547604798,-174.70350408683146,-206.91868485253192,-186.28557903052985,3.83494276075617,26.037402778433048,2.2655885650813428
2.0,d9b2046aa3fb78b2,ok,missing_time_varying_transmission,tv_sir,ude_sir_h2,21,infected,0.015,37,11,-106.1727623747676,-214.14043619812267,2.000252366980615e-06,4.881507426448867e-05,0,218.8907368,0.003396582232269907,6,-192.14043619812267,-181.58043619812267,-174.4203391590362,-200.80233892066298,-194.45788707555468,-188.11343523044638,-175.4245315402298,-206.75278707391846,-186.967717369102,3.6938245621021077,25.377807380433197,1.7949114485874602
2.0,d9b2046aa3fb78b2,ok,missing_time_varying_transmission,tv_sir,ude_sir_h2,22,infected,0.015,37,11,-98.047273182433,-198.0757762507205,1.1300975123990176e-06,9.330334187984863e-05,3,220.72809540000003,0.0033065879278382226,6,-176.0757762507205,-165.5157762507205,-158.35567921163403,-184.41578646286024,-177.98042180527816,-171.5450571476961,-158.67432783253193,-190.50983865904746,-170.3530877345377,3.78296879583653,25.741458630328303,1.9812298858545003
2.0,d9b2046aa3fb78b2,ok,missing_time_varying_transmission,tv_sir,ude_sir_h2,23,infected,0.015,37,11,-104.71104263770353,-212.31833819248868,3.5411780509160635e-06,5.197430724649699e-05,0,223.8938768999999,0.027909092450698836,6,-190.31833819248868,-179.75833819248868,-172.59824115340223,-198.7412002333628,-192.11592016990778,-185.49064010645276,-172.24007997954274,-204.79829022264516,-182.920965021587,3.7600239849217534,26.50112025382007,2.89625291708163
2.0,d9b2046aa3fb78b2,ok,missing_time_varying_transmission,tv_sir,ude_sir_h2,24,infected,0.015,37,11,-101.53031124161636,-206.31930023578667,5.895341131462239e-06,7.312298715399915e-05,1,220.96624910000003,0.028218475915707586,6,-184.31930023578667,-173.75930023578667,-166.59920319670022,-192.83950266314946,-186.1874512261153,-179.53539978908108,-166.2312969150127,-198.8531667490987,-176.452416735096,3.7330667433439793,26.60820574813674,3.2586777525539583
2.0,d9b2046aa3fb78b2,ok,missing_time_varying_transmission,tv_sir,ude_sir_h2,25,infected,0.015,37,11,-105.86308747224012,-214.08857071766778,3.360614952702139e-06,0.00010182435025269893,1,225.51095039999996,0.003856814563050648,6,-192.08857071766778,-181.52857071766778,-174.36847367858132,-200.1959211995197,-193.75127675337788,-187.30663230723604,-174.4173434149524,-206.39376853482077,-185.94759715991296,3.84740109142351,25.778577784567283,2.3623957731875196
2.0,d9b2046aa3fb78b2,ok,missing_time_varying_transmission,tv_sir,ude_sir_h2,26,infected,0.015,37,11,-104.25704412388194,-211.63200979287058,3.0137012001381135e-06,0.00013972605048024272,3,260.31979590000003,0.0014385602300421851,10,-189.63200979287058,-179.07200979287057,-171.91191275378412,-197.7070571579934,-191.32301669516337,-184.93897623233335,-172.1708953066733,-203.91931569582857,-182.97792639644376,3.856347048520999,25.53616185132013,3.1179215451067037
2.0,d9b2046aa3fb78b2,ok,missing_time_varying_transmission,tv_sir,ude_sir_h2,27,infected,0.015,37,11,-106.09336444413474,-214.65311634380248,6.274035505993255e-06,3.3788152857386026e-05,2,248.5543970000001,0.009484049431350172,6,-192.65311634380248,-182.09311634380248,-174.93301930471603,-200.6411279006068,-194.08475639821052,-187.5283848958142,-174.41564189102166,-206.89221521994673,-185.96124287868435,3.8804505619278675,26.225486009585126,2.466387455533017
2.0,d9b2046aa3fb78b2,ok,missing_time_varying_transmission,tv_sir,ude_sir_h2,28,infected,0.015,37,11,-107.3020886244089,-217.84347630909474,8.886593472840435e-06,9.427236783297673e-05,0,236.05257010000014,0.009550658596594985,6,-195.84347630909474,-185.28347630909474,-178.1233792700083,-204.14674802828262,-197.74290653469052,-191.33906504109842,-178.5313820539142,-210.25719015573148,-188.98881127444938,3.7931430766816265,25.61536597436841,3.239299060276956
2.0,d9b2046aa3fb78b2,ok,missing_time_varying_transmission,tv_sir,ude_sir_h2,29,infected,0.015,37,11,-103.2997008633172,-209.8888720836357,1.2338316107822866e-05,0.0002532482278327948,2,251.93983119999996,0.002810344281058974,6,-187.8888720836357,-177.3288720836357,-170.16877504454925,-195.94011339130884,-189.4046382889601,-182.86916318661136,-169.79821298191385,-202.1629923877927,-180.4575013172394,3.8629398479214925,26.14190040939498,3.289470357001308
2.0,d9b2046aa3fb78b2,ok,missing_time_varying_transmission,tv_sir,ude_sir_h2,30,infected,0.015,37,11,-98.01353914685647,-198.71160231481272,7.854963565023169e-06,0.00011009706786676538,4,237.74575960000004,0.00237872008699469,6,-176.71160231481272,-166.15160231481272,-158.99150527572624,-184.74606252979538,-178.1230189021646,-171.49997527453382,-158.25388801927227,-190.97642797805213,-169.53490378318986,3.8675871683802905,26.4921745105231,2.6845240210997687
2.0,d9b2046aa3fb78b2,ok,missing_time_varying_transmission,tv_sir,ude_sir_h2,31,infected,0.015,37,11,-105.67751163435157,-213.75886994931952,6.4367018410627735e-06,4.898364317110567e-05,0,192.55414389999987,0.0015520592606463879,6,-191.75886994931952,-181.19886994931952,-174.03877291023304,-199.8312998299836,-193.3716452710043,-186.911990712025,-173.99268159406637,-206.04472609101344,-185.5164050327859,3.8570719291530366,25.838618235917245,2.4038466806163665
2.0,d9b2046aa3fb78b2,ok,missing_time_varying_transmission,tv_sir,ude_sir_h2,32,infected,0.015,37,11,-105.21799981079435,-212.60052871375927,3.142470670370755e-06,7.489795062687802e-05,2,187.63985360000015,0.009132873288322685,6,-190.60052871375927,-180.04052871375927,-172.88043167467282,-198.76572169014256,-192.27887773745329,-185.792033784764,-172.81834587938542,-204.9377640880823,-184.48862381083157,3.831382312838482,25.947375810757137,2.1645290921705804
2.0,d9b2046aa3fb78b2,ok,missing_time_varying_transmission,tv_sir,ude_sir_h2,33,infected,0.015,37,11,-101.42763028354717,-205.29681729720127,3.784268586122947e-06,0.00010286574968935915,0,183.06311959999994,0.004738934710374565,6,-183.29681729720127,-172.73681729720127,-165.5767202581148,-191.761436208925,-185.24174658524726,-178.72205696156954,-165.68267771421404,-197.79989744705463,-176.77650207238338,3.748459925073319,26.07875849471096,2.441556730106912
2.0,d9b2046aa3fb78b2,ok,missing_time_varying_transmission,tv_sir,ude_sir_h2,34,infected,0.015,37,11,-102.42407220831633,-209.62462739528107,7.696457297534992e-06,1.6205403503312202e-05,2,162.9037363,0.0009153259290997084,6,-187.62462739528107,-177.06462739528106,-169.90453035619458,-196.95426475918578,-190.789688807639,-184.62511285609222,-172.29596095299866,-202.606820320948,-180.18984061044554,3.5089035371665274,24.658303806187114,4.776482978648393
2.0,d9b2046aa3fb78b2,ok,missing_time_varying_transmission,tv_sir,ude_sir_h2,35,infected,0.015,37,11,-95.19739622500938,-192.98447179460584,7.745546893021739e-06,5.708487194702207e-05,4,179.1814885000001,0.0013551283002328773,6,-170.98447179460584,-160.42447179460584,-153.26437475551938,-178.9430301785874,-172.34226204185399,-165.7414939051206,-152.53995763165375,-185.20725727147862,-163.9917199030851,3.8886072615636054,26.403072546933657,2.5896793445870614
2.0,d9b2046aa3fb78b2,ok,missing_time_varying_transmission,tv_sir,ude_sir_h2,36,infected,0.015,37,11,-100.10598319544854,-202.9352633390767,5.428625464845791e-06,9.364399956810419e-05,2,200.79892539999992,0.016547425260284854,6,-180.9352633390767,-170.3752633390767,-163.21516629999024,-189.2188179423046,-182.62848195665805,-176.03814597101146,-162.8574739997183,-195.33805635259733,-173.8506224483108,3.7986034932396775,26.361343942586302,2.723296948179602
2.0,d9b2046aa3fb78b2,ok,missing_time_varying_transmission,tv_sir,ude_sir_h2,37,infected,0.015,37,11,-96.77686432509105,-196.40518401845605,2.2881221054221644e-06,0.0001058052752150491,0,201.95877960000007,0.0009457129134915476,6,-174.40518401845605,-163.84518401845605,-156.6850869793696,-182.89402451536546,-176.58349492252324,-170.272965329681,-157.65190614399654,-188.92167991786212,-168.3116102788132,3.741752050296971,25.24211837136891,2.851455368273958
2.0,d9b2046aa3fb78b2,ok,missing_time_varying_transmission,tv_sir,ude_sir_h2,38,infected,0.015,37,11,-103.7476829565798,-209.96765374029607,6.447824619977415e-06,1.614795712989205e-05,1,209.41093809999984,0.008286775231013621,6,-187.96765374029607,-177.40765374029607,-170.2475567012096,-195.97087284122696,-189.45005856333594,-182.92924428544492,-169.88761572966285,-202.215175706909,-181.41210880159548,3.8762390166935345,26.083257111564098,2.4722878271364785
2.0,d9b2046aa3fb78b2,ok,missing_time_varying_transmission,tv_sir,ude_sir_h2,39,infected,0.015,37,11,-95.75654145154019,-194.40085360109998,5.370664948650686e-06,6.942336323842099e-05,0,245.65676180000014,0.010101746855070814,6,-172.40085360109998,-161.84085360109998,-154.68075656201353,-180.9885369924617,-174.39869125080267,-167.80884550914365,-154.62915402582558,-186.97209618644214,-165.1536999364443,3.7143787073289194,26.35938296663609,2.887770698019619
2.0,d9b2046aa3fb78b2,ok,missing_time_varying_transmission,tv_sir,ude_sir_h2,40,infected,0.015,37,11,-93.93093700744969,-190.42056566526048,4.6066679213909805e-06,1.9687051967963607e-05,0,260.7020235,0.0016318578638987447,6,-168.42056566526048,-157.86056566526048,-150.70046862617403,-177.0340211505707,-170.51064853101693,-163.98727591146317,-150.9405306723556,-183.00608278941633,-161.76838353668427,3.7072414379220806,26.0934904782151,2.5586916503611077
2.0,d9b2046aa3fb78b2,ok,missing_time_varying_transmission,tv_sir,ude_sir_h2,41,infected,0.015,37,11,-98.85767557439712,-200.81193048806597,6.470119487376814e-06,6.778853323685071e-05,0,251.19028819999994,0.02794783699276593,6,-178.81193048806597,-168.25193048806597,-161.09183344897951,-187.14975120211028,-180.49066891426952,-173.8315866264288,-160.51342205074727,-193.24478018641258,-171.07902199743123,3.7835751508266986,26.636329151363007,3.096579339271737
2.0,d9b2046aa3fb78b2,ok,missing_time_varying_transmission,tv_sir,ude_sir_h2,42,infected,0.015,37,11,-94.22518320451032,-191.7696822043444,7.205212987150339e-06,0.00020415704459140577,0,253.97819000000004,0.012012521530863296,6,-169.7696822043444,-159.2096822043444,-152.04958516525795,-178.41854886309204,-171.77670991587692,-165.1348709686618,-151.85119307423153,-184.37481272005002,-161.88301062016012,3.6974347421471885,26.567355788860507,3.319315795323777
2.0,d9b2046aa3fb78b2,ok,missing_time_varying_transmission,tv_sir,ude_sir_h2,43,infected,0.015,37,11,-107.57545688051914,-217.4667464990874,3.910350281083888e-06,0.00010139679142926426,0,223.47522159999994,0.00016322127952150822,6,-195.4667464990874,-184.9067464990874,-177.74664946000092,-203.916017865125,-197.42684087041988,-190.93766387571475,-177.95930988630448,-209.96132601499815,-189.19420578221775,3.7527102420446283,25.956707978820546,2.3158327380491177
2.0,d9b2046aa3fb78b2,ok,missing_time_varying_transmission,tv_sir,ude_sir_h2,44,infected,0.015,37,11,-102.92004403502264,-208.05552005747404,3.029263332664908e-06,7.476512425397918e-05,0,188.94434589999992,0.005600844888775214,6,-186.05552005747404,-175.49552005747404,-168.3354230183876,-194.133408852897,-187.63597908571555,-181.13854931853413,-168.14368978417127,-200.34439975987522,-179.85036900131956,3.855560148799414,25.98971906872573,2.2154319874287522
2.0,d9b2046aa3fb78b2,ok,missing_time_varying_transmission,tv_sir,ude_sir_h2,45,infected,0.015,37,11,-97.4612128658258,-197.56262109277978,2.4588372587076227e-06,0.00020575660784616668,0,178.9345251000002,0.0303911840786526,6,-175.56262109277978,-165.00262109277978,-157.8425240536933,-183.69394806394573,-177.07454534801957,-170.45514263209344,-157.21633720024113,-189.8810989068167,-168.444814867947,3.8407610929815417,26.477610863704587,2.640195361128165
2.0,d9b2046aa3fb78b2,ok,missing_time_varying_transmission,tv_sir,ude_sir_h2,46,infected,0.015,37,11,-97.07884966851512,-196.81922076827794,5.040655966564508e-06,4.53554053155514e-05,0,219.19811700000014,0.03112440974685171,6,-174.81922076827794,-164.25922076827794,-157.0991237291915,-183.6104126625434,-177.08783499997085,-170.56525733739832,-157.52010201225323,-189.50318178579002,-168.06738868674006,3.658019491243961,26.09031065029019,2.661521431247702
2.0,d9b2046aa3fb78b2,ok,missing_time_varying_transmission,tv_sir,ude_sir_h2,47,infected,0.015,37,11,-103.72526312643107,-209.9225523968611,3.6103171184189374e-06,9.801592366552607e-05,0,225.77260550000005,0.003744590000266612,6,-187.9225523968611,-177.3625523968611,-170.20245535777462,-195.9116295296821,-189.348496876635,-182.78536422358792,-169.65909891749376,-202.16224146976,-181.1979956406738,3.8801554635505457,26.252530612188348,2.4720261439989653
2.0,d9b2046aa3fb78b2,ok,missing_time_varying_transmission,tv_sir,ude_sir_h2,48,infected,0.015,37,11,-102.26210625768313,-207.0145624017539,5.715476771732482e-06,4.930203293162499e-05,1,93.7370247,0.002668722500175136,6,-185.0145624017539,-174.4545624017539,-167.29446536266744,-192.9934307133112,-186.4362635011993,-179.8790962890874,-166.7647618648636,-199.2485970557429,-178.29554366691866,3.8829826730054964,26.228668848447587,2.490349886387627
2.0,d9b2046aa3fb78b2,ok,missing_time_varying_transmission,tv_sir,ude_sir_h2,49,infected,0.015,37,11,-103.95567750861416,-210.288936039287,3.1758938061912034e-06,5.146304314512545e-05,3,91.99317710000003,0.008596536481078942,6,-188.288936039287,-177.728936039287,-170.5688390002005,-196.58721872699044,-190.04869445739942,-183.5101701878084,-170.43312164862635,-202.69988658218483,-181.75725793886423,3.794524728551081,26.154097078364078,2.37758102205867
2.0,d9b2046aa3fb78b2,ok,missing_time_varying_transmission,tv_sir,ude_sir_h2,50,infected,0.015,37,11,-100.66707734633636,-203.2955833071137,1.310535518681262e-06,3.389837878965755e-05,0,157.96256369999992,0.0005131017485808798,6,-181.2955833071137,-170.7355833071137,-163.57548626802725,-189.50808794905367,-183.14531598426618,-176.78254401947868,-164.05700008990368,-195.6590234674226,-175.88306683352272,3.818279919845545,25.45108785914999,1.9614286144409965
2.0,d9b2046aa3fb78b2,ok,missing_time_varying_transmission,tv_sir,ude_sir_h2,51,infected,0.015,37,11,-103.10791403412766,-209.28103361755052,2.0684937607997465e-06,5.412787639924417e-05,1,177.41496800000004,0.007206907586535749,6,-187.28103361755052,-176.72103361755052,-169.56093657846407,-196.01401520744932,-189.7835334708562,-183.5530517342631,-171.0920882610769,-201.93275335693062,-181.2939011218829,3.6741401303099543,24.92192694637243,3.0652055492951966
2.0,d9b2046aa3fb78b2,ok,missing_time_varying_transmission,tv_sir,ude_sir_h2,52,infected,0.015,37,11,-108.43385418845368,-219.52195267839429,1.0185514437586729e-05,0.00015833620892411523,4,174.53134480000006,0.011666842649120213,6,-197.52195267839429,-186.96195267839428,-179.8018556393078,-205.65670117950407,-199.06958448971412,-192.48246779992417,-179.30823442034426,-211.84232559502098,-190.51924161774755,3.839813541686655,26.348466759159816,2.6542443014869184
2.0,d9b2046aa3fb78b2,ok,missing_time_varying_transmission,tv_sir,ude_sir_h2,53,infected,0.015,37,11,-106.76709255498797,-216.69609335565022,2.46992715092069e-06,1.4729828829260962e-05,0,140.3041799,0.05928191213321554,6,-194.69609335565022,-184.13609335565022,-176.97599631656374,-204.0721371587389,-197.52007623431857,-190.96801530989822,-177.86389346105756,-209.7039896843336,-187.32594141229458,3.4960518356583075,26.208243697681358,3.161908245674274
2.0,d9b2046aa3fb78b2,ok,missing_time_varying_transmission,tv_sir,ude_sir_h2,54,infected,0.015,37,11,-110.93150492636867,-223.89206040596235,2.275126594878054e-06,5.8758851114134244e-05,4,105.9694237000001,0.0034894556419260425,6,-201.89206040596235,-191.33206040596235,-184.1719633668759,-210.3956385073203,-203.97044068453653,-197.5452428617527,-184.69484721618514,-216.41671910762815,-196.16221856160217,3.737670649167094,25.700791291135182,2.029050553225006
2.0,d9b2046aa3fb78b2,ok,missing_time_varying_transmission,tv_sir,ude_sir_h2,55,infected,0.015,37,11,-106.69512934221324,-215.62661136933318,3.0556691652705958e-06,0.0009997717153628193,0,98.68283959999985,0.00524188236028067,7,-193.62661136933318,-183.06661136933317,-175.9065143302467,-201.7283389566151,-195.2133405808274,-188.69834220503972,-175.66834545346433,-207.928694801332,-187.3302651812757,3.8489582840005854,26.05999350315076,2.2363526849066946
2.0,d9b2046aa3fb78b2,ok,missing_time_varying_transmission,tv_sir,ude_sir_h2,56,infected,0.015,37,11,-102.25752737701218,-207.0443514110033,5.48311341384456e-06,0.0002170441100681044,2,90.08037289999993,0.00867774679784361,6,-185.0443514110033,-174.4843514110033,-167.32425437191682,-193.83255794380204,-187.3371545346568,-180.84175112551154,-167.85094430722103,-199.72665890908408,-178.53344111744335,3.658846250959617,25.981613636581006,2.5292966569789517
2.0,d9b2046aa3fb78b2,ok,missing_time_varying_transmission,tv_sir,ude_sir_h2,57,infected,0.015,37,11,-110.53902185398155,-223.02348958341878,2.8963386218595834e-06,7.529672679238279e-05,3,90.40278630000012,0.003550962391798862,6,-201.02348958341878,-190.46348958341878,-183.30339254433233,-209.19057766975624,-202.80189903047273,-196.41322039118918,-183.63586311262216,-215.3617746132588,-195.52332915082903,3.830857485079994,25.554714557134087,1.9454458754556798
2.0,d9b2046aa3fb78b2,ok,missing_time_varying_transmission,tv_sir,ude_sir_h2,58,infected,0.015,37,11,-109.29033125402471,-221.10104854271668,6.8736131879265806e-06,0.00015108673951586655,3,96.66264120000005,0.013131826153866655,6,-199.10104854271668,-188.54104854271668,-181.38095150363023,-207.2256059302285,-200.65302334245513,-194.08044075468177,-180.935275579135,-213.41577684828076,-192.2903321569559,3.8426358472179682,26.290330351093495,2.520386034667255
2.0,d9b2046aa3fb78b2,ok,missing_time_varying_transmission,tv_sir,ude_sir_h2,59,infected,0.015,37,11,-108.83540598553283,-220.67663565023636,1.3648624313591683e-05,4.4197403753615025e-05,0,90.8756206999999,0.053128367106907604,6,-198.67663565023636,-188.11663565023636,-180.95653861114988,-206.70757084901805,-200.03378381332482,-193.35999677763155,-180.01242270624505,-212.93950889235393,-190.97566382829265,3.868563378941219,26.695148142773,3.0058236791707156
2.0,d9b2046aa3fb78b2,ok,missing_time_varying_transmission,tv_sir,ude_sir_h2,60,infected,0.015,37,11,-104.90072048981591,-212.4515263270903,4.030638956231229e-06,0.000197464155157122,3,88.43995139999993,0.015219321275083075,6,-190.4515263270903,-179.8915263270903,-172.73142928800382,-198.8169951086231,-192.23838558866373,-185.65977606870436,-172.5025570287856,-204.89968962057108,-183.4870028997943,3.775918353259609,26.314438079837505,2.650085347458483
2.0,d9b2046aa3fb78b2,ok,missing_time_varying_transmission,tv_sir,ude_sir_h2,61,infected,0.015,37,11,-103.88483981654147,-210.0704449000771,5.405336979400323e-06,9.540016049389182e-06,0,87.46971529999996,0.009589830034869351,6,-188.0704449000771,-177.5104449000771,-170.3503478609906,-196.12570464959452,-189.64663792027903,-183.1675711909635,-170.2094377323325,-202.3467909218724,-181.85341271582092,3.861826989102345,25.91626691726201,2.300765266994151
2.0,d9b2046aa3fb78b2,ok,missing_time_varying_transmission,tv_sir,ude_sir_h2,62,infected,0.015,37,11,-92.42416025273928,-188.98048858435217,4.157123350744851e-06,1.8387623401228383e-05,0,89.3845546,0.046244185364287205,6,-166.98048858435217,-156.42048858435217,-149.2603915452657,-176.4798341971322,-169.81946759183484,-163.15910098653745,-149.83836777594271,-182.0566787998944,-158.2068540842891,3.46190489222889,26.641466421189474,4.132168078873598
2.0,d9b2046aa3fb78b2,ok,missing_time_varying_transmission,tv_sir,ude_sir_h2,63,infected,0.015,37,11,-101.81470566461857,-206.310490030288,2.3171521133405e-06,0.0001421260629562578,0,86.33689189999996,0.0022923018362490666,6,-184.310490030288,-173.750490030288,-166.59039299120155,-193.20111062677307,-186.67715938282993,-180.15320813888678,-167.1053056510005,-199.04952219847422,-177.53360635346456,3.6304839159068867,26.095804975772566,2.6810787010508714
2.0,d9b2046aa3fb78b2,ok,missing_time_varying_transmission,tv_sir,ude_sir_h2,64,infected,0.015,37,11,-109.64738535955694,-222.0059404667453,9.327226634872045e-06,9.561098297875348e-06,3,87.44774949999987,0.01144600423465647,6,-200.0059404667453,-189.4459404667453,-182.28584342765885,-207.9366803121996,-201.32553872591862,-194.71439713963764,-181.49211396707568,-214.21331792870316,-192.85020437398995,3.8963112690210653,26.44456634512392,2.7111697476314314
2.0,d9b2046aa3fb78b2,ok,missing_time_varying_transmission,tv_sir,ude_sir_h2,65,infected,0.015,37,11,-102.88231125456912,-208.11867502111494,3.7790089910168854e-06,7.688868390684184e-05,4,97.29097569999976,0.0016537327203565155,6,-186.11867502111494,-175.55867502111494,-168.39857798202848,-194.13275311411576,-187.59165616620555,-181.05055921829535,-167.96836532247497,-200.37221152050466,-179.60023471749744,3.873231750305144,26.1643877916408,2.3540525119767137
2.0,d9b2046aa3fb78b2,ok,missing_time_varying_transmission,tv_sir,ude_sir_h2,66,infected,0.015,37,11,-105.8266912544772,-213.5601654688657,1.8586078191218404e-06,7.293581164003413e-05,3,103.32748049999964,0.0014507355136146316,6,-191.5601654688657,-181.0001654688657,-173.84006842977925,-199.85068376130116,-193.45127639106312,-187.0518690208251,-174.25305428034906,-205.96681550122534,-186.0557530280023,3.7966749838201888,25.5976294809521,1.9067829599113026
2.0,d9b2046aa3fb78b2,ok,missing_time_varying_transmission,tv_sir,ude_sir_h2,67,infected,0.015,37,11,-104.57795884581692,-211.6827676744628,2.134045816125031e-06,5.924963375564658e-05,3,121.61263979999967,0.0033000733959624995,6,-189.6827676744628,-179.1227676744628,-171.96267063537636,-197.700213282577,-191.18212491267326,-184.66403654276954,-171.62785980296206,-203.93816935893557,-183.0835642120189,3.8722991577636168,26.07235347961495,2.526849982828966
2.0,d9b2046aa3fb78b2,ok,missing_time_varying_transmission,tv_sir,ude_sir_h2,68,infected,0.015,37,11,-106.63873527993195,-216.61982958202978,6.168779343858417e-06,5.228227752071258e-05,0,120.04770720000033,0.029723353455963775,6,-194.61982958202978,-184.05982958202978,-176.8997325429433,-203.6074879871013,-196.99756187141372,-190.3876357557261,-177.1677835243509,-209.4126086427979,-186.8377660971135,3.6036104696159463,26.439704462750395,3.342359022165893
2.0,d9b2046aa3fb78b2,ok,missing_time_varying_transmission,tv_sir,ude_sir_h2,69,infected,0.015,37,11,-109.53683538727502,-221.6723323345117,5.96500863333208e-06,2.9273513075718832e-05,2,116.29016900000033,0.0018655883693554642,6,-199.6723323345117,-189.1123323345117,-181.95223529542523,-207.63121992154194,-201.04267208451935,-194.45412424749676,-181.27702857345156,-213.8953001489821,-192.71947942645966,3.8885160927648057,26.35419134809037,2.5986615599616636
2.0,d9b2046aa3fb78b2,ok,missing_time_varying_transmission,tv_sir,ude_sir_h2,70,infected,0.015,37,11,-103.04166672576179,-208.71909335076575,5.946446934462221e-06,9.45633112874387e-05,0,113.38194299999986,0.008601287862930462,6,-186.71909335076575,-176.15909335076574,-168.99899631167926,-195.6120346594558,-189.11000637236342,-182.60797808527107,-169.60392151108636,-201.45941090525048,-180.07522030315414,3.6298412227576353,26.008113148369446,2.6357598992421654
2.0,d9b2046aa3fb78b2,ok,missing_time_varying_transmission,tv_sir,ude_sir_h2,71,infected,0.015,37,11,-98.83075171291048,-200.3099137317359,6.367763783950417e-06,3.652882270456292e-05,1,100.73255319999998,0.0015677127000799373,6,-178.3099137317359,-167.7499137317359,-160.58981669264944,-186.2557412221972,-179.65527616143754,-173.05481110067785,-159.8538809791585,-192.52564787494325,-171.25964318278227,3.892132928396317,26.401860243038687,2.6484103059149287
2.0,d9b2046aa3fb78b2,ok,missing_time_varying_transmission,tv_sir,ude_sir_h2,72,infected,0.015,37,11,-105.14416652480715,-212.9965827343627,8.609454573220064e-06,6.551510539444335e-05,0,105.14128860000028,0.12749054886481304,6,-190.9965827343627,-180.4365827343627,-173.27648569527622,-199.66955664873655,-193.13644650720974,-186.60333636568294,-173.53711608262935,-205.6150656752463,-184.1558924835071,3.6907585295581957,26.1324405661072,2.708249684748422
2.0,d9b2046aa3fb78b2,ok,missing_time_varying_transmission,tv_sir,ude_sir_h2,73,infected,0.015,37,11,-102.93512433457049,-209.68439006862536,6.088338641046331e-06,7.964382912123137e-05,2,116.96295090000012,0.008293319619767203,10,-187.68439006862536,-177.12439006862536,-169.9642930295389,-195.52835396303948,-189.13221267054624,-182.736071378053,-169.9437887930665,-201.843704432424,-180.285683499168,3.9203428181006803,25.584565169972986,3.814141399484387
2.0,d9b2046aa3fb78b2,ok,missing_time_varying_transmission,tv_sir,ude_sir_h2,74,infected,0.015,37,11,-104.25802394938401,-210.82074712964626,6.119147596804325e-06,1.8643005063009407e-05,0,111.53733370000009,0.002175724053756767,6,-188.82074712964626,-178.26074712964626,-171.10065009055978,-196.94178796046836,-190.5152900218627,-184.0887920832571,-171.2357962060458,-203.13352769960693,-182.81005614434545,3.8436097150196744,25.70599175442257,2.304699230878228
2.0,d9b2046aa3fb78b2,ok,missing_time_varying_transmission,tv_sir,ude_sir_h2,75,infected,0.015,37,11,-104.38094152175391,-211.79610411051192,9.512055614452354e-06,3.65424926382392e-05,0,111.0251674000001,0.00023530410096839205,6,-189.79610411051192,-179.23610411051192,-172.07600707142547,-197.78822147226367,-191.0865375006984,-184.38485352913312,-170.98148558600258,-204.03747709260196,-181.95514715724673,3.8793135089549775,26.806735886261087,3.0342210670041005
2.0,d9b2046aa3fb78b2,ok,missing_time_varying_transmission,tv_sir,ude_sir_h2,76,infected,0.015,37,11,-100.87857547724184,-204.7896262480364,5.958903536394833e-06,0.0001241973800724697,0,116.73958939999966,0.0012732991280159922,6,-182.7896262480364,-172.2296262480364,-165.06952920894992,-191.46440831901427,-184.8578510749139,-178.2512938308135,-165.03817934261275,-197.40911068308174,-175.33092197808216,3.6902577824773273,26.42622897640152,3.0324752935527157
2.0,d9b2046aa3fb78b2,ok,missing_time_varying_transmission,tv_sir,ude_sir_h2,77,infected,0.015,37,11,-104.99256016151425,-212.33712942623347,3.910964990463694e-06,0.00018665137911173937,0,135.91351110000005,0.0014814625504868673,6,-190.33712942623347,-179.77712942623347,-172.617032387147,-198.5246368259766,-192.13494198024816,-185.74524713451973,-172.96585744306284,-204.68672421935233,-184.42634094011476,3.825202603440575,25.55877938291374,2.352009103204972
2.0,d9b2046aa3fb78b2,ok,missing_time_varying_transmission,tv_sir,ude_sir_h2,78,infected,0.015,37,11,-106.77834832226547,-215.72319971950952,5.088627452326381e-06,6.380962501244485e-05,1,148.15480849999994,0.0031460386268378215,6,-193.72319971950952,-183.16319971950952,-176.00310268042307,-201.8713400261256,-195.47076112285075,-189.0701822195759,-176.2690244130262,-208.05099003294794,-187.95438103143152,3.8361048432808005,25.60231561309941,2.166503074978569
2.0,d9b2046aa3fb78b2,ok,missing_time_varying_transmission,tv_sir,ude_sir_h2,79,infected,0.015,37,11,-105.33352605645817,-213.61153539139139,4.6522124077853595e-06,0.0001230582132146766,0,149.56793490000018,0.0017324809712846445,6,-191.61153539139139,-181.05153539139138,-173.89143835230493,-199.68044188801204,-193.1775308009129,-186.67461971381374,-173.66879753961547,-205.895440015976,-184.65540776451977,3.8580476877076957,26.011644348396583,2.9444832784750603
2.0,2e4a7ef8ae258739,ok,noisy_sir_overfit_risk,sir,neural_ode_h2,0,infected,0.05,29,14,-28.819317338325305,-89.49540949738685,1.0314909445200327e-06,5.408738173334086e-06,2,57.04519010000149,0.0005040952205099813,8,-61.495409497386845,-31.495409497386845,-42.35326787757621,-77.38238091532479,-73.75131852762094,-70.1202561399171,-62.858131364509404,-82.3008954459673,-43.11438512583523,3.5972570257097702,14.524249550815384,31.856774820736238
2.0,2e4a7ef8ae258739,ok,noisy_sir_overfit_risk,sir,neural_ode_h2,1,infected,0.05,29,14,-27.0215058791478,-79.14489294094749,5.610919120516563e-05,3.485525906584887e-06,4,56.95655740000075,4.7977168264878856e-06,8,-51.144892940947486,-21.144892940947486,-32.00275132113685,-67.50749770380796,-64.13295386941469,-60.75841003502143,-54.0093223662349,-72.23288055789158,-40.54483642072254,3.4560061915279574,13.498175337573059,25.101881182651887
2.0,2e4a7ef8ae258739,ok,noisy_sir_overfit_risk,sir,neural_ode_h2,2,infected,0.05,29,14,-36.09829344258879,-102.893098338637,5.979932398241662e-05,5.382714986301876e-06,2,57.869622099999106,9.280123379085126e-06,8,-74.893098338637,-44.893098338637,-55.750956718826366,-91.01115252664027,-87.52674825343273,-84.0423439802252,-77.07353543381011,-95.83583553078655,-58.258969792347415,3.5286314039252273,13.937617092830164,30.696511453459422
2.0,2e4a7ef8ae258739,ok,noisy_sir_overfit_risk,sir,neural_ode_h2,3,infected,0.05,29,14,-31.529514646502804,-89.46136802863728,4.292078521075359e-05,5.343141712699811e-06,2,57.42571130000033,7.233838915254864e-05,8,-61.46136802863728,-31.46136802863728,-42.319226408826644,-77.64149304011438,-74.19743955404348,-70.75338606797258,-63.86527909583079,-82.44097208761872,-49.28281534872202,3.5101979705092843,13.77621394428359,26.402338735631677
2.0,2e4a7ef8ae258739,ok,noisy_sir_overfit_risk,sir,neural_ode_h2,4,infected,0.05,29,14,-28.154263305960132,-81.62747664735905,6.913647020389914e-06,5.36351919306745e-06,3,57.824297600000136,9.501200169381718e-05,8,-53.627476647359046,-23.627476647359046,-34.48533502754841,-70.16267302250927,-66.83582433564399,-63.508975648778716,-56.85527827504817,-74.81797477778566,-43.00113186445917,3.4047509347866907,13.307394747461096,25.31895003543878
2.0,2e4a7ef8ae258739,ok,noisy_sir_overfit_risk,sir,neural_ode_h2,5,infected,0.05,29,14,-35.62556314180858,-96.39886048752123,5.903110938254425e-07,3.3434951920780094e-06,0,56.578073399999994,8.497357183046006e-05,8,-68.39886048752123,-38.39886048752123,-49.256718867710596,-84.72736950154948,-81.37920043270722,-78.03103136386497,-71.33469322618046,-89.46659698870138,-57.85845000824815,3.4661317494099255,13.392676275369006,25.14773420390408
2.0,2e4a7ef8ae258739,ok,noisy_sir_overfit_risk,sir,neural_ode_h2,6,infected,0.05,29,14,-35.076202971997475,-97.98856516153067,2.0246330894733437e-06,1.080455787184027e-05,2,56.520791900000404,2.293988643486955e-08,8,-69.98856516153067,-39.98856516153067,-50.846423541720036,-86.05262493894703,-82.62802329911301,-79.203421659279,-72.35421837961096,-90.8992324594309,-56.45399938465888,3.5446663510498837,13.698406559336073,27.83615921753573
2.0,2e4a7ef8ae258739,ok,noisy_sir_overfit_risk,sir,neural_ode_h2,7,infected,0.05,29,14,-31.833057849173606,-92.67188467256724,5.2573378338823554e-05,7.1646407552601955e-06,4,58.007640900001206,6.233030376279203e-07,8,-64.67188467256724,-34.671884672567245,-45.52974305275661,-80.83765894255288,-77.41584890408141,-73.99403886560994,-67.150418788667,-85.64296513147549,-49.97887554446134,3.514459770545879,13.687240153885876,29.005768974220032
2.0,2e4a7ef8ae258739,ok,noisy_sir_overfit_risk,sir,neural_ode_h2,8,infected,0.05,29,14,-22.281587557428594,-72.71943969055062,5.80253526791209e-05,4.322089512690638e-06,3,57.86611289999928,0.00014107368327387348,8,-44.719439690550615,-14.719439690550615,-25.577298070739978,-60.78912831233527,-57.32972487979096,-53.87032144724665,-46.951514582158026,-65.63345023160649,-30.725561384679946,3.5429947294720656,13.837613730177242,28.15626457569343
2.0,2e4a7ef8ae258739,ok,noisy_sir_overfit_risk,sir,neural_ode_h2,9,infected,0.05,29,14,-35.19094787563272,-92.7886857861258,5.241955279500498e-05,2.4777895600860772e-06,0,57.70456740000009,0.00013469258481535462,8,-64.7886857861258,-34.7886857861258,-45.64654416631516,-81.68201683437852,-78.51757201184374,-75.35312718930896,-69.0242375442394,-86.19189743575868,-57.72411646112633,3.2983941751835593,12.657779290139114,22.40679003486035
2.0,2e4a7ef8ae258739,ok,noisy_sir_overfit_risk,sir,neural_ode_h2,10,infected,0.05,29,14,-33.18456070028867,-97.86807348530579,0.0002942880043372778,5.4779496623748485e-05,3,56.811184800000774,3.689490949199126e-05,8,-69.86807348530579,-39.868073485305786,-50.72593186549515,-85.84565493518502,-82.25975796637624,-78.67386099756746,-71.5020670599499,-90.72737711817426,-52.02553352534222,3.57034818356576,14.343587875235123,31.498952084728447
2.0,2e4a7ef8ae258739,ok,noisy_sir_overfit_risk,sir,neural_ode_h2,11,infected,0.05,29,14,-36.97316621523865,-93.04865795730674,5.6204097414549455e-05,3.2729186548937283e-06,2,58.35912350000035,2.7308515548440937e-05,8,-65.04865795730674,-35.048657957306744,-45.90651633749611,-82.43309281451619,-79.43650904739057,-76.43992528026496,-70.44675774601373,-86.74355993279893,-61.95999736197484,3.1525490122539077,11.986335068502452,19.10232552682944
2.0,2e4a7ef8ae258739,ok,noisy_sir_overfit_risk,sir,neural_ode_h2,12,infected,0.05,29,14,-28.170732330784997,-80.8018628072129,1.3803697259937139e-05,3.4461597750285882e-06,2,56.33791889999884,1.3697157896785939e-07,8,-52.8018628072129,-22.8018628072129,-33.65972118740226,-69.16115463739305,-65.91412489848385,-62.66709515957466,-56.173035681756254,-73.88788271306322,-43.353345705933194,3.4569900470748385,12.9881189556368,24.460398145642905
2.0,2e4a7ef8ae258739,ok,noisy_sir_overfit_risk,sir,neural_ode_h2,13,infected,0.05,29,14,-26.646341435297156,-80.31494482916449,3.241838120701275e-05,7.96433209429655e-06,3,56.820341099999496,8.590634763550042e-07,13,-52.31494482916449,-22.31494482916449,-33.17280320935385,-68.51264182958914,-65.17533359306576,-61.83802535654236,-55.16340888349558,-73.30498574301984,-39.94344992450075,3.504979543072326,13.349232946093563,27.022261958570176
2.0,2e4a7ef8ae258739,ok,noisy_sir_overfit_risk,sir,neural_ode_h2,14,infected,0.05,29,14,-35.666944046109116,-100.08273651307067,0.00011048460675572454,2.805596167316185e-06,0,57.214588700000604,1.980717250660291e-06,8,-72.08273651307067,-42.08273651307067,-52.940594893260034,-88.3788255520676,-85.02771487232961,-81.67660419259161,-74.97438283311564,-93.13121722166936,-57.929445373266276,3.4757596457006548,13.404442718951957,28.74884842085244
2.0,2e4a7ef8ae258739,ok,noisy_sir_overfit_risk,sir,neural_ode_h2,15,infected,0.05,29,14,-24.07316085073698,-77.57838495282314,1.065596678163205e-05,1.5678929072703432e-05,4,57.8842268999997,2.9129602513222608e-05,8,-49.57838495282314,-19.578384952823143,-30.436243333012506,-65.61953845890004,-62.10592771404118,-58.59231696918232,-51.565095479464595,-70.47544710731098,-34.091878722038516,3.5514689227560807,14.054442979435443,29.432063251349184
2.0,2e4a7ef8ae258739,ok,noisy_sir_overfit_risk,sir,neural_ode_h2,16,infected,0.05,29,14,-25.6503112832318,-82.66239441907757,9.12613281037169e-06,3.5750541172703168e-06,4,58.34220230000028,4.923552204161297e-05,8,-54.66239441907757,-24.66239441907757,-35.520252799266935,-70.66732565512626,-67.13927426189085,-63.61122286865543,-56.555120082184594,-75.53794241392097,-37.18841699352193,3.562226002578302,14.112205572941667,31.361771852613966
2.0,2e4a7ef8ae258739,ok,noisy_sir_overfit_risk,sir,neural_ode_h2,17,infected,0.05,29,14,-37.005360196055136,-95.13569670807635,3.82939437642692e-05,1.160491608337342e-05,0,58.919543500000145,0.018360727771842278,8,-67.13569670807635,-37.13569670807635,-47.993555088265715,-84.14319842080697,-81.08252147923503,-78.02184453766309,-71.90049065451922,-88.60671984220144,-61.768012625822514,3.2644884329374575,12.242707766287758,21.12497631596608
2.0,2e4a7ef8ae258739,ok,noisy_sir_overfit_risk,sir,neural_ode_h2,18,infected,0.05,29,14,-27.99464503439952,-83.53687378008767,9.740395566897744e-05,3.88614184152024e-06,4,56.81637629999932,0.0006269063551798126,8,-55.536873780087674,-25.536873780087674,-36.39473216027704,-71.78789948302207,-68.3735779733752,-64.95925646372834,-58.130613444434616,-76.55858919193922,-42.332004030211586,3.48914229407423,13.657286038587458,27.54758371128863
2.0,2e4a7ef8ae258739,ok,noisy_sir_overfit_risk,sir,neural_ode_h2,19,infected,0.05,29,14,-31.435315131652626,-89.49226835316956,4.0304101966825e-05,5.527628664480927e-06,0,57.26606580000043,8.793090984227092e-07,8,-61.492268353169564,-31.492268353169564,-42.35012673335893,-77.8643678828205,-74.49981404317444,-71.13526020352838,-64.40615252423625,-82.58589537174026,-49.412414904721004,3.4531864907146486,13.458215358584251,26.621638089864312
2.0,2e4a7ef8ae258739,ok,noisy_sir_overfit_risk,sir,neural_ode_h2,20,infected,0.05,29,14,-33.272683917371694,-92.31000278765619,1.0540904358320961e-05,4.414047522787398e-06,0,57.3218409000001,6.326983118754015e-05,8,-64.31000278765619,-34.31000278765619,-45.16786116784555,-80.623648886593,-77.23662941637929,-73.84960994616556,-67.07557100573813,-85.36891148406845,-52.99728995388851,3.470545651793867,13.54807788085488,25.7646349529128
2.0,2e4a7ef8ae258739,ok,noisy_sir_overfit_risk,sir,neural_ode_h2,21,infected,0.05,29,14,-32.35613276879787,-92.65724362400931,3.5341583282870347e-05,7.95223061141033e-06,3,57.140077800000654,3.1394852086918945e-06,8,-64.65724362400931,-34.65724362400931,-45.515102004198674,-80.83657408221549,-77.47827832203936,-74.11998256186324,-67.40339104151099,-85.63637575933981,-51.279082496891235,3.5104339323347475,13.433183040704508,27.94497808641357
2.0,2e4a7ef8ae258739,ok,noisy_sir_overfit_risk,sir,neural_ode_h2,22,infected,0.05,29,14,-27.724866437572366,-82.32370703660726,8.370063452511613e-05,2.835820939459897e-06,3,57.28017050000017,9.753041041449251e-05,8,-54.32370703660726,-24.32370703660726,-35.18156541679662,-70.6391371236737,-67.24736677695202,-63.85559643023034,-57.07205573678698,-75.38367532993034,-41.882651488258006,3.470015853338461,13.56708138688673,26.873974161462527
2.0,2e4a7ef8ae258739,ok,noisy_sir_overfit_risk,sir,neural_ode_h2,23,infected,0.05,29,14,-31.86033634051541,-90.55600519586815,4.1695106161233816e-05,8.293433740253973e-06,0,57.4954689999995,3.0793105679549626e-05,8,-62.55600519586815,-32.55600519586815,-43.413863576057516,-78.75314759405441,-75.36110587685624,-71.96906415965807,-65.18498072526174,-83.54571670460652,-50.15250581223814,3.505144245630817,13.568166868792678,26.835332514837337
2.0,2e4a7ef8ae258739,ok,noisy_sir_overfit_risk,sir,neural_ode_h2,24,infected,0.05,29,14,-37.64028416190688,-102.39837943931416,8.460660713118543e-06,1.145331301232741e-05,2,58.32705780000106,1.54409684824941e-05,8,-74.39837943931416,-44.398379439314155,-55.25623781950352,-90.62839910209536,-87.26245227921433,-83.8965054563333,-77.16461181057124,-95.40761834704263,-61.81678103228965,3.495380546135761,13.463787291524108,27.11781111550041
2.0,2e4a7ef8ae258739,ok,noisy_sir_overfit_risk,sir,neural_ode_h2,25,infected,0.05,29,14,-23.752794170782977,-72.23394645178658,4.916121994548331e-05,5.13938296091724e-06,4,57.562633300000016,0.0008400996213318024,8,-44.23394645178658,-14.23394645178658,-25.091804831975942,-60.75104948885682,-57.44925810282035,-54.14746671678388,-47.543883944710934,-65.41369807285167,-34.298422797420066,3.410124189467452,13.207165544145887,24.728358110220626
2.0,2e4a7ef8ae258739,ok,noisy_sir_overfit_risk,sir,neural_ode_h2,26,infected,0.05,29,14,-33.3459566589315,-91.43317922013578,3.812511580885396e-05,3.0313014465865232e-05,4,68.80058269999972,6.264144758461043e-10,8,-63.433179220135784,-33.433179220135784,-44.29103760032515,-79.9344525980169,-76.80901995492682,-73.68358731183675,-67.4327220256566,-84.6035288403145,-54.19018274550269,3.414825189910645,12.501730572360309,24.741265902272794
2.0,2e4a7ef8ae258739,ok,noisy_sir_overfit_risk,sir,neural_ode_h2,27,infected,0.05,29,14,-24.206412888821802,-69.37690913568919,5.7436282169358066e-05,2.6321501345459414e-05,2,68.9494053999988,8.520686378687969e-10,8,-41.37690913568919,-11.37690913568919,-22.234767515878552,-58.75739014921044,-55.84737212338619,-52.937354097561936,-47.11731804591344,-63.06946273201434,-36.77275367434661,3.1537232018374257,11.640072103296994,20.96408335804558
2.0,2e4a7ef8ae258739,ok,noisy_sir_overfit_risk,sir,neural_ode_h2,28,infected,0.05,29,14,-30.56124178414829,-85.0524991269181,5.185983233477466e-06,1.0629383881821265e-05,2,59.950946799999656,9.407456907695178e-06,8,-57.05249912691809,-27.052499126918093,-37.910357507107456,-73.72164069788522,-70.4521714159885,-67.18270213409178,-60.64376357029835,-78.32255379325943,-48.044606440709714,3.364972666829331,13.07787712758687,23.930015558621513
2.0,2e4a7ef8ae258739,ok,noisy_sir_overfit_risk,sir,neural_ode_h2,29,infected,0.05,29,14,-35.270338761416106,-94.55912750020606,7.3997313182205224e-06,4.8703656724845985e-06,1,57.447501399999965,2.05612864192517e-05,8,-66.55912750020606,-36.55912750020606,-47.41698588039542,-82.92790601891136,-79.67824912341192,-76.42859222791247,-69.92927843691359,-87.65078200961017,-57.54204994083445,3.4541727452979467,12.99862758199776,24.018449977373844
2.0,2e4a7ef8ae258739,ok,noisy_sir_overfit_risk,sir,neural_ode_h2,30,infected,0.05,29,14,-34.85111735266917,-88.98079023499263,8.293464816529848e-05,1.8993893456755187e-05,1,58.36141990000033,2.998103809659369e-08,8,-60.980790234992625,-30.980790234992625,-41.83864861518199,-78.42058665458053,-75.49052140782443,-72.56045616106832,-66.7003256675561,-82.70857412236523,-57.98197371831391,3.1361080563136943,11.72026098702443,19.278555529654287
2.0,2e4a7ef8ae258739,ok,noisy_sir_overfit_risk,sir,neural_ode_h2,31,infected,0.05,29,14,-22.249686120756657,-71.03446220797949,3.6735499784782366e-05,1.2728904713381924e-05,2,60.64086999999927,0.29983776869898193,8,-43.03446220797949,-13.034462207979487,-23.89232058816885,-59.4575684649145,-56.091905077210036,-52.72624168950557,-45.99491491409664,-64.15838459105595,-31.036718690695448,3.438038808461771,13.462653550817866,26.535089966466177
2.0,2e4a7ef8ae258739,ok,noisy_sir_overfit_risk,sir,neural_ode_h2,32,infected,0.05,29,14,-31.456615295932565,-93.95079242422185,1.3840180116087533e-06,1.036410395297405e-05,1,57.60993690000032,1.8452865191420642e-07,8,-65.95079242422185,-35.950792424221845,-46.80865080441121,-81.81539762428937,-78.2498118422162,-74.68422606014305,-67.5530544959967,-86.7429939932885,-48.65088746357246,3.603899215466677,14.262343128292667,31.037561832356715
2.0,2e4a7ef8ae258739,ok,noisy_sir_overfit_risk,sir,neural_ode_h2,33,infected,0.05,29,14,-34.3625000049111,-95.48872047510338,5.462663641063281e-05,1.664292906860873e-05,2,58.43022740000015,0.00014822251345236737,13,-67.48872047510338,-37.48872047510338,-48.34657885529274,-83.64044576995387,-80.25862934138222,-76.87681291281058,-70.11318005566727,-88.45145656758558,-55.1977342955356,3.5186319537588995,13.5272657142866,26.763720465281175
2.0,2e4a7ef8ae258739,ok,noisy_sir_overfit_risk,sir,neural_ode_h2,34,infected,0.05,29,14,-32.92922987692772,-92.18551786330715,6.581495254273572e-05,4.729574960271937e-06,3,57.59283789999972,0.0010720754131767762,8,-64.18551786330715,-34.185517863307155,-45.04337624349652,-80.43133705438069,-77.00113368979598,-73.57093032521126,-66.71052359604182,-85.20414087572381,-52.137646295516575,3.490688493791672,13.720813458338867,26.32705810945172
2.0,2e4a7ef8ae258739,ok,noisy_sir_overfit_risk,sir,neural_ode_h2,35,infected,0.05,29,14,-27.750561011171925,-79.11676550761776,5.316045213399102e-05,2.576402124654081e-06,4,57.86347949999981,4.81320807992347e-05,8,-51.11676550761776,-21.116765507617757,-31.97462388780712,-67.94298889373056,-64.7119594743616,-61.48093005499264,-55.01887121625472,-72.48011866810792,-42.577004344868016,3.3183234197549196,12.924117677475834,23.615643485273907
2.0,2e4a7ef8ae258739,ok,noisy_sir_overfit_risk,sir,neural_ode_h2,36,infected,0.05,29,14,-32.05349843523189,-90.32921346534067,0.0001539323605354858,1.240956854139444e-05,0,57.79761049999979,8.286748145280853e-05,8,-62.32921346534067,-32.32921346534067,-43.187071845530035,-78.70522990902845,-75.3662438853013,-72.02725786157417,-65.3492858141199,-83.42516692877075,-50.75105277555522,3.452023268284962,13.355944094908555,26.22221659487689
2.0,2e4a7ef8ae258739,ok,noisy_sir_overfit_risk,sir,neural_ode_h2,37,infected,0.05,29,14,-34.60964891365053,-90.10332560420278,9.961085456337139e-05,5.382153217892793e-06,4,57.74799440000061,1.2877699901991946e-06,8,-62.10332560420278,-32.10332560420278,-42.96118398439214,-79.08720057884678,-76.02544746166701,-72.96369434448727,-66.84018811012776,-83.56031567483744,-56.97228535858204,3.271504964682671,12.247012468719024,20.88402777690171
2.0,2e4a7ef8ae258739,ok,noisy_sir_overfit_risk,sir,neural_ode_h2,38,infected,0.05,29,14,-30.0148924779491,-86.74859559657895,1.9269157385331258e-06,4.632488551682902e-06,1,59.277090900000985,4.3827888823955163e-05,8,-58.74859559657895,-28.74859559657895,-39.606453976768314,-74.98697138804101,-71.6497967902363,-68.31262219243156,-61.638272996822124,-79.7627976136407,-46.68108656467931,3.492898991469125,13.34869839121889,26.71881064068075
2.0,2e4a7ef8ae258739,ok,noisy_sir_overfit_risk,sir,neural_ode_h2,39,infected,0.05,29,14,-26.50963729795876,-86.00176368450596,8.91906536567191e-05,1.1066077910316094e-05,1,57.40015350000067,8.418242845920076e-06,8,-58.00176368450596,-28.00176368450596,-38.85962206469532,-73.9583593245455,-70.45309506921262,-66.94783081387975,-59.93730230321398,-78.84860282901388,-38.99821757458601,3.576580427746034,14.021057021331512,32.98248908858844
2.0,2e4a7ef8ae258739,ok,noisy_sir_overfit_risk,sir,neural_ode_h2,40,infected,0.05,29,14,-35.14446506164845,-96.81231287611962,3.6845665519966505e-05,1.3030331274341589e-05,2,58.05263229999946,1.538991476479623e-05,8,-68.81231287611962,-38.81231287611962,-49.67017125630898,-84.98223414105087,-81.52747369126037,-78.07271324146988,-71.1631923418889,-89.78585643607688,-56.46988832413492,3.5132282200213667,13.819041799161973,26.523382752822734
2.0,2e4a7ef8ae258739,ok,noisy_sir_overfit_risk,sir,neural_ode_h2,41,infected,0.05,29,14,-31.66860956808363,-88.22682952779476,8.683225828661558e-05,5.557116925118207e-06,2,57.73493370000142,3.2244704598838325e-05,8,-60.22682952779476,-30.226829527794763,-41.084687907984126,-76.57088484891898,-73.21352647576592,-69.85616810261286,-63.14145135630672,-81.30379973333646,-49.907785643555,3.4615148972291525,13.429433492612262,24.889610391627496
2.0,2e4a7ef8ae258739,ok,noisy_sir_overfit_risk,sir,neural_ode_h2,42,infected,0.05,29,14,-25.4508724515009,-82.57146764637906,5.278088729578172e-07,4.234193528847277e-06,2,58.95934170000146,2.163685017464445e-05,8,-54.57146764637906,-24.571467646379062,-35.429326026568425,-70.48412957108171,-66.9756709549075,-63.467212338733304,-56.45029510638489,-75.39221243057231,-36.86791043830498,3.589627607903372,14.033834464696817,31.669722743377264
2.0,2e4a7ef8ae258739,ok,noisy_sir_overfit_risk,sir,neural_ode_h2,43,infected,0.05,29,14,-30.37276601569134,-91.77649595197698,4.6819096227893404e-05,4.81304298289999e-06,3,57.49080440000034,1.4137344841458344e-06,8,-63.77649595197698,-33.77649595197698,-44.634354332166346,-79.63954584076066,-76.16741255038438,-72.6952792600081,-65.75101267925555,-84.56777374638148,-46.85699886987757,3.6043611027977533,13.888533161505109,31.030963920594306
2.0,2e4a7ef8ae258739,ok,noisy_sir_overfit_risk,sir,neural_ode_h2,44,infected,0.05,29,14,-30.846739234290176,-87.65755688650141,2.61767892933682e-06,3.8947389404062535e-06,3,57.52137129999937,0.0001848294945503426,8,-59.65755688650141,-29.65755688650141,-40.51541526669077,-75.7855238123412,-72.3936633660707,-69.00180291980021,-62.21808202725923,-80.60618173351529,-48.126036683498384,3.525687576493065,13.567441785081972,25.964078417921055
2.0,2e4a7ef8ae258739,ok,noisy_sir_overfit_risk,sir,neural_ode_h2,45,infected,0.05,29,14,-33.94737158028463,-91.80896803641988,3.061766900345402e-05,3.3227840138462847e-06,4,57.5620099000007,0.0003258087486344152,8,-63.808968036419884,-33.808968036419884,-44.66682641660925,-80.4930662291839,-77.22584881783237,-73.95863140648086,-67.42419658377783,-85.0879061644777,-54.825873515163195,3.3605309359710893,13.068869645406071,23.914224875850618
2.0,2e4a7ef8ae258739,ok,noisy_sir_overfit_risk,sir,neural_ode_h2,46,infected,0.05,29,14,-23.588875332211604,-71.0596868622304,2.176129895977037e-05,3.534891418596135e-06,0,57.19742570000017,7.271544184561662e-07,8,-43.05968686223039,-13.059686862230393,-23.917545242419756,-59.64885500294125,-56.43718306244844,-53.22551112195564,-46.80216724097003,-64.282241436929,-34.33106290245199,3.388722712650697,12.846687761971216,23.881936197807185
2.0,2e4a7ef8ae258739,ok,noisy_sir_overfit_risk,sir,neural_ode_h2,47,infected,0.05,29,14,-36.76770770127131,-97.50692101486769,1.2201279547736676e-05,6.087314523475966e-06,3,57.31909839999935,1.4017160054891065e-06,8,-69.50692101486769,-39.506921014867686,-50.36477939505705,-85.9398777140328,-82.65607037658003,-79.37226303912728,-72.80464836422175,-90.63669405243216,-60.40018605273156,3.4351134812177593,13.135229349811063,23.971505612325057
2.0,2e4a7ef8ae258739,ok,noisy_sir_overfit_risk,sir,neural_ode_h2,48,infected,0.05,29,14,-31.536631118465195,-92.29418706521112,1.9274675981685804e-05,2.6711252120699655e-06,4,58.95263990000058,0.0002104465711418868,8,-64.29418706521112,-34.29418706521112,-45.15204544540048,-80.45837800000815,-76.93934981480307,-73.42032162959798,-66.3822652591878,-85.26432710470357,-48.99714949611005,3.5149299802537737,14.076112740820344,29.22092482828073
2.0,2e4a7ef8ae258739,ok,noisy_sir_overfit_risk,sir,neural_ode_h2,49,infected,0.05,29,14,-38.99777157469958,-98.03088758103468,2.6466176311303296e-05,1.0942942374628625e-05,4,57.71628520000013,9.211091622773893e-06,8,-70.03088758103468,-40.030887581034676,-50.88874596122404,-87.3012719726053,-84.27695298635405,-81.25263400010279,-75.20399602760027,-91.65804946394387,-65.89826720439412,3.186419058545405,12.097275945005032,20.035344431635522
2.0,2e4a7ef8ae258739,ok,noisy_sir_overfit_risk,sir,neural_ode_h2,50,infected,0.05,29,14,-33.16702858681967,-95.03811361410759,3.881500364751603e-05,3.891696139824825e-06,1,57.3580536999998,5.021289368301041e-06,13,-67.03811361410759,-37.03811361410759,-47.89597199429695,-82.93122822923266,-79.43859338722842,-75.94595854522417,-68.96068886121569,-87.84724830488196,-52.36351780562237,3.5954326546128152,13.970539368016965,28.704056440468257
2.0,2e4a7ef8ae258739,ok,noisy_sir_overfit_risk,sir,neural_ode_h2,51,infected,0.05,29,14,-36.69260683750892,-97.50503857412689,5.8962383825534916e-05,6.059115021140156e-06,1,57.396289199999956,1.6004746960618377e-05,8,-69.50503857412689,-39.505038574126885,-50.36289695431625,-85.90305078853379,-82.67634150851536,-79.44963222849692,-72.99621366846007,-90.61405639057476,-60.47837655494411,3.445491091776066,12.906837120073723,24.11982489910905
2.0,2e4a7ef8ae258739,ok,noisy_sir_overfit_risk,sir,neural_ode_h2,52,infected,0.05,29,14,-28.297835337860946,-84.62346136244933,2.566418449779913e-05,3.9167536215549986e-06,2,57.957469999999375,8.484871266745131e-05,8,-56.62346136244933,-26.623461362449333,-37.481319742638696,-72.84781643249062,-69.43886791392099,-66.02991939535136,-59.212022358212096,-77.62933579433374,-42.95987660144337,3.4970627840577997,13.635794074278522,28.027790686727442
2.0,2e4a7ef8ae258739,ok,noisy_sir_overfit_risk,sir,neural_ode_h2,53,infected,0.05,29,14,-26.070475629504234,-81.15118400327424,3.475294939895689e-06,4.223067022124763e-06,0,57.314487599998756,4.9291330164180636e-06,8,-53.15118400327424,-23.15118400327424,-34.0090423834636,-69.15748210491391,-65.67488697654935,-62.192291848184766,-55.22710159145562,-74.02754384576036,-38.21057074555018,3.5618200787569374,13.930380513458289,29.01023274426577
2.0,2e4a7ef8ae258739,ok,noisy_sir_overfit_risk,sir,neural_ode_h2,54,infected,0.05,29,14,-32.68097187554689,-95.2624416195128,3.4885708311711507e-06,1.7545886066451384e-05,3,60.591320200001064,2.502351456001861e-05,8,-67.2624416195128,-37.2624416195128,-48.12029999970216,-83.17263697391091,-79.60325484977233,-76.03387272563373,-68.89510847735654,-88.08172138819862,-51.08441525453941,3.5903601156570946,14.277528496554368,29.90049786841903
2.0,2e4a7ef8ae258739,ok,noisy_sir_overfit_risk,sir,neural_ode_h2,55,infected,0.05,29,14,-26.74481971138669,-79.04231211014526,7.087068138862509e-05,8.220341045489071e-06,2,58.31187399999908,5.034138858661663e-06,8,-51.04231211014526,-21.04231211014526,-31.900170490334624,-67.3290179072725,-63.988435471882404,-60.647853036492315,-53.96668816571213,-72.08521965716656,-40.127309681213006,3.478546226489347,13.362329741560375,25.552672687371885
2.0,2e4a7ef8ae258739,ok,noisy_sir_overfit_risk,sir,neural_ode_h2,56,infected,0.05,29,14,-28.50259010755436,-86.13634880116487,2.1186290358441318e-05,3.881672061645421e-06,1,57.88902720000078,0.0018446651817036752,8,-58.13634880116487,-28.13634880116487,-38.994207181354234,-74.49362808337787,-71.07041657091979,-67.64720505846172,-60.800782033545566,-79.22117335735257,-43.31233416527642,3.4575877219061484,13.692846049832303,29.131168586056145
2.0,2e4a7ef8ae258739,ok,noisy_sir_overfit_risk,sir,neural_ode_h2,57,infected,0.05,29,14,-27.83770778340978,-79.4080664818784,2.1965317395712852e-08,4.345156465222003e-06,1,57.46213639999951,3.298181496802499e-07,8,-51.40806648187839,-21.408066481878393,-32.265924862067756,-68.00407968678455,-64.80260439570856,-61.60112910463258,-55.1981785224806,-72.63468667156357,-42.869514402515605,3.386689905157413,12.80590116430395,23.732650915058834
2.0,2e4a7ef8ae258739,ok,noisy_sir_overfit_risk,sir,neural_ode_h2,58,infected,0.05,29,14,-30.15370949967798,-85.43051007859097,1.5547493895787815e-05,1.0689380697566443e-05,3,56.800455700000384,2.0711191979216892e-05,8,-57.43051007859097,-27.43051007859097,-38.28836845878033,-73.88734653230532,-70.63072649197866,-67.37410645165201,-60.860866370998714,-78.57446645837122,-47.28093883804936,3.4280218101098723,13.026480161306603,25.123091079235014
2.0,2e4a7ef8ae258739,ok,noisy_sir_overfit_risk,sir,neural_ode_h2,59,infected,0.05,29,14,-26.95807693788043,-83.00043185074594,4.298478729200726e-07,3.0282468493914293e-05,1,59.22325170000113,8.374087386187057e-06,8,-55.00043185074594,-25.00043185074594,-35.8582902309353,-70.92241966945254,-67.42547746195675,-63.92853525446096,-56.934650839469384,-75.82671573484298,-39.92838504577771,3.586858057951479,13.987768829983153,29.084277974985078
2.0,2e4a7ef8ae258739,ok,noisy_sir_overfit_risk,sir,neural_ode_h2,60,infected,0.05,29,14,-28.526882634639563,-87.90982397590089,7.16847962952982e-07,3.754207040276081e-06,2,57.3719228000009,0.0004935965053469715,8,-59.90982397590089,-29.909823975900892,-40.767682356090255,-75.79418273667164,-72.24597092267231,-68.69775910867298,-61.60133548067432,-80.7137581409143,-42.860918013281804,3.5980329174932995,14.192847255997322,30.85605870662177
2.0,2e4a7ef8ae258739,ok,noisy_sir_overfit_risk,sir,neural_ode_h2,61,infected,0.05,29,14,-20.65611928152293,-70.24098137875687,3.412190164177335e-06,4.509875545235624e-06,2,57.75155029999951,0.0002958308642497798,8,-42.24098137875687,-12.24098137875687,-23.098839758946234,-58.37119456561147,-54.93084793759733,-51.49050130958319,-44.6098080535549,-63.190940388926116,-27.550852050989295,3.5250204949153763,13.761386512056564,28.92874281571101
2.0,2e4a7ef8ae258739,ok,noisy_sir_overfit_risk,sir,neural_ode_h2,62,infected,0.05,29,14,-31.73229738489812,-92.27621653194942,3.123242633204654e-05,4.340274028579098e-06,4,56.702761599999576,8.582103205867497e-08,8,-64.27621653194942,-34.276216531949416,-45.13407491213878,-80.37400150833747,-76.98340422060858,-73.59280693287968,-66.8116123574219,-85.20691485811356,-49.902205618880664,3.534650836917927,13.562389150915578,28.811621762153173
2.0,2e4a7ef8ae258739,ok,noisy_sir_overfit_risk,sir,neural_ode_h2,63,infected,0.05,29,14,-31.2264178833508,-87.23400960053564,1.2390219395985508e-05,4.107230165558793e-06,3,57.52477849999923,5.4252793262321575e-06,8,-59.23400960053564,-29.234009600535643,-40.091867980725006,-75.720828193541,-72.5442603035351,-69.3676924135292,-63.014556633517415,-80.39577382423862,-49.746564206678016,3.4191178881485147,12.70627156002358,24.781173833834043
2.0,2e4a7ef8ae258739,ok,noisy_sir_overfit_risk,sir,neural_ode_h2,64,infected,0.05,29,14,-34.19763991760735,-95.9448245758939,2.756173600600082e-05,3.798558354399753e-06,1,57.47739420000107,0.0005257118774864011,8,-67.9448245758939,-37.944824575893904,-48.80268295608327,-84.185441092244,-80.73914527046081,-77.2928494486776,-70.4002578051112,-88.96035746793734,-54.61009654808189,3.492233553978279,13.785183287132805,27.549544740679202
2.0,2e4a7ef8ae258739,ok,noisy_sir_overfit_risk,sir,neural_ode_h2,65,infected,0.05,29,14,-33.553092983820626,-93.5264605861135,2.1439799279322367e-05,5.642493247694228e-06,4,57.164436600000045,5.341521656987425e-06,8,-65.5264605861135,-35.5264605861135,-46.384318966302864,-81.77384729759588,-78.38481930219082,-74.99579130678576,-68.21773531597566,-86.54601462478267,-53.550073986021026,3.4902229806654157,13.556111981620225,26.420274618472252
2.0,2e4a7ef8ae258739,ok,noisy_sir_overfit_risk,sir,neural_ode_h2,66,infected,0.05,29,14,-32.366976729906256,-96.98625807155398,1.8812125596957577e-05,2.9238368067692497e-06,4,57.57794019999892,4.803008060605407e-06,8,-68.98625807155398,-38.986258071553976,-49.84411645174334,-84.91205279028817,-81.38599416276169,-77.85993553523522,-70.80781828018226,-89.81480305786467,-50.62971894970661,3.5857275068446555,14.104234510105906,32.252304611741465
2.0,2e4a7ef8ae258739,ok,noisy_sir_overfit_risk,sir,neural_ode_h2,67,infected,0.05,29,14,-28.817791756812433,-86.3353519607903,2.3071997626752702e-05,4.302162969544013e-06,4,57.28481430000102,6.057707864215445e-06,8,-58.335351960790305,-28.335351960790305,-39.19321034097967,-74.37340618146746,-70.90491605414314,-67.43642592681883,-60.499445672170204,-79.23057329964672,-43.76162300432761,3.5523893305717937,13.873960509297254,28.69976844716544
2.0,2e4a7ef8ae258739,ok,noisy_sir_overfit_risk,sir,neural_ode_h2,68,infected,0.05,29,14,-30.57537052337999,-86.02891716945426,1.918365947164943e-05,7.265294207738856e-06,1,59.05265040000086,3.0417122971471144e-06,13,-58.02891716945426,-28.02891716945426,-38.88677554964362,-74.24183769044112,-70.9208171104124,-67.59979653038368,-60.95775537032626,-79.02800006912305,-47.86665872664513,3.500458550165607,13.284082320114855,24.878176122694278
2.0,2e4a7ef8ae258739,ok,noisy_sir_overfit_risk,sir,neural_ode_h2,69,infected,0.05,29,14,-36.37545218244386,-99.92247827032244,3.503067202945721e-06,6.119909790685376e-06,0,57.40199329999996,5.429213744889694e-05,8,-71.92247827032244,-41.92247827032244,-52.780336650511806,-88.0357259010764,-84.6061240220711,-81.17652214306581,-74.31731838505522,-92.86236061544221,-59.03249684886653,3.530058827440113,13.718407516021188,27.17157390543473
2.0,2e4a7ef8ae258739,ok,noisy_sir_overfit_risk,sir,neural_ode_h2,70,infected,0.05,29,14,-27.56366679621086,-83.7611630443676,3.524332800690725e-05,7.820524203665957e-06,0,57.37593019999986,1.4668105841053602e-06,8,-55.761163044367606,-25.761163044367606,-36.61902142455697,-71.99275466305066,-68.5918910484602,-65.19102743386975,-58.38930020468882,-76.7713356128026,-41.52387913405988,3.4949137157824985,13.603454458361837,28.633829451945882
2.0,2e4a7ef8ae258739,ok,noisy_sir_overfit_risk,sir,neural_ode_h2,71,infected,0.05,29,14,-34.173636996836855,-94.41236579337965,4.8272461179981974e-05,2.328497776909055e-05,1,59.58996330000082,0.00015779114595204646,8,-66.41236579337965,-36.41236579337965,-47.27022417356901,-82.7329592646228,-79.47417283965144,-76.21538641468008,-69.69781356473734,-87.47540087051823,-55.312128293788255,3.468482461430707,13.035145699885454,26.06509179970594
2.0,2e4a7ef8ae258739,ok,noisy_sir_overfit_risk,sir,neural_ode_h2,72,infected,0.05,29,14,-26.12684001968374,-84.49526325124987,7.957616100235511e-05,1.2225599349037194e-05,2,59.37603740000122,0.005476246808434837,8,-56.49526325124987,-26.495263251249867,-37.35312163143923,-72.56845769935967,-69.02782508776643,-65.48719247617319,-58.40592725298671,-77.4113560722729,-38.09114959299452,3.5419535894884833,14.162530446372962,32.241583211882386
2.0,2e4a7ef8ae258739,ok,noisy_sir_overfit_risk,sir,neural_ode_h2,73,infected,0.05,29,14,-32.25005643860007,-88.89938954885511,5.701687611637111e-05,3.174022859927185e-06,4,57.66131080000014,0.0009000079697329966,8,-60.89938954885511,-30.899389548855112,-41.757247929044475,-77.52563439626664,-74.23543424467023,-70.94523409307382,-64.36483378988102,-82.14396577450015,-51.33931227081451,3.3777118871774805,13.160800606385626,24.399276671654967
2.0,2e4a7ef8ae258739,ok,noisy_sir_overfit_risk,sir,neural_ode_h2,74,infected,0.05,29,14,-35.07683301538384,-96.84726307812896,1.730030411118392e-05,4.371540138347303e-06,3,57.43831030000001,0.0006247011309667982,8,-68.84726307812896,-38.84726307812896,-49.705121458318324,-85.16508424754842,-81.76416698353873,-78.36324971952905,-71.56141519150968,-89.90865155101079,-56.54999697472894,3.469305763559081,13.603669056038742,26.693597047361287
2.0,2e4a7ef8ae258739,ok,noisy_sir_overfit_risk,sir,neural_ode_h2,75,infected,0.05,29,14,-29.954590930604446,-84.01005964441595,3.3619498202674026e-06,5.187351909134678e-06,2,57.39790560000074,2.1888293254335167e-05,8,-56.010059644415946,-26.010059644415946,-36.86791802460531,-72.49712368656455,-69.18334669317592,-65.86956969978729,-59.24201571301004,-77.17196965224699,-46.654073887654384,3.41904499608448,13.255107973554507,24.100877783207054
2.0,2e4a7ef8ae258739,ok,noisy_sir_overfit_risk,sir,neural_ode_h2,76,infected,0.05,29,14,-38.89901425404674,-102.0495655680929,3.7567585244472517e-06,4.405509475463752e-06,2,57.03944260000026,5.770882481215267e-06,8,-74.0495655680929,-44.0495655680929,-54.907423948282265,-90.46376932211425,-87.14988670951902,-83.83600409692382,-77.20823887173339,-95.16820032372992,-64.5424980577126,3.4406826221814915,13.255530450380867,24.251537059999425
2.0,2e4a7ef8ae258739,ok,noisy_sir_overfit_risk,sir,neural_ode_h2,77,infected,0.05,29,14,-37.64790515167622,-93.12406190751699,0.0010494568085868895,9.069722668550922e-06,1,57.414781700001186,4.3947636640950805e-09,8,-65.12406190751699,-35.12406190751699,-45.98192028770635,-82.98811000389179,-80.11921811535836,-77.25032622682494,-71.51254244975809,-87.1038294032253,-63.82024274921873,3.0101162521458398,11.475567554133711,17.82825160416455
2.0,2e4a7ef8ae258739,ok,noisy_sir_overfit_risk,sir,neural_ode_h2,78,infected,0.05,29,14,-32.799571202478425,-94.77040196292803,1.4865525434494656e-05,3.922174144753122e-06,4,56.0678513999992,7.250583436757552e-06,8,-66.77040196292803,-36.770401962928034,-47.6282603431174,-82.9833521167027,-79.58594752457043,-76.18854293243817,-69.39373374817363,-87.76950246294399,-52.00952403642778,3.500449749992023,13.589618368529074,29.171259557971183
2.0,2e4a7ef8ae258739,ok,noisy_sir_overfit_risk,sir,neural_ode_h2,79,infected,0.05,29,14,-30.89615106988837,-88.34576217338605,8.618258561692531e-07,4.289501302372631e-06,2,54.71129280000059,0.0010903980302501282,8,-60.34576217338605,-30.34576217338605,-41.20362055357541,-76.52715997815403,-73.10811639619052,-69.68907281422702,-62.85098565030001,-81.32612220591726,-48.116127811922716,3.509819983734394,13.67617432785402,26.553460033609312
2.0,605a73c198ec0795,ok,noisy_sir_overfit_risk,sir,seir,0,infected,0.05,29,3,-45.53732709859923,-92.33742584147029,7.236961347217528e-05,4.2378976000630995e-05,1,27.99071610000101,4.8821391374076484e-11,3,-86.33742584147029,-85.3774258414703,-82.23553835151087,-85.03910900736298,-81.84246706490039,-78.6458251224378,-72.25254123751263,-88.0026021713227,-78.2880864273481,2.167411835073792,12.786567769850356,1.262771644271842
2.0,605a73c198ec0795,ok,noisy_sir_overfit_risk,sir,seir,1,infected,0.05,29,3,-38.37685133456728,-80.17761623606216,6.9385711523785216e-06,2.9944807873350523e-05,4,29.01993439999933,4.0117242861015256e-11,3,-74.17761623606216,-73.21761623606217,-70.07572874610274,-71.53957920115492,-68.11021560921439,-64.68085201727386,-57.8221248333928,-75.0470678844836,-63.03624830137243,2.565274175789284,13.717454367762123,3.423913566927609
2.0,605a73c198ec0795,ok,noisy_sir_overfit_risk,sir,seir,2,infected,0.05,29,3,-53.365336501667215,-108.02235636340353,0.0002234313689109914,4.1725172409637285e-05,1,27.96131979999882,5.7127635955112055e-12,3,-102.02235636340353,-101.06235636340354,-97.92046887344411,-100.45333628185139,-97.29078972521107,-94.12824316857075,-87.80315005529009,-103.52674893019352,-94.08048677677313,2.2478037166050084,12.650186226561303,1.2916833600690953
2.0,605a73c198ec0795,ok,noisy_sir_overfit_risk,sir,seir,3,infected,0.05,29,3,-43.9803052478465,-90.13075290699265,2.846170777312442e-06,3.133456818923362e-05,0,27.88012300000082,1.8876988860938582e-10,3,-84.13075290699265,-83.17075290699266,-80.02886541703323,-80.46339197698134,-76.91276771811164,-73.36214345924193,-66.26089494150251,-84.38883926583203,-73.75811346021418,2.8709568205803118,14.202497035478824,2.1701424112996555
2.0,605a73c198ec0795,ok,noisy_sir_overfit_risk,sir,seir,4,infected,0.05,29,3,-43.479748184369555,-89.69641787854194,1.0949885649862577e-05,2.708142439330052e-05,0,28.235757500000545,1.4919265822754824e-10,3,-83.69641787854194,-82.73641787854194,-79.59453038858251,-79.97168484356636,-76.45002343929167,-72.92836203501696,-65.88503922646755,-83.92042816693134,-72.8728507516403,2.8879948558052977,14.086645617098807,2.736921509802831
2.0,605a73c198ec0795,ok,noisy_sir_overfit_risk,sir,seir,5,infected,0.05,29,3,-48.88037263695691,-99.92284365722395,2.3594843731001232e-05,7.545267725532281e-06,2,28.23577159999877,0.2494407930027549,3,-93.92284365722395,-92.96284365722396,-89.82095616726453,-90.27330989749768,-86.73152142722483,-83.18973295695199,-76.10615601640627,-94.19151843548659,-83.59359139282242,2.8656626108686813,14.167153881091407,2.162098383310123
2.0,605a73c198ec0795,ok,noisy_sir_overfit_risk,sir,seir,6,infected,0.05,29,3,-50.33733287944822,-101.92101479552667,7.946344388597074e-05,1.9507210559174996e-05,1,27.99732960000074,1.325872744928347e-11,3,-95.92101479552667,-94.96101479552668,-91.81912730556725,-94.50362217608743,-91.28965293619433,-88.07568369630123,-81.647745216515,-97.51546625216092,-87.81878879932401,2.2027742716828778,12.85587695957242,1.2463490366302314
2.0,605a73c198ec0795,ok,noisy_sir_overfit_risk,sir,seir,7,infected,0.05,29,3,-48.365069034580394,-97.98080603847048,0.00020292967166836903,4.20253797734059e-05,0,28.103153399999428,1.312372432948905e-11,3,-91.98080603847048,-91.02080603847048,-87.87891854851105,-90.524717233345,-87.36841463574417,-84.21211203814336,-77.89950684294172,-93.55227395719182,-84.1049276787575,2.2142660406393295,12.625210390403284,1.250667969309687
2.0,605a73c198ec0795,ok,noisy_sir_overfit_risk,sir,seir,8,infected,0.05,29,3,-38.649218923783344,-78.44797205305636,8.500323343674369e-06,4.0144378686697994e-05,3,28.59202980000009,2.830802259268239e-11,3,-72.44797205305636,-71.48797205305637,-68.34608456309694,-69.81536558962001,-66.48367851974426,-63.151991449868504,-56.488617310117,-73.32064918076152,-63.971689568063674,2.5636614361474197,13.326748279503015,1.1495342054896758
2.0,605a73c198ec0795,ok,noisy_sir_overfit_risk,sir,seir,9,infected,0.05,29,3,-49.08867074411416,-101.73713732734996,3.613878599685439e-05,1.830861261607522e-05,3,27.79653049999979,3.9811709484638413e-11,3,-95.73713732734996,-94.77713732734996,-91.63524983739053,-91.96976232191301,-88.46838071510908,-84.96699910830515,-77.96423589469728,-95.935820485238,-84.1718150610126,2.9006584210559785,14.00552642721573,3.559795839121638
2.0,605a73c198ec0795,ok,noisy_sir_overfit_risk,sir,seir,10,infected,0.05,29,3,-49.599089978171044,-101.7424267918029,6.812155445142498e-05,3.4163580741806855e-05,1,28.078006699999605,1.1517897746671224e-11,3,-95.7424267918029,-94.7824267918029,-91.64053930184348,-92.00501498445138,-88.43372071966185,-84.86242645487232,-77.71983792529326,-95.95890654351474,-84.91300289718397,2.891760124144078,14.285177059158116,2.5442468354608074
2.0,605a73c198ec0795,ok,noisy_sir_overfit_risk,sir,seir,11,infected,0.05,29,3,-47.00736220425011,-98.70601663148258,7.752425699877876e-05,1.8213943898402547e-05,3,27.83786879999934,2.3342314863259332,3,-92.70601663148258,-91.74601663148259,-88.60412914152316,-88.91900704711364,-85.44080200724459,-81.96259696737555,-75.00618688763745,-92.89303786245756,-80.10190424902402,2.9064893845125135,13.91282015947619,4.691292222982368
2.0,605a73c198ec0795,ok,noisy_sir_overfit_risk,sir,seir,12,infected,0.05,29,3,-41.19093277142794,-84.59876268408715,1.0793418911363935e-06,3.40456661595223e-05,0,28.630848300001162,0.25849857777267715,3,-78.59876268408715,-77.63876268408715,-74.49687519412772,-74.92513564251203,-71.38455205933045,-67.84396847614886,-60.7628013097857,-78.85312729593417,-68.21953121012955,2.8728176940764887,14.162334332726331,2.2168971412312737
2.0,605a73c198ec0795,ok,noisy_sir_overfit_risk,sir,seir,13,infected,0.05,29,3,-44.951805199879786,-91.55964104968507,8.557076265675667e-05,2.653590286335618e-05,2,27.979591100000107,2.2296831048151944e-11,3,-85.55964104968507,-84.59964104968508,-81.45775355972565,-82.21658490214372,-78.77255315288693,-75.32852140363013,-68.44045790511656,-86.01034771802144,-76.12748340273241,2.7746466658318147,13.776126997027163,1.656030649925502
2.0,605a73c198ec0795,ok,noisy_sir_overfit_risk,sir,seir,14,infected,0.05,29,3,-53.687558620568204,-108.720001356945,0.0002617296238166308,3.741923423682521e-05,1,28.163891899999726,4.7208459363901056e-11,3,-102.720001356945,-101.76000135694501,-98.61811386698558,-100.77003032663444,-97.58711965626203,-94.40420898588962,-88.0383876451448,-103.99812871390937,-94.64347455964676,2.3609363215178223,12.731642681489646,1.3448841158085973
2.0,605a73c198ec0795,ok,noisy_sir_overfit_risk,sir,seir,15,infected,0.05,29,3,-40.42713669229695,-82.39415830076027,4.341524506370538e-05,3.9557755364265346e-05,2,29.82329899999968,2.7768010113504715e-11,3,-76.39415830076027,-75.43415830076027,-72.29227081080084,-73.07682311122451,-69.6383882758991,-66.1999534405737,-59.323083769922874,-76.8601418911755,-67.10053404329226,2.7670082047923827,13.753739341301635,1.5398849161663788
2.0,605a73c198ec0795,ok,noisy_sir_overfit_risk,sir,seir,16,infected,0.05,29,3,-45.17664277671681,-91.58396293593162,4.042311723549913e-05,2.3299981123896528e-05,3,27.95491149999907,4.278177812011563e-11,3,-85.58396293593162,-84.62396293593163,-81.4820754459722,-82.81069302997258,-79.4782271167237,-76.14576120347482,-69.48082937697707,-86.37309323578158,-77.02342190043811,2.605434850075018,13.329863652995513,1.230677382498007
2.0,605a73c198ec0795,ok,noisy_sir_overfit_risk,sir,seir,17,infected,0.05,29,3,-46.15430457686667,-96.48475458873754,4.652257771604905e-05,2.305283529661705e-05,1,28.420849199999793,2.1731239030486904e-10,3,-90.48475458873754,-89.52475458873755,-86.38286709877812,-86.74721417037814,-83.34912901046607,-79.951043850554,-73.15487353072984,-90.70115795214592,-78.71626851408504,2.891798318295815,13.592340639648295,4.176145435004206
2.0,605a73c198ec0795,ok,noisy_sir_overfit_risk,sir,seir,18,infected,0.05,29,3,-44.067389714616056,-90.32734621929043,6.582650611959814e-06,3.384884426438368e-05,2,28.183448799998587,1.0008555020135432,3,-84.32734621929043,-83.36734621929044,-80.22545872933101,-80.6679364154585,-77.15353484466712,-73.63913327387574,-66.610330132293,-84.5901551368718,-74.0771731460666,2.8685955412093187,14.057606283165505,2.1925667900583234
2.0,605a73c198ec0795,ok,noisy_sir_overfit_risk,sir,seir,19,infected,0.05,29,3,-48.28648742481457,-99.48625000192122,6.361227914018153e-06,9.640189049759887e-06,4,28.263207600000896,7.072031849020277e-11,3,-93.48625000192122,-92.52625000192123,-89.3843625119618,-89.74274546932833,-86.21756942521644,-82.69239338110457,-75.64204129288079,-93.69911098917103,-82.4722706731816,2.8935695063750977,14.100704176447534,2.913275152292086
2.0,605a73c198ec0795,ok,noisy_sir_overfit_risk,sir,seir,20,infected,0.05,29,3,-47.5627514091251,-97.48220224240298,7.594484196820072e-07,3.092908342513662e-05,3,27.964860000000044,0.5306276741381595,3,-91.48220224240298,-90.52220224240298,-87.38031475244355,-87.76980998430136,-84.17238621490478,-80.57496244550819,-73.38011490671502,-91.71354231557936,-80.73580774066386,2.884329963411807,14.389695077586346,2.356699424152781
2.0,605a73c198ec0795,ok,noisy_sir_overfit_risk,sir,seir,21,infected,0.05,29,3,-48.92035240202267,-99.01877296802375,0.00016840074233179356,2.181148835865493e-05,4,28.136735399999452,3.254285729781259e-12,3,-93.01877296802375,-92.05877296802376,-88.91688547806433,-91.54526483995646,-88.38733937335567,-85.22941390675489,-78.91356297355331,-94.57989470760235,-85.2090029376422,2.2194391302107004,12.631701866403144,1.1780681639784023
2.0,605a73c198ec0795,ok,noisy_sir_overfit_risk,sir,seir,22,infected,0.05,29,3,-45.59964712588957,-93.50249682012003,1.021728618676198e-05,2.3764706427739932e-05,0,28.8480385999992,7.435119186993688e-11,3,-87.50249682012003,-86.54249682012004,-83.4006093301606,-83.80028144719246,-80.2388361278098,-76.67739080842715,-69.55450016966185,-87.73988143805154,-76.95351297424853,2.8813076910342463,14.245781277530618,2.303202568340897
2.0,605a73c198ec0795,ok,noisy_sir_overfit_risk,sir,seir,23,infected,0.05,29,3,-48.31039806130262,-98.4334226014515,1.2027954554382522e-06,3.316001874692918e-05,2,28.417612900000677,3.1720759352538153e-10,3,-92.4334226014515,-91.4734226014515,-88.33153511149207,-88.86268222560786,-85.33538780989088,-81.8080933941739,-74.75350456273995,-92.748896584691,-82.51161845973733,2.8422630083802525,14.10917766286791,1.8126264788462612
2.0,605a73c198ec0795,ok,noisy_sir_overfit_risk,sir,seir,24,infected,0.05,29,3,-50.218907036216976,-102.52121658688826,0.00010032042178635186,3.060354796788407e-05,1,28.42373090000001,1.5373302630905528e-10,3,-96.52121658688826,-95.56121658688826,-92.41932909692883,-92.96534235826917,-89.52894958176284,-86.09255680525652,-79.21977125224387,-96.84552029461597,-86.69224296640866,2.837848146136146,13.745571106025299,2.0834025144543133
2.0,605a73c198ec0795,ok,noisy_sir_overfit_risk,sir,seir,25,infected,0.05,29,3,-37.204793083216906,-77.37352127529442,8.678234305461149e-06,2.4730671112518655e-05,2,27.93320820000008,9.15179043659009e-12,3,-71.37352127529442,-70.41352127529443,-67.271633785335,-68.70955167843442,-65.29004723818711,-61.8705427979398,-55.03153391744518,-72.22757031980929,-60.73156840544457,2.572975477742565,13.678017760989244,2.963935108860609
2.0,605a73c198ec0795,ok,noisy_sir_overfit_risk,sir,seir,26,infected,0.05,29,3,-45.92494831044897,-92.95259879466367,9.990285448747671e-05,1.4017946709024554e-05,0,28.63089190000028,4.945377440890297e-11,3,-86.95259879466367,-85.99259879466368,-82.85071130470425,-85.43617427532534,-82.243459782649,-79.05074528997264,-72.66531630461995,-88.48823041193769,-79.07903865019253,2.2321841913629923,12.7708579707054,1.102702173765732
2.0,605a73c198ec0795,ok,noisy_sir_overfit_risk,sir,seir,27,infected,0.05,29,3,-39.05892625161975,-80.73834108310258,9.561877227612119e-05,3.293533634995606e-05,3,29.09292699999969,1.5608477481789365,3,-74.73834108310258,-73.77834108310259,-70.63645359314316,-71.05412826537722,-67.56838385374351,-64.08263944210981,-57.1111506188424,-74.98641829004981,-64.17487485670469,2.8759613965263826,13.942977646534812,2.620488579863079
2.0,605a73c198ec0795,ok,noisy_sir_overfit_risk,sir,seir,28,infected,0.05,29,3,-45.142090064472804,-93.01647731107806,4.366897762893387e-06,3.248245309254541e-05,1,27.745048799999495,1.2520462353950492,3,-87.01647731107806,-86.05647731107807,-82.91458982111864,-83.27893742228568,-79.73103587224537,-76.18313432220505,-69.08733122212443,-87.23288098902192,-76.09257392878436,2.891798161028073,14.19160620016125,2.7322971821324527
2.0,605a73c198ec0795,ok,noisy_sir_overfit_risk,sir,seir,29,infected,0.05,29,3,-45.95022782405697,-93.94289581614102,7.308269870258867e-05,2.644809695252871e-05,3,28.270257700000002,2.4080293314909795e-11,3,-87.94289581614102,-86.98289581614102,-83.8410083261816,-85.31494211195879,-81.9309903657963,-78.54703861963381,-71.77913512730883,-88.81833644280144,-78.36464866346398,2.562279686669791,13.535806984649952,2.042440168027078
2.0,605a73c198ec0795,ok,noisy_sir_overfit_risk,sir,seir,30,infected,0.05,29,3,-43.5147760188248,-89.87199230915121,3.6140888437576487e-07,2.4912525136991686e-05,3,28.691207399999257,3.586819730116986e-11,3,-83.87199230915121,-82.91199230915122,-79.77010481919179,-80.13125536073767,-76.5996683361821,-73.06808131162653,-66.00490726251539,-84.08649709862041,-72.90320393942731,2.8927476052654013,14.126348098222278,2.84244027150162
2.0,605a73c198ec0795,ok,noisy_sir_overfit_risk,sir,seir,31,infected,0.05,29,3,-37.41121285735993,-77.64848912966345,1.582850858050638e-06,3.912385931793073e-06,1,27.972216299998763,1.7156406674524618,3,-71.64848912966345,-70.68848912966345,-67.54660163970402,-67.92105100070604,-64.41325165071318,-60.90545230072031,-53.889853600734575,-71.87089273178682,-60.79122831474839,2.888798198938307,14.031197399971468,2.826063414943589
2.0,605a73c198ec0795,ok,noisy_sir_overfit_risk,sir,seir,32,infected,0.05,29,3,-47.001210216995325,-95.18515009328837,0.00010230448364304955,2.0238312989288138e-05,0,27.93308210000032,4.622791038855212e-11,3,-89.18515009328837,-88.22515009328838,-85.08326260332895,-88.10439422043498,-84.93879469841904,-81.7731951764031,-75.44199613237123,-90.97954640988296,-81.3400223459269,2.102801841702704,12.662398088063755,1.1827296592977214
2.0,605a73c198ec0795,ok,noisy_sir_overfit_risk,sir,seir,33,infected,0.05,29,3,-48.903725754477485,-99.186687003666,0.00016755957613932992,1.8163956437877244e-05,1,28.42276999999922,2.575006874394603e-11,3,-93.186687003666,-92.226687003666,-89.08479951370657,-91.63218681123179,-88.43911508797,-85.24604336470821,-78.85989991818462,-94.69970363549275,-85.0351646159078,2.2434916840866195,12.772286893047166,1.3792354947110228
2.0,605a73c198ec0795,ok,noisy_sir_overfit_risk,sir,seir,34,infected,0.05,29,3,-47.266509393343,-97.25342518760327,8.923226469167776e-06,3.15279949671497e-05,2,28.184297899999365,2.085442929455894e-11,3,-91.25342518760327,-90.29342518760328,-87.15153769764385,-87.50133580535845,-83.92636593124122,-80.35139605712399,-73.20145630888953,-91.46118721706297,-80.23313929021708,2.896118985270147,14.299879496468918,2.720406400917271
2.0,605a73c198ec0795,ok,noisy_sir_overfit_risk,sir,seir,35,infected,0.05,29,3,-43.73080839024758,-91.52282173144562,4.2881867228112664e-05,2.608034919282112e-05,3,27.882292500000403,1.453415165997285e-10,3,-85.52282173144562,-84.56282173144562,-81.4209342414862,-81.74340760576587,-78.25356042077405,-74.76371323578223,-67.7840188657986,-85.71435427302274,-73.5022280405279,2.9042337292114393,13.959388739967267,4.061204950950449
2.0,605a73c198ec0795,ok,noisy_sir_overfit_risk,sir,seir,36,infected,0.05,29,3,-48.08391838392083,-98.4678154896331,4.017292786652045e-05,2.4422781403329585e-05,0,27.942598600000565,6.683364972559502e-11,3,-92.4678154896331,-91.5078154896331,-88.36592799967367,-88.79319351978735,-85.28251423519166,-81.77183495059595,-74.75047638140455,-92.72158916541697,-82.12511962945885,2.873113162108065,14.042717138382805,2.299978721791435
2.0,605a73c198ec0795,ok,noisy_sir_overfit_risk,sir,seir,37,infected,0.05,29,3,-45.54421317923105,-94.3929914554894,5.906132119870041e-05,1.4909487234584577e-05,3,29.666479299999992,1.2714180342907113,3,-88.3929914554894,-87.4329914554894,-84.29110396552997,-84.62587159744916,-81.09958984666973,-77.5733080958903,-70.52074459433143,-88.59182615776771,-76.98329935534437,2.900582648860843,14.105127003117726,3.304565097027292
2.0,605a73c198ec0795,ok,noisy_sir_overfit_risk,sir,seir,38,infected,0.05,29,3,-45.856832475956644,-92.93722065713146,8.459432810750044e-05,1.810153119283656e-05,3,28.500251900000876,1.1333156635373598e-11,3,-86.93722065713146,-85.97722065713147,-82.83533316717204,-84.40372233496926,-81.11988373656395,-77.83604513815865,-71.26836794134803,-87.86876290764025,-78.57831055829206,2.534228874745609,13.135354393621224,1.2235557052181716
2.0,605a73c198ec0795,ok,noisy_sir_overfit_risk,sir,seir,39,infected,0.05,29,3,-40.03942491656243,-82.2130808525256,4.985971506287184e-06,2.2384267829971093e-05,3,28.495221199998923,0.8183066670261354,3,-76.2130808525256,-75.2530808525256,-72.11119336256617,-72.60871361980955,-69.15178406365644,-65.69485450750334,-58.78099539519711,-76.50858221763457,-66.25113160851242,2.852249317445513,13.827718224612438,2.134231019400726
2.0,605a73c198ec0795,ok,noisy_sir_overfit_risk,sir,seir,40,infected,0.05,29,3,-49.59124296443399,-101.6733991515987,2.6236506160424893e-06,2.3679454657807837e-05,4,27.661702199999127,1.2295231499592774e-10,3,-95.6733991515987,-94.71339915159871,-91.57151166163928,-91.93338608156873,-88.32066116638872,-84.7079362512087,-77.48248642084867,-95.88833388748195,-84.73158626814792,2.8925326320583755,14.450899660720058,2.490913222730728
2.0,605a73c198ec0795,ok,noisy_sir_overfit_risk,sir,seir,41,infected,0.05,29,3,-44.760147660683614,-91.74559586954669,1.0124854622160766e-05,2.8863616063051042e-05,1,28.30332180000005,9.686118573881686e-11,3,-85.74559586954669,-84.7855958695467,-81.64370837958727,-82.04497671505536,-78.45954934082846,-74.87412196660156,-67.70326721814777,-85.9839285588784,-75.17858582445965,2.88083365533414,14.34170949690758,2.2253005481794665
2.0,605a73c198ec0795,ok,noisy_sir_overfit_risk,sir,seir,42,infected,0.05,29,3,-44.76912538912123,-90.61648826367627,4.637708394231353e-05,4.0214307859072434e-05,0,27.10845380000137,1.808899696698063e-10,3,-84.61648826367627,-83.65648826367628,-80.51460077371685,-83.25497147239464,-80.06603573415512,-76.8770999959156,-70.49922851943654,-86.24412707953215,-76.78250782528436,2.1861805920720654,12.755742952958098,1.0782374854338193
2.0,605a73c198ec0795,ok,noisy_sir_overfit_risk,sir,seir,43,infected,0.05,29,3,-46.161414418827896,-93.45472577261197,0.00010783763210801844,2.6808652116478074e-05,3,27.96954480000022,1.8741275198408403e-10,3,-87.45472577261197,-86.49472577261197,-83.35283828265254,-86.37230567721124,-83.21540583812035,-80.05850599902944,-73.74470632084763,-89.24813362687277,-79.69522948129217,2.1032960728695986,12.627599356363618,1.131896934956177
2.0,605a73c198ec0795,ok,noisy_sir_overfit_risk,sir,seir,44,infected,0.05,29,3,-42.06082490840378,-86.02745217885841,3.906313021490614e-05,2.90944552291677e-05,0,28.655238600000303,3.540634452292579e-11,3,-80.02745217885841,-79.06745217885842,-75.92556468889899,-77.42175771767445,-74.02968004537216,-70.63760237306988,-63.85344702846531,-80.91611364747757,-70.55333912759842,2.5556692656904225,13.568310689209145,1.905802362050854
2.0,605a73c198ec0795,ok,noisy_sir_overfit_risk,sir,seir,45,infected,0.05,29,3,-44.75266242783565,-93.86350924483719,4.477422880722102e-05,4.5209005445226674e-05,3,28.04302269999971,9.22426579563762e-11,3,-87.86350924483719,-86.9035092448372,-83.76162175487777,-85.4276804200627,-82.05042418594172,-78.67316795182076,-71.91865548357882,-88.8530621379025,-75.99629991918742,2.505223553467347,13.509024936483886,4.358184389165891
2.0,605a73c198ec0795,ok,noisy_sir_overfit_risk,sir,seir,46,infected,0.05,29,3,-39.583982119580924,-81.89516888756913,2.2597474592970803e-06,8.525964008534995e-06,1,28.32351059999928,1.084998757505673e-11,3,-75.89516888756913,-74.93516888756913,-71.7932813976097,-72.15388126736177,-68.60257519185451,-65.05126911634726,-57.94865696533275,-76.10934660640264,-64.96273993713282,2.8929111405832413,14.205224302029018,2.7272046484072794
2.0,605a73c198ec0795,ok,noisy_sir_overfit_risk,sir,seir,47,infected,0.05,29,3,-48.31463498848137,-98.87834139643803,4.880195474343241e-06,3.381938050132181e-05,3,28.230516600000556,0.009085074492695355,3,-92.87834139643803,-91.91834139643804,-88.77645390647861,-89.20481863310712,-85.66911644287819,-82.13341425264925,-75.06200987219137,-93.13276794418228,-82.48646121604699,2.8727867261278797,14.142808760915754,2.2490714194752837
2.0,605a73c198ec0795,ok,noisy_sir_overfit_risk,sir,seir,48,infected,0.05,29,3,-48.03420809496043,-98.33685963451279,1.6268379827862753e-05,1.8176040033637487e-05,0,27.8767687999989,2.0602186623364105e-10,3,-92.33685963451279,-91.3768596345128,-88.23497214455337,-88.66387979101995,-85.12488024664717,-81.58588070227437,-74.50788161352878,-92.59160864863092,-81.91241801242968,2.872625492940932,14.155998177491167,2.268443444591937
2.0,605a73c198ec0795,ok,noisy_sir_overfit_risk,sir,seir,49,infected,0.05,29,3,-51.83062174448681,-107.72318502863297,3.2259147037680436e-05,2.4542402815911008e-05,2,27.844736700000794,3.419131644477602e-10,3,-101.72318502863297,-100.76318502863298,-97.62129753867355,-97.94100716344718,-94.45017174547586,-90.95933632750453,-83.97766549156186,-101.9130760515283,-89.69790181708831,2.9050544885523406,13.963341671885312,4.061941539659344
2.0,605a73c198ec0795,ok,noisy_sir_overfit_risk,sir,seir,50,infected,0.05,29,3,-50.09337626577855,-101.33328657595231,5.124474861571734e-06,2.1682459857678768e-05,0,28.36837259999993,5.240963218966499e-11,3,-95.33328657595231,-94.37328657595232,-91.23139908599289,-93.16136121068924,-89.86896896320181,-86.57657671571437,-79.9917922207395,-96.47958450885719,-87.01718354160737,2.426851033547563,13.169568989949738,1.1465340443952077
2.0,605a73c198ec0795,ok,noisy_sir_overfit_risk,sir,seir,51,infected,0.05,29,3,-48.1676137597942,-98.33734681383702,3.6794572570787175e-07,2.983648009698901e-05,3,29.273340699999608,3.979039320256561e-12,3,-92.33734681383702,-91.37734681383702,-88.23545932387759,-89.65178582059163,-86.22216880942497,-82.79255179825833,-75.93331777592503,-93.17857168282616,-82.6167594749218,2.5793875655054275,13.718468044666594,2.0021192942486086
2.0,605a73c198ec0795,ok,noisy_sir_overfit_risk,sir,seir,52,infected,0.05,29,3,-47.5036154052939,-96.77484079324009,6.704601839405863e-06,2.59631512600725e-05,3,27.782121800000823,6.957634468562901e-11,3,-90.77484079324009,-89.8148407932401,-86.67295330328066,-87.23889762835562,-83.7270785079029,-80.21525938745019,-73.19162114654478,-91.11098252455761,-80.95995432877696,2.831929134341241,14.047276481810844,1.7676099826522866
2.0,605a73c198ec0795,ok,noisy_sir_overfit_risk,sir,seir,53,infected,0.05,29,3,-39.306619627753946,-80.40389252142826,0.00011049845694964914,2.291149209209299e-05,4,28.116534500000853,2.5835333872237243e-11,3,-74.40389252142826,-73.44389252142827,-70.30200503146884,-71.91472119760192,-68.56663549152069,-65.21854978543946,-58.522378373277,-75.36176272206315,-65.22089643118298,2.521064899682556,13.39234282432492,1.7906532659203636
2.0,605a73c198ec0795,ok,noisy_sir_overfit_risk,sir,seir,54,infected,0.05,29,3,-47.426980706839345,-96.2634043286556,6.775649176149431e-05,2.6898012761533847e-05,0,28.581470799999806,5.542233338928781e-13,3,-90.2634043286556,-89.3034043286556,-86.16151683869617,-88.5279742767249,-85.26454627719266,-82.00111827766044,-75.47426227859597,-91.66895795833965,-81.80024941554976,2.297223185157976,13.053711998128932,1.409442914976901
2.0,605a73c198ec0795,ok,noisy_sir_overfit_risk,sir,seir,55,infected,0.05,29,3,-41.35722315439573,-84.54842449032401,3.4788256374747677e-06,7.93420346086208e-06,4,27.823626200000945,4.0245140553452075e-11,3,-78.54842449032401,-77.58842449032402,-74.44653700036459,-74.95679611317574,-71.4227725252231,-67.88874893727046,-60.82070176136518,-78.85149207842672,-68.5783519569809,2.8484662059486463,14.136094351810563,1.833978181532539
2.0,605a73c198ec0795,ok,noisy_sir_overfit_risk,sir,seir,56,infected,0.05,29,3,-47.002479124233346,-97.23236043732615,4.765345686317794e-06,1.6852920815635564e-05,4,28.02119709999897,2.3133850390877342e-10,3,-91.23236043732615,-90.27236043732616,-87.13047294736673,-87.47738900860841,-83.96918518828907,-80.46098136796975,-73.44457372733108,-91.43841067986934,-79.97214296718936,2.8969748787284093,14.032815281277331,3.227402188859452
2.0,605a73c198ec0795,ok,noisy_sir_overfit_risk,sir,seir,57,infected,0.05,29,3,-41.3044769050549,-85.10494277857538,2.2564161079433096e-05,2.21865427759796e-05,3,28.37911140000142,0.5632214025041122,3,-79.10494277857538,-78.14494277857538,-75.00305528861595,-75.43475296373423,-71.96118402141559,-68.48761507909695,-61.54047719445968,-79.36134892577154,-68.71467804083525,2.8717969264019176,13.894275769274543,2.495988968465578
2.0,605a73c198ec0795,ok,noisy_sir_overfit_risk,sir,seir,58,infected,0.05,29,3,-45.163643218517976,-92.21632946289319,8.869041314793284e-05,1.8318856934471263e-06,1,28.40542590000041,1.1902301366717438e-10,3,-86.21632946289319,-85.25632946289319,-82.11444197293376,-82.70856992965577,-79.25374387989609,-75.79891783013642,-68.88926573061707,-86.56921081738017,-76.50798223799725,2.823559322756508,13.81930419903869,1.8890430258572355
2.0,605a73c198ec0795,ok,noisy_sir_overfit_risk,sir,seir,59,infected,0.05,29,3,-42.64291768378774,-86.49858205838171,4.686359998883521e-05,2.3417914295999282e-05,2,27.677634599998783,4.710898338089464e-11,3,-80.49858205838171,-79.53858205838172,-76.39669456842229,-79.36500887911524,-76.1673188682389,-72.96962885736255,-66.57424883560985,-82.26160761987796,-72.4950753240701,2.118487219251874,12.790760043505387,1.2127466908062345
2.0,605a73c198ec0795,ok,noisy_sir_overfit_risk,sir,seir,60,infected,0.05,29,3,-46.235570798923106,-93.67155383405267,5.396611952542029e-05,3.1613555360006555e-05,0,27.571121899998616,1.0594192190183094e-11,3,-87.67155383405267,-86.71155383405268,-83.56966634409325,-86.4204757079791,-83.22567814758648,-80.03088058719385,-73.6412854664086,-89.36478751937298,-79.69195135627572,2.1533831573398468,12.779190241570484,1.2004122362064613
2.0,605a73c198ec0795,ok,noisy_sir_overfit_risk,sir,seir,61,infected,0.05,29,3,-38.397717709132976,-78.04095885633834,8.526403195426789e-05,2.9057313849334003e-05,0,28.247505499999534,2.523847797419876e-11,3,-72.04095885633834,-71.08095885633834,-67.93907136637891,-69.61221582212914,-66.33109626679321,-63.04997671145727,-56.487737600785394,-73.03472034343461,-63.6709571969222,2.5031192564518605,13.124478221343752,1.2455234380723796
2.0,605a73c198ec0795,ok,noisy_sir_overfit_risk,sir,seir,62,infected,0.05,29,3,-45.698001228197974,-92.80445559453526,0.00021078840550804297,4.1260485269310976e-05,4,28.583536100000856,3.326050546093029e-11,3,-86.80445559453526,-85.84445559453526,-82.70256810457583,-84.78269714812586,-81.54813434182292,-78.31357153551996,-71.84444592291406,-88.03994492993968,-78.45775123118415,2.382255332297791,12.938251225211802,1.4084531381393057
2.0,605a73c198ec0795,ok,noisy_sir_overfit_risk,sir,seir,63,infected,0.05,29,3,-45.81683553268106,-92.75567761896912,0.00013478514310234386,3.0472222712375132e-05,3,28.42786410000008,1.6157741811184678e-11,3,-86.75567761896912,-85.79567761896912,-82.65379012900969,-84.68988166024434,-81.50057013209967,-78.311258603955,-71.93263554766565,-87.96501094400865,-78.87642495278344,2.395333337480232,12.757246112578681,1.1220065536069952
2.0,605a73c198ec0795,ok,noisy_sir_overfit_risk,sir,seir,64,infected,0.05,29,3,-49.655183050659346,-101.71318639756677,3.966907075243357e-06,1.4229078450142397e-05,3,27.907164500000363,1.0507236922376109,3,-95.71318639756677,-94.75318639756678,-91.61129890760735,-92.01675211263021,-88.48104393089802,-84.94533574916585,-77.87391938570147,-95.95400468351137,-85.16753337438995,2.8795908570277025,14.14283272692874,2.402820296248087
2.0,605a73c198ec0795,ok,noisy_sir_overfit_risk,sir,seir,65,infected,0.05,29,3,-48.157768245326764,-98.59169696003705,7.338267607667433e-06,9.336109936025965e-07,3,27.750728700000764,2.07037942345778e-10,3,-92.59169696003705,-91.63169696003706,-88.48980947007763,-88.91948228714976,-85.3932403461583,-81.86699840516684,-74.8145145231839,-92.84690044601876,-82.21056872668768,2.8723982570091415,14.104967763965853,2.2761604693835293
2.0,605a73c198ec0795,ok,noisy_sir_overfit_risk,sir,seir,66,infected,0.05,29,3,-50.71951103859161,-102.43761935127007,4.524071679291082e-05,1.9395143015970496e-05,3,27.5764278000006,4.1595171751396265e-11,3,-96.43761935127007,-95.47761935127008,-92.33573186131065,-94.88560572451709,-91.70151819226527,-88.51743066001346,-82.14925559550981,-97.95211287482644,-88.70267194817595,2.2427532382218165,12.736350129007274,0.9985972740868511
2.0,605a73c198ec0795,ok,noisy_sir_overfit_risk,sir,seir,67,infected,0.05,29,3,-46.34754842265419,-93.97596415705456,1.5192035032893102e-05,2.2899119536536382e-05,1,28.469643099999303,1.5504042494285386e-11,3,-87.97596415705456,-87.01596415705457,-83.87407666709514,-85.02062679156704,-81.63721267899544,-78.25379856642384,-71.48697034128065,-88.65695577903303,-79.161440395022,2.6595041890107707,13.533656450286388,1.2808673117461848
2.0,605a73c198ec0795,ok,noisy_sir_overfit_risk,sir,seir,68,infected,0.05,29,3,-43.22303748323915,-88.30316009009546,7.67076016222279e-05,2.4167362204659004e-05,1,28.15360729999884,0.022343516581955214,3,-82.30316009009546,-81.34316009009547,-78.20127260013604,-79.88894445726018,-76.5264105806859,-73.16387670411163,-66.43880895096308,-83.305550104121,-72.9959394601812,2.498804992987231,13.450135506297103,1.85708512361716
2.0,605a73c198ec0795,ok,noisy_sir_overfit_risk,sir,seir,69,infected,0.05,29,3,-50.79104804915794,-103.28681134151086,4.443371320221795e-05,3.147680368893093e-05,0,30.047220200000083,3.964828465541359e-11,3,-97.28681134151086,-96.32681134151086,-93.18492385155143,-94.8186637528378,-91.45045534469315,-88.08224693654851,-81.34583012025924,-98.25716855618595,-88.10926246573733,2.514821392662454,13.47283363257856,1.7047152431949686
2.0,605a73c198ec0795,ok,noisy_sir_overfit_risk,sir,seir,70,infected,0.05,29,3,-42.3124646323284,-87.41180178313985,4.439852478434811e-06,3.177955742097765e-05,1,28.329566299998987,2.205808868893655e-10,3,-81.41180178313985,-80.45180178313986,-77.30991429318043,-77.70228360869783,-74.21905716234676,-70.7358307159957,-63.76937782329358,-81.64484891373246,-70.69202347925255,2.883476434703695,13.932905785404245,2.786872518483052
2.0,605a73c198ec0795,ok,noisy_sir_overfit_risk,sir,seir,71,infected,0.05,29,3,-48.64882454265743,-98.45910205313123,0.00016069144916793155,1.440299419743171e-05,1,28.047814100000323,9.592326932761353e-12,3,-92.45910205313123,-91.49910205313124,-88.35721456317181,-91.38298066002622,-88.24287576657785,-85.10277087312947,-78.82256108623274,-94.25625101159774,-84.73722951152138,2.1014255207667443,12.560419573793485,1.1614529678163696
2.0,605a73c198ec0795,ok,noisy_sir_overfit_risk,sir,seir,72,infected,0.05,29,3,-43.39320337706259,-89.31554614274586,6.719152488667037e-07,1.8316395559613014e-05,4,27.68728099999862,8.108003157758503e-11,3,-83.31554614274586,-82.35554614274587,-79.21365865278644,-79.6107329443932,-76.09217056987337,-72.57360819535354,-65.53648344631388,-83.55138778639994,-72.71215725604586,2.882079178172961,14.074249498079324,2.529139388620684
2.0,605a73c198ec0795,ok,noisy_sir_overfit_risk,sir,seir,73,infected,0.05,29,3,-48.06671659123357,-99.62865044870856,4.126066014236457e-05,3.112323817291908e-05,0,28.094482999998945,1.8253132338941214e-10,3,-93.62865044870856,-92.66865044870856,-89.52676295874913,-89.84702292813262,-86.30858160580752,-82.77014028348242,-75.69325763883221,-93.81886834790916,-81.97966789316673,2.9048910503997005,14.153765289300408,3.495217266241413
2.0,605a73c198ec0795,ok,noisy_sir_overfit_risk,sir,seir,74,infected,0.05,29,3,-49.56721635881606,-101.67592453200481,1.1190044584351152e-05,1.8864199967750035e-05,0,29.15216379999947,0.9707265451725036,3,-95.67592453200481,-94.71592453200482,-91.57403704204539,-91.96970218564242,-88.4446207988455,-84.91953941204858,-77.86937663845475,-95.91092921444081,-85.03410717044446,2.882497658781999,14.100325547187666,2.5414918143726974
2.0,605a73c198ec0795,ok,noisy_sir_overfit_risk,sir,seir,75,infected,0.05,29,3,-42.57232758005873,-88.22223657073822,4.237016841067081e-06,3.211685614086618e-05,3,28.117968100001235,0.9639253587116983,3,-82.22223657073822,-81.26223657073822,-78.1203490807788,-78.45352174779777,-74.89207686999,-71.33063199218223,-64.2077422365667,-82.42012394615205,-70.8988756488864,2.901056312293087,14.245779511231063,3.077581410620755
2.0,605a73c198ec0795,ok,noisy_sir_overfit_risk,sir,seir,76,infected,0.05,29,3,-49.78937897125811,-102.73712426684831,4.739075532988276e-05,4.373874196737028e-05,1,28.060731000001397,1.2115464187445468e-10,3,-96.73712426684831,-95.77712426684832,-92.63523677688889,-94.06717998941802,-90.65177009797391,-87.23636020652981,-80.40554042364158,-97.58762465934569,-85.91711837673978,2.5747498037513123,13.661639565776433,3.158366324332099
2.0,605a73c198ec0795,ok,noisy_sir_overfit_risk,sir,seir,77,infected,0.05,29,3,-49.985547337133944,-104.70583144773177,0.0005874652940945499,1.850464144914488e-05,4,27.59134240000094,3.9565563196479516,3,-98.70583144773177,-97.74583144773177,-94.60394395777234,-94.91645083280608,-91.4161863813031,-87.91592192980015,-80.9153930267942,-98.89144440888047,-85.97003686825602,2.9071935194256486,14.00105780601187,4.734736773463884
2.0,605a73c198ec0795,ok,noisy_sir_overfit_risk,sir,seir,78,infected,0.05,29,3,-50.46301119382222,-102.282553648543,0.0001343816775131035,3.843572357806448e-05,3,28.258772100001806,2.7426949600339867e-12,3,-96.282553648543,-95.322553648543,-92.18066615858358,-93.38566906191747,-90.08134892734711,-86.77702879277675,-80.16838852363603,-96.99826320551337,-87.708741849363,2.6421452215148165,13.21728053828144,1.35653126089856
2.0,605a73c198ec0795,ok,noisy_sir_overfit_risk,sir,seir,79,infected,0.05,29,3,-43.954633003580625,-90.01143365438753,5.5600655615410576e-05,2.4159793814523934e-05,1,27.86655950000022,2.4805046905385097e-11,3,-84.01143365438753,-83.05143365438754,-79.90954616442811,-81.37492122186067,-77.9738531834967,-74.57278514513271,-67.77064906840475,-84.88179083796676,-74.30499385370533,2.564821408210382,13.604272153455918,2.102167647226278
2.0,1207b0df136105e3,ok,noisy_sir_overfit_risk,sir,sir,0,infected,0.05,29,2,-45.24298330420287,-90.57401773586115,8.423623903092814e-08,3.250273754544703e-06,4,21.10248760000104,2.6545876607997343e-11,2,-86.57401773586115,-86.11247927432268,-83.8394260758882,-83.84891795579273,-80.51509170698603,-77.18126545817933,-70.51361296056592,-86.57965542282646,-77.15066161317893,1.9971811565173438,13.335304995226814,0.088051127455396
2.0,1207b0df136105e3,ok,noisy_sir_overfit_risk,sir,sir,1,infected,0.05,29,2,-40.40376450948726,-80.87320742999358,2.2290148701606918e-07,9.027268448303342e-07,4,21.214064800000415,1.0977885267493548e-10,2,-76.87320742999358,-76.41166896845512,-74.13861577002064,-74.14847722371587,-70.82783357471833,-67.5071899257208,-60.8659026277257,-76.8790646247238,-67.52495442298435,1.9970714026348924,13.282574595990166,0.06567841101905775
2.0,1207b0df136105e3,ok,noisy_sir_overfit_risk,sir,sir,2,infected,0.05,29,2,-52.80499237149365,-105.69717491546702,4.699959052709122e-05,1.6394532427581313e-07,2,21.03621749999911,1.5058532198963803e-10,2,-101.69717491546702,-101.23563645392855,-98.96258325549407,-98.97309229971712,-95.68319096891732,-92.39328963811752,-85.81348697651791,-101.70341674556074,-92.45037941978808,1.9968790849531342,13.159605323199209,0.08719017247971736
2.0,1207b0df136105e3,ok,noisy_sir_overfit_risk,sir,sir,3,infected,0.05,29,2,-45.594021806137484,-91.25929579762081,1.5812644606961351e-06,1.1820357126623467e-08,0,20.94429400000081,3.163407313877542e-10,2,-87.25929579762081,-86.79775733608234,-84.52470413764786,-84.53437100636461,-81.20590903029199,-77.87744705421939,-71.22052310207415,-87.26503741891268,-77.87419570798451,1.9971291893540617,13.313847904290451,0.07125218534584421
2.0,1207b0df136105e3,ok,noisy_sir_overfit_risk,sir,sir,4,infected,0.05,29,2,-44.18869288831147,-88.45028366856963,1.5326731647453426e-05,3.833263400257302e-05,4,21.338302099999055,6.971134780542343e-11,2,-84.45028366856963,-83.98874520703116,-81.71569200859668,-81.72600137188999,-78.42578676636316,-75.12557216083633,-68.52514294978268,-84.45640689849289,-75.17652735451563,1.996938385038372,13.200858422107318,0.07289789194668239
2.0,1207b0df136105e3,ok,noisy_sir_overfit_risk,sir,sir,5,infected,0.05,29,2,-50.1970096423126,-100.47694024364236,2.3255859557650383e-06,5.6415337491213376e-05,1,21.234335699999065,4.440892098500626e-12,2,-96.47694024364236,-96.0154017821039,-93.74234858366941,-93.75209790108842,-90.42950104151986,-87.1069041819513,-80.46171046281418,-96.48273083520975,-87.10363184635096,1.9971047042163081,13.290387438274244,0.08292095901716268
2.0,1207b0df136105e3,ok,noisy_sir_overfit_risk,sir,sir,6,infected,0.05,29,2,-50.549897042083934,-101.16973328913346,3.513535241937475e-08,6.770860512351639e-07,0,20.843972799999392,3.5150549138052156e-11,2,-97.16973328913346,-96.708194827595,-94.43514162916051,-94.44498513244504,-91.12436294303782,-87.80374075363059,-81.16249637481614,-97.1755798222458,-87.81730532653897,1.9970767334438317,13.282488757628894,0.06993920496559879
2.0,1207b0df136105e3,ok,noisy_sir_overfit_risk,sir,sir,7,infected,0.05,29,2,-48.05445051730345,-96.19016853020513,3.5238412423382064e-05,1.107156912835589e-06,4,20.949440000000322,4.2454928461665986e-11,2,-92.19016853020513,-91.72863006866666,-89.45557687023218,-89.4660504831646,-86.17381913068438,-82.88158777820416,-76.29712507324372,-92.19638931594017,-82.93997562468603,1.9968896071324833,13.168925409920869,0.08126749559823172
2.0,1207b0df136105e3,ok,noisy_sir_overfit_risk,sir,sir,8,infected,0.05,29,2,-38.80530264831377,-77.66643081821252,5.0422534631649654e-05,8.42433617115473e-06,2,20.94463639999958,1.2860823517257813e-11,2,-73.66643081821252,-73.20489235667405,-70.93183915823957,-70.94134226131266,-67.60148288003364,-64.26162349875464,-57.581904736196634,-73.67207517116093,-64.25116777151152,1.9971778235257924,13.359437525116022,0.05582552158497797
2.0,1207b0df136105e3,ok,noisy_sir_overfit_risk,sir,sir,9,infected,0.05,29,2,-49.475595807753315,-99.00533665739539,9.037516882727108e-07,1.8116948546947482e-06,2,21.25370710000061,4.2305714487156365e-11,2,-95.00533665739539,-94.54379819585692,-92.27074499742244,-92.28113698357267,-88.98059418429098,-85.68005138500929,-79.07896578644592,-95.01150896103303,-85.74902041837989,1.996913848181177,13.202171197126749,0.0541450418887631
2.0,1207b0df136105e3,ok,noisy_sir_overfit_risk,sir,sir,10,infected,0.05,29,2,-50.14909035078476,-100.35321662376978,4.5686991939231156e-05,1.5776087681029147e-05,4,20.82540770000014,4.744293846670189e-11,2,-96.35321662376978,-95.89167816223132,-93.61862496379683,-93.62816681348596,-90.29003930822218,-86.95191180295839,-80.27565679243082,-96.35888399020914,-86.94567068051438,1.9971663167803206,13.352510021055135,0.05503592220026591
2.0,1207b0df136105e3,ok,noisy_sir_overfit_risk,sir,sir,11,infected,0.05,29,2,-46.727553889600124,-93.52202248347112,1.1032068195803197e-05,2.47099857188798e-05,0,20.938296999998784,8.460432354695513e-11,2,-89.52202248347112,-89.06048402193265,-86.78743082349817,-86.79781161609941,-83.4993968969961,-80.2009821778928,-73.60415273968619,-89.52818813871816,-80.26144890278701,1.9969171723764807,13.193658876413231,0.06691470427087406
2.0,1207b0df136105e3,ok,noisy_sir_overfit_risk,sir,sir,12,infected,0.05,29,2,-42.36585225143107,-84.79118170217663,4.239074771273123e-06,4.706771467414763e-05,2,21.129661200000555,9.79056835603842e-11,2,-80.79118170217663,-80.32964324063816,-78.05659004220368,-78.06642353781768,-74.74322068179106,-71.42001782576443,-64.77361211371118,-80.79702229124898,-71.43889307875564,1.9970797054638243,13.292811424106501,0.0594771993144913
2.0,1207b0df136105e3,ok,noisy_sir_overfit_risk,sir,sir,13,infected,0.05,29,2,-44.87347161045341,-89.83341106675869,8.992359295438941e-06,5.5812942405609124e-05,4,21.219218700000056,2.588009806459013e-10,2,-85.83341106675869,-85.37187260522022,-83.09881940678574,-83.1086845781635,-79.79186259087936,-76.4750406035952,-69.8413966290269,-85.83927046960052,-76.47965527177021,1.9970702985790796,13.267287949136602,0.08646784585187699
2.0,1207b0df136105e3,ok,noisy_sir_overfit_risk,sir,sir,14,infected,0.05,29,2,-53.062166984186376,-106.21830272706967,7.371265498765063e-05,1.1390004758407926e-05,1,21.495566400000826,1.2308731811572216e-10,2,-102.21830272706967,-101.7567642655312,-99.48371106709672,-99.49446743128352,-96.21507396495983,-92.93568049863612,-86.37689356598871,-102.22469145246232,-93.00676010307794,1.996805637303673,13.117573865294816,0.09396875869691149
2.0,1207b0df136105e3,ok,noisy_sir_overfit_risk,sir,sir,15,infected,0.05,29,2,-41.12619612033101,-82.31839331514023,3.9773648350314494e-07,3.489829992110515e-06,3,21.06285410000055,2.4151347588485805e-11,2,-78.31839331514023,-77.85685485360176,-75.58380165516728,-75.59363834256825,-72.27194599470167,-68.95025364683507,-62.30686895110188,-78.32423579996937,-68.96562284919565,1.9970787575854243,13.286769391466372,0.06600107447820688
2.0,1207b0df136105e3,ok,noisy_sir_overfit_risk,sir,sir,16,infected,0.05,29,2,-44.469844016467775,-88.99481960831139,8.742369661899963e-06,4.584421228269394e-06,2,20.966610699999364,7.675282631680602e-11,2,-84.99481960831139,-84.53328114677292,-82.26022794833844,-82.27007700358293,-78.94658823243368,-75.62309946128443,-68.97612191898592,-85.00066943900151,-75.64573294833855,1.9970750846549405,13.293955084596996,0.05513157537583725
2.0,1207b0df136105e3,ok,noisy_sir_overfit_risk,sir,sir,17,infected,0.05,29,2,-46.99204674826709,-94.03756309898503,1.918944011182117e-05,3.4861714313017546e-06,4,21.798286700000972,4.973799150320701e-14,2,-90.03756309898503,-89.57602463744657,-87.30297143901208,-87.31442960250853,-84.05264721266629,-80.79086482282403,-74.26730004313956,-90.04436865696091,-80.93696393716522,1.9965972210120624,13.047129559368972,0.05346960245084729
2.0,1207b0df136105e3,ok,noisy_sir_overfit_risk,sir,sir,18,infected,0.05,29,2,-44.91609401579155,-89.87506523716013,1.8131752319077752e-05,3.415878842553308e-05,0,21.46399290000045,4.574474132823525e-11,2,-85.87506523716013,-85.41352677562166,-83.14047357718718,-83.15054873441139,-79.83396626557965,-76.51738379674791,-69.88421885908441,-85.88104936076131,-76.56585815625613,1.9970079381994066,13.266329875326974,0.04287720557702421
2.0,1207b0df136105e3,ok,noisy_sir_overfit_risk,sir,sir,19,infected,0.05,29,2,-48.85904530078427,-97.77373354365982,1.2394444243193717e-08,2.2023035606691138e-05,2,21.194362500000352,2.7718272122001508e-11,2,-93.77373354365982,-93.31219508212135,-91.03914188368687,-91.04934381461499,-87.74133998186177,-84.43333614910856,-77.81732848360213,-93.77979296430071,-84.48607527055567,1.9969702896795503,13.23201533101286,0.05564294209127674
2.0,1207b0df136105e3,ok,noisy_sir_overfit_risk,sir,sir,20,infected,0.05,29,2,-48.736631621982156,-97.57163184799583,2.165921927502453e-06,5.318181543075942e-05,0,21.138347500000236,7.050715566947474e-11,2,-93.57163184799583,-93.11009338645736,-90.83704018802288,-90.84630724060136,-87.5029689556648,-84.15963067072823,-77.4729541008551,-93.57713599912859,-84.09991010421805,1.9972479244336192,13.373353139746252,0.09836860403152066
2.0,1207b0df136105e3,ok,noisy_sir_overfit_risk,sir,sir,21,infected,0.05,29,2,-48.77246896738222,-97.61420622892206,1.7567887775880224e-05,1.191406021592614e-05,0,20.909051500000714,5.7845284118229756e-11,2,-93.61420622892206,-93.15266776738359,-90.87961456894911,-90.89009269995937,-87.5959800061978,-84.30186731243624,-77.71364192491313,-93.62042969816224,-84.3684871597182,1.9968882653799096,13.17645077504624,0.0692682941576232
2.0,1207b0df136105e3,ok,noisy_sir_overfit_risk,sir,sir,22,infected,0.05,29,2,-46.179191339785625,-92.41672196620249,2.163943167994255e-05,3.3940611920667996e-05,4,21.03925899999922,6.430411758628907e-11,2,-88.41672196620249,-87.95518350466402,-85.68213030622954,-85.69175558276976,-82.35856215210754,-79.02536872144532,-72.35898186012089,-88.4224388838873,-79.02560895692238,1.9971415411575943,13.332773722648868,0.05833928663123578
2.0,1207b0df136105e3,ok,noisy_sir_overfit_risk,sir,sir,23,infected,0.05,29,2,-49.07838118437738,-98.21945337330276,2.1179509199626862e-05,5.784387031903214e-05,4,21.039922600000864,1.8545165403338615e-11,2,-94.21945337330276,-93.75791491176429,-91.4848617133298,-91.49440342074193,-88.15817444941334,-84.82194547808476,-78.14948753542757,-94.22512065523692,-84.81184648344039,1.99716635903292,13.34491588531436,0.06269100454800441
2.0,1207b0df136105e3,ok,noisy_sir_overfit_risk,sir,sir,24,infected,0.05,29,2,-51.761786604411114,-103.59465356191583,3.8604341720120515e-05,1.4652175725526506e-06,1,21.062451700001475,2.4370905293835676e-10,2,-99.59465356191583,-99.13311510037737,-96.86006190194288,-96.87100805116114,-93.59489216686492,-90.31877628256869,-83.76654451397626,-99.60115500982592,-90.41910967163734,1.996749276044958,13.104463537184888,0.07108035309361109
2.0,1207b0df136105e3,ok,noisy_sir_overfit_risk,sir,sir,25,infected,0.05,29,2,-39.322642648509984,-78.69945298900937,7.700579995530093e-07,8.543479246288072e-07,0,21.080170799999905,1.6059686913649784e-10,2,-74.69945298900937,-74.2379145274709,-71.96486132903642,-71.97497458935986,-68.66289740081471,-65.35082021226957,-58.72666583517929,-74.70545974388571,-65.3969765428394,1.9969966225618276,13.248308754180574,0.054167691989401356
2.0,1207b0df136105e3,ok,noisy_sir_overfit_risk,sir,sir,26,infected,0.05,29,2,-46.18239261024369,-92.41497852304856,1.473315322964062e-06,2.9311251737692196e-05,2,21.08237419999932,7.73283659327717e-11,2,-88.41497852304856,-87.9534400615101,-85.68038686307561,-85.69099874811297,-82.39822795320185,-79.10545715829072,-72.51991556846848,-88.4212814352803,-79.19370204084288,1.9968485438841275,13.1710831796445,0.05019330256118633
2.0,1207b0df136105e3,ok,noisy_sir_overfit_risk,sir,sir,27,infected,0.05,29,2,-39.72899254300114,-79.55190567872992,7.50606837033563e-05,3.876413993439731e-06,2,21.114500300000145,2.6361135496699717e-11,2,-75.55190567872992,-75.09036721719146,-72.81731401875697,-72.82809580915682,-69.54964784629108,-66.27119988342534,-59.71430395769386,-75.55830950598136,-66.34419323453932,1.9967980863742867,13.113791851462961,0.09392059272764545
2.0,1207b0df136105e3,ok,noisy_sir_overfit_risk,sir,sir,28,infected,0.05,29,2,-46.11760942573634,-92.31176258931038,6.381955916689357e-06,3.519734654082098e-07,4,20.986603499999546,6.323830348264892e-12,2,-88.31176258931038,-87.85022412777191,-85.57717092933743,-85.58716819482517,-82.27450414453611,-78.96184009424705,-72.33651199366895,-88.31770044923864,-78.98456265031646,1.9970310700358682,13.250656201156223,0.07654373783769036
2.0,1207b0df136105e3,ok,noisy_sir_overfit_risk,sir,sir,29,infected,0.05,29,2,-46.73069215090828,-93.52790380442818,7.3842325491101894e-06,4.9494207936246405e-05,2,21.346682800000053,1.3181278291085619e-10,2,-89.52790380442818,-89.06636534288971,-86.79331214445523,-86.80359515702796,-83.5011454519283,-80.19869574682862,-73.59379633662928,-89.53401138338288,-80.25158548141789,1.9969462105226516,13.209798820398667,0.06651950261160808
2.0,1207b0df136105e3,ok,noisy_sir_overfit_risk,sir,sir,30,infected,0.05,29,2,-44.9007296281544,-89.8635475822251,1.6410293132343058e-06,6.907159961571441e-07,2,21.146925400000327,1.261923898709938e-11,2,-85.8635475822251,-85.40200912068663,-83.12895592225215,-83.13913738297556,-79.83162693013273,-76.52411647728991,-69.90909557160425,-85.86959484462048,-76.5714174449375,1.9969763688023048,13.230041811371311,0.0620883259162948
2.0,1207b0df136105e3,ok,noisy_sir_overfit_risk,sir,sir,31,infected,0.05,29,2,-38.105324829646335,-76.26597245328742,1.5147120468971432e-06,7.44806594635361e-06,2,21.200952099999995,4.567368705465924e-11,2,-72.26597245328742,-71.80443399174895,-69.53138079331447,-69.54177840058074,-66.24171706410849,-62.941655727636245,-56.341533054691745,-72.27214809557799,-63.010404313403676,1.9969121788547108,13.200245345888995,0.05532279399474245
2.0,1207b0df136105e3,ok,noisy_sir_overfit_risk,sir,sir,32,infected,0.05,29,2,-46.925790609602835,-93.91969453900845,5.487706794344451e-07,4.051429005012078e-06,2,21.23024550000082,4.671818487622659e-11,2,-89.91969453900845,-89.45815607746998,-87.1851028790355,-87.19505315927485,-83.87882045927626,-80.56258775927766,-73.93012235928049,-89.9256044921232,-80.58665041921131,1.9970450234426251,13.264930799994364,0.06811331980277646
2.0,1207b0df136105e3,ok,noisy_sir_overfit_risk,sir,sir,33,infected,0.05,29,2,-49.09388631356975,-98.29441157737303,3.077666738946229e-05,2.3139097635381767e-06,3,21.063359500001752,1.3571366253017914e-12,2,-94.29441157737303,-93.83287311583456,-91.55981991740008,-91.56970210162677,-88.2565268328356,-84.94335156404443,-78.31700102646211,-94.30028108496941,-84.93507155197483,1.9970652462018075,13.252701075164667,0.10663895023353075
2.0,1207b0df136105e3,ok,noisy_sir_overfit_risk,sir,sir,34,infected,0.05,29,2,-48.397410613245604,-96.86448532722477,3.5712876029439138e-06,2.5017258526096093e-07,4,21.015281899999536,3.566924533515703e-12,2,-92.86448532722477,-92.4029468656863,-90.12989366725182,-90.13953063796346,-86.8093554250979,-83.47918021223236,-76.81882978650127,-92.87020919064409,-83.47412037502902,1.997138068290342,13.320700851462197,0.06966410073356426
2.0,1207b0df136105e3,ok,noisy_sir_overfit_risk,sir,sir,35,infected,0.05,29,2,-42.90092268700058,-85.8664852151332,1.037981321886277e-05,1.4061240408331777e-06,0,21.172781499999473,2.6788882223627297e-10,2,-81.8664852151332,-81.40494675359473,-79.13189355516025,-79.14233162479184,-75.84577252530316,-72.54921342581449,-65.95609522683714,-81.87268488998127,-72.61560897604646,1.9969001625759644,13.186236397954705,0.06463984113202957
2.0,1207b0df136105e3,ok,noisy_sir_overfit_risk,sir,sir,36,infected,0.05,29,2,-48.87671938527881,-97.78773517372859,4.694896403594898e-05,3.708005547650502e-06,2,20.989198999999644,9.683276402938645e-11,2,-93.78773517372859,-93.32619671219013,-91.05314351375564,-91.06327520137805,-87.74644178005359,-84.42960835872914,-77.79594151608022,-93.79375287346984,-84.4861050852598,1.996991150129377,13.267333685297825,0.034296403170964544
2.0,1207b0df136105e3,ok,noisy_sir_overfit_risk,sir,sir,37,infected,0.05,29,2,-46.273759444347284,-92.59546213302158,5.565502078235855e-06,3.993214780191413e-06,4,21.004337499998655,1.5069900882735965e-10,2,-88.59546213302158,-88.13392367148312,-85.86087047304864,-85.87099334134543,-82.55783798749543,-79.24468263364544,-72.61837192594544,-88.60147459453842,-79.29489747329458,1.9969937692415862,13.252621415399982,0.04794324432701642
2.0,1207b0df136105e3,ok,noisy_sir_overfit_risk,sir,sir,38,infected,0.05,29,2,-45.96150888215127,-91.98272255362582,6.15676615695073e-08,1.2332116333871241e-08,3,20.986074799999187,1.3287149158713873e-12,2,-87.98272255362582,-87.52118409208735,-85.24813089365287,-85.25823161926216,-81.94682500307572,-78.63541838688927,-72.01260515451636,-87.98872186352864,-78.67739129955675,1.9970003450485874,13.24562646474579,0.05970478932327923
2.0,1207b0df136105e3,ok,noisy_sir_overfit_risk,sir,sir,39,infected,0.05,29,2,-41.01532027492331,-82.07195098307696,2.6944666321439567e-07,2.27440514513639e-06,2,21.194509899998593,1.752482603478711e-10,2,-78.07195098307696,-77.61041252153849,-75.33735932310401,-75.34807127171719,-72.05696835502363,-68.76586543833008,-62.183659604942974,-78.07831332791034,-68.86622888307241,1.996818827583314,13.164411666774214,0.041310433230332
2.0,1207b0df136105e3,ok,noisy_sir_overfit_risk,sir,sir,40,infected,0.05,29,2,-50.824407521814436,-101.74622878941585,8.133225675080938e-06,1.790168321177228e-06,2,21.16757619999953,2.6076918402395677e-11,2,-97.74622878941585,-97.28469032787739,-95.0116371294429,-95.02081434378316,-91.67272167731299,-88.32462901084281,-81.62844367790248,-97.75167958126997,-88.2564443777482,1.9972746040729383,13.392370665880676,0.09741374578698062
2.0,1207b0df136105e3,ok,noisy_sir_overfit_risk,sir,sir,41,infected,0.05,29,2,-46.18080729845066,-92.43474348749723,2.7884430783392925e-05,1.4585439118163794e-05,2,20.778929099999004,3.340261400808231e-11,2,-88.43474348749723,-87.97320502595876,-85.70015182752428,-85.70946996511871,-82.36430288914289,-79.01913581316707,-72.32880166121542,-88.44027798049392,-78.98094629299803,1.9972327535016532,13.380668303903292,0.07312889059591665
2.0,1207b0df136105e3,ok,noisy_sir_overfit_risk,sir,sir,42,infected,0.05,29,2,-42.802693478945585,-85.66281518582102,1.1258353681851047e-05,3.0957291837111675e-05,0,20.99817340000118,4.3513637137948535e-11,2,-81.66281518582102,-81.20127672428255,-78.92822352584807,-78.93797917738448,-75.61073672954949,-72.28349428171448,-65.62900938604449,-81.66860953952735,-72.29641716655118,1.997102823146832,13.308969791339985,0.057428227929845664
2.0,1207b0df136105e3,ok,noisy_sir_overfit_risk,sir,sir,43,infected,0.05,29,2,-43.78263962168051,-87.62697932465368,1.348985000828688e-06,5.405603945192675e-05,1,21.438654999999926,1.19136700504896e-10,2,-83.62697932465368,-83.16544086311521,-80.89238766468073,-80.90256241428344,-77.59469295426659,-74.28682349424975,-67.67108457421607,-83.63302260098959,-74.33380140329365,1.996978361832039,13.231477840067372,0.06170008129265069
2.0,1207b0df136105e3,ok,noisy_sir_overfit_risk,sir,sir,44,infected,0.05,29,2,-42.718307741380045,-85.49745664485249,1.99463615464359e-07,4.876518052817417e-05,2,21.197033499998724,6.778577699151356e-11,2,-81.49745664485249,-81.03591818331402,-78.76286498487954,-78.77284547353904,-75.45648474029886,-72.1401240070587,-65.50740254057837,-81.5033845402103,-72.17117254979942,1.9970360523210915,13.26544293296067,0.06084116209240686
2.0,1207b0df136105e3,ok,noisy_sir_overfit_risk,sir,sir,45,infected,0.05,29,2,-47.43307450325998,-94.9421878853335,2.7907076663829807e-05,3.807221474442459e-06,2,21.23593609999989,2.802380549837835e-11,2,-90.9421878853335,-90.48064942379503,-88.20759622536055,-88.21808694774104,-84.92565958795758,-81.63323222817414,-75.04837750860723,-90.94841883319799,-81.69643956738615,1.9968845260677521,13.169709439133815,0.07603887881353509
2.0,1207b0df136105e3,ok,noisy_sir_overfit_risk,sir,sir,46,infected,0.05,29,2,-40.128973115618884,-80.32035948601771,3.8613136659261465e-07,1.0154382015802033e-07,0,20.867881000000125,4.8196113766607596e-11,2,-76.32035948601771,-75.85882102447924,-73.58576782604476,-73.59568820916192,-70.27700789581078,-66.95832758245963,-60.32096695575735,-76.32625168178431,-66.9832249778332,1.9970539021167002,13.274721253404572,0.062413254779945075
2.0,1207b0df136105e3,ok,noisy_sir_overfit_risk,sir,sir,47,infected,0.05,29,2,-49.91059864065708,-99.88573557032615,8.231447165543695e-08,5.314504431607976e-05,2,21.323578699999416,4.153832833253546e-11,2,-95.88573557032615,-95.42419710878768,-93.1511439103532,-93.16105270791387,-89.84229179275448,-86.52353087759508,-79.88600904727629,-95.8916208848699,-86.54615362067658,1.9970573427281249,13.275043660637579,0.06453828901198493
2.0,1207b0df136105e3,ok,noisy_sir_overfit_risk,sir,sir,48,infected,0.05,29,2,-48.924679419956846,-97.92596018238618,2.591332560965512e-06,2.82381450296686e-05,2,21.044229799999812,3.594919917304651e-10,2,-93.92596018238618,-93.46442172084771,-91.19136852241323,-91.20124462109139,-87.88328168339424,-84.5653187456971,-77.92939287030282,-93.9318260754807,-84.5775070891251,1.9970670534527415,13.271851750788578,0.07660134247248282
2.0,1207b0df136105e3,ok,noisy_sir_overfit_risk,sir,sir,49,infected,0.05,29,2,-52.005865352590824,-104.12969973495235,0.00012310021022101717,4.493183066319079e-05,0,21.21440849999999,1.1313261438772315e-10,2,-100.12969973495235,-99.66816127341389,-97.3951080749794,-97.40591572186496,-94.13174311861594,-90.85757051536693,-84.3092253088689,-100.13611891962232,-90.9150402921856,1.9967904076650163,13.096690412996058,0.11796902977070078
2.0,1207b0df136105e3,ok,noisy_sir_overfit_risk,sir,sir,50,infected,0.05,29,2,-49.99886352759164,-100.07175763155891,5.508477853724573e-05,1.2320072394897222e-06,3,21.225894699999117,1.589484099895344e-11,2,-96.07175763155891,-95.61021917002044,-93.33716597158596,-93.34634347358508,-89.99396661607355,-86.64158975856203,-79.93683604353897,-96.07720859426756,-86.58821962513717,1.9972745186456753,13.4095074300461,0.07403057637563105
2.0,1207b0df136105e3,ok,noisy_sir_overfit_risk,sir,sir,51,infected,0.05,29,2,-49.28802933199818,-98.62866252862338,3.659966488117003e-05,3.847548128255187e-06,0,21.114253400000962,1.3019274547332316e-10,2,-94.62866252862338,-94.16712406708491,-91.89407086865043,-91.90371606419225,-88.57001842569122,-85.23632078719018,-78.5689255101881,-94.6343912771675,-85.2412681099922,1.997135625727943,13.334790554004154,0.052603864627013275
2.0,1207b0df136105e3,ok,noisy_sir_overfit_risk,sir,sir,52,infected,0.05,29,2,-47.70789287879918,-95.48039071398773,1.0143346172292372e-05,1.7738552973194945e-08,1,20.97719599999982,4.001776687800884e-11,2,-91.48039071398773,-91.01885225244926,-88.74579905401478,-88.7554176451349,-85.42332887707151,-82.09124010900814,-75.42706257288138,-91.4861036608779,-82.08743068534484,1.9971435265549116,13.328355072253519,0.06460495638936939
2.0,1207b0df136105e3,ok,noisy_sir_overfit_risk,sir,sir,53,infected,0.05,29,2,-40.346962348073205,-80.76280456447682,1.2738875105900507e-05,1.1832146225751223e-05,0,21.145027999999,4.61071181234729e-11,2,-76.76280456447682,-76.30126610293836,-74.02821290450387,-74.03857819942195,-70.7399043500709,-67.44123050071984,-60.84388280201774,-76.7689610148996,-67.4992292987422,1.9969217747886117,13.19469539740421,0.06887986833041976
2.0,1207b0df136105e3,ok,noisy_sir_overfit_risk,sir,sir,54,infected,0.05,29,2,-47.751900501278605,-95.58484221006483,2.4196637904347552e-08,1.743938567860096e-05,4,21.171327899999596,2.3071322630130453e-11,2,-91.58484221006483,-91.12330374852637,-88.85025055009189,-88.85985865321005,-85.53040913111248,-82.20095960901489,-75.54206056481974,-91.59054892762295,-82.18600291416689,1.9971466412209442,13.317798088390319,0.08104120750762686
2.0,1207b0df136105e3,ok,noisy_sir_overfit_risk,sir,sir,55,infected,0.05,29,2,-42.30370127353066,-84.66421666488337,4.0696121812810216e-05,5.661472555215961e-05,1,21.330491099999563,1.4367884659804986e-10,2,-80.66421666488337,-80.2026782033449,-77.92962500491042,-77.93915540307475,-74.60093075430383,-71.26270610553291,-64.58625680799108,-80.6698772297078,-71.25450395197765,1.9971697175877867,13.35289859508367,0.05681411782204799
2.0,1207b0df136105e3,ok,noisy_sir_overfit_risk,sir,sir,56,infected,0.05,29,2,-46.91494879652992,-93.90825590617038,3.281391695321305e-05,1.5491362046674524e-06,1,21.01462899999933,8.420641961492947e-11,2,-89.90825590617038,-89.44671744463191,-87.17366424619743,-87.18418117647806,-83.8931710593714,-80.60216094226473,-74.0201407080514,-89.91450242017547,-80.66585712463318,1.9968767429974599,13.16404046842666,0.0783583131105452
2.0,1207b0df136105e3,ok,noisy_sir_overfit_risk,sir,sir,57,infected,0.05,29,2,-42.52382583368826,-85.10668793714328,1.4253658816242948e-05,2.703429141791905e-06,3,21.2666291000005,1.1959855328314006e-10,2,-81.10668793714328,-80.64514947560481,-78.37209627717033,-78.3829023812129,-75.09936565759324,-71.81582893397358,-65.24875548673424,-81.11310620544411,-71.91350477289785,1.9967908658495817,13.134146894478654,0.059036269766762246
2.0,1207b0df136105e3,ok,noisy_sir_overfit_risk,sir,sir,58,infected,0.05,29,2,-46.06469894941217,-92.20165133345662,1.941051545877499e-05,3.8345748973722804e-05,4,21.1491477999989,4.334310688136611e-11,2,-88.20165133345662,-87.74011287191816,-85.46705967348367,-85.47748399470689,-82.18177701975254,-78.88607004479822,-72.29465609488953,-88.20784284245941,-78.94656999900698,1.9969042454986048,13.18282789981735,0.07225343463228406
2.0,1207b0df136105e3,ok,noisy_sir_overfit_risk,sir,sir,59,infected,0.05,29,2,-42.249640547848465,-84.57578159223652,4.8391112470865284e-06,7.5388405361412286e-06,0,21.10340229999929,2.0158097413514042e-11,2,-80.57578159223652,-80.11424313069806,-77.84118993226357,-77.85068353814655,-74.51494798837138,-71.1792124385962,-64.50774133904585,-80.581420304344,-71.15633889659622,1.997180643946267,13.34294219910071,0.07650049653959598
2.0,1207b0df136105e3,ok,noisy_sir_overfit_risk,sir,sir,60,infected,0.05,29,2,-45.18366735067859,-90.44696332443323,3.0440290614050743e-06,1.0179632483236205e-05,2,21.22210079999968,6.730971335855429e-11,2,-86.44696332443323,-85.98542486289476,-83.71237166446028,-83.72185534289116,-80.38620647356501,-77.05055760423885,-70.37925986558655,-86.45259614014631,-77.02473922405257,1.9971835921434578,13.342595477304615,0.07962862307605373
2.0,1207b0df136105e3,ok,noisy_sir_overfit_risk,sir,sir,61,infected,0.05,29,2,-37.96821663697615,-76.0057064379475,2.598732372917199e-07,1.9889392079404698e-05,2,20.942384300000413,6.553335651915404e-11,2,-72.0057064379475,-71.54416797640903,-69.27111477797455,-69.28101051619382,-65.96259269667576,-62.644174877157695,-56.007339238121574,-72.0115839959162,-62.66276199588006,1.9970612210156462,13.273671278072243,0.06927316399518958
2.0,1207b0df136105e3,ok,noisy_sir_overfit_risk,sir,sir,62,infected,0.05,29,2,-46.28710465113679,-92.64404228959356,4.345830033245859e-05,2.0592398006517133e-05,0,21.410251599998446,8.624567726656096e-11,2,-88.64404228959356,-88.18250382805509,-85.90945062962061,-85.9206167553262,-82.65210538714179,-79.38359401895737,-72.84657128258854,-88.65067439218825,-79.50016382953592,1.996683948702651,13.07404547273765,0.06983298731998692
2.0,1207b0df136105e3,ok,noisy_sir_overfit_risk,sir,sir,63,infected,0.05,29,2,-46.050240339820924,-92.14934349060493,4.7347693383294614e-06,6.064091551547765e-07,0,21.35585590000119,1.6139267700054916e-10,2,-88.14934349060493,-87.68780502906647,-85.41475183063199,-85.42568397737496,-82.14459257570464,-78.86350117403431,-72.30131837069368,-88.15583662176711,-78.97611507296057,1.9967534344189124,13.124365606681286,0.0488628109630801
2.0,1207b0df136105e3,ok,noisy_sir_overfit_risk,sir,sir,64,infected,0.05,29,2,-50.677846747599105,-101.42150835596772,4.130171644424109e-07,3.366353317012644e-06,2,21.27168189999975,5.38804556526884e-11,2,-97.42150835596772,-96.95996989442925,-94.68691669599477,-94.69690916689117,-91.38207573547365,-88.06724230405611,-81.43757544122104,-97.42744336815608,-88.09635976952808,1.9970324939058166,13.259333725670125,0.06581486076950077
2.0,1207b0df136105e3,ok,noisy_sir_overfit_risk,sir,sir,65,infected,0.05,29,2,-49.353715795322906,-98.77017033161076,1.3204386427709118e-07,3.620593853787857e-05,0,21.177799700000833,2.2993162929196842e-11,2,-94.77017033161076,-94.30863187007229,-92.03557867163781,-92.0456124979046,-88.73196005640173,-85.41830761489888,-78.79100273189314,-94.77612990675556,-85.45282182463436,1.997020212427598,13.254609766011455,0.06273874096494514
2.0,1207b0df136105e3,ok,noisy_sir_overfit_risk,sir,sir,66,infected,0.05,29,2,-49.42340466831682,-98.88667050952859,2.0561562005919984e-05,5.143678571816901e-05,1,21.252684099999897,7.574385563202668e-12,2,-94.88667050952859,-94.42513204799012,-92.15207884955564,-92.1622323868458,-88.84817545228611,-85.53411851772643,-78.90600464860707,-94.89270118684523,-85.5905815983949,1.9969846613416795,13.256227738238739,0.03986117289495177
2.0,1207b0df136105e3,ok,noisy_sir_overfit_risk,sir,sir,67,infected,0.05,29,2,-46.375960454752835,-92.81584752608494,2.494254539301807e-05,4.221827728330547e-06,3,21.229122599999755,9.201528428093297e-12,2,-88.81584752608494,-88.35430906454647,-86.08125586611199,-86.09074554503997,-82.75223479585922,-79.41372404667847,-72.73670254831697,-88.82148390578374,-79.39787791278268,1.9971818101506038,13.354042996722992,0.06392661657926463
2.0,1207b0df136105e3,ok,noisy_sir_overfit_risk,sir,sir,68,infected,0.05,29,2,-44.014829282636256,-88.12495572822434,6.197779988878262e-06,3.1114051777219796e-06,0,21.202805400000216,1.3231726825324586e-10,2,-84.12495572822434,-83.66341726668587,-81.39036406825139,-81.40002863928318,-78.07545996911963,-74.75089129895609,-68.10175395862902,-84.13069598480989,-74.73138388461834,1.997129871707224,13.298274680654167,0.09529716295182712
2.0,1207b0df136105e3,ok,noisy_sir_overfit_risk,sir,sir,69,infected,0.05,29,2,-51.79249786493675,-103.65213012575337,2.849147685667298e-07,5.93119079240679e-06,2,20.99681260000034,1.0096812275151024e-11,2,-99.65213012575337,-99.1905916642149,-96.91753846578042,-96.92736121563807,-93.60526437831177,-90.28316754098546,-83.63897386633285,-99.65796433240084,-90.29660838056827,1.9970828966762681,13.288387349305225,0.06713439587987377
2.0,1207b0df136105e3,ok,noisy_sir_overfit_risk,sir,sir,70,infected,0.05,29,2,-43.26129192055843,-86.58235125928124,1.2983102005259998e-05,8.46478538954019e-06,0,21.140594699998474,1.4699708117404953e-10,2,-82.58235125928124,-82.12081279774277,-79.84775959930829,-79.85848253989366,-76.57198351952036,-73.28548449914707,-66.71248645840049,-82.588720132779,-73.37658775962369,1.9968155632511189,13.14599608149317,0.05976741816437844
2.0,1207b0df136105e3,ok,noisy_sir_overfit_risk,sir,sir,71,infected,0.05,29,2,-48.41454396751314,-96.89706211551074,1.6506876787927585e-05,5.036572012869352e-05,3,21.331196900000577,9.07363073565648e-12,2,-92.89706211551074,-92.43552365397227,-90.16247045553779,-90.17296613922899,-86.87930661721505,-83.58564709520113,-76.99832805117325,-92.90329601013784,-83.65444984697054,1.9968830526864512,13.174638088055744,0.06797418048445193
2.0,1207b0df136105e3,ok,noisy_sir_overfit_risk,sir,sir,72,infected,0.05,29,2,-43.80298969569654,-87.66121429257483,4.6635169937157066e-09,1.56229897121908e-07,1,21.18238190000011,1.1891643225681037e-10,2,-83.66121429257483,-83.19967583103636,-80.92662263260188,-80.93682808990508,-77.62888208075822,-74.32093607161136,-67.70504405331764,-83.66727580770059,-74.37419535480564,1.9969692424371146,13.231784036587444,0.0552349011817546
2.0,1207b0df136105e3,ok,noisy_sir_overfit_risk,sir,sir,73,infected,0.05,29,2,-48.28598620161225,-96.63314156916772,5.4481680719682915e-08,3.0339425422773427e-05,1,21.121061499999996,8.684963859195705e-11,2,-92.63314156916772,-92.17160310762925,-89.89854990919477,-89.90854832261039,-86.59303856208624,-83.2775288015621,-76.64650928051381,-92.63908011090591,-83.30993336112793,1.9970307291309028,13.262039042096578,0.06116916594321805
2.0,1207b0df136105e3,ok,noisy_sir_overfit_risk,sir,sir,74,infected,0.05,29,2,-50.733917344828065,-101.5377390664516,7.613202998599271e-06,2.7322930268427517e-05,0,21.078738000000158,1.0065548394777579e-10,2,-97.5377390664516,-97.07620060491314,-94.80314740647866,-94.81334057712327,-91.50781215892249,-88.20228374072173,-81.59122690432018,-97.54379328393605,-88.24572101685304,1.9969728912577733,13.22211367280309,0.06990437679547132
2.0,1207b0df136105e3,ok,noisy_sir_overfit_risk,sir,sir,75,infected,0.05,29,2,-43.788852082105265,-87.66704298999545,1.4964948416402616e-05,9.771749471112607e-06,3,21.358650400001352,5.0178527999378275e-11,2,-83.66704298999545,-83.20550452845698,-80.9324513300225,-80.94238094362704,-77.6288409487956,-74.31530095396415,-67.68822096430125,-83.67294066819534,-74.32354418488474,1.9970511609000572,13.254159979325786,0.0893388257849264
2.0,1207b0df136105e3,ok,noisy_sir_overfit_risk,sir,sir,76,infected,0.05,29,2,-51.57156281628953,-103.21914531157776,1.1783928322447438e-05,1.1952063451953784e-05,0,20.9619019999991,9.14539555196825e-11,2,-99.21914531157776,-98.7576068500393,-96.48455365160481,-96.49469783818016,-93.1882032475631,-89.88170865694603,-83.2687194757119,-99.22517043505222,-89.9171472701108,1.9969874382627735,13.225978362468254,0.07601967899870904
2.0,1207b0df136105e3,ok,noisy_sir_overfit_risk,sir,sir,77,infected,0.05,29,2,-48.2881731548011,-96.62323214122978,4.474196356179615e-05,2.166039163058317e-05,2,21.128950199999963,2.0958879076715675e-10,2,-92.62323214122978,-92.16169367969131,-89.88864048125683,-89.8983791274002,-86.56755789008143,-83.23673665276266,-76.57509417812511,-92.62901639460998,-83.25306136032711,1.9971078733098988,13.323284949275095,0.04688583162758102
2.0,1207b0df136105e3,ok,noisy_sir_overfit_risk,sir,sir,78,infected,0.05,29,2,-50.288166921716375,-100.63473649238225,1.1641500925116382e-05,5.416106871804122e-05,4,21.171584199999415,4.419575816427823e-11,2,-96.63473649238225,-96.17319803084378,-93.9001448324093,-93.91088363896138,-90.62470560209235,-87.33852756522333,-80.76617149148527,-96.6411147894457,-87.43162169595664,1.996810851468274,13.144712147476113,0.05840264894950304
2.0,1207b0df136105e3,ok,noisy_sir_overfit_risk,sir,sir,79,infected,0.05,29,2,-45.23664273953477,-90.54871540822697,2.2764114042406503e-06,4.842434155613158e-07,2,21.169405300001017,3.175415486111888e-11,2,-86.54871540822697,-86.0871769466885,-83.81412374825402,-83.82401099183036,-80.50633778909551,-77.18866458636066,-70.55331818089095,-86.55458792081603,-77.20259266813014,1.997063743705469,13.270692810939401,0.07542992915741631
2.0,82dc0c91c2600c90,ok,noisy_sir_overfit_risk,sir,tv_sir,0,infected,0.05,29,4,-46.328637519546454,-92.80427560247017,1.0510438331996045e-05,5.655474779823188e-05,0,36.49699999999939,4.226308192301076e-11,4,-84.80427560247017,-83.1376089358035,-79.33509228252427,-82.5926355828488,-78.28290976308463,-73.97318394332045,-65.3537323037921,-86.73908826212153,-75.41837176003622,3.0325936701743204,17.238903279056693,0.1470005633772666
2.0,82dc0c91c2600c90,ok,noisy_sir_overfit_risk,sir,tv_sir,1,infected,0.05,29,4,-40.855172949454875,-81.78337486636015,1.5805253049142508e-05,3.1860360342735546e-05,4,36.52876400000059,2.0371260234242072e-11,4,-73.78337486636015,-72.11670819969348,-68.31419154641425,-71.71074902266845,-67.41470305804638,-63.11865709342431,-54.52656516418017,-75.80075477459818,-64.52616204042147,2.991310045880988,17.184183858488286,0.07302896745039306
2.0,82dc0c91c2600c90,ok,noisy_sir_overfit_risk,sir,tv_sir,2,infected,0.05,29,4,-54.14445676812446,-108.46949283734975,0.00010773464192656631,3.570809302791805e-05,1,37.53042800000003,9.921308219418279e-11,4,-100.46949283734975,-98.80282617068308,-95.00030951740385,-98.31972971697078,-94.07509700379906,-89.83046429062735,-81.3411988642839,-102.44105718284432,-91.31038268356204,3.0142178272527147,16.978530852686884,0.18057930110082665
2.0,82dc0c91c2600c90,ok,noisy_sir_overfit_risk,sir,tv_sir,3,infected,0.05,29,4,-45.69545233590674,-91.44489851836728,7.955631254037267e-06,4.098369698237782e-05,0,35.79054389999874,2.2239987629291136e-11,4,-83.44489851836728,-81.77823185170061,-77.97571519842138,-81.30626792087978,-76.98507845693344,-72.6638889929871,-64.02151006509442,-85.42307500811857,-74.10614681602812,3.0109117551243556,17.28475785578535,0.05399384655380819
2.0,82dc0c91c2600c90,ok,noisy_sir_overfit_risk,sir,tv_sir,4,infected,0.05,29,4,-44.4785489322896,-89.07161178691362,1.8262016087434644e-06,4.8961807057387683e-05,3,37.78054669999983,1.2640555269172182e-11,4,-81.07161178691362,-79.40494512024695,-75.60242846696772,-79.05750842704262,-74.82197563381747,-70.58644284059231,-62.11537725414202,-83.12375103129285,-72.0149666916786,2.9739303778103814,16.942131172900606,0.11451392233442274
2.0,82dc0c91c2600c90,ok,noisy_sir_overfit_risk,sir,tv_sir,5,infected,0.05,29,4,-50.241064053897894,-100.54108653976368,5.011195408139574e-07,5.899587775574019e-05,0,36.057483599999614,5.416467274699244e-11,4,-92.54108653976368,-90.87441987309701,-87.07190321981778,-90.41069746513003,-86.10599624177183,-81.80129501841364,-73.19189257169725,-94.52415806889967,-83.26332321436301,3.008464235432009,17.21880489343277,0.058958431967897545
2.0,82dc0c91c2600c90,ok,noisy_sir_overfit_risk,sir,tv_sir,6,infected,0.05,29,4,-50.81067567791652,-101.76083924446674,3.963926627395159e-06,2.5957815939857186e-05,3,37.21259970000028,2.141575805580942e-11,4,-93.76083924446674,-92.09417257780007,-88.29165592452084,-91.49294233896325,-87.15622634006729,-82.81951034117132,-74.14607834337941,-95.66223821626737,-84.27448736024921,3.049300514099686,17.346863995583835,0.13948788863369765
2.0,82dc0c91c2600c90,ok,noisy_sir_overfit_risk,sir,tv_sir,7,infected,0.05,29,4,-48.9522416912583,-98.03434240312112,7.906067586648033e-05,6.767833667176743e-05,3,35.607249099999535,3.767297585000051e-11,4,-90.03434240312112,-88.36767573645444,-84.56515908317522,-87.86209054169456,-83.59886855412894,-79.33564656656331,-70.80920259143207,-91.99254959665575,-80.85159543225413,3.020896403232685,17.05288795026248,0.1298590206045095
2.0,82dc0c91c2600c90,ok,noisy_sir_overfit_risk,sir,tv_sir,8,infected,0.05,29,4,-39.18097821847539,-78.42919516691794,2.285296215670732e-05,3.0493000402217428e-05,3,35.408615199999986,7.553069281129865e-12,4,-70.42919516691794,-68.76252850025126,-64.96001184697204,-68.13090241746481,-63.75768817787669,-59.38447393828857,-50.638045459112334,-72.31254057557216,-60.8690994785983,3.0583272956728864,17.49285695835248,0.06723872996716054
2.0,82dc0c91c2600c90,ok,noisy_sir_overfit_risk,sir,tv_sir,9,infected,0.05,29,4,-50.79218153453084,-101.72413772401336,3.117669300165907e-05,5.819057281470491e-05,2,37.27465140000095,3.517897084748256e-11,4,-93.72413772401336,-92.05747105734669,-88.25495440406746,-91.74191375689074,-87.49746248859559,-83.25301122030045,-74.76410868371016,-95.79521168298731,-84.6065579958811,2.9644630205130253,16.977805073180583,0.13977465495168
2.0,82dc0c91c2600c90,ok,noisy_sir_overfit_risk,sir,tv_sir,10,infected,0.05,29,4,-50.438155880255806,-101.06781943400487,0.00010257382120250619,4.1516833955996105e-05,2,35.176382900001045,2.8620661396416835e-11,4,-93.06781943400487,-91.4011527673382,-87.59863611405898,-90.98623484617448,-86.67896900818114,-82.3717031701878,-73.75717149420112,-95.07987831041736,-83.64724840853825,2.993970561793759,17.229063351973366,0.19150767349326558
2.0,82dc0c91c2600c90,ok,noisy_sir_overfit_risk,sir,tv_sir,11,infected,0.05,29,4,-49.62636300096162,-99.57407640060974,3.636851971715852e-05,4.756113381769313e-05,4,39.295269299998836,2.078337502098293e-11,4,-91.57407640060974,-89.90740973394307,-86.10489308066384,-89.66283475350144,-85.44828036656729,-81.23372597963314,-72.80461720576484,-93.68731019560535,-82.39450845418664,2.943383102502198,16.8582175477366,0.32135039868650717
2.0,82dc0c91c2600c90,ok,noisy_sir_overfit_risk,sir,tv_sir,12,infected,0.05,29,4,-42.54130938634168,-85.22380590963508,1.0849427416393467e-05,4.736955104260867e-05,2,36.83090110000012,1.6711965145077556e-11,4,-77.22380590963508,-75.5571392429684,-71.75462258968918,-75.00308434931289,-70.65380249734967,-66.30452064538646,-57.60595694146003,-79.1532246026382,-67.68549136483051,3.0352906534984325,17.397127407852857,0.1411871369517096
2.0,82dc0c91c2600c90,ok,noisy_sir_overfit_risk,sir,tv_sir,13,infected,0.05,29,4,-45.182752561131615,-90.43911436081402,1.940355810584766e-05,2.6476854543874917e-05,2,35.45818150000014,1.248494641004072e-10,4,-82.43911436081402,-80.77244769414735,-76.96993104086812,-80.30245301086403,-76.01954966315469,-71.73664631544537,-63.1708396200267,-84.41846048200664,-73.2338917314259,3.0103269394036896,17.13161339083733,0.07360923855079135
2.0,82dc0c91c2600c90,ok,noisy_sir_overfit_risk,sir,tv_sir,14,infected,0.05,29,4,-54.13261128366224,-108.41628776614755,0.00013074235401090015,4.9690433801920425e-05,3,35.6684122000006,3.5342395676707383e-11,4,-100.41628776614755,-98.74962109948088,-94.94710444620165,-98.28954329109621,-94.0602404008667,-89.8309375106372,-81.37233173017817,-102.40152399940597,-91.34801100640645,3.0073818833707926,16.91721156091803,0.15106519882306235
2.0,82dc0c91c2600c90,ok,noisy_sir_overfit_risk,sir,tv_sir,15,infected,0.05,29,4,-41.31402054921043,-82.68194741897833,5.898870250100165e-07,4.80964821270909e-05,0,37.68708389999847,9.410427992406767e-11,4,-74.68194741897833,-73.01528075231165,-69.21276409903243,-72.50474458027664,-68.19188321217094,-63.87902184406524,-55.25329910785385,-76.63721398743866,-65.37659562599808,3.0223667157698375,17.251445472422787,0.05390632055745965
2.0,82dc0c91c2600c90,ok,noisy_sir_overfit_risk,sir,tv_sir,16,infected,0.05,29,4,-45.68743838821072,-91.5481594286893,8.184098703979993e-07,5.182930275375819e-05,2,36.93112560000009,1.1186784831807017e-10,4,-83.5481594286893,-81.88149276202263,-78.0789761087434,-81.34588470295151,-77.03093108731507,-72.71597747167863,-64.08607024040576,-85.48853458974025,-74.1150623138757,3.029812419474523,17.259814462545748,0.17328265226785156
2.0,82dc0c91c2600c90,ok,noisy_sir_overfit_risk,sir,tv_sir,17,infected,0.05,29,4,-49.194352276540286,-98.66415587656822,2.6979369155528984e-05,5.2233512357798725e-05,1,39.02579859999969,2.7192470497539034e-11,4,-90.66415587656822,-88.99748920990154,-85.19497255662232,-88.75943493169255,-84.57924664994282,-80.39905836819307,-72.0386818046936,-92.78126263227881,-81.6679514260816,2.9414466221447055,16.720753126998964,0.27545132348764295
2.0,82dc0c91c2600c90,ok,noisy_sir_overfit_risk,sir,tv_sir,18,infected,0.05,29,4,-45.00244820044519,-90.06362384105796,3.419390506298086e-05,4.7933583645850125e-05,4,36.1143804000003,7.430145387843368e-11,4,-82.06362384105796,-80.39695717439129,-76.59444052111206,-79.94427826629106,-75.63893536803069,-71.3335924697703,-62.72290667324953,-84.0532546393668,-72.78352480784883,3.005184600845584,17.221371593041532,0.058727440167581885
2.0,82dc0c91c2600c90,ok,noisy_sir_overfit_risk,sir,tv_sir,19,infected,0.05,29,4,-49.2784256084587,-98.63814811700283,1.3293747128497292e-05,4.0266919233841556e-05,4,38.477207899999485,1.0196998800893198e-10,4,-90.63814811700283,-88.97148145033616,-85.16896479705693,-88.60119788546041,-84.33559895769682,-80.07000002993323,-71.53880217440606,-92.676717498308,-81.49445550586304,2.9807153093474206,17.062395711054354,0.08129690008544038
2.0,82dc0c91c2600c90,ok,noisy_sir_overfit_risk,sir,tv_sir,20,infected,0.05,29,4,-48.90455958356076,-97.95097393811065,7.977530439474613e-06,5.865590541576644e-05,4,37.14343089999966,1.000444171950221e-11,4,-89.95097393811065,-88.28430727144398,-84.48179061816475,-87.77799020821902,-83.43735702989648,-79.09672385157391,-70.4154574949288,-91.90874643953504,-80.4465864538313,3.021113749287803,17.362532713290218,0.14185477098912336
2.0,82dc0c91c2600c90,ok,noisy_sir_overfit_risk,sir,tv_sir,21,infected,0.05,29,4,-49.27235375992294,-98.63751724694511,4.1079192546133535e-05,3.07328407308082e-05,4,36.92860129999826,2.3376856006507296e-11,4,-90.63751724694511,-88.97085058027844,-85.16833392699921,-88.44029487079369,-84.15433717940067,-79.86837948800765,-71.29646410522162,-92.58089324299331,-81.40087675427381,3.0283120019758947,17.14383076557208,0.09280972709922258
2.0,82dc0c91c2600c90,ok,noisy_sir_overfit_risk,sir,tv_sir,22,infected,0.05,29,4,-46.280438418179145,-92.62188624859607,4.010810309139904e-05,5.871985306797076e-05,4,36.55948999999964,2.0058621430507628e-11,4,-84.62188624859607,-82.9552195819294,-79.15270292865017,-82.49718266580562,-78.17573979357418,-73.85429692134274,-65.21141117687985,-86.60833466656527,-75.27510534743251,3.006775791015403,17.285771488925775,0.061009412237785575
2.0,82dc0c91c2600c90,ok,noisy_sir_overfit_risk,sir,tv_sir,23,infected,0.05,29,4,-49.08152189699799,-98.20704630478538,2.253684589426071e-05,3.970527010799068e-05,0,36.95264710000083,4.3712589103961363e-11,4,-90.20704630478538,-88.54037963811871,-84.73786298483948,-87.99656276940107,-83.64565008708865,-79.29473740477623,-70.59291204015139,-92.14254585640907,-80.7593930647463,3.03225022418815,17.403650729249676,0.0440025107893958
2.0,82dc0c91c2600c90,ok,noisy_sir_overfit_risk,sir,tv_sir,24,infected,0.05,29,4,-51.7877507725756,-103.6107321758488,3.206182006071177e-05,5.7089332848378615e-05,3,37.26659370000016,1.794830950530013e-11,4,-95.6107321758488,-93.94406550918212,-90.1415488559029,-93.53822307076817,-89.29939517974957,-85.06056728873097,-76.58291150669376,-97.62818142079911,-86.62018998107679,2.991275377524844,16.955311564074407,0.035230630697595924
2.0,82dc0c91c2600c90,ok,noisy_sir_overfit_risk,sir,tv_sir,25,infected,0.05,29,4,-39.612170438777504,-79.29043446673242,1.4750838151281392e-05,5.2046430644602656e-05,1,37.65751310000087,3.33244543071487e-11,4,-71.29043446673242,-69.62376780006575,-65.82125114678652,-69.22599541413497,-64.94585577161834,-60.665716129101725,-52.10543684406847,-73.31267690651362,-62.10378230748851,2.9888787801094034,17.1205585700665,0.06609358917741112
2.0,82dc0c91c2600c90,ok,noisy_sir_overfit_risk,sir,tv_sir,26,infected,0.05,29,4,-46.29244795911346,-92.97029778372936,4.110359596879026e-06,4.503423789063092e-05,2,35.67230350000136,1.0743406164692715e-11,4,-84.97029778372936,-83.3036311170627,-79.50111446378347,-82.58592823382645,-78.22841619060722,-73.87090414738799,-65.15588006094953,-86.80251801372643,-75.15484774535,3.083889885001469,17.43004817287693,0.3854018655024444
2.0,82dc0c91c2600c90,ok,noisy_sir_overfit_risk,sir,tv_sir,27,infected,0.05,29,4,-39.89997349639885,-79.87012018818236,5.131478769310777e-05,2.2598499896525565e-05,1,36.769009699999515,9.897149766402435e-11,4,-71.87012018818236,-70.20345352151568,-66.40093686823646,-69.87209678624339,-65.67021700021567,-61.46833721418796,-53.064577642132534,-73.93181009798803,-62.992427848686845,2.9691550450971578,16.80751914411086,0.0701731953846595
2.0,82dc0c91c2600c90,ok,noisy_sir_overfit_risk,sir,tv_sir,28,infected,0.05,29,4,-46.46387062847312,-92.99477906861256,1.1444204596849431e-07,5.405265549920781e-05,0,38.09754049999901,1.9827695041385596e-10,4,-84.99477906861256,-83.32811240194589,-79.52559574866666,-82.94968625657533,-78.68091606911412,-74.4121458816529,-65.87460550673046,-87.02851217718973,-75.85266050710138,2.9831334457114136,17.075080749844865,0.06703781166633105
2.0,82dc0c91c2600c90,ok,noisy_sir_overfit_risk,sir,tv_sir,29,infected,0.05,29,4,-46.77835214028003,-93.81961459295762,1.0552420176041277e-05,7.546363922249085e-05,4,35.90868760000012,8.825651320876204e-11,4,-85.81961459295762,-84.15294792629095,-80.35043127301172,-83.54203305312546,-79.21036617479767,-74.87869929646988,-66.21536553981429,-87.71526139160945,-76.23003676724888,3.0521766006740885,17.326667513311175,0.2629103123975687
2.0,82dc0c91c2600c90,ok,noisy_sir_overfit_risk,sir,tv_sir,30,infected,0.05,29,4,-45.58993016377238,-91.32606358273802,3.1696137332577846e-06,3.239362975111888e-05,2,36.617045099999814,2.6183499812759692e-11,4,-83.32606358273802,-81.65939691607134,-77.85688026279212,-81.21900600890513,-76.91678597216263,-72.61456593542012,-64.01012586193512,-85.32299281964828,-73.97098018057476,3.0015353815448673,17.208880146970007,0.1462032551932622
2.0,82dc0c91c2600c90,ok,noisy_sir_overfit_risk,sir,tv_sir,31,infected,0.05,29,4,-38.54371048647321,-77.18319864218574,6.746561371814942e-06,5.832790526047745e-05,3,37.81795290000082,9.677592061052565e-12,4,-69.18319864218574,-67.51653197551907,-63.714015322239845,-67.16275376480492,-62.915282118452666,-58.667810472100406,-50.172867179395894,-71.23157135233097,-60.097534387537394,2.975813644927383,16.989886585409025,0.09577766923933065
2.0,82dc0c91c2600c90,ok,noisy_sir_overfit_risk,sir,tv_sir,32,infected,0.05,29,4,-48.00488239427369,-96.14603869370279,1.932191648906214e-05,4.975210779223725e-05,3,37.70357420000073,1.0263079275318887e-10,4,-88.14603869370279,-86.47937202703612,-82.6768553737569,-85.94070986439786,-81.64046448186551,-77.34021909933317,-68.73972833426848,-90.08459987479989,-78.808783258418,3.0307194094514474,17.200981530129383,0.13627390515540305
2.0,82dc0c91c2600c90,ok,noisy_sir_overfit_risk,sir,tv_sir,33,infected,0.05,29,4,-49.568454069520776,-99.27498650787751,5.673235719779643e-05,5.056873969668535e-05,1,38.57366709999951,1.6342482922482304e-13,4,-91.27498650787751,-89.60831984121084,-85.80580318793162,-89.10590869194769,-84.82940774719384,-80.55290680244,-71.99990491293231,-93.23507892068423,-82.03090436002617,3.0199537935966454,17.106003779015378,0.13807836883596422
2.0,82dc0c91c2600c90,ok,noisy_sir_overfit_risk,sir,tv_sir,34,infected,0.05,29,4,-48.75193573385902,-97.57419268596507,2.4914059155300845e-05,7.53923382689189e-05,1,35.78437920000033,3.468159093245049e-11,4,-89.57419268596507,-87.9075260192984,-84.10500936601917,-87.48903702276714,-83.18159116093317,-78.8741452990992,-70.25925357543127,-91.58413052784549,-80.27408802038218,2.995031079059794,17.22978344733587,0.07032121824703148
2.0,82dc0c91c2600c90,ok,noisy_sir_overfit_risk,sir,tv_sir,35,infected,0.05,29,4,-44.84664843521255,-89.91521730649418,2.9195881105690732e-05,3.9263384484749384e-05,0,38.80828199999996,6.692602028124384e-11,4,-81.91521730649418,-80.24855063982751,-76.44603398654829,-79.99155907458089,-75.78823450029175,-71.58490992600262,-63.17826077742434,-84.0210762907028,-72.87999857326855,2.9470705078956936,16.813298297156546,0.2219204360690769
2.0,82dc0c91c2600c90,ok,noisy_sir_overfit_risk,sir,tv_sir,36,infected,0.05,29,4,-49.00500812721825,-98.06016921240433,8.37375684349457e-05,3.622644898196915e-05,1,35.28526700000111,1.2718714970105793e-12,4,-90.06016921240433,-88.39350254573766,-84.59098589245843,-87.92964454947158,-83.61431141103073,-79.29897827258986,-70.66831199570817,-92.04316020908581,-80.74868370067308,3.0085045016592575,17.26133255376341,0.050152957967833804
2.0,82dc0c91c2600c90,ok,noisy_sir_overfit_risk,sir,tv_sir,37,infected,0.05,29,4,-47.438692478571106,-95.00571374693786,5.292261708568407e-05,4.2924214853480525e-05,0,35.41120369999953,6.94910795573378e-12,4,-87.00571374693786,-85.33904708027119,-81.53653042699196,-84.939851759251,-80.6406953895483,-76.3415390198456,-67.74322628044021,-89.02711103668695,-77.68075947833142,2.989301355125454,17.196625478810795,0.1283287897956434
2.0,82dc0c91c2600c90,ok,noisy_sir_overfit_risk,sir,tv_sir,38,infected,0.05,29,4,-46.38056149016954,-92.82719193224742,5.810130903676364e-06,4.681219247463984e-05,1,35.4197279,3.709033080667723e-12,4,-84.82719193224742,-83.16052526558074,-79.35800861230152,-82.6110299223017,-78.29632017083867,-73.98161041937564,-65.35219091644957,-86.75931876294126,-75.50228397448696,3.0339365846530804,17.258839005852124,0.06606895190833527
2.0,82dc0c91c2600c90,ok,noisy_sir_overfit_risk,sir,tv_sir,39,infected,0.05,29,4,-41.24469272804178,-82.65772311436658,3.449802781844999e-07,4.059413286989686e-05,2,35.91100000000006,9.546852197672706e-11,4,-74.65772311436658,-72.9910564476999,-69.18853979442068,-72.56703184840939,-68.30925058132064,-64.05146931423188,-55.53590678005438,-76.66437309379667,-65.45826038772856,2.99667501028495,17.031125068355003,0.1683376582830216
2.0,82dc0c91c2600c90,ok,noisy_sir_overfit_risk,sir,tv_sir,40,infected,0.05,29,4,-51.06218011946271,-102.2336755806105,2.292887223117145e-05,2.992063274458244e-05,3,35.41669720000027,8.690648201081785e-11,4,-94.2336755806105,-92.56700891394382,-88.7644922606646,-92.08492258831652,-87.744157055515,-83.40339152271348,-74.72186045711045,-96.20583989007376,-84.76129810771936,3.013917845268364,17.363062131206068,0.10931534168507237
2.0,82dc0c91c2600c90,ok,noisy_sir_overfit_risk,sir,tv_sir,41,infected,0.05,29,4,-46.40825788538756,-92.93466825819222,5.122320790231707e-05,6.0160158199992806e-05,3,37.152366399999664,1.46009426771343e-10,4,-84.93466825819222,-83.26800159152555,-79.46548493824632,-82.72708887039593,-78.36129574557594,-73.99550262075596,-65.26391637111598,-86.8718927236546,-75.35334327149518,3.0313877672688134,17.463172499279946,0.11815248741709791
2.0,82dc0c91c2600c90,ok,noisy_sir_overfit_risk,sir,tv_sir,42,infected,0.05,29,4,-45.35397332095381,-90.90784549482672,3.839974915105003e-06,2.830314526815232e-05,3,36.83522460000131,3.006306315000984e-11,4,-82.90784549482672,-81.24117882816005,-77.43866217488082,-80.63038756646104,-76.29931310392378,-71.96823864138652,-63.30608971631201,-84.80356571231235,-73.38364879175859,3.0521398912571818,17.32429785014903,0.19989885291908427
2.0,82dc0c91c2600c90,ok,noisy_sir_overfit_risk,sir,tv_sir,43,infected,0.05,29,4,-46.96813058627573,-94.35731054825692,4.17142052041489e-05,2.3915021280669562e-05,3,36.71989539999959,2.4130031306413002e-11,4,-86.35731054825692,-84.69064388159025,-80.88812722831102,-84.0194840023865,-79.7001455237904,-75.3808070451943,-66.74213008800209,-88.21717492143738,-76.65890725816703,3.070067813409772,17.277353914384413,0.42104937570545875
2.0,82dc0c91c2600c90,ok,noisy_sir_overfit_risk,sir,tv_sir,44,infected,0.05,29,4,-42.89027698024274,-85.89526526171016,1.513957642937089e-06,5.2642595693514374e-05,4,37.69326750000073,1.0473399925103877e-10,4,-77.89526526171016,-76.2285985950435,-72.42608194176427,-75.62777240022528,-71.2888831332619,-66.94999386629854,-58.272215332371786,-79.79690421481271,-68.42499689263198,3.0491805234487286,17.355557067853493,0.11471130122468409
2.0,82dc0c91c2600c90,ok,noisy_sir_overfit_risk,sir,tv_sir,45,infected,0.05,29,4,-49.39691723209493,-99.02232903227518,9.867254842491369e-06,1.0301842965893398e-05,2,35.41939579999962,4.4366288420860656e-11,4,-91.02232903227518,-89.35566236560851,-85.55314571232928,-89.1026725733216,-84.89886110196717,-80.69504963061276,-72.2874266879039,-93.13056486316538,-81.97858857877216,2.945882084554902,16.815245885417692,0.22849456808532861
2.0,82dc0c91c2600c90,ok,noisy_sir_overfit_risk,sir,tv_sir,46,infected,0.05,29,4,-40.45256264457221,-80.96745196182019,1.1391698490074682e-05,3.313168255022121e-05,4,36.609344799999235,5.097433586342959e-11,4,-72.96745196182019,-71.30078529515352,-67.49826864187429,-70.8970233487265,-66.60815158781264,-62.31927982689879,-53.74153630507108,-74.98613691167556,-63.749638245488995,2.9906575250723173,17.155487043655427,0.06232667267575942
2.0,82dc0c91c2600c90,ok,noisy_sir_overfit_risk,sir,tv_sir,47,infected,0.05,29,4,-50.109835053554626,-100.32944854198222,3.8115883871501637e-06,5.348971253575352e-05,2,37.35989270000027,9.946177215169882e-11,4,-92.32944854198222,-90.66278187531555,-86.86026522203632,-90.16231465691362,-85.83559877419688,-81.50888289148014,-72.85545112604666,-94.29069554943067,-82.91280657624229,3.0193764962757745,17.306863530866963,0.10977843487296093
2.0,82dc0c91c2600c90,ok,noisy_sir_overfit_risk,sir,tv_sir,48,infected,0.05,29,4,-49.02267029721588,-98.12988590963691,5.103177809239877e-07,2.973600508819191e-05,0,37.62289849999979,3.768008127735811e-11,4,-90.12988590963691,-88.46321924297024,-84.66070258969101,-88.05377051824553,-83.7784796009486,-79.50318868365166,-70.95260684905779,-92.14519320657146,-80.94417692524402,2.9923463515327224,17.101163669187738,0.08454531520514821
2.0,82dc0c91c2600c90,ok,noisy_sir_overfit_risk,sir,tv_sir,49,infected,0.05,29,4,-53.64531388865274,-107.50139285049138,3.13543942447604e-05,3.673220031852256e-05,1,35.762228600000526,1.3557155398302712e-11,4,-99.50139285049138,-97.83472618382471,-94.03220953054549,-97.60952532066992,-93.4530961377191,-89.29666695476828,-80.98380858886665,-101.62613387162038,-90.66491104550221,2.9376294894355035,16.625716731803273,0.21076507318590837
2.0,82dc0c91c2600c90,ok,noisy_sir_overfit_risk,sir,tv_sir,50,infected,0.05,29,4,-50.354743055816066,-100.90254018705262,2.759447628776138e-05,4.349434443496751e-05,1,37.57801269999982,1.0835776720341528e-11,4,-92.90254018705262,-91.23587352038595,-87.43335686710672,-90.53770167912526,-86.14129271212107,-81.74488374511688,-72.95206581110848,-94.74636084835224,-83.12385024361535,3.0780896693501942,17.58563586801678,0.19305407542048622
2.0,82dc0c91c2600c90,ok,noisy_sir_overfit_risk,sir,tv_sir,51,infected,0.05,29,4,-49.48619505070822,-99.49466798124931,4.245413502994323e-05,2.5692719379524558e-05,1,35.470148999998855,8.221689995480119e-11,4,-91.49466798124931,-89.82800131458264,-86.02548466130341,-89.01552789823398,-84.58702313004827,-80.15851836186255,-71.3015088254911,-93.27059940390818,-81.25837102867355,3.112034288670566,17.714019072742886,0.5222778798328754
2.0,82dc0c91c2600c90,ok,noisy_sir_overfit_risk,sir,tv_sir,52,infected,0.05,29,4,-47.86622953673752,-95.81278272486486,6.447945803670542e-06,2.723996168921863e-05,1,36.57408150000083,6.16751094639767e-11,4,-87.81278272486486,-86.14611605819819,-82.34359940491896,-85.65844384680854,-81.34002883569492,-77.02161382458131,-68.38478380235406,-89.78162930636815,-78.45879902902058,3.0155767092483554,17.273660044454466,0.08032365138981362
2.0,82dc0c91c2600c90,ok,noisy_sir_overfit_risk,sir,tv_sir,53,infected,0.05,29,4,-40.538451875203315,-81.13395460441052,2.5609644119168662e-05,4.536616383185329e-05,3,38.20728290000079,6.750155989720952e-11,4,-73.13395460441052,-71.46728793774385,-67.66477128446462,-70.98818139166991,-66.71124930104419,-62.43431721041846,-53.880453029167015,-75.10788874919794,-63.96917538790373,3.0130329276062917,17.107728362502893,0.057050854003893876
2.0,82dc0c91c2600c90,ok,noisy_sir_overfit_risk,sir,tv_sir,54,infected,0.05,29,4,-48.21907328497836,-96.53737392026432,5.6393843285231806e-06,2.1171196372977074e-05,2,36.89671439999984,3.169731144225807e-11,4,-88.53737392026432,-86.87070725359764,-83.06819060031842,-86.31604680031883,-81.9952831986169,-77.67451959691499,-69.03299239351115,-90.4664329420928,-79.15509216314904,3.03547048908576,17.28305440680768,0.09922735030760477
2.0,82dc0c91c2600c90,ok,noisy_sir_overfit_risk,sir,tv_sir,55,infected,0.05,29,4,-42.3074361531746,-84.67796770408569,4.325834821388923e-05,4.687150339823859e-05,3,37.522880800001076,5.397282620833721e-11,4,-76.67796770408569,-75.01130103741902,-71.20878438413979,-74.42308630350146,-70.05199298680286,-65.68089967010424,-56.93871303670702,-78.58709721432214,-67.13049903955476,3.045435244881773,17.484373266794442,0.06309539773649307
2.0,82dc0c91c2600c90,ok,noisy_sir_overfit_risk,sir,tv_sir,56,infected,0.05,29,4,-47.503085343417766,-95.19000414406948,2.5111798531458306e-06,3.71839166645075e-05,2,37.89921679999861,5.4079407618701225e-11,4,-87.19000414406948,-85.5233374774028,-81.72082082412358,-85.22634863524668,-81.02510387263051,-76.82385911001434,-68.42136958478201,-89.27210680930348,-78.20119163637085,2.958948667382997,16.804979050464674,0.18383345723394043
2.0,82dc0c91c2600c90,ok,noisy_sir_overfit_risk,sir,tv_sir,57,infected,0.05,29,4,-42.67957911149619,-85.39704165259784,3.5864566870481987e-06,3.0291110139418648e-05,1,36.938117699999566,2.4591884084657067e-11,4,-77.39704165259784,-75.73037498593116,-71.92785833265194,-75.34204823275883,-71.09506353246151,-66.84807883216419,-58.35410943156954,-79.42489431092551,-68.37121942180309,2.9860736708361597,16.987938801189287,0.037883429605461844
2.0,82dc0c91c2600c90,ok,noisy_sir_overfit_risk,sir,tv_sir,58,infected,0.05,29,4,-46.075829678974394,-92.19236240607209,1.9917213167919232e-05,5.491547719050256e-05,0,35.82815849999861,3.9825920339353615e-11,4,-84.19236240607209,-82.52569573940542,-78.7231790861262,-82.07283047501124,-77.80029259639355,-73.52775471777584,-64.98267896054044,-86.18188251835667,-75.06150784347798,3.005239943857709,17.090151514470808,0.040703048123306655
2.0,82dc0c91c2600c90,ok,noisy_sir_overfit_risk,sir,tv_sir,59,infected,0.05,29,4,-42.946513043504105,-86.08370613310815,4.6015724240082405e-07,5.512456755648927e-05,2,37.843881599999804,5.297096095091547e-11,4,-78.08370613310815,-76.41703946644148,-72.61452281316225,-75.77780189470333,-71.42500247285085,-67.07220305099837,-58.366604207293406,-79.96253071001132,-68.48182839959829,3.0605877115484144,17.411197687409928,0.19068004609994454
2.0,82dc0c91c2600c90,ok,noisy_sir_overfit_risk,sir,tv_sir,60,infected,0.05,29,4,-46.65260461689664,-93.46956752700342,4.274237562430708e-06,5.6920834588856206e-05,0,37.25141780000013,4.68034500045178e-11,4,-85.46956752700342,-83.80290086033675,-80.00038420705752,-83.209732941239,-78.88022941834726,-74.55072589545551,-65.89171884967203,-87.37575510078388,-75.98719514222631,3.0469062131097737,17.318014091566972,0.16435829321013726
2.0,82dc0c91c2600c90,ok,noisy_sir_overfit_risk,sir,tv_sir,61,infected,0.05,29,4,-38.78775984424852,-77.67412786090173,1.1270775427406895e-05,4.233070458184312e-05,1,34.99559529999897,1.4999557151895715e-11,4,-69.67412786090173,-68.00746119423506,-64.20494454095584,-67.46516503033776,-63.15636359628546,-58.84756216223315,-50.22995929412855,-71.61053063273364,-60.34031395228783,3.0317986140840465,17.235205736209206,0.09860817240469752
2.0,82dc0c91c2600c90,ok,noisy_sir_overfit_risk,sir,tv_sir,62,infected,0.05,29,4,-46.692721118505474,-93.47434509238069,8.05615273449236e-05,5.706509569929877e-05,1,37.38375579999956,3.6202152386977104e-11,4,-85.47434509238069,-83.80767842571402,-80.00516177243479,-83.32709328564106,-79.08176863550051,-74.83644398535995,-66.34579468507884,-87.4474010286152,-76.40414363644874,3.013472031882743,16.98129860056221,0.0889028553697411
2.0,82dc0c91c2600c90,ok,noisy_sir_overfit_risk,sir,tv_sir,63,infected,0.05,29,4,-46.38264834141877,-92.82893572809846,1.7555242417019022e-05,2.9476827040919412e-05,1,35.361775900000794,7.929656931082718e-12,4,-84.82893572809846,-83.16226906143179,-79.35975240815256,-82.61772902749239,-78.3254845836158,-74.0332401397392,-65.44875125198602,-86.76400575688943,-75.59631890733118,3.0324649856045114,17.16897777550636,0.06363904526090948
2.0,82dc0c91c2600c90,ok,noisy_sir_overfit_risk,sir,tv_sir,64,infected,0.05,29,4,-50.81121376747442,-101.68048603055198,1.4028979532905237e-06,5.284708390973427e-05,4,35.30587150000065,3.977618234785041e-11,4,-93.68048603055198,-92.0138193638853,-88.21130271060608,-91.60314199179481,-87.32143501028979,-83.03972802878478,-74.47631406577474,-95.69506357433872,-84.49559960892876,2.9927112281066317,17.126827926020077,0.05805849560313619
2.0,82dc0c91c2600c90,ok,noisy_sir_overfit_risk,sir,tv_sir,65,infected,0.05,29,4,-49.43385588891476,-98.9082321696274,1.0895107323906407e-06,4.689528104064358e-05,2,37.788896199999726,3.927169700546074e-11,4,-90.9082321696274,-89.24156550296073,-85.4390488496815,-88.80681294661817,-84.51531040404878,-80.2238078614794,-71.64080277634062,-92.90851029603733,-81.701701607552,2.9998609367950335,17.166010170277538,0.04052039179787617
2.0,82dc0c91c2600c90,ok,noisy_sir_overfit_risk,sir,tv_sir,66,infected,0.05,29,4,-51.70957286429546,-103.66816157630196,2.155678528171601e-06,3.2002634660622745e-05,1,35.619745500000136,7.460698725481052e-12,4,-95.66816157630196,-94.00149490963528,-90.19897825635606,-93.42388879207356,-89.10483632325926,-84.78578385444496,-76.14767891681637,-97.58359205734196,-86.14293585333374,3.0422847594799967,17.276209875257184,0.24901584771103705
2.0,82dc0c91c2600c90,ok,noisy_sir_overfit_risk,sir,tv_sir,67,infected,0.05,29,4,-46.73581362123064,-93.53472450525143,9.091741556110191e-06,6.278954197156852e-05,4,35.36278469999888,2.120970066243899e-11,4,-85.53472450525143,-83.86805783858476,-80.06554118530553,-83.27937143753925,-78.92434455936042,-74.56931768118159,-65.85926392482392,-87.44357386954779,-76.05151972974595,3.0455753178518234,17.42010751271533,0.06309726279015569
2.0,82dc0c91c2600c90,ok,noisy_sir_overfit_risk,sir,tv_sir,68,infected,0.05,29,4,-44.11736092805515,-88.37974955561427,1.2203616184645568e-05,4.8225064517362454e-05,1,39.09638149999955,8.062528422669857e-11,4,-80.37974955561427,-78.7130828889476,-74.91056623566837,-78.17281299639632,-73.85780821262007,-69.54280342884383,-60.912793861291334,-82.31735582808784,-70.97470272100531,3.031196863763213,17.26001913510498,0.1450276995039697
2.0,82dc0c91c2600c90,ok,noisy_sir_overfit_risk,sir,tv_sir,69,infected,0.05,29,4,-51.82073499079719,-103.70006630227996,1.0347820821784343e-08,5.2050855027525884e-05,2,37.3952960000006,2.7682744985213503e-11,4,-95.70006630227996,-94.03339963561329,-90.23088298233407,-93.49560749657698,-89.16759978474728,-84.83959207291758,-76.18357664925819,-97.63914423251101,-86.32943913427559,3.030461034884474,17.312030847318795,0.058596320685587115
2.0,82dc0c91c2600c90,ok,noisy_sir_overfit_risk,sir,tv_sir,70,infected,0.05,29,4,-43.54023272362698,-87.16524116260456,1.8486736182292514e-07,3.5476019913690174e-05,0,37.96540470000036,2.1259438653942198e-11,4,-79.16524116260456,-77.49857449593789,-73.69605784265866,-77.15117543734995,-72.92244300966328,-68.69371058197662,-60.2362457266033,-81.21740276000432,-70.16553573650731,2.9739192013001214,16.91492971074665,0.08477571535059919
2.0,82dc0c91c2600c90,ok,noisy_sir_overfit_risk,sir,tv_sir,71,infected,0.05,29,4,-48.94068073018515,-98.06030420419987,3.9120882882016164e-05,2.8619885356159945e-05,1,36.343563300000824,2.3604229681950528e-11,4,-90.06030420419987,-88.3936375375332,-84.59112088425397,-87.80310366748648,-83.49797518512258,-79.19284670275869,-70.5825897380309,-91.96805626722274,-80.66084753091472,3.0461239684885624,17.220513929455578,0.1789427438295652
2.0,82dc0c91c2600c90,ok,noisy_sir_overfit_risk,sir,tv_sir,72,infected,0.05,29,4,-44.04811068834234,-88.2914301845716,4.7787377933423435e-06,2.912033203437035e-05,1,37.290506400000595,1.2146017525083153e-10,4,-80.2914301845716,-78.62476351790492,-74.8222468646257,-78.24958287692743,-73.99557852228457,-69.74157416764172,-61.23356545835601,-82.32709095531861,-71.08020395811326,2.9821696146264935,17.016017418571423,0.1952088078869128
2.0,82dc0c91c2600c90,ok,noisy_sir_overfit_risk,sir,tv_sir,73,infected,0.05,29,4,-49.407820962150396,-98.94794674009714,3.704793051655605e-05,4.6856926122315704e-05,0,37.97517429999971,5.722000651076087e-11,4,-90.94794674009714,-89.28128007343047,-85.47876342015124,-88.94484916972851,-84.67909763138717,-80.41334609304582,-71.88184301636313,-93.00662285563831,-81.75263577093541,2.970661942229415,17.06300615336538,0.132304815796347
2.0,82dc0c91c2600c90,ok,noisy_sir_overfit_risk,sir,tv_sir,74,infected,0.05,29,4,-50.93773102865785,-101.9344950229649,2.0458268750451257e-07,4.9641994225643696e-05,1,37.84478390000004,2.76614287031407e-11,4,-93.9344950229649,-92.26782835629822,-88.465311703019,-91.88448657400318,-87.62230537393145,-83.36012417385972,-74.83576177371626,-95.96530849681278,-84.82673725702878,2.9845932630760537,17.048724800286916,0.059032965649200124
2.0,82dc0c91c2600c90,ok,noisy_sir_overfit_risk,sir,tv_sir,75,infected,0.05,29,4,-44.48107624766728,-89.0749844362267,2.8894262674735855e-07,3.213653404091205e-05,0,37.02644970000074,7.549516567451064e-11,4,-81.0749844362267,-79.40831776956003,-75.6058011162808,-79.0537907106421,-74.78933127796623,-70.52487184529035,-61.99595297993859,-83.12291236917292,-71.90431476463105,2.976036033526892,17.057837730703515,0.11283194089213383
2.0,82dc0c91c2600c90,ok,noisy_sir_overfit_risk,sir,tv_sir,76,infected,0.05,29,4,-51.84827881366743,-103.76757220334854,1.246475354525143e-06,4.548560887003983e-05,4,38.528053300000465,5.349676257537794e-11,4,-95.76757220334854,-94.10090553668186,-90.29838888340264,-93.6958171575781,-89.41918072996555,-85.142544302353,-76.58927144712789,-97.78546932062623,-86.59001191688463,2.991051441361148,17.106545710450217,0.07101457601368448
2.0,82dc0c91c2600c90,ok,noisy_sir_overfit_risk,sir,tv_sir,77,infected,0.05,29,4,-52.14699976519878,-104.66682542236298,0.0004089496847425391,5.657821669545904e-05,0,37.313575400001355,1.8118839761882555e-11,4,-96.66682542236298,-95.0001587556963,-91.19764210241708,-94.72439999949925,-90.45488756001144,-86.18537512052363,-77.64635024154799,-98.76153766336994,-87.2159497724463,2.95264387949652,17.07804975795126,0.37282589196542293
2.0,82dc0c91c2600c90,ok,noisy_sir_overfit_risk,sir,tv_sir,78,infected,0.05,29,4,-51.0336425131679,-102.187357629123,3.86023488561395e-05,4.719173445936847e-05,3,36.3439957999999,1.4097167877480388e-11,4,-94.187357629123,-92.52069096245633,-88.7181743091771,-92.0333190785802,-87.7685217819174,-83.5037244852546,-74.97412989192898,-96.15638258967505,-85.00809583968459,3.0154875197239734,17.059189186651217,0.12007260278719933
2.0,82dc0c91c2600c90,ok,noisy_sir_overfit_risk,sir,tv_sir,79,infected,0.05,29,4,-45.23725876867122,-90.5397659842023,2.3181756321871166e-06,4.385088072242867e-05,3,33.56442610000158,5.140776693224325e-11,4,-82.5397659842023,-80.87309931753563,-77.0705826642564,-80.36992863211066,-76.05813307796832,-71.74633752382599,-63.1227464155413,-84.4994072717143,-73.22733532077308,3.0201793562439985,17.247182216569357,0.06524844685986188
2.0,86373cf3adf4e76b,ok,noisy_sir_overfit_risk,sir,ude_sir_h2,0,infected,0.05,29,11,-46.06875624803032,-92.86487123773372,1.9991852468275907e-05,6.066343333638892e-05,0,65.22835099999975,2.3216983890961274e-10,6,-70.86487123773372,-55.33545947302784,-55.82461710788251,-83.00778191253148,-79.07249193666438,-75.13720196079726,-67.26662200906304,-87.01026871815537,-76.3963525925922,2.927301259789173,15.741159903468446,0.7273587416730849
2.0,86373cf3adf4e76b,ok,noisy_sir_overfit_risk,sir,ude_sir_h2,1,infected,0.05,29,11,-40.593469646251926,-81.55112166311585,1.1661971538530344e-05,3.949813532469887e-05,0,65.52824639999926,1.1041834113711957e-11,6,-59.55112166311585,-44.021709898409966,-44.51086753326464,-72.2128761070139,-68.54617400184073,-64.87947189666757,-57.54606768632122,-76.00468557458278,-66.52013087181118,2.7732180442665344,14.666808420692671,0.3641823706119951
2.0,86373cf3adf4e76b,ok,noisy_sir_overfit_risk,sir,ude_sir_h2,2,infected,0.05,29,11,-53.781715776582686,-108.41469680325915,0.00013472813644153133,5.0126855495300015e-05,1,59.69618799999989,3.7120173601579154e-10,6,-86.41469680325915,-70.88528503855326,-71.37444267340794,-98.55828031212287,-94.67452210237597,-90.79076389262906,-83.02324747313526,-102.56049391240363,-92.02839871417775,2.92710144542776,15.535032838987618,0.8512652500937677
2.0,86373cf3adf4e76b,ok,noisy_sir_overfit_risk,sir,ude_sir_h2,3,infected,0.05,29,11,-45.60204739750347,-91.31915632541111,3.1691394452300924e-06,7.020192019959134e-06,3,64.61666549999973,2.57196575148555e-09,6,-69.31915632541111,-53.78974456070523,-54.2789021955599,-82.90223231020984,-79.39105355379436,-75.87987479737889,-68.85751728454792,-86.3199377000401,-77.15937976934502,2.4996093126855095,14.044715025661914,0.11506153040418139
2.0,86373cf3adf4e76b,ok,noisy_sir_overfit_risk,sir,ude_sir_h2,4,infected,0.05,29,11,-44.2761956239603,-88.78038043572404,5.474884479687297e-06,3.707216659907664e-05,0,64.64645980000023,4.828137889489881e-11,6,-66.78038043572404,-51.25096867101816,-51.74012630587283,-79.69084152893795,-76.09418447490984,-72.49752742088171,-65.30421331282548,-83.38166326579686,-74.16576303180813,2.6993585849635906,14.386628216112475,0.22798918780344907
2.0,86373cf3adf4e76b,ok,noisy_sir_overfit_risk,sir,ude_sir_h2,5,infected,0.05,29,11,-50.207782664615856,-100.54573343606893,1.0530867609366238e-06,2.5781637288372338e-05,2,61.677839899999526,7.605933660670416e-09,6,-78.54573343606893,-63.016321671363045,-63.505479306217715,-92.06931463737868,-88.55544429585807,-85.04157395433747,-78.01383327129625,-95.51117797871589,-86.36008396314928,2.5172777286765147,14.055481366082436,0.1301681068372127
2.0,86373cf3adf4e76b,ok,noisy_sir_overfit_risk,sir,ude_sir_h2,6,infected,0.05,29,11,-50.67024498648167,-101.598717125214,4.1133432830535635e-06,3.180744437992866e-05,3,58.282055699999546,1.0511769232834922e-10,6,-79.598717125214,-64.06930536050811,-64.55846299536279,-92.28812173511159,-88.55679307044107,-84.82546440577057,-77.36280707642956,-96.06870380877794,-86.4151753142813,2.765006658218031,14.925314658682034,0.2582271522506579
2.0,86373cf3adf4e76b,ok,noisy_sir_overfit_risk,sir,ude_sir_h2,7,infected,0.05,29,11,-48.67582352104538,-97.99143451325483,9.717662971455605e-05,2.234628827169367e-05,4,65.15140939999947,3.3085001405197545e-10,6,-75.99143451325483,-60.46202274854895,-60.95118038340362,-88.31319334645613,-84.47330483476506,-80.63341632307399,-72.95363929969183,-92.24305857276755,-81.99209299532646,2.874187970243639,15.359554046764302,0.6397874711640743
2.0,86373cf3adf4e76b,ok,noisy_sir_overfit_risk,sir,ude_sir_h2,8,infected,0.05,29,11,-39.02522326492957,-78.37969452660556,1.6401646712817126e-05,1.74158921637401e-05,0,62.506706699999995,1.0195080335506645e-09,6,-56.37969452660556,-40.85028276189968,-41.33944039675435,-68.93967639149662,-65.14335871289333,-61.34704103429004,-53.75440567708345,-72.77281077671724,-62.86517581544597,2.803441874944165,15.18527071441317,0.32924799674641636
2.0,86373cf3adf4e76b,ok,noisy_sir_overfit_risk,sir,ude_sir_h2,9,infected,0.05,29,11,-50.3511939335839,-101.54298330593652,3.23064827411291e-05,3.810758695259723e-05,0,66.85724830000072,1.7755041881173383e-10,6,-79.54298330593652,-64.01357154123063,-64.5027291760853,-91.92125844514024,-88.24421161267506,-84.56716478020988,-77.2130711152795,-95.82817513546762,-85.99420053730707,2.85740408523445,14.70818732986073,0.8405954387687211
2.0,86373cf3adf4e76b,ok,noisy_sir_overfit_risk,sir,ude_sir_h2,10,infected,0.05,29,11,-50.17263121658184,-100.47491557668246,6.084426989105181e-05,4.0440112171150094e-05,2,76.57808739999928,4.043059220748546e-10,6,-78.47491557668246,-62.94550381197658,-63.43466144683125,-91.72771135034819,-88.15628802238079,-84.5848646944134,-77.44201803847861,-95.27952754546847,-86.0595691212941,2.5976940156070003,14.285693311869585,0.12965314351877735
2.0,86373cf3adf4e76b,ok,noisy_sir_overfit_risk,sir,ude_sir_h2,11,infected,0.05,29,11,-48.958601971036295,-99.52053683173233,4.9056698979963095e-05,2.4129133848309913e-05,2,64.1477130000003,3.33315597345063e-11,6,-77.52053683173233,-61.991125067026445,-62.480282701881116,-89.52144325815145,-85.83365167038055,-82.14586008260963,-74.77027690706781,-93.58159111479421,-83.16603759098895,2.969472858469061,14.751166351083638,1.6033328896597336
2.0,86373cf3adf4e76b,ok,noisy_sir_overfit_risk,sir,ude_sir_h2,12,infected,0.05,29,11,-42.492158817466496,-85.2832524124959,1.8138866644807108e-05,3.67667895756673e-05,3,74.5153010999984,1.3961454214950209e-10,6,-63.2832524124959,-47.753840647790014,-48.242998282644685,-76.04785566455097,-72.4017799036763,-68.75570414280162,-61.46355262105228,-79.79790320990918,-70.4000145914343,2.742674601293356,14.584303043498688,0.298934777562911
2.0,86373cf3adf4e76b,ok,noisy_sir_overfit_risk,sir,ude_sir_h2,13,infected,0.05,29,11,-44.95956857838704,-90.1798904899897,1.971332296586382e-05,2.203462458268696e-05,0,72.41391699999986,1.5667858122014877e-07,6,-68.1798904899897,-52.65047872528382,-53.13963636013849,-81.21927937143363,-77.596216426356,-73.97315348127836,-66.72702759112309,-84.85774977472497,-75.42688537646356,2.661070357632366,14.492251780310532,0.26075333321561744
2.0,86373cf3adf4e76b,ok,noisy_sir_overfit_risk,sir,ude_sir_h2,14,infected,0.05,29,11,-53.72817636216751,-108.12163222443799,0.0001496272891779742,2.566276887006111e-05,4,61.111046899999565,3.6713743156724377e-11,6,-86.12163222443799,-70.5922204597321,-71.08137809458677,-98.4670839321121,-94.65686901335916,-90.84665409460621,-83.2262242571003,-102.38732862904247,-92.21549304932321,2.8671517976977587,15.2408596750118,0.6652795001029739
2.0,86373cf3adf4e76b,ok,noisy_sir_overfit_risk,sir,ude_sir_h2,15,infected,0.05,29,11,-41.20551448637627,-82.63279313567797,1.2155319901896463e-06,9.284433514542936e-06,1,62.54678899999999,1.7521415429655463e-09,6,-60.63279313567797,-45.10338137097209,-45.59253900582676,-73.43110095847923,-69.73517348400847,-66.0392460095377,-58.64739106059618,-77.16746270925346,-67.62731907486949,2.7326652132122575,14.78370989788306,0.22176416292542356
2.0,86373cf3adf4e76b,ok,noisy_sir_overfit_risk,sir,ude_sir_h2,16,infected,0.05,29,11,-45.21931046957588,-91.12583277430141,4.969480430266264e-06,3.0613915168087945e-05,3,75.10716700000012,2.5010393756019766e-10,6,-69.12583277430141,-53.59642100959553,-54.0855786444502,-81.3748011955869,-77.50398608115272,-73.63317096671854,-65.89154073785018,-85.3342230844847,-74.95536048141504,2.8958048449083513,15.483260457736717,0.6872118351496481
2.0,86373cf3adf4e76b,ok,noisy_sir_overfit_risk,sir,ude_sir_h2,17,infected,0.05,29,11,-48.305066443254624,-97.97935006019964,3.087248575303466e-05,3.299082869116291e-05,4,62.299073500000304,1.3356782346818363e-10,6,-75.97935006019964,-60.44993829549375,-60.93909593034842,-88.26522911421111,-84.67680379116823,-81.08837846812533,-73.91152782203956,-92.20966338195637,-82.2564315943377,2.884843339121634,14.353701292171552,1.3692171736903893
2.0,86373cf3adf4e76b,ok,noisy_sir_overfit_risk,sir,ude_sir_h2,18,infected,0.05,29,11,-44.91948297999806,-89.90472151400974,2.097797370994923e-05,3.5057543473323846e-05,0,69.16897049999898,8.252591499058326e-09,6,-67.90472151400974,-52.37530974930385,-52.86446738415852,-82.04233549942832,-78.61154806117116,-75.18076062291401,-68.3191857463997,-85.23486985169649,-76.1158162069675,2.3349258311566268,13.723149753028617,0.06575555401361675
2.0,86373cf3adf4e76b,ok,noisy_sir_overfit_risk,sir,ude_sir_h2,19,infected,0.05,29,11,-49.055475412815056,-98.46059790355108,8.050567360670353e-06,3.130458737141567e-05,3,66.40356119999888,1.908517788251629e-11,6,-76.46059790355108,-60.93118613884519,-61.42034377369986,-89.1538330049424,-85.50833543235656,-81.8628378597707,-74.57184271459901,-92.93285970144244,-83.52896053528673,2.7638691010543215,14.581990290343379,0.34964707792096783
2.0,86373cf3adf4e76b,ok,noisy_sir_overfit_risk,sir,ude_sir_h2,20,infected,0.05,29,11,-48.86154405702368,-98.06311180064287,1.2222737099084632e-05,3.976058654782873e-05,1,70.87939140000162,1.9826131847366923e-09,6,-76.06311180064287,-60.53370003593699,-61.02285767079166,-88.76188392622078,-85.07712262111507,-81.39236131600937,-74.02283870579797,-92.53866230523904,-82.98404289362455,2.762224747701916,14.739045220422815,0.34002368659552035
2.0,86373cf3adf4e76b,ok,noisy_sir_overfit_risk,sir,ude_sir_h2,21,infected,0.05,29,11,-49.01830356132863,-98.40666514440564,4.529435320465896e-05,3.390767664439169e-05,0,65.43111279999903,1.3812240240440588e-10,6,-76.40666514440564,-60.87725337969975,-61.36641101455442,-88.98818267374918,-85.23763203149467,-81.48708138924016,-73.98598010473115,-92.81257246815017,-83.03440455363923,2.7970463381277337,15.00220256901803,0.37005802174837976
2.0,86373cf3adf4e76b,ok,noisy_sir_overfit_risk,sir,ude_sir_h2,22,infected,0.05,29,11,-46.20768610336627,-92.5584331703648,3.2056581048896375e-05,2.6680588379721815e-05,0,66.89315260000149,1.0161471664105193e-10,6,-70.5584331703648,-55.02902140565891,-55.51817904051358,-83.75108233090053,-80.17454589590112,-76.5980094609017,-69.44493659090287,-87.32732115399072,-78.10922646673488,2.615556008187034,14.306145739997664,0.14306096363225027
2.0,86373cf3adf4e76b,ok,noisy_sir_overfit_risk,sir,ude_sir_h2,23,infected,0.05,29,11,-49.079954406771236,-98.21945794957587,2.1167342494085656e-05,4.438834756215906e-05,2,68.60645979999936,1.0639809033818892e-09,3,-76.21945794957587,-60.690046184869985,-61.179203819724655,-91.49423289534434,-88.14286233417502,-84.7914917730057,-78.08875065066705,-94.22502123015134,-84.75442656886518,1.9972183597122646,13.405482244677286,0.05954913603339962
2.0,86373cf3adf4e76b,ok,noisy_sir_overfit_risk,sir,ude_sir_h2,24,infected,0.05,29,11,-51.76382326863977,-103.59466235924968,3.8622345623501814e-05,3.930629691155231e-05,1,58.77573940000002,8.687095487402985e-11,3,-81.59466235924968,-66.0652505945438,-66.55440822939846,-96.87081147792986,-93.57955750980159,-90.28830354167332,-83.70579560541677,-99.6010418276394,-90.36263066476644,1.9968102658051374,13.165015872513088,0.06701582197015113
2.0,86373cf3adf4e76b,ok,noisy_sir_overfit_risk,sir,ude_sir_h2,25,infected,0.05,29,11,-39.44337360346945,-79.14362874977655,9.365880956219277e-06,3.745047663455903e-05,4,66.53985680000005,1.1885248341059196e-10,6,-57.14362874977655,-41.61421698507067,-42.10337461992534,-69.953033003082,-66.32484879051864,-62.696664577955296,-55.440296152828594,-73.68488903059276,-64.3740103566855,2.729369859591897,14.5127368502534,0.25688154283764375
2.0,86373cf3adf4e76b,ok,noisy_sir_overfit_risk,sir,ude_sir_h2,26,infected,0.05,29,11,-46.183868866715805,-92.41498424599044,1.47661334155549e-06,8.405321517858229e-05,3,79.37481079999998,3.6314489193500776e-09,4,-70.41498424599044,-54.885572481284555,-55.374730116139226,-85.6908034161366,-82.38289292053717,-79.07498242493774,-72.45916143373888,-88.42116774197342,-79.13609575103389,1.9969082520085089,13.231641982397713,0.04724651255882671
2.0,86373cf3adf4e76b,ok,noisy_sir_overfit_risk,sir,ude_sir_h2,27,infected,0.05,29,11,-39.79693868196654,-79.8299309195782,5.562223311481309e-05,3.822606201590883e-05,2,78.77997549999964,3.51853657321044e-10,6,-57.8299309195782,-42.30051915487232,-42.78967678972699,-70.83224301594873,-67.27794382268314,-63.723644629417535,-56.615046242886336,-74.48576850681769,-65.37668059087068,2.6720812063802555,14.217196773062394,0.23605355564512592
2.0,86373cf3adf4e76b,ok,noisy_sir_overfit_risk,sir,ude_sir_h2,28,infected,0.05,29,11,-46.29154401730073,-92.92300362040467,4.1027137626054977e-08,4.62225882735607e-05,2,72.83943109999927,3.4065550380546483e-10,6,-70.92300362040467,-55.39359185569879,-55.88274949055346,-83.61827563739321,-79.96410735295359,-76.30993906851396,-69.0016024996347,-87.39647524107374,-77.96641489684295,2.7632641896654606,14.616673137758507,0.33991558580320735
2.0,86373cf3adf4e76b,ok,noisy_sir_overfit_risk,sir,ude_sir_h2,29,infected,0.05,29,11,-46.7331532320799,-93.5402490283952,8.07496773140945e-06,1.0732051575010896e-05,3,67.43351830000029,4.635547199427492e-07,6,-71.5402490283952,-56.01083726368931,-56.49999489854398,-86.09497966149293,-82.71467821071175,-79.33437675993056,-72.5737738583682,-89.11814313523274,-79.94510066103507,2.2110529465812254,13.521205803124724,0.07394256423538972
2.0,86373cf3adf4e76b,ok,noisy_sir_overfit_risk,sir,ude_sir_h2,30,infected,0.05,29,11,-45.41851728298227,-91.45930918217056,1.0423338658025581e-05,3.627836666942994e-05,2,68.51893790000031,1.134878857556032e-10,6,-69.45930918217056,-53.92989741746467,-54.419055052319344,-81.95559768324893,-78.28761900116157,-74.61964031907421,-67.2836829548995,-85.81459486019796,-76.16511983761512,2.822357160986302,14.671914728349426,0.622274616206008
2.0,86373cf3adf4e76b,ok,noisy_sir_overfit_risk,sir,ude_sir_h2,31,infected,0.05,29,11,-38.284962225941996,-76.8963228806349,2.5152368343196733e-06,4.0911627442066594e-05,4,65.07194200000049,6.03037619839597e-11,6,-54.8963228806349,-39.366911115929014,-39.856068750783685,-67.61102848521666,-63.97598575023702,-60.34094301525738,-53.0708575452981,-71.38133704973121,-62.029753511965424,2.7574929154518437,14.540170939918568,0.3263984287509108
2.0,86373cf3adf4e76b,ok,noisy_sir_overfit_risk,sir,ude_sir_h2,32,infected,0.05,29,11,-47.70216409347697,-96.10352610048764,3.211457049438789e-05,6.15930224994321e-05,2,68.56089340000108,4.120650487493549e-10,6,-74.10352610048764,-58.57411433578176,-59.06327197063643,-86.31610689549485,-82.4193988195688,-78.52269074364274,-70.72927459179064,-90.29030403794489,-79.81749588324973,2.9066110312713755,15.586832303704218,0.6991979135336974
2.0,86373cf3adf4e76b,ok,noisy_sir_overfit_risk,sir,ude_sir_h2,33,infected,0.05,29,11,-49.403685085944296,-99.23840378105822,6.428926936612838e-05,5.693533649810473e-05,4,66.96859020000011,1.0242473535981844e-10,6,-77.23840378105822,-61.70899201635234,-62.19814965120701,-89.72395055945432,-85.92753720616784,-82.13112385288137,-74.53829714630842,-93.5873094299913,-83.62171675874269,2.8255471755334667,15.185653413145902,0.4310336091696351
2.0,86373cf3adf4e76b,ok,noisy_sir_overfit_risk,sir,ude_sir_h2,34,infected,0.05,29,11,-48.56657124377711,-97.47304467554397,2.069926532899772e-05,2.4103646281573203e-05,0,70.04070310000134,3.793005021179852e-09,6,-75.47304467554397,-59.94363291083809,-60.43279054569276,-88.1522774932096,-84.47788791331976,-80.80349833342993,-73.45471917365028,-91.93698983929764,-82.4355841679949,2.768027418123171,14.697558319559324,0.3399021879897499
2.0,86373cf3adf4e76b,ok,noisy_sir_overfit_risk,sir,ude_sir_h2,35,infected,0.05,29,11,-44.21713791044765,-89.47343218220456,1.9817201558384986e-05,2.8018924286056277e-05,4,67.5366989999984,7.000267032708507e-11,6,-67.47343218220456,-51.94402041749868,-52.43317805235335,-79.74306187222292,-76.02263274338259,-72.30220361454225,-64.86134535686156,-83.69409422007445,-73.55255930553393,2.8896689810650606,14.881716515361356,1.0391563613092742
2.0,86373cf3adf4e76b,ok,noisy_sir_overfit_risk,sir,ude_sir_h2,36,infected,0.05,29,11,-48.90809358076596,-97.94945888586169,6.621487970913952e-05,3.506040454536096e-05,1,61.01885709999988,4.42533121258748e-10,6,-75.94945888586169,-60.420047121155804,-60.909204756010475,-89.15874408217748,-85.60430550863396,-82.04986693509044,-74.94098978800339,-92.72822781646704,-83.59843286735783,2.610615534697323,14.217754294174084,0.13327172432977863
2.0,86373cf3adf4e76b,ok,noisy_sir_overfit_risk,sir,ude_sir_h2,37,infected,0.05,29,11,-47.165992886390164,-95.12566985364654,7.637375880313535e-05,3.5459906755144345e-05,4,67.85258290000093,5.312017492542509e-11,6,-73.12566985364654,-57.59625808894066,-58.08541572379533,-85.50713940386659,-81.81708578049725,-78.12703215712791,-70.74692491038924,-89.41275899851767,-79.57177127930298,2.8564554275644336,14.760214493477354,0.7936840808662206
2.0,86373cf3adf4e76b,ok,noisy_sir_overfit_risk,sir,ude_sir_h2,38,infected,0.05,29,11,-46.17431647533237,-92.68079716810644,8.348647056540457e-06,2.5730271726169498e-05,0,72.70211410000047,1.4055245856070542e-10,6,-70.68079716810644,-55.15138540340055,-55.640543038255224,-83.2987037621432,-79.54914355834119,-75.79958335453918,-68.30046294693514,-87.1083177189213,-77.35039213545667,2.7862397245925723,14.998240815208062,0.3321642174417001
2.0,86373cf3adf4e76b,ok,noisy_sir_overfit_risk,sir,ude_sir_h2,39,infected,0.05,29,11,-41.03808657634925,-82.25552916983766,1.2366278635539643e-06,3.6176338031007544e-05,0,64.14953129999958,3.8742342667319463e-10,6,-60.25552916983766,-44.726117405131774,-45.215275039986444,-73.51039351215505,-69.95491936488446,-66.39944521761389,-59.288496923072714,-77.0613697616827,-67.85427656361617,2.5970797040774833,14.221896589082332,0.17935601713916063
2.0,86373cf3adf4e76b,ok,noisy_sir_overfit_risk,sir,ude_sir_h2,40,infected,0.05,29,11,-50.98531656183591,-102.3387676726658,2.7030580877856307e-05,3.2518368445592696e-05,3,71.06305209999846,2.367386287005502e-10,6,-80.3387676726658,-64.80935590795991,-65.29851354281459,-92.98984252720768,-89.29051851152575,-85.59119449584382,-78.19254646447995,-96.78598845902857,-87.17333706094408,2.776389606818614,14.797296062727737,0.3681345489939758
2.0,86373cf3adf4e76b,ok,noisy_sir_overfit_risk,sir,ude_sir_h2,41,infected,0.05,29,11,-46.28966681233234,-92.87822919810488,5.6924426053791726e-05,4.2881063249194576e-05,3,75.35903440000038,1.9130652617604937e-10,6,-70.87822919810488,-55.34881743339899,-55.83797506825366,-83.61190591790113,-79.93337585681303,-76.25484579572493,-68.89778567354874,-87.37451123089498,-77.8652133803123,2.7518589836049467,14.714120244352387,0.29889557344019374
2.0,86373cf3adf4e76b,ok,noisy_sir_overfit_risk,sir,ude_sir_h2,42,infected,0.05,29,11,-44.67055270416491,-90.43544728436396,1.5425567905562206e-05,3.1458850991809304e-05,4,68.34538909999901,4.89350782117981e-10,6,-68.43544728436396,-52.906035519658076,-53.39519315451275,-80.2850491241065,-76.29241666458732,-72.29978420506815,-64.31451928602979,-84.4066344489332,-73.37057557025312,3.0144064177153793,15.970529838076695,1.0943418760341344
2.0,86373cf3adf4e76b,ok,noisy_sir_overfit_risk,sir,ude_sir_h2,43,infected,0.05,29,11,-46.27930520883322,-94.09143110323183,8.106295755643523e-05,5.3614711390851126e-05,0,69.12030709999999,5.863398655492347e-11,6,-72.09143110323183,-56.56201933852594,-57.05117697338061,-83.7884371218393,-79.66350601427726,-75.53857490671524,-67.28871269159117,-87.97198422265649,-76.05888598741834,3.0597234402876667,16.499724430248115,1.5328206855653776
2.0,86373cf3adf4e76b,ok,noisy_sir_overfit_risk,sir,ude_sir_h2,44,infected,0.05,29,11,-42.84635724007679,-85.96692827293467,3.1304726528387276e-06,3.5060914441681915e-05,0,72.56993719999991,8.65583160702954e-11,6,-63.966928272934666,-48.43751650822878,-48.92667414308345,-76.64431713538393,-72.9108833221513,-69.17744950891868,-61.71058188245344,-80.42977822242177,-70.7589792272231,2.7685750252564474,14.933735252930493,0.2742137927810854
2.0,86373cf3adf4e76b,ok,noisy_sir_overfit_risk,sir,ude_sir_h2,45,infected,0.05,29,11,-48.616678945839816,-98.31239106337073,5.423687853675041e-06,3.919468488492117e-05,0,63.551644600000145,4.177280743533629e-11,6,-76.31239106337073,-60.78297929866484,-61.27213693351951,-88.57775341330665,-84.89314147433143,-81.2085295353562,-73.83930565740576,-92.53051852138907,-82.49491013577872,2.890936270990831,14.7384477559009,1.0790331716910988
2.0,86373cf3adf4e76b,ok,noisy_sir_overfit_risk,sir,ude_sir_h2,46,infected,0.05,29,11,-40.34934142324449,-81.03958319448664,1.0818404586903392e-05,3.9882377817495065e-05,4,74.45759809999981,3.076578991567658e-10,6,-59.03958319448664,-43.510171429780755,-43.999329064635425,-71.7084765264258,-68.04160036581334,-64.37472420520089,-57.04097188397598,-75.4973872371458,-66.03117820403915,2.7710979786704155,14.66750464244982,0.3409003479976641
2.0,86373cf3adf4e76b,ok,noisy_sir_overfit_risk,sir,ude_sir_h2,47,infected,0.05,29,11,-49.99331797869043,-100.25155549824646,4.793617983329579e-06,2.58739316161434e-05,0,65.39818860000014,1.6919443623919506e-09,6,-78.25155549824646,-62.72214373354058,-63.21130136839525,-91.08295433844528,-87.45418408586998,-83.82541383329468,-76.56787332814407,-94.80587942894903,-85.47155494707965,2.7228380346487158,14.515081010301197,0.2649195408655996
2.0,86373cf3adf4e76b,ok,noisy_sir_overfit_risk,sir,ude_sir_h2,48,infected,0.05,29,11,-48.92685999028436,-97.92596749559858,2.595807950875926e-06,4.013534795855983e-05,2,67.30126849999942,2.3206325749924872e-10,3,-75.92596749559858,-60.3965557308927,-60.88571336574737,-91.20107014784234,-87.86796679562646,-84.53486344341056,-77.86865673897879,-93.9317254169136,-84.52130657170517,1.9971210393424959,13.332413408863562,0.07224751502985735
2.0,86373cf3adf4e76b,ok,noisy_sir_overfit_risk,sir,ude_sir_h2,49,infected,0.05,29,11,-53.149554317878774,-107.32322675195388,3.310945300909651e-05,2.1803277750361408e-05,0,68.21329449999939,1.1940528565901332e-09,6,-85.32322675195388,-69.793814987248,-70.28297262210268,-97.62725687929654,-93.95592086039152,-90.28458484148649,-82.94191280367644,-101.56432087483273,-91.61376456013745,2.8794529385605787,14.685344075620094,1.02411811619633
2.0,86373cf3adf4e76b,ok,noisy_sir_overfit_risk,sir,ude_sir_h2,50,infected,0.05,29,11,-50.16066408091601,-100.60773222745583,2.633630672832733e-05,3.655364659441127e-05,4,71.2414336999991,3.75877107217093e-12,6,-78.60773222745583,-63.07832046274994,-63.567478097604614,-91.18862704911335,-87.38889525929173,-83.58916346947011,-75.98969988982688,-95.01326969496114,-85.12240100254554,2.797231266247347,15.198927159286473,0.2864040656238115
2.0,86373cf3adf4e76b,ok,noisy_sir_overfit_risk,sir,ude_sir_h2,51,infected,0.05,29,11,-49.366405855940165,-99.00390312489924,6.271752020987517e-05,1.5007041204484657e-05,0,65.06765059999998,3.2375248082416874e-07,6,-77.00390312489924,-61.474491360193355,-61.963648995048025,-90.04689509248655,-86.45626174946189,-82.86562840643721,-75.68436172038787,-93.68390245691594,-84.37027833978165,2.6600003339916434,14.362533372098678,0.27109141301890555
2.0,86373cf3adf4e76b,ok,noisy_sir_overfit_risk,sir,ude_sir_h2,52,infected,0.05,29,11,-47.716096223813125,-95.53685278646805,7.040547183099406e-06,2.6265741586842207e-05,3,74.07618290000028,2.9122304567863466e-10,6,-73.53685278646805,-58.00744102176216,-58.49659865661683,-87.21418497669985,-83.6977900129967,-80.18139504929356,-73.14860512188726,-90.59361748432852,-81.36661259281365,2.471617651069767,14.065579854812594,0.1046603388417913
2.0,86373cf3adf4e76b,ok,noisy_sir_overfit_risk,sir,ude_sir_h2,53,infected,0.05,29,11,-40.463470553005834,-81.21016994601311,3.215937449024292e-05,5.385210924459125e-05,0,74.16822980000143,1.0735590194599354e-10,6,-59.21016994601311,-43.680758181307226,-44.1699158161619,-71.92151282353481,-68.21604577522415,-64.5105787269135,-57.09964463029217,-75.69318682872304,-66.10507291276902,2.75849155864503,14.821868193242645,0.2832288400014447
2.0,86373cf3adf4e76b,ok,noisy_sir_overfit_risk,sir,ude_sir_h2,54,infected,0.05,29,11,-48.09380623800163,-96.63595431635513,9.636460850766235e-06,3.103228360633632e-05,4,78.5396583999991,1.4878764886816498e-11,6,-74.63595431635513,-59.10654255164924,-59.59570018650391,-87.05086592112852,-83.20574912184135,-79.36063232255418,-71.67039872397984,-90.94290631631344,-80.80714527885459,2.846524000020843,15.380467197148674,0.4483418403518555
2.0,86373cf3adf4e76b,ok,noisy_sir_overfit_risk,sir,ude_sir_h2,55,infected,0.05,29,11,-42.30506566534387,-84.6642204902133,4.067929964580945e-05,3.8251854049077183e-05,0,67.85124670000005,3.955939575917e-09,3,-62.664220490213296,-47.13480872550741,-47.62396636036208,-77.93898401903765,-74.58561765399217,-71.23225128894669,-64.52551855885574,-80.66977698971297,-71.19666587050583,1.9972217502501595,13.413465460181913,0.05408915952555651
2.0,86373cf3adf4e76b,ok,noisy_sir_overfit_risk,sir,ude_sir_h2,56,infected,0.05,29,11,-47.14273708353785,-94.65264323223535,9.476650276506157e-06,4.179191087338405e-05,0,60.52476790000037,1.4728840369571117e-10,6,-72.65264323223535,-57.123231467529465,-57.612389102384135,-85.31178270536694,-81.66805282854159,-78.02432295171623,-70.73686319806552,-89.10465398597663,-79.71055465977429,2.7739946231293637,14.574919507301416,0.3671690651596453
2.0,86373cf3adf4e76b,ok,noisy_sir_overfit_risk,sir,ude_sir_h2,57,infected,0.05,29,11,-42.577125235106735,-85.3528108202448,5.74388034407441e-06,2.9325119577751887e-05,0,63.42947319999985,1.0044445275525504e-09,6,-63.3528108202448,-47.823399055538914,-48.312556690393585,-76.41878266365563,-72.8737627114233,-69.32874275919096,-62.23870285472628,-80.04645901294009,-70.9741706612841,2.6531759036523552,14.180079808929358,0.19856035003132727
2.0,86373cf3adf4e76b,ok,noisy_sir_overfit_risk,sir,ude_sir_h2,58,infected,0.05,29,11,-46.06682410490321,-92.20165947850438,1.9422979128814144e-05,4.695683604359773e-05,1,63.96196140000029,1.850182229645725e-10,3,-70.20165947850438,-54.6722477137985,-55.16140534865317,-85.47729853779447,-82.1664522273816,-78.85560591696871,-72.23391329614297,-88.207735997931,-78.89026296815493,1.9969617402866935,13.2433852416515,0.06801126869795333
2.0,86373cf3adf4e76b,ok,noisy_sir_overfit_risk,sir,ude_sir_h2,59,infected,0.05,29,11,-42.67304422915547,-85.81462129864059,1.3752577514280207e-06,3.2967712309943876e-05,1,79.14795299999969,9.040235227075755e-10,6,-63.81462129864059,-48.285209533934704,-48.774367168789375,-76.19111785787926,-72.32070295782486,-68.45028805777046,-60.709458257661666,-80.09875674343162,-69.86442885809335,2.8579322776044824,15.481659600217595,0.46853284032964815
2.0,86373cf3adf4e76b,ok,noisy_sir_overfit_risk,sir,ude_sir_h2,60,infected,0.05,29,11,-46.16979623100827,-93.06784553687623,9.826783927528139e-06,4.7751526206153104e-05,4,68.38060140000016,4.745643877868133e-10,6,-71.06784553687623,-55.53843377217035,-56.02759140702502,-83.20952628826367,-79.2704521236687,-75.33137795907373,-67.45322962988378,-87.21251250624545,-76.58329580363664,2.927666515315393,15.756296658379895,0.7282530748596872
2.0,86373cf3adf4e76b,ok,noisy_sir_overfit_risk,sir,ude_sir_h2,61,infected,0.05,29,11,-38.46247456744247,-77.4383156624585,1.795037388805987e-05,3.085514581989165e-05,1,79.55372689999967,1.9340262724654167e-10,6,-55.43831566245851,-39.90890389775262,-40.398061532607294,-67.8339469952742,-64.00417173195471,-60.17439646863521,-52.51484594199622,-71.73381617556734,-61.60584808160696,2.852249743445584,15.319101053277983,0.5133665275735597
2.0,86373cf3adf4e76b,ok,noisy_sir_overfit_risk,sir,ude_sir_h2,62,infected,0.05,29,11,-46.557158543412164,-93.57547355202175,9.494374269918704e-05,4.487537566010446e-05,0,60.41855690000011,2.688693712116219e-11,6,-71.57547355202175,-56.046061787315864,-56.535219422170535,-84.11032980783554,-80.35959564428089,-76.60886148072623,-69.10739315361691,-87.9536664866032,-78.1113804326057,2.8109035327092777,15.00293665421863,0.46115646519741305
2.0,86373cf3adf4e76b,ok,noisy_sir_overfit_risk,sir,ude_sir_h2,63,infected,0.05,29,11,-46.21041485965307,-92.73022796396297,2.1761345533158567e-05,4.030162822102889e-05,3,66.19672499999979,6.402700591934263e-10,6,-70.73022796396297,-55.20081619925709,-55.68997383411176,-83.44546692267366,-79.75246375664078,-76.05946059060791,-68.67345425854215,-87.21555891789545,-77.64881705517463,2.7573345230337596,14.772012664131504,0.30939824465682675
2.0,86373cf3adf4e76b,ok,noisy_sir_overfit_risk,sir,ude_sir_h2,64,infected,0.05,29,11,-50.69266114981586,-101.51130241616093,4.46016842749745e-09,3.879778258719407e-05,2,72.80108689999906,1.57213975171544e-09,6,-79.51130241616093,-63.981890651455046,-64.47104828630972,-92.94004238775054,-89.4207140885027,-85.90138578925489,-78.86272919075924,-96.42041616133203,-87.30800910264043,2.545443127414448,14.077313196991303,0.1259801165292126
2.0,86373cf3adf4e76b,ok,noisy_sir_overfit_risk,sir,ude_sir_h2,65,infected,0.05,29,11,-49.36059599603675,-98.82037118754182,5.334396013626892e-09,4.191280151211842e-05,0,77.97965529999965,1.815152472772752e-10,6,-76.82037118754182,-61.29095942283594,-61.78011705769061,-90.59161686507008,-87.12089393099254,-83.650170996915,-76.70872512875992,-93.93291565174187,-84.83830025576334,2.4437277678999765,13.882891736310157,0.09917919546831729
2.0,86373cf3adf4e76b,ok,noisy_sir_overfit_risk,sir,ude_sir_h2,66,infected,0.05,29,11,-51.11258340502599,-103.4055962055566,1.391126059746285e-05,7.04245840471398e-05,4,77.98309599999993,1.2428031936906336e-09,6,-81.4055962055566,-65.87618444085072,-66.3653420757054,-93.32264286214897,-89.35631306409535,-85.38998326604171,-77.45732366993447,-97.41684211177201,-86.35984761783747,2.9943770468922946,15.865319192214502,1.1804293955046288
2.0,86373cf3adf4e76b,ok,noisy_sir_overfit_risk,sir,ude_sir_h2,67,infected,0.05,29,11,-46.52764232333571,-93.32299174649789,7.484517063469448e-06,4.1081871763331114e-05,3,61.05942119999963,3.972431272813992e-10,6,-71.32299174649789,-55.79357998179201,-56.28273761664668,-83.9842957194869,-80.22714055456015,-76.46998538963341,-68.95567505977992,-87.7762881014852,-78.02666398696445,2.7733518225063447,15.028620659706974,0.2677070998264677
2.0,86373cf3adf4e76b,ok,noisy_sir_overfit_risk,sir,ude_sir_h2,68,infected,0.05,29,11,-44.047182092488924,-88.26657894155917,1.1030925507843076e-05,4.561144561531672e-05,4,75.96103249999942,2.7987567818854586e-10,6,-66.26657894155917,-50.73716717685329,-51.22632481170796,-79.3458956335244,-75.72626315498096,-72.1066306764375,-64.8673657193506,-82.96815328581832,-73.61583427080404,2.6492128278704294,14.478529914173803,0.17221475658132274
2.0,86373cf3adf4e76b,ok,noisy_sir_overfit_risk,sir,ude_sir_h2,69,infected,0.05,29,11,-51.795898279134754,-103.67397431481537,9.45023497464115e-08,5.438616511135643e-06,2,66.5257948999988,6.822946900797433e-07,6,-81.67397431481537,-66.14456255010948,-66.63372018496415,-95.84613698284451,-92.40560351406333,-88.96507004528215,-82.08400310771978,-99.02464278756295,-89.82966268314478,2.324665763626207,13.762133875124727,0.082177756545862
2.0,86373cf3adf4e76b,ok,noisy_sir_overfit_risk,sir,ude_sir_h2,70,infected,0.05,29,11,-43.29818663635764,-86.7677823625277,5.551199166357108e-06,2.3303076213197422e-05,1,72.75648449999971,7.520455369558476e-10,6,-64.7677823625277,-49.23837059782181,-49.727528232676484,-77.93074190964211,-74.39901691026394,-70.86729191088578,-63.80384191212945,-81.51903624750574,-72.46947327520263,2.624373057510982,14.126899997512659,0.17140908981241584
2.0,86373cf3adf4e76b,ok,noisy_sir_overfit_risk,sir,ude_sir_h2,71,infected,0.05,29,11,-48.69407886366131,-97.7862752225756,4.542183093544697e-05,2.9243206516388457e-05,0,64.03831769999852,6.138378694231506e-11,6,-75.7862752225756,-60.25686345786971,-60.74602109272438,-88.32668101492375,-84.55882925821047,-80.79097750149718,-73.2552739880706,-92.16776429555091,-82.31675070046947,2.809255463512347,15.071407026853148,0.3981174952529781
2.0,86373cf3adf4e76b,ok,noisy_sir_overfit_risk,sir,ude_sir_h2,72,infected,0.05,29,11,-43.81041435575697,-87.71010546449642,1.9408631096479662e-07,4.588108340823759e-05,0,79.94520130000092,1.177101310645412e-06,6,-65.71010546449642,-50.18069369979054,-50.66985133464521,-79.5618789419782,-76.10715272123943,-72.65242650050067,-65.74297405902313,-82.87047928733874,-73.80192382855887,2.419813088578841,13.818904882955065,0.08927675298248561
2.0,86373cf3adf4e76b,ok,noisy_sir_overfit_risk,sir,ude_sir_h2,73,infected,0.05,29,11,-49.0593008685493,-98.87808115056544,3.756227559639229e-05,3.805233781784057e-05,4,69.658266800001,7.001688118180027e-11,6,-76.87808115056544,-61.34866938585955,-61.83782702071422,-89.25762975711467,-85.55573583747206,-81.85384191782946,-74.45005407854423,-93.164029354,-83.31102605852816,2.8570258982827217,14.80757567857044,0.7594794134668297
2.0,86373cf3adf4e76b,ok,noisy_sir_overfit_risk,sir,ude_sir_h2,74,infected,0.05,29,11,-50.77127454562673,-101.71798855177218,2.6637833817450874e-06,2.9855213701648098e-05,4,64.84154209999906,5.334754860086832e-11,6,-79.71798855177218,-64.1885767870663,-64.67773442192097,-92.83290139906617,-89.27121695780241,-85.70953251653866,-78.58616363401113,-96.44070517584635,-87.29581132619842,2.638641687962919,14.246737765055043,0.1754394605187216
2.0,86373cf3adf4e76b,ok,noisy_sir_overfit_risk,sir,ude_sir_h2,75,infected,0.05,29,11,-44.20143350841352,-88.96165492108595,1.3952183558930095e-07,3.1197514729037686e-05,1,66.35760549999941,1.4634338185715023e-10,6,-66.96165492108595,-51.43224315638007,-51.92140079123474,-79.47399290870565,-75.79120170065278,-72.10841049259989,-64.74282807649413,-83.32647316610579,-73.67170218461553,2.8175908774900864,14.731164832211519,0.5587879042589108
2.0,86373cf3adf4e76b,ok,noisy_sir_overfit_risk,sir,ude_sir_h2,76,infected,0.05,29,11,-51.66533197655879,-103.61217953114917,2.4238809740668606e-06,3.1396506373773325e-05,0,79.68371509999997,3.865538083402953e-06,6,-81.61217953114917,-66.08276776644328,-66.57192540129796,-94.43431890631484,-90.81573278243111,-87.19714665854738,-79.9599744107799,-98.16100381732946,-88.85631945758264,2.725587856909856,14.474344495534933,0.281515578031592
2.0,86373cf3adf4e76b,ok,noisy_sir_overfit_risk,sir,ude_sir_h2,77,infected,0.05,29,11,-51.2333906594995,-104.27658225718115,0.000451397396389538,2.703601496544667e-05,1,65.00191930000074,9.666933920016163e-11,6,-82.27658225718115,-66.74717049247526,-67.23632812732993,-94.16295493280248,-90.40810931533129,-86.65326369786008,-79.14357246291769,-98.26960940120888,-87.44739884911422,3.0034864279861324,15.019382469884782,1.809800938182156
2.0,86373cf3adf4e76b,ok,noisy_sir_overfit_risk,sir,ude_sir_h2,78,infected,0.05,29,11,-50.722637167524155,-101.98800268651979,5.4131782198690165e-05,2.0845278077881567e-05,1,62.755625199999486,3.1655389420848223e-10,6,-79.98800268651979,-64.45859092181391,-64.94774855666859,-92.43603317989185,-88.64837907260146,-84.86072496531105,-77.28541675073026,-96.31462559766074,-86.29465790588671,2.8366885444295256,15.150616429161595,0.5427283514714798
2.0,86373cf3adf4e76b,ok,noisy_sir_overfit_risk,sir,ude_sir_h2,79,infected,0.05,29,11,-45.238790695743575,-90.54872239925751,2.28051583650073e-06,2.7650727692685082e-05,2,69.69800390000091,3.282067950749479e-10,3,-68.54872239925751,-53.01931063455163,-53.5084682694063,-83.8238359374306,-80.49102232072269,-77.1582087040148,-70.49258147059899,-86.55448678625292,-77.14632692465554,1.997117806502294,13.331254466831615,0.07114100777036167
2.0,508072f1e4033735,ok,regular_sir_full,sir,neural_ode_h2,0,full,0.01,87,14,-226.972342669991,-545.3784456827791,0.00017845990121779696,0.0854328944181491,4,151.57820280001033,2.08452806676695,14,-517.3784456827791,-511.5451123494458,-482.8557320216149,-511.36406997213317,-500.66072358616054,-489.95737720018786,-468.55068442824256,-530.1455412848744,-411.1312997960914,7.616452198952368,42.813385543890604,91.43376034279711
2.0,508072f1e4033735,ok,regular_sir_full,sir,neural_ode_h2,1,full,0.01,87,14,-226.1129117695707,-542.9156748284416,0.00022699607050873167,0.009404300349958422,0,151.33189040000434,0.996481382554748,14,-514.9156748284416,-509.0823414951083,-480.39296116727746,-509.1315301518777,-498.5433144248991,-487.95509869792056,-466.77866724396335,-527.7858764631578,-409.87296063122704,7.564899182641913,42.35286290791435,90.68985128930026
2.0,508072f1e4033735,ok,regular_sir_full,sir,neural_ode_h2,2,full,0.01,87,14,-232.0439866300403,-554.3540469320063,0.0001758631093134511,0.0661396019391523,0,150.76147100000526,2.409264965490621,14,-526.3540469320063,-520.520713598673,-491.83133327084215,-520.2290830444546,-509.38221694246505,-498.5353508404755,-476.8416186364964,-539.0716170293364,-420.7005088521224,7.641214951334989,43.38746440795817,90.26607367192568
2.0,508072f1e4033735,ok,regular_sir_full,sir,neural_ode_h2,3,full,0.01,87,14,-225.29193513944313,-541.3227656794853,0.0001663696755699988,0.1511147021952122,0,156.46924690000014,3.497111507680472,14,-513.3227656794853,-507.489432346152,-478.80005201832114,-507.111888442383,-496.2684016721437,-485.4249149019043,-463.7379413614256,-526.0018605788184,-407.20992319792884,7.660452550333428,43.37394708095743,90.73889540059903
2.0,508072f1e4033735,ok,regular_sir_full,sir,neural_ode_h2,4,full,0.01,87,14,-216.75519097511176,-526.741595182596,0.00015817792143541328,0.17990986660892874,0,161.65808270001435,3.405672133429448,14,-498.74159518259603,-492.9082618492627,-464.21888152143185,-492.6792070023738,-481.8328815981159,-470.98655619385795,-449.2939053853421,-511.4871890124646,-390.1250803331918,7.627203085065702,43.3853016170317,93.23121323237253
2.0,508072f1e4033735,ok,regular_sir_full,sir,neural_ode_h2,5,full,0.01,87,14,-221.5406627399135,-542.1926869586081,0.000180962713564946,0.017454091178330747,4,180.26181249998626,4.360768067960066,14,-514.1926869586081,-508.35935362527476,-479.6699732974439,-508.1668865163207,-497.3990946145737,-486.6313027128267,-465.09571890933273,-526.9546661403302,-400.01015787283905,7.619010409138948,43.071167606987935,99.11136147878105
2.0,508072f1e4033735,ok,regular_sir_full,sir,neural_ode_h2,6,full,0.01,87,14,-246.78981719487064,-580.6634569453491,0.00018239339088629828,0.5632896010067348,1,175.28602079997654,0.14627142440738794,14,-552.6634569453491,-546.8301236120158,-518.140743284185,-546.3847079053965,-535.443279571348,-524.5018512372994,-502.6189945692025,-565.3121563233025,-449.81392105354735,7.675650311023341,43.76571333619394,87.08382255560788
2.0,508072f1e4033735,ok,regular_sir_full,sir,neural_ode_h2,7,full,0.01,87,14,-235.01241112060632,-559.9749279398977,0.00013024858104651723,0.3055427101132057,2,174.19218620000174,1.1015610938123928,14,-531.9749279398977,-526.1415946065644,-497.45221427873355,-525.5998734852546,-514.6237280097639,-503.64758253427317,-481.6952915832917,-544.5804981660048,-426.1202403392497,7.69721488694646,43.90458190196295,89.95010569868509
2.0,508072f1e4033735,ok,regular_sir_full,sir,neural_ode_h2,8,full,0.01,87,14,-223.1612056925753,-537.5663772641518,0.0001490574650923022,0.00863365588358024,1,160.23074929998256,1.6129442841478294,14,-509.5663772641518,-503.7330439308185,-475.04366360298764,-503.331734916779,-492.4604159864438,-481.58909705610864,-459.84645919543823,-522.234829261912,-402.8371356638098,7.665774001119947,43.48527572134074,91.24396587900122
2.0,508072f1e4033735,ok,regular_sir_full,sir,neural_ode_h2,9,full,0.01,87,14,-232.39998275005468,-561.3973391491204,9.859012247827462e-05,1.4794390599623293,2,159.26431859997683,1.2824548872857804,14,-533.3973391491204,-527.564005815787,-498.8746254879562,-526.9353186878903,-515.855863080939,-504.77640747398766,-482.61749626008503,-545.9639627582008,-420.48214307230404,7.716688195459837,44.31782242780531,96.59737364901102
2.0,508072f1e4033735,ok,regular_sir_full,sir,neural_ode_h2,10,full,0.01,87,14,-237.4176453679521,-567.9486709850329,0.0001680506742987375,0.01289297001241018,4,153.90652050002245,4.4182093242798715,14,-539.9486709850329,-534.1153376516995,-505.4259573238687,-533.7937485665669,-522.9064961192164,-512.0192436718658,-490.2447387771647,-552.6528245363354,-431.28628094650196,7.647923224348725,43.54900978940225,93.11338024912868
2.0,508072f1e4033735,ok,regular_sir_full,sir,neural_ode_h2,11,full,0.01,87,14,-230.18990866302732,-556.368034262848,0.0001044097196783896,0.03130357095482946,1,179.63491870000144,3.3544875626749047,14,-528.368034262848,-522.5347009295147,-493.84532060168385,-522.1067919143145,-511.14156790379195,-500.1763438932694,-478.2458958722243,-541.0245737893015,-416.51892128396446,7.671730236773251,43.860896042090204,95.98821693679336
2.0,508072f1e4033735,ok,regular_sir_full,sir,neural_ode_h2,12,full,0.01,87,14,-230.3534976537295,-546.3362893476458,0.00017338726455681423,0.28913957833375503,2,179.4089612000098,9.993859287631096,14,-518.3362893476458,-512.5029560143124,-483.8135756864816,-512.1453699720067,-501.2844086735164,-490.42344737502606,-468.7015247780454,-531.0243221207251,-417.26315011349766,7.655983613460363,43.44384519396136,85.62929404018679
2.0,508072f1e4033735,ok,regular_sir_full,sir,neural_ode_h2,13,full,0.01,87,14,-225.14962098568182,-543.3213338676816,0.00014540850938341018,0.039533001323229594,4,179.75564350001514,2.9960477386412663,14,-515.3213338676816,-509.48800053434826,-480.7986202065174,-508.6641926071422,-497.59118344924633,-486.51817429135053,-464.3721559755588,-527.800575115045,-406.0072053397803,7.760379376318278,44.29203663158334,93.02209189631792
2.0,508072f1e4033735,ok,regular_sir_full,sir,neural_ode_h2,14,full,0.01,87,14,-238.1057538510837,-568.3307804341789,0.00011019765836016276,0.25339618419486615,2,178.73025029999553,0.639911733048109,14,-540.3307804341789,-534.4974471008455,-505.80806677301473,-533.723562414046,-522.6209978016794,-511.5184331893128,-489.3133039645797,-552.8323791681185,-431.8012492527011,7.749200633030229,44.41025844946632,92.11927273201152
2.0,508072f1e4033735,ok,regular_sir_full,sir,neural_ode_h2,15,full,0.01,87,14,-218.38978795482998,-537.2856947160138,0.00011756182697237057,0.770995055665922,0,207.70216570000048,0.6494958344117379,14,-509.28569471601384,-503.4523613826805,-474.76298105484966,-503.04219116146294,-492.0611766808036,-481.0801622001443,-459.11813323882564,-521.9501783351407,-392.8555179870227,7.667758190436579,43.924057922637274,100.50611880635387
2.0,508072f1e4033735,ok,regular_sir_full,sir,neural_ode_h2,16,full,0.01,87,14,-230.72002070762508,-552.5287734754153,0.0001981146733916751,0.04804439581453013,0,246.21956609998597,3.6205865175317626,14,-524.5287734754153,-518.6954401420819,-490.0060598142511,-518.9037931168206,-508.36797890737296,-497.83216469792535,-476.76053627903013,-537.4702548202108,-419.29678457745973,7.529259327602254,42.14325683779045,91.0887320601651
2.0,508072f1e4033735,ok,regular_sir_full,sir,neural_ode_h2,17,full,0.01,87,14,-230.26181752626738,-549.4502244354959,0.0001668210606001612,0.26498710859687896,2,266.0794285000011,1.7905075667440826,14,-521.4502244354959,-515.6168911021625,-486.9275107743317,-515.2799598545943,-504.38444347097527,-493.4889270873563,-471.6978943201182,-534.1475071950007,-416.9415695180587,7.651358620247633,43.582065534476044,88.92658938296114
2.0,508072f1e4033735,ok,regular_sir_full,sir,neural_ode_h2,18,full,0.01,87,14,-216.79670342744748,-527.8883902362987,0.00014545340236627247,0.024483347153254217,3,291.3693015000026,0.05270953723436378,14,-499.88839023629873,-494.0550569029654,-465.36567657513456,-493.6256081248742,-482.7637301525001,-471.90185218012607,-450.17809623537795,-512.5442401995771,-390.1458949653987,7.672075018360804,43.447511889496255,94.29498338140374
2.0,508072f1e4033735,ok,regular_sir_full,sir,neural_ode_h2,19,full,0.01,87,14,-228.5609827066623,-547.8865424457965,0.00013291811865589237,4.110115118794699,2,286.9986807000241,1.5577063754032565,14,-519.8865424457965,-514.0532091124632,-485.36382878463235,-513.5086736305748,-502.5344012860193,-491.56012894146386,-469.611584252353,-532.4908522964083,-413.2248760351028,7.697845074694128,43.897089378221786,90.76457703247193
2.0,508072f1e4033735,ok,regular_sir_full,sir,neural_ode_h2,20,full,0.01,87,14,-232.61908829637468,-556.8792681281848,0.0001502204794470903,0.424129987349272,3,300.13227500001085,1.2534704899078974,14,-528.8792681281848,-523.0459347948514,-494.3565544670206,-522.478738157835,-511.50171075114815,-500.5246833444613,-478.57062853108766,-541.4734294694559,-421.33006696600205,7.7029193293643985,43.90810962674731,91.64109153543542
2.0,508072f1e4033735,ok,regular_sir_full,sir,neural_ode_h2,21,full,0.01,87,14,-245.47114449592343,-574.2731871150793,0.00015817531216279752,0.13937900521371055,3,301.01012509997236,0.286835810886231,14,-546.2731871150793,-540.4398537817459,-511.7504734539151,-539.9643247641069,-528.9857985046987,-518.0072722452903,-496.05021972647387,-558.9084006307087,-447.02818395421383,7.682393242185284,43.91410503763304,83.33089812323243
2.0,508072f1e4033735,ok,regular_sir_full,sir,neural_ode_h2,22,full,0.01,87,14,-218.56566639109178,-533.9764918441394,0.00014556888188140907,3.071606618751464,1,296.7978531999979,7.8427062636101255,14,-505.97649184413945,-500.14315851080613,-471.45377818297527,-499.6583444691582,-488.71309919984037,-477.7678539305225,-455.87736339188683,-518.6075471801726,-393.3503517049122,7.684472331983422,43.780981077271335,96.8451590619559
2.0,508072f1e4033735,ok,regular_sir_full,sir,neural_ode_h2,23,full,0.01,87,14,-213.6185192532002,-524.2464811691634,0.00017111849858834248,0.009212385746806051,1,323.82924079999793,0.5589049374778767,14,-496.2464811691634,-490.4131478358301,-461.72376750799924,-490.0916080892573,-479.2917187067508,-468.49182932424435,-446.8920505592314,-508.9506568161108,-384.03748097637447,7.6479121765263205,43.19955753002591,97.009442662763
2.0,508072f1e4033735,ok,regular_sir_full,sir,neural_ode_h2,24,full,0.01,87,14,-225.34272606737383,-544.5968109264276,0.0001708469434333281,0.10721226552341863,2,324.9773361000116,3.019399091911936,14,-516.5968109264276,-510.76347759309425,-482.0740972652634,-510.55804267752694,-499.779728144175,-489.001413610823,-467.44478454411916,-529.3529826413283,-407.5721940013399,7.621914142549639,43.113258133407804,93.91135879167992
2.0,508072f1e4033735,ok,regular_sir_full,sir,neural_ode_h2,25,full,0.01,87,14,-211.45038696248037,-515.2729802530531,0.00018778019056016367,0.11116712874372839,0,302.78511060000164,2.8134586709365976,14,-487.2729802530531,-481.4396469197198,-452.75026659188893,-480.82521770293755,-469.7966441205806,-458.7680705382236,-436.7109233735097,-499.8459890858038,-378.78647959553285,7.713495583624644,44.114294329427885,92.37220632809236
2.0,508072f1e4033735,ok,regular_sir_full,sir,neural_ode_h2,26,full,0.01,87,14,-233.39227465302554,-555.3774551200175,0.00015475322497345514,0.8622278226939601,3,316.18684809998376,1.1925397397742756,14,-527.3774551200175,-521.5441217866842,-492.85474145885337,-521.0407852254143,-510.09249533493136,-499.1442054444484,-477.24762566348244,-540.0002153818441,-422.9913897441192,7.688619869086699,43.79315956193186,88.59290581396644
2.0,508072f1e4033735,ok,regular_sir_full,sir,neural_ode_h2,27,full,0.01,87,14,-234.22546893308686,-562.7576438494882,0.0001589755355299954,2.6788599070832957,4,291.2511400000076,2.9630905490058694,14,-534.7576438494882,-528.9243105161548,-500.23493018832403,-528.6022066790986,-517.7363880564446,-506.87056943379076,-485.1389321884829,-547.461566875706,-424.98766337555804,7.648038486891087,43.46327449061567,94.30670598331449
2.0,508072f1e4033735,ok,regular_sir_full,sir,neural_ode_h2,28,full,0.01,87,14,-229.03410223420533,-548.5275975444935,0.00015327543744698532,0.0019154774598797418,3,296.263312199997,1.5057904826867627,14,-520.5275975444935,-514.6942642111601,-486.0048838833293,-514.3719069853873,-503.50183381745614,-492.63176064952495,-470.89161431366256,-533.2314070938058,-414.58791179668583,7.648095225343782,43.48029267172481,90.45939307608279
2.0,508072f1e4033735,ok,regular_sir_full,sir,neural_ode_h2,29,full,0.01,87,14,-231.94984696372927,-557.2526576917883,0.00018060024659151023,0.0011634522066099424,3,269.34817739998107,2.653674313969219,14,-529.2526576917883,-523.4193243584549,-494.7299440306241,-523.1790211111467,-512.4097072539324,-501.64039339671814,-480.1017656822897,-541.9932140689729,-420.82243849860157,7.629721811407708,43.07725542885699,93.35296376432974
2.0,508072f1e4033735,ok,regular_sir_full,sir,neural_ode_h2,30,full,0.01,87,14,-232.84817761897807,-558.2066380471861,0.00011915365637528961,0.12104331669335347,3,259.5837656999938,2.125807773622313,14,-530.2066380471861,-524.3733047138527,-495.6839243860219,-523.9627847394247,-513.0109446998338,-502.05910466024295,-480.1554245810612,-542.8709650337978,-421.88899507959263,7.667836506694127,43.80736015836351,92.51028280922993
2.0,508072f1e4033735,ok,regular_sir_full,sir,neural_ode_h2,31,full,0.01,87,14,-239.184311448976,-567.6984061503255,0.00014441608645631628,0.012960284330318662,3,228.79510279998067,9.653637892921239,14,-539.6984061503255,-533.8650728169921,-505.1756924891613,-533.3815319654975,-522.4440988710112,-511.5066657765248,-489.6317995875521,-552.3300316683326,-434.6188905200066,7.684187240996433,43.7497323779454,89.32978325237349
2.0,508072f1e4033735,ok,regular_sir_full,sir,neural_ode_h2,32,full,0.01,87,14,-235.06022450529454,-562.9245475879871,0.00014598198883688563,0.1631439797072893,2,200.72280960000353,8.91446626349898,14,-534.9245475879871,-529.0912142546538,-500.401833926823,-528.4832777967231,-517.4813229668083,-506.4793681368934,-484.4754584770638,-547.5004641199914,-426.1126296909298,7.712041733997871,44.00781931965929,92.80409857739807
2.0,508072f1e4033735,ok,regular_sir_full,sir,neural_ode_h2,33,full,0.01,87,14,-227.3412057867102,-549.2311694449468,0.00012550317239241524,0.4889931665392238,0,180.62189919999219,3.5121385353162395,14,-521.2311694449468,-515.3978361116134,-486.7084557837826,-514.6942221865465,-503.6443060875662,-492.5943899885858,-470.49455779062504,-533.7642380434091,-410.4827471774989,7.733465700768807,44.19966439592148,94.54875787152639
2.0,508072f1e4033735,ok,regular_sir_full,sir,neural_ode_h2,34,full,0.01,87,14,-225.10810473983202,-544.1930758981687,0.00015687837855624467,0.061084477655665805,0,173.74362149997614,0.8646866682695702,14,-516.1930758981687,-510.35974256483536,-481.6703622370045,-510.0183135584102,-499.20015864471765,-488.38200373102507,-466.7456939036399,-528.8883443937265,-406.9435898248937,7.652365752221094,43.272619654770345,93.97686641850467
2.0,508072f1e4033735,ok,regular_sir_full,sir,neural_ode_h2,35,full,0.01,87,14,-226.3031141582798,-547.2435483904934,0.0001554767634954365,0.0025424161243174917,1,154.66488360002404,0.24033599846751486,14,-519.2435483904934,-513.41021505716,-484.7208347293292,-512.9894057919928,-502.09466871865965,-491.1999316453265,-469.4104574986602,-531.9032674494605,-409.02728002322704,7.670140470516465,43.57894829333257,94.63732007393375
2.0,508072f1e4033735,ok,regular_sir_full,sir,neural_ode_h2,36,full,0.01,87,14,-233.5546999486612,-559.5988246372725,0.00015141332754757826,1.4403241218217036,1,135.74612360002357,1.9011446946231274,14,-531.5988246372725,-525.7654913039391,-497.07611097610834,-525.0898500010549,-514.0334584075835,-502.977066814112,-480.86428362716913,-544.144420417862,-422.8838335234367,7.727202109705287,44.2255663738857,92.48942473995007
2.0,508072f1e4033735,ok,regular_sir_full,sir,neural_ode_h2,37,full,0.01,87,14,-240.344976255129,-577.7141030014591,0.00012531255373819178,0.034598451185974426,1,125.0691855000041,0.2133390160234967,14,-549.7141030014591,-543.8807696681257,-515.1913893402949,-543.227772081001,-532.2120107206922,-521.1962493603834,-499.1647266397657,-562.2698394813902,-436.6269070690227,7.722131760034406,44.06304544123533,97.02415049120104
2.0,508072f1e4033735,ok,regular_sir_full,sir,neural_ode_h2,38,full,0.01,87,14,-231.48990225055437,-550.6954473499487,0.0001607082322696234,0.07605304796393468,0,122.61233130001347,2.267576025184752,14,-522.6954473499487,-516.8621140166154,-488.17273368878455,-516.3403086033256,-505.36785697628,-494.39540534923435,-472.4505020951431,-535.3099365719199,-419.0899979929262,7.692755389014378,43.889806508182524,87.71564284883999
2.0,508072f1e4033735,ok,regular_sir_full,sir,neural_ode_h2,39,full,0.01,87,14,-212.50672475754615,-523.0893991935953,0.00012048172665377928,0.41166020564604894,1,129.8152362999972,2.420485408707407,14,-495.08939919359534,-489.256065860262,-460.56668553243117,-488.6118797328017,-477.6049804204385,-466.59808110807535,-444.584282483349,-507.6490817733702,-380.9858522656396,7.720158710112578,44.02759724945271,98.07594967850305
2.0,508072f1e4033735,ok,regular_sir_full,sir,neural_ode_h2,40,full,0.01,87,14,-229.2189856420582,-546.0571701837351,0.0001718773222581257,0.08186991203892631,0,141.2286546000105,1.3414110704271138,14,-518.0571701837351,-512.2238368504018,-483.53445652257096,-511.92692645096525,-501.0951644696779,-490.26340248839057,-468.59987852581594,-530.7723757697148,-415.11092335896706,7.642397207010186,43.32704792514934,87.61919889961877
2.0,508072f1e4033735,ok,regular_sir_full,sir,neural_ode_h2,41,full,0.01,87,14,-213.52226667070113,-519.054056624442,0.00016787559843456357,0.023007153536283558,1,147.8047003999818,7.030661447325201,14,-491.05405662444196,-485.22072329110864,-456.5313429632778,-484.65137183312135,-473.68369125610946,-462.71601067909756,-440.7806495250738,-503.6472529566205,-383.1738110333547,7.703401833910745,43.870722308047576,92.0095232830397
2.0,508072f1e4033735,ok,regular_sir_full,sir,neural_ode_h2,42,full,0.01,87,14,-217.5495635720962,-530.6349067043883,0.00012330851248097647,0.14998034430264934,1,139.46643969998695,8.962986603618162,14,-502.6349067043883,-496.801573371055,-468.1121930432241,-496.26842448943233,-485.29260930449715,-474.3167941195619,-452.3651637496915,-515.2443158987229,-391.1958664044515,7.695295402832726,43.90326073974084,95.53577956019592
2.0,508072f1e4033735,ok,regular_sir_full,sir,neural_ode_h2,43,full,0.01,87,14,-217.7624039081761,-532.8872130390141,0.0001615714511030709,0.002896068480094831,1,148.8280408999999,0.31993717968219926,14,-504.8872130390141,-499.0538797056808,-470.36449937784994,-498.6481432304839,-487.84103065876485,-477.0339180870458,-455.41969294360763,-517.5536822547556,-392.2963575294759,7.666765392129288,43.228450286876324,97.36240522266186
2.0,508072f1e4033735,ok,regular_sir_full,sir,neural_ode_h2,44,full,0.01,87,14,-224.25413549101697,-537.986810539594,0.00013219985473269657,0.05591891465126989,3,155.37702390001505,0.0005164806103721276,14,-509.986810539594,-504.1534772062607,-475.4640968784298,-503.6843186984377,-492.751791309373,-481.8192639203083,-459.9542091421789,-522.6248770068054,-404.7781614257751,7.6809667663942784,43.73010955625884,89.47853955756007
2.0,508072f1e4033735,ok,regular_sir_full,sir,neural_ode_h2,45,full,0.01,87,14,-241.4517975700666,-574.5143382360417,9.173270088795092e-05,0.18093296125468036,0,161.18888719999813,1.4674199201064084,14,-546.5143382360417,-540.6810049027083,-511.9916245748775,-539.7540403825682,-528.485428205397,-517.2168160282259,-494.67959167388375,-558.9473821187512,-437.82914643144875,7.78347805864522,45.07444870868442,91.61074309590849
2.0,508072f1e4033735,ok,regular_sir_full,sir,neural_ode_h2,46,full,0.01,87,14,-226.50461143910456,-541.7915071399703,0.00016211145428429325,0.009574071579400158,4,176.09192149998853,6.112322959351758,14,-513.7915071399703,-507.95817380663703,-479.2687934788062,-507.65634557202105,-496.8174050468251,-485.9784645216292,-464.3005834712373,-526.504510336179,-409.6534607774254,7.643498401895686,43.355762100783764,88.78228426176119
2.0,508072f1e4033735,ok,regular_sir_full,sir,neural_ode_h2,47,full,0.01,87,14,-233.03574382479766,-561.6891275159319,9.824476651467735e-05,0.9300118450801382,2,181.67612600000575,8.11942589189971,14,-533.6891275159319,-527.8557941825985,-499.1664138547677,-527.3180451972095,-516.3456109558613,-505.373176714513,-483.4283082318166,-546.2964766124569,-422.1817506842024,7.696325451737501,43.88973696539292,95.61763986633656
2.0,508072f1e4033735,ok,regular_sir_full,sir,neural_ode_h2,48,full,0.01,87,14,-225.5189029229987,-538.8576363075144,0.00018134728414666325,0.019974574903263598,3,179.19038020001608,1.0365198548102512,14,-510.85763630751444,-505.0243029741811,-476.33492264635026,-504.6054039060395,-493.6991159122104,-482.79282791838136,-460.98025193072317,-523.5182108238599,-407.4126538706811,7.669712741827274,43.6251519753163,87.81983046151704
2.0,508072f1e4033735,ok,regular_sir_full,sir,neural_ode_h2,49,full,0.01,87,14,-235.68288189098521,-561.9774295726858,0.00012629853354437584,0.160812350356026,1,175.14953870000318,4.2973612076352765,14,-533.9774295726858,-528.1440962393524,-499.4547159115216,-527.6110420404523,-516.5829671483561,-505.5548922562599,-483.49874247206753,-546.5868811694702,-427.2534642135857,7.695274201607801,44.11229956838474,90.61166579071535
2.0,508072f1e4033735,ok,regular_sir_full,sir,neural_ode_h2,50,full,0.01,87,14,-220.32374935061884,-535.9391575581101,0.00013340567683368343,0.7360259116087045,3,172.74038179998752,2.5395548836542616,14,-507.9391575581101,-502.10582422477677,-473.4164438969459,-501.5891831588234,-490.61511046283886,-479.6410377668543,-457.6928923748852,-520.5559595671782,-396.7512079172995,7.691598995465924,43.89629078393818,95.29165885687242
2.0,508072f1e4033735,ok,regular_sir_full,sir,neural_ode_h2,51,full,0.01,87,14,-230.64899940260665,-557.3657153206971,8.77393572294073e-05,0.026335539805355187,3,170.30031260001124,2.574277396148858,14,-529.3657153206971,-523.5323819873637,-494.8430016595329,-522.6529659728368,-511.43303335799396,-500.2131007431511,-477.77323551346535,-541.8200531952891,-416.41826834584185,7.772831062703979,44.879730459371416,96.0677165154838
2.0,508072f1e4033735,ok,regular_sir_full,sir,neural_ode_h2,52,full,0.01,87,14,-221.11081070619986,-534.0310952095774,0.0001540619826906005,0.0025237684786102,0,170.6642220999929,2.530970950144706,14,-506.0310952095774,-500.1977618762441,-471.50838154841324,-499.66889721516844,-488.6959257901641,-477.7229543651597,-455.77701151515095,-518.6424230374499,-398.3297357123822,7.694336086063738,43.89188570001748,91.80947379717773
2.0,508072f1e4033735,ok,regular_sir_full,sir,neural_ode_h2,53,full,0.01,87,14,-231.65040465199024,-561.1941443380438,0.00018813197326677776,0.026047503218930946,0,170.20350259999395,8.844337734000732,14,-533.1941443380438,-527.3608110047104,-498.6714306768796,-527.0495882804167,-516.254792305794,-505.4599963311712,-483.8704043819257,-545.9029403318523,-420.12162540548945,7.645602003095732,43.179183898491054,97.89333503406326
2.0,508072f1e4033735,ok,regular_sir_full,sir,neural_ode_h2,54,full,0.01,87,14,-219.9220935158872,-537.1098781878171,0.00013428396826151317,0.011963233505175903,0,168.61694100001478,0.09278375887123502,14,-509.1098781878171,-503.2765448544838,-474.58716452665294,-502.97605464702656,-492.10984475211484,-481.2436348572032,-459.51121506737974,-521.8234806024258,-396.3793474521276,7.64319879269568,43.464839579646814,97.26569115604268
2.0,508072f1e4033735,ok,regular_sir_full,sir,neural_ode_h2,55,full,0.01,87,14,-226.78341543933158,-552.0553335953302,0.00013576653263447583,0.19223868451805662,0,170.71206420002272,2.330978343997913,14,-524.0553335953302,-518.2220002619969,-489.53261993416606,-517.8926969824926,-507.0526350966087,-496.2125732107248,-474.53244943895714,-536.7560324430577,-410.20658333512773,7.649650576136258,43.360247543535436,98.48850271666706
2.0,508072f1e4033735,ok,regular_sir_full,sir,neural_ode_h2,56,full,0.01,87,14,-234.4814796886464,-558.0234774654461,0.00015528506393268653,0.02164648759161198,3,167.01975939999102,2.030581299799252,14,-530.0234774654461,-524.1901441321128,-495.500763804282,-523.7848516935304,-512.8752234256683,-501.96559515780615,-480.14633862208194,-542.6901455373228,-425.32444630584433,7.666665964061661,43.638513071448486,89.06051808815336
2.0,508072f1e4033735,ok,regular_sir_full,sir,neural_ode_h2,57,full,0.01,87,14,-219.7047409446082,-537.3073749386269,0.00012257728246366532,3.4593367618565596,1,167.09072800001013,2.9022002848954287,14,-509.30737493862694,-503.4740416052936,-474.78466127746276,-503.22927141579305,-492.2388245498922,-481.24837768399124,-459.2674839521894,-522.0459308527148,-395.4476944256128,7.630722042956039,43.9617874636036,97.89789304941056
2.0,508072f1e4033735,ok,regular_sir_full,sir,neural_ode_h2,58,full,0.01,87,14,-221.6550458642728,-535.857009190064,0.00010186246856532988,0.8587449771239345,4,168.97478720001527,1.6473640337253812,14,-507.857009190064,-502.0236758567307,-473.3342955288998,-501.2612975835728,-490.09463760890156,-478.92797763423033,-456.5946576848879,-520.3637609246189,-398.64345182986074,7.746624132722559,44.666639898684885,92.54691746151839
2.0,508072f1e4033735,ok,regular_sir_full,sir,neural_ode_h2,59,full,0.01,87,14,-229.27709868781199,-552.1169995636407,0.00012304879719992853,0.01700493354281174,0,166.2197184000106,0.018693368644363773,14,-524.1169995636407,-518.2836662303073,-489.5942859024765,-517.6231121344025,-506.5884176244447,-495.55372311448684,-473.4843340945711,-536.6693519574782,-414.4154193357926,7.723823803081261,44.13877803983138,93.56280218801672
2.0,508072f1e4033735,ok,regular_sir_full,sir,neural_ode_h2,60,full,0.01,87,14,-215.15440806440375,-526.2350092944947,0.00017171325461608813,2.0841635305616966,0,174.03175490000285,0.014748903485497067,14,-498.2350092944947,-492.4016759611614,-463.71229563333054,-492.04918721862737,-481.21861106767096,-470.38803491671456,-448.72688261480175,-510.9253248282741,-386.9865115249819,7.654842233110315,43.32230460382563,95.92619316568724
2.0,508072f1e4033735,ok,regular_sir_full,sir,neural_ode_h2,61,full,0.01,87,14,-224.94670846160074,-539.229611994992,0.00016610851817702702,0.007383682292885299,4,174.86523009999655,2.077253222190734,14,-511.22961199499196,-505.39627866165864,-476.7068983338278,-504.98855306842836,-494.1385021598928,-483.2884512513573,-461.5883494342862,-523.895190409588,-406.4932132890593,7.667210792701929,43.40020363414216,89.33619507179048
2.0,508072f1e4033735,ok,regular_sir_full,sir,neural_ode_h2,62,full,0.01,87,14,-227.2024234164754,-553.562063678281,9.369003503392828e-05,0.04166260026217777,3,174.60662160001812,0.7043629135558831,14,-525.562063678281,-519.7287303449476,-491.0393500171168,-518.9257769903768,-507.7666811097707,-496.60758522916456,-474.28939346795227,-538.0506443800538,-409.7684633105263,7.75570964911362,44.6363835224245,99.15721684533018
2.0,508072f1e4033735,ok,regular_sir_full,sir,neural_ode_h2,63,full,0.01,87,14,-228.357793848992,-547.4181348985287,0.0001417616995104958,2.563090202465449,0,173.86697850000928,5.975986457249263,14,-519.4181348985287,-513.5848015651953,-484.89542123736453,-513.0042104328883,-502.00025412857605,-490.99629782426376,-468.98838521563925,-532.0062976858957,-412.699762480735,7.705918606316529,44.01582521724901,90.70254720054473
2.0,508072f1e4033735,ok,regular_sir_full,sir,neural_ode_h2,64,full,0.01,87,14,-236.00594382199156,-563.9873759329066,0.00013622740064440063,0.06879102554689964,1,165.371501000016,0.4590158472382484,14,-535.9873759329066,-530.1540425995732,-501.46466227174244,-529.692614719837,-518.7922345026174,-507.8918542853978,-486.09109385095854,-548.6289044633228,-428.41036677510465,7.679235734791911,43.60152086887847,91.97548828892349
2.0,508072f1e4033735,ok,regular_sir_full,sir,neural_ode_h2,65,full,0.01,87,14,-234.3013086227236,-560.0131826080515,0.00011315371673199345,0.4690628442121718,3,168.89534930000082,2.4781653512378625,14,-532.0131826080515,-526.1798492747181,-497.4904689468873,-525.5284061819439,-514.4273459036801,-503.3262856254164,-481.1241650688889,-544.569615248454,-424.19837613239224,7.721783679798725,44.40424111305497,91.41056536260423
2.0,508072f1e4033735,ok,regular_sir_full,sir,neural_ode_h2,66,full,0.01,87,14,-222.21108702872775,-531.4613096628509,0.00017916695795040373,0.06909250612328144,4,172.39718510000966,2.630592538108118,14,-503.4613096628509,-497.6279763295176,-468.93859600168673,-497.26146558188265,-486.39334010584986,-475.52521462981707,-453.78896367775155,-516.1453456204597,-400.9496721533244,7.657982021195597,43.47250190413112,87.03913560539542
2.0,508072f1e4033735,ok,regular_sir_full,sir,neural_ode_h2,67,full,0.01,87,14,-227.38065476759178,-544.7120782101367,0.00018334531197871176,0.04728004964466299,2,175.3321774000069,1.193674183231792,14,-516.7120782101367,-510.8787448768034,-482.18936454897255,-510.4196973592434,-499.5293783518861,-488.63905934452885,-466.8584213298143,-529.3546727553983,-411.20003350575445,7.678702727369226,43.5612760294291,89.95076867495318
2.0,508072f1e4033735,ok,regular_sir_full,sir,neural_ode_h2,68,full,0.01,87,14,-225.42628479731076,-538.8797831595989,0.0001747678382560332,0.038021673801871214,2,180.032666300016,2.8133910208835573,14,-510.8797831595989,-505.0464498262656,-476.3570694984347,-504.6300188206985,-493.74244726535585,-482.8548757100132,-461.0797325993279,-523.5414629662947,-407.3022833732509,7.669160096652104,43.550286221370655,88.02721356497736
2.0,508072f1e4033735,ok,regular_sir_full,sir,neural_ode_h2,69,full,0.01,87,14,-237.30847788286704,-562.4327355963192,0.00021405600841681188,0.0006279088544078607,3,188.72017109999433,0.19187596805525686,14,-534.4327355963192,-528.5994022629858,-499.910021935155,-528.4073633737125,-517.6799876108765,-506.9526118480406,-485.49786032236864,-547.1949065507645,-431.7074527143902,7.61891452277734,42.909503051343904,87.81577983058509
2.0,508072f1e4033735,ok,regular_sir_full,sir,neural_ode_h2,70,full,0.01,87,14,-221.54963584022283,-541.7350499474693,0.00013453027922339,3.800138470322051,1,185.669529900013,2.2357809053948756,14,-513.7350499474693,-507.901716614136,-479.2123362863051,-507.5711938686141,-496.6829125151615,-485.79463116170893,-464.01806845480377,-526.4352026728919,-399.54614626663533,7.649923637288694,43.55312541381035,98.63577826702362
2.0,508072f1e4033735,ok,regular_sir_full,sir,neural_ode_h2,71,full,0.01,87,14,-232.1236061901426,-556.0627899111056,0.000138047458536984,0.02081423981249814,2,184.91648660000646,0.17674653564418463,14,-528.0627899111056,-522.2294565777722,-493.5400762499414,-521.7448396379522,-510.78191917110985,-499.8189987042676,-477.893157770583,-540.6939335166788,-420.395530512916,7.684428197213386,43.851681867369194,91.81557753082039
2.0,508072f1e4033735,ok,regular_sir_full,sir,neural_ode_h2,72,full,0.01,87,14,-233.75257100729306,-564.0130294811275,0.00016540249194130013,0.0162452119107936,1,182.469638199982,1.8767378894223157,14,-536.0130294811275,-530.1796961477942,-501.49031581996337,-529.835612294791,-518.9814703066937,-508.12732831859637,-486.41904434240183,-548.7071090375009,-424.088574062197,7.652960221813293,43.41656795238914,96.50788746654145
2.0,508072f1e4033735,ok,regular_sir_full,sir,neural_ode_h2,73,full,0.01,87,14,-236.53159375702887,-564.6405516393268,0.00011484685916436128,0.490353749556806,0,177.03571480000392,2.5273335127458836,14,-536.6405516393268,-530.8072183059934,-502.1178379781626,-530.3341155070564,-519.3934066064725,-508.45269770588857,-486.5712799047208,-549.2768517060618,-429.3003519117222,7.681849966632473,43.76283560233554,91.577364125269
2.0,508072f1e4033735,ok,regular_sir_full,sir,neural_ode_h2,74,full,0.01,87,14,-235.45092714890185,-564.9669235083438,0.00013914184790972327,0.021811834597399812,3,171.12614680000115,1.7586760006506097,14,-536.9669235083438,-531.1335901750105,-502.44420984717965,-530.7019864559226,-519.8145180278549,-508.9270495997872,-487.15211274365186,-549.6218084087774,-427.351980585533,7.672557549783196,43.549873712270696,94.06506921054013
2.0,508072f1e4033735,ok,regular_sir_full,sir,neural_ode_h2,75,full,0.01,87,14,-210.98388261437117,-524.4114547032091,0.00012492932773737112,0.3674165116023983,2,173.50819019999471,2.449784905326652,14,-496.4114547032091,-490.57812136987576,-461.8887410420449,-490.1707545936092,-479.260411600126,-468.3500686066428,-446.5293826196764,-509.07719380940665,-378.32639325480955,7.667130446901204,43.64137197393278,102.44368947446672
2.0,508072f1e4033735,ok,regular_sir_full,sir,neural_ode_h2,76,full,0.01,87,14,-219.49952267333282,-534.6368921782511,0.00017733842668101826,0.03277688407230007,4,172.0830089999945,8.049670777467583,14,-506.63689217825106,-500.80355884491775,-472.1141785170869,-500.6456558310001,-489.87211974605367,-479.0985836611072,-457.55151149121434,-519.4143504491609,-395.90490100687987,7.611270864545072,43.0941443397858,95.63784683158543
2.0,508072f1e4033735,ok,regular_sir_full,sir,neural_ode_h2,77,full,0.01,87,14,-228.0630624315624,-542.8405453170342,0.000145390264250408,0.2541802903793392,3,168.59669720000238,3.6031370930103037,14,-514.8405453170342,-509.00721198370087,-480.31783165587,-508.5255887038143,-497.56471493734125,-486.6038411708682,-464.682093637922,-527.4730295950324,-412.28262979723246,7.683757861000888,43.84349506589233,86.71442045390938
2.0,508072f1e4033735,ok,regular_sir_full,sir,neural_ode_h2,78,full,0.01,87,14,-231.16832957517678,-557.4011201476229,0.00013814916669827336,1.060524875491788,0,173.36953789999825,2.863683016056825,14,-529.4011201476229,-523.5677868142895,-494.87840648645874,-522.9084887505072,-511.8583042608579,-500.80811977120857,-478.70775079190986,-541.9540350394291,-418.1359211917562,7.723542554096942,44.20073795859736,95.06446099726936
2.0,508072f1e4033735,ok,regular_sir_full,sir,neural_ode_h2,79,full,0.01,87,14,-236.5026734900179,-563.3462879100472,0.00014011447260703637,0.06301990287921913,0,171.11166650001542,0.22164234790011506,14,-535.3462879100472,-529.5129545767138,-500.823574248883,-528.9401030683609,-517.9443629287466,-506.9486227891323,-484.9571425099037,-547.9379167893034,-429.0223864215786,7.7041855603718865,43.98296055845725,90.34094093001133
2.0,54151c7244fcf3b2,ok,regular_sir_full,sir,seir,0,full,0.01,87,3,-242.25093826180134,-489.78956934355284,2.280090099496669e-06,0.00010326692459778375,0,64.06639679998625,2.2538415578310378e-11,3,-483.78956934355284,-483.5004127170468,-476.3918449875891,-476.4326001609441,-469.824204340399,-463.21580851985385,-449.9990168787636,-483.8078210282146,-458.06829324142217,2.9908741576691225,26.4335832821805,5.287692819950152
2.0,54151c7244fcf3b2,ok,regular_sir_full,sir,seir,1,full,0.01,87,3,-242.70147331947842,-490.3324182718101,7.805726576134016e-06,0.0001947782149129953,4,64.29236339998897,6.082245818106458e-11,3,-484.3324182718101,-484.0432616453041,-476.93469391584637,-476.9712972090545,-470.33869703784137,-463.70609686662823,-450.4408965242019,-484.3488105898944,-458.8725459541042,2.9918038409578456,26.530400684852594,4.929471632853268
2.0,54151c7244fcf3b2,ok,regular_sir_full,sir,seir,2,full,0.01,87,3,-241.59752969860455,-488.41862845365586,7.1513860183331115e-06,0.00038525126139318366,0,76.8087142999866,1.2505552149377763e-10,3,-482.41862845365586,-482.1294718271498,-475.0209040976921,-475.06107690569263,-468.44935882010975,-461.8376407345269,-448.6142045633611,-482.43661933342014,-456.7481870548776,2.9910045601178608,26.446872342331517,5.223569056446738
2.0,54151c7244fcf3b2,ok,regular_sir_full,sir,seir,3,full,0.01,87,3,-232.328553212735,-469.97302063745025,4.110980341912643e-06,0.00033398148961259516,0,75.58616400000756,4.158096089668106e-11,3,-463.97302063745025,-463.6838640109442,-456.5752962814865,-456.61655489885413,-450.0107336331187,-443.40491236738336,-430.1932698359126,-463.99149778309294,-438.23382136252843,2.9907614271786525,26.423285062941567,5.315914211980293
2.0,54151c7244fcf3b2,ok,regular_sir_full,sir,seir,4,full,0.01,87,3,-251.73537906826402,-508.4760823725005,4.493793069563479e-06,0.0005253023252102771,1,66.89422849999391,4.2518877307884395e-11,3,-502.4760823725005,-502.1869257459945,-495.07835801653675,-495.11579993281555,-488.48782091291883,-481.85984189302206,-468.6038838532286,-502.4928502572326,-476.9588420569411,2.9916160576339705,26.511916079586943,5.005324235972468
2.0,54151c7244fcf3b2,ok,regular_sir_full,sir,seir,5,full,0.01,87,3,-221.97977526862428,-449.4855461175881,1.5903269752399303e-06,0.0002940725963084815,0,78.3970722000231,1.0913936421275139e-11,3,-443.4855461175881,-443.1963894910821,-436.08782176162435,-436.13206644419256,-429.5401809679811,-422.94829549176956,-409.7645245393466,-443.5053605344514,-417.5920086324026,2.9900927915683346,26.36754190484597,5.525995580339543
2.0,54151c7244fcf3b2,ok,regular_sir_full,sir,seir,6,full,0.01,87,3,-259.23260733394903,-523.2642143829079,1.2196547630987397e-05,0.00037319788292364324,1,84.34030019998318,1.9554136088117957e-11,3,-517.2642143829079,-516.9750577564018,-509.8664900269441,-509.9015519424825,-503.260590450556,-496.61962895862945,-483.3377059747764,-517.279916414659,-491.90136870019194,2.9921489841244324,26.563845967706115,4.798999715009841
2.0,54151c7244fcf3b2,ok,regular_sir_full,sir,seir,7,full,0.01,87,3,-256.57206029947827,-518.679431832574,1.27673421586047e-06,0.00016970872866984286,0,83.87002970001777,8.378719940083101e-11,3,-512.679431832574,-512.3902752060679,-505.2817074766102,-505.32571612359243,-498.73463699450764,-492.1435578654228,-478.96139960725316,-512.6991405439102,-486.77980408261726,2.9901456443319203,26.364316516339247,5.535311233617454
2.0,54151c7244fcf3b2,ok,regular_sir_full,sir,seir,8,full,0.01,87,3,-229.7852207697653,-465.4835899848847,3.0310978231604977e-07,0.00029107000181657276,3,84.58798310000566,3.126388037344441e-12,3,-459.4835899848847,-459.19443335837866,-452.08586562892094,-452.13516987996877,-445.5703900865509,-439.00561029313303,-425.87605070629735,-459.50567026497015,-433.31132236585916,2.9889598599572893,26.259119173671436,5.913148445354116
2.0,54151c7244fcf3b2,ok,regular_sir_full,sir,seir,9,full,0.01,87,3,-248.82504146937097,-504.40192452097966,7.017969557504117e-07,0.000331483915160533,1,79.19023390000802,9.387690624862444e-11,3,-498.40192452097966,-498.1127678944736,-491.0042001650159,-491.06836076052065,-484.5620969206422,-478.05583308076376,-465.0433054010069,-498.4306580254764,-471.6250275792282,2.9856332477516205,26.025055359513782,6.75184158223774
2.0,54151c7244fcf3b2,ok,regular_sir_full,sir,seir,10,full,0.01,87,3,-246.70584882529,-499.1669361614331,2.681448543629966e-06,0.0003730527056459489,4,75.17194959998596,7.898393050709274e-11,3,-493.1669361614331,-492.8777795349271,-485.76921180546935,-485.8168373304314,-479.24152085254417,-472.66620437465696,-459.51557141888253,-493.1882646454487,-467.1104317390311,2.9893357579921855,26.30126591154884,5.755238510853107
2.0,54151c7244fcf3b2,ok,regular_sir_full,sir,seir,11,full,0.01,87,3,-251.68398905793356,-508.5456073770447,1.2289818883407664e-06,0.00019308554682698255,2,64.69821960001718,1.524824710941175e-10,3,-502.5456073770447,-502.25645075053865,-495.14788302108093,-495.1875224486152,-488.5706220120187,-481.9537215754222,-468.7199207022293,-502.563359389169,-476.9003763694812,2.991123993937832,26.467601746385938,5.177629261177566
2.0,54151c7244fcf3b2,ok,regular_sir_full,sir,seir,12,full,0.01,87,3,-246.51593322903346,-498.9440002816018,8.587700585220908e-07,0.00014693176917432609,1,74.59974070001044,2.1998403099132702e-11,3,-492.9440002816018,-492.65484365509576,-485.54627592563804,-485.59594131483584,-479.0314457849491,-472.46695025506233,-459.3379591952888,-492.96624229280235,-466.7738843385199,2.988878994399737,26.257982119547016,5.91213382353485
2.0,54151c7244fcf3b2,ok,regular_sir_full,sir,seir,13,full,0.01,87,3,-230.07976880875674,-465.30890216115716,3.994770020397226e-06,0.00037821542504539585,3,87.7720990999951,2.717115421546623e-11,3,-459.30890216115716,-459.0197455346511,-451.9111778051934,-451.9503075873293,-445.3325418415084,-438.71477609568745,-425.4792446040456,-459.32642593508905,-433.6884746342298,2.991238113034066,26.471062983283694,5.149364543643694
2.0,54151c7244fcf3b2,ok,regular_sir_full,sir,seir,14,full,0.01,87,3,-245.1336308688345,-495.6469823890884,3.3832078712228086e-06,0.0006498845864010626,1,89.3997282999917,4.888534022029489e-12,3,-489.6469823890884,-489.35782576258237,-482.24925803312465,-482.2910146288769,-475.6896061888802,-469.08819774888343,-455.88538086888997,-489.66568254800023,-463.8616279776821,2.9906499205440786,26.405633759986912,5.379720651419388
2.0,54151c7244fcf3b2,ok,regular_sir_full,sir,seir,15,full,0.01,87,3,-236.1116667607529,-477.75579379848335,9.371716273011854e-07,0.0004116942302832896,4,86.90438230001018,1.1510792319313623e-11,3,-471.75579379848335,-471.4666371719773,-464.3580694425196,-464.4023601507658,-457.8106683548041,-451.21897655884237,-438.035592966919,-471.77562882735964,-445.85656633765905,2.990082485561859,26.366767183846783,5.532460276977557
2.0,54151c7244fcf3b2,ok,regular_sir_full,sir,seir,16,full,0.01,87,3,-251.65555352498558,-508.4447151931712,5.094748222017243e-06,0.00046510454851929453,3,75.17899770001532,9.86233317235019e-12,3,-502.4447151931712,-502.15555856666515,-495.04699083720743,-495.08573276195125,-488.4672067498497,-481.84868073774817,-468.6116287135451,-502.4620652701161,-476.837003001565,2.9913249615275355,26.474104048406144,5.133608143200054
2.0,54151c7244fcf3b2,ok,regular_sir_full,sir,seir,17,full,0.01,87,3,-245.28035817404353,-496.26508496713734,3.4631401247079427e-06,8.330193386298292e-05,1,101.61265779999667,1.5205614545266144e-10,3,-490.26508496713734,-489.9759283406313,-482.8673606111736,-482.914232123702,-476.335578810258,-469.756925496814,-456.5996188699261,-490.28607577630004,-464.24610309431114,2.9895045954186585,26.31461325377592,5.704368619050262
2.0,54151c7244fcf3b2,ok,regular_sir_full,sir,seir,18,full,0.01,87,3,-234.33277570706508,-474.05657865059004,8.215507879623305e-07,0.0003578784227045852,0,125.81057189998683,8.199663170671556e-11,3,-468.05657865059004,-467.767422024084,-460.6588542946263,-460.7008090199109,-454.09898357617294,-447.497158132435,-434.2935072449591,-468.07536753928633,-442.25824963917836,2.9906055556518623,26.40730177495179,5.39102723645988
2.0,54151c7244fcf3b2,ok,regular_sir_full,sir,seir,19,full,0.01,87,3,-241.4160062582514,-487.5909966451218,4.8944429261671045e-06,0.000244246028460448,2,125.92386989999795,1.1871748029079754e-10,3,-481.5909966451218,-481.30184001861574,-474.193272289158,-474.22783582204625,-467.5822910697124,-460.93674631737855,-447.6456568127109,-481.6064754825586,-456.24983350716747,2.992260581281589,26.58217900933535,4.758984128618985
2.0,54151c7244fcf3b2,ok,regular_sir_full,sir,seir,20,full,0.01,87,3,-241.64013565420737,-488.5353720328868,2.768761261212969e-06,0.00040576272726588266,2,140.93387819998316,6.372147254296578e-11,3,-482.5353720328868,-482.24621540638077,-475.13764767692305,-475.17826523295037,-468.56754199905123,-461.95681876515215,-448.73537229735393,-482.5535620873833,-456.8373783728183,2.990904972751756,26.442892935596447,5.2551007244720465
2.0,54151c7244fcf3b2,ok,regular_sir_full,sir,seir,21,full,0.01,87,3,-254.44137479102812,-513.8283303310642,4.7533916273942145e-06,0.00044864597369024,1,157.60412810000707,7.673861546209082e-13,3,-507.8283303310642,-507.53917370455815,-500.43060597510043,-500.4672675874106,-493.835111426996,-487.2029552665813,-473.938642945752,-507.84474876661466,-482.35412494039764,2.9917907822247742,26.52862464165861,4.945580749007967
2.0,54151c7244fcf3b2,ok,regular_sir_full,sir,seir,22,full,0.01,87,3,-224.67895111523367,-454.3746581098843,2.3238162112089894e-06,0.0003166456564684534,3,130.86148709998815,1.3159251466277055e-11,3,-448.3746581098843,-448.08550148337827,-440.97693375392055,-441.01441264618785,-434.38655417806183,-427.75869570993575,-414.50297877368365,-448.3914425538413,-422.84646835796315,2.991607778021511,26.511433872504178,5.0167558794169596
2.0,54151c7244fcf3b2,ok,regular_sir_full,sir,seir,23,full,0.01,87,3,-216.8267508317227,-438.8604706172185,3.2317864743101657e-06,0.0005771441078898168,0,133.86784069999703,2.376054908381775e-11,3,-432.8604706172185,-432.57131399071244,-425.4627462612547,-425.5023683122637,-418.88851492965875,-412.2746615470538,-399.04695478184397,-432.8782148474876,-407.19808813302564,2.9911278848654614,26.455413530419747,5.206968953773098
2.0,54151c7244fcf3b2,ok,regular_sir_full,sir,seir,24,full,0.01,87,3,-239.2506854083386,-483.78318638398537,5.7569888074583895e-06,0.000666134431100387,2,142.3964253999875,5.7838178690872155e-11,3,-477.78318638398537,-477.4940297574793,-470.3854620280216,-470.42617190171967,-463.8184268958836,-457.21068189004757,-443.9951918783754,-477.8014177817734,-452.07039079333293,2.9908843011059716,26.430980023344254,5.281815567308171
2.0,54151c7244fcf3b2,ok,regular_sir_full,sir,seir,25,full,0.01,87,3,-230.37948422123776,-465.7766554232786,4.796362263945687e-06,0.0005175480059628099,3,145.6836194000207,5.297806637827307e-11,3,-459.7766554232786,-459.48749879677257,-452.37893106731485,-452.4164402723367,-445.78947653490417,-439.1625127974717,-425.9085853226067,-459.79345344241614,-434.25111349274556,2.9916009904312335,26.507854949729946,5.017686980803105
2.0,54151c7244fcf3b2,ok,regular_sir_full,sir,seir,26,full,0.01,87,3,-252.67838573528337,-510.5937010395688,2.7271480637514013e-06,0.00035833211243734367,2,169.1519184000208,1.397211235598661e-10,3,-504.5937010395688,-504.3045444130628,-497.19597668360507,-497.2360190494024,-490.624145419481,-484.0122717895597,-470.78852452971694,-504.61163350245585,-478.9092769508813,2.9910337685564876,26.447494519685446,5.236929569002114
2.0,54151c7244fcf3b2,ok,regular_sir_full,sir,seir,27,full,0.01,87,3,-248.52625152049933,-502.7507514513642,2.0858791990957662e-06,0.00041926352544441434,3,160.7625497999834,2.1088908397359774e-11,3,-496.7507514513642,-496.46159482485814,-489.3530270954004,-489.39964070395,-482.82032129825615,-476.2410018925623,-463.0823630811745,-496.77162676151886,-470.73522541822314,2.9895623449226636,26.31727762277551,5.698248410365494
2.0,54151c7244fcf3b2,ok,regular_sir_full,sir,seir,28,full,0.01,87,3,-242.1332183444176,-489.8023253034337,2.4883247303764067e-06,0.00038651936337842635,1,130.15934089999064,8.631673154013697e-11,3,-483.8023253034337,-483.51316867692765,-476.40460094746993,-476.4485821163966,-469.8580640461504,-463.2675459759041,-450.0865098354116,-483.8220217090731,-457.9043644078502,2.9901517971802973,26.362072280984975,5.5358886145985045
2.0,54151c7244fcf3b2,ok,regular_sir_full,sir,seir,29,full,0.01,87,3,-252.46013115445098,-509.90776947888764,5.3602364730875e-06,0.0003533630148854737,2,138.7023754999973,6.178879630169831e-11,3,-503.90776947888764,-503.6186128523816,-496.5100451229239,-496.5471200274299,-489.91816782584783,-483.28921562426575,-470.03131122110165,-503.9243730020776,-478.4044535025737,2.9916982384050477,26.515808806328288,4.987507169985676
2.0,54151c7244fcf3b2,ok,regular_sir_full,sir,seir,30,full,0.01,87,3,-254.09146854057235,-513.5240267319145,1.4006022667444898e-06,8.778893425292949e-05,3,135.33590779997758,4.035882739117369e-12,3,-507.52402673191455,-507.2348701054085,-500.1263023759508,-500.16764948988765,-493.56266347210067,-486.95767745431374,-473.7477054187398,-507.54254350961725,-481.7629930099969,2.9907416111486564,26.41994407114785,5.341089650769866
2.0,54151c7244fcf3b2,ok,regular_sir_full,sir,seir,31,full,0.01,87,3,-254.31700656678126,-513.9963854126547,1.155625403182138e-06,0.0004005352749622099,2,145.67029670000193,1.1908696251339279e-11,3,-507.9963854126547,-507.7072287861487,-500.59866105669096,-500.64041914863844,-494.03686933127443,-487.4333195139104,-474.2262198791824,-508.0150862416185,-482.2198138641065,2.9906495855181108,26.41419926945602,5.362372279092204
2.0,54151c7244fcf3b2,ok,regular_sir_full,sir,seir,32,full,0.01,87,3,-248.19924449445628,-501.3674395920274,2.774244439186965e-06,0.0002142698582923115,0,129.43945899998653,2.7426949600339867e-11,3,-495.3674395920274,-495.07828296552134,-487.9697152360636,-488.006514158947,-481.375354124977,-474.744194091007,-461.4818740230669,-495.383919520367,-469.8738488530324,2.991760035830187,26.524640135880123,4.968950603114817
2.0,54151c7244fcf3b2,ok,regular_sir_full,sir,seir,33,full,0.01,87,3,-241.79321019626965,-488.77116819669357,3.1352269310782604e-06,0.0005763991331145466,0,87.74335939998855,1.134310423367424e-10,3,-482.77116819669357,-482.4820115701875,-475.3734438407298,-475.4129229357595,-468.79744969213283,-462.18197644850613,-448.9510299612527,-482.7888484059504,-457.12452741803247,2.9911598953716054,26.461892974506824,5.184747804154248
2.0,54151c7244fcf3b2,ok,regular_sir_full,sir,seir,34,full,0.01,87,3,-235.13710504301847,-475.32104523350773,4.191690040539559e-06,0.00036532404136151034,2,87.86829260000377,9.262635103368666e-11,3,-469.32104523350773,-469.0318886070017,-461.923320877544,-461.9612753998348,-455.33617277820554,-448.7110701565763,-435.4608649133178,-469.33804268230534,-443.77379959952,2.9915012756011983,26.500410486516984,5.046835147470783
2.0,54151c7244fcf3b2,ok,regular_sir_full,sir,seir,35,full,0.01,87,3,-241.84296219879053,-488.91033866769226,6.452949239613532e-06,0.0005420744566678362,2,86.56533650000347,3.916511559509672e-11,3,-482.91033866769226,-482.6211820411862,-475.5126143117285,-475.55266725845024,-468.94095051202794,-462.3292337656057,-449.1058002727611,-482.92827586911136,-457.2390574118919,2.991031399290452,26.446866985689148,5.224414270111169
2.0,54151c7244fcf3b2,ok,regular_sir_full,sir,seir,36,full,0.01,87,3,-229.86024345207642,-464.9085085253299,3.323123220443428e-06,0.000335869935449701,4,86.36453819999588,6.261302587518003e-11,3,-458.9085085253299,-458.6193518988239,-451.51078416936616,-451.5505113680606,-444.93521905793403,-438.3199267478075,-425.0893421275544,-458.92629984464907,-433.25931766364664,2.9911043403404367,26.461169240506216,5.188021621177076
2.0,54151c7244fcf3b2,ok,regular_sir_full,sir,seir,37,full,0.01,87,3,-243.58278443150502,-492.6911002751164,1.9754881050779778e-06,0.0003914589749499207,1,71.43102980000549,1.3784529073745944e-11,3,-486.6911002751164,-486.40194364861037,-479.29337591915265,-479.33753603990226,-472.7458827032343,-466.15422936656637,-452.9709226932305,-486.7108768220477,-460.79895551633825,2.99011172653438,26.366613346671762,5.525531412106381
2.0,54151c7244fcf3b2,ok,regular_sir_full,sir,seir,38,full,0.01,87,3,-246.18423810011566,-497.5977274341457,3.623800387110226e-06,0.00024360916886639888,2,53.04736409999896,2.1600499167107046e-12,3,-491.5977274341457,-491.3085708076397,-484.20000307818196,-484.2403347230377,-477.627992481659,-471.0156502402803,-457.79096575752294,-491.61578944697004,-465.91910723471665,2.9909689935878414,26.449368965514708,5.229251233914416
2.0,54151c7244fcf3b2,ok,regular_sir_full,sir,seir,39,full,0.01,87,3,-219.30345490275948,-443.93811933109544,9.731251516341633e-07,0.0004267750212093128,1,48.664596599992365,1.8332002582610585e-11,3,-437.93811933109544,-437.6489627045894,-430.5403949751317,-430.58182222338127,-423.97591894338547,-417.3700156633896,-404.158209103398,-437.95667199592816,-412.1832966855357,2.9907236675836306,26.42361311998326,5.331209525576483
2.0,54151c7244fcf3b2,ok,regular_sir_full,sir,seir,40,full,0.01,87,3,-240.2805584174543,-485.8746027847576,3.871364257625944e-06,0.00017386819003350698,1,51.59958439998445,1.383284597977763e-10,3,-479.8746027847576,-479.58544615825156,-472.47687842879384,-472.51808668388406,-465.9120338585034,-459.30598103312263,-446.09387538236126,-479.8930573762966,-454.1369055333858,2.990772704230506,26.424211301522803,5.313485949848991
2.0,54151c7244fcf3b2,ok,regular_sir_full,sir,seir,41,full,0.01,87,3,-225.87495757729565,-457.0501268308408,7.533934904535682e-07,0.0002736752781768226,4,64.12550180000835,1.5546675058430992e-11,3,-451.0501268308408,-450.76097020433474,-443.652402474877,-443.6935473821344,-437.08520999543225,-430.4768726087301,-417.26019783532576,-451.06855305286064,-425.31656560778265,2.990786888990064,26.433349546808618,5.300211676249507
2.0,54151c7244fcf3b2,ok,regular_sir_full,sir,seir,42,full,0.01,87,3,-242.368351719935,-490.256814933657,1.3080302970382206e-06,0.00034868973639249544,3,72.33441199999652,2.2225776774575934e-11,3,-484.256814933657,-483.96765830715094,-476.8590905776932,-476.9026774352426,-470.3104013116354,-463.7181251880283,-450.533572940814,-484.27633475197445,-458.3675989454414,2.990240090841259,26.369104494428612,5.5201114937869775
2.0,54151c7244fcf3b2,ok,regular_sir_full,sir,seir,43,full,0.01,87,3,-243.4058294205349,-491.75578198422113,3.74773178676371e-06,0.00038205351332633135,1,69.59933679999085,3.220179678464774e-11,3,-485.75578198422113,-485.4666253577151,-478.35805762825737,-478.39465302939055,-471.7620860355662,-465.12951904174184,-451.86438505409313,-485.7721707679403,-460.2813908657724,2.991805608140412,26.530267975297413,4.944123143151335
2.0,54151c7244fcf3b2,ok,regular_sir_full,sir,seir,44,full,0.01,87,3,-233.6618285068521,-472.6619760802894,2.449342451571346e-06,0.00034907133613847795,2,64.80696210000315,1.0231815394945443e-11,3,-466.6619760802894,-466.37281945378334,-459.2642517243256,-459.30575547799174,-452.7010258556551,-446.09629623331836,-432.88683698864503,-466.6805630070973,-440.90473852435747,2.990706536596049,26.418918489346716,5.338319066585187
2.0,54151c7244fcf3b2,ok,regular_sir_full,sir,seir,45,full,0.01,87,3,-256.446101226825,-518.5192817931711,1.155753260308063e-06,0.0003938220537225875,2,55.82806669999263,5.7411853049416095e-12,3,-512.5192817931711,-512.2301251666651,-505.12155743720734,-505.1669886841923,-498.5823598646272,-491.9977310450621,-478.8284734059319,-512.539627597777,-486.55368717538965,2.9898270976970642,26.338515278260374,5.627079339521044
2.0,54151c7244fcf3b2,ok,regular_sir_full,sir,seir,46,full,0.01,87,3,-229.38463120899775,-464.68647812580855,5.427779870898809e-07,0.0005041388710201091,0,69.00207779998891,1.5481305126741063e-10,3,-458.68647812580855,-458.3973214993025,-451.2887537698448,-451.3386072333841,-444.77409916585384,-438.20959109832353,-425.08057496326296,-458.70880436370453,-432.51123014787436,2.9888368810520176,26.258032270121127,5.917215707813032
2.0,54151c7244fcf3b2,ok,regular_sir_full,sir,seir,47,full,0.01,87,3,-240.6834234760986,-487.64138109994303,1.0584749941893915e-06,0.0002817489357514082,2,89.33242990000872,1.1647216524579562e-10,3,-481.64138109994303,-481.352224473437,-474.2436567439793,-474.29944370288825,-467.75931181883345,-461.21917993477865,-448.13891616666905,-481.66636457807414,-455.206319415978,2.9875082609344474,26.160527536219192,6.274534147745817
2.0,54151c7244fcf3b2,ok,regular_sir_full,sir,seir,48,full,0.01,87,3,-242.46512895301532,-490.25515648487936,5.283180458680414e-06,0.000490494159076308,0,88.47922989999643,2.2112089936854318e-11,3,-484.25515648487936,-483.9659998583733,-476.8574321289156,-476.89884105701617,-470.29395874853606,-463.6890764400559,-450.47931182309566,-484.27370094526697,-458.51072867211013,2.9907277698061905,26.419529233920535,5.324898578848697
2.0,54151c7244fcf3b2,ok,regular_sir_full,sir,seir,49,full,0.01,87,3,-246.60060551290138,-498.62648477778316,1.1541770896522079e-06,0.0003289241535243799,0,87.4449181999953,4.348521542851813e-12,3,-492.62648477778316,-492.3373281512771,-485.2287604218194,-485.2713298198423,-478.67229445662605,-472.0732590934098,-458.8751883669773,-492.64554893982677,-466.8050695729377,2.9904679189782035,26.396141452865045,5.425273751980392
2.0,54151c7244fcf3b2,ok,regular_sir_full,sir,seir,50,full,0.01,87,3,-233.30954802501986,-472.1312969349833,1.982985227989927e-06,0.0006097406584164928,2,84.13952060000156,3.745981302927248e-11,3,-466.1312969349833,-465.84214030847727,-458.73357257901955,-458.7774462672324,-452.18494452778975,-445.59244278834717,-432.40743930946195,-466.15094520675564,-440.2490890922693,2.990175864113829,26.370006957770467,5.512200884943553
2.0,54151c7244fcf3b2,ok,regular_sir_full,sir,seir,51,full,0.01,87,3,-254.4951333172244,-514.617243373016,1.4562657259879375e-06,0.000519009742822186,2,82.17417370001203,3.069544618483633e-12,3,-508.617243373016,-508.32808674650994,-501.2195190170522,-501.2646842364163,-494.68024951837987,-488.0958148003434,-474.9269453642705,-508.6374700405443,-482.65252776230295,2.9898866662358268,26.33773887214582,5.626976738567199
2.0,54151c7244fcf3b2,ok,regular_sir_full,sir,seir,52,full,0.01,87,3,-236.32061997301028,-477.9377828906028,3.7254873158001547e-06,0.0005365252135417461,3,81.71877959999256,1.4125589586910792e-11,3,-471.9377828906028,-471.6486262640968,-464.54005853463906,-464.58091200845075,-457.97366093029285,-451.36640985213495,-438.15190769581915,-471.95607859787054,-446.21223563338896,2.9908521463661484,26.429004312631584,5.296542944582247
2.0,54151c7244fcf3b2,ok,regular_sir_full,sir,seir,53,full,0.01,87,3,-221.78564898342455,-449.0518223128403,2.542155650278747e-06,0.00038609471175937883,4,79.97729190002428,5.582023732131347e-11,3,-443.0518223128403,-442.76266568633423,-435.6540979568765,-435.6976044428242,-429.102990867729,-422.5083772926337,-409.31915014244333,-443.07130613776087,-417.19284366646826,2.990258087539703,26.378454300380845,5.480524345991159
2.0,54151c7244fcf3b2,ok,regular_sir_full,sir,seir,54,full,0.01,87,3,-229.29056172941057,-464.5022973937474,1.1361988847651698e-07,0.00033879575008524606,3,82.00523779998184,4.851585799769964e-11,3,-458.5022973937474,-458.2131407672414,-451.10457303778367,-451.15440858858926,-444.5896139818506,-438.02481937511203,-424.89523016163474,-458.524615609654,-432.3219450318666,2.9888408920466984,26.25917842695451,5.921173934926287
2.0,54151c7244fcf3b2,ok,regular_sir_full,sir,seir,55,full,0.01,87,3,-229.45848862873393,-463.9082838031085,2.3075508128753103e-06,0.0005355569507464939,2,80.67366450000554,3.979039320256561e-11,3,-457.9082838031085,-457.61912717660243,-450.5105594471447,-450.5476127742308,-443.9178607423249,-437.28810871041895,-424.02860464660716,-457.92487766312604,-432.3979691298442,2.9917030699912264,26.519008127623657,4.991306545640636
2.0,54151c7244fcf3b2,ok,regular_sir_full,sir,seir,56,full,0.01,87,3,-259.3330062280995,-523.613133853724,7.115700609486607e-06,0.000313243871246098,0,80.52793589999783,1.1254996934439987e-11,3,-517.613133853724,-517.3239772272179,-510.2154094977602,-510.2519177670142,-503.6205328399623,-496.9891479129104,-483.7263780588067,-517.6294836165422,-492.1404727479915,2.9918251185908944,26.52553970820754,4.947121397524922
2.0,54151c7244fcf3b2,ok,regular_sir_full,sir,seir,57,full,0.01,87,3,-251.9015983360576,-509.5944139666608,2.013808470845862e-06,0.00044544688015332046,4,82.48387990001356,7.347011887759436e-11,3,-503.5944139666608,-503.30525734015475,-496.19668961069704,-496.24500507357993,-489.67160758929344,-483.0982101050069,-469.95141513643387,-503.61605143057596,-477.5096067349691,2.989181268042427,26.293589937146066,5.791217294545621
2.0,54151c7244fcf3b2,ok,regular_sir_full,sir,seir,58,full,0.01,87,3,-245.971230820594,-497.090488235881,3.4493686319741482e-06,0.00036712743615917445,3,80.5682387999841,2.8990143619012088e-12,3,-491.090488235881,-490.801331609375,-483.69276387991727,-483.73176042823934,-477.1137599641995,-470.4957595001597,-457.25975857208,-491.10795234274843,-465.47045978502865,2.991267946566305,26.472001856159327,5.148026594693001
2.0,54151c7244fcf3b2,ok,regular_sir_full,sir,seir,59,full,0.01,87,3,-245.9303519848497,-497.3641501055422,2.1292047741442654e-06,0.00025419749589674425,2,76.07279770000605,1.949729266925715e-11,3,-491.3641501055422,-491.07499347903615,-483.96642574957843,-484.01013807580046,-477.41709735032873,-470.824056624857,-457.6379751739136,-491.3837261134047,-465.48854106781255,2.9902119960687488,26.37216290188684,5.503446135842794
2.0,54151c7244fcf3b2,ok,regular_sir_full,sir,seir,60,full,0.01,87,3,-226.6038899846538,-458.400487225515,2.623604263023452e-06,0.0004069391222949349,1,77.81162310001673,2.958699951705057e-11,3,-452.400487225515,-452.11133059900897,-445.00276286955125,-445.04230534490375,-438.4272204831445,-431.81213562138527,-418.5819658978668,-452.4181958188411,-426.7474405222706,2.9911457033369473,26.460339447036986,5.192707256207428
2.0,54151c7244fcf3b2,ok,regular_sir_full,sir,seir,61,full,0.01,87,3,-250.68064425699552,-506.38063608367116,4.88728037890912e-06,0.0003851512919203832,4,81.740312000009,6.02540239924565e-11,3,-500.38063608367116,-500.0914794571651,-492.9829117277074,-493.02043003387234,-486.393615534427,-479.7668010349817,-466.513172036091,-500.39743817863956,-474.8540305162097,2.9915989525157896,26.50725799778131,5.01934756968011
2.0,54151c7244fcf3b2,ok,regular_sir_full,sir,seir,62,full,0.01,87,3,-243.22484002991172,-491.9314086243528,3.952070771475227e-06,0.0005373568939888018,1,81.19347379999817,7.636913323949557e-11,3,-485.9314086243528,-485.64225199784676,-478.53368426838904,-478.5773198657935,-471.9831138250572,-465.38890778432085,-452.20049570284823,-485.95095027019283,-460.07285589687814,2.990229177079973,26.37682416294531,5.481728564529343
2.0,54151c7244fcf3b2,ok,regular_sir_full,sir,seir,63,full,0.01,87,3,-256.51945018906366,-518.3202821939999,3.3609637176749134e-06,0.000281464824588394,0,83.94133969998802,2.8762769943568856e-11,3,-512.3202821939999,-512.0311255674939,-504.92255783803614,-504.9633126524975,-498.35482583820607,-491.7463390239147,-478.5293653953318,-512.3385337179357,-486.6049531209616,2.9908742380320956,26.433947257165684,5.281381815872619
2.0,54151c7244fcf3b2,ok,regular_sir_full,sir,seir,64,full,0.01,87,3,-247.37584939994514,-500.3668247455731,4.5993205362773744e-07,0.0005839386203353169,0,85.84063890000107,3.7204017644398846e-11,3,-494.3668247455731,-494.0776681190671,-486.96910038960937,-487.0144206625435,-480.4284658413467,-473.8425110201498,-460.6706013777561,-494.3871208518655,-468.4078795151029,2.9898519468538023,26.343819284787394,5.61512594568287
2.0,54151c7244fcf3b2,ok,regular_sir_full,sir,seir,65,full,0.01,87,3,-243.391249239346,-492.7990302500589,6.199746640681997e-07,0.0003591951013674639,2,83.52252689999295,3.9335645851679146e-11,3,-486.7990302500589,-486.50987362355283,-479.4013058940951,-479.45268489287173,-472.8953334829574,-466.3379820730431,-453.22327925321457,-486.8220396794567,-460.55309283903483,2.9884952853011035,26.22940563965717,6.0165317713669015
2.0,54151c7244fcf3b2,ok,regular_sir_full,sir,seir,66,full,0.01,87,3,-233.21610668311624,-471.9426600789105,2.5700052744809256e-06,0.0003793048814171401,0,80.9183650999912,4.561684363579843e-11,3,-465.9426600789105,-465.65350345240444,-458.5449357229467,-458.5888898848267,-451.99638010576916,-445.4038703267116,-432.2188507685965,-465.9623443897884,-440.0621742500023,2.99015784456103,26.3700391162302,5.5104467126780206
2.0,54151c7244fcf3b2,ok,regular_sir_full,sir,seir,67,full,0.01,87,3,-235.66197124650617,-477.03402090205566,4.678120653834809e-06,0.0005835771268442376,0,72.61887849998311,1.0317080523236655e-11,3,-471.03402090205566,-470.7448642755496,-463.6362965460919,-463.6832858652126,-457.10533870827845,-450.52739155134424,-437.37149723747586,-471.0550644693984,-445.0121538652756,2.9894782163286227,26.31178862773673,5.710078409043292
2.0,54151c7244fcf3b2,ok,regular_sir_full,sir,seir,68,full,0.01,87,3,-241.69690863152704,-488.98264270422146,1.3289005654126242e-06,0.0003192379308571638,4,80.16394340002444,1.7621459846850485e-11,3,-482.98264270422146,-482.6934860777154,-475.5849183482577,-475.62980881875,-469.04253326249807,-462.4552577062461,-449.28070659374214,-483.0027463289713,-457.0447150380462,2.989948187625092,26.34910222500784,5.58882544116736
2.0,54151c7244fcf3b2,ok,regular_sir_full,sir,seir,69,full,0.01,87,3,-258.9033251167456,-522.6854691003228,7.712327224773485e-06,0.00033962503170565733,2,88.000294700003,5.331912689143792e-11,3,-516.6854691003228,-516.3963124738168,-509.2877447443591,-509.323424556395,-502.6872658806358,-496.0511072048766,-482.77878985335815,-516.7014478491408,-491.2620155304543,2.99201062559104,26.544634703036884,4.878818866831747
2.0,54151c7244fcf3b2,ok,regular_sir_full,sir,seir,70,full,0.01,87,3,-234.3491194893369,-473.87675241656166,4.665579022413785e-06,0.0003763532153173871,1,88.44200499998988,7.108269528544042e-11,3,-467.87675241656166,-467.5875957900556,-460.4790280605979,-460.5184821968979,-453.9030214195439,-447.2875606421899,-434.05663908748187,-467.8944214483696,-442.2363958692578,2.9911654840960162,26.461843109415998,5.178513437887828
2.0,54151c7244fcf3b2,ok,regular_sir_full,sir,seir,71,full,0.01,87,3,-250.35355887265092,-505.9285129409109,2.441649491201451e-06,0.00039091552230172355,0,87.84650640000473,3.1462832339457236e-11,3,-499.9285129409109,-499.63935631440484,-492.5307885849471,-492.5710366619626,-485.9577135880804,-479.3443905141983,-466.11774436643407,-499.9465375289436,-474.25382544977333,2.990987705983621,26.453292295528534,5.221395195609061
2.0,54151c7244fcf3b2,ok,regular_sir_full,sir,seir,72,full,0.01,87,3,-243.26563729009254,-491.66292261936826,8.6675066915147e-06,0.0005916615706062716,0,88.51267150000785,4.243361217959318e-11,3,-485.66292261936826,-485.3737659928622,-478.2651982634045,-478.3040807926158,-471.6862533052214,-465.06842581782695,-451.8327708430381,-485.68033566423094,-460.05996463060734,2.9912934775686675,26.471309949577723,5.131648039183149
2.0,54151c7244fcf3b2,ok,regular_sir_full,sir,seir,73,full,0.01,87,3,-250.31887397849297,-506.0257855127878,1.2929583576079655e-07,9.281173531452539e-05,0,89.8372582999873,8.597567102697212e-11,3,-500.0257855127878,-499.7366288862818,-492.62806115682406,-492.6701745371528,-486.067576478347,-479.4649784195412,-466.25978230192965,-500.04464545312237,-474.2273557217628,2.990570029832724,26.410392235223142,5.388037555801899
2.0,54151c7244fcf3b2,ok,regular_sir_full,sir,seir,74,full,0.01,87,3,-245.56190116378147,-496.3405320587437,2.0362844513404097e-06,0.0004201299045174937,4,85.72451369999908,6.633626981056295e-11,3,-490.3405320587437,-490.05137543223765,-482.94280770277993,-482.98270097830164,-476.36910666925974,-469.7555123602178,-456.5283237421339,-490.35839775345204,-464.6694250913952,2.991067152645835,26.454377236167712,5.216729731180745
2.0,54151c7244fcf3b2,ok,regular_sir_full,sir,seir,75,full,0.01,87,3,-222.20684635315988,-449.72194084322587,1.2591812253658944e-06,0.0005471825866674765,3,84.06394870000076,2.673914423212409e-10,3,-443.72194084322587,-443.4327842167198,-436.3242164872621,-436.3652504199363,-429.7578678826223,-423.15048534530825,-409.9357202706803,-443.7403173666939,-417.98416255706377,2.990811738266003,26.429530149256006,5.308248136906098
2.0,54151c7244fcf3b2,ok,regular_sir_full,sir,seir,76,full,0.01,87,3,-248.53445465850544,-502.1243535645392,4.323273200723992e-06,0.000618077943960696,4,78.69777599998633,2.1884716261411086e-10,3,-496.1243535645392,-495.83519693803316,-488.72662920857545,-488.7644033732999,-482.1400161879405,-475.51562900258114,-462.2668546318623,-496.1412702425007,-470.5713605755733,2.9915416610192533,26.49754874143757,5.055444247528337
2.0,54151c7244fcf3b2,ok,regular_sir_full,sir,seir,77,full,0.01,87,3,-234.94098967321904,-475.7560186221219,8.766601723474703e-07,0.00036258329861133036,2,79.8428767999867,3.6550318327499554e-11,3,-469.7560186221219,-469.4668619956159,-462.35829426615817,-462.40741773293274,-455.84017558291157,-449.2729334328904,-436.13844913284805,-469.778017940276,-443.6130107463534,2.989000340922963,26.268968600084705,5.874039275683876
2.0,54151c7244fcf3b2,ok,regular_sir_full,sir,seir,78,full,0.01,87,3,-258.6642872010614,-522.6166874961488,4.166353214769751e-06,0.00018158884957847725,0,82.56541730000754,2.0025936464662664e-10,3,-516.6166874961488,-516.3275308696427,-509.218963140185,-509.25956493697777,-502.65184659761314,-496.0441282582486,-482.8286915795194,-516.634870493073,-490.8977010446645,2.9909085015378647,26.430873357458385,5.2881130940259204
2.0,54151c7244fcf3b2,ok,regular_sir_full,sir,seir,79,full,0.01,87,3,-254.54622417352346,-515.039198382275,2.538124874539568e-06,0.0005738255309006097,2,82.79136459997972,2.850697455869522e-11,3,-509.039198382275,-508.75004175576896,-501.64147402631124,-501.69175655405337,-495.13034701349807,-488.5689374729427,-475.44611839183204,-509.0617167711026,-482.8468101848256,2.9887408055861973,26.24563816222132,5.946750035228073
2.0,8a8ba666c463e165,ok,regular_sir_full,sir,sir,0,full,0.01,87,2,-276.1996831596101,-552.4645128654688,7.761321288213718e-08,0.00037046492786435104,0,45.89205219998257,2.0179413695586845e-11,2,-548.4645128654688,-548.3216557226117,-543.5326966281597,-543.5329661852847,-538.0288897428946,-532.5248133005045,-521.5166604157245,-548.4646335831898,-530.38306054966,1.9999396411394965,22.01630576956034,0.06514654624851578
2.0,8a8ba666c463e165,ok,regular_sir_full,sir,sir,1,full,0.01,87,2,-270.0880741904105,-540.2416342211365,5.358999550720282e-07,0.00044673315936788374,2,47.22046169999521,1.602984411874786e-11,2,-536.2416342211365,-536.0987770782793,-531.3098179838273,-531.3100842950586,-525.8050345322118,-520.2999847693651,-509.28988524367156,-536.2417534852253,-518.1559493294341,1.9999403679555865,22.02019905138699,0.0654858403154646
2.0,8a8ba666c463e165,ok,regular_sir_full,sir,sir,2,full,0.01,87,2,-282.8868607599552,-565.8402784908897,1.1054116462422075e-06,0.000430437334869964,3,58.44953250000253,6.536993168992922e-12,2,-561.8402784908897,-561.6974213480325,-556.9084622535805,-556.9087278151179,-551.4041863030795,-545.8996447910412,-534.8905617669645,-561.8403974192377,-543.7555554717569,1.9999405358260152,22.018166048153432,0.06655697097920718
2.0,8a8ba666c463e165,ok,regular_sir_full,sir,sir,3,full,0.01,87,2,-273.3600410990642,-546.7858352469991,2.1980197952257473e-07,0.0004444755679417621,2,58.14518930000486,4.928324415232055e-11,2,-542.7858352469991,-542.642978104142,-537.85401900969,-537.8542863412949,-532.3498840078158,-526.8454816743368,-515.8366770073786,-542.7859549680493,-524.702472864212,1.9999401394749041,22.017609333916283,0.06575304887079098
2.0,8a8ba666c463e165,ok,regular_sir_full,sir,sir,4,full,0.01,87,2,-270.5458291145369,-541.1560758657027,5.5585709995565543e-08,0.0004336535528087867,1,48.17469529999653,4.553157850750722e-11,2,-537.1560758657027,-537.0132187228456,-532.2242596283936,-532.224527667103,-526.7193400080785,-521.2141523490538,-510.2037770310048,-537.1561959034206,-519.0709075929757,1.9999399811410772,22.020750636098164,0.06441763662889152
2.0,8a8ba666c463e165,ok,regular_sir_full,sir,sir,5,full,0.01,87,2,-277.76410635617367,-555.5920690091552,1.6329530565197063e-07,0.00043010383054656835,0,58.11808790001669,8.810729923425242e-12,2,-551.5920690091552,-551.4492118662981,-546.6602527718461,-546.6605205465025,-541.1547801897793,-535.649039833056,-524.6375591196096,-551.5921889286204,-533.5052512854544,1.9999400402674208,22.022961426892998,0.06385629680788411
2.0,8a8ba666c463e165,ok,regular_sir_full,sir,sir,6,full,0.01,87,2,-291.5032029010324,-583.0732792549248,1.1170546536394404e-06,0.0003596974670895266,4,63.666686999989906,4.774847184307873e-12,2,-579.0732792549248,-578.9304221120677,-574.1414630176157,-574.1417287265546,-568.6375075017049,-563.1332862768554,-552.1248438271563,-579.0733982492847,-560.9895209026665,1.9999405028200694,22.01688489939832,0.06687345286004881
2.0,8a8ba666c463e165,ok,regular_sir_full,sir,sir,7,full,0.01,87,2,-284.6977495857583,-569.4609468250343,1.457570917956529e-07,0.0004342504187206782,1,65.32699319999665,1.3159251466277055e-10,2,-565.4609468250343,-565.3180896821772,-560.5291305877251,-560.5294004673619,-555.0256622667163,-549.5219240660706,-538.5144476647793,-565.461067687188,-547.3805463689339,1.999939568923128,22.01495280258266,0.0654476535176657
2.0,8a8ba666c463e165,ok,regular_sir_full,sir,sir,8,full,0.01,87,2,-271.7220786587613,-543.5104692289403,7.682494451305734e-07,0.0004924888983730812,2,67.61475559999235,2.1543655748246238e-11,2,-539.5104692289403,-539.3676120860832,-534.5786529916312,-534.578924469785,-529.0763013291405,-523.5736781884959,-512.568431907207,-539.5105908069695,-521.4336647549446,1.9999392109854168,22.01049256257798,0.06631191141777759
2.0,8a8ba666c463e165,ok,regular_sir_full,sir,sir,9,full,0.01,87,2,-282.14270100330924,-564.3510753406206,2.989274409930272e-07,0.0004920581506864071,2,56.652220499992836,6.252776074688882e-12,2,-560.3510753406206,-560.2082181977635,-555.4192591033114,-555.4195295219561,-549.9161279140336,-544.4127263061113,-533.4059230902665,-560.3511964441622,-542.2717955749289,1.9999394482292305,22.013606431689603,0.06567333400213984
2.0,8a8ba666c463e165,ok,regular_sir_full,sir,sir,10,full,0.01,87,2,-284.9519879690813,-569.9688228014294,6.146858023618744e-07,0.0003950278692997308,2,65.37577330000931,9.845280146691948e-11,2,-565.9688228014294,-565.8259656585723,-561.0370065641202,-561.0372726406729,-555.5316041306495,-550.0259356206262,-539.0145986005796,-565.9689419604204,-547.8813018980693,1.9999404205044884,22.022674040093356,0.06484686326682602
2.0,8a8ba666c463e165,ok,regular_sir_full,sir,sir,11,full,0.01,87,2,-284.45202119898795,-568.9663302321369,6.7732252523209e-07,0.00046415580518155495,4,47.90144690001034,1.2391865311656147e-11,2,-564.9663302321369,-564.8234730892798,-560.0345139948278,-560.0347831451487,-554.5282852224428,-549.0217872997368,-538.008791454325,-564.9664507676758,-546.8780507071522,1.9999397322305303,22.025991690823716,0.06228783416100797
2.0,8a8ba666c463e165,ok,regular_sir_full,sir,sir,12,full,0.01,87,2,-273.82194135669965,-547.7094728806469,3.271401953792216e-08,0.0004291847207641175,3,57.19988829997601,1.1027623258996755e-10,2,-543.7094728806469,-543.5666157377898,-538.7776566433378,-538.7779251146305,-533.2738299154826,-527.7697347163346,-516.7615443180388,-543.7095931120917,-525.6275019168075,1.9999398842775904,22.016380796591783,0.0655901672476065
2.0,8a8ba666c463e165,ok,regular_sir_full,sir,sir,13,full,0.01,87,2,-270.90057704651383,-541.866210854326,2.867721618378385e-08,0.0004365063185101304,2,68.78562929999316,2.5409008230781183e-11,2,-537.866210854326,-537.7233537114689,-532.9343946170169,-532.9346627109315,-527.4300055805518,-521.925348450172,-510.9160341894124,-537.8663309167669,-519.7825255715085,1.9999399687795723,22.018628521519148,0.06505676129837135
2.0,8a8ba666c463e165,ok,regular_sir_full,sir,sir,14,full,0.01,87,2,-283.9068697299342,-567.8807511509027,3.7089130297900546e-07,0.000390729207769055,2,68.45843009999953,4.7634785005357116e-11,2,-563.8807511509027,-563.7378940080456,-558.9489349135936,-558.9492046614648,-553.4466490976515,-547.9440935338382,-536.9389824062117,-563.8808719540469,-545.8035172046153,1.9999395984278934,22.01022225525315,0.06701169103431454
2.0,8a8ba666c463e165,ok,regular_sir_full,sir,sir,15,full,0.01,87,2,-274.45979604406983,-548.9829708575459,2.2168608351666858e-07,0.0002556591347129857,2,64.78406940001878,1.284092832065653e-10,2,-544.9829708575459,-544.8401137146888,-540.0511546202367,-540.0514233310112,-534.5456513660471,-529.039879401083,-518.0283354711547,-544.9830911962395,-526.8965042282832,1.99993983065318,22.023087859856425,0.06337876940614363
2.0,8a8ba666c463e165,ok,regular_sir_full,sir,sir,16,full,0.01,87,2,-279.7546776745425,-559.5758199962345,1.6838759529900528e-07,0.0004029482579117331,0,63.71841739999945,6.821210263296962e-12,2,-555.5758199962345,-555.4329628533774,-550.6440037589254,-550.6442727039441,-545.1410310266589,-539.6377893493736,-528.6313059948031,-555.5759404398315,-537.496388639944,1.9999397782015105,22.012966709141022,0.06646464714943959
2.0,8a8ba666c463e165,ok,regular_sir_full,sir,sir,17,full,0.01,87,2,-278.84029202334483,-557.7458777075215,8.517221685644724e-07,0.00039422092818778155,0,70.02792570000747,5.6843418860808015e-12,2,-553.7458777075215,-553.6030205646643,-548.8140614702123,-548.8143271145,-543.3088156086307,-537.8033041027613,-526.7922810910226,-553.7459966729281,-535.6585380232123,1.9999405172966798,22.02204602347736,0.06529366083176331
2.0,8a8ba666c463e165,ok,regular_sir_full,sir,sir,18,full,0.01,87,2,-266.64164046740626,-533.3479935826492,1.0906035796226577e-06,0.00039022589909281855,2,84.60865410001134,5.6843418860808015e-12,2,-529.3479935826492,-529.2051364397921,-524.4161773453401,-524.4164492904441,-518.9126870130826,-513.408924735721,-502.401400180998,-529.3481153697961,-511.2682318253664,1.9999391064265395,22.015049109446103,0.06471264783666934
2.0,8a8ba666c463e165,ok,regular_sir_full,sir,sir,19,full,0.01,87,2,-273.4004766028585,-546.8645324539679,2.186440318628959e-07,0.00036706236960339577,4,99.81406979999156,2.7682744985213503e-11,2,-542.8645324539679,-542.7216753111107,-537.9327162166587,-537.9329854393675,-532.4275526732434,-526.9221199071194,-515.9112543748712,-542.8646530219247,-524.7792221412207,1.9999397160215577,22.021731064496265,0.06357924825085123
2.0,8a8ba666c463e165,ok,regular_sir_full,sir,sir,20,full,0.01,87,2,-284.18132549076745,-568.4265296814356,1.8838777673238856e-07,0.0004031167703965067,0,100.16431930000545,2.467004378559068e-11,2,-564.4265296814356,-564.2836725385785,-559.4947134441264,-559.4949810457401,-553.9891898640634,-548.4833986823866,-537.4718163190331,-564.4266495234057,-546.3394862548279,1.9999400790149253,22.023164726707055,0.0638786999006159
2.0,8a8ba666c463e165,ok,regular_sir_full,sir,sir,21,full,0.01,87,2,-283.06868511517007,-566.2019068890677,1.7535885994383486e-08,0.0004412803739489242,2,118.3695977999887,6.934897101018578e-12,2,-562.2019068890677,-562.0590497462106,-557.2700906517586,-557.2703592885231,-551.7654876477295,-546.260616006936,-535.2508727253488,-562.2020271946169,-544.1178836671659,1.999939847225369,22.019486563174304,0.0645366587276035
2.0,8a8ba666c463e165,ok,regular_sir_full,sir,sir,22,full,0.01,87,2,-272.4344543450068,-544.9323687997693,4.6522047375645103e-07,0.0004020522898808814,0,107.59346420000657,1.5347723092418164e-12,2,-540.9323687997693,-540.7895116569122,-536.0005525624601,-536.0008226743468,-530.4955796443817,-524.9903366144166,-513.9798505544866,-540.9324897659332,-522.8479365701535,1.9999395169180632,22.02097211986018,0.06346010975557366
2.0,8a8ba666c463e165,ok,regular_sir_full,sir,sir,23,full,0.01,87,2,-270.4812521498016,-541.0282927282423,1.8744369615335963e-07,0.0005739838543341891,1,95.0100628999935,5.8548721426632255e-12,2,-537.0282927282423,-536.8854355853852,-532.0964764909331,-532.0967464637824,-526.593304276099,-521.0898620884158,-510.08297771304905,-537.0284136321401,-518.9487355488698,1.9999395480511062,22.013768750733398,0.06578842863905482
2.0,8a8ba666c463e165,ok,regular_sir_full,sir,sir,24,full,0.01,87,2,-279.4693160151487,-559.0056890821493,5.556968387929661e-07,0.0004167579986644956,2,126.38578569999663,8.810729923425242e-12,2,-555.0056890821493,-554.8628319392922,-550.0738728448401,-550.0741401005255,-544.5707357419103,-539.0673313832951,-528.0605226660648,-555.0058087691998,-536.9250145958367,1.9999401564747232,22.013617434460635,0.06705705185182433
2.0,8a8ba666c463e165,ok,regular_sir_full,sir,sir,25,full,0.01,87,2,-264.8161768515343,-529.6973134359289,7.65968879870856e-09,0.00040826462317893037,3,104.8985515999957,1.0345502232667059e-11,2,-525.6973134359289,-525.5544562930718,-520.7654971986198,-520.7657655502113,-515.2611272030427,-509.75648885587424,-498.7472121615372,-525.6974336137671,-507.6138003143945,1.9999399110809137,22.018553388674103,0.06495973286035397
2.0,8a8ba666c463e165,ok,regular_sir_full,sir,sir,26,full,0.01,87,2,-282.09724538860496,-564.2598936645934,1.4649417301123211e-07,0.0002600404978888913,0,105.29186999998637,1.1164047464262694e-10,2,-560.2598936645934,-560.1170365217363,-555.3280774272843,-555.3283473169175,-549.8245769540304,-544.3208065911431,-533.3132658653686,-560.260014531224,-542.179409325661,1.999939566684719,22.015081451548873,0.06540288738351445
2.0,8a8ba666c463e165,ok,regular_sir_full,sir,sir,27,full,0.01,87,2,-290.22986382330294,-580.5250501395134,2.1623610813075153e-07,0.0004671466965402185,2,128.46465419998276,1.8474111129762605e-11,2,-576.5250501395134,-576.3821929966563,-571.5932339022042,-571.5935010736505,-566.0886910009646,-560.5838809282787,-549.574260782907,-576.5251697888385,-558.4404873558624,1.9999401753374415,22.019240290743518,0.06532249290750583
2.0,8a8ba666c463e165,ok,regular_sir_full,sir,sir,28,full,0.01,87,2,-280.4940618641028,-561.0547362739749,2.043653008515995e-07,0.00041211276554170296,0,123.08484190001036,1.425632945029065e-10,2,-557.0547362739749,-556.9118791311178,-552.1229200366657,-552.1231890480185,-546.6200854939373,-541.116981939856,-530.1107748316936,-557.0548567472787,-538.9757095118806,1.9999397633480833,22.012414216324903,0.06661254576932836
2.0,8a8ba666c463e165,ok,regular_sir_full,sir,sir,29,full,0.01,87,2,-285.8558749205794,-571.7772778323916,2.2738649205538514e-08,0.0003868246099175141,2,99.3061501000193,2.580691216280684e-11,2,-567.7772778323916,-567.6344206895345,-562.8454615950825,-562.8457303805096,-557.3416973944737,-551.8376644084378,-540.829598436366,-567.7773982045176,-549.6956178970153,1.999939813937044,22.016131944143545,0.06552799123273448
2.0,8a8ba666c463e165,ok,regular_sir_full,sir,sir,30,full,0.01,87,2,-284.51088937414653,-569.0867441692997,4.963727832536619e-07,0.0003399988473558948,0,100.6460051999893,8.361666914424859e-11,2,-565.0867441692997,-564.9438870264426,-560.1549279319905,-560.1551988504953,-554.6513795942228,-549.1475603379503,-538.1399218254054,-565.0868654966972,-547.0065017232032,1.9999393363012432,22.015277025089862,0.06496542100659967
2.0,8a8ba666c463e165,ok,regular_sir_full,sir,sir,31,full,0.01,87,2,-288.90594796414297,-577.876230116095,2.584656829596059e-07,0.0003699079901943558,4,105.04005820001476,3.2741809263825417e-11,2,-573.876230116095,-573.7333729732379,-568.9444138787859,-568.9446839545316,-563.4401258072213,-557.9355676599109,-546.9264513652903,-573.8763510660737,-555.7936633390447,1.9999395250106866,22.018232589241236,0.0643341878091081
2.0,8a8ba666c463e165,ok,regular_sir_full,sir,sir,32,full,0.01,87,2,-286.92038480151365,-573.904824371746,6.342816403094985e-07,0.0004371551249202819,0,120.45625590000418,2.7853275241795927e-12,2,-569.904824371746,-569.7619672288889,-564.9730081344369,-564.973279045962,-559.4687387698359,-553.9641984937098,-542.9551179414574,-569.9049456960178,-551.8226084985226,1.9999393378641102,22.018161104504607,0.06405476871874756
2.0,8a8ba666c463e165,ok,regular_sir_full,sir,sir,33,full,0.01,87,2,-278.85989617944597,-557.7849432062243,2.3390573503277603e-08,0.00037921602594127656,4,78.9090092999977,2.6147972675971687e-12,2,-553.7849432062243,-553.6420860633672,-548.8531269689151,-548.8533961063006,-543.3491855040876,-537.8449749018746,-526.8365536974485,-553.7850637359702,-535.7029499500399,1.9999397351270285,22.016842408852035,0.06515084733231856
2.0,8a8ba666c463e165,ok,regular_sir_full,sir,sir,34,full,0.01,87,2,-276.85276160563484,-553.7698099886089,8.967411519494485e-08,0.0005235547206530635,2,67.3398602999805,8.071765478234738e-12,2,-549.7698099886089,-549.6269528457518,-544.8379937512998,-544.8382616119428,-539.3329005696409,-533.8275395273389,-522.8168174427349,-549.769929946582,-531.6840790420617,1.999940021013446,22.021444169207918,0.06428677733920583
2.0,8a8ba666c463e165,ok,regular_sir_full,sir,sir,35,full,0.01,87,2,-279.8367849781872,-559.74036669856,6.658103106231549e-07,0.0004375222664284092,4,66.09383009999874,6.423306331271306e-12,2,-555.74036669856,-555.5975095557029,-550.8085504612509,-550.8088171149019,-545.3049577213293,-539.8010983277566,-528.7933795406113,-555.7404861159972,-537.6581323820837,1.9999402912814253,22.015437574290615,0.06679674218557854
2.0,8a8ba666c463e165,ok,regular_sir_full,sir,sir,36,full,0.01,87,2,-282.3829633317377,-564.8300538385112,1.395640054807339e-07,0.00025724799141417715,1,66.8754581999965,4.985167834092863e-11,2,-560.8300538385112,-560.687196695654,-555.898237601202,-555.8985052635692,-550.3929381556577,-544.8873710477462,-533.8762368319233,-560.830173707689,-542.7436582318295,1.9999400654110948,22.022268431645855,0.06412717503577893
2.0,8a8ba666c463e165,ok,regular_sir_full,sir,sir,37,full,0.01,87,2,-292.8972450489276,-585.8590537504688,8.915705136762927e-08,0.0004158590454096625,2,65.01893590000691,3.3367086871294305e-11,2,-581.8590537504688,-581.7161966076117,-576.9272375131596,-576.927505229158,-571.4223091719815,-565.9171131148051,-554.9067210004522,-581.8591736436647,-563.7737058691494,1.999940053402063,22.020784228705764,0.06456365261364394
2.0,8a8ba666c463e165,ok,regular_sir_full,sir,sir,38,full,0.01,87,2,-279.8817625030516,-559.8275487139196,3.3962818076487805e-07,0.0006079892358553822,0,46.74768460000632,7.133849067031406e-11,2,-555.8275487139196,-555.6846915710624,-550.8957324766104,-550.895999391975,-545.3900402699802,-539.8840811479855,-528.8721629039959,-555.8276682485618,-537.7396885181241,1.999940232678867,22.023836487979082,0.06402370781633374
2.0,8a8ba666c463e165,ok,regular_sir_full,sir,sir,39,full,0.01,87,2,-267.7102025865842,-535.4840221767772,3.6491860743861694e-07,0.00037749857333402954,4,37.97062070001266,1.1999645721516572e-10,2,-531.4840221767772,-531.3411650339201,-526.5522059394681,-526.552475872397,-521.0473032681944,-515.5421306639917,-504.53178545558615,-531.4841430627972,-513.3997147563575,1.9999395569900145,22.020690416810886,0.06361700360883195
2.0,8a8ba666c463e165,ok,regular_sir_full,sir,sir,40,full,0.01,87,2,-276.60970905853424,-553.2850516720779,1.425136651041163e-07,0.0005192267255535056,2,36.986952600011136,7.287326297955588e-11,2,-549.2850516720779,-549.1421945292208,-544.3532354347687,-544.353503041312,-538.8491158419879,-533.3447286426637,-522.3359542440153,-549.2851715162557,-531.2018693197717,1.999940077911091,22.01754879729673,0.06563355500946924
2.0,8a8ba666c463e165,ok,regular_sir_full,sir,sir,41,full,0.01,87,2,-267.836865831204,-535.7363014748736,6.452897142589265e-07,0.00037398710034812943,3,46.063541199982865,9.123368727159686e-11,2,-531.7363014748736,-531.5934443320165,-526.8044852375644,-526.8047548526445,-521.298640865375,-515.7925268781056,-504.78029890356675,-531.7364222185489,-513.6492757133303,1.9999396281623114,22.024455949077726,0.06256981246555211
2.0,8a8ba666c463e165,ok,regular_sir_full,sir,sir,42,full,0.01,87,2,-271.32061171017455,-542.7074480496719,8.051795690336893e-07,0.0004181987765873909,4,53.83267709999927,1.0516032489249483e-11,2,-538.7074480496719,-538.5645909068148,-533.7756318123628,-533.7759033817271,-528.2732344771248,-522.7705655725225,-511.765227763318,-538.7075696685486,-520.6305478019401,1.9999391905616672,22.01067561840904,0.06622462932284179
2.0,8a8ba666c463e165,ok,regular_sir_full,sir,sir,43,full,0.01,87,2,-270.87625965343074,-541.8168950834423,1.2902590748959358e-07,0.00038584058205228466,0,51.528003000013996,5.2239101933082566e-11,2,-537.8168950834423,-537.6740379405852,-532.8850788461332,-532.8853484189649,-527.3806665087794,-521.875984598594,-510.8666207782231,-537.8170158081973,-519.7337916661196,1.999939637622493,22.018727640741826,0.06437577658087425
2.0,8a8ba666c463e165,ok,regular_sir_full,sir,sir,44,full,0.01,87,2,-269.26738173579173,-538.5997274128266,1.3090812633198142e-10,0.00041744766264402726,4,55.94343669997761,4.1040948417503387e-11,2,-534.5997274128266,-534.4568702699695,-529.6679111755175,-529.6681797937318,-524.1636413138764,-518.6591028340209,-507.65002587430996,-534.5998477100684,-516.5166095521615,1.9999398513791058,22.0181539194219,0.06496394124309582
2.0,8a8ba666c463e165,ok,regular_sir_full,sir,sir,45,full,0.01,87,2,-288.396364289658,-576.85772131741,1.1378716361833927e-08,0.00039970915948136333,1,45.02856969999266,9.663381206337363e-12,2,-572.85772131741,-572.7148641745529,-567.9259050801008,-567.926174066245,-562.4217870197692,-556.9173999732933,-545.9086258803416,-572.8578417794245,-554.7751803934125,1.9999397689927636,22.017548185903472,0.06499273809404055
2.0,8a8ba666c463e165,ok,regular_sir_full,sir,sir,46,full,0.01,87,2,-270.12456205462615,-540.313576961313,2.6938213160262893e-08,0.00030945518455432303,4,43.83208750002086,1.254534254258033e-10,2,-536.313576961313,-536.1707198184558,-531.3817607240038,-531.3820294735485,-525.8771311491915,-520.3722328248347,-509.3624361761207,-536.3136973173694,-518.2295308118245,1.9999398219717965,22.01959329742781,0.0644528520606262
2.0,8a8ba666c463e165,ok,regular_sir_full,sir,sir,47,full,0.01,87,2,-281.6058351651865,-563.2745896091284,7.080669332982725e-07,0.0005782126468969467,3,65.11448129999917,6.02540239924565e-11,2,-559.2745896091284,-559.1317324662713,-554.3427733718192,-554.3430436357814,-548.8374135288229,-543.3317834218643,-532.3205232079473,-559.2747106433974,-541.1891499025388,1.9999394828655117,22.022520427834166,0.0629192787554608
2.0,8a8ba666c463e165,ok,regular_sir_full,sir,sir,48,full,0.01,87,2,-275.64867809727934,-551.3636134731523,5.660361381543927e-07,0.0002577159774924836,0,67.23976390002645,1.5234036254696548e-11,2,-547.3636134731523,-547.2207563302952,-542.4317972358432,-542.4320637760841,-536.9277289401466,-531.4233941042091,-520.4147244323342,-547.3637328398002,-529.2800168508088,1.999940316676072,22.017339343749832,0.066257278593597
2.0,8a8ba666c463e165,ok,regular_sir_full,sir,sir,49,full,0.01,87,2,-284.5626854606343,-569.190049287318,2.025437731173224e-07,0.00026284710686952373,3,67.00214850000339,2.8478552849264815e-11,2,-565.190049287318,-565.0471921444608,-560.2582330500088,-560.2585030752329,-554.7542023089585,-549.2499015426841,-538.2413000101354,-565.1901702146711,-547.1081678561712,1.9999395363234311,22.01720306509747,0.0646783660492583
2.0,8a8ba666c463e165,ok,regular_sir_full,sir,sir,50,full,0.01,87,2,-275.6058871022177,-551.2769102069137,1.8297995617049454e-08,0.0005134359277746456,0,65.57047149998834,4.604316927725449e-11,2,-547.2769102069137,-547.1340530640566,-542.3450939696046,-542.3453621988908,-536.8408187006972,-531.3362752025035,-520.3271882061163,-547.2770303299791,-529.1936002116609,1.9999399384673417,22.018173992774514,0.06513600247835964
2.0,8a8ba666c463e165,ok,regular_sir_full,sir,sir,51,full,0.01,87,2,-281.45306261006925,-562.9725989363412,3.33536199776553e-07,0.000558208479567571,3,63.63832620001631,8.759570846450515e-11,2,-558.9725989363412,-558.8297417934841,-554.0407826990321,-554.0410529034128,-548.538215121472,-543.0353773395314,-532.0297017756499,-558.9727199439275,-540.8947740923755,1.999939496206899,22.01135112776298,0.0664737162027511
2.0,8a8ba666c463e165,ok,regular_sir_full,sir,sir,52,full,0.01,87,2,-273.7611632121589,-547.5884597073483,1.0290220666883623e-07,0.0003649597835167541,2,61.89100360000157,1.1999645721516572e-10,2,-543.5884597073483,-543.4456025644912,-538.6566434700392,-538.6569120935053,-533.1532992010395,-527.6496863085738,-516.6424605236423,-543.588580006942,-525.5078748544548,1.9999398502031265,22.014451569863013,0.06613328303049282
2.0,8a8ba666c463e165,ok,regular_sir_full,sir,sir,53,full,0.01,87,2,-275.4030620321291,-550.8713188923161,1.2160266972568616e-07,0.00061348556372318,2,61.74928399999044,2.575006874394603e-11,2,-546.8713188923161,-546.728461749459,-541.939502655007,-541.93977018449,-536.4350038290859,-530.9302374736818,-519.9207047628735,-546.8714387019835,-528.7870586426417,1.9999400951663258,22.019065421616542,0.06519482805791021
2.0,8a8ba666c463e165,ok,regular_sir_full,sir,sir,54,full,0.01,87,2,-270.34230594934695,-540.7482752385271,5.924709794323118e-07,0.000588062109369124,0,61.700335699977586,1.688249540165998e-11,2,-536.7482752385271,-536.60541809567,-531.8164590012179,-531.8167296002,-526.3117916987562,-520.8068537973124,-509.7969779944249,-536.7483964228304,-518.6648602929188,1.9999394078483212,22.0197516057751,0.06366333983321878
2.0,8a8ba666c463e165,ok,regular_sir_full,sir,sir,55,full,0.01,87,2,-282.16626258507694,-564.3964285964547,8.431341996336107e-07,0.00035917575813176184,0,61.08400070000789,4.331468517193571e-11,2,-560.3964285964547,-560.2535714535976,-555.4646123591456,-555.4648836023871,-549.960311210677,-544.4557388189668,-533.4465940355466,-560.3965500692815,-542.3142356033134,1.9999392635866222,22.01828956684055,0.0639034263007964
2.0,8a8ba666c463e165,ok,regular_sir_full,sir,sir,56,full,0.01,87,2,-284.6585453422502,-569.3836314280593,1.8514118912091255e-07,0.00041297989516456477,4,61.870957600011025,7.111111699487083e-11,2,-565.3836314280593,-565.2407742852022,-560.4518151907502,-560.4520840939858,-554.9488877836149,-549.4456914732438,-538.4392988525018,-565.3837518529442,-547.3043054430163,1.9999397875575236,22.012785241484043,0.06654074355895172
2.0,8a8ba666c463e165,ok,regular_sir_full,sir,sir,57,full,0.01,87,2,-275.67151068469923,-551.4060724138385,6.446904471871221e-07,0.0005496479262359011,0,62.04974560000119,5.059064278611913e-12,2,-547.4060724138385,-547.2632152709814,-542.4742561765294,-542.474522867268,-536.9676771217402,-531.4608313762124,-520.4471398851567,-547.4061918478849,-529.3156383872872,1.9999402829768096,22.027382982111195,0.06305104444003404
2.0,8a8ba666c463e165,ok,regular_sir_full,sir,sir,58,full,0.01,87,2,-272.9038674654705,-545.8729307767388,4.196801307088834e-08,0.000479864974265027,2,63.20308420000947,1.7564616427989677e-11,2,-541.8729307767388,-541.7300736338817,-536.9411145394297,-536.9413838476083,-531.4372655981082,-525.9331473486079,-514.9249108496075,-541.8730513829723,-523.7912619329402,1.999939696883253,22.016472998000793,0.06519584579776667
2.0,8a8ba666c463e165,ok,regular_sir_full,sir,sir,59,full,0.01,87,2,-279.81561756890625,-559.696698950399,2.8379610100824672e-08,0.0002558248001224236,4,59.24574320000829,3.4503955248510465e-11,2,-555.696698950399,-555.5538418075419,-550.7648827130898,-550.7651510547012,-545.2609088366007,-539.7566666185003,-528.7481821822993,-555.6968191237677,-537.6142662654106,1.9999399133156648,22.01696887240184,0.06546381258648518
2.0,8a8ba666c463e165,ok,regular_sir_full,sir,sir,60,full,0.01,87,2,-268.71602980499296,-537.4970321271916,1.0987451708295501e-07,0.0005048158655576343,2,57.69670929998392,2.8421709430404007e-11,2,-533.4970321271916,-533.3541749843345,-528.5652158898824,-528.5654856042767,-523.0613215243206,-517.5571574443645,-506.5488292844524,-533.4971529153436,-515.4154032901616,1.9999396059240269,22.01665631982427,0.06497251720565728
2.0,8a8ba666c463e165,ok,regular_sir_full,sir,sir,61,full,0.01,87,2,-273.44815045244616,-546.9614340774449,1.2310685825405767e-08,0.00039428541926057637,2,61.858701599994674,2.0463630789890885e-11,2,-542.9614340774449,-542.8185769345878,-538.0296178401358,-538.0298861521876,-532.5253710202993,-527.0208558884109,-516.0118256246342,-542.9615542375757,-524.8782403773389,1.9999399199345862,22.018060527553402,0.06513317255257976
2.0,8a8ba666c463e165,ok,regular_sir_full,sir,sir,62,full,0.01,87,2,-279.5733691617752,-559.2122107672099,6.19307995212358e-07,0.0004132603395923065,0,62.72365440000431,1.4028955774847418e-10,2,-555.2122107672099,-555.0693536243527,-550.2803945299007,-550.2806606534908,-544.7755155159717,-539.2703703784525,-528.2600801034143,-555.212329947266,-537.1261577734738,1.9999404099719316,22.020580550076545,0.06547244365943533
2.0,8a8ba666c463e165,ok,regular_sir_full,sir,sir,63,full,0.01,87,2,-278.7713954175708,-557.6082261908589,2.9050186504042693e-08,0.0004016872787791379,2,63.246062399994116,1.1027623258996755e-11,2,-553.6082261908589,-553.4653690480018,-548.6764099535498,-548.6766782522843,-543.1723977789028,-537.6681173055212,-526.6595563587581,-553.6083463450257,-535.5256689416153,1.9999399229165842,22.01712189352626,0.06543535571736578
2.0,8a8ba666c463e165,ok,regular_sir_full,sir,sir,64,full,0.01,87,2,-285.7972439893763,-571.6583326875466,2.3109679725210334e-07,0.0003987601101868637,3,65.8039866000181,1.233502189279534e-11,2,-567.6583326875466,-567.5154755446895,-562.7265164502375,-562.7267860760161,-557.2216983191165,-551.716610562217,-540.7064350484179,-567.6584534360132,-549.5741369511544,1.9999396257666957,22.020351027598146,0.06384470879397898
2.0,8a8ba666c463e165,ok,regular_sir_full,sir,sir,65,full,0.01,87,2,-281.84704394825417,-563.7590757173748,4.6547374286307513e-10,0.0004369588491693166,4,63.04867259997991,4.6213699533836916e-11,2,-559.7590757173748,-559.6162185745177,-554.8272594800657,-554.8275280483215,-549.3229906540917,-543.8184532598618,-532.8093784714023,-559.7591959922433,-541.6759383195891,1.999939862565749,22.018149576919235,0.06498782086644204
2.0,8a8ba666c463e165,ok,regular_sir_full,sir,sir,66,full,0.01,87,2,-265.4147739671578,-530.8945016151681,1.7905070762708298e-07,0.00035394503666057875,3,62.95385809999425,6.036771083017811e-11,2,-526.8945016151681,-526.751644472311,-521.962685377859,-521.9629526313403,-516.4578821349103,-510.95281163848034,-499.9426706456204,-526.8946213012316,-508.8092659485958,1.9999401569682491,22.020281985719848,0.06495368085248084
2.0,8a8ba666c463e165,ok,regular_sir_full,sir,sir,67,full,0.01,87,2,-275.09672415238873,-550.2594407758445,1.5346668237302332e-06,0.0003897587061231477,3,58.09690770000452,2.0236257114447653e-11,2,-546.2594407758445,-546.1165836329874,-541.3276245385354,-541.3278892412242,-535.8224737991821,-530.31705835714,-519.306227473056,-546.2595593195681,-528.1717865366093,1.9999407281382033,22.021661768168244,0.06599247106698662
2.0,8a8ba666c463e165,ok,regular_sir_full,sir,sir,68,full,0.01,87,2,-274.33596209179467,-548.7370677780398,5.967308687156596e-09,0.00045459523927617826,2,53.25841219999711,3.399236447876319e-11,2,-544.7370677780398,-544.5942106351827,-539.8052515407306,-539.8055204115793,-534.3012131652719,-528.7969059189644,-517.7882914263494,-544.7371881884206,-526.6546951983594,1.999939794809579,22.01722898522992,0.06514359445040176
2.0,8a8ba666c463e165,ok,regular_sir_full,sir,sir,69,full,0.01,87,2,-286.9540727621122,-573.974832969083,2.377210704497698e-07,0.00039047508689953785,3,67.52930429999833,3.370814738445915e-11,2,-569.974832969083,-569.8319758262259,-565.0430167317738,-565.0432860356752,-559.540337680136,-554.0373893245967,-543.031492613518,-569.974953573401,-551.8963521020672,1.9999396978410064,22.01179342215719,0.06668744485848123
2.0,8a8ba666c463e165,ok,regular_sir_full,sir,sir,70,full,0.01,87,2,-278.5071108536815,-557.079939774354,1.0116728983867788e-07,0.0004410839325861832,4,67.28250540001318,3.922195901395753e-11,2,-553.079939774354,-552.9370826314969,-548.1481235370449,-548.1483914422546,-542.6441871684214,-537.1399828945881,-526.1315743469215,-553.0800597522858,-534.99740461203,1.9999400110341097,22.01681709533305,0.06571806699091863
2.0,8a8ba666c463e165,ok,regular_sir_full,sir,sir,71,full,0.01,87,2,-283.67428687633526,-567.4117160374835,3.515551141576546e-07,0.00039827041935925836,0,66.70863969999482,1.887201506178826e-11,2,-563.4117160374835,-563.2688588946264,-558.4798998001744,-558.4801674731925,-552.9738102457743,-547.4674530183562,-536.4547385635199,-563.4118359114312,-545.3231448429979,1.9999400630261335,22.025428909672684,0.06314228481298972
2.0,8a8ba666c463e165,ok,regular_sir_full,sir,sir,72,full,0.01,87,2,-286.31679172390585,-572.7010396312593,1.1094038282162033e-06,0.0004179651968917979,1,68.92547470002319,1.2448708730516955e-11,2,-568.7010396312593,-568.5581824884022,-563.7692233939501,-563.7694895463845,-558.2659302525777,-552.7623709587708,-541.7552523711572,-568.701158824233,-550.6193462725844,1.999940403513158,22.014237175227322,0.06745618344755612
2.0,8a8ba666c463e165,ok,regular_sir_full,sir,sir,73,full,0.01,87,2,-287.06551587033556,-574.1937648480003,1.6716093604525982e-06,0.0003607924938327007,3,70.85637500000303,2.893330020015128e-11,2,-570.1937648480003,-570.0509077051432,-565.2619486106912,-565.2622204409222,-559.7568633147555,-554.2515061885888,-543.2407919362554,-570.1938865837028,-552.1096032360043,1.9999391321487554,22.021428504666787,0.06273310732920336
2.0,8a8ba666c463e165,ok,regular_sir_full,sir,sir,74,full,0.01,87,2,-285.22710478327224,-570.5186029557718,1.5204372144334178e-07,0.00036451027147984524,1,67.12494789998163,4.4565240386873484e-11,2,-566.5186029557718,-566.3757458129147,-561.5867867184627,-561.5870564131005,-556.0824273523449,-550.5777982915893,-539.568540170078,-566.5187237350762,-548.435693323522,1.9999396103478362,22.01851624302256,0.06439338922729489
2.0,8a8ba666c463e165,ok,regular_sir_full,sir,sir,75,full,0.01,87,2,-269.5652995453111,-539.1948633013105,3.465716296104963e-07,0.00040403897993290225,3,63.54894949999289,5.849187800777145e-11,2,-535.1948633013105,-535.0520061584534,-530.2630470640014,-530.2633173787159,-524.758774848313,-519.25423231791,-508.2451472571042,-535.1949843583083,-517.1124289690106,1.999939471501136,22.01817012161171,0.06426421068831624
2.0,8a8ba666c463e165,ok,regular_sir_full,sir,sir,76,full,0.01,87,2,-276.84703695863084,-553.7598781226559,1.816140162671404e-07,0.00040977441921517387,0,65.74939439998707,3.126388037344441e-11,2,-549.7598781226559,-549.6170209797988,-544.8280618853468,-544.8283318255494,-539.3248921397802,-533.8214524540109,-522.8145730824725,-549.7599990119334,-531.6803151741848,1.9999395553612938,22.013758743076934,0.065804205394253
2.0,8a8ba666c463e165,ok,regular_sir_full,sir,sir,77,full,0.01,87,2,-274.58651107379575,-549.2382189564552,8.614710484429986e-09,0.00033139710966935995,2,60.06358610000461,3.672084858408198e-11,2,-545.2382189564552,-545.0953618135981,-540.306402719146,-540.3066711366471,-534.8022450911546,-529.2978190456622,-518.2889669546774,-545.2383391638101,-527.1553179656219,1.9999398963225437,22.017704181969638,0.06519680886371036
2.0,8a8ba666c463e165,ok,regular_sir_full,sir,sir,78,full,0.01,87,2,-286.85583097442264,-573.7786030945209,3.146226033812415e-07,0.00038688405423955294,1,57.90791700000409,1.2562395568238571e-11,2,-569.7786030945209,-569.6357459516638,-564.8467868572118,-564.8470562865197,-559.344346093414,-553.8416359003082,-542.8362155140968,-569.7787237550007,-551.7008211764224,1.9999396697601504,22.010840772422853,0.06694114567564227
2.0,8a8ba666c463e165,ok,regular_sir_full,sir,sir,79,full,0.01,87,2,-285.64215070912843,-571.3510932600071,7.22538116419832e-07,0.00033228304082384913,3,63.921635399980005,1.3528733688872308e-11,2,-567.3510932600071,-567.20823611715,-562.419277022698,-562.4195435253251,-556.9156151335768,-551.4116867418285,-540.4038299583317,-567.3512126098102,-549.2685878512634,1.9999403250984709,22.015713566993398,0.06679184175028134
2.0,5737f404b94bbde3,ok,regular_sir_full,sir,tv_sir,0,full,0.01,87,4,-276.48687455872,-553.0658016531177,2.3634999620761293e-08,0.00018466866613462234,3,85.75986099999864,8.793676897767e-11,4,-545.0658016531177,-544.5779967750689,-535.2021691784993,-535.2448566955171,-526.2788736828389,-517.3128906701608,-499.38092464480445,-545.0849187132468,-517.1098170667274,3.9904414699354245,35.86393205071264,0.09205253567769807
2.0,5737f404b94bbde3,ok,regular_sir_full,sir,tv_sir,1,full,0.01,87,4,-272.2010309225236,-544.5670070636706,2.607373875149694e-06,0.00019060733889443102,2,86.50041310000233,1.4267698134062812e-11,4,-536.5670070636706,-536.0792021856219,-526.7033745890523,-526.7465494015087,-517.7909858460389,-508.8354222905691,-490.92429517962955,-536.5863423528479,-508.5798076231681,3.9903323554114225,35.822254221879135,0.1649452186234074
2.0,5737f404b94bbde3,ok,regular_sir_full,sir,tv_sir,2,full,0.01,87,4,-283.1647220447192,-566.4024743222168,1.9374680928184714e-06,0.00044029501103368124,1,98.89095510001061,5.775291356258094e-11,4,-558.4024743222168,-557.914669444168,-548.5388418475984,-548.5840532110374,-539.6424797152999,-530.7009062195625,-512.8177592280877,-558.4227216547806,-530.5631501064887,3.989876333718105,35.76629398294969,0.07303023277833527
2.0,5737f404b94bbde3,ok,regular_sir_full,sir,tv_sir,3,full,0.01,87,4,-273.57229902601586,-547.2298555811223,6.295446653140196e-07,0.00035145286112865204,0,89.39715450000949,3.632294465205632e-11,4,-539.2298555811223,-538.7420507030735,-529.3662231065039,-529.4102317985464,-520.4578001047244,-511.5053684109022,-493.600505023258,-539.2495643126381,-511.3348712767433,3.9901456342420767,35.809726775288425,0.08525752909050885
2.0,5737f404b94bbde3,ok,regular_sir_full,sir,tv_sir,4,full,0.01,87,4,-271.52630924874956,-543.1762738058515,3.022418607285711e-07,0.0006398858848642525,3,86.29009419999784,1.573994268255774e-10,4,-535.1762738058515,-534.6884689278027,-525.3126413312331,-525.3548142144475,-516.3849799943497,-507.4151457742518,-489.4754773340561,-535.1951603937946,-507.1732816171077,3.990556706028438,35.87933688039141,0.12365530835229871
2.0,5737f404b94bbde3,ok,regular_sir_full,sir,tv_sir,5,full,0.01,87,4,-277.93870897524556,-555.9295312095313,7.558292049293896e-08,0.0006703634883811364,2,108.49067020000075,9.913492249324918e-11,4,-547.9295312095313,-547.4417263314825,-538.0658987349129,-538.1100283841188,-529.1535910995275,-520.1971538149362,-502.2842792457536,-547.9492941101703,-520.051668812126,3.9901185496805414,35.825749138365175,0.05211325904021954
2.0,5737f404b94bbde3,ok,regular_sir_full,sir,tv_sir,6,full,0.01,87,4,-293.3758011448227,-586.8459453685823,4.26844704400026e-06,0.00017843217745109065,3,105.23958999998285,1.2948930816492066e-10,4,-578.8459453685823,-578.3581404905335,-568.9823128939639,-569.0279880250278,-560.0951131216077,-551.1622382181877,-533.2964884113475,-578.8664003935628,-551.0201026759651,3.9897724875097618,35.73149961368024,0.09434307893699911
2.0,5737f404b94bbde3,ok,regular_sir_full,sir,tv_sir,7,full,0.01,87,4,-284.9764239415646,-570.0292571814954,2.0294762357810735e-07,0.0005688214322387346,4,108.57812859999831,2.916067387559451e-11,4,-562.0292571814954,-561.5414523034466,-552.165624706877,-552.2084889727039,-543.2422292749043,-534.2759695771045,-516.3434501815053,-562.0484533963247,-534.0878090919306,3.990401892585333,35.865038791198614,0.07640929836618834
2.0,5737f404b94bbde3,ok,regular_sir_full,sir,tv_sir,8,full,0.01,87,4,-272.09962434619683,-544.281150282591,7.507071461477483e-07,0.00043739422549842106,1,102.82962920001592,1.0794565241667442e-10,4,-536.281150282591,-535.7933454045423,-526.4175178079727,-526.4601350334735,-517.4926783777329,-508.5252217219922,-490.59030841051083,-536.3002358635607,-508.32942206943096,3.9904572095151782,35.869826622962705,0.08190159019740413
2.0,5737f404b94bbde3,ok,regular_sir_full,sir,tv_sir,9,full,0.01,87,4,-287.7276799581126,-575.4937005822258,4.065741029393168e-06,0.0005870221905671924,3,101.16544529999373,1.3390035746851936e-09,4,-567.4937005822258,-567.005895704177,-557.6300681076074,-557.6735628572333,-548.700958805346,-539.7283547534587,-521.7831466496841,-567.5131791511843,-539.5649437086761,3.9902607155207357,35.89041620754918,0.03834066600054522
2.0,5737f404b94bbde3,ok,regular_sir_full,sir,tv_sir,10,full,0.01,87,4,-285.26318247847115,-570.612104474447,7.640874083746108e-07,0.0002993000124053837,0,88.98176659998717,4.547473508864641e-13,4,-562.612104474447,-562.1242995963983,-552.7484719998287,-552.79174191307,-543.829177690568,-534.8666134680659,-516.9414850230618,-562.631482353298,-534.676108066934,3.9903110605745304,35.850256890008254,0.08573951750473992
2.0,5737f404b94bbde3,ok,regular_sir_full,sir,tv_sir,11,full,0.01,87,4,-284.49171605789087,-569.0387093170076,8.833362074022647e-07,0.00032712789123450354,3,93.02676800001063,1.4910028767189942e-10,4,-561.0387093170076,-560.5509044389588,-551.1750768423892,-551.2178366336409,-542.246693396086,-533.275550158531,-515.3332636834213,-561.0578587442307,-533.0988591655621,3.990425286388457,35.8845729502197,0.05527720122590185
2.0,5737f404b94bbde3,ok,regular_sir_full,sir,tv_sir,12,full,0.01,87,4,-275.9858307302966,-552.1203423456477,1.7885008251173776e-07,0.00025768942336754476,3,112.41151279999758,1.212470124301035e-10,4,-544.1203423456477,-543.6325374675989,-534.2567098710293,-534.298388519618,-525.3244480121185,-516.350507504619,-498.4026264896201,-544.1390075969164,-516.0758994305952,3.9906673743656786,35.895762029997925,0.14868088505450539
2.0,5737f404b94bbde3,ok,regular_sir_full,sir,tv_sir,13,full,0.01,87,4,-272.10534296311835,-544.2490809244435,4.8757367164607386e-08,0.0005771222826622721,3,112.77453860000242,3.1889157980913296e-11,4,-536.2490809244435,-535.7612760463948,-526.3854484498252,-526.4312055105281,-517.4869567059569,-508.54270790138565,-490.65421029224325,-536.2695726405681,-508.4336907079518,3.989754141937735,35.77699521828489,0.03839499820688196
2.0,5737f404b94bbde3,ok,regular_sir_full,sir,tv_sir,14,full,0.01,87,4,-284.1556993157177,-568.3609732613508,5.328747256464344e-07,0.0005533481547044499,4,110.88536000001477,3.5356606531422585e-11,4,-560.3609732613508,-559.873168383302,-550.4973407867324,-550.5423745775597,-541.596256672172,-532.6501387667842,-514.7579029560087,-560.3811410702849,-532.5269270098844,3.9899160955329065,35.78447162155105,0.049574629915304536
2.0,5737f404b94bbde3,ok,regular_sir_full,sir,tv_sir,15,full,0.01,87,4,-275.60491795090246,-551.2474086037372,1.230118494959306e-06,0.0008100228915983125,1,97.17776839999715,4.035882739117369e-12,4,-543.2474086037372,-542.7596037256884,-533.3837761291188,-533.4278438827957,-524.4642366105933,-515.5006293383909,-497.5734147939861,-543.2671437852528,-515.3554068129953,3.990132409242193,35.85442908880965,0.03757270193227894
2.0,5737f404b94bbde3,ok,regular_sir_full,sir,tv_sir,16,full,0.01,87,4,-282.3315278369693,-564.8515315769696,9.84466424241203e-07,0.0006246859399922774,1,104.09278199999244,3.046409347007284e-09,4,-556.8515315769696,-556.3637266989208,-546.9878991023512,-547.0301958410193,-538.0676629586312,-529.1051300762431,-511.18006431146677,-556.8704736319982,-528.812924144386,3.9905289724857087,35.850131529552584,0.188475903031018
2.0,5737f404b94bbde3,ok,regular_sir_full,sir,tv_sir,17,full,0.01,87,4,-279.2186951004106,-558.5161951741604,8.401194722070333e-07,0.0006862355537294817,3,145.76343210000778,6.672848940070253e-10,4,-550.5161951741604,-550.0283902961116,-540.652562699542,-540.6961033292682,-531.7352022142036,-522.7743010991389,-504.85249886900976,-550.5356942899368,-522.5937857405628,3.9902504421118286,35.84360446025849,0.078804973339122
2.0,5737f404b94bbde3,ok,regular_sir_full,sir,tv_sir,18,full,0.01,87,4,-266.80951662221366,-533.686197291194,1.4555019023451104e-06,0.0005230853371994135,1,154.7589994999871,4.673665898735635e-10,4,-525.686197291194,-525.1983924131453,-515.8225648165757,-515.8649795072977,-506.89324969797974,-497.92151988866175,-479.9780602700259,-525.7051921695457,-497.73211400715553,3.9905025608241305,35.886919237271805,0.06716404676672956
2.0,5737f404b94bbde3,ok,regular_sir_full,sir,tv_sir,19,full,0.01,87,4,-274.1032981101399,-548.2644819936351,1.1400044134484786e-08,0.0004045926523216009,3,174.76192059999448,8.407141649513505e-11,4,-540.2644819936351,-539.7766771155863,-530.4008495190167,-530.444814595024,-521.4894634230549,-512.5341122510857,-494.6234099071475,-540.2841711922657,-512.3851915324033,3.990155400684659,35.821404687876516,0.05788577335519301
2.0,5737f404b94bbde3,ok,regular_sir_full,sir,tv_sir,20,full,0.01,87,4,-284.44682589783855,-568.9467271956474,1.0071249659124842e-07,0.0006731695864737494,1,195.91542480001226,8.037659426918253e-11,4,-560.9467271956474,-560.4589223175986,-551.083094721029,-551.1273597268511,-542.1727873789288,-533.2182150310065,-515.309070335162,-560.9665507140209,-533.075362403988,3.990088240813315,35.8182893916891,0.053075399970293265
2.0,5737f404b94bbde3,ok,regular_sir_full,sir,tv_sir,21,full,0.01,87,4,-285.20114774121197,-570.5210515710585,1.10443287933745e-06,0.0005807961010188975,0,193.12945849998505,1.0476242096046917e-10,4,-562.5210515710585,-562.0332466930097,-552.6574190964401,-552.7009340832547,-543.7483308568794,-534.7957276305043,-516.890521177754,-562.540539202984,-534.5918825769232,3.990256184037288,35.81041290550073,0.11875608863453953
2.0,5737f404b94bbde3,ok,regular_sir_full,sir,tv_sir,22,full,0.01,87,4,-273.74767595895804,-547.5362227622461,3.2279609315933703e-07,0.000852070487303713,2,174.20943719998468,9.140421752817929e-11,4,-539.5362227622461,-539.0484178841973,-529.6725902876277,-529.7172469096038,-520.7649911166158,-511.8127353236277,-493.9082237376516,-539.5562216609201,-511.6863287459639,3.9900005506630367,35.80902317195216,0.04087084433006387
2.0,5737f404b94bbde3,ok,regular_sir_full,sir,tv_sir,23,full,0.01,87,4,-271.3774772662621,-542.807163705546,5.596045623224933e-07,0.0005796589090047634,2,187.84653040001285,2.5011104298755527e-12,4,-534.807163705546,-534.3193588274972,-524.9435312309276,-524.9884873290114,-516.0433680853243,-507.0982488416373,-489.2080103542632,-534.8272967207757,-506.97447755777597,3.98993349238514,35.78047697474817,0.05220917302184604
2.0,5737f404b94bbde3,ok,regular_sir_full,sir,tv_sir,24,full,0.01,87,4,-279.58774961318437,-559.2570182603321,9.871709837748036e-07,0.0007411654410985346,3,198.54946290000225,8.122356121020857e-09,4,-551.2570182603321,-550.7692133822833,-541.3933857857137,-541.4379497286625,-532.4911461119119,-523.5443424951612,-505.65073526166003,-551.2769756538855,-523.3882847593662,3.9900213032232665,35.78721446700247,0.08151903396332588
2.0,5737f404b94bbde3,ok,regular_sir_full,sir,tv_sir,25,full,0.01,87,4,-265.42629160622533,-530.9373827986773,4.5334276902774244e-07,0.00025298339454947293,1,186.69461980002234,9.958966984413564e-11,4,-522.9373827986773,-522.4495779206285,-513.0737503240589,-513.1176260530124,-504.1648369064335,-495.21204775985456,-477.30646946669674,-522.9570319843693,-495.04142662613503,3.9901754071539877,35.81115658631563,0.08479958622656192
2.0,5737f404b94bbde3,ok,regular_sir_full,sir,tv_sir,26,full,0.01,87,4,-282.8622482128478,-565.83764197489,2.2732467338860142e-07,0.0005985730356205285,1,208.3543851999857,1.0970779840135947e-11,4,-557.83764197489,-557.3498370968412,-547.9740095002716,-548.0168787265167,-539.0563512526461,-530.0958237787755,-512.1747688310344,-557.8568404111793,-529.8823865302134,3.9904007818553255,35.842109895482324,0.11314554919426373
2.0,5737f404b94bbde3,ok,regular_sir_full,sir,tv_sir,27,full,0.01,87,4,-290.3256710031508,-580.7194019248243,1.635503847514594e-07,0.0004845791609890397,4,198.8386755999818,3.2798652682686225e-11,4,-572.7194019248243,-572.2315970467755,-562.8557694502059,-562.8995385471084,-553.9409602914761,-544.9823820358438,-527.0652255245793,-572.739003356712,-544.8170289837725,3.9901992840561222,35.83431302252909,0.06805991852275879
2.0,5737f404b94bbde3,ok,regular_sir_full,sir,tv_sir,28,full,0.01,87,4,-280.64702367361303,-561.3810544272593,2.015832116077406e-07,0.0007243780974278972,2,172.9502215999819,1.3574208423960954e-10,4,-553.3810544272593,-552.8932495492105,-543.5174219526409,-543.5610111744647,-534.6046421565098,-525.648273138555,-507.7355351026453,-553.400575304387,-525.4685712754067,3.990239561436197,35.82547607181942,0.08700708003323714
2.0,5737f404b94bbde3,ok,regular_sir_full,sir,tv_sir,29,full,0.01,87,4,-286.24236149457744,-572.571346744394,3.442026677508818e-07,0.0005543515050403786,4,167.55756180000026,2.6432189770275727e-11,4,-564.571346744394,-564.0835418663452,-554.7077142697756,-554.7514696200391,-545.7975710522506,-536.8436724844622,-518.9358753488855,-564.5909420200247,-536.6691287180013,3.9902023621846037,35.81559427115362,0.08662375523903833
2.0,5737f404b94bbde3,ok,regular_sir_full,sir,tv_sir,30,full,0.01,87,4,-284.73357112194236,-569.5574056300602,2.405820822917445e-07,0.00030570585030070737,2,182.4839004999958,4.1040948417503387e-11,4,-561.5574056300602,-561.0696007520114,-551.6937731554418,-551.7363462550869,-542.7700703966514,-533.8037945382157,-515.8712428213446,-561.5764714498281,-533.6020388101424,3.9904670901160726,35.86510343374233,0.09026338617551642
2.0,5737f404b94bbde3,ok,regular_sir_full,sir,tv_sir,31,full,0.01,87,4,-288.973736261697,-578.0249370098843,1.500852419153533e-07,0.0004567660020340025,4,162.48551579998457,3.2031266528065316e-10,4,-570.0249370098843,-569.5371321318355,-560.1613045352659,-560.2040846045384,-551.2378721005966,-542.2716595966549,-524.3392345887714,-570.0440955183605,-542.0826225076271,3.9904207457619445,35.864850015766876,0.07746448649023044
2.0,5737f404b94bbde3,ok,regular_sir_full,sir,tv_sir,32,full,0.01,87,4,-287.80144243691336,-575.6513112114382,4.6537854375341893e-07,0.0007337672603776544,2,147.30217280000215,1.3699263945454732e-11,4,-567.6513112114382,-567.1635063333894,-557.7876787368198,-557.8318441669555,-548.8773904526414,-539.9229367383273,-522.014029309699,-567.6710901361103,-539.7850700165702,3.9901105376639396,35.81781485725647,0.04842633761141822
2.0,5737f404b94bbde3,ok,regular_sir_full,sir,tv_sir,33,full,0.01,87,4,-279.66565383538926,-559.3704576097645,2.6053104065403906e-07,0.0008671080377953928,1,105.17466720001539,1.978719410544727e-09,4,-551.3704576097645,-550.8826527317157,-541.5068251351461,-541.5519008853178,-532.601372997669,-523.6508451100202,-505.7497893347227,-551.3906442096559,-523.5291961201834,3.9899067000542843,35.80211155059506,0.03914993898594531
2.0,5737f404b94bbde3,ok,regular_sir_full,sir,tv_sir,34,full,0.01,87,4,-277.2728833542102,-554.6158547143378,2.5643880136550126e-07,0.0007010758372576788,3,113.7012864999997,4.3996806198265404e-11,4,-546.6158547143378,-546.128049836289,-536.7522222397195,-536.7962214197998,-527.8423474099957,-518.8884734001916,-500.98072538058335,-546.6355591860428,-518.7302706692038,3.9901477641475562,35.81549603921652,0.07008800591743769
2.0,5737f404b94bbde3,ok,regular_sir_full,sir,tv_sir,35,full,0.01,87,4,-279.88168425635956,-559.826381848974,8.123963211401944e-07,0.000626516621824754,4,107.68016129999887,1.5802470443304628e-11,4,-551.826381848974,-551.3385769709253,-541.9627493743557,-542.0078208175264,-533.0633511455154,-524.1188814735044,-506.22994212948254,-551.84656652003,-523.9854898246753,3.989907664472006,35.77787868804387,0.06301333625497428
2.0,5737f404b94bbde3,ok,regular_sir_full,sir,tv_sir,36,full,0.01,87,4,-284.51232035675065,-569.0678664918503,3.468606472089086e-07,0.0005659429560885107,0,101.82709609999438,3.163904693792574e-10,4,-561.0678664918503,-560.5800616138015,-551.2042340172319,-551.2499532099722,-542.3094293662599,-533.3689055225477,-515.4878578351231,-561.0883412492907,-533.2625453386522,3.9897626212797936,35.762095374849025,0.04322577834897014
2.0,5737f404b94bbde3,ok,regular_sir_full,sir,tv_sir,37,full,0.01,87,4,-293.9257024822801,-587.8892564786199,1.1132625549367945e-07,0.0005677724158495331,2,82.25519450000138,3.012701199622825e-11,4,-579.8892564786199,-579.4014516005711,-570.0256240040015,-570.0709144524449,-561.1206804638045,-552.1704464751643,-534.2699784978837,-579.9095392283945,-552.050469009999,3.9898586251127584,35.800935954561126,0.03785151405970538
2.0,5737f404b94bbde3,ok,regular_sir_full,sir,tv_sir,38,full,0.01,87,4,-280.4547546024836,-560.9975994894927,8.085515584485169e-07,0.0005743790164509751,2,63.24067949998425,5.46265255252365e-11,4,-552.9975994894927,-552.5097946114439,-543.1339670148743,-543.1776323380602,-534.2217525249673,-525.2658727118743,-507.3541130856884,-553.0171544476449,-525.0859899525954,3.99022252092391,35.82351925237181,0.08809028452551562
2.0,5737f404b94bbde3,ok,regular_sir_full,sir,tv_sir,39,full,0.01,87,4,-269.1258881182376,-538.2883343311076,9.846170496466785e-07,0.0005137439911027374,2,61.17092350000166,2.3919710656628013e-10,4,-530.2883343311076,-529.8005294530589,-520.4247018564893,-520.4695995281234,-511.51483449539893,-502.5600694626745,-484.65053939722566,-530.308441180797,-502.43271610557747,3.9899465751553422,35.81906013089769,0.03655809463244566
2.0,5737f404b94bbde3,ok,regular_sir_full,sir,tv_sir,40,full,0.01,87,4,-278.0683456931809,-556.2702630808473,1.5265560463013465e-06,0.0007307404399131296,2,75.97595220000949,1.4740066944796126e-09,4,-548.2702630808473,-547.7824582027985,-538.4066306062289,-538.4500923010115,-529.4967962183431,-520.5435001356748,-502.636907970338,-548.2897268466157,-520.3235070556882,3.9902681171157344,35.813184330673565,0.13357169448549538
2.0,5737f404b94bbde3,ok,regular_sir_full,sir,tv_sir,41,full,0.01,87,4,-268.47875685451817,-537.0283929953233,4.585750636017283e-08,0.0005710606984957767,1,83.26241910000681,7.679545888095163e-11,4,-529.0283929953233,-528.5405881172745,-519.1647605207049,-519.2077915503602,-510.2442731468977,-501.2807547434352,-483.35371793651024,-529.0476638932065,-501.1034400951864,3.9903645510583967,35.85407361384996,0.07087928628696845
2.0,5737f404b94bbde3,ok,regular_sir_full,sir,tv_sir,42,full,0.01,87,4,-271.71145707155114,-543.4811634741807,1.2611633679516075e-06,0.0005029854158634458,0,89.886132500018,1.0243184078717604e-10,4,-535.4811634741807,-534.9933585961319,-525.6175309995623,-525.660760219648,-516.6961812053468,-507.73160219104545,-489.802444162443,-535.5005231291208,-507.56459808589733,3.990320172529958,35.85831605720496,0.05824933107844394
2.0,5737f404b94bbde3,ok,regular_sir_full,sir,tv_sir,43,full,0.01,87,4,-270.9163379310923,-541.9051064076765,1.281187716074205e-07,0.0005785708823455838,0,87.61490480002249,1.7621459846850485e-12,4,-533.9051064076765,-533.4173015296277,-524.0414739330581,-524.0844090369015,-515.1187355528426,-506.15306206878364,-488.22171510066573,-533.9243343464082,-505.9699819259488,3.9903860306341588,35.8626939362358,0.07243054549193223
2.0,5737f404b94bbde3,ok,regular_sir_full,sir,tv_sir,44,full,0.01,87,4,-269.29738995499315,-538.6678907915066,4.490320305669804e-09,0.0006289093764409702,4,78.32928390000598,2.751221472863108e-11,4,-530.6678907915066,-530.1800859134578,-520.8042583168882,-520.8476686592996,-511.8870922243185,-502.92651578933743,-485.00536291937516,-530.6873315597705,-502.7524741700618,3.9902796158680207,35.84230573992447,0.07311088152027909
2.0,5737f404b94bbde3,ok,regular_sir_full,sir,tv_sir,45,full,0.01,87,4,-289.8094931437123,-579.6562954183837,7.603591317809044e-07,0.0005388813457347178,1,78.43308539999998,2.1685764295398258e-10,4,-571.6562954183837,-571.1684905403349,-561.7926629437653,-561.8374522204667,-552.8811226841046,-543.9247931477424,-526.0121340750181,-571.6763537247847,-543.793668141976,3.98997084679949,35.82531814544854,0.03730913095914237
2.0,5737f404b94bbde3,ok,regular_sir_full,sir,tv_sir,46,full,0.01,87,4,-270.6533176602355,-541.3997405411089,1.7330815118166906e-07,0.00043069938442014507,0,96.6057487000071,1.1937117960769683e-11,4,-533.3997405411089,-532.9119356630601,-523.5361080664906,-523.5784339390137,-514.6073812593156,-505.63632857961744,-487.69422322022115,-533.418695643363,-505.42242460167836,3.990522448872988,35.8842107187926,0.09310522063797179
2.0,5737f404b94bbde3,ok,regular_sir_full,sir,tv_sir,47,full,0.01,87,4,-283.1801796070243,-566.4205705606499,2.930923586235523e-06,0.0006245237783261558,4,108.89200330001768,4.341700332588516e-10,4,-558.4205705606499,-557.9327656826011,-548.5569380860316,-548.5986660375628,-539.6150479806624,-530.6314299237622,-512.6641938099615,-558.4392578916127,-530.4258869864473,3.990656334518648,35.93447222760127,0.060211346601414716
2.0,5737f404b94bbde3,ok,regular_sir_full,sir,tv_sir,48,full,0.01,87,4,-275.99471776121425,-552.0853857582422,1.3341673817388753e-06,0.0006615250710410435,3,114.78823299999931,2.148681232938543e-11,4,-544.0853857582422,-543.5975808801934,-534.2217532836238,-534.2659284256443,-525.3160902557859,-516.3662520859273,-498.46657574621025,-544.1051690322581,-516.1900828429943,3.990108362992058,35.799352679434115,0.09595023581373227
2.0,5737f404b94bbde3,ok,regular_sir_full,sir,tv_sir,49,full,0.01,87,4,-284.572978672674,-569.2099736358944,1.723296188414371e-07,0.0004986145414973907,0,107.62116469998728,8.202505341614597e-11,4,-561.2099736358944,-560.7221687578456,-551.346341161276,-551.389712245973,-542.4282197097104,-533.4667271734478,-515.5437421009226,-561.2293968230915,-533.2999872002977,3.990288406401416,35.84597014505036,0.06401629054626747
2.0,5737f404b94bbde3,ok,regular_sir_full,sir,tv_sir,50,full,0.01,87,4,-275.9674207255227,-551.9792189784906,2.376897348377639e-08,0.0006148816051398337,1,103.37454580000485,3.5925040720030665e-10,4,-543.9792189784906,-543.4914141004418,-534.1155865038722,-534.1603024024835,-525.2078619701433,-516.255421537803,-498.3505406731227,-543.9992444234497,-516.1250797216845,3.9899872775204654,35.8097617293608,0.04437752744522454
2.0,5737f404b94bbde3,ok,regular_sir_full,sir,tv_sir,51,full,0.01,87,4,-283.5407544547731,-567.1189425997138,1.4703343302407597e-06,0.0003390045301530614,0,107.04710920000798,3.8346570363501087e-10,4,-559.1189425997138,-558.631137721665,-549.2553101250954,-549.3002044498674,-540.3446285933504,-531.3890527368335,-513.4779010237996,-559.1390479505536,-531.2592054834785,3.9899473245801147,35.82230342606769,0.0374336901676548
2.0,5737f404b94bbde3,ok,regular_sir_full,sir,tv_sir,52,full,0.01,87,4,-274.06277644844494,-548.1990132086225,5.221143307616419e-07,0.0005645766651801834,2,101.71665740001481,4.8771653382573277e-11,4,-540.1990132086225,-539.7112083305738,-530.3353807340042,-530.3797682220486,-521.4311548094347,-512.4825413968208,-494.58531457159313,-540.2188915790973,-512.3310992464344,3.9900608147626397,35.79445365045549,0.07346031173271837
2.0,5737f404b94bbde3,ok,regular_sir_full,sir,tv_sir,53,full,0.01,87,4,-276.3236022240613,-552.6859547543014,5.61603137111634e-08,0.0005711558521570927,1,100.99823989998549,1.4779288903810084e-12,4,-544.6859547543014,-544.1981498762526,-534.822322279683,-534.8676296798258,-525.9179889321939,-516.968348184562,-499.0690666892983,-544.7062450956782,-516.8486414575951,3.9898548293115565,35.79856299052743,0.03875030617883289
2.0,5737f404b94bbde3,ok,regular_sir_full,sir,tv_sir,54,full,0.01,87,4,-271.2655912850948,-542.5897086843997,2.0125545575111342e-06,0.00047502348019072,1,103.75136630001361,3.126388037344441e-12,4,-534.5897086843997,-534.101903806351,-524.7260762097814,-524.7682872540896,-515.7907768532222,-506.81326645235475,-488.8582456506199,-534.6086123623021,-506.62114096671985,3.990548161048841,35.91004160346972,0.058526114210198696
2.0,5737f404b94bbde3,ok,regular_sir_full,sir,tv_sir,55,full,0.01,87,4,-283.6454767984068,-567.3338546457912,6.9597810970879e-07,0.0007398286569822162,4,104.37908859999152,1.9741719370358624e-10,4,-559.3338546457912,-558.8460497677424,-549.4702221711728,-549.5147666145222,-540.5629817756345,-531.611196936747,-513.7076272589717,-559.3538033066977,-531.4838142412631,3.990025669546762,35.80713935555047,0.04290104897770361
2.0,5737f404b94bbde3,ok,regular_sir_full,sir,tv_sir,56,full,0.01,87,4,-285.06763962562576,-570.2279136598344,6.944910638810401e-07,0.0005865471365765422,1,100.46962429999257,1.6001422409317456e-10,4,-562.2279136598344,-561.7401087817856,-552.364281185216,-552.4082457636326,-543.457492433582,-534.5067391035315,-516.6052324434302,-562.2476026356254,-534.332265931049,3.9901555121044723,35.803013320202446,0.09263440858288609
2.0,5737f404b94bbde3,ok,regular_sir_full,sir,tv_sir,57,full,0.01,87,4,-277.7794691429397,-555.619570898936,2.286289255873045e-06,0.0007479725773444864,0,107.34019139999873,1.2232703738845885e-10,4,-547.619570898936,-547.1317660208872,-537.7559384243176,-537.798214654472,-528.8187629150888,-519.8393111757055,-501.88040769693896,-547.6385037694882,-519.6411313283464,3.9905335647238926,35.917806957532996,0.06063261305660725
2.0,5737f404b94bbde3,ok,regular_sir_full,sir,tv_sir,58,full,0.01,87,4,-273.31184230725665,-546.6677246698616,1.7766690466760643e-07,0.0004961699737055558,0,100.077088799997,2.1657342585967854e-11,4,-538.6677246698616,-538.1799197918128,-528.8040921952432,-528.8487620236594,-519.896540053811,-510.94431808396257,-493.0398741442657,-538.6877294828713,-510.81479673511956,3.9899975934951346,35.808887879393765,0.04404005534826243
2.0,5737f404b94bbde3,ok,regular_sir_full,sir,tv_sir,59,full,0.01,87,4,-280.3979101807816,-560.8396975503287,1.3701853735201935e-07,0.00035899127305930273,3,99.37867689999985,5.877609510207549e-11,4,-552.8396975503287,-552.3518926722799,-542.9760650757103,-543.0205690478833,-534.0649174564228,-525.1092658649623,-507.1979626820412,-552.8596280867349,-524.973213995721,3.9900347317968614,35.82260636584216,0.04387718876542582
2.0,5737f404b94bbde3,ok,regular_sir_full,sir,tv_sir,60,full,0.01,87,4,-269.1449890962734,-538.3677239849417,1.5897404064252996e-07,0.0005321969591512753,1,101.4657819000131,9.5042196335271e-11,4,-530.3677239849417,-529.8799191068929,-520.5040915103233,-520.5477169818898,-511.59190421893067,-502.63609145597144,-484.72446593005304,-530.3872610960543,-502.46672714070996,3.990231444443678,35.823251051836785,0.07774579239491713
2.0,5737f404b94bbde3,ok,regular_sir_full,sir,tv_sir,61,full,0.01,87,4,-274.22221727625066,-548.5623983247984,3.949573569237384e-07,0.0005614866685905087,4,101.07449679999263,2.5505642042844556e-10,4,-540.5623983247984,-540.0745934467496,-530.69876585018,-530.7416721510572,-521.7807051810216,-512.819738210986,-494.89780427091483,-540.5816133644889,-512.600566672359,3.9903924801547297,35.84386788014234,0.11796377229713607
2.0,5737f404b94bbde3,ok,regular_sir_full,sir,tv_sir,62,full,0.01,87,4,-282.7894664819853,-565.6198391488945,4.359145644738746e-07,0.0006465729769085346,1,104.72617999999784,5.96912741457345e-10,4,-557.6198391488945,-557.1320342708457,-547.7562066742761,-547.8025360169272,-538.855845493189,-529.9091549694508,-512.0157739219745,-557.6405871541916,-529.7921708690179,3.989625997351446,35.78676209495272,0.0409061849238799
2.0,5737f404b94bbde3,ok,regular_sir_full,sir,tv_sir,63,full,0.01,87,4,-279.1889995443818,-558.472400207766,5.671590840317957e-08,0.0005878593058179461,1,103.95221160000074,3.6970959627069533e-10,4,-550.472400207766,-549.9845953297172,-540.6087677331476,-540.6516658048303,-531.6873734775323,-522.7230811502343,-504.7944964956384,-550.4916115621168,-522.5208297795716,3.990394322824638,35.857169309191875,0.09440111900239918
2.0,5737f404b94bbde3,ok,regular_sir_full,sir,tv_sir,64,full,0.01,87,4,-285.98770029258293,-572.0595509548014,2.286799661251577e-07,0.0006744448278697122,3,111.0978935000021,1.7769252735888585e-10,4,-564.0595509548014,-563.5717460767526,-554.195918480183,-554.2382782947949,-545.2674906858803,-536.2967030769655,-518.3551278591362,-564.078521257587,-536.0922501495072,3.990514848607171,35.88315043565866,0.08415036963549495
2.0,5737f404b94bbde3,ok,regular_sir_full,sir,tv_sir,65,full,0.01,87,4,-282.7355793200585,-565.5176809442304,5.068597003904499e-07,0.00032047134723908337,4,103.4225952999841,8.526512829121202e-11,4,-557.5176809442304,-557.0298760661816,-547.654048469612,-547.6978521937775,-538.7347939248028,-529.771735655828,-511.84561911787864,-557.5372978834963,-529.6189255642181,3.990191530367039,35.85223307589888,0.046522304113393934
2.0,5737f404b94bbde3,ok,regular_sir_full,sir,tv_sir,66,full,0.01,87,4,-266.32256431648744,-532.7702204451145,7.959984345739197e-07,0.0005458876236440564,4,93.31431389998761,5.377387424232438e-11,4,-524.7702204451145,-524.2824155670658,-514.9065879704962,-514.9494473318357,-505.9876696172897,-497.0258919027437,-479.1023364736517,-524.7894144635318,-496.7980177747909,3.9904029907914063,35.84711085818401,0.12509181213967216
2.0,5737f404b94bbde3,ok,regular_sir_full,sir,tv_sir,67,full,0.01,87,4,-275.16698479688984,-550.4055267378849,1.4530775089636663e-06,0.0003576165452969615,4,98.29958910000278,9.947598300641403e-12,4,-542.4055267378849,-541.9177218598361,-532.5418942632665,-532.5863447492859,-523.6345160190898,-514.6826872888938,-496.7790298285017,-542.4254333211993,-514.5266546729955,3.990046708342783,35.80731492078421,0.07155714410517237
2.0,5737f404b94bbde3,ok,regular_sir_full,sir,tv_sir,68,full,0.01,87,4,-274.9539041135025,-550.0179139634721,4.8471390906534996e-08,0.00032854018258575884,0,99.25944290001644,1.57513113663299e-10,4,-542.0179139634721,-541.5301090854233,-532.1542814888537,-532.1967999686782,-523.2303931536819,-514.2639863386855,-496.33117270869286,-542.0369553224498,-514.0421809670197,3.9904793205111444,35.865627259985324,0.1101057364670954
2.0,5737f404b94bbde3,ok,regular_sir_full,sir,tv_sir,69,full,0.01,87,4,-289.41138530437274,-578.9790051995692,2.1242782219943208e-06,0.000644630438630147,3,111.75122100001317,8.952838470577262e-11,4,-570.9790051995692,-570.4912003215204,-561.1153727249508,-561.1588852394037,-552.2094807934501,-543.2600763474966,-525.3612674555893,-570.998491724279,-543.0251528249311,3.9902567376451152,35.79761778381437,0.15623459082370006
2.0,5737f404b94bbde3,ok,regular_sir_full,sir,tv_sir,70,full,0.01,87,4,-279.21128152224907,-558.4630567207438,3.627604530002086e-08,0.0005087383750790424,2,109.0182427999971,8.429879017057829e-11,4,-550.4630567207438,-549.975251842695,-540.5994242461254,-540.6448821471552,-531.6986469841803,-522.7524118212054,-504.8599414952557,-550.4834144620237,-522.6376223925987,3.9898211293600405,35.784940651899454,0.040493676245660845
2.0,5737f404b94bbde3,ok,regular_sir_full,sir,tv_sir,71,full,0.01,87,4,-283.6986679661568,-567.4648322906676,3.04382733709767e-07,0.00015157058661585885,0,110.65625320002437,2.3794655135134235e-10,4,-559.4648322906676,-558.9770274126188,-549.6011998160492,-549.6443908824149,-540.6800352315672,-531.7156795807194,-513.786968279024,-559.4841748589507,-531.5399133289227,3.9903287158584417,35.85742260339085,0.06749635835402593
2.0,5737f404b94bbde3,ok,regular_sir_full,sir,tv_sir,72,full,0.01,87,4,-286.91490461295894,-573.8861675786067,1.9898683965399296e-06,0.0001893298832168925,0,113.86778629999026,2.766569195955526e-10,4,-565.8861675786067,-565.3983627005579,-556.0225351039883,-556.0687388016195,-547.135653750923,-538.2025687002264,-520.3363985988334,-565.9068593153838,-538.0974690231318,3.989654131611413,35.7323402027861,0.05635835268874978
2.0,5737f404b94bbde3,ok,regular_sir_full,sir,tv_sir,73,full,0.01,87,4,-287.20109824628935,-574.4835638037782,1.244021168562021e-06,0.0006799436066201349,1,116.21732500000508,2.169713297917042e-10,4,-566.4835638037782,-565.9957589257294,-556.6199313291598,-556.6616158852572,-547.6841400380379,-538.7066641908185,-520.7517124963797,-566.5022317006493,-538.4922931037012,3.9906660515644776,35.90990338887748,0.08136731119950709
2.0,5737f404b94bbde3,ok,regular_sir_full,sir,tv_sir,74,full,0.01,87,4,-285.3458989349807,-570.7548059710408,6.557368867455562e-08,0.0006929564884808206,2,109.64834789998713,2.8478552849264815e-11,4,-562.7548059710408,-562.267001092992,-552.8911734964224,-552.9347500214204,-543.9755883518709,-535.0164266823214,-517.0981033432224,-562.7743211620569,-534.8551511917634,3.990242404491947,35.83664667819802,0.06300810107936752
2.0,5737f404b94bbde3,ok,regular_sir_full,sir,tv_sir,75,full,0.01,87,4,-270.3864540194471,-540.8114833961923,8.326680406759521e-07,0.0007042507202395761,3,106.88353000002098,3.2173375075217336e-11,4,-532.8114833961923,-532.3236785181435,-522.947850921574,-522.9923954735754,-514.0365494268486,-505.0807033801218,-487.1690112866683,-532.8314321057572,-504.9495238519872,3.990025645217523,35.82338418690706,0.038575357298097045
2.0,5737f404b94bbde3,ok,regular_sir_full,sir,tv_sir,76,full,0.01,87,4,-277.12048455897775,-554.3352631455803,1.4437443582210014e-07,0.0002806993031364841,0,101.43530379998265,8.066081136348657e-11,4,-546.3352631455803,-545.8474582675315,-536.4716306709619,-536.5147317148801,-527.5545496142349,-518.5943675135899,-500.67400331229965,-546.3545653984582,-518.400240715375,3.9903488735609827,35.84072840258047,0.0942940276248094
2.0,5737f404b94bbde3,ok,regular_sir_full,sir,tv_sir,77,full,0.01,87,4,-275.1644575666289,-550.4389124694383,1.4378626003129208e-07,0.0005996090725977429,3,99.4558049000043,2.628382844704902e-09,4,-542.4389124694383,-541.9511075913895,-532.5752799948199,-532.6179940113121,-523.6536627889908,-514.6893315666694,-496.7606691220266,-542.4580413970191,-514.4715902439724,3.9904355362095787,35.85732488928549,0.10999733618039381
2.0,5737f404b94bbde3,ok,regular_sir_full,sir,tv_sir,78,full,0.01,87,4,-286.8877135908464,-573.834883271943,2.956785656026185e-07,0.000463427784480735,2,106.17800510002417,6.707523425575346e-12,4,-565.834883271943,-565.3470783938942,-555.9712507973246,-556.0156680345278,-547.0645438872696,-538.1134197400112,-520.2111714454946,-565.8547749651991,-537.9709305926596,3.990054153371947,35.804496589033235,0.05945609025027112
2.0,5737f404b94bbde3,ok,regular_sir_full,sir,tv_sir,79,full,0.01,87,4,-286.3771428298976,-572.8170105697379,1.7269832425954136e-07,0.0005875269456035531,1,104.39240750001045,2.1600499167107046e-11,4,-564.8170105697379,-564.3292056916891,-554.9533780951195,-554.9975501197379,-546.0412891017268,-537.0850280837155,-519.1725060476933,-564.836792447665,-536.9292415877507,3.990109061036497,35.82504407204457,0.06272490994272469
2.0,1c5ffc21ab4f8afa,ok,regular_sir_full,sir,ude_sir_h2,0,full,0.01,87,11,-276.9144633742365,-555.6762375582003,1.3369930637774663e-07,0.015530982628757873,1,174.94516609999118,0.23930090514568292,10,-533.6762375582003,-530.1562375582004,-506.5512482529999,-534.9500690151408,-526.9541673666513,-518.9582657181618,-502.96646242118277,-546.3942872840852,-521.845320154515,4.640975137057598,31.983606593958015,1.8473108097273498
2.0,1c5ffc21ab4f8afa,ok,regular_sir_full,sir,ude_sir_h2,1,full,0.01,87,11,-271.85354551793114,-545.6966671918782,4.636648397003464e-06,7.004385171294078e-06,0,173.19247320000432,0.0887624125482489,6,-523.6966671918782,-520.1766671918782,-496.5716778866778,-528.378902779142,-520.4433059398543,-512.5077091005668,-496.6365154219916,-537.9411272422773,-511.9647036787119,3.877769974800436,31.74238735715042,1.989576156015921
2.0,1c5ffc21ab4f8afa,ok,regular_sir_full,sir,ude_sir_h2,2,full,0.01,87,11,-283.10236638859755,-566.2982861951825,1.5339655671524608e-06,0.00043482030875742966,0,184.72968910000054,0.005173553709141743,7,-544.2982861951825,-540.7782861951825,-517.1732968899821,-552.6221315093698,-546.0096672205386,-539.3972029317074,-526.1722743540452,-560.1735947226078,-539.7548756218705,3.062345736287323,26.449857155324633,0.09355341798744828
2.0,1c5ffc21ab4f8afa,ok,regular_sir_full,sir,ude_sir_h2,3,full,0.01,87,11,-273.42638368229115,-547.1772719759376,4.637299986251477e-07,0.36652236963356793,1,183.3673931999947,0.017599750341958043,7,-525.1772719759376,-521.6572719759376,-498.0522826707372,-531.4926740643498,-524.3166692986647,-517.1406645329797,-502.7886550016096,-540.1531248171228,-518.148748301842,3.5120735794074274,28.7040190627402,0.32450461135529385
2.0,1c5ffc21ab4f8afa,ok,regular_sir_full,sir,ude_sir_h2,4,full,0.01,87,11,-271.3827375964906,-544.2148290039119,8.39426661049998e-07,0.00012315943615782938,2,181.40701850000187,0.24296964078217798,10,-522.2148290039119,-518.6948290039119,-495.08983969871144,-523.3407043822577,-515.130090616761,-506.9194768512643,-490.4982493202708,-534.8666184867897,-509.92302013099425,4.6741052585611165,32.84245506198693,1.4493538109306414
2.0,1c5ffc21ab4f8afa,ok,regular_sir_full,sir,ude_sir_h2,5,full,0.01,87,11,-278.29273102804444,-558.0902465146265,1.2030223421264555e-07,0.0002494937074742372,2,208.3132388999802,0.10008162826477474,10,-536.0902465146265,-532.5702465146265,-508.9652572094261,-538.4594279921521,-530.7317369634859,-523.0040459348197,-507.5486638774874,-549.2988347789151,-525.6746979414241,4.395705867855727,30.9107641146647,1.5047844585375993
2.0,1c5ffc21ab4f8afa,ok,regular_sir_full,sir,ude_sir_h2,6,full,0.01,87,11,-293.0157334064814,-586.3130555223712,3.0684619989643724e-06,0.003822903281053022,2,201.03527409999515,0.002297772601480119,8,-564.3130555223712,-560.7930555223712,-537.1880662171708,-570.9364670178795,-563.8020762904583,-556.6676855630371,-542.3989041081948,-579.4268464486726,-557.493903903278,3.4431045368493005,28.537562909684734,0.28158870940843506
2.0,1c5ffc21ab4f8afa,ok,regular_sir_full,sir,ude_sir_h2,7,full,0.01,87,11,-284.94232183030425,-569.9767428398736,2.1033333645908146e-07,0.0002366971557323832,0,186.11315960000502,0.005581971444769351,6,-547.9767428398736,-544.4567428398736,-520.8517535346732,-556.422622729632,-549.843437963422,-543.2642531972122,-530.1058836647921,-563.9067029957378,-543.5679045957686,3.03501992206792,26.316739064839886,0.0920991792651352
2.0,1c5ffc21ab4f8afa,ok,regular_sir_full,sir,ude_sir_h2,8,full,0.01,87,11,-272.09148415371243,-544.3076263261103,6.919768245880903e-07,0.0007497689356959088,0,186.43719609998516,0.051048798082206304,6,-522.3076263261103,-518.7876263261103,-495.18263702090985,-530.1937961696788,-523.4739339326075,-516.7540716955363,-503.31434722139363,-537.9869274754212,-517.3035193591397,3.1603494253445428,26.879448948285127,0.12465801868541683
2.0,1c5ffc21ab4f8afa,ok,regular_sir_full,sir,ude_sir_h2,9,full,0.01,87,11,-286.80756033785974,-575.134422869648,3.4970043301795557e-06,0.4862875768229931,0,184.39885960001266,0.19391976337618644,10,-553.134422869648,-549.614422869648,-526.0094335644476,-557.3827628200377,-549.3986360254688,-541.4145092308999,-525.446255641762,-567.1845682922734,-541.6786134974438,3.9749272886873155,31.936507178275594,1.519302193928505
2.0,1c5ffc21ab4f8afa,ok,regular_sir_full,sir,ude_sir_h2,10,full,0.01,87,11,-285.1247987336068,-570.3407939749551,7.464667670637288e-07,6.487468745534074e-05,4,194.04906479999772,0.0022763555329561314,6,-548.3407939749551,-544.8207939749551,-521.2158046697547,-556.7842016928166,-550.2450517005742,-543.7059017083317,-530.6276017238467,-564.2696470001613,-544.0929974982437,3.035573487396922,26.156599968969868,0.09119650774157569
2.0,1c5ffc21ab4f8afa,ok,regular_sir_full,sir,ude_sir_h2,11,full,0.01,87,11,-284.45532102548935,-568.9729609498888,7.243065810004866e-07,0.007119792680730399,2,202.44346949999453,0.004112102897011027,6,-546.9729609498888,-543.4529609498888,-519.8479716446884,-556.0990985780469,-550.0616102118721,-544.0241218456972,-531.9491451133476,-563.2075658589928,-544.7606885862795,2.882697545448028,24.14995346469931,0.06231889891015334
2.0,1c5ffc21ab4f8afa,ok,regular_sir_full,sir,ude_sir_h2,12,full,0.01,87,11,-275.3631331844329,-551.5994398562461,7.276884938080373e-07,1.3444254193847396,2,199.8963320000039,0.053893501021661905,9,-529.5994398562461,-526.0794398562462,-502.4744505510457,-534.7564148144769,-527.1723907432614,-519.5883666720459,-504.4203185296149,-544.0565058798779,-520.3901700840039,3.7714669881841147,30.336096284861956,0.873173487380281
2.0,1c5ffc21ab4f8afa,ok,regular_sir_full,sir,ude_sir_h2,13,full,0.01,87,11,-271.940007523913,-545.3572760313838,4.323790598561323e-07,0.0010580867546845097,2,204.98456420001457,0.32908197770569814,10,-523.3572760313838,-519.8372760313838,-496.23228672618336,-524.4075469776428,-516.1767199536829,-507.9458929297229,-491.4842388818029,-535.9752070334877,-510.95670695198606,4.6910344989480794,32.92330809583988,1.4772609835578416
2.0,1c5ffc21ab4f8afa,ok,regular_sir_full,sir,ude_sir_h2,14,full,0.01,87,11,-284.07630281624495,-568.4668190487872,8.560861368788933e-07,0.03974193790524251,3,197.76426379999612,0.005178523215818132,7,-546.4668190487872,-542.9468190487872,-519.3418297435868,-552.7935519870767,-545.6062033222491,-538.4188546574214,-524.0441573277662,-561.4477462665947,-539.4032109731794,3.509536391096264,28.74939465931054,0.31421341629733873
2.0,1c5ffc21ab4f8afa,ok,regular_sir_full,sir,ude_sir_h2,15,full,0.01,87,11,-274.92295856685524,-550.6905401504107,7.69036054317993e-07,0.16595685635411245,1,238.54532750000362,0.0023231753687014134,9,-528.6905401504107,-525.1705401504107,-501.5655508452103,-533.8783219618398,-526.2147449978028,-518.5511680337659,-503.22401410569194,-543.1614026303868,-519.1916092775626,3.76456876001198,30.654307856147874,0.8446230167002178
2.0,1c5ffc21ab4f8afa,ok,regular_sir_full,sir,ude_sir_h2,16,full,0.01,87,11,-281.86415886330815,-565.8136077821721,2.211408688220592e-06,0.10718480812054021,3,280.9188058,0.1206983143735556,8,-543.8136077821721,-540.2936077821721,-516.6886184769717,-548.446330541353,-540.5040991325976,-532.5618677238423,-516.6774049063317,-558.0358941439205,-531.9593920915951,3.8888568191257975,31.76892563502126,2.085290055555812
2.0,1c5ffc21ab4f8afa,ok,regular_sir_full,sir,ude_sir_h2,17,full,0.01,87,11,-279.1598822166877,-558.4162824850437,9.655726056179768e-07,0.00026247393657237927,4,301.9508438000048,0.002274217173294346,6,-536.4162824850437,-532.8962824850437,-509.29129317984325,-544.8139425227471,-538.204289481034,-531.594636439321,-518.375330355895,-552.3246479950826,-531.8811522665234,3.0458172449805003,26.43861216685209,0.09651805166818332
2.0,1c5ffc21ab4f8afa,ok,regular_sir_full,sir,ude_sir_h2,18,full,0.01,87,11,-267.3113519099556,-536.1143178343945,7.58080869115624e-07,0.00040158639811789645,3,335.1967841000005,0.18516921831837863,10,-514.1143178343945,-510.5943178343945,-486.98932852919404,-515.8235156514235,-507.8542818243703,-499.8850479973171,-483.9465803432107,-527.0273408326894,-502.74576851169843,4.543488500852522,31.87693530821274,1.4916140144832448
2.0,1c5ffc21ab4f8afa,ok,regular_sir_full,sir,ude_sir_h2,19,full,0.01,87,11,-274.15085643548247,-548.410222412899,7.880480433631181e-08,0.00017363023802970446,1,310.161508899997,0.0033353151059714037,6,-526.410222412899,-522.890222412899,-499.28523310769856,-534.5920653548561,-527.8694134344737,-521.1467615140914,-507.7014576733267,-542.2219369887888,-521.4111051894355,3.0941427120551075,26.890607681529445,0.10850954193398493
2.0,1c5ffc21ab4f8afa,ok,regular_sir_full,sir,ude_sir_h2,20,full,0.01,87,11,-284.386997286264,-568.8607402698648,9.233544347034619e-08,0.00017257426506370738,0,311.8992772999918,0.04419860221662475,6,-546.8607402698648,-543.3407402698648,-519.7357509646644,-555.3548687280754,-548.7750409592746,-542.1952131904739,-529.0355576528722,-562.8123079318264,-542.4546834973247,3.0242161690192106,26.3193110752032,0.08674569733685465
2.0,1c5ffc21ab4f8afa,ok,regular_sir_full,sir,ude_sir_h2,21,full,0.01,87,11,-285.4407292334993,-573.0389262227887,5.467413552301345e-07,2.05331746352505,0,351.67248439998366,0.03103239535329294,10,-551.0389262227887,-547.5189262227888,-523.9139369175883,-551.7097428213754,-543.4702799040326,-535.23081698669,-518.7518911520045,-563.486923434232,-537.9236067976278,4.776001394278378,32.9578516693708,2.1574677557901114
2.0,1c5ffc21ab4f8afa,ok,regular_sir_full,sir,ude_sir_h2,22,full,0.01,87,11,-273.3695113632083,-546.8886233570539,3.1212669740033896e-07,0.0010324520537885729,3,348.35309399999096,0.0099844830530742,6,-524.8886233570539,-521.3686233570539,-497.7636340518535,-532.5862492663748,-525.8177951494996,-519.0493410326244,-505.51243279887393,-540.4834875097952,-519.6652062589158,3.202567923629364,27.073816467500862,0.14960063063736093
2.0,1c5ffc21ab4f8afa,ok,regular_sir_full,sir,ude_sir_h2,23,full,0.01,87,11,-271.8252527078975,-545.1458172271709,9.89333018320029e-07,7.878136511338292e-05,3,358.49228360000416,0.01812324063723736,10,-523.1458172271709,-519.625817227171,-496.0208279219705,-525.0535966170188,-517.1498845643137,-509.24617251160856,-493.43874840619833,-536.1477724504659,-512.0356572049745,4.499022388352505,31.61484821082044,1.495311811375886
2.0,1c5ffc21ab4f8afa,ok,regular_sir_full,sir,ude_sir_h2,24,full,0.01,87,11,-279.4970818670867,-559.2408924542871,7.587898762591106e-07,0.600431180064851,2,381.33883739999146,0.06986903532407496,7,-537.2408924542871,-533.7208924542871,-510.11590314908665,-543.9643513236102,-536.9195884551953,-529.8748255867803,-515.7852998499503,-552.3994883211097,-530.8151122605135,3.4207020665886776,28.179051473659964,0.24672872011363256
2.0,1c5ffc21ab4f8afa,ok,regular_sir_full,sir,ude_sir_h2,25,full,0.01,87,11,-265.4731780193815,-532.5353452678107,3.1127271993808896e-08,4.794345747543653e-05,2,347.8883241000003,0.058646972185158575,10,-510.5353452678107,-507.01534526781074,-483.4103559626103,-512.1184126138954,-504.0641887553515,-496.0099648968076,-479.9015171797198,-523.3918823431565,-498.7294606045874,4.571731462327118,32.21689543417565,1.5889892290476721
2.0,1c5ffc21ab4f8afa,ok,regular_sir_full,sir,ude_sir_h2,26,full,0.01,87,11,-282.3170575070356,-566.01858886508,1.6557200717266684e-08,9.502968367993855,2,362.8880419000052,0.032909821853536414,10,-544.01858886508,-540.49858886508,-516.8935995598796,-545.4388592720073,-537.2259348469263,-529.0130104218454,-512.5871615716833,-556.8022194072719,-531.7824173137471,4.608184728904062,32.851697700324,1.3844738510087766
2.0,1c5ffc21ab4f8afa,ok,regular_sir_full,sir,ude_sir_h2,27,full,0.01,87,11,-290.3468582634028,-580.7752879840644,2.2545083457511052e-07,0.0002348710628533422,4,353.5982600999996,0.0007749302633897059,6,-558.7752879840644,-555.2552879840645,-531.650298678864,-567.2882323558825,-560.7810886901134,-554.2739450243442,-541.259657692806,-574.7352821129875,-554.665141863729,3.0200029355384697,26.0285746630766,0.0815714572588849
2.0,1c5ffc21ab4f8afa,ok,regular_sir_full,sir,ude_sir_h2,28,full,0.01,87,11,-280.5235489828318,-561.1279441534479,1.1182835844110122e-07,0.0003446972108178408,4,343.8652641999943,0.009872074495717698,7,-539.1279441534479,-535.6079441534479,-512.0029548482474,-547.6313562137784,-541.2411350916284,-534.8509139694783,-522.0704717251781,-555.0836693582308,-535.4862134770633,3.0221373976084944,25.56088448860032,0.08084618778420216
2.0,1c5ffc21ab4f8afa,ok,regular_sir_full,sir,ude_sir_h2,29,full,0.01,87,11,-286.0888455859125,-572.7507358372089,2.3461449638825305e-07,1.7450127539847755,0,306.7408621000068,0.03233166971625678,8,-550.7507358372089,-547.230735837209,-523.6257465320085,-556.3722995605186,-548.9439642795345,-541.5156289985503,-526.6589584365819,-565.4158620146707,-542.4643500478883,3.66743691126913,29.713341123936715,0.5730446653838693
2.0,1c5ffc21ab4f8afa,ok,regular_sir_full,sir,ude_sir_h2,30,full,0.01,87,11,-284.84404476243213,-570.8427799386385,3.273662231933178e-07,0.0007998884311446279,2,301.17402540001785,0.040889911951978775,10,-548.8427799386385,-545.3227799386385,-521.7177906334381,-550.8316166994389,-542.9018221166533,-534.9720275338676,-519.1124383682965,-561.8810356718406,-537.9689111937219,4.480872133398979,31.719178331142462,1.154690413774261
2.0,1c5ffc21ab4f8afa,ok,regular_sir_full,sir,ude_sir_h2,31,full,0.01,87,11,-288.90926910412225,-577.882420795524,2.710339834190392e-07,0.002717708265977113,4,260.44061980000697,0.0030404924344225037,5,-555.882420795524,-552.362420795524,-528.7574314903236,-565.0560960133402,-559.0374182322423,-553.0187404511446,-540.9813848889489,-572.1383148079392,-553.7438270838533,2.8720529937924297,24.074711124391186,0.06388258727949273
2.0,1c5ffc21ab4f8afa,ok,regular_sir_full,sir,ude_sir_h2,32,full,0.01,87,11,-287.7013311843964,-575.5310143773831,5.948965915220283e-07,0.0004502211939642396,4,227.58840039998177,0.01945402521386086,6,-553.5310143773831,-550.0110143773832,-526.4060250721827,-561.652034163182,-554.9066589117677,-548.1612836603535,-534.6705331575251,-569.3154900784272,-548.421161363136,3.1077621494779866,26.98150100565684,0.12835200859031043
2.0,1c5ffc21ab4f8afa,ok,regular_sir_full,sir,ude_sir_h2,33,full,0.01,87,11,-279.2146099623205,-559.4619894157122,4.1013968039398075e-07,0.00016146008598465762,1,197.68374129998847,0.06607354572804525,10,-537.4619894157122,-533.9419894157122,-510.3370001105118,-539.2600647094825,-531.2619006246991,-523.2637365399158,-507.267408370349,-550.4148150585668,-526.4365635855074,4.523587178572707,31.99265633913351,1.0327694910712804
2.0,1c5ffc21ab4f8afa,ok,regular_sir_full,sir,ude_sir_h2,34,full,0.01,87,11,-277.1617906202346,-554.5564429327341,1.5482498860868798e-07,0.0058174654037001445,2,192.61468369999784,0.03452022872602356,7,-532.5564429327341,-529.0364429327341,-505.43145362753364,-539.341112252706,-532.299016676997,-525.2569211012878,-511.17272994986973,-547.7424511193011,-526.155198937633,3.406995906716481,28.168382302836257,0.23286169226482656
2.0,1c5ffc21ab4f8afa,ok,regular_sir_full,sir,ude_sir_h2,35,full,0.01,87,11,-279.8665708368732,-559.8045746872322,8.076084841308846e-07,0.00017070913249514586,1,171.5796815000067,0.02119155025559394,6,-537.8045746872322,-534.2845746872322,-510.67958538203175,-546.5035094855942,-540.1684678835677,-533.8334262815412,-521.1633430774881,-553.8478622568631,-534.3929752656403,2.978356215184536,25.340166408106118,0.07143301348567994
2.0,1c5ffc21ab4f8afa,ok,regular_sir_full,sir,ude_sir_h2,36,full,0.01,87,11,-284.44203113433167,-569.1593696588424,6.701731950729736e-07,0.00012908468567771327,1,154.8226716000063,0.02842423402807981,6,-547.1593696588424,-543.6393696588424,-520.034380353642,-553.8378240930651,-546.7223959022944,-539.6069677115236,-525.3761113299821,-562.2978108633188,-540.4223495055803,3.430779397761789,28.46171276308306,0.2753073901790592
2.0,1c5ffc21ab4f8afa,ok,regular_sir_full,sir,ude_sir_h2,37,full,0.01,87,11,-293.4922555479149,-588.3486275633015,6.350794700429772e-08,0.0007544983885162846,4,149.48834079998778,0.005598823613354398,10,-566.3486275633015,-562.8286275633016,-539.2236382581011,-567.6302958021289,-559.4826632458335,-551.335030689538,-535.039765576947,-579.0701868920169,-554.393980870648,4.639220335642361,32.59053022518182,1.36411646747168
2.0,1c5ffc21ab4f8afa,ok,regular_sir_full,sir,ude_sir_h2,38,full,0.01,87,11,-280.1719167257354,-560.4718520915567,3.2619308585412214e-07,0.04643566981384662,0,139.62015350000001,0.0683330616634521,6,-538.4718520915567,-534.9518520915567,-511.34686278635627,-546.2307854922603,-539.4590376286292,-532.687289764998,-519.1437940377357,-554.0941720224976,-533.2568419969462,3.18884003452957,27.086991454524657,0.12801864008583783
2.0,1c5ffc21ab4f8afa,ok,regular_sir_full,sir,ude_sir_h2,39,full,0.01,87,11,-268.131678739909,-537.2455175764818,1.032651683936906e-06,7.5130951899823755,2,150.70152979998966,0.005386844420229409,10,-515.2455175764818,-511.7255175764818,-488.1205282712814,-518.087240472796,-510.2232701086315,-502.35929974446697,-486.63135901613794,-528.665727489149,-504.8074760231599,4.289895043666392,31.455881456658076,0.9821600966637927
2.0,1c5ffc21ab4f8afa,ok,regular_sir_full,sir,ude_sir_h2,40,full,0.01,87,11,-277.40955709488213,-556.3263106373182,1.2771098042906678e-06,0.001075810217701052,0,162.34869199999957,0.5234829235064922,10,-534.3263106373182,-530.8063106373182,-507.2013213321178,-535.5528844420189,-527.3831622773123,-519.2134401126056,-502.8739957831922,-547.0231966262949,-522.1402255309375,4.651557005511696,32.67888865882673,1.5071964475539368
2.0,1c5ffc21ab4f8afa,ok,regular_sir_full,sir,ude_sir_h2,41,full,0.01,87,11,-268.30071103612426,-536.7327093490296,1.4492450641026474e-07,0.0022747001654701325,0,163.8609509000089,0.0008230417765844322,6,-514.7327093490296,-511.21270934902964,-487.6077200438292,-522.4532759482576,-515.6546822688646,-508.85608858947165,-495.25890123068575,-530.3378471971974,-509.4070473546767,3.1974310759160813,27.194374717571822,0.13128727678110488
2.0,1c5ffc21ab4f8afa,ok,regular_sir_full,sir,ude_sir_h2,42,full,0.01,87,11,-271.6245078923217,-543.3558320022998,8.408403620647004e-07,2.1088063763551573e-05,0,166.2762933000049,0.006945627098161822,6,-521.3558320022998,-517.8358320022999,-494.23084269709943,-529.4716402309922,-522.808010254337,-516.1443802776816,-502.8171203243712,-537.1379737739535,-516.5944958780224,3.108929114173185,26.65451990662099,0.10681621765649535
2.0,1c5ffc21ab4f8afa,ok,regular_sir_full,sir,ude_sir_h2,43,full,0.01,87,11,-271.26374455748885,-544.0114074081661,3.7356124622818085e-08,0.00022801901333882095,2,171.7831938000163,0.06999529111635638,10,-522.0114074081661,-518.4914074081661,-494.88641810296565,-523.9806152548683,-516.1263414247887,-508.27206759470903,-492.5635199345498,-535.0408725825046,-511.11039379465916,4.4852674128307735,31.417095320318555,1.4839182931884094
2.0,1c5ffc21ab4f8afa,ok,regular_sir_full,sir,ude_sir_h2,44,full,0.01,87,11,-269.27231864650975,-538.60946224602,2.5264368543203317e-09,0.011047449662089717,0,189.9100907999964,0.012499241478565182,5,-516.60946224602,-513.08946224602,-489.4844729408196,-525.6473025152308,-519.5633846980742,-513.4794668809176,-501.3116312466045,-532.8045243089206,-514.2089660243932,2.9024689685497282,24.335671268626253,0.06482495300059553
2.0,1c5ffc21ab4f8afa,ok,regular_sir_full,sir,ude_sir_h2,45,full,0.01,87,11,-289.8476528274056,-581.3833403466905,1.3067919419857814e-06,0.09820897611129781,0,185.59020590002183,0.08884085180676493,8,-559.3833403466905,-555.8633403466905,-532.2583510414901,-564.1485886136492,-556.1598358272904,-548.1710830409316,-532.193577468214,-573.6649765670821,-547.7402945093761,3.8591818898041965,31.955011145435112,1.688034691879197
2.0,1c5ffc21ab4f8afa,ok,regular_sir_full,sir,ude_sir_h2,46,full,0.01,87,11,-270.5312025399609,-541.3769418452625,3.7262709420805884e-07,0.6444935321557019,0,204.3647037000046,0.5314310422429003,7,-519.3769418452625,-515.8569418452626,-492.2519525400621,-525.7591998139981,-518.6432698841411,-511.52733995428423,-497.2954800945704,-534.3827352398793,-512.5986853604941,3.4971033026916634,28.4637197194277,0.31453676534074415
2.0,1c5ffc21ab4f8afa,ok,regular_sir_full,sir,ude_sir_h2,47,full,0.01,87,11,-283.03771117447764,-566.2559478051047,2.6610390880893636e-06,0.00042873141305321903,0,195.6613328999956,0.004043676784192485,6,-544.2559478051047,-540.7359478051047,-517.1309584999043,-551.4675474242708,-544.5390183590791,-537.6104892938874,-523.7534311635042,-559.6331512817902,-538.3613060881886,3.311398261657264,27.714116260766726,0.18052545614938484
2.0,1c5ffc21ab4f8afa,ok,regular_sir_full,sir,ude_sir_h2,48,full,0.01,87,11,-275.6814972625382,-551.5691493352765,7.842779923550527e-07,0.08328641618578937,0,208.2854710999818,0.0008651395659740047,8,-529.5691493352765,-526.0491493352765,-502.4441600300761,-536.553957666773,-529.587689748171,-522.621421829569,-508.68888599236504,-544.8447872259069,-523.4979228506684,3.3621810546847994,27.865071674408014,0.20615481020017457
2.0,1c5ffc21ab4f8afa,ok,regular_sir_full,sir,ude_sir_h2,49,full,0.01,87,11,-284.59617303467735,-569.2662101577658,1.8915290038358962e-07,0.002597350249911759,0,201.8560977000161,0.038714924692555996,6,-547.2662101577658,-543.7462101577659,-520.1412208525654,-555.837805620423,-549.4561747188197,-543.0745438172165,-530.31128201401,-563.2524704297804,-543.6658224629417,3.0068698639927245,25.526523606412965,0.07386408841109254
2.0,1c5ffc21ab4f8afa,ok,regular_sir_full,sir,ude_sir_h2,50,full,0.01,87,11,-275.6475053142098,-551.581712085004,1.935796474776599e-08,0.366746392705074,1,198.1874233999988,0.0015649871795631043,8,-529.581712085004,-526.061712085004,-502.4567227798036,-536.0157201521572,-528.8697203669404,-521.7237205817237,-507.43172101129005,-544.6106811012603,-522.7110114875525,3.485515491871862,28.583999140867125,0.2867014565844293
2.0,1c5ffc21ab4f8afa,ok,regular_sir_full,sir,ude_sir_h2,51,full,0.01,87,11,-283.21157839313474,-568.0960052190858,2.225910338494374e-06,0.5452390177728355,2,197.25011699998868,0.04656432676154054,8,-546.0960052190858,-542.5760052190858,-518.9710159138854,-550.8547859316212,-542.8734499637609,-534.8921139959006,-518.9294420601798,-560.3747450277057,-534.497812914828,3.860630095690071,31.9253438714414,1.672848432816274
2.0,1c5ffc21ab4f8afa,ok,regular_sir_full,sir,ude_sir_h2,52,full,0.01,87,11,-273.99655391011754,-548.0832626768181,4.415632548427948e-07,0.00018375129894844633,4,190.0534429999825,0.053366068578839077,6,-526.0832626768181,-522.5632626768181,-498.9582733716177,-534.4362089182446,-527.8224158935603,-521.2086228688761,-507.9810368195076,-541.9716036834016,-521.5379357214981,3.0558294967082418,26.45517209873695,0.09015485658299421
2.0,1c5ffc21ab4f8afa,ok,regular_sir_full,sir,ude_sir_h2,53,full,0.01,87,11,-278.6792573939107,-560.6192918176744,6.855243914462482e-07,0.00011896842410592177,2,198.16978039999958,0.9859739343380625,10,-538.6192918176744,-535.0992918176744,-511.49430251247395,-538.2000108569891,-529.6397247568625,-521.079438656736,-503.9588664564828,-550.5791027385317,-523.1173703873151,5.020094539571355,34.24114440050634,3.2607770298529855
2.0,1c5ffc21ab4f8afa,ok,regular_sir_full,sir,ude_sir_h2,54,full,0.01,87,11,-271.1639385395033,-542.4491520191896,1.6343998421347865e-06,6.973396458426328e-05,2,190.24180970000452,0.0030306292063642104,6,-520.4491520191896,-516.9291520191896,-493.32416271398915,-528.4038164315059,-521.623629347101,-514.8434422626962,-501.2830680938864,-536.1591275876458,-515.2071287413871,3.1450122157719096,27.1207483376195,0.12127494018300167
2.0,1c5ffc21ab4f8afa,ok,regular_sir_full,sir,ude_sir_h2,55,full,0.01,87,11,-283.58021597580046,-568.2420918030602,8.924489028305887e-07,0.0011061858202463858,4,197.3663196999987,0.037818632597975466,10,-546.2420918030602,-542.7220918030603,-519.1171024978598,-549.4767738661487,-541.8765751008563,-534.2763763355638,-519.0759788049787,-559.8382834674043,-536.7596368904309,4.201904167827976,30.400795061169976,1.081659851459376
2.0,1c5ffc21ab4f8afa,ok,regular_sir_full,sir,ude_sir_h2,56,full,0.01,87,11,-284.7880483930698,-569.7469397352361,4.4981194654570044e-07,0.1368627767126957,2,195.43643359999987,0.04413818197895125,7,-547.7469397352361,-544.2269397352361,-520.6219504300357,-555.0115988666698,-548.1314187378243,-541.2512386089787,-527.4908783512877,-563.1479052378558,-542.0553762707575,3.299517248690157,27.520720515382138,0.17084294909649467
2.0,1c5ffc21ab4f8afa,ok,regular_sir_full,sir,ude_sir_h2,57,full,0.01,87,11,-278.5236095941686,-559.2246467154156,3.862051018613702e-06,0.0004290901032845173,0,194.80714420002187,0.5160479062695345,10,-537.2246467154156,-533.7046467154156,-510.0996574102152,-537.9543859703037,-529.5853394847037,-521.2162929991038,-504.47820002790365,-549.6990316870797,-523.5710332459371,4.762807514167971,33.476185942400065,2.1774275270784407
2.0,1c5ffc21ab4f8afa,ok,regular_sir_full,sir,ude_sir_h2,58,full,0.01,87,11,-273.8327053000923,-549.753659375227,9.944118851116887e-07,0.00011604301145131189,3,193.31888219999382,0.5233718311108646,10,-527.753659375227,-524.233659375227,-500.6286700700266,-528.5643620879923,-520.3754120126096,-512.1864619372267,-495.8085617864611,-540.2643027990249,-514.9096102986534,4.744678288101056,32.75580030153121,2.08824877504243
2.0,1c5ffc21ab4f8afa,ok,regular_sir_full,sir,ude_sir_h2,59,full,0.01,87,11,-280.00668722587665,-560.5163060625613,4.8474726553513916e-08,0.003309344174874939,0,198.72473940000054,0.07717134951542448,8,-538.5163060625613,-534.9963060625613,-511.39131675736087,-544.218702072621,-536.8027467648707,-529.3867914571202,-514.5548808416195,-553.2176319488403,-530.3495532207518,3.64933705686049,29.663821231001474,0.5029316108080052
2.0,1c5ffc21ab4f8afa,ok,regular_sir_full,sir,ude_sir_h2,60,full,0.01,87,11,-268.9921142188811,-538.3662129535749,9.441484786614406e-08,0.2858881863313633,1,201.81984260000172,0.06078763461425751,7,-516.3662129535749,-512.8462129535749,-489.24122364837444,-522.4331526107077,-515.1735821544635,-507.9140116982194,-493.39487078573103,-531.230795063398,-508.9459466127856,3.5677089450884685,29.038281824976625,0.3819845158125791
2.0,1c5ffc21ab4f8afa,ok,regular_sir_full,sir,ude_sir_h2,61,full,0.01,87,11,-273.72841787056734,-548.2571090395843,3.9031786198182044e-07,0.09181173184316062,3,201.28909500001464,0.017940959389363798,8,-526.2571090395843,-522.7371090395843,-499.1321197343839,-531.5317209398589,-523.9604912334403,-516.3892615270216,-501.24680211418433,-540.7668572675599,-517.1719169154601,3.745125886012218,30.284918825674588,0.800273298449561
2.0,1c5ffc21ab4f8afa,ok,regular_sir_full,sir,ude_sir_h2,62,full,0.01,87,11,-281.693490999913,-565.4070568248388,2.459731508831328e-07,0.09682174221003223,4,202.87899080000352,0.08451250753358863,9,-543.4070568248388,-539.8870568248389,-516.2820675196384,-548.0564651559615,-539.9851787946916,-531.9138924334217,-515.7713197108818,-557.6368156072007,-531.1018365547463,3.88512060881907,32.285145445079756,2.0200748250127702
2.0,1c5ffc21ab4f8afa,ok,regular_sir_full,sir,ude_sir_h2,63,full,0.01,87,11,-279.2511686769628,-559.5755402115676,1.5478654841271082e-07,0.0001446243079409559,3,188.32847510001739,0.22561824857939428,10,-537.5755402115676,-534.0555402115676,-510.4505509063672,-540.1456572732853,-532.3759736205682,-524.6062899678511,-509.06692266241686,-550.8741149148306,-527.4236027430571,4.350712648368553,31.078734610868477,1.073202857642103
2.0,1c5ffc21ab4f8afa,ok,regular_sir_full,sir,ude_sir_h2,64,full,0.01,87,11,-285.8817319124254,-571.879555265756,4.007141939936694e-07,0.2893657211734079,0,195.94348580000224,0.04124839943733605,7,-549.879555265756,-546.3595552657561,-522.7545659605556,-557.7427399032997,-551.0813182936415,-544.4198966839833,-531.0970534646668,-565.5485627836647,-545.1177773862179,3.165496241045647,26.645686438632865,0.11609144090531376
2.0,1c5ffc21ab4f8afa,ok,regular_sir_full,sir,ude_sir_h2,65,full,0.01,87,11,-282.5170366484472,-565.8736629442672,3.9586818828393005e-07,0.03055111129980382,3,195.6494978000119,0.32935331570303106,7,-543.8736629442672,-540.3536629442672,-516.7486736390667,-549.0692241114941,-541.4059770115364,-533.7427299115785,-518.416235711663,-558.348009309532,-534.3810848970633,3.7628268173675727,30.652988399831113,0.8395896473728325
2.0,1c5ffc21ab4f8afa,ok,regular_sir_full,sir,ude_sir_h2,66,full,0.01,87,11,-265.6936894099126,-532.1849538934704,8.83824833348185e-07,0.06246198659766418,1,199.0335350999958,0.08214167752436197,7,-510.1849538934704,-506.6649538934704,-483.05996458826996,-515.4760342542708,-507.91637662757523,-500.35671900087976,-485.2374037474887,-524.7020773114805,-501.1487483130432,3.741438290994971,30.238630506782034,0.7975750736451301
2.0,1c5ffc21ab4f8afa,ok,regular_sir_full,sir,ude_sir_h2,67,full,0.01,87,11,-275.1680588241459,-550.4154437439086,1.4911392616369538e-06,0.0039497558795635315,0,201.02935929998057,0.017196044624597562,6,-528.4154437439086,-524.8954437439086,-501.29045443870814,-536.9609126374452,-530.5070171404062,-524.0531216433674,-511.1453306492895,-544.3900035651184,-524.5205356601361,3.012720089395106,25.815581988155657,0.07932609561678453
2.0,1c5ffc21ab4f8afa,ok,regular_sir_full,sir,ude_sir_h2,68,full,0.01,87,11,-274.55583126506014,-549.5363738934984,9.25368992247209e-08,0.41621024748101565,2,212.18357130000368,0.04402674447811705,9,-527.5363738934984,-524.0163738934984,-500.411384588298,-533.4562000604496,-526.1713366685452,-518.8864732766408,-504.31674649283184,-542.3350731027901,-519.9722089625025,3.6006503953541125,29.13945356761779,0.4247113633781152
2.0,1c5ffc21ab4f8afa,ok,regular_sir_full,sir,ude_sir_h2,69,full,0.01,87,11,-288.5116527793821,-578.7573306136601,1.783155515255903e-06,0.7910526751099459,2,217.53333259999636,0.3873511885955736,10,-556.7573306136601,-553.2373306136601,-529.6323413084597,-559.218373196224,-551.1328234591576,-543.0472737220913,-526.8761742479585,-570.0070577023927,-544.6811066104987,4.3751364556336885,32.34219894826545,1.7340250548959844
2.0,1c5ffc21ab4f8afa,ok,regular_sir_full,sir,ude_sir_h2,70,full,0.01,87,11,-278.5937585683795,-557.5169715072201,1.4777353659341481e-07,0.025099016402735,3,213.9985433999973,0.000359567348255041,9,-535.5169715072201,-531.9969715072201,-508.3919822020197,-541.7695407622177,-534.5574649559944,-527.345389149771,-512.9212375373243,-550.4646854652285,-528.3392139118655,3.526143020995805,28.84830322489345,0.3294543704611188
2.0,1c5ffc21ab4f8afa,ok,regular_sir_full,sir,ude_sir_h2,71,full,0.01,87,11,-283.68886686964447,-567.4428873615826,2.7246915547870555e-07,0.0001732820090927013,0,212.7033694999991,0.04435778794839962,6,-545.4428873615826,-541.9228873615826,-518.3178980563822,-554.2353859992968,-547.9859857421376,-541.7365854849784,-529.23778497066,-561.5280763035062,-542.3801327106521,2.9574055290382333,24.99760102863686,0.06515362229372615
2.0,1c5ffc21ab4f8afa,ok,regular_sir_full,sir,ude_sir_h2,72,full,0.01,87,11,-286.8344309831692,-573.7728987086392,2.122232531963656e-06,0.0005097376034509333,0,214.02985980000813,0.12323370598534211,6,-551.7728987086392,-548.2528987086392,-524.6479094034388,-560.0856964485366,-553.4071072297928,-546.7285180110489,-533.3713395735613,-567.6432597208017,-546.9545050913631,3.0648194939187587,26.71435687497535,0.10403674230079894
2.0,1c5ffc21ab4f8afa,ok,regular_sir_full,sir,ude_sir_h2,73,full,0.01,87,11,-287.0673201014528,-574.1937667813555,1.6716313598618805e-06,0.00037168596612913765,3,206.3098488000105,0.01165827787588114,4,-552.1937667813555,-548.6737667813555,-525.0687774761551,-565.2458230952416,-559.7243904875481,-554.2029578798547,-543.1600926644679,-570.1865443090716,-552.048909772132,2.003611236141976,22.085730430773687,0.059126578449872055
2.0,1c5ffc21ab4f8afa,ok,regular_sir_full,sir,ude_sir_h2,74,full,0.01,87,11,-285.33116583714127,-570.7413864351864,1.0580497462094903e-07,4.723560165157558e-05,0,195.81854560002103,0.0010850639135924212,6,-548.7413864351864,-545.2213864351864,-521.616397129986,-557.2550041918305,-550.7631579598517,-544.271311727873,-531.2876192639155,-564.7016821309165,-544.6949467463676,3.0198521521349333,25.96738492791498,0.07905476090386679
2.0,1c5ffc21ab4f8afa,ok,regular_sir_full,sir,ude_sir_h2,75,full,0.01,87,11,-270.04729790673014,-541.710083852777,6.72246893329107e-07,0.00013842325519733135,4,196.98633789998712,0.1913381759142112,10,-519.710083852777,-516.190083852777,-492.58509454757655,-521.7992689045866,-514.0117915297562,-506.2243141549258,-490.64935940526505,-532.7932792884284,-508.9446863141387,4.458402282174313,31.14990949932154,1.6154880393167392
2.0,1c5ffc21ab4f8afa,ok,regular_sir_full,sir,ude_sir_h2,76,full,0.01,87,11,-276.98439296243583,-554.526572660397,2.221575616744394e-08,0.24398668927189113,3,197.71814009998343,0.0979363661321031,8,-532.526572660397,-529.0065726603971,-505.40158335519664,-538.1408942703977,-530.7272400247832,-523.3135857791688,-508.4862772879398,-547.1884555497675,-524.3141689424139,3.669058555314783,29.65461698245786,0.5577867355253723
2.0,1c5ffc21ab4f8afa,ok,regular_sir_full,sir,ude_sir_h2,77,full,0.01,87,11,-274.98914276734996,-551.3145235888251,1.3313609395098978e-07,0.00013855249247488472,3,194.35965930001112,0.14777581982559695,10,-529.3145235888251,-525.7945235888251,-502.18953428362465,-531.5860565152142,-523.8054454265002,-516.0248343377863,-500.46361216035837,-542.4793811947383,-518.8558411798441,4.417571197043422,31.122444354855816,1.336238054125182
2.0,1c5ffc21ab4f8afa,ok,regular_sir_full,sir,ude_sir_h2,78,full,0.01,87,11,-286.8579368873536,-573.7802871730586,3.0473348228517596e-07,0.00025214367960481494,0,192.65666780000902,0.009151337360776779,5,-551.7802871730586,-548.2602871730586,-524.6552978678582,-561.6542799065509,-555.8249017455037,-549.9955235844564,-538.336767262362,-568.349809454157,-550.3983611305183,2.7152388594507904,23.317512644188948,0.06441339835133407
2.0,1c5ffc21ab4f8afa,ok,regular_sir_full,sir,ude_sir_h2,79,full,0.01,87,11,-286.27467755936783,-572.6890501909172,3.979879591482402e-07,0.11126547463004888,2,201.3478045000229,0.007133878551883299,7,-550.6890501909172,-547.1690501909172,-523.5640608857168,-558.4254957343129,-551.6241039168232,-544.8227120993336,-531.2199284643542,-566.3012992217363,-545.343787848777,3.1938754845904525,27.205567269958706,0.1396950721816021
