schema_version,protocol_hash,status,study,domain,truth,candidate,seed,n_observations,dimension,objective,deviance,gradient_norm,best_start,second_best_objective_gap,wall_seconds,jacobian_rank,aic,aicc,bic,gic_eff,gic_vol_025,gic_vol_050,gic_vol_100,ogic_p,ogic_e,d_obs,c_obs,prior_energy
2.0,4ae7791832105e8d,ok,biochemical_haldane,biochemical,haldane,haldane,0,25,3,-83.2062885978964,-166.67101344770106,0.0002633732961438291,3,1.2432498408543324e-07,52.653959600000235,3,-160.67101344770106,-159.52815630484392,-157.01438597309647,-157.93254901347234,-153.34241218779192,-148.7522753621115,-139.57200171075067,-161.24150022030807,-148.05202989307114,2.7147566136964967,18.360547302721677,0.25843625190825603
2.0,4ae7791832105e8d,ok,biochemical_haldane,biochemical,haldane,haldane,1,25,3,-81.00311452050929,-162.02012518022204,0.0003815036942564787,4,2.092355799732104e-07,55.72947430000204,3,-156.02012518022204,-154.8772680373649,-152.36349770561745,-153.10854898654065,-148.52845822791383,-143.948367469287,-134.78818595203333,-156.48305156909802,-143.68586600651125,2.7685368055620105,18.320363034507317,0.013896139203462244
2.0,4ae7791832105e8d,ok,biochemical_haldane,biochemical,haldane,haldane,2,25,3,-82.79962623070404,-165.63104709819277,1.9644375024846576e-05,4,6.150884246380883e-10,53.10676539999986,3,-159.63104709819277,-158.48818995533563,-155.97441962358818,-156.77081937888175,-152.17410124779528,-147.57738311670883,-138.38394685453588,-160.12587808803139,-147.2123799370622,2.7525845050806854,18.386872524345872,0.031794636784695976
2.0,4ae7791832105e8d,ok,biochemical_haldane,biochemical,haldane,haldane,3,25,3,-86.86002288969522,-174.0899160458797,0.0013320780230138666,3,1.1402728574694265e-06,91.3753177000035,3,-168.0899160458797,-166.94705890302257,-164.4332885712751,-165.37036301178998,-160.77009306704383,-156.1698231222977,-146.96928323280537,-168.6721531320545,-155.31896600040585,2.708881456912604,18.401079778984595,0.36987026648926186
2.0,4ae7791832105e8d,ok,biochemical_haldane,biochemical,haldane,haldane,4,25,3,-81.98996983570929,-163.99182526408396,7.210118126638064e-05,2,7.438245575031033e-10,78.17980469999748,3,-157.99182526408396,-156.84896812122682,-154.33519778947937,-155.10535070499105,-150.53412574754603,-145.962900790101,-136.82045087521098,-158.47034817544431,-145.6950398416385,2.7607385443198234,18.28489982978008,0.011885592665369149
2.0,4ae7791832105e8d,ok,biochemical_haldane,biochemical,haldane,haldane,5,25,3,-80.94882349168219,-162.25957640373056,0.000405738241694484,0,6.31033003628545e-10,88.71439120000286,3,-156.25957640373056,-155.11671926087342,-152.60294892912597,-153.55957487045447,-148.9767955292429,-144.39401618803132,-135.22845750560816,-156.85396152038393,-143.56652961851808,2.7028074416733148,18.331117364846296,0.36192942036616904
2.0,4ae7791832105e8d,ok,biochemical_haldane,biochemical,haldane,haldane,6,25,3,-80.32833423050636,-161.75635363545754,0.00029864882879077195,4,1.2157141782154213e-07,79.45175749999908,3,-155.75635363545754,-154.6134964926004,-152.09972616085295,-153.2368640050804,-148.64972541694576,-144.06258682881113,-134.88830965254184,-156.4628971034859,-142.30811410847414,2.646728265985833,18.348554352538564,1.0996851744448435
2.0,4ae7791832105e8d,ok,biochemical_haldane,biochemical,haldane,haldane,7,25,3,-85.60927249728483,-171.30495115097486,7.073972259678594e-05,1,9.480913831794169e-10,83.61063950000243,3,-165.30495115097486,-164.16209400811772,-161.64832367637027,-162.5026035021952,-157.91807410734344,-153.3335447124917,-144.16448592278817,-165.8357450506494,-152.88042741516264,2.734603050162735,18.338117579407026,0.08640615640517715
2.0,4ae7791832105e8d,ok,biochemical_haldane,biochemical,haldane,haldane,8,25,3,-77.67711108698494,-155.46638384931168,0.0004239141650459062,0,1.6275815539756877e-07,81.13542449999659,3,-149.46638384931168,-148.32352670645454,-145.8097563747071,-146.64535186850165,-142.04192324926652,-137.43849463003139,-128.23163739156112,-149.98556852076683,-136.94050769702935,2.740407664272422,18.413714476940527,0.11216167534181062
2.0,4ae7791832105e8d,ok,biochemical_haldane,biochemical,haldane,haldane,9,25,3,-80.32856110025772,-160.85338383395376,1.218674034007789e-05,2,8.657183798277401e-06,80.7559481999997,3,-154.85338383395376,-153.71052669109662,-151.19675635934917,-151.93705248119423,-147.39751683882744,-142.85798119646068,-133.7789099117271,-155.3133556763751,-142.49897963104831,2.7700140787893255,18.158142569467103,0.19626163343832484
2.0,4ae7791832105e8d,ok,biochemical_haldane,biochemical,haldane,haldane,10,25,3,-83.47960910992875,-166.99793368993952,8.099342367218677e-05,3,1.046739724586132e-05,82.287462100001,3,-160.99793368993952,-159.85507654708238,-157.34130621533492,-158.17137369284876,-153.590673326007,-149.00997295916522,-139.8485722254817,-161.51368361176065,-148.63641675249042,2.7421250390894323,18.32280146736707,0.03871547008203011
2.0,4ae7791832105e8d,ok,biochemical_haldane,biochemical,haldane,haldane,11,25,3,-77.79111028162025,-156.86176422242187,2.1116829055356636e-05,2,3.8610679098383116e-08,80.54596960000345,3,-150.86176422242187,-149.71890707956473,-147.20513674781728,-148.010739942431,-143.56968062647564,-139.12862131052026,-130.24650267860955,-151.3623136306282,-137.81798329941904,2.7497252958968343,17.76423726382147,1.2795436591813754
2.0,4ae7791832105e8d,ok,biochemical_haldane,biochemical,haldane,haldane,12,25,3,-79.33973432386664,-158.80892205624087,9.963482193581726e-06,4,1.010647565635736e-09,80.94437029999972,3,-152.80892205624087,-151.66606491338374,-149.15229458163628,-149.8889544585289,-145.3353995074635,-140.7818445563981,-131.67473465426733,-153.26663457264266,-140.4652488434717,2.77114374179911,18.21421980426158,0.12945340850760123
2.0,4ae7791832105e8d,ok,biochemical_haldane,biochemical,haldane,haldane,13,25,3,-80.63702632311494,-161.54330243848926,0.00038907985491201896,2,5.826974671663265e-07,79.47619879999547,3,-155.54330243848926,-154.40044529563212,-151.88667496388467,-152.77859036126986,-148.1723149655783,-143.56603956988675,-134.35348877850362,-156.0974806335563,-142.84895106346363,2.7229109024664786,18.425101582766246,0.2692497922593951
2.0,4ae7791832105e8d,ok,biochemical_haldane,biochemical,haldane,haldane,14,25,3,-84.62519170491692,-169.4080082403147,8.356547925308575e-06,3,1.9451249499979895e-08,81.53596079999988,3,-163.4080082403147,-162.26515109745756,-159.7513807657101,-160.49456030938288,-155.9518021236999,-151.40904393801696,-142.32352756665102,-163.86977165344868,-151.079350667102,2.7691182934330163,18.17103274273184,0.15762483048085607
2.0,4ae7791832105e8d,ok,biochemical_haldane,biochemical,haldane,haldane,15,25,3,-74.6392516381594,-149.28504332403995,4.041674173499318e-05,1,1.254818471352337e-11,77.82761340000434,3,-143.28504332403995,-142.1421861811828,-139.62841584943536,-140.40043016313075,-135.81395305787254,-131.2274759526143,-122.05452174209785,-143.76472278711896,-130.93259485528588,2.7601602684604907,18.345908421032902,0.006540047721173099
2.0,4ae7791832105e8d,ok,biochemical_haldane,biochemical,haldane,haldane,16,25,3,-83.24666756697968,-166.60442776775744,2.5180394943245733e-05,4,5.900453317053689e-07,81.04402560000017,3,-160.60442776775744,-159.4615706249003,-156.94780029315285,-157.81053150502024,-153.22215078865426,-148.6337700722883,-139.45700863955636,-161.14047280882562,-148.1398122684955,2.7319774794659155,18.353522865463873,0.11109263379807141
2.0,4ae7791832105e8d,ok,biochemical_haldane,biochemical,haldane,haldane,17,25,3,-77.77732140187163,-155.76594359821337,8.115024642174227e-05,3,1.439990597873475e-07,78.11369280000508,3,-149.76594359821337,-148.62308645535623,-146.10931612360878,-146.8035632369095,-142.2456071627317,-137.6876510885539,-128.57173894019832,-150.1973035829243,-137.32281850703208,2.7843200076445447,18.23182429671118,0.21130079447010472
2.0,4ae7791832105e8d,ok,biochemical_haldane,biochemical,haldane,haldane,18,25,3,-84.66774588865732,-170.34757177346026,3.2261244745567706e-05,1,8.399529889402402e-07,81.25533969999378,3,-164.34757177346026,-163.20471463060312,-160.69094429885567,-161.4091362582355,-156.93405029599035,-152.45896433374517,-143.50879240925485,-164.79380952754275,-151.435147928334,2.77688112295875,17.900343848980633,1.0120799961456042
2.0,4ae7791832105e8d,ok,biochemical_haldane,biochemical,haldane,haldane,19,25,3,-75.73794684195389,-152.04936977483354,3.8962258848749825e-05,0,1.5185008805929101e-09,81.09268020000309,3,-146.04936977483354,-144.9065126319764,-142.39274230022895,-143.10274181372577,-138.5927053709243,-134.08266892812284,-125.06259604251993,-146.49051727608946,-133.4357479127019,2.7794262493720394,18.040145771205843,0.5734760909257595
2.0,4ae7791832105e8d,ok,biochemical_haldane,biochemical,haldane,haldane,20,25,3,-75.9745003217082,-152.2993749782663,0.0002984013709467879,0,5.575399654844659e-06,81.86472030000004,3,-146.2993749782663,-145.15651783540915,-142.6427475036617,-143.57648714273395,-138.9779368191508,-134.3793864955677,-125.18228584840143,-146.87954003580498,-133.55479934908388,2.7099174712306575,18.39420129433252,0.35037433484988784
2.0,4ae7791832105e8d,ok,biochemical_haldane,biochemical,haldane,haldane,21,25,3,-83.73719854413008,-167.63228279310948,0.0003276936857778667,1,1.176800878965878e-10,87.5200721000001,3,-161.63228279310948,-160.48942565025234,-157.9756553185049,-158.8278758838619,-154.22078276236132,-149.6136896408607,-140.39950339785955,-162.16179720231597,-149.0460246022578,2.7352427953967644,18.42837248600237,0.15788570484931083
2.0,4ae7791832105e8d,ok,biochemical_haldane,biochemical,haldane,haldane,22,25,3,-83.33439767497788,-167.00004337093895,0.00039697214171505814,0,4.483879934014112e-09,82.20525359999738,3,-161.00004337093895,-159.85718622808182,-157.34341589633436,-158.06849269050775,-153.53683192306391,-149.00517115562005,-139.94184962073234,-161.45055891339737,-148.54215228018035,2.774742228770786,18.12664306977541,0.3312480209832038
2.0,4ae7791832105e8d,ok,biochemical_haldane,biochemical,haldane,haldane,23,25,3,-84.18572238578074,-168.40099527593836,0.00028992816898918615,3,4.211190685055044e-08,95.77382680000301,3,-162.40099527593836,-161.25813813308122,-158.74436780133377,-159.47048348735444,-154.88228946915632,-150.29409545095822,-141.117707414562,-162.85215631819472,-150.01866869876903,2.7744194788718146,18.35277607279244,0.02955050437687729
2.0,4ae7791832105e8d,ok,biochemical_haldane,biochemical,haldane,haldane,24,25,3,-83.52429447337416,-167.0486997678899,0.00041747415549075936,0,2.5153212845907547e-11,84.30878749999829,3,-161.0486997678899,-159.90584262503276,-157.3920722932853,-158.16791407118106,-153.5853431673057,-149.00277226343033,-139.8376304556796,-161.53075736818738,-148.71830533124685,2.758971199851261,18.330283615501468,0.00011082114157875766
2.0,4ae7791832105e8d,ok,biochemical_haldane,biochemical,haldane,haldane,25,25,3,-82.05144707843387,-164.13578509591042,0.0001894724562904197,2,2.69366751126654e-10,77.70859670000209,3,-158.13578509591042,-156.99292795305328,-154.47915762130583,-155.2258127685996,-150.65451001205426,-146.0832072555089,-136.94060174241824,-158.59970802299281,-145.81768313068636,2.768038536458806,18.285211026181376,0.03289093904267644
2.0,4ae7791832105e8d,ok,biochemical_haldane,biochemical,haldane,haldane,26,25,3,-84.82208059386394,-170.0766309729269,8.599915340953944e-06,1,4.3815390426971135e-08,80.71185900000273,3,-164.0766309729269,-162.93377383006975,-160.4200034983223,-161.38466304516982,-156.78965241869193,-152.19464179221404,-143.0046205392583,-164.6760076493397,-151.26411868181637,2.7003116617935925,18.38004250591152,0.4324697851989907
2.0,4ae7791832105e8d,ok,biochemical_haldane,biochemical,haldane,haldane,27,25,3,-80.26025477085165,-160.53574213613402,0.0003809262544604851,2,1.7614620162476058e-07,73.8311304999952,3,-154.53574213613402,-153.39288499327688,-150.87911466152943,-151.62213603345396,-147.041425556964,-142.46071508047402,-133.2992941274941,-154.99740727163515,-142.19766763574344,2.7691674322494375,18.32284190595985,0.015232594430733257
2.0,4ae7791832105e8d,ok,biochemical_haldane,biochemical,haldane,haldane,28,25,3,-74.64842792669924,-149.5197793735599,0.00013950142811015656,2,1.8895519815487205e-08,39.4827598999982,3,-143.5197793735599,-142.37692223070277,-139.86315189895532,-140.74602029099518,-136.14402167531725,-131.54202305963935,-122.33802582828352,-144.06833634815277,-130.88886139068683,2.7257215127035788,18.40799446271166,0.22292352016142902
2.0,4ae7791832105e8d,ok,biochemical_haldane,biochemical,haldane,haldane,29,25,3,-80.67400637914417,-161.62340903478582,3.299877858567044e-05,2,2.5623592136980733e-10,36.55445499999769,3,-155.62340903478582,-154.48055189192868,-151.96678156018123,-152.69220324810408,-148.15636534278266,-143.62052743746122,-134.5488516268184,-156.0741388717795,-143.20466113700266,2.77463508150316,18.143351621285696,0.2753962764974731
2.0,4ae7791832105e8d,ok,biochemical_haldane,biochemical,haldane,mm,0,25,2,27.99401908570451,38.87499073302496,56.333247759892515,3,0.00023918888040341812,49.7356726999933,2,42.87499073302496,43.420445278479505,45.31274238276136,44.27939310211681,47.37275785110269,50.46612260008856,56.65285209806031,42.232934725358454,68.36149716735252,1.6789719961667493,12.373458995943494,17.113047438384065
2.0,4ae7791832105e8d,ok,biochemical_haldane,biochemical,haldane,mm,1,25,2,0.8318009282920675,-13.715013282040587,60.63919868110527,2,5.948787832110725e-06,42.70964380000078,2,-9.715013282040587,-9.169558736586042,-7.277261632304186,-8.147094758014124,-5.023851861217928,-1.9006089644217328,4.345876829170658,-10.255470990281355,14.156573443768917,1.7297711458796163,12.492971587184782,15.378615138624722
2.0,4ae7791832105e8d,ok,biochemical_haldane,biochemical,haldane,mm,2,25,2,-2.120849469870169,-20.649280703953934,130.2861604885283,3,0.0003895771171738005,45.54954779999389,2,-16.649280703953934,-16.103826158499388,-14.211529054217532,-15.172616533436155,-12.066390128782928,-8.9601637241297,-2.747710914823246,-17.2464379299603,8.18320667887257,1.7014213869968176,12.42490561861291,16.407581764213596
2.0,4ae7791832105e8d,ok,biochemical_haldane,biochemical,haldane,mm,3,25,2,8.5901639808169,0.30475478283349844,200.00602285222107,0,0.029915119771720455,47.19071179999446,2,4.304754782833498,4.850209328288043,6.7425064325699,5.734308256414227,8.832081108034984,11.929853959655741,18.12539966289725,3.678326035028694,29.57141936811683,1.6867856260975977,12.391091406483026,16.875573178800302
2.0,4ae7791832105e8d,ok,biochemical_haldane,biochemical,haldane,mm,4,25,2,12.57749496980535,9.40208423998672,107.36070742840162,3,1.664701369463728e-05,69.18481310000061,2,13.40208423998672,13.947538785441266,15.839835889723123,14.04444703109424,16.963594658045203,19.882742284996166,25.72103753889809,12.28654642100149,36.83158044741455,1.4422310905073839,11.676590507803851,15.752905699623982
2.0,4ae7791832105e8d,ok,biochemical_haldane,biochemical,haldane,mm,5,25,2,32.84774265364902,48.85616885361415,3.5779779569520954e-05,3,1.0670930805645185e-10,63.74630969999998,2,52.85616885361415,53.4016233990687,55.29392050335055,53.60165117594985,56.53537426603446,59.46909735611907,65.33654353628829,51.8047028018164,77.43037766763649,1.4742669741011223,11.734892360338446,16.839316453683896
2.0,4ae7791832105e8d,ok,biochemical_haldane,biochemical,haldane,mm,6,25,2,29.21941964432344,43.51727486942636,204.40652071977954,1,6.803816444644895e-05,67.86528730000282,2,47.51727486942636,48.062729414880906,49.95502651916276,49.11989535283234,52.24974300095288,55.37959064907342,61.639285945314505,46.99837870084575,70.95822988112906,1.7405519157096965,12.51939059248217,14.921564419220521
2.0,4ae7791832105e8d,ok,biochemical_haldane,biochemical,haldane,mm,7,25,2,21.141648930054764,26.15826292062212,3.7428299098136005e-06,4,6.967582066863542e-11,62.079282499995315,2,30.15826292062212,30.703717466076668,32.59601457035852,31.615242307554233,34.704303346802035,37.79336438604984,43.97148646454544,29.548874850894737,54.63954201710074,1.6953059651363076,12.356244156991208,16.125034939487403
2.0,4ae7791832105e8d,ok,biochemical_haldane,biochemical,haldane,mm,8,25,2,6.700743588105187,-3.8963896515051886,84.58695943093443,0,0.00015768093423140783,67.62563080000109,2,0.10361034849481143,0.6490648939493568,2.5413619982312126,1.1616047372385738,4.166338817034522,7.171072896830471,13.180541056422367,-0.7536810389721991,25.420423495394168,1.5713543062664947,12.018936319183794,17.297876827715562
2.0,4ae7791832105e8d,ok,biochemical_haldane,biochemical,haldane,mm,9,25,2,10.296528594704395,2.706908248862021,2.080536621556044e-05,0,9.64188728858062e-11,64.75457409999945,2,6.706908248862021,7.252362794316566,9.144659898598423,7.366849880425861,10.289398074583385,13.211946268740908,19.057042657055955,5.602292777561351,32.28324996603888,1.4476922643496648,11.690192776630093,17.886148940546768
2.0,4ae7791832105e8d,ok,biochemical_haldane,biochemical,haldane,mm,10,25,2,23.983231832915312,30.513686261231896,3.539107898305537e-05,0,1.6751044995544362e-11,62.321888699996634,2,34.513686261231896,35.05914080668644,36.951437910968295,35.821748679519146,38.87714079433238,41.932532909145614,48.04331713877208,33.81177087653674,60.18803212508355,1.6490423076524214,12.221568459252932,17.452777404598727
2.0,4ae7791832105e8d,ok,biochemical_haldane,biochemical,haldane,mm,11,25,2,13.501894863301668,6.346022937988209,3.550427446760338e-05,4,2.3703705664956942e-11,62.26258830000006,2,10.34602293798821,10.891477483442754,12.783774587724611,10.734323781213256,13.624016852096155,16.513709922979054,22.29309606474485,9.072627555241333,38.56256201013493,1.363302308626562,11.558772283531598,20.657766788615127
2.0,4ae7791832105e8d,ok,biochemical_haldane,biochemical,haldane,mm,12,25,2,14.660152503204404,11.077320564751972,2.0500391940766467e-05,0,1.9467094602987345e-11,67.82823110000027,2,15.077320564751972,15.622775110206517,17.515072214488374,16.28434910009469,19.31764527047292,22.350941440851148,28.41753378160761,14.31262929900917,41.453489687921724,1.6176543671286,12.133184681512917,18.242984441656837
2.0,4ae7791832105e8d,ok,biochemical_haldane,biochemical,haldane,mm,13,25,2,-1.3535371907759277,-19.24991375252924,165.96457342658815,4,0.06710744692172543,67.27280160000373,2,-15.249913752529238,-14.704459207074693,-12.812162102792836,-14.413206663005575,-11.458077601031569,-8.502948539057563,-2.592690415109553,-16.244698669576042,9.113441866344166,1.5026075414765985,11.820516247896022,16.542839370977383
2.0,4ae7791832105e8d,ok,biochemical_haldane,biochemical,haldane,mm,14,25,2,10.090278694527093,2.443404433545254,1.429892910459343e-05,3,4.419575816427823e-12,64.43404659999942,2,6.443404433545254,6.988858978999799,8.881156083281656,7.101557914810902,10.023809920506906,12.94606192620291,18.79056593759492,5.3376779219960735,31.869565411838202,1.4471367442254097,11.689008022784016,17.737152955508932
2.0,4ae7791832105e8d,ok,biochemical_haldane,biochemical,haldane,mm,15,25,2,1.9980555450545312,-9.366813016457684,109.37797499940443,2,0.0022788632479402438,70.03329289999965,2,-5.366813016457684,-4.821358471003139,-2.9290613667212826,-4.385895045038815,-1.419977749584397,1.545939545870021,7.477774136778857,-6.2719946746393465,15.859780271926734,1.5474091709091686,11.863669181817672,13.362924106566746
2.0,4ae7791832105e8d,ok,biochemical_haldane,biochemical,haldane,mm,16,25,2,25.692547670039268,33.78786446671302,5.71581499165616e-06,3,2.5227819833162357e-11,64.51345310000033,2,37.78786446671302,38.333319012167564,40.225616116449416,39.121400900298816,42.191009159136264,45.26061741797372,51.399833935648616,37.10177697764635,63.663528375428335,1.6569562554666692,12.278433035349801,17.597230873365522
2.0,4ae7791832105e8d,ok,biochemical_haldane,biochemical,haldane,mm,17,25,2,-10.270825978534498,-37.296708144560796,24.43893829015885,3,1.4377926085273884e-06,67.17740380000032,2,-33.296708144560796,-32.75125359910625,-30.858956494824394,-31.85470618830236,-28.7547242376945,-25.654742287086638,-19.454778385870917,-33.915402215195684,-8.141724154637556,1.6906529646825574,12.39992780243144,16.7550561874918
2.0,4ae7791832105e8d,ok,biochemical_haldane,biochemical,haldane,mm,18,25,2,-17.776960341532394,-52.72666541234747,1.8970188298984013e-05,4,5.17630383001233e-11,62.82061909999902,2,-48.72666541234747,-48.181210866892926,-46.288913762611074,-47.44562814362581,-44.40280560492943,-41.359983066233056,-35.27433798884031,-49.44537246657943,-23.382630528279286,1.640646472884022,12.171290154785504,17.172744729282684
2.0,4ae7791832105e8d,ok,biochemical_haldane,biochemical,haldane,mm,19,25,2,-4.93977370847583,-26.885533481383078,2.0088637209720696e-05,4,1.2066792010045901e-11,66.89279479999823,2,-22.885533481383078,-22.34007893592853,-20.447781831646676,-21.938465378615085,-18.971742236134514,-16.005019093653942,-10.071572808692801,-23.811747245487783,1.987345152970624,1.5368931179476477,11.866892569922284,17.00598606443142
2.0,4ae7791832105e8d,ok,biochemical_haldane,biochemical,haldane,mm,20,25,2,21.16514563161449,25.437408388423904,29.599632804195128,3,0.005480806191521026,67.03614959999686,2,29.437408388423904,29.98286293387845,31.875160038160306,30.377816860127073,33.354685380723694,36.33155390132031,42.285290942513555,28.507056762887345,54.23776534561546,1.5348241872317203,11.907474082386479,16.892882874805075
2.0,4ae7791832105e8d,ok,biochemical_haldane,biochemical,haldane,mm,21,25,2,0.2651508553313189,-16.176279627631203,34.311119099666264,4,0.08608000068949018,67.83075749999989,2,-12.176279627631203,-11.630825082176658,-9.738527977894801,-11.75869893234642,-8.870741025251862,-5.982783118157304,-0.2068673039681883,-13.431482415414628,12.082133339040869,1.3723986061082876,11.551831628378231,16.70658133829384
2.0,4ae7791832105e8d,ok,biochemical_haldane,biochemical,haldane,mm,22,25,2,2.811435610697865,-10.834125366646447,37.136082475019286,0,3.777536128879433e-05,67.19307750000007,2,-6.834125366646447,-6.288670821191902,-4.396373716910046,-5.362277143259375,-2.256926393106452,0.8484243570464711,7.059125857352317,-7.434274908848112,18.044274222007424,1.6999252288991673,12.421403000611692,16.456996588042177
2.0,4ae7791832105e8d,ok,biochemical_haldane,biochemical,haldane,mm,23,25,2,-10.115795106812039,-37.79006488320013,40.40780660238192,0,0.0015079038898004882,67.61903940000047,2,-33.79006488320013,-33.244610337745584,-31.35231323346373,-33.39532064633298,-30.508466879802636,-27.621613113272293,-21.847905580211602,-35.05945676038005,-8.684175147502694,1.36530406141004,11.547415066121383,17.558474669576054
2.0,4ae7791832105e8d,ok,biochemical_haldane,biochemical,haldane,mm,24,25,2,6.890877149366721,-2.2790544675325464,2.109523913479754e-05,0,4.376232709546457e-11,62.5963316999987,2,1.7209455324674536,2.266400077921999,4.158697182203855,3.2221788707332806,6.329775126165331,9.437371381597382,15.652563892461483,1.1390539886960065,26.212139320461645,1.7090542281142764,12.430385021728203,16.06080876626599
2.0,4ae7791832105e8d,ok,biochemical_haldane,biochemical,haldane,mm,25,25,2,7.1453145207078474,-1.7182751932152485,136.4570404819646,2,0.0014437743165043315,66.26381769999716,2,2.2817248067847515,2.827179352239297,4.719476456521153,3.795824955622443,6.90894180670119,10.022058657779937,16.24829235993743,1.7078278619179645,26.743096445730682,1.7130515275666065,12.452467404314987,16.008904234630943
2.0,4ae7791832105e8d,ok,biochemical_haldane,biochemical,haldane,mm,26,25,2,17.11411248438261,16.934189813011415,0.0003377653478682735,2,0.03906015518449024,62.72242399999959,2,20.934189813011415,21.47964435846596,23.371941462747817,21.03502057490219,23.88765022401102,26.740279873119842,32.445539171337494,19.482179226090864,45.63874356520052,1.2739947065397248,11.410518596435304,17.294035155753804
2.0,4ae7791832105e8d,ok,biochemical_haldane,biochemical,haldane,mm,27,25,2,-3.9668129120837996,-23.526666194398842,65.13466111663196,3,7.745893686461613e-07,66.62627200000134,2,-19.526666194398842,-18.981211648944296,-17.08891454466244,-17.976297463473646,-14.856379499033098,-11.73646153459255,-5.496625605711456,-20.07802820218772,4.546046033594591,1.7243189961055616,12.47967185776219,15.593040370231243
2.0,4ae7791832105e8d,ok,biochemical_haldane,biochemical,haldane,mm,28,25,2,8.413709140110722,2.126870694650961,6.391064662368688e-05,0,0.02104237848655721,33.20250630000373,2,6.126870694650961,6.672325240105506,8.564622344387363,7.317172210628061,10.329690850105255,13.342209489582451,19.36724676853684,5.3517863474252465,28.877492838130223,1.6124578263871427,12.05007455790878,14.700547585570481
2.0,4ae7791832105e8d,ok,biochemical_haldane,biochemical,haldane,mm,29,25,2,2.7794535495893786,-11.541719597567038,1.0966431779780854e-05,0,3.019806626980426e-14,29.475320400000783,2,-7.541719597567038,-6.996265052112493,-5.103967947830637,-6.251315027975314,-3.2064411937568638,-0.16156735953841395,5.928180308898486,-8.254606420525892,17.738402436052557,1.6435565885205727,12.1794953368738,17.100626696745795
2.0,4ae7791832105e8d,ok,biochemical_haldane,biochemical,haldane,neural_rate,0,25,9,-43.24498356389374,-154.78742801779737,1.1806248600067122,3,69.22806891040997,78.40826160000142,9,-136.78742801779737,-124.78742801779737,-125.81754559398357,-141.81689461802807,-134.97693176700955,-128.136968915991,-114.45704321395391,-146.72838249664844,-59.130115723713324,4.029522760574461,27.359851404074156,68.29746089000989
2.0,4ae7791832105e8d,ok,biochemical_haldane,biochemical,haldane,neural_rate,1,25,9,-38.75570790810603,-143.98827366596487,1.3252244194717584,4,85.06332699566565,85.13377369999944,9,-125.98827366596487,-113.98827366596487,-115.01839124215107,-131.3637919485565,-124.5911901353714,-117.81858832218632,-104.27338469581613,-136.1442421442299,-50.4210085634717,3.9220157608674744,27.090407252740363,66.4768578497528
2.0,4ae7791832105e8d,ok,biochemical_haldane,biochemical,haldane,neural_rate,2,25,9,-43.083671187666454,-151.65129124602507,27.682926878633943,4,22.577045544065598,97.89325119999558,9,-133.65129124602507,-121.65129124602507,-122.68140882221127,-138.91071770324527,-132.2068622562931,-125.50300680934093,-112.0952959154366,-143.73512781757006,-59.35192058752424,3.9580817142275047,26.815421787808667,65.48394887069216
2.0,4ae7791832105e8d,ok,biochemical_haldane,biochemical,haldane,neural_rate,3,25,9,-46.998898289575266,-160.13982706939586,0.7380523399648147,3,2.7129849193529907,119.26718809999875,9,-142.13982706939586,-130.13982706939586,-131.16994464558206,-147.28489824074256,-140.4896853351562,-133.69447242956983,-120.10404661839709,-152.1526107068761,-66.81694495680506,3.993608181259887,27.180851622345465,66.14203049024533
2.0,4ae7791832105e8d,ok,biochemical_haldane,biochemical,haldane,neural_rate,4,25,9,-38.37065625896396,-145.91190043396674,0.00014622943094110225,3,1.2761997643523841,124.37352910000482,9,-127.91190043396674,-115.91190043396674,-116.94201801015294,-131.76039506673322,-125.24451119250207,-118.72862731827091,-105.6968595698086,-137.1190757726967,-50.6777770210033,4.396412330635019,26.063535496924622,69.17058791603881
2.0,4ae7791832105e8d,ok,biochemical_haldane,biochemical,haldane,neural_rate,5,25,9,106.73640571763255,132.73608177606718,138183.20645632097,0,13.11879231741564,126.78444740000123,3,150.73608177606718,162.73608177606718,161.70596419988098,141.63581185077345,151.10857503322373,160.581338215674,179.52686458057457,138.265794979633,251.36386416506622,2.7648566017829106,37.8910527298011,80.73672965919792
2.0,4ae7791832105e8d,ok,biochemical_haldane,biochemical,haldane,neural_rate,6,25,9,-41.17749390432821,-152.26893925611023,0.0003404883216261502,3,161.09743356714736,125.05666089999431,9,-134.26893925611023,-122.26893925611023,-123.29905683229643,-139.3095867153808,-132.5095701109494,-125.70955350651802,-112.10952029765524,-144.21684079328116,-55.154921390930866,4.026049231414535,27.200066417725548,69.91395144745381
2.0,4ae7791832105e8d,ok,biochemical_haldane,biochemical,haldane,neural_rate,7,25,9,-44.6933423398157,-157.27189281618178,0.049892261922480134,2,1.7202793144727693,123.86311730000307,9,-139.27189281618178,-127.27189281618178,-128.30201039236798,-144.29565487793462,-137.5058818145052,-130.71610875107575,-117.13656262421688,-149.20930286599102,-62.22759242591366,4.031294975095372,27.159092253717738,67.88520813655038
2.0,4ae7791832105e8d,ok,biochemical_haldane,biochemical,haldane,neural_rate,8,25,9,-40.68698660377519,-141.36146564285377,0.011258942231087248,3,25.843943741639855,123.80151670000487,9,-123.36146564285377,-111.36146564285377,-112.39158321903997,-128.47338286268467,-121.75415592828153,-115.0349289938784,-101.59647512507212,-133.35364957203853,-54.49706546993783,4.003908035407612,26.876907737612548,59.987492435303395
2.0,4ae7791832105e8d,ok,biochemical_haldane,biochemical,haldane,neural_rate,9,25,9,-35.48924614906366,-143.1959411809665,0.09086113804832638,4,144.43945403050284,124.14635710000584,9,-125.19594118096651,-113.19594118096651,-114.22605875715271,-130.61881775178972,-123.76758051840493,-116.91634328502013,-103.21386881825055,-135.3813350181508,-43.57354336458814,3.9073030814078615,27.40494893353918,72.2174488828392
2.0,4ae7791832105e8d,ok,biochemical_haldane,biochemical,haldane,neural_rate,10,25,9,-42.94044859571882,-153.5233980673573,1.027910582078311,4,153.68975249156256,124.52797849999479,9,-135.5233980673573,-123.5233980673573,-124.5535156435435,-140.62011213203579,-133.74580636973837,-126.87150060744094,-113.12288908284609,-145.50613574513034,-58.38367414224794,4.008631161113479,27.4972230491897,67.64250087591967
2.0,4ae7791832105e8d,ok,biochemical_haldane,biochemical,haldane,neural_rate,11,25,9,-33.99440660943298,-138.32010437276003,4.55925526714879,1,1.1766911789385404,124.44893759999832,9,-120.32010437276003,-108.32010437276003,-109.35022194894623,-125.78025445094245,-118.81800887169564,-111.85576329244884,-97.93127213395522,-130.52865754220016,-40.139830901878724,3.895723415279938,27.84898231698723,70.33129115389407
2.0,4ae7791832105e8d,ok,biochemical_haldane,biochemical,haldane,neural_rate,12,25,9,-39.11079156720152,-142.28518072613872,8.789469371044816e-05,2,15.252975940788119,123.3097781999968,9,-124.28518072613872,-112.28518072613872,-113.31529830232492,-129.5349059488975,-122.72602066471222,-115.91713538052694,-102.2993648121564,-134.36298958180447,-50.98604199766195,3.961095572167128,27.235541136741084,64.06359759173569
2.0,4ae7791832105e8d,ok,biochemical_haldane,biochemical,haldane,neural_rate,13,25,9,-42.0626494851653,-150.91700331285847,4.87207880043138,3,0.900818533798649,124.26230860000214,9,-132.91700331285847,-120.91700331285847,-121.94712088904467,-138.22431955974926,-131.48049361548524,-124.73666767122124,-111.24901578269323,-143.03059548373452,-57.14999519327458,3.94320391456198,26.97530377705603,66.79170434252786
2.0,4ae7791832105e8d,ok,biochemical_haldane,biochemical,haldane,neural_rate,14,25,9,-40.1082644785611,-148.7060762187744,23.212642901642532,2,147.14153590276499,123.83817909999925,9,-130.7060762187744,-118.7060762187744,-119.7361937949606,-136.0023330064047,-129.12604901757564,-122.24976502874657,-108.49719705108842,-140.81279676125456,-52.7113930018059,3.94663972875992,27.50513595531629,68.4895472616522
2.0,4ae7791832105e8d,ok,biochemical_haldane,biochemical,haldane,neural_rate,15,25,9,-34.38680356380729,-136.756769399841,0.009313610871095165,2,1.1488232691266305,123.9036172000051,9,-118.756769399841,-106.756769399841,-107.7868869760272,-124.10007694226523,-117.34004296327203,-110.58000898427883,-97.05994102629244,-128.89272421997202,-41.733471211641785,3.9320225899344896,27.0401359159728,67.98316227222642
2.0,4ae7791832105e8d,ok,biochemical_haldane,biochemical,haldane,neural_rate,16,25,9,82.6088345628849,99.89888328911485,21715.22388393105,4,9.633696560633197,126.3992889000001,6,117.89888328911485,129.89888328911485,128.86876571292865,108.93559670012915,117.2667658809299,125.59793506173064,142.26027342333214,105.51370902498138,198.54234584897276,2.8074128679332695,33.32467672320297,65.31878583665494
2.0,4ae7791832105e8d,ok,biochemical_haldane,biochemical,haldane,neural_rate,17,25,9,-40.74043198868148,-140.3141908542168,0.1984409630618733,1,0.9130830429613184,123.91717780000181,9,-122.3141908542168,-110.3141908542168,-111.344308430403,-127.59251992418271,-120.89418605333913,-114.19585218249553,-100.79918444080835,-132.40977227941517,-54.687528493988594,3.952209287400824,26.793335483374364,58.83332687685384
2.0,4ae7791832105e8d,ok,biochemical_haldane,biochemical,haldane,neural_rate,18,25,9,-40.55861864701255,-146.80336260518197,8.168439182073703,2,0.11883467575241013,124.22685510000156,9,-128.80336260518197,-116.80336260518197,-117.83348018136817,-134.4036423428843,-127.58237411746312,-120.76110589204195,-107.1185694411996,-139.09898322744976,-53.8321643923404,3.8521896888661082,27.285072901684696,65.68612531115687
2.0,4ae7791832105e8d,ok,biochemical_haldane,biochemical,haldane,neural_rate,19,25,9,-34.19855331874575,-136.55210614110158,4.09146466211499,1,106.2271567060229,124.17557279999892,9,-118.55210614110158,-106.55210614110158,-107.58222371728777,-123.99687554335141,-117.38948760018366,-110.78209965701589,-97.56732377068037,-128.75110275926764,-41.96755486482047,3.9005016909169696,26.429551772671033,68.15499950361007
2.0,4ae7791832105e8d,ok,biochemical_haldane,biochemical,haldane,neural_rate,20,25,9,-39.31685445096379,-142.34511066699994,1.6620879726157887,2,139.30917375261504,124.93908289999672,9,-124.34511066699994,-112.34511066699994,-113.37522824318614,-129.33664165098673,-122.56922877156596,-115.8018158921452,-102.26699013330366,-134.26249442221462,-51.5640573842445,4.041308122392657,27.069651517683077,63.71140176507236
2.0,4ae7791832105e8d,ok,biochemical_haldane,biochemical,haldane,neural_rate,21,25,9,-45.00673129750744,-153.73491267694052,0.0005267108139346332,1,0.39616654794846795,128.23339629999828,9,-135.73491267694052,-123.73491267694052,-124.76503025312672,-140.9881451573076,-134.2805812480354,-127.57301733876317,-114.15788952021873,-145.8149007142828,-63.183206957926025,3.9600059813288593,26.83025563708886,63.72145008192564
2.0,4ae7791832105e8d,ok,biochemical_haldane,biochemical,haldane,neural_rate,22,25,9,-34.830713178764356,-143.73236703458144,1720.545077647722,4,28.147843016119907,126.20599789999687,8,-125.73236703458144,-113.73236703458144,-114.76248461076764,-130.97622904727606,-123.46988627308882,-115.96354349890157,-100.95085795052708,-135.80653287300566,-39.63605526077972,3.9629170807878875,30.02537109674899,74.07094067705273
2.0,4ae7791832105e8d,ok,biochemical_haldane,biochemical,haldane,neural_rate,23,25,9,-44.51479761557512,-151.4458404852884,0.19411439719749568,1,83.76945062533503,124.09328489999461,9,-133.4458404852884,-121.44584048528839,-122.47595806147459,-138.8406867360008,-132.10457502963106,-125.36846332326132,-111.89623991052183,-143.61381810536093,-62.08514840567126,3.916011189963724,26.944446825478973,62.41624525413815
2.0,4ae7791832105e8d,ok,biochemical_haldane,biochemical,haldane,neural_rate,24,25,9,64.75204381099635,33.823388394503525,318991.72958527994,3,16.742272338232297,125.45181069999671,3,51.823388394503525,63.823388394503525,62.793270818317325,42.62854090215144,52.69839581248296,62.76825072281447,82.90796054347749,39.294337251630346,169.78350726331877,2.7354744285634114,40.27941964132605,95.68069922748919
2.0,4ae7791832105e8d,ok,biochemical_haldane,biochemical,haldane,neural_rate,25,25,9,-37.48667879226841,-147.81175260765147,6.105463282369733,4,3.3571248899936705,123.8994543000008,9,-129.81175260765147,-117.81175260765147,-118.84187018383767,-135.32057542091115,-128.48409496519952,-121.64761450948788,-107.9746535980646,-140.05054784775567,-47.627435761690265,3.880602379947903,27.34592182284655,72.83839502311466
2.0,4ae7791832105e8d,ok,biochemical_haldane,biochemical,haldane,neural_rate,26,25,9,-50.04871678970433,-163.59159267855907,0.0001962882014434932,2,167.12943645363697,97.7818901999999,9,-145.59159267855907,-133.59159267855907,-134.62171025474527,-150.40190280566375,-143.66189468920385,-136.92188657274394,-123.44187033982413,-155.39637758452207,-73.13740111356904,4.0976075470184945,26.960032465839625,63.494159099150416
2.0,4ae7791832105e8d,ok,biochemical_haldane,biochemical,haldane,neural_rate,27,25,9,-41.939734082987364,-148.8263861810564,4.891125326135717,3,24.439690453746792,71.41155250000156,9,-130.8263861810564,-118.82638618105639,-119.85650375724259,-134.71903597526128,-128.25000980445654,-121.78098363365179,-108.8429312920423,-140.06099666412916,-58.003363482755745,4.38269475846362,25.876104683218983,64.94691801508166
2.0,4ae7791832105e8d,ok,biochemical_haldane,biochemical,haldane,neural_rate,28,25,9,-51.63921661016586,-156.04831962081474,2.3355537207163982e-05,3,120.51125596827474,56.19500759999937,9,-138.04831962081474,-126.04831962081474,-127.07843719700094,-141.54909102078523,-135.0161333297032,-128.48317563862116,-115.4172602564571,-147.03944236745056,-77.14660245600359,4.5044386266820915,26.131830764328136,52.76988640048302
2.0,4ae7791832105e8d,ok,biochemical_haldane,biochemical,haldane,neural_rate,29,25,9,39.72073442453041,-20.394015302652235,554558.7996801821,2,4.3997234674804275,56.52574099999765,7,-2.3940153026522353,9.605984697347765,8.575867121161568,-6.852487939876445,2.9330338951235024,12.71855573012345,32.28959940012334,-11.980191284864746,118.58355618906062,4.206912008893744,39.14208733999979,99.83548415171306
2.0,4ae7791832105e8d,ok,biochemical_haldane,biochemical,haldane,ude_mm,0,25,11,-79.42523680814993,-167.32098845064186,0.00012626346176512307,1,0.09600458376276322,111.3799405000027,10,-145.32098845064186,-125.01329614294956,-131.91335437709165,-155.52640611305725,-150.40139468993692,-145.2763832668166,-135.0263604205759,-159.99260240576078,-138.35042792381853,3.6641930224405423,20.500045692481336,8.47051483434199
2.0,4ae7791832105e8d,ok,biochemical_haldane,biochemical,haldane,ude_mm,1,25,11,-77.47977039344336,-161.81398561540445,1.0074853459564675e-05,3,0.030310133977010878,118.79660429999785,6,-139.81398561540445,-119.50629330771214,-126.40635154185424,-151.45844828002515,-146.6573929002326,-141.85633752044006,-132.25422676085498,-155.37972850279695,-135.75531926771652,3.2171285563037544,19.20422151917019,6.854444828517721
2.0,4ae7791832105e8d,ok,biochemical_haldane,biochemical,haldane,ude_mm,2,25,11,-78.93559991472041,-164.81943049781967,0.00015955573213145493,2,0.03850959636696416,143.0232790999944,6,-142.81943049781967,-122.51173819012736,-129.41179642426945,-154.1648466809994,-149.29709671938696,-144.42934675777448,-134.6938468345496,-158.19936535923574,-138.400199982991,3.3100325692919634,19.47099984644982,6.94823066837885
2.0,4ae7791832105e8d,ok,biochemical_haldane,biochemical,haldane,ude_mm,3,25,11,-82.99141299883388,-173.39542106512303,9.137079609442035e-05,2,0.03167098572575355,166.19140719999996,6,-151.39542106512303,-131.08772875743074,-137.98778699157282,-162.67412575577328,-157.75215708289514,-152.83018841001697,-142.9862510642607,-166.73390574569393,-146.29495130615518,3.3307576597145485,19.68787469151258,7.412595067455283
2.0,4ae7791832105e8d,ok,biochemical_haldane,biochemical,haldane,ude_mm,4,25,11,-78.3054844237434,-165.25656043044722,0.00022832554783486903,4,0.16299639044314063,176.09230850000313,6,-143.25656043044722,-122.94886812275492,-129.848926356897,-153.57592504317415,-148.50949699101065,-143.44306893884715,-133.31021283452012,-157.99897360648123,-136.34525663883275,3.628793411983004,20.26571220865403,8.645591582960424
2.0,4ae7791832105e8d,ok,biochemical_haldane,biochemical,haldane,ude_mm,5,25,11,-77.18712186682824,-162.26406092869271,0.0001642091863737154,3,0.0035118877591884257,168.46061950000148,6,-140.26406092869271,-119.95636862100041,-126.8564268551425,-151.32973773820547,-146.38844262115254,-141.4471475040996,-131.56455726999374,-155.47018394467767,-134.60906326544475,3.39693849200752,19.765180468211724,7.889817195036242
2.0,4ae7791832105e8d,ok,biochemical_haldane,biochemical,haldane,ude_mm,6,25,11,-75.42767806917436,-159.8891772193775,0.00013256186427333466,0,0.00653312436807596,167.30103370000143,10,-137.8891772193775,-117.5814849116852,-124.48154314582729,-148.43954406819756,-143.33975269904732,-138.23996132989708,-128.04037859159664,-152.77512015465754,-130.4561906617478,3.5570285323599746,20.399165476600928,9.033821081028774
2.0,4ae7791832105e8d,ok,biochemical_haldane,biochemical,haldane,ude_mm,7,25,11,-81.49190682037518,-170.5857865896518,0.0001374183159356579,0,0.06297395127911898,168.61049869999988,6,-148.5857865896518,-128.2780942819595,-135.1781525161016,-159.77713845472928,-154.87953254797822,-149.98192664122712,-140.18671482772498,-163.86999590806187,-143.39339001374606,3.357895340794975,19.59042362700431,7.601972948901438
2.0,4ae7791832105e8d,ok,biochemical_haldane,biochemical,haldane,ude_mm,8,25,11,-75.26879894149224,-158.0855994041248,0.0001595385611271386,1,0.018607276526310557,168.33498019999388,6,-136.0855994041248,-115.77790709643249,-122.67796533057458,-147.70315368025777,-142.82983656157992,-137.95651944290208,-128.20988520554636,-151.63462316971714,-131.04432940827306,3.225488117203823,19.493268474711407,7.548001521140334
2.0,4ae7791832105e8d,ok,biochemical_haldane,biochemical,haldane,ude_mm,9,25,11,-76.58530288184791,-160.68327264570613,6.082929522652863e-05,4,0.050217769465689344,171.1149682999967,9,-138.68327264570613,-118.37558033801382,-125.27563857215591,-150.04301650818522,-145.25087991134822,-140.45874331451122,-130.87447012083723,-154.07210979480206,-134.00205937634783,3.305581425452034,19.16854638734798,7.5126668820103095
2.0,4ae7791832105e8d,ok,biochemical_haldane,biochemical,haldane,ude_mm,10,25,11,-80.12364279140643,-167.8694003674946,4.7308919114593186e-05,2,0.022344535127942322,183.93194199999562,6,-145.8694003674946,-125.56170805980229,-132.46176629394438,-157.027162966756,-152.12924447604559,-147.23132598533516,-137.43548900391428,-161.1327395016269,-140.65561161997113,3.368330432933839,19.591673962841725,7.62211478468174
2.0,4ae7791832105e8d,ok,biochemical_haldane,biochemical,haldane,ude_mm,11,25,11,-74.92398992240699,-158.03225634071453,3.8012212238493607e-05,0,0.007956774481669981,173.38027809999767,6,-136.03225634071453,-115.72456403302222,-122.62462226716431,-147.88731628336888,-143.25387898653798,-138.6204416897071,-129.35356709604534,-151.72885067407248,-131.31423065749044,3.151702833321023,18.533749187323536,8.184276495900546
2.0,4ae7791832105e8d,ok,biochemical_haldane,biochemical,haldane,ude_mm,12,25,11,-76.40080195691989,-160.2105643814754,8.403734814359739e-05,2,0.010830002685224827,176.32916030000342,6,-138.2105643814754,-117.90287207378309,-124.80293030792518,-149.8971955174845,-145.1190775299979,-140.34095954251129,-130.78472356753804,-153.80250801327847,-133.68913196389332,3.204028184098462,19.112471949946453,7.408960467635605
2.0,4ae7791832105e8d,ok,biochemical_haldane,biochemical,haldane,ude_mm,13,25,11,-76.60016387444962,-161.3984380240967,1.6609898015873858e-05,1,0.055397304084337406,176.80996559999767,10,-139.3984380240967,-119.09074571640438,-125.99080395054648,-149.73799497320658,-144.62638526048744,-139.51477554776827,-129.29155612232998,-154.1533974041358,-132.75388889802264,3.6225203099804437,20.44643885087661,8.19811027519745
2.0,4ae7791832105e8d,ok,biochemical_haldane,biochemical,haldane,ude_mm,14,25,11,-81.70167553787093,-170.9040455423065,7.579052221657632e-05,2,0.07055183981040614,174.32179599999654,6,-148.9040455423065,-128.59635323461418,-135.4964114687563,-160.59997920391913,-155.8375198923408,-151.07506058076248,-141.5501419576058,-164.50176915824667,-144.35351382942852,3.201138192029911,19.049837246313324,7.500694466564655
2.0,4ae7791832105e8d,ok,biochemical_haldane,biochemical,haldane,ude_mm,15,25,11,-71.52872409952236,-151.14859979987403,0.0006583166071988614,3,0.18030365200428378,184.36232979999477,6,-129.14859979987403,-108.84090749218173,-115.74096572632382,-139.46451943515964,-134.3959849046779,-129.32745037419616,-119.19038131323269,-143.88887249107498,-122.78331007711778,3.6298636543995286,20.27413812192695,8.0911516008293
2.0,4ae7791832105e8d,ok,biochemical_haldane,biochemical,haldane,ude_mm,16,25,11,-79.69572188240072,-166.9640133624635,0.00014913636790962558,1,0.03585149450020708,174.09694370000216,6,-144.9640133624635,-124.6563210547712,-131.5563792889133,-156.20640133278206,-151.30217813128243,-146.39795492978283,-136.5895085267836,-160.2799331959837,-139.77455095880296,3.342040083239909,19.61689280599848,7.572569597662064
2.0,4ae7791832105e8d,ok,biochemical_haldane,biochemical,haldane,ude_mm,17,25,11,-75.6572860840685,-158.2606120179116,5.0143616577930115e-05,4,0.055121079498889,179.1666297000047,10,-136.2606120179116,-115.95291971021929,-122.85297794436138,-147.59850317746623,-142.79443465357696,-137.9903661296877,-128.38222908190917,-151.63587131926602,-132.09829807257995,3.312370349322791,19.216274095557054,6.9460398497745794
2.0,4ae7791832105e8d,ok,biochemical_haldane,biochemical,haldane,ude_mm,18,25,11,-82.22714744357583,-171.48442049068368,3.0319526720500107e-05,4,0.06268797092863565,167.13464370000293,6,-149.48442049068368,-129.17672818299138,-136.07678641713346,-161.5140921134099,-156.87008377157062,-152.22607542973137,-142.9380587460528,-165.28950716085245,-145.87826151979456,3.0974566649156188,18.576033367357088,7.030125603532008
2.0,4ae7791832105e8d,ok,biochemical_haldane,biochemical,haldane,ude_mm,19,25,11,-73.19033793609407,-154.78795777448514,0.002096747959042635,3,0.21681006458427987,185.04415560000052,6,-132.78795777448514,-112.48026546679283,-119.38032370093492,-143.3880654909317,-138.45416750858138,-133.52026952623106,-123.65247356153044,-147.70480644849684,-126.64508394278688,3.5415756629941484,19.735591929401256,8.407281902296994
2.0,4ae7791832105e8d,ok,biochemical_haldane,biochemical,haldane,ude_mm,20,25,11,-72.23651589378227,-152.24829413204318,5.526432957543128e-05,3,0.0015930006495779025,174.10440529999323,9,-130.24829413204318,-109.94060182435088,-116.84066005849297,-141.14832093986334,-136.16395160838724,-131.17958227691116,-121.21084361395897,-145.35149301506667,-124.53555446166017,3.4484005584882556,19.937477325904364,7.775262344478649
2.0,4ae7791832105e8d,ok,biochemical_haldane,biochemical,haldane,ude_mm,21,25,11,-79.72904509782649,-166.48046099720182,2.498450255659043e-05,3,0.06165598904324554,164.69360710000183,6,-144.48046099720182,-124.17276868950951,-131.0728269236516,-155.79793693049348,-150.89892350504553,-145.9999100795976,-136.20188322870172,-159.84303560528213,-139.8620364938612,3.3187126959598516,19.59605370179175,7.022370801548831
2.0,4ae7791832105e8d,ok,biochemical_haldane,biochemical,haldane,ude_mm,22,25,11,-79.74357032937284,-166.74793367135445,0.000230760317777859,4,0.08394647479791217,177.91675920000125,6,-144.74793367135445,-124.44024136366214,-131.34029959780423,-156.45127644320866,-151.7242339566976,-146.99719147018652,-137.54310649716442,-160.35026082632172,-140.57897071270145,3.1988364225163606,18.908169946044243,7.2607930126087545
2.0,4ae7791832105e8d,ok,biochemical_haldane,biochemical,haldane,ude_mm,23,25,11,-81.21991977008726,-169.06237755545465,7.059386627536551e-05,1,0.01908143936422846,182.11951430000045,6,-147.06237755545465,-126.75468524776234,-133.65474348190443,-158.6292164468755,-153.81087060810745,-148.9925247693394,-139.35583309180333,-162.57989008080574,-143.16645618510236,3.241243737324456,19.273383355072145,6.622538015280116
2.0,4ae7791832105e8d,ok,biochemical_haldane,biochemical,haldane,ude_mm,24,25,11,-79.72907365012657,-166.55502812477948,0.00010462705367973469,4,0.005186087577513376,182.29166759999498,6,-144.55502812477948,-124.24733581708718,-131.14739405122927,-155.96407670096528,-151.1201381728154,-146.2761996446655,-136.58832258836568,-159.97450001493985,-140.08239318765354,3.2902640549198168,19.375754112599594,7.096880824526356
2.0,4ae7791832105e8d,ok,biochemical_haldane,biochemical,haldane,ude_mm,25,25,11,-77.89228923358323,-163.85191308904268,7.570054394412849e-05,2,0.025515197867946426,160.3320109999986,10,-141.85191308904268,-121.54422078135038,-128.44427901549247,-152.52315971382566,-147.55138629962954,-142.5796128854334,-132.63606605704115,-156.81296285201023,-135.8974848103819,3.5194751185162283,19.88709365678453,8.067334621876222
2.0,4ae7791832105e8d,ok,biochemical_haldane,biochemical,haldane,ude_mm,26,25,11,-81.02265054392967,-170.02793741610844,0.00014264401647794183,0,0.015097429828628606,132.5885846999954,9,-148.02793741610844,-127.72024510841614,-134.62030334255823,-158.89127934553412,-153.89615150751408,-148.90102366949404,-138.91076799345393,-163.10834270261537,-142.06478973577916,3.459797356746534,19.980511352080182,7.982636328249101
2.0,4ae7791832105e8d,ok,biochemical_haldane,biochemical,haldane,ude_mm,27,25,11,-77.53686839069486,-163.76763673619,0.00011456794427029535,3,0.10069980345490137,91.80985659999715,6,-141.76763673619,-121.4599444284977,-128.3600026626398,-152.09134059426913,-147.01559234284926,-141.9398440914294,-131.78834758858966,-156.51274603695094,-134.77074377571026,3.627445349619532,20.30299300567946,8.693899954800294
2.0,4ae7791832105e8d,ok,biochemical_haldane,biochemical,haldane,ude_mm,28,25,11,-72.38046055912882,-153.57575928189416,0.0014939351832263012,1,0.15864519368696506,83.69048290000501,6,-131.57575928189416,-111.26806697420186,-118.16812520834395,-141.65463104419345,-136.4837743100758,-131.31291757595815,-120.97120410772285,-146.16874584844564,-124.07749418178705,3.7035067167242577,20.683426936470603,8.814838163636512
2.0,4ae7791832105e8d,ok,biochemical_haldane,biochemical,haldane,ude_mm,29,25,11,-77.06065680097724,-161.78044122755782,9.078815898420242e-05,4,0.016807987121552515,75.3068007000038,10,-139.78044122755782,-119.47274891986551,-126.3728071540076,-150.5997559505816,-145.70743976931095,-140.8151235880403,-131.030491225499,-154.83349087265617,-134.55204887687188,3.473475177450817,19.569264725082604,7.6591276256033245
2.0,6676451d975acf44,ok,biochemical_ude,biochemical,ude_mm,haldane,0,25,3,-70.25237574669475,-150.64290357478944,0.00019802292357226796,2,4.3158365770068485e-11,34.74737740000273,3,-144.64290357478944,-143.5000464319323,-140.98627610018485,-143.92059735629047,-140.3614769124968,-136.80235646870315,-129.68411558111583,-146.46609988042871,-126.26826971821488,2.088401847180363,14.23648177517463,10.138152081399951
2.0,6676451d975acf44,ok,biochemical_ude,biochemical,ude_mm,haldane,1,25,3,-78.24896063648339,-164.63259063067224,0.00012392181672348944,4,1.871569565992104e-11,34.12974590000522,3,-158.63259063067224,-157.4897334878151,-154.97596315606765,-157.64445320739028,-153.99130432614209,-150.33815544489389,-143.03185768239746,-160.29061672208377,-141.88532574797395,2.1709869542942304,14.612595524992816,8.134669357705459
2.0,6676451d975acf44,ok,biochemical_ude,biochemical,ude_mm,haldane,2,25,3,-77.28501976139347,-163.7822790476552,1.066822321043539e-05,0,9.36495325731812e-12,36.235086499997124,3,-157.7822790476552,-156.63942190479807,-154.12565157305062,-156.94840164686278,-153.35574399072252,-149.76308633458225,-142.5777710223017,-159.53615228004543,-140.1994088982259,2.123063383804886,14.370630624561059,9.212239524868274
2.0,6676451d975acf44,ok,biochemical_ude,biochemical,ude_mm,haldane,3,25,3,-81.58224150156956,-171.56406148079688,1.3511903323703578e-05,2,1.4210854715202004e-11,37.96969959999842,3,-165.56406148079688,-164.42120433793974,-161.9074340061923,-164.61728811451707,-160.97706948386067,-157.33685085320428,-150.0564135918915,-167.24778850585895,-148.60360848051354,2.1581364874689637,14.56087452262556,8.39957847765778
2.0,6676451d975acf44,ok,biochemical_ude,biochemical,ude_mm,haldane,4,25,3,-70.28877332718325,-150.32195848584098,1.902350847324019e-05,3,4.320099833421409e-12,37.33953749999637,3,-144.32195848584098,-143.17910134298384,-140.6653310112364,-143.5447725477681,-139.97880599454191,-136.4128394413157,-129.2809063348633,-146.11105610451014,-126.3136804414617,2.105451190665418,14.263866212904802,9.744411831474467
2.0,6676451d975acf44,ok,biochemical_ude,biochemical,ude_mm,haldane,5,25,3,-65.59907769869318,-140.14996483131733,2.0618288128453203e-05,1,2.517879238439491e-10,34.8924335000047,3,-134.14996483131733,-133.0071076884602,-130.49333735671274,-133.3129148044799,-129.69629654051394,-126.07967827654798,-118.84644174861607,-135.9018668003115,-116.73168234152253,2.1240490155029175,14.46647305586383,8.951809433930988
2.0,6676451d975acf44,ok,biochemical_ude,biochemical,ude_mm,haldane,6,25,3,-68.52495668849646,-146.1176382688302,0.00021806158664441328,0,8.688516572874505e-11,36.482292400003644,3,-140.1176382688302,-138.97478112597307,-136.46101079422561,-139.27621364059092,-135.67418509856464,-132.07215655653835,-124.86809947248578,-141.86682214514863,-122.64179920888778,2.125408061840786,14.408114168105142,9.067724891837274
2.0,6676451d975acf44,ok,biochemical_ude,biochemical,ude_mm,haldane,7,25,3,-74.41169543707251,-157.67600406228001,1.1736181665870661e-05,3,2.036415480688447e-11,37.04289169999538,3,-151.67600406228001,-150.53314691942288,-148.01937658767542,-150.80947883553958,-147.19534046827033,-143.58120210100108,-136.35292536646259,-153.40959205987133,-134.36683740506803,2.1332060012043437,14.456553469076994,8.852613188134995
2.0,6676451d975acf44,ok,biochemical_ude,biochemical,ude_mm,haldane,8,25,3,-76.77197479994052,-161.1393030438518,0.00020160930346721563,2,6.66773303237278e-11,34.229275400000915,3,-155.1393030438518,-153.99644590099467,-151.48267556924722,-154.0391836720231,-150.32890032329453,-146.61861697456595,-139.1980502771088,-156.7277508385912,-138.70281620496672,2.205776102630306,14.841133394914312,7.595353443970753
2.0,6676451d975acf44,ok,biochemical_ude,biochemical,ude_mm,haldane,9,25,3,-69.90206542200308,-148.73420715276688,1.9223978168109007e-05,3,1.2151701866969233e-10,34.96281280000403,3,-142.73420715276688,-141.59135000990975,-139.0775796781623,-141.8744397322742,-138.26945266234586,-134.66446559241749,-127.4544914525608,-144.4719940114609,-125.38418256429276,2.1311065706529884,14.419948279713402,8.93007630876074
2.0,6676451d975acf44,ok,biochemical_ude,biochemical,ude_mm,haldane,10,25,3,-69.56210704531465,-149.00036642408602,0.00020391127079674726,2,1.432454155292362e-11,36.709945899994636,3,-143.00036642408602,-141.8575092812289,-139.34373894948143,-142.25957755197433,-138.6846433346247,-135.10970911727503,-127.95984068257576,-144.81207881135234,-124.82447722123072,2.0941438063668425,14.299736869398577,9.876152333456723
2.0,6676451d975acf44,ok,biochemical_ude,biochemical,ude_mm,haldane,11,25,3,-61.9912875953829,-134.07819953615746,0.00021067715409547647,2,4.320810376157169e-11,36.885947800001304,3,-128.07819953615746,-126.93534239330032,-124.42157206155285,-127.35507115638006,-123.79879485787201,-120.24251855936394,-113.12996596234782,-129.9008850042726,-109.75746999673356,2.0886572659424276,14.225105194032237,10.095624345391656
2.0,6676451d975acf44,ok,biochemical_ude,biochemical,ude_mm,haldane,12,25,3,-71.99705710110058,-152.4860032038154,0.00021209307534001293,3,1.2856560260843253e-10,37.21249579999858,3,-146.4860032038154,-145.34314606095825,-142.8293757292108,-145.56737505232533,-141.9350649920853,-138.3027549318453,-131.03813481136527,-148.18721783406704,-129.4648739612411,2.1493926848741784,14.529240240960075,8.491889001614224
2.0,6676451d975acf44,ok,biochemical_ude,biochemical,ude_mm,haldane,13,25,3,-74.1665599840971,-157.54271788542832,0.00011192900584951588,3,7.548806024715304e-11,34.35009039999568,3,-151.54271788542832,-150.39986074257118,-147.88609041082373,-150.67569066635582,-147.07485899176993,-143.47402731718404,-136.27236396801223,-153.27599397764683,-133.92979326985062,2.1333619538907422,14.403326698343589,9.209597917234118
2.0,6676451d975acf44,ok,biochemical_ude,biochemical,ude_mm,haldane,14,25,3,-73.41771645229883,-155.5359092447797,8.756344224851471e-05,4,3.4705749385466333e-10,35.212812799996755,3,-149.5359092447797,-148.39305210192256,-145.8792817701751,-148.66794688643634,-145.04277814892757,-141.41760941141882,-134.16727193640128,-151.26860430230053,-132.3347579545626,2.133652471239579,14.500674950035055,8.700476340182048
2.0,6676451d975acf44,ok,biochemical_ude,biochemical,ude_mm,haldane,15,25,3,-62.40459959224968,-134.814616861442,2.0249209380465513e-05,3,5.363176569517236e-11,34.805254500002775,3,-128.814616861442,-127.67175971858487,-125.1579893868374,-128.08259914858996,-124.53031317755477,-120.97802720651958,-113.8734552644492,-130.63177907637294,-110.6000553003586,2.091418892534536,14.209143884140758,10.005417676942649
2.0,6676451d975acf44,ok,biochemical_ude,biochemical,ude_mm,haldane,16,25,3,-71.89510520443835,-152.97142998259682,5.959516960776112e-05,1,2.433822032799071e-09,35.49267880000116,3,-146.97142998259682,-145.82857283973968,-143.31480250799223,-146.14965497537892,-142.54640302665686,-138.94315107793477,-131.73664718049065,-148.7328228549067,-129.37720261398843,2.1193035638450612,14.413007794888276,9.181219573720126
2.0,6676451d975acf44,ok,biochemical_ude,biochemical,ude_mm,haldane,17,25,3,-66.98266386918856,-143.47032343040578,0.00016986823554543507,2,2.8752822345268214e-10,37.93174710000312,3,-137.47032343040578,-136.32746628754865,-133.8136959558012,-136.66897004550412,-133.09147545570104,-129.51398086589793,-122.35899168629176,-139.24440497008112,-119.65534937916475,2.112959230162331,14.309978359212371,9.504995692028665
2.0,6676451d975acf44,ok,biochemical_ude,biochemical,ude_mm,haldane,18,25,3,-75.1280251650336,-159.39846621967735,0.00021620736031590013,4,5.898925792280352e-11,37.0910187000045,3,-153.39846621967735,-152.2556090768202,-149.74183874507276,-152.55618846668767,-148.963259688102,-145.3703309095163,-138.18447335234495,-155.1471200197848,-135.8843352157245,2.1256730999462663,14.37171511434273,9.142415889610128
2.0,6676451d975acf44,ok,biochemical_ude,biochemical,ude_mm,haldane,19,25,3,-68.129928071713,-146.18281813503603,9.968836181679392e-06,4,1.6854073692229576e-11,38.05638739999995,3,-140.18281813503603,-139.0399609921789,-136.52619066043144,-139.42309300013898,-135.87176344598188,-132.3204338918248,-125.2177747835106,-141.9827647607038,-122.05453792679762,2.100026687166115,14.205318216628378,9.922961991610025
2.0,6676451d975acf44,ok,biochemical_ude,biochemical,ude_mm,haldane,20,25,3,-67.79811932719552,-144.7905295236581,0.00020357478853738476,1,7.003109203651547e-11,64.94588000000658,3,-138.7905295236581,-137.64767238080097,-135.13390204905352,-137.95890271429423,-134.36234887883626,-130.7657950433783,-123.57268737246238,-140.5458011271263,-121.2100233125592,2.1223641982659025,14.386215341831848,9.19429086926707
2.0,6676451d975acf44,ok,biochemical_ude,biochemical,ude_mm,haldane,21,25,3,-78.52943073988996,-166.22695250808871,4.242700533585386e-05,4,1.5441372624991345e-09,77.9227150999941,3,-160.22695250808871,-159.08409536523158,-156.57032503348412,-159.35762753651062,-155.7525230973381,-152.14741865816558,-144.93720977982056,-161.95880092640454,-142.63844372308986,2.1340757908420884,14.42041775669006,9.168091028308798
2.0,6676451d975acf44,ok,biochemical_ude,biochemical,ude_mm,haldane,22,25,3,-78.90857046991141,-166.67396422431182,0.0002079035883860527,2,5.908873390580993e-11,81.15460390000226,3,-160.67396422431182,-159.53110708145468,-157.01733674970723,-159.78489340385664,-156.17108915938522,-152.5572849149138,-145.32967642597097,-162.39354385690777,-143.36192396193715,2.140210183702022,14.45521697788567,8.856823284488987
2.0,6676451d975acf44,ok,biochemical_ude,biochemical,ude_mm,haldane,23,25,3,-76.56040598060036,-162.9101339004238,9.737169863279029e-05,0,2.5707436179800425e-11,77.69277650000004,3,-156.9101339004238,-155.76727675756666,-153.2535064258192,-156.11183854918886,-152.54064170761382,-148.96944486603877,-141.82705118288868,-158.68611550324732,-138.83602459490055,2.112009198588237,14.284787366300186,9.789321939223058
2.0,6676451d975acf44,ok,biochemical_ude,biochemical,ude_mm,haldane,24,25,3,-75.78160450469049,-159.97048059538122,0.0001737604936661309,4,6.490097348432755e-11,79.49367889999849,3,-153.97048059538122,-152.82762345252408,-150.31385312077663,-153.019830065428,-149.38081239621891,-145.74179472700982,-138.46375938859163,-155.651798603206,-137.0071383325446,2.159340996087603,14.55607067683638,8.407271586000247
2.0,6676451d975acf44,ok,biochemical_ude,biochemical,ude_mm,haldane,25,25,3,-74.75417794511398,-158.73508614958104,0.00015449326076233988,2,3.581135388230905e-11,77.67170360000455,3,-152.73508614958104,-151.5922290067239,-149.07845867497645,-151.86878081116674,-148.2677582519596,-144.66673569275247,-137.4646905743382,-154.46881077147108,-135.1042656533994,2.133137689054979,14.404090236828559,9.226730259353085
2.0,6676451d975acf44,ok,biochemical_ude,biochemical,ude_mm,haldane,26,25,3,-75.10060378968082,-159.08025726628154,0.00021651442660914545,4,1.4937029391148826e-10,80.81311939999432,3,-153.08025726628154,-151.9374001234244,-149.42362979167694,-152.19825334176628,-148.58315180885126,-144.96805027593624,-137.73784721010617,-154.80422780820385,-135.74080144770153,2.1380147290388365,14.460406131660104,8.879049686919899
2.0,6676451d975acf44,ok,biochemical_ude,biochemical,ude_mm,haldane,27,25,3,-72.01694480455446,-154.65608204067797,0.0002071188265484607,0,2.6342661385569954e-10,78.121590499999,3,-148.65608204067797,-147.51322489782083,-144.99945456607338,-147.96575641143755,-144.44440398681257,-140.9230515621876,-133.88034671293764,-150.49914900365138,-129.948479910609,2.0784665185132916,14.085409698499918,10.622192431569074
2.0,6676451d975acf44,ok,biochemical_ude,biochemical,ude_mm,haldane,28,25,3,-62.25836734106294,-135.02134889703393,0.00020950186905103004,0,1.6282086789942696e-10,72.42355680000037,3,-129.02134889703393,-127.87849175417679,-125.36472142242933,-128.33376340430937,-124.79801440050498,-121.2622653967006,-114.19076738909185,-130.86611840255011,-110.37373866690837,2.0776152472419107,14.142996015217523,10.504614214908042
2.0,6676451d975acf44,ok,biochemical_ude,biochemical,ude_mm,haldane,29,25,3,-70.39625015829388,-150.92073848508517,0.00010573284477689969,4,1.864464138634503e-11,71.33521589999873,3,-144.92073848508517,-143.77788134222803,-141.26411101048058,-144.19761249682165,-140.64698526302615,-137.09635802923063,-129.99510356163964,-146.74342543913144,-126.58999138140575,2.0886565229768657,14.202508935182017,10.128238168497408
2.0,6676451d975acf44,ok,biochemical_ude,biochemical,ude_mm,mm,0,25,2,-75.18828487855416,-153.77819072260047,7.667454130413664e-05,1,2.5579538487363607e-12,26.50679599999421,2,-149.77819072260047,-149.23273617714594,-147.34043907286406,-147.4052972645663,-143.91215280756296,-140.41900835055964,-133.432719436553,-149.8184893828974,-136.403991929095,1.979850669851528,13.972577828013296,3.401620965492143
2.0,6676451d975acf44,ok,biochemical_ude,biochemical,ude_mm,mm,1,25,2,-81.43171445164486,-165.51904212588036,7.463718038053865e-05,1,1.0149392437597271e-10,25.937285499996506,2,-161.51904212588036,-160.97358758042583,-159.08129047614395,-159.1371348779085,-155.61299385184637,-152.08885282578422,-145.04057077365997,-161.55374020359625,-148.7668647990412,1.982650961142058,14.096564104248538,2.6556132225906177
2.0,6676451d975acf44,ok,biochemical_ude,biochemical,ude_mm,mm,2,25,2,-81.34145188113261,-165.85334846746537,5.68557767911067e-05,4,1.0331291377951857e-11,26.29179579999618,2,-161.85334846746537,-161.30789392201083,-159.41559681772895,-159.47778627460576,-155.97831138689833,-152.47883649919086,-145.47988672377596,-161.8919889495842,-148.68500421143543,1.9806797589405822,13.997899550829796,3.1704447052001483
2.0,6676451d975acf44,ok,biochemical_ude,biochemical,ude_mm,mm,3,25,2,-85.07473328611943,-172.90554531923522,8.570607858171143e-05,3,6.679101716144942e-13,26.725098900002195,2,-168.90554531923522,-168.36009077378068,-166.4677936694988,-166.5244706934954,-163.00109407282835,-159.4777174521613,-152.43096421082717,-168.94076073423116,-156.05596008957062,1.982392292502025,14.093506482668232,2.7560787469963666
2.0,6676451d975acf44,ok,biochemical_ude,biochemical,ude_mm,mm,4,25,2,-74.47523045219455,-152.4766575270878,6.0847276789152134e-05,4,2.1174173525650986e-12,29.323611799998616,2,-148.4766575270878,-147.93120298163328,-146.0389058773514,-146.1060084035949,-142.62436770310083,-139.14272700260673,-132.1794456016186,-148.51835067084008,-135.0238981024128,1.9791534281238605,13.926562801976306,3.5261966226987145
2.0,6676451d975acf44,ok,biochemical_ude,biochemical,ude_mm,mm,5,25,2,-70.61346194727565,-143.61800874297745,7.222658180961735e-05,3,7.975131666171364e-11,26.581188299998757,2,-139.61800874297745,-139.07255419752292,-137.18025709324104,-137.23300791573502,-133.6946666904247,-130.15632546511438,-123.07964301449373,-139.6507846718197,-127.07355899331002,1.9836120355788693,14.153364901241286,2.3910848484261527
2.0,6676451d975acf44,ok,biochemical_ude,biochemical,ude_mm,mm,6,25,2,-72.85763590623067,-148.62573795144903,1.4664833401062124e-05,1,2.000888343900442e-11,26.235486200006562,2,-144.62573795144903,-144.0802834059945,-142.1879863017126,-142.2467329453788,-138.73315485374104,-135.21957676210332,-128.1924205788278,-144.66223929344696,-131.66095944591035,1.9817493290010373,14.054312366550977,2.910466138987694
2.0,6676451d975acf44,ok,biochemical_ude,biochemical,ude_mm,mm,7,25,2,-78.70785420028045,-160.18300165939218,6.417454831698636e-05,2,7.645439836778678e-11,26.237659400001576,2,-156.18300165939218,-155.63754711393764,-153.74525000965576,-153.80214175118314,-150.28026163510881,-146.7583815190345,-139.7146212868858,-156.21835048589105,-143.32818793626356,1.9823255867505574,14.087520464297336,2.7672932588312738
2.0,6676451d975acf44,ok,biochemical_ude,biochemical,ude_mm,mm,8,25,2,-78.78996338689879,-159.96554560890954,6.750367912914896e-07,4,1.6271428648906294e-11,26.475706600002013,2,-155.96554560890954,-155.420091063455,-153.52779395917312,-153.58028943789367,-150.03930093683707,-146.49831243578046,-139.41633543366726,-155.99816288374504,-143.41597276957117,1.9836913625822492,14.163954004226404,2.3856188351119503
2.0,6676451d975acf44,ok,biochemical_ude,biochemical,ude_mm,mm,9,25,2,-74.05614762183016,-151.01971375595178,1.3932974310756143e-05,2,1.2420287021086551e-11,26.43167060000269,2,-147.01971375595178,-146.47425921049725,-144.58196210621537,-144.64094874981652,-141.1304102001559,-137.61987165049524,-130.598794551174,-147.0563642182936,-134.0701410450178,1.9816747688290985,14.042154198642525,2.9074185122914704
2.0,6676451d975acf44,ok,biochemical_ude,biochemical,ude_mm,mm,10,25,2,-74.70399176184883,-152.4507032619468,6.077496891513953e-05,0,2.135891463694861e-11,26.832537299997057,2,-148.4507032619468,-147.90524871649228,-146.0129516122104,-146.0731588634801,-142.56373899363325,-139.05431912378637,-132.03547938409264,-148.48811213047446,-135.3703040443102,1.9812955657361688,14.037679479387453,3.042719738249163
2.0,6676451d975acf44,ok,biochemical_ude,biochemical,ude_mm,mm,11,25,2,-66.95550981204804,-137.27521864267163,6.358543893753323e-05,1,1.2633449841814581e-11,26.380361799994716,2,-133.27521864267163,-132.7297640972171,-130.83746699293522,-130.90230312947736,-127.41274725118454,-123.92319137289171,-116.94407961630607,-133.31550359932714,-119.95279611092478,1.9798575216722505,13.958223513171294,3.3641990185755595
2.0,6676451d975acf44,ok,biochemical_ude,biochemical,ude_mm,mm,12,25,2,-75.9675753178106,-154.58518882294067,6.405725148864543e-05,3,1.06439301816863e-11,26.70633380000072,2,-150.58518882294067,-150.03973427748613,-148.14743717320425,-148.20290874574664,-144.67485494207716,-141.14680113840765,-134.09069353106867,-150.6196552488362,-137.82293542094322,1.9827667870522312,14.11221521467796,2.650038187319463
2.0,6676451d975acf44,ok,biochemical_ude,biochemical,ude_mm,mm,13,25,2,-77.32399229719134,-158.09789360918987,7.225694142805153e-05,0,3.149125404888764e-11,26.51526190000004,2,-154.09789360918987,-153.55243906373533,-151.66014195945345,-151.72619595466298,-148.24113948071593,-144.75608300676888,-137.78597005887474,-154.13893526398078,-140.70775869859443,1.9794791726045433,13.94022589578824,3.4499090148071905
2.0,6676451d975acf44,ok,biochemical_ude,biochemical,ude_mm,mm,14,25,2,-78.27406092703342,-158.83867112631376,6.216217583644696e-05,3,6.515676886920119e-11,26.98622510000132,2,-154.83867112631376,-154.29321658085922,-152.40091947657734,-152.45275081954568,-148.91150035025692,-145.37024988096815,-138.2877489423906,-154.87087575040513,-142.38311997691176,1.9838976879543164,14.165001877155085,2.2905492722469267
2.0,6676451d975acf44,ok,biochemical_ude,biochemical,ude_mm,mm,15,25,2,-67.23799427620179,-137.83078595130115,3.0317047563944294e-05,1,3.275602011854062e-11,26.779284199998074,2,-133.83078595130115,-133.28533140584662,-131.39303430156474,-131.45829732993542,-127.97432828230592,-124.49035923467642,-117.52242113941742,-133.871336150763,-120.54011236188558,1.979724900269076,13.935876190518004,3.3547973988975714
2.0,6676451d975acf44,ok,biochemical_ude,biochemical,ude_mm,mm,16,25,2,-76.53751462702247,-155.89015646570647,3.4724878784059066e-05,0,8.597567102697212e-11,27.119792299999972,2,-151.89015646570647,-151.34470192025194,-149.45240481597006,-149.5096540457387,-145.98756457547103,-142.46547510520335,-135.421296164668,-151.92572741213837,-138.98667137297426,1.9822145267840554,14.088357881070696,2.815127211661527
2.0,6676451d975acf44,ok,biochemical_ude,biochemical,ude_mm,mm,17,25,2,-71.12014917476473,-145.58577124956633,8.225157279719357e-05,3,1.0771827874123119e-11,28.13975780000328,2,-141.58577124956633,-141.0403167041118,-139.14801959982992,-139.21261624690715,-135.72233524525592,-132.23205424360467,-125.25149224030218,-141.6259074030508,-128.2791743429245,1.9799319232577588,13.961124006604955,3.345472900036878
2.0,6676451d975acf44,ok,biochemical_ude,biochemical,ude_mm,mm,18,25,2,-79.10820825869757,-161.367756193887,6.019758197050623e-05,2,4.7705839278933126e-11,27.69984430000477,2,-157.367756193887,-156.82230164843247,-154.9300045441506,-154.99222233301234,-151.49492882256396,-147.9976353121156,-141.00304829121882,-157.40641427965787,-144.22724247560163,1.9806709571145715,13.989174041793516,3.1513396764918493
2.0,6676451d975acf44,ok,biochemical_ude,biochemical,ude_mm,mm,19,25,2,-72.27301612228516,-148.24670852742946,8.656979321001352e-05,3,7.94386778579792e-12,26.74877689999994,2,-144.24670852742946,-143.70125398197493,-141.80895687769305,-141.8791447278377,-138.4118300193301,-134.94451531082248,-128.00988589380725,-144.29031869070596,-130.67677341053985,1.9781949183617469,13.869258834030466,3.700676282859163
2.0,6676451d975acf44,ok,biochemical_ude,biochemical,ude_mm,mm,20,25,2,-72.03060375208867,-147.14140002634556,6.327751249295451e-05,2,5.2295945351943374e-11,36.51157080000121,2,-143.14140002634556,-142.59594548089103,-140.70364837660915,-140.7644231607647,-137.25783183384334,-133.75124050692202,-126.73805785307933,-143.1791615228817,-130.03484219649198,1.981119251731922,14.026365307685367,3.080192522168238
2.0,6676451d975acf44,ok,biochemical_ude,biochemical,ude_mm,mm,21,25,2,-81.77725357308103,-166.9563852106837,7.642839859508652e-05,4,3.1604940886609256e-11,59.07014799999888,2,-162.9563852106837,-162.41093066522916,-160.51863356094728,-160.58366938839404,-157.0924526723107,-153.60123595622736,-146.6188025240607,-162.99679424227435,-149.5896402818287,1.9797954842046719,13.964866864333358,3.401878064521637
2.0,6676451d975acf44,ok,biochemical_ude,biochemical,ude_mm,mm,22,25,2,-82.48966199842386,-168.07464211041278,4.475385678317629e-05,2,1.0373923942097463e-11,60.10402410000097,2,-164.07464211041278,-163.52918756495825,-161.63689046067637,-161.69799590272814,-158.19367834916622,-154.68936079560433,-147.6807256884805,-164.11260905625124,-150.96205378260007,1.9810165270807718,14.017270214247638,3.0953181135650665
2.0,6676451d975acf44,ok,biochemical_ude,biochemical,ude_mm,mm,23,25,2,-80.05980117942347,-163.93011044021677,6.707518281259131e-05,0,3.949196525354637e-11,60.50793569999951,2,-159.93011044021677,-159.38465589476223,-157.49235879048035,-157.56334015219116,-154.09249318895368,-150.62164622571623,-143.67995229924128,-159.97421363995028,-146.23621450589707,1.977948400133239,13.88338785294987,3.8105080813698105
2.0,6676451d975acf44,ok,biochemical_ude,biochemical,ude_mm,mm,24,25,2,-79.08621195654196,-160.98439340201205,5.2514783102270197e-05,3,2.3106849766918458e-11,59.8937042999969,2,-156.98439340201205,-156.4389388565575,-154.54664175227563,-154.6042205474348,-151.08626879280655,-147.5683170381783,-140.53241352892175,-157.0201691189343,-144.10061689457086,1.9821121415388823,14.071807018513054,2.811969488928127
2.0,6676451d975acf44,ok,biochemical_ude,biochemical,ude_mm,mm,25,25,2,-77.88767563480938,-159.2454986436058,5.9514220165162814e-05,3,5.4569682106375694e-12,60.01047749999998,2,-155.2454986436058,-154.70004409815127,-152.8077469938694,-152.8740239510675,-149.3892951030961,-145.90456625512468,-138.93510855918188,-155.2866788324693,-141.83643587773315,1.9794099055682506,13.938915391885619,3.4701473739870443
2.0,6676451d975acf44,ok,biochemical_ude,biochemical,ude_mm,mm,26,25,2,-78.8627060469534,-160.75388352530848,6.643427503531305e-05,1,7.034373084024992e-11,60.051899699996284,2,-156.75388352530848,-156.20842897985395,-154.31613187557207,-154.3760568194311,-150.86478501574192,-147.35351321205275,-140.33096960467438,-156.79111698637962,-143.68032487915008,1.9813832694644276,14.04508721475674,3.0284714314016643
2.0,6676451d975acf44,ok,biochemical_ude,biochemical,ude_mm,mm,27,25,2,-76.52712617950442,-157.11858992040538,1.3415111166616713e-05,1,1.1652900866465643e-11,57.298826300000655,2,-153.11858992040538,-152.57313537495085,-150.68083827066897,-150.7564120600633,-147.3046121649746,-143.85281226988593,-136.94921247970854,-153.16554655589312,-139.24705277865408,1.9765216822561333,13.807199580354752,4.064337561396544
2.0,6676451d975acf44,ok,biochemical_ude,biochemical,ude_mm,mm,28,25,2,-67.26874460321478,-138.1934422921563,7.875959633876822e-05,1,1.3670842236024328e-11,59.75435670000297,2,-134.1934422921563,-133.64798774670177,-131.7556906424199,-131.8247700095562,-128.35056020260564,-124.87635039565507,-117.92793078175394,-134.23636371621535,-120.64064997862731,1.9785392879704702,13.896839227802266,3.6559530857267433
2.0,6676451d975acf44,ok,biochemical_ude,biochemical,ude_mm,mm,29,25,2,-75.2218854448531,-153.92543336348933,6.808799349881395e-05,2,5.4996007747831754e-11,54.26858340000035,2,-149.92543336348933,-149.3799788180348,-147.48768171375292,-147.55430970377867,-144.07218028571776,-140.59005086765683,-133.625792031535,-149.9668316613118,-136.51525321746254,1.9793008510887597,13.928517672243661,3.481662473783144
2.0,6676451d975acf44,ok,biochemical_ude,biochemical,ude_mm,neural_rate,0,25,9,-59.64000833433609,-158.13611242585804,0.0005328518257597423,4,0.21234820880923166,54.28480779999518,9,-140.13611242585804,-128.13611242585804,-129.16623000204424,-145.11504979139102,-139.02058121169313,-132.92611263199527,-120.7371754725995,-150.04567132597487,-94.90214234988066,4.04522054994159,24.37787431879151,38.85609575718587
2.0,6676451d975acf44,ok,biochemical_ude,biochemical,ude_mm,neural_rate,1,25,9,-61.02756773013048,-159.73206011591364,0.0004631562583368374,0,0.05194128648351892,54.052947099997255,9,-141.73206011591364,-129.73206011591364,-130.76217769209984,-147.01214849738204,-140.8720603528302,-134.73197220827836,-122.45179591917467,-151.82873466280927,-97.49478288205358,3.9516627265521884,24.56035257820737,37.676924655652684
2.0,6676451d975acf44,ok,biochemical_ude,biochemical,ude_mm,neural_rate,2,25,9,-61.90223723644729,-162.57041474302545,0.00039859421699083974,0,0.15596482460401973,56.12359850000212,9,-144.57041474302545,-132.57041474302545,-133.60053231921165,-149.51285609069984,-143.4183020612796,-137.32374803185937,-125.1346399730189,-154.45729739227443,-99.42625835521365,4.056558675375513,24.37821611768093,38.76594027013087
2.0,6676451d975acf44,ok,biochemical_ude,biochemical,ude_mm,neural_rate,3,25,9,-63.760739699661116,-166.82323478923976,0.00011102303418203086,2,0.10437034015564706,56.84304020000127,9,-148.82323478923976,-136.82323478923976,-137.85335236542596,-154.1690618410294,-148.04540960624743,-141.9217573714655,-129.67445290190162,-158.96075506855746,-103.02687046019446,3.9312398603411522,24.49460893912778,39.30175538991753
2.0,6676451d975acf44,ok,biochemical_ude,biochemical,ude_mm,neural_rate,4,25,9,-56.74283534750788,-150.23713271810885,0.0001169187978365834,3,0.16063741739590398,52.338884199998574,9,-132.23713271810885,-120.23713271810885,-121.26725029429505,-137.90504925875334,-131.90339823050948,-125.90174720226561,-113.89844514577788,-142.57477844890653,-89.4790665820403,3.831177134601166,24.006604112975452,36.75146202309309
2.0,6676451d975acf44,ok,biochemical_ude,biochemical,ude_mm,neural_rate,5,25,9,-50.672340805508625,-144.85834830438148,0.000263815088576015,3,1.0148371655727004,51.59717059999821,9,-126.85834830438148,-114.85834830438148,-115.88846588056768,-132.12823618936534,-125.98612195475803,-119.84400772015073,-107.55977925093612,-136.9486849264614,-76.77622467258803,3.954831688960036,24.568456938429225,43.51366669336422
2.0,6676451d975acf44,ok,biochemical_ude,biochemical,ude_mm,neural_rate,6,25,9,-50.998838865544286,-145.95409788031878,5.6533093941850246e-05,2,0.6922761385971654,52.42584949999582,9,-127.95409788031878,-115.95409788031878,-116.98421545650498,-133.18437660327155,-127.06767474305099,-120.95097288283041,-108.71756916238928,-138.01982394630016,-77.53087029020631,3.967136967009311,24.466807440882263,43.956420149230205
2.0,6676451d975acf44,ok,biochemical_ude,biochemical,ude_mm,neural_rate,7,25,9,-60.81369755247487,-158.78421173405218,0.005639695469343848,3,0.11777408821850344,54.747189000001526,9,-140.78421173405218,-128.78421173405218,-129.81432931023838,-146.26593535239726,-140.1828913433728,-134.09984733434834,-121.93375931629943,-151.0061692976575,-97.2952190688519,3.8890212181973434,24.332176036097838,37.15681662910244
2.0,6676451d975acf44,ok,biochemical_ude,biochemical,ude_mm,neural_rate,8,25,9,-59.51502235744234,-156.24249068614688,0.00016829202753473028,0,0.1595670789097312,53.178020899998955,9,-138.24249068614688,-126.24249068614688,-127.27260826233308,-143.40129679381874,-137.18304571642636,-130.96479463903398,-118.52829248424922,-148.2638083193899,-94.15704040531514,3.989341183378492,24.87300430956953,37.2124459712622
2.0,6676451d975acf44,ok,biochemical_ude,biochemical,ude_mm,neural_rate,9,25,9,-57.79681639678971,-151.08426906856639,5.0360645728238647e-05,1,0.046568045842050765,53.234499499994854,9,-133.08426906856639,-121.08426906856639,-122.11438664475259,-138.75560157453285,-132.7047989761726,-126.65399637781238,-114.5523911810919,-143.42403725795384,-91.39042240013848,3.830115905306269,24.203210393440937,35.49063627498697
2.0,6676451d975acf44,ok,biochemical_ude,biochemical,ude_mm,neural_rate,10,25,9,-60.741296168847846,-160.00910598386537,7.030963860305716e-05,4,0.1407701352346109,52.547385400001076,9,-142.00910598386537,-130.00910598386537,-131.03922356005157,-146.9842610561236,-140.8766622641037,-134.76906347208381,-122.55386588804404,-151.91631481303784,-97.05219716961614,4.046395585413766,24.43039516807955,38.526513646169676
2.0,6676451d975acf44,ok,biochemical_ude,biochemical,ude_mm,neural_rate,11,25,9,-60.69148336635442,-153.80821366381178,0.00026757077605574675,3,0.27644236355659757,53.5079138000001,9,-135.80821366381178,-123.80821366381178,-124.83833123999798,-141.0368596938955,-134.97923073592582,-128.92160177795614,-116.80634386201679,-145.8729252806762,-97.15245090083012,3.9676441915677803,24.230515831878716,32.42524693110294
2.0,6676451d975acf44,ok,biochemical_ude,biochemical,ude_mm,neural_rate,12,25,9,-60.800583774087634,-155.97620503828387,3.176789034536952e-05,4,0.026510494281481556,54.49117630000546,9,-137.97620503828387,-125.97620503828387,-127.00632261447006,-143.22932973004959,-137.13313456565427,-131.03693940125896,-118.84454907246837,-148.05612610280258,-97.21638689059404,3.960039467740643,24.384780657581224,34.375037490108596
2.0,6676451d975acf44,ok,biochemical_ude,biochemical,ude_mm,neural_rate,13,25,9,-56.3854950127386,-151.63942571219133,7.403496424311962e-05,1,0.0017337440779101598,51.72542819999944,9,-133.63942571219133,-121.63942571219133,-122.66954328837753,-139.22446065065722,-133.1391242248817,-127.0537877991062,-114.88311494755519,-143.92557420812318,-88.42964432237517,3.856925752034077,24.34134570310204,38.86843568671412
2.0,6676451d975acf44,ok,biochemical_ude,biochemical,ude_mm,neural_rate,14,25,9,-61.074341337126626,-161.35612947476866,0.00010197158484066724,4,0.19017272986986455,51.91467420000117,9,-143.35612947476866,-131.35612947476866,-132.38624705095486,-148.49822915461988,-142.3779065385096,-136.2575839223993,-124.01693869017876,-153.367066820775,-97.66739220981214,3.994531326996829,24.481290464441123,39.207446800515406
2.0,6676451d975acf44,ok,biochemical_ude,biochemical,ude_mm,neural_rate,15,25,9,-48.468483712227524,-140.1162993115083,0.0024382684713152945,0,0.10074516109653331,59.328326200004085,9,-122.1162993115083,-110.1162993115083,-111.1464168876945,-127.0826533386121,-120.99800184514909,-114.91335035168608,-102.74404736476006,-132.0180397438657,-72.598361450603,4.049129783821304,24.338605973852047,43.17933188705325
2.0,6676451d975acf44,ok,biochemical_ude,biochemical,ude_mm,neural_rate,16,25,9,-61.64392413906822,-159.48036716479072,3.5243200145848965e-05,1,0.007254406612240416,55.08631189999869,9,-141.48036716479072,-129.48036716479072,-130.51048474097692,-146.61196126446313,-140.53902371861335,-134.46608617276357,-122.32021108106399,-151.48477702682416,-98.99609809473729,3.9977950689832857,24.29175018339914,36.19251888665429
2.0,6676451d975acf44,ok,biochemical_ude,biochemical,ude_mm,neural_rate,17,25,9,-53.93375024070936,-144.9345271166924,4.778701570770558e-05,1,0.10504437685688117,55.48098430000391,9,-126.93452711669241,-114.93452711669241,-115.96464469287861,-132.01285102926002,-125.96058710527578,-119.90832318129152,-107.80379533332302,-136.9058383505071,-83.65844478548172,4.014344383092653,24.209055695936996,37.06702663527369
2.0,6676451d975acf44,ok,biochemical_ude,biochemical,ude_mm,neural_rate,18,25,9,-62.62821524490744,-160.4836827327904,7.376995682329622e-05,2,0.32046313594202047,62.00319000000309,9,-142.4836827327904,-130.4836827327904,-131.5138003089766,-147.79407863536923,-141.72353648010824,-135.65299432484724,-123.51191001432528,-152.59918840133184,-100.97426186877092,3.9422471657292824,24.282168621043958,35.22725224297553
2.0,6676451d975acf44,ok,biochemical_ude,biochemical,ude_mm,neural_rate,19,25,9,-57.699757507210506,-149.38138410778177,7.205410907332265e-05,2,0.22217343718341453,91.3238377000016,9,-131.38138410778177,-119.38138410778177,-120.41150168396797,-136.83067904029826,-130.8109491842008,-124.79121932810338,-112.75175961590848,-141.58319259599992,-91.32059559003123,3.8990957558909263,24.07891942438978,33.981869093360764
2.0,6676451d975acf44,ok,biochemical_ude,biochemical,ude_mm,neural_rate,20,25,9,-53.257895893507076,-144.25548440722406,0.00016082616847240463,3,0.16216721319716498,115.26260940000066,9,-126.25548440722406,-114.25548440722406,-115.28560198341026,-131.4346164645584,-125.33283730086279,-119.2310581371672,-107.02749980977599,-136.28943126307047,-82.10867513223175,3.983026572076799,24.4071166547824,37.73969262020991
2.0,6676451d975acf44,ok,biochemical_ude,biochemical,ude_mm,neural_rate,21,25,9,-62.31466647599315,-162.46405866200303,0.0003310027361270033,4,0.2758422266057323,118.81621649999579,9,-144.46405866200303,-132.46405866200303,-133.49417623818923,-149.67273370026763,-143.58336279241368,-137.49399188455973,-125.31525006885184,-154.51636160397243,-100.27184932057051,3.973848529015295,24.357483631415782,37.83472571001672
2.0,6676451d975acf44,ok,biochemical_ude,biochemical,ude_mm,neural_rate,22,25,9,-63.97236443796367,-163.53534239206112,0.0002693347226307308,2,0.16041598091763376,120.13656579999952,9,-145.53534239206112,-133.53534239206112,-134.56545996824732,-150.87066997620929,-144.77108078676216,-138.67149159731503,-126.4723132184208,-155.66633898533888,-103.54637211813883,3.9345017033611165,24.3983567577885,35.590613516133786
2.0,6676451d975acf44,ok,biochemical_ude,biochemical,ude_mm,neural_rate,23,25,9,-61.817038972583376,-159.97179085503615,0.0001451983095825079,3,0.13424569276969578,117.10701740000513,9,-141.97179085503615,-129.97179085503615,-131.00190843122235,-147.20232144641227,-141.14768885962138,-135.0930562728305,-122.98379109924875,-152.03767341566785,-99.41554759800323,3.9670587196841445,24.21853034716353,36.33771290986939
2.0,6676451d975acf44,ok,biochemical_ude,biochemical,ude_mm,neural_rate,24,25,9,-60.9557080410781,-157.37037977644718,0.0001022874283491597,2,0.07452077470957619,120.37138949999644,9,-139.37037977644718,-127.37037977644718,-128.40049735263338,-144.92600628488074,-138.80280813431662,-132.6796099837525,-120.43321368262426,-149.6382557874294,-97.41862347989971,3.8660619945088968,24.492792602256493,35.45896369429099
2.0,6676451d975acf44,ok,biochemical_ude,biochemical,ude_mm,neural_rate,25,25,9,-58.76207602780896,-153.07502609734902,3.914889333362581e-05,3,0.08479860360117186,117.18987940000079,9,-135.07502609734902,-123.07502609734902,-124.10514367353522,-140.85024254559895,-134.7973781985494,-128.74451385149985,-116.63878515740075,-145.47934100921697,-93.31269466741972,3.797842544066028,24.211457388198195,35.55087404173111
2.0,6676451d975acf44,ok,biochemical_ude,biochemical,ude_mm,neural_rate,26,25,9,-62.32597938428163,-159.04925399174093,0.00014538451328986924,0,0.11274446072206246,115.31105679999746,9,-141.04925399174093,-129.04925399174093,-130.07937156792713,-146.64526378542297,-140.5948924029627,-134.5445210205024,-122.44377825558186,-151.34222154862027,-100.45047323872214,3.8535162215603194,24.201485529841115,34.397295223177665
2.0,6676451d975acf44,ok,biochemical_ude,biochemical,ude_mm,neural_rate,27,25,9,-59.82071642279977,-157.53240700915623,3.904471509754829e-05,0,0.23406079344582054,111.31492029999936,9,-139.53240700915623,-127.53240700915623,-128.56252458534243,-144.56260276527627,-138.49159103379054,-132.42057930230484,-120.27855583933342,-149.4738145380341,-95.35738591965669,4.029296235561063,24.28404692594285,37.89097416355669
2.0,6676451d975acf44,ok,biochemical_ude,biochemical,ude_mm,neural_rate,28,25,9,-55.14969303933553,-147.66820354194928,0.00010143404707904402,2,0.3350783242083395,106.32791890000226,9,-129.66820354194928,-117.66820354194928,-118.69832111813548,-134.32014915851607,-128.2156579281561,-122.11116669779614,-109.90218423707621,-139.37459104512067,-85.8814211572312,4.1468062484143084,24.41796492143986,37.36881746327822
2.0,6676451d975acf44,ok,biochemical_ude,biochemical,ude_mm,neural_rate,29,25,9,-61.73333361848719,-159.61147759455258,0.00022998842572584808,4,0.09403402194818256,118.3709461000035,9,-141.61147759455258,-129.61147759455258,-130.64159517073878,-146.51142355687486,-140.40980118201128,-134.3081788071477,-122.10493405742052,-151.47195637632473,-99.06017773752004,4.069760609113934,24.406489499454338,36.14481035757821
2.0,6676451d975acf44,ok,biochemical_ude,biochemical,ude_mm,ude_mm,0,25,11,-79.80746421709686,-166.87877707849492,8.447087963968543e-05,4,0.0061122467295007255,72.68956729999627,6,-144.87877707849492,-124.57108477080261,-131.4711430049447,-156.01217887769144,-151.45570527829273,-146.89923167889404,-137.7862844800966,-160.12697999651309,-141.3890340365989,3.375898540990914,18.22589439759482,7.263848644301179
2.0,6676451d975acf44,ok,biochemical_ude,biochemical,ude_mm,ude_mm,1,25,11,-81.46457240070112,-165.5460194434251,3.3677000739595074e-05,2,5.460267449564071e-05,81.50463129999844,6,-143.5460194434251,-123.2383271357328,-130.1383853698749,-158.8091324467325,-155.1896607894862,-151.57018913223993,-144.33124581774737,-161.3601562021996,-148.4512581724171,2.092931620612754,14.47788662898513,2.616874642022874
2.0,6676451d975acf44,ok,biochemical_ude,biochemical,ude_mm,ude_mm,2,25,11,-82.00991815521792,-167.68709948154043,0.0005006540366409291,0,0.0014725898652727665,84.8689594000025,6,-145.68709948154043,-125.37940717384812,-132.27946540799022,-159.4120768486094,-155.45675572912265,-151.5014346096359,-143.59079237066246,-162.5455388354289,-148.1985518324889,2.5707803230557613,15.821284477946932,3.6672631711045875
2.0,6676451d975acf44,ok,biochemical_ude,biochemical,ude_mm,ude_mm,3,25,11,-85.21011288178356,-173.2294954200112,4.8843427552185455e-05,0,0.0025703648046970784,70.79879999999685,6,-151.2294954200112,-130.9218031123189,-137.821861346461,-165.88087093994332,-162.12565279667416,-158.37043465340497,-150.85999836686662,-168.66353830958505,-155.39935319049042,2.282978555213072,15.020872573076701,2.8092696564440915
2.0,6676451d975acf44,ok,biochemical_ude,biochemical,ude_mm,ude_mm,4,25,11,-76.72627885556828,-161.84460525183664,9.225513847119716e-06,4,0.009780405511818913,70.91868840000097,6,-139.84460525183664,-119.53691294414433,-126.43697117828643,-150.8355497193464,-146.2026516599683,-141.5697536005902,-132.30395748183398,-155.0042944529937,-134.92096547362414,3.4201553994214753,18.531592237512434,8.39204754070008
2.0,6676451d975acf44,ok,biochemical_ude,biochemical,ude_mm,ude_mm,5,25,11,-75.1247019315625,-158.50687097794838,0.00011717488109573796,2,0.11379898908433006,74.13984469999559,6,-136.50687097794838,-116.19917867025607,-123.09923690439817,-147.34069689285172,-142.6964083333682,-138.0521197738847,-128.76354265491764,-151.5689369335036,-131.67224962519091,3.4689670222223814,18.57715423793407,8.257467114823399
2.0,6676451d975acf44,ok,biochemical_ude,biochemical,ude_mm,ude_mm,6,25,11,-74.4096128741378,-153.77059201888486,4.6757464631848925e-05,4,0.0031812940107585064,71.11122050000267,6,-131.77059201888486,-111.46289971119255,-118.36295794533464,-144.0064810344445,-139.73330357979893,-135.46012612515338,-126.91377121586225,-147.70380875933483,-131.72651592969336,3.033391629775013,17.09270981858225,4.951366270609246
2.0,6676451d975acf44,ok,biochemical_ude,biochemical,ude_mm,ude_mm,7,25,11,-80.29843567191945,-166.6094634876307,4.129056661066993e-05,3,0.023086933062202775,73.39571519999299,6,-144.6094634876307,-124.3017711799384,-131.2018294140805,-156.26130990596593,-151.8354277846944,-147.40954566342285,-138.55778142087976,-160.17979415915423,-142.89334285875273,3.214834664238246,17.70352848508616,6.012592143791802
2.0,6676451d975acf44,ok,biochemical_ude,biochemical,ude_mm,ude_mm,8,25,11,-78.8057612111387,-159.9666104353781,6.6658620050633565e-06,0,0.0309604766750482,71.48600019999867,2,-137.9666104353781,-117.6589181276858,-124.55897636182789,-153.58057813166494,-150.02454760325102,-146.4685170748371,-139.35645601800925,-155.9987454718549,-143.38740030862172,1.9839324817615949,14.22412211365567,2.355088013100692
2.0,6676451d975acf44,ok,biochemical_ude,biochemical,ude_mm,ude_mm,9,25,11,-75.0729047295472,-154.7823705979917,3.6725362041808945e-05,1,0.004636709511530057,69.9869278000042,6,-132.7823705979917,-112.4746782902994,-119.37473652444149,-145.26297626617693,-141.05690941965727,-136.85084257313758,-128.43870888009823,-148.86763834378644,-133.3215420730157,2.95736612710263,16.82426738607869,4.636561138897285
2.0,6676451d975acf44,ok,biochemical_ude,biochemical,ude_mm,ude_mm,10,25,11,-80.09167198310658,-167.6452415135789,0.00010037668204216582,1,0.0011369638835390106,77.59408350000012,6,-145.6452415135789,-125.33754920588659,-132.23760744002868,-156.6820262535342,-152.1039346523205,-147.52584305110682,-138.36965984867945,-160.83341287741607,-141.87097756135842,3.405914318081411,18.31236640485475,7.4618975473657505
2.0,6676451d975acf44,ok,biochemical_ude,biochemical,ude_mm,ude_mm,11,25,11,-71.0959455374464,-148.92069782105523,6.715699440776633e-05,2,0.0012877051816388985,75.45890520000103,6,-126.92069782105523,-106.61300551336292,-113.51306374750502,-138.3362063345263,-133.856805055239,-129.3774037759517,-120.41860121737709,-142.34418349592602,-124.27428595774357,3.2882571625646064,17.91760511714922,6.7288067461624355
2.0,6676451d975acf44,ok,biochemical_ude,biochemical,ude_mm,ude_mm,12,25,11,-76.46268390545919,-156.33224860804853,4.4197072592940337e-05,3,0.005891943627560181,72.40555339999992,6,-134.33224860804853,-114.02455630035622,-120.92461453449832,-147.83847135296563,-143.86363934224076,-139.88880733151586,-131.9391433100661,-151.05476807309768,-137.02603976801885,2.638740267475425,15.899328042899514,3.406880797130145
2.0,6676451d975acf44,ok,biochemical_ude,biochemical,ude_mm,ude_mm,13,25,11,-77.43100255453247,-158.15255011492022,7.208101058482162e-05,3,0.00018590924612738036,76.78789539999707,6,-136.15255011492022,-115.84485780722791,-122.74491604137,-151.0848682347709,-147.3982843036802,-143.71170037258952,-136.33853251040816,-153.7611524564295,-140.1156693847022,2.195698829245361,14.74633572436276,3.290545005855279
2.0,6676451d975acf44,ok,biochemical_ude,biochemical,ude_mm,ude_mm,14,25,11,-80.97470616327703,-167.3673127872779,4.3505294666835526e-05,1,0.02198923119037488,75.04455759999837,6,-145.3673127872779,-125.0596204795856,-131.9596787137277,-157.20910448766142,-152.8534849354039,-148.49786538314643,-139.78662627863145,-161.0556630981928,-144.5269341175241,3.155824844542556,17.42247820902999,5.417900460723839
2.0,6676451d975acf44,ok,biochemical_ude,biochemical,ude_mm,ude_mm,15,25,11,-71.81897887961043,-151.43324346211242,3.811567097948002e-05,4,0.056354582218531846,74.51839189999737,6,-129.43324346211242,-109.12555115442011,-116.0256093885622,-140.42084989600033,-135.8408285163445,-131.26080713668864,-122.10076437737698,-144.59085862636746,-125.3178722405975,3.421192417872471,18.320085518623358,7.795285702891563
2.0,6676451d975acf44,ok,biochemical_ude,biochemical,ude_mm,ude_mm,16,25,11,-79.19611930185992,-164.48861650634984,2.33467738234458e-05,3,0.09083030319291652,79.76664280000114,6,-142.48861650634984,-122.18092419865754,-129.08098243279963,-154.0528271490155,-149.61234530693324,-145.17186346485096,-136.29089978068643,-158.00449600893262,-140.63031123539076,3.2420602487086128,17.76192736832909,6.096377902630008
2.0,6676451d975acf44,ok,biochemical_ude,biochemical,ude_mm,ude_mm,17,25,11,-72.38285784593887,-149.67412712021905,1.9161106321818637e-05,1,0.012369232460017088,75.70572879999963,6,-127.67412712021905,-107.36643481252675,-114.26649304666884,-140.0584263566409,-135.82706298315895,-131.59569960967698,-123.13297286271309,-143.6995563155364,-127.84026219794994,2.987285402341326,16.925453493927808,4.908411428341304
2.0,6676451d975acf44,ok,biochemical_ude,biochemical,ude_mm,ude_mm,18,25,11,-79.76369083801593,-163.39959464173634,2.944681920769634e-05,4,0.006764699665509966,97.18853200000012,6,-141.39959464173634,-121.09190233404404,-127.99196056818613,-154.6943632922938,-150.67991488314172,-146.66546647398962,-138.63656965568546,-157.99073029090417,-143.46958803942354,2.7044321754160823,16.057793636608313,3.872212965704473
2.0,6676451d975acf44,ok,biochemical_ude,biochemical,ude_mm,ude_mm,19,25,11,-73.4549284440516,-151.7031387160896,1.9926051729430962e-05,3,0.005452406345440863,131.84919110000192,6,-129.7031387160896,-109.39544640839729,-116.29550464253938,-142.36282401943225,-138.2031479758711,-134.04347193230993,-125.72411984518762,-145.89967489527584,-130.27115271385856,2.901731910406883,16.638704174244637,4.793281827986387
2.0,6676451d975acf44,ok,biochemical_ude,biochemical,ude_mm,ude_mm,20,25,11,-73.09312637671275,-150.35723645018584,4.0781277384152465e-06,3,0.001206199764155258,145.64445059999707,6,-128.35723645018584,-108.04954414249353,-114.94960237663562,-141.65909725302674,-137.58924748984424,-133.51939772666174,-125.37969820029672,-144.95277870132858,-129.90685370069545,2.702228874428621,16.27939905273003,4.170983696760343
2.0,6676451d975acf44,ok,biochemical_ude,biochemical,ude_mm,ude_mm,21,25,11,-81.91522306380162,-167.07215793296308,3.042934489748399e-05,1,0.0022305522186343296,172.5258543999953,6,-145.07215793296308,-124.76446562527077,-131.66452385941287,-159.9857945438111,-156.27855303082225,-152.57131151783344,-145.15682849185578,-162.66915280029872,-149.00148007564792,2.201502566332188,14.828966051955328,3.2417118053598477
2.0,6676451d975acf44,ok,biochemical_ude,biochemical,ude_mm,ude_mm,22,25,11,-82.66914386376773,-168.44618224365558,1.690317711141388e-05,3,0.0017000722952502656,156.62401300000056,6,-146.44618224365558,-126.13848993596328,-133.03854817010537,-161.04112520125213,-157.28524321695133,-153.52936123265056,-146.017597264049,-163.84516161080364,-150.31475979033232,2.3005103164259704,15.023527937203154,3.107894516120122
2.0,6676451d975acf44,ok,biochemical_ude,biochemical,ude_mm,ude_mm,23,25,11,-80.35892202099868,-164.31127866721448,0.00017193005441838306,3,0.006822066521607439,179.63941630000045,6,-142.31127866721448,-122.00358635952217,-128.90364459366427,-156.7559871319245,-152.95146887188002,-149.14695061183554,-141.53791409174653,-159.6169120955563,-145.49977100181937,2.3471832858290878,15.218073040177982,3.5934346252171356
2.0,6676451d975acf44,ok,biochemical_ude,biochemical,ude_mm,ude_mm,24,25,11,-79.15530149603208,-161.17888108165394,3.331984535918192e-05,2,0.05519975515969122,168.76412490000075,6,-139.17888108165394,-118.87118877396163,-125.77124700810373,-153.8851480034389,-150.15610265912647,-146.42705731481408,-138.96896662618923,-156.64702991680593,-143.39442161481452,2.2659255824240065,14.916181377249657,2.8682780895897713
2.0,6676451d975acf44,ok,biochemical_ude,biochemical,ude_mm,ude_mm,25,25,11,-77.96913663552577,-159.26555956408828,2.4808179340263404e-05,4,0.01029281331311438,167.93308779999643,6,-137.26555956408828,-116.95786725639597,-123.85792549053807,-152.13120931289944,-148.43742468865915,-144.74364006441883,-137.35607081593824,-154.8327385176405,-141.16313477409034,2.216410523223883,14.775138496961208,3.32728629303673
2.0,6676451d975acf44,ok,biochemical_ude,biochemical,ude_mm,ude_mm,26,25,11,-79.44092554664648,-164.08555965471922,1.1396792188723739e-05,0,0.003275480639402417,147.9275953000033,6,-142.08555965471922,-121.77786734702691,-128.677925581169,-154.27396289914486,-149.98314071622758,-145.69231853331033,-137.1106741674758,-157.98927182666912,-141.7185623616239,3.048143914025043,17.16328873166907,5.2037085614262475
2.0,6676451d975acf44,ok,biochemical_ude,biochemical,ude_mm,ude_mm,27,25,11,-79.25966203613285,-164.7222402581401,0.00012889314876349608,1,0.004892261120318153,161.3028964999976,6,-142.7222402581401,-122.41454795044778,-129.31460618458988,-154.49675494712136,-150.11417991137563,-145.73160487562993,-136.9664548041385,-158.368789011578,-140.98902392928284,3.176725623281047,17.530300142982874,6.202916185874379
2.0,6676451d975acf44,ok,biochemical_ude,biochemical,ude_mm,ude_mm,28,25,11,-72.24792420600234,-151.6545545116311,3.114910744855746e-05,1,0.004007211194334559,158.74011659999815,6,-129.6545545116311,-109.34686220393878,-116.24692043808088,-140.95578188098304,-136.45471410820807,-131.95364633543312,-122.95151078988319,-145.0070333192992,-126.49157732090482,3.32376059616594,18.004271091099856,7.158706099626409
2.0,6676451d975acf44,ok,biochemical_ude,biochemical,ude_mm,ude_mm,29,25,11,-78.48830300861277,-162.89522439611966,0.0002703653291648562,0,0.00022476059282894312,161.8559610999946,6,-140.89522439611966,-120.58753208842735,-127.48759032256945,-153.477144047842,-149.20769293394974,-144.9382418200575,-136.399339592273,-157.0434420592454,-139.89880156165657,2.925891168437136,17.077804455568966,5.918618378894113
2.0,7a490a2bc6c6a551,ok,ecology_rm,ecology,rm,lv,0,62,4,75.2272018479895,76.59170067210772,0.006510517835975943,3,39.04110918948061,257.4141636000131,4,84.59170067210772,85.29345505807264,93.10023821228809,88.18948219248578,95.17807637596492,102.16667055944406,116.14385892640233,82.21195939806697,178.40878042989556,2.8101293629796222,27.954376733916547,73.86270302387128
2.0,7a490a2bc6c6a551,ok,ecology_rm,ecology,rm,lv,1,62,4,56.72814326771398,44.910229299980244,0.0020333708618293336,4,2.2128369818521776,238.63512489999994,4,52.910229299980244,53.611983685945155,61.418766840160615,56.87249239874701,63.87282586562022,70.87315933249343,84.87382626623986,50.70711497548076,141.4576204029208,2.8984428377502596,28.001333867492843,68.54605723544772
2.0,7a490a2bc6c6a551,ok,ecology_rm,ecology,rm,lv,2,62,4,1288.6851547499173,2560.9885055744076,0.0031850211304081583,0,3.3144260669359937e-09,67.91417970000475,4,2568.9885055744076,2569.6902599603723,2577.497043114588,2575.924003098585,2585.0888785912625,2594.2537540839394,2612.5835050692936,2568.2262139360723,2614.029811470543,3.6188541808323738,36.65950197070847,16.38180392542686
2.0,7a490a2bc6c6a551,ok,ecology_rm,ecology,rm,lv,3,62,4,60.38267376171319,50.539648831254624,0.0005855784009978454,0,21.110847999634387,83.30770019999909,4,58.539648831254624,59.241403217219535,67.048186371435,62.389972935248544,69.37522693066393,76.3604809260793,90.33098891691006,56.282289122752886,148.7063635050879,2.8713201457491304,27.94101598166152,70.22569869217176
2.0,7a490a2bc6c6a551,ok,ecology_rm,ecology,rm,lv,4,62,4,46.81643420214651,23.8980366226196,0.011583578200892163,2,72.3100827520548,118.32115879999765,4,31.8980366226196,32.59979100858451,40.40657416279997,35.83718454138817,42.849917333532154,49.86265012567615,63.888115709964126,29.68372073410904,121.68379957286898,2.8928420557447203,28.050931168575953,69.73483178167342
2.0,7a490a2bc6c6a551,ok,ecology_rm,ecology,rm,lv,5,62,4,71.35548335539607,66.76036819939338,0.00805868101226149,1,9.42366690675378,118.43482640000002,4,74.76036819939338,75.4621225853583,83.26890573957375,78.21809613114152,85.22042206752243,92.22274800390335,106.22739987666519,72.3127572726767,170.7202704563158,2.7761945366416625,28.009303745523667,75.95059851139878
2.0,7a490a2bc6c6a551,ok,ecology_rm,ecology,rm,lv,6,62,4,79.0343038160747,87.3693477120176,0.02725124650260191,4,0.1234123010623307,114.70823109999765,4,95.3693477120176,96.07110209798252,103.87788525219797,99.23688669427561,106.25437578346634,113.27186487265709,127.30684305103857,93.12033029463508,186.13856398891235,2.87549129130874,28.069956356762958,70.6992599201318
2.0,7a490a2bc6c6a551,ok,ecology_rm,ecology,rm,lv,7,62,4,68.2590701431356,65.9847062178215,0.02629469653645536,4,98.20263007681376,124.02032109999709,4,73.9847062178215,74.68646060378641,82.49324375800187,77.78344102376232,84.75376254102233,91.72408405828232,105.66472709280231,71.7023464520209,164.3994263553112,2.858820117099703,27.881286069039994,70.53343406844972
2.0,7a490a2bc6c6a551,ok,ecology_rm,ecology,rm,lv,8,62,4,53.48544081022811,37.20286182295132,0.0035405100736720175,0,0.9578461422429569,119.17930379999598,4,45.20286182295132,45.90461620891623,53.71139936313169,49.01293551844566,55.967488383961765,62.92204124947787,76.83114698051008,42.92599685741437,134.78909308252065,2.861567517231525,27.81821146206442,69.7680197975049
2.0,7a490a2bc6c6a551,ok,ecology_rm,ecology,rm,lv,9,62,4,110.89670593470197,148.87865729416836,0.017821060403790095,2,8.702545544362948,120.88758880000387,4,156.87865729416836,157.58041168013327,165.38719483434872,160.44578477115894,167.37941338271932,174.3130419942797,188.18029921740043,154.484061139948,249.52792631564543,2.8027019228898222,27.734514446241498,72.91475457523556
2.0,7a490a2bc6c6a551,ok,ecology_rm,ecology,rm,lv,10,62,4,55.41207099695994,42.117634732634826,0.001335886144451503,4,3.017986724400849,112.3841253999999,4,50.117634732634826,50.81938911859974,58.6261722728152,54.046745718298155,61.031956948048304,68.01716817779845,81.98759063729875,47.89845496901441,138.76498691292048,2.8904101181897905,27.940844919000604,68.70650726128505
2.0,7a490a2bc6c6a551,ok,ecology_rm,ecology,rm,lv,11,62,4,97.19444572970319,125.62748449687257,0.0009537561623447654,1,14.992184163728012,117.8111454999962,4,133.62748449687257,134.32923888283747,142.13602203705292,137.49767375939328,144.4372795627109,151.3768853660285,165.2560969726637,131.3797513993185,222.1473146726768,2.8761334512229677,27.75842321327043,68.76140696253381
2.0,7a490a2bc6c6a551,ok,ecology_rm,ecology,rm,lv,12,62,4,79.79295958349317,85.18537167922432,0.0031439053472229242,1,16.04265424043976,123.01194070000201,4,93.18537167922432,93.88712606518924,101.69390921940469,96.74374044594128,103.7344355184522,110.72513059096312,124.70652073598495,90.78653107379087,187.54869945703,2.8005796972832737,27.96278029004366,74.40054748776201
2.0,7a490a2bc6c6a551,ok,ecology_rm,ecology,rm,lv,13,62,4,100.79562886259191,127.25851288706036,0.0033058701354548724,0,1214.5807637377989,115.87239469999622,4,135.25851288706036,135.96026727302527,143.76705042724072,138.8201213028623,145.81142142429928,152.80272154573626,166.78532178861025,132.86124220825528,229.55645821093174,2.8013646605974607,27.96520048574793,74.33274483812347
2.0,7a490a2bc6c6a551,ok,ecology_rm,ecology,rm,lv,14,62,4,113.07260529924807,147.46143702122953,0.004857820055910466,1,0.04849217299201314,120.1804875999951,4,155.46143702122953,156.16319140719443,163.96997456140988,158.73817595894866,165.72492160714364,172.71166725533863,186.6851585517286,152.9261192368516,254.09219319127607,2.73234110781104,27.946982592779946,78.68377357726662
2.0,7a490a2bc6c6a551,ok,ecology_rm,ecology,rm,lv,15,62,4,62.704704577803454,60.829259586843364,0.00784726228754708,4,43.46529252409749,123.42524060000142,4,68.82925958684336,69.53101397280828,77.33779712702373,72.93612215877913,79.86208701851837,86.78805187825762,100.6399815977361,66.6962178403985,153.1132685945639,2.9334791267775726,27.70385943895697,64.58014956876355
2.0,7a490a2bc6c6a551,ok,ecology_rm,ecology,rm,lv,16,62,4,51.06624344124283,32.421640639143504,0.02055441801491511,1,34.302474216298016,64.80920820000028,4,40.421640639143504,41.123395025108415,48.930178179323875,44.22093306245657,51.1577010888647,58.09446911527283,71.96800516808909,38.13955109346187,129.8795589881182,2.8589552271591825,27.747072105632533,69.71084624334216
2.0,7a490a2bc6c6a551,ok,ecology_rm,ecology,rm,lv,17,62,4,52.656338545764925,34.88348738945297,0.0011240142333826832,0,6.963963797873923,71.52403150000464,4,42.88348738945297,43.58524177541788,51.39202492963334,46.74023896174736,53.744933438302205,60.749627914857044,74.75901686796674,40.6292424175703,133.33145499774923,2.872877514058668,28.018777906219373,70.42918970207688
2.0,7a490a2bc6c6a551,ok,ecology_rm,ecology,rm,lv,18,62,4,54.09364852713753,37.35308863921722,0.004596721283787903,0,1373.5320488268394,119.10225869999704,4,45.35308863921722,46.05484302518213,53.86162617939759,49.19201332065073,56.19325384673102,63.194494372811306,77.19697542497187,43.09020479629344,136.19225915859622,2.86855807853811,28.004962104321145,70.83420841505784
2.0,7a490a2bc6c6a551,ok,ecology_rm,ecology,rm,lv,19,62,4,69.41201968529123,66.68983485251368,0.00688743853696059,4,0.6792429132323718,121.92000089999783,4,74.68983485251368,75.3915892384786,83.19837239269405,78.37215307653221,85.34454205525921,92.31693103398621,106.26170899144019,72.35105987409285,166.71359528549044,2.830612510789587,27.889555914907977,72.13420451806877
2.0,7a490a2bc6c6a551,ok,ecology_rm,ecology,rm,lv,20,62,4,82.53935950053437,96.93013164050365,0.00952593754549953,4,41.068876850326134,60.92752699999983,4,104.93013164050365,105.63188602646856,113.43866918068402,108.83379786873668,115.75745122430872,122.68110457988075,136.52841129102484,102.69862140491095,192.77333242335692,2.8842448822036553,27.694613422288157,68.14858736056509
2.0,7a490a2bc6c6a551,ok,ecology_rm,ecology,rm,lv,21,62,4,78.6964472717262,81.41680234832751,0.007245129936899523,2,1.521485075148803,119.1774785000016,4,89.41680234832751,90.11855673429243,97.92533988850788,92.84219963269106,99.82999567412001,106.81779171554896,120.79338379840685,86.9535240629216,185.34407870916817,2.7683608572970475,27.951184165715787,75.97609219512489
2.0,7a490a2bc6c6a551,ok,ecology_rm,ecology,rm,lv,22,62,4,76.82950145030175,88.14595836456323,0.004171585123685893,3,30.66036281508326,104.69820710000204,4,96.14595836456323,96.84771275052815,104.6544959047436,100.18159367108166,107.09520876905822,114.00882386703479,127.83605406298793,93.97840004619601,181.31346329250977,2.9162208408163908,27.654460391906266,65.51304453604027
2.0,7a490a2bc6c6a551,ok,ecology_rm,ecology,rm,lv,23,62,4,83.93044419909455,95.0293185323186,0.0014184279674454992,3,5.858265353817032,116.71071099999972,4,103.0293185323186,103.73107291828352,111.53785607249897,106.674705194361,113.63949771032857,120.60429022629614,134.5338752582313,100.67264660239071,195.7200584620594,2.821664035036058,27.859170063870295,72.83156986587049
2.0,7a490a2bc6c6a551,ok,ecology_rm,ecology,rm,lv,24,62,4,79.25573704157449,85.28098442212081,0.004994550852465353,2,24.92604016996671,106.28281140000036,4,93.28098442212081,93.98273880808573,101.78952196230118,96.89173080668482,103.86050135862992,110.82927191057503,124.76681301446524,90.90752589197757,186.3865562909294,2.813270734928384,27.875082207780416,73.23048966102819
2.0,7a490a2bc6c6a551,ok,ecology_rm,ecology,rm,lv,25,62,4,67.24765355223309,60.5115744866589,0.007969562610791594,2,90.36488041811077,121.80519150000327,4,68.5115744866589,69.21332887262382,77.02011202683927,72.13763346987294,79.14510917011519,86.15258487035744,100.16753627084196,66.14553640723106,162.5252099054352,2.8169809602860836,28.02990280096902,73.98373261780728
2.0,7a490a2bc6c6a551,ok,ecology_rm,ecology,rm,lv,26,62,4,98.48875377564153,123.99486826599815,0.01474596380124679,0,39.433360674845574,118.90722950000054,4,131.99486826599815,132.69662265196305,140.5034058061785,135.6671671038094,142.65184468446972,149.63652226513005,163.60587742645072,129.65123791565458,224.91621787392438,2.8281848248282113,27.938710322641313,72.98263928528489
2.0,7a490a2bc6c6a551,ok,ecology_rm,ecology,rm,lv,27,62,4,93.18570265827397,109.71344519076291,0.010690920390862165,3,54.06587529766267,119.77890200000547,4,117.71344519076291,118.41519957672783,126.22198273094328,121.15879667353845,128.16492708528733,135.17105749703623,149.18331832053403,115.25983666483191,214.39592696354353,2.7731957370344964,28.024521646995584,76.65796012578502
2.0,7a490a2bc6c6a551,ok,ecology_rm,ecology,rm,lv,28,62,4,56.4444632768755,37.798435770612514,0.0033881187129642773,4,46.02926846908867,97.59753449999698,4,45.798435770612514,46.500190156577425,54.306973310792884,49.342922569505184,56.35041319089917,63.357903812293145,77.37288505508111,43.392867994930086,140.91888903932693,2.797216112158785,28.02996248557593,75.09049078313849
2.0,7a490a2bc6c6a551,ok,ecology_rm,ecology,rm,lv,29,62,4,83.63690412841679,94.08408209759017,0.001941152991455113,4,8.26577515729906,120.36771190000582,4,102.08408209759017,102.78583648355509,110.59261963777054,105.75693267682635,112.75520574129548,119.75347880576462,133.75002493470288,99.74071911989476,195.2669005147101,2.8283185111522955,27.993092257876523,73.1897261592434
2.0,7a490a2bc6c6a551,ok,ecology_rm,ecology,rm,neural_ode,0,62,14,-143.12435374414054,-289.26333042723394,5.60202626073505,3,0.04536714593422175,595.4946277000126,14,-261.26333042723394,-252.327160214468,-231.48344903660265,-263.4748135296167,-251.69947460743174,-239.92413568524674,-216.37345784087677,-276.76627339363534,-239.14735179954113,6.248528516799305,47.10135568873993,3.0146229389528645
2.0,7a490a2bc6c6a551,ok,ecology_rm,ecology,rm,neural_ode,1,62,14,-132.20105804376,-267.5933230651026,4.108218192240721,0,0.1506650205201936,220.5384530999945,14,-239.5933230651026,-230.65715285233665,-209.8134416744713,-240.17163690605733,-227.72840773551704,-215.28517856497675,-190.39872022389616,-254.3048358966647,-214.62919940535886,6.644243584218948,49.77291668216117,3.191206977582586
2.0,7a490a2bc6c6a551,ok,ecology_rm,ecology,rm,neural_ode,2,62,14,-137.44597777641656,-278.0946369566599,0.05397352423831101,0,0.17967422665469712,222.29404349999822,14,-250.09463695665988,-241.15846674389394,-220.3147555660286,-251.37028244716362,-239.52419906803846,-227.6781156889133,-203.98594893066294,-265.14407513035565,-227.50762203633244,6.475280913152111,47.38433351650067,3.2026814038268014
2.0,7a490a2bc6c6a551,ok,ecology_rm,ecology,rm,neural_ode,3,62,14,-145.19988753313692,-293.6858147081299,9.826364313962495,0,0.17001802613353334,287.51593480000156,13,-265.6858147081299,-256.74964449536395,-235.9059333174986,-268.9271964674401,-257.46717260395684,-246.0071487404736,-223.0871010135071,-281.6878442371881,-244.5596796123408,5.998985235470899,45.840095453933046,3.2860396418560844
2.0,7a490a2bc6c6a551,ok,ecology_rm,ecology,rm,neural_ode,4,62,14,-139.25859381883225,-282.1123421713406,0.17359612724497897,4,0.8124212480130382,286.8731340999948,14,-254.11234217134057,-245.17617195857463,-224.33246078070928,-254.4563282495195,-241.7906376280444,-229.1249470065693,-203.79356576361914,-268.71030029839636,-227.85442515176413,6.701020936472107,50.66276248590036,3.5951545336760837
2.0,7a490a2bc6c6a551,ok,ecology_rm,ecology,rm,neural_ode,5,62,14,-151.3830057652126,-305.7997370503181,5.425245835633381,0,0.00022488182463575868,291.7201577999949,13,-277.7997370503181,-268.8635668375521,-248.01985565968678,-281.02340931897766,-269.6844442722178,-258.34547922545795,-235.6675491319382,-293.7931846002118,-257.41015134338573,6.003276225053115,45.35586018703946,3.0337255198928563
2.0,7a490a2bc6c6a551,ok,ecology_rm,ecology,rm,neural_ode,6,62,14,-141.1653859180924,-285.1592384990067,1.506466052400397,0,0.2557863471270423,294.78649010000663,13,-257.1592384990067,-248.22306828624073,-227.3793571083754,-260.7759901598311,-249.4846330657071,-238.19327597158306,-215.61056178333502,-273.3431714343966,-237.1653434596887,5.908033532305047,45.16542837649609,2.828466662821888
2.0,7a490a2bc6c6a551,ok,ecology_rm,ecology,rm,neural_ode,7,62,14,-150.01646834348375,-303.1410436853126,0.36690126059715106,0,0.23182753601471973,296.5578625000053,13,-275.1410436853126,-266.20487347254664,-245.3611622946813,-278.9090983264524,-267.8150496057646,-256.7210008850768,-234.53290344370117,-291.3982977031774,-255.65674180421627,5.871372991067607,44.376194882751236,3.108106998345097
2.0,7a490a2bc6c6a551,ok,ecology_rm,ecology,rm,neural_ode,8,62,14,-143.62955062808228,-290.37948938778993,0.3025846910527988,0,0.45107884077631866,296.8482379999987,14,-262.37948938778993,-253.443319175024,-232.59960799715864,-265.3130188274578,-253.931023279595,-242.54902773173217,-219.78503663600648,-278.23233437817265,-241.73111906471323,6.073577504808636,45.527982191451336,3.120388131625389
2.0,7a490a2bc6c6a551,ok,ecology_rm,ecology,rm,neural_ode,9,62,14,-137.12745295530038,-278.9664597539928,0.8638738208676395,4,0.6568291524498306,296.304761899999,13,-250.9664597539928,-242.03028954122686,-221.18657836336152,-250.33715843915604,-237.26110175383732,-224.18504506851858,-198.03293169788114,-265.09276500900137,-221.95067916932587,6.936847372495715,52.30422674127491,4.711553843392055
2.0,7a490a2bc6c6a551,ok,ecology_rm,ecology,rm,neural_ode,10,62,14,-138.68706527599343,-280.9391550275339,13.735758648850187,3,0.6943729033066859,295.56254959999933,14,-252.9391550275339,-244.00298481476796,-223.1592736369026,-254.3766289618691,-242.25737568287292,-230.1381224038767,-205.89961584588434,-268.0670148995479,-228.8971174360021,6.436070063992979,48.47701311598477,3.565024475547047
2.0,7a490a2bc6c6a551,ok,ecology_rm,ecology,rm,neural_ode,11,62,14,-133.40711746645323,-270.26498455528946,0.9405009372559133,0,0.0870575893902128,296.5561613000027,11,-242.26498455528946,-233.32881434252351,-212.48510316465817,-249.2238484157242,-238.67282477891263,-228.12180114210105,-207.01975386847786,-260.068497512944,-224.61014038566012,5.098243521172712,42.20409454724634,3.4507496223830016
2.0,7a490a2bc6c6a551,ok,ecology_rm,ecology,rm,neural_ode,12,62,14,-137.31592341665032,-277.9929992638098,7.518991801570649,0,0.27164324735275613,295.2455533999964,14,-249.9929992638098,-241.05682905104385,-220.2131178731785,-250.71769465083335,-238.53385508332573,-226.35001551581814,-201.98233638080293,-264.77544826192815,-225.89648856327022,6.608775500940818,48.735358270030424,3.3611524305091516
2.0,7a490a2bc6c6a551,ok,ecology_rm,ecology,rm,neural_ode,13,62,14,-135.00319238110967,-273.0774017116573,0.9143677345296298,4,0.1668351787412803,290.68764609999926,14,-245.07740171165727,-236.14123149889133,-215.29752032102598,-247.59221621675053,-235.99602953558195,-224.39984285441338,-201.2074694920762,-260.7273383906015,-223.62163803754504,6.1750316605278925,46.384746724674315,3.0710169494379214
2.0,7a490a2bc6c6a551,ok,ecology_rm,ecology,rm,neural_ode,14,62,14,-142.81975685157292,-289.5644367923807,3.0667900287452072,0,0.07551526556332533,228.5265300999963,14,-261.5644367923807,-252.62826657961477,-231.78455540174943,-261.5217760017633,-249.19872163877156,-236.87566727577982,-212.2295585497963,-275.975026720234,-236.34729625117882,6.794705036073356,49.29221745196703,3.9249230892348876
2.0,7a490a2bc6c6a551,ok,ecology_rm,ecology,rm,neural_ode,15,62,14,-140.22749199219788,-284.40391077305014,9.683956302977272,4,0.20376426533331937,193.37040489999345,14,-256.40391077305014,-247.4677405602842,-226.62402938241885,-256.2072889474972,-243.45850159691898,-230.70971424634078,-205.21213954518436,-270.73989153116406,-229.45983458208292,6.83200962094305,50.995149402312855,3.9489267886543744
2.0,7a490a2bc6c6a551,ok,ecology_rm,ecology,rm,neural_ode,16,62,14,-146.1505588251732,-296.21486360953776,1.5277970258510605,3,0.23186087722254456,249.176195,14,-268.21486360953776,-259.2786933967718,-238.43498221890647,-267.8153287626006,-254.80672647236673,-241.79812418213285,-215.78091960166512,-282.45251317585934,-240.26670848941092,6.8811752168392015,52.03440916093545,3.913745959191402
2.0,7a490a2bc6c6a551,ok,ecology_rm,ecology,rm,neural_ode,17,62,14,-141.09864172358402,-285.1692179798713,0.15130319226056968,0,0.3638067321371352,291.82293989999744,14,-257.1692179798713,-248.23304776710535,-227.38933658924,-259.599205214394,-247.82539901970264,-236.05159282501134,-212.5039804356287,-272.7780475551176,-235.10205866840278,6.195585212376831,47.09522477876528,2.971934532703253
2.0,7a490a2bc6c6a551,ok,ecology_rm,ecology,rm,neural_ode,18,62,14,-138.9755891904801,-280.76113326613483,3.899191705790279,4,0.3596118113682678,246.29275049999706,13,-252.76113326613483,-243.8249630533689,-222.98125187550355,-256.22778378492495,-244.8361054790655,-233.44442717320604,-210.66107056148712,-268.872327527166,-232.38446515752236,5.94440286948442,45.566713223437816,2.809954885174649
2.0,7a490a2bc6c6a551,ok,ecology_rm,ecology,rm,neural_ode,19,62,14,-150.06558091024579,-303.49596054422693,0.9992475891210121,0,0.49349581811077314,231.05215750000207,13,-275.49596054422693,-266.559790331461,-245.71607915359564,-278.60425595147507,-267.27892227694093,-255.95358860240682,-233.30292125333858,-291.4334967277114,-254.82982712235508,6.031231908257788,45.301334698136486,3.3647987237353894
2.0,7a490a2bc6c6a551,ok,ecology_rm,ecology,rm,neural_ode,20,62,14,-137.86221525830587,-279.5317453122677,0.8381040903681087,0,0.5894573746064111,280.5753313999958,13,-251.53174531226767,-242.59557509950173,-221.75186392163639,-251.41113176050175,-238.75488674482784,-226.09864172915397,-200.7861516978062,-265.9045595081598,-225.09945045391618,6.813592902053928,50.62498006269556,3.8073147956559636
2.0,7a490a2bc6c6a551,ok,ecology_rm,ecology,rm,neural_ode,21,62,14,-146.87840137684287,-298.01091116724797,4.748185778784272,1,0.46198920987987435,266.8902952999997,14,-270.01091116724797,-261.074740954482,-240.23102977661668,-272.3673218765829,-260.61141256315113,-248.85550324971942,-225.34368462285596,-285.58408572459405,-246.73316549995883,6.213412721326954,47.0236372537269,4.254108413562214
2.0,7a490a2bc6c6a551,ok,ecology_rm,ecology,rm,neural_ode,22,62,14,-136.18797326244146,-276.37598273523315,5.613618950498558,4,0.555894788486853,282.00827769999887,14,-248.37598273523315,-239.4398125224672,-218.59610134460186,-249.9778299238926,-238.0808751723801,-226.18392042086757,-202.39001091784252,-263.5834975149817,-224.78812751883282,6.396242610125751,47.58781900605009,4.000036210350228
2.0,7a490a2bc6c6a551,ok,ecology_rm,ecology,rm,neural_ode,23,62,14,-142.44393924004066,-288.54267121863234,1.28950643337925,4,0.004417698330485109,283.31367890000547,14,-260.54267121863234,-251.6065010058664,-230.76278982800105,-263.1222202637391,-251.58302920183382,-240.04383813992854,-216.96545601611794,-276.223978109435,-238.73111423246016,6.159346554598684,46.15676424762117,3.6547927385510244
2.0,7a490a2bc6c6a551,ok,ecology_rm,ecology,rm,neural_ode,24,62,14,-147.8804806199834,-299.0803847005445,0.3108014211326747,0,0.35682554711399916,297.80844039999647,12,-271.0803847005445,-262.1442144877786,-241.30050330991324,-275.52851423729845,-264.71256512122454,-253.8966160051507,-232.26471777300293,-287.66720147656827,-252.49716477567125,5.7065916119881255,43.263796464295524,3.3194234605777284
2.0,7a490a2bc6c6a551,ok,ecology_rm,ecology,rm,neural_ode,25,62,14,-144.09410917467727,-291.77015524135254,0.9886103259126945,0,0.0731313646573426,298.0946604000055,14,-263.77015524135254,-254.8339850285866,-233.99027385072125,-266.33644123677357,-254.7046375968773,-243.07283395698101,-219.80922667718843,-279.44503488823807,-241.6610037897694,6.162560176557246,46.52721455958513,3.5819368919979717
2.0,7a490a2bc6c6a551,ok,ecology_rm,ecology,rm,neural_ode,26,62,14,-135.11742760040426,-274.82776038011804,5.01524375295255,4,1.3625159906319197,265.5421505999984,14,-246.82776038011804,-237.8915901673521,-217.04787898948675,-245.80916424264507,-232.17614619472258,-218.54312814680006,-191.27709205095508,-260.7654142434749,-215.70278300911852,7.031173068321574,54.53207219169,4.592905179309501
2.0,7a490a2bc6c6a551,ok,ecology_rm,ecology,rm,neural_ode,27,62,14,-142.7540879395113,-288.516961395557,0.04779199055516209,0,0.03865102724776648,261.56909540000197,14,-260.516961395557,-251.58079118279107,-230.73708000492573,-262.0779948709139,-250.23023118473935,-238.3824674985648,-214.6869401262157,-275.7046979420353,-238.11712113432435,6.406131726760871,47.39105474469825,3.0087855165344424
2.0,7a490a2bc6c6a551,ok,ecology_rm,ecology,rm,neural_ode,28,62,14,-153.29162734539653,-309.6081377399951,2.2964803411218204,1,0.4459424124305542,237.18331050000415,14,-281.6081377399951,-272.6719675272291,-251.82825634936378,-284.84985683587394,-273.4956629896163,-262.1414691433587,-239.4330814508434,-297.6103307415924,-261.1664793057625,5.998903499201326,45.416775385030554,3.0248830492020042
2.0,7a490a2bc6c6a551,ok,ecology_rm,ecology,rm,neural_ode,29,62,14,-143.5163268168517,-290.8968756881269,8.23878549050178,0,0.470632860869614,203.8302365999989,14,-262.8968756881269,-253.96070547536095,-233.1169942974956,-265.67649924129364,-254.11942141733545,-242.56234359337725,-219.44818794546083,-278.67513823357694,-240.80434233787057,6.110868727274963,46.22831129583281,3.8642220544235153
2.0,7a490a2bc6c6a551,ok,ecology_rm,ecology,rm,rm,0,62,6,-142.43919993727175,-284.9093925363093,0.00014393507953465491,0,0.1203408518280753,508.6122256999952,6,-272.9093925363093,-271.3821198090366,-260.1465862260388,-266.1348321760704,-257.5411610033145,-248.9474898305587,-231.76014748504699,-275.8112829965427,-250.5037151835201,4.549054769883334,34.37468469102342,0.03099266176579636
2.0,7a490a2bc6c6a551,ok,ecology_rm,ecology,rm,rm,1,62,6,-134.0305476668748,-269.79686421211454,0.0001504187129669829,2,0.1890824373475084,531.3609693999751,6,-257.79686421211454,-256.26959148484184,-245.034057901844,-250.10228412159063,-240.84753845916165,-231.59279279673268,-213.08330147187473,-260.2529151893309,-231.04211268403373,4.7719745113918135,37.0189826497159,1.7357688783649328
2.0,7a490a2bc6c6a551,ok,ecology_rm,ecology,rm,rm,2,62,6,-138.18223378697502,-276.5566530498911,0.00011246754577980653,0,0.01478343093540957,175.3445950000023,6,-264.5566530498911,-263.0293803226184,-251.79384673962056,-258.6558332074544,-250.42881648885242,-242.2017997702504,-225.7477663330464,-267.88195619131466,-243.45640069954203,4.337348429288213,32.90806687440799,0.19218547594107077
2.0,7a490a2bc6c6a551,ok,ecology_rm,ecology,rm,rm,3,62,6,-146.69232061575278,-293.5628448152693,0.00011045544628230403,3,0.020241804345516812,199.7641150999989,6,-281.5628448152693,-280.03557208799657,-268.8000385049987,-274.35387135113194,-265.6794627572524,-257.0050541633729,-239.6562369756138,-284.2542196666712,-258.6870068559874,4.6543125742990386,34.69763437551813,0.17820358376370732
2.0,7a490a2bc6c6a551,ok,ecology_rm,ecology,rm,rm,4,62,6,-141.7074786104848,-283.8922993819989,0.00010269130705163773,1,0.07995214022540154,250.30890139999974,6,-271.8922993819989,-270.3650266547262,-259.12949307172835,-264.07882404791076,-254.84875566410767,-245.61868728030456,-227.15855051269838,-274.2907339927625,-246.49468368575722,4.800782694618189,36.92027353521238,0.47734216102927907
2.0,7a490a2bc6c6a551,ok,ecology_rm,ecology,rm,rm,5,62,6,-152.72501045029634,-305.5191386591754,0.00011761598247012018,0,0.08447888196110398,259.1938016000058,6,-293.5191386591754,-291.9918659319027,-280.75633234890483,-286.88661610119635,-278.2593062295157,-269.6319963578351,-252.3773766144738,-296.4898603175275,-270.9407814138701,4.514639170823962,34.509239486722564,0.06911775858271933
2.0,7a490a2bc6c6a551,ok,ecology_rm,ecology,rm,rm,6,62,6,-141.76424682677052,-283.72676330532084,0.00019007607886297855,4,0.00028029590657752124,258.27588390000165,6,-271.72676330532084,-270.19949057804814,-258.9639569950503,-263.90413383624696,-255.0211555646321,-246.13817729301724,-228.37222074978754,-274.1207618429491,-247.99658056708162,4.8030007311858665,35.53191308645941,0.1982696517797932
2.0,7a490a2bc6c6a551,ok,ecology_rm,ecology,rm,rm,7,62,6,-151.36362461503643,-302.73291523029997,5.481555055322324e-05,0,0.015383009101668677,259.69988379999995,6,-290.73291523029997,-289.20564250302726,-277.9701089200294,-283.85602151588427,-275.3258539893018,-266.7956864627193,-249.73535140955434,-293.58521517826523,-268.60657912374296,4.573850026017373,34.12067010632992,0.005666000227105096
2.0,7a490a2bc6c6a551,ok,ecology_rm,ecology,rm,rm,8,62,6,-145.09325204336537,-290.2737313112325,0.00015156831560075062,3,0.04957010191247946,262.2187866999957,6,-278.2737313112325,-276.7464585839598,-265.51092500096195,-271.6936311863984,-263.27257490056263,-254.8515186147269,-238.00940604305538,-281.26985676226695,-256.5022789433877,4.501937274482784,33.68422514334305,0.0872272245017793
2.0,7a490a2bc6c6a551,ok,ecology_rm,ecology,rm,rm,9,62,6,-137.19359913597273,-274.8023070713484,8.626525564426295e-05,0,0.07461899651548265,252.78864919999614,6,-262.8023070713484,-261.2750343440757,-250.03950076107787,-256.61838088869195,-248.37465106279254,-240.13092123689313,-223.64346158509431,-265.99041751982475,-241.41227896834783,4.4059447757618395,32.97491930359762,0.41510879940294115
2.0,7a490a2bc6c6a551,ok,ecology_rm,ecology,rm,rm,10,62,6,-139.67053342008828,-279.8562774980011,0.00015063979331933976,0,0.05713823741740498,255.96296520000033,6,-267.8562774980011,-266.3290047707284,-255.09347118773053,-260.24908072238384,-251.36930943451208,-242.4895381466403,-224.72999557089682,-270.3546742322266,-243.82198168868953,4.750801632887232,35.519085151487026,0.5152106578245172
2.0,7a490a2bc6c6a551,ok,ecology_rm,ecology,rm,rm,11,62,6,-134.83307889115494,-270.05459721807097,6.713261479260798e-05,1,0.04441395662237824,265.41223380000156,6,-258.05459721807097,-256.52732449079826,-245.29179090780042,-251.2087207394667,-242.73262779868725,-234.2565348579078,-217.30434897634888,-260.92192804844404,-235.76178601919204,4.566334584813462,33.90437176311783,0.38843943576108864
2.0,7a490a2bc6c6a551,ok,ecology_rm,ecology,rm,rm,12,62,6,-138.93849182621875,-277.91834867246973,0.00012879490882393798,3,0.05908218005899357,257.2001939000038,6,-265.91834867246973,-264.39107594519703,-253.15554236219918,-259.2462361042502,-250.68855704979126,-242.1308779953323,-225.01551988641438,-268.8698851012911,-243.64626743460167,4.524231785589298,34.23071621783585,0.04136502003221036
2.0,7a490a2bc6c6a551,ok,ecology_rm,ecology,rm,rm,13,62,6,-134.50105365086762,-269.12448029981624,0.00027383998872894497,0,0.13236404315156847,263.47927759999584,6,-257.12448029981624,-255.5972075725435,-244.3616739895457,-250.02554827140662,-241.4714572729199,-232.91736627443322,-215.80918427745982,-259.86918098239363,-234.78574330778844,4.6276496587113085,34.2163639939468,0.12237299808103033
2.0,7a490a2bc6c6a551,ok,ecology_rm,ecology,rm,rm,14,62,6,-144.1260075125809,-288.38299845276396,7.273175244893461e-05,2,0.0035876641547929466,262.66057739999815,6,-276.38299845276396,-274.85572572549125,-263.6201921424934,-271.15507292306006,-262.97102920058103,-254.78698547810205,-238.41889803314402,-280.0343846581028,-255.51584013524578,4.174306897330579,32.736174889916036,0.13098342760213716
2.0,7a490a2bc6c6a551,ok,ecology_rm,ecology,rm,rm,15,62,6,-141.08727164736254,-282.22287067303375,0.00019655100835161925,0,0.13295316746484787,190.79441909999878,6,-270.22287067303375,-268.69559794576105,-257.4600643627632,-263.26017476582655,-254.64689776958195,-246.0336207733374,-228.80706678084823,-273.0335910721952,-247.72143530974677,4.5946398004192925,34.453107984978324,0.04832737830868359
2.0,7a490a2bc6c6a551,ok,ecology_rm,ecology,rm,rm,16,62,6,-146.87770150522178,-293.87503571864823,0.00012955247440370277,2,0.13256253769586124,139.9662759000057,6,-281.87503571864823,-280.34776299137553,-269.1122294083777,-275.5284322469729,-267.02253528276765,-258.51663831856234,-241.5048443901518,-284.984313120346,-259.73181515362245,4.445361299151126,34.023587856821095,0.11963270820468669
2.0,7a490a2bc6c6a551,ok,ecology_rm,ecology,rm,rm,17,62,6,-142.69085394392005,-286.0148046456698,0.0003056929192906727,1,0.10609108786943011,215.95848480000132,6,-274.0148046456698,-272.4875319183971,-261.25199833539926,-266.44385317603104,-257.4479352906407,-248.45201740525036,-230.46018163446968,-276.53076577329614,-249.39803634627873,4.742019436186825,35.98367154156138,0.63309675782972
2.0,7a490a2bc6c6a551,ok,ecology_rm,ecology,rm,rm,18,62,6,-140.21373249362557,-280.47501162998697,0.00018308064778115157,4,0.0512960094335142,260.5311348000032,6,-268.47501162998697,-266.94773890271426,-255.71220531971642,-261.18708324254095,-252.47560901526398,-243.76413478798702,-226.3411863334331,-271.12812510390876,-245.58156807814328,4.673443263039107,34.84589690910786,0.04754664273582262
2.0,7a490a2bc6c6a551,ok,ecology_rm,ecology,rm,rm,19,62,6,-151.79233994538544,-303.6018085323403,6.153610964241693e-05,1,0.11903358387829144,197.12851509999746,6,-291.6018085323403,-290.0745358050676,-278.8390022220698,-284.7685669022888,-276.21955495830343,-267.67054301431807,-250.57251912634734,-294.4752621817806,-269.3886321148294,4.563273175279888,34.196047775941466,0.017128641569458977
2.0,7a490a2bc6c6a551,ok,ecology_rm,ecology,rm,rm,20,62,6,-138.40615736634513,-277.2788871633185,9.559744958326554e-05,0,0.26345763232100694,195.2955262999967,6,-265.2788871633185,-263.75161443604577,-252.51608085304792,-258.9323825136565,-250.6616301252681,-242.3908777368797,-225.8493729601029,-268.38821245394064,-243.72930517913667,4.445337354688913,33.08300955355358,0.46657243062821996
2.0,7a490a2bc6c6a551,ok,ecology_rm,ecology,rm,rm,21,62,6,-148.55718970616815,-297.2104994209584,0.00014221493457248759,2,0.13142345074462014,238.95236370000202,6,-285.2104994209584,-283.6832266936857,-272.44769311068785,-278.45362306426955,-269.7944412607976,-261.13525945732573,-243.8168958503819,-288.1209595093648,-262.47765219844865,4.544769955796798,34.63672721388765,0.09612000862209145
2.0,7a490a2bc6c6a551,ok,ecology_rm,ecology,rm,rm,22,62,6,-137.43629354342974,-275.5029257430616,0.00020504647046596313,2,0.19623863608151737,242.52682240000286,6,-263.5029257430616,-261.9756530157889,-250.74011943279106,-256.4623382945021,-247.87956811454737,-239.29679793459263,-222.1312575746832,-266.2759000772368,-240.54150636704057,4.613512832912391,34.33108071981892,0.6303386562021391
2.0,7a490a2bc6c6a551,ok,ecology_rm,ecology,rm,rm,23,62,6,-144.14615143401016,-288.47433303763773,0.0002778141598330225,0,0.05676787811623285,240.2949649000002,6,-276.47433303763773,-274.94706031036503,-263.7115267273672,-269.7107338509881,-261.14202126391723,-252.57330867684632,-235.43588350270454,-279.3815352578317,-254.01745251973676,4.546398889903026,34.27485034828355,0.18203016961740734
2.0,7a490a2bc6c6a551,ok,ecology_rm,ecology,rm,rm,24,62,6,-149.2561251480114,-298.73574130025725,0.0003327447122994595,0,0.05506001596114629,249.07030659999873,6,-286.73574130025725,-285.20846857298454,-273.9729349899867,-280.18903472420703,-271.78446786965674,-263.3799010151065,-246.5707673060059,-289.74804918959796,-264.89398287782166,4.4938460553296435,33.618267418201114,0.22349100423446563
2.0,7a490a2bc6c6a551,ok,ecology_rm,ecology,rm,rm,25,62,6,-145.12624408416238,-290.36020379854915,9.185052387746545e-05,1,0.003836156379378508,254.1804240000056,6,-278.36020379854915,-276.83293107127645,-265.5973974882786,-271.5237109788119,-262.9922715858036,-254.4608321927953,-237.39795340677873,-281.2320819288119,-256.1267305962916,4.5640609348686105,34.125757572033166,0.10771563022437852
2.0,7a490a2bc6c6a551,ok,ecology_rm,ecology,rm,rm,26,62,6,-133.20633277912216,-266.7211332864328,8.769160814481951e-05,3,0.11537335350701028,251.13433769999392,6,-254.7211332864328,-253.19386055916007,-241.95832697616225,-247.0902469949527,-238.07926618663248,-229.06828537831228,-211.04632376167183,-257.2080501347846,-230.36874232496345,4.756541575824074,36.04392323328088,0.3084677281884803
2.0,7a490a2bc6c6a551,ok,ecology_rm,ecology,rm,rm,27,62,6,-142.48719318420171,-285.0077810676582,0.00014331869949404168,1,0.13794558644374888,230.23170209999807,6,-273.0077810676582,-271.4805083403855,-260.24497475738764,-266.30088449416536,-257.75426532892766,-249.20764616368996,-232.11440783321453,-275.9424612460995,-250.7879097074526,4.532659910779338,34.18647666095083,0.03339469925476931
2.0,7a490a2bc6c6a551,ok,ecology_rm,ecology,rm,rm,28,62,6,-155.36340276425543,-310.8666520982882,5.783613073615944e-05,4,0.2024712392431809,216.46429820000048,6,-298.8666520982882,-297.3393793710155,-286.1038457880177,-291.91264365608464,-283.13252050922165,-274.3523973623586,-256.7921510686326,-301.68158242336585,-275.60631294105883,4.592534837461193,35.12049258745205,0.13984656977740112
2.0,7a490a2bc6c6a551,ok,ecology_rm,ecology,rm,rm,29,62,6,-144.46634063118384,-288.9667993615116,0.0001728873874215917,3,0.04589828312734312,206.14881639999658,6,-276.9667993615116,-275.4395266342389,-264.20399305124107,-270.0477065768655,-261.5126851861845,-252.97766379550347,-235.90762101414145,-279.7986497353688,-254.79259569964364,4.584074813071393,34.140085562724025,0.0341180991439262
2.0,7a490a2bc6c6a551,ok,ecology_rm,ecology,rm,ude_lv,0,62,13,-129.3558898051337,-277.3257593844902,0.33058797672264245,4,0.3575708590877298,289.44667019999906,8,-251.3257593844902,-243.74242605115685,-223.673012378904,-259.3777159029272,-251.53681689124707,-243.69591787956693,-228.01411985620666,-268.628178057069,-227.34818356354685,4.348790663710581,31.36359604672053,18.613979774222827
2.0,7a490a2bc6c6a551,ok,ecology_rm,ecology,rm,ude_lv,1,62,13,-123.27846833928884,-265.0593045766005,0.0033631178018407857,4,0.06203511100228809,288.99211959999957,8,-239.05930457660048,-231.47597124326714,-211.40655757101428,-246.6805772220319,-238.79157191046164,-230.90256659889138,-215.12455597575087,-256.1530148172144,-215.00091543229664,4.453144879693028,31.556021246281034,18.50236789802281
2.0,7a490a2bc6c6a551,ok,ecology_rm,ecology,rm,ude_lv,2,62,13,-126.28703047153414,-272.84803107359903,0.07981263215920799,1,1.6360368057870005,291.37289859999873,8,-246.84803107359903,-239.2646977402657,-219.19528406801282,-255.75881862843235,-248.13116380300812,-240.50350897758386,-225.24819932673537,-264.5666373263586,-222.0634416413713,4.140696873620209,30.51061930169697,20.27397013053077
2.0,7a490a2bc6c6a551,ok,ecology_rm,ecology,rm,ude_lv,3,62,13,-126.69856712849945,-274.6019868221204,0.002571426350346563,0,1.202031047956126,317.10405369999353,8,-248.6019868221204,-241.01865348878707,-220.9492398165342,-256.5375486126153,-248.81616629008008,-241.09478396754488,-225.65201932247444,-265.84800087246845,-222.51160496685804,4.376992974825982,30.88552929014085,21.20485256512152
2.0,7a490a2bc6c6a551,ok,ecology_rm,ecology,rm,ude_lv,4,62,13,-126.4034046632759,-272.9929743510094,0.2147026594156905,3,0.11602884719485473,354.8558817999947,9,-246.99297435100942,-239.40964101767608,-219.34022734542322,-254.23715765588832,-246.33295396771297,-238.42875027953764,-222.62034290318695,-263.90394794901783,-221.1899945738504,4.544513200995802,31.616814752701373,20.186165024457623
2.0,7a490a2bc6c6a551,ok,ecology_rm,ecology,rm,ude_lv,5,62,13,-138.9791827677827,-296.6484335010224,0.0247366580814609,0,0.6191271537965122,360.602762100003,9,-270.6484335010224,-263.0651001676891,-242.9956864954362,-278.6917409181292,-270.85709088086514,-263.02244084360115,-247.35314076907306,-287.9466608386345,-246.61976538650927,4.350886331193946,31.338600149056134,18.690067965457004
2.0,7a490a2bc6c6a551,ok,ecology_rm,ecology,rm,ude_lv,6,62,13,-123.41646730572145,-270.404253996128,0.08031323308427793,1,1.0253188205903143,365.781962699999,9,-244.40425399612798,-236.82092066279463,-216.75150699054177,-251.127020960426,-243.21599421371752,-235.30496746700905,-219.48291397359208,-261.06255041334464,-215.18882762460902,4.67085179139166,31.644106986833904,23.57131938468508
2.0,7a490a2bc6c6a551,ok,ecology_rm,ecology,rm,ude_lv,7,62,13,-135.8978923264092,-291.7598447032957,0.06826694779647562,2,0.7600059352660082,363.20996130000276,9,-265.7598447032957,-258.1765113699624,-238.1070976977095,-274.009580124815,-266.29990087168045,-258.5902216185459,-243.1708631122769,-283.15810658553545,-240.9570676402803,4.300869058880125,30.838717012538098,19.964060050477293
2.0,7a490a2bc6c6a551,ok,ecology_rm,ecology,rm,ude_lv,8,62,13,-129.47201390319395,-278.4167992028818,0.3512649385201436,1,1.651700497069001,363.64117160000023,9,-252.4167992028818,-244.83346586954846,-224.7640521972956,-260.8633650636038,-253.1538040439765,-245.44424302434916,-230.02512098509453,-269.91044467132895,-228.10578372787865,4.253177265776439,30.838244078509263,19.472771396493908
2.0,7a490a2bc6c6a551,ok,ecology_rm,ecology,rm,ude_lv,9,62,13,-121.1074633926415,-261.8067382520033,0.3983184987316664,3,0.6669562780118952,364.5263994000052,9,-235.8067382520033,-228.22340491866996,-208.1539912464171,-244.05251731125796,-236.3223822569591,-228.59224720266025,-213.1319770940625,-253.20308289002682,-211.29438656808756,4.301827680988237,30.92054021719545,19.5918114667203
2.0,7a490a2bc6c6a551,ok,ecology_rm,ecology,rm,ude_lv,10,62,13,-127.4601603295026,-274.1449559653212,0.02543635711702013,0,0.5499615972890979,364.21557429999666,8,-248.14495596532117,-240.56162263198783,-220.49220895973497,-255.65676675831796,-247.79809304839213,-239.9394193384663,-224.22207191861466,-265.1856212395142,-223.4856258193019,4.479667362903478,31.434694839703297,19.22463530631599
2.0,7a490a2bc6c6a551,ok,ecology_rm,ecology,rm,ude_lv,11,62,13,-114.36727685449215,-249.30322469178026,0.10406723214905128,2,0.021834710822560055,365.6823927000005,8,-223.30322469178026,-215.71989135844692,-195.65047768619405,-231.66603252560967,-224.01573273552634,-216.36543294544302,-201.06483336527634,-240.75628120960047,-198.13335454865097,4.27347174108989,30.601199160333316,20.568670982795975
2.0,7a490a2bc6c6a551,ok,ecology_rm,ecology,rm,ude_lv,12,62,13,-126.17804754090609,-271.2656750468742,0.06563614369170508,0,0.7226960386617662,362.8807127999971,9,-245.2656750468742,-237.68234171354086,-217.612928041288,-253.35373948159153,-245.53825375428931,-237.7227680269871,-222.09179657238263,-262.5855915341165,-221.0941521726033,4.34004175637886,31.26194290920889,18.909579965062033
2.0,7a490a2bc6c6a551,ok,ecology_rm,ecology,rm,ude_lv,13,62,13,-118.5488924310178,-256.75487568410085,0.050784067587866806,1,0.7531666666419312,364.88083729999926,8,-230.75487568410085,-223.1715423507675,-203.10212867851465,-238.6456767582129,-230.8467148621937,-223.04775296617453,-207.44982917413614,-247.979198792402,-205.9019372779589,4.38783844584942,31.19584758407673,19.657090822065253
2.0,7a490a2bc6c6a551,ok,ecology_rm,ecology,rm,ude_lv,14,62,13,-134.34231791022924,-287.8636134143155,0.4599677680744777,4,0.9237359194079886,306.44868000000133,9,-261.8636134143155,-254.28028008098218,-234.21086640872932,-270.3016068971957,-262.5267264281482,-254.75184595910073,-239.20208502100576,-279.3531047278251,-237.58511394426853,4.255254343245215,31.099521876189943,19.17897759385702
2.0,7a490a2bc6c6a551,ok,ecology_rm,ecology,rm,ude_lv,15,62,13,-124.65735341866106,-270.44561689467423,1.1335729439212328,4,0.014444998054216285,268.8559116999968,9,-244.44561689467423,-236.8622835613409,-216.79286988908802,-252.87002017684742,-245.29291067454525,-237.71580117224306,-222.56158216763873,-261.92852242762075,-219.00626882811343,4.258547233526729,30.308438009208697,21.13091005735211
2.0,7a490a2bc6c6a551,ok,ecology_rm,ecology,rm,ude_lv,16,62,13,-134.82228945438314,-288.6555840094545,0.003936973946208292,3,0.01553983591315955,274.57732860000397,8,-262.6555840094545,-255.07225067612117,-235.0028370038683,-271.07184663472344,-263.26355348587316,-255.45526033702282,-239.8386740393222,-280.13454459845457,-238.41140631336503,4.260519705499964,31.233172595401236,19.011005100688255
2.0,7a490a2bc6c6a551,ok,ecology_rm,ecology,rm,ude_lv,17,62,13,-130.5332839133483,-279.99446171807955,0.7360575097190101,0,0.6939668324756383,334.99280420000287,9,-253.99446171807955,-246.4111283847462,-226.34171471249334,-261.5668010988537,-253.6892308134977,-245.81166052814166,-230.05651995742963,-271.06445900917845,-229.5562866852725,4.4650013544505605,31.510281141424088,18.927893891382944
2.0,7a490a2bc6c6a551,ok,ecology_rm,ecology,rm,ude_lv,18,62,13,-125.01259192264803,-270.047418321781,0.0041364475837963105,2,0.49045312728256363,314.01440580000053,8,-244.04741832178098,-236.46408498844764,-216.39467131619477,-251.87829685563773,-244.0863549508177,-236.29441304599766,-220.71052923635762,-261.2427031024365,-218.85741622601594,4.402357609672249,31.167767619280113,20.02223447648492
2.0,7a490a2bc6c6a551,ok,ecology_rm,ecology,rm,ude_lv,19,62,13,-136.36956377501508,-292.28603559538766,0.7169431060079042,3,0.42103681551759564,312.7826597000021,9,-266.28603559538766,-258.70270226205434,-238.63328858980145,-274.47362656022636,-266.7306549015748,-258.98768324292325,-243.50173992562014,-283.65418241430126,-241.76724091542394,4.315926590543205,30.97188663460622,19.546908045357522
2.0,7a490a2bc6c6a551,ok,ecology_rm,ecology,rm,ude_lv,20,62,13,-120.45748216977665,-261.21924177091194,0.05648126661618219,2,0.18936642581660124,310.6343734000038,9,-235.21924177091194,-227.6359084375786,-207.56649476532573,-243.89870323727084,-236.2451573219887,-228.5916114067066,-213.28451957614232,-252.82574792375104,-210.3007806784248,4.196746923580452,30.61418366112852,20.30427743135864
2.0,7a490a2bc6c6a551,ok,ecology_rm,ecology,rm,ude_lv,21,62,13,-136.4466745944461,-291.10449896562767,0.02172390962293749,4,1.5377078080300066,348.23113880000164,8,-265.10449896562767,-257.52116563229436,-237.45175196004146,-272.83107089352166,-264.9140404718956,-256.9970100502696,-241.16294920701745,-282.2492370006571,-241.225227502388,4.427630982485281,31.6681216865042,18.21114977673544
2.0,7a490a2bc6c6a551,ok,ecology_rm,ecology,rm,ude_lv,22,62,13,-114.22020839083565,-250.6222633406367,0.0558882789294155,1,1.348278441504803,349.0801661000005,8,-224.6222633406367,-217.03893000730335,-196.9695163350505,-232.71126797717397,-225.10368020738332,-217.49609243759267,-202.28091689801136,-241.94263544755705,-198.0100657025087,4.339813946539819,30.430351079162605,22.181846558965386
2.0,7a490a2bc6c6a551,ok,ecology_rm,ecology,rm,ude_lv,23,62,13,-126.91986620414364,-273.02838609099723,0.4818993568893359,2,1.0516520507466112,354.58762489999935,9,-247.02838609099723,-239.4450527576639,-219.37563908541102,-255.2281579310739,-247.4439574424856,-239.6597569538973,-224.0913559767207,-264.4024357345351,-222.7029304539341,4.312975178231046,31.13680195435319,19.188653682709944
2.0,7a490a2bc6c6a551,ok,ecology_rm,ecology,rm,ude_lv,24,62,13,-132.57946548030804,-284.4980937085459,0.009137543501636999,0,0.4726562167386703,367.3644612999997,8,-258.4980937085459,-250.91476037521258,-230.84534670295972,-266.8696903339085,-259.12486585088163,-251.3800413678547,-235.89039240180088,-275.9554092548897,-234.17963302850845,4.271342226828117,30.97929793210764,19.33916274792981
2.0,7a490a2bc6c6a551,ok,ecology_rm,ecology,rm,ude_lv,25,62,13,-128.24715281591176,-276.49469902701776,0.0022879926779500173,4,1.323002000727385,364.53300010000385,9,-250.49469902701776,-242.91136569368442,-222.84195202143155,-258.60291250840686,-250.82921384722474,-243.0555151860426,-227.50811786367836,-267.82437969676147,-225.39951098709503,4.335159665128142,31.09479464472851,20.000393395194266
2.0,7a490a2bc6c6a551,ok,ecology_rm,ecology,rm,ude_lv,26,62,13,-120.50380862276741,-258.4709317045865,0.030703673304532223,2,0.14442751673536236,339.34826109999995,8,-232.47093170458652,-224.88759837125318,-204.8181846990003,-239.76153653807344,-231.71135568690406,-223.66117483573467,-207.5608131333959,-249.40440107049443,-208.80689384085727,4.533265317046046,32.20072340467754,17.463314459051695
2.0,7a490a2bc6c6a551,ok,ecology_rm,ecology,rm,ude_lv,27,62,13,-128.05022696892712,-274.9802197017008,0.03719962027762777,4,1.641275413784257,335.43152610000107,8,-248.98021970170078,-241.39688636836743,-221.32747269611457,-256.96771671303736,-249.11448763643028,-241.2612585598232,-225.55480040660905,-266.2514014427496,-224.68753763142593,4.36440912947559,31.412916306428315,18.879765763846525
2.0,7a490a2bc6c6a551,ok,ecology_rm,ecology,rm,ude_lv,28,62,13,-142.044003692293,-302.5225246023347,0.010490127280168288,0,1.5055130993909813,290.26496100000077,8,-276.5225246023347,-268.9391912690014,-248.86977759674852,-284.3651926718014,-276.467730027151,-268.57026738250056,-252.7753420931997,-293.72352256531485,-252.49815680598425,4.39950101850995,31.589850578601727,18.434517217748734
2.0,7a490a2bc6c6a551,ok,ecology_rm,ecology,rm,ude_lv,29,62,13,-129.2787285475877,-279.4442533710276,6.841512586584062,0,1.1626472860311594,278.4350473000013,9,-253.44425337102763,-245.86092003769429,-225.79150636544142,-260.4125440180175,-252.51608503398603,-244.61962604995452,-228.82670808189155,-270.2215300102509,-226.97162115904942,4.61136168038836,31.585835936125964,20.886796275852262
2.0,9e596c95363281b8,ok,fhn_standard,fhn,fhn,fhn,0,121,4,-252.24382278588442,-504.49121872232564,0.0011104706883263064,2,3.5277631466017,439.925828499996,4,-496.49121872232564,-496.1463911361187,-485.30805653993866,-485.3206768292916,-475.170657201343,-465.02063757339437,-444.7205983174971,-496.49648179177495,-463.88756705997434,3.9973684652753403,40.60007851179448,0.003573150556807625
2.0,9e596c95363281b8,ok,fhn_standard,fhn,fhn,fhn,1,121,4,-250.01741889615207,-500.03662849018804,0.006078654005731985,3,0.05057771537349254,417.0554297999988,4,-492.03662849018804,-491.6918009039811,-480.85346630780106,-480.8656553456129,-470.7275011893214,-460.5893470330299,-440.31303872044697,-492.04171171377584,-459.4822211671382,3.997458388206086,40.552616625165925,0.0017906978839328663
2.0,9e596c95363281b8,ok,fhn_standard,fhn,fhn,fhn,2,121,4,-249.6644491301189,-499.33171992200016,0.0002050300835122784,2,0.1945806470248499,534.4024726999996,4,-491.33171992200016,-490.98689233579324,-480.1485577396132,-480.16183633196397,-470.051731589729,-459.941626847494,-439.721417363024,-491.33725752512294,-458.8884792912978,3.997231198438605,40.44041896893998,0.002821661762390332
2.0,9e596c95363281b8,ok,fhn_standard,fhn,fhn,fhn,3,121,4,-245.46341402514815,-490.9303907943898,0.0014361099735730682,1,0.1251061116760468,477.8149979999944,4,-482.9303907943898,-482.58556320818286,-471.7472286120028,-471.7585194364407,-461.54986409446815,-451.3412087524956,-430.9238980685505,-482.93509943390626,-450.09220668240613,3.997645680241764,40.83462136789018,0.0035627440934553477
2.0,9e596c95363281b8,ok,fhn_standard,fhn,fhn,fhn,4,121,4,-256.3084263877035,-512.6218015185907,0.0017631297500304394,4,0.2730394583629163,394.0616541000054,4,-504.6218015185907,-504.2769739323838,-493.4386393362037,-493.44986281653706,-483.2401577968817,-473.0304527772263,-452.61104273791557,-504.6264820734342,-471.7780326967855,3.9976597225782475,40.838820078621495,0.00494874318373646
2.0,9e596c95363281b8,ok,fhn_standard,fhn,fhn,fhn,5,121,4,-260.2721784315139,-520.5469789295762,0.004520987437483481,3,0.0015967090812409879,394.2648640999978,4,-512.5469789295762,-512.2021513433693,-501.3638167471892,-501.3754059249581,-491.18834853224564,-481.0012911395331,-460.6271763541082,-512.5518119920958,-479.7961272921779,3.997583468740202,40.74822957084992,0.002622066548392423
2.0,9e596c95363281b8,ok,fhn_standard,fhn,fhn,fhn,6,121,4,-264.5618717145814,-529.1309044501811,0.004213430343748623,1,0.14960643551836483,475.03629199998977,4,-521.1309044501811,-520.7860768639742,-509.9477422677941,-509.9617216148258,-499.8892276617802,-489.81673370873455,-469.6717458026433,-521.1367342907042,-488.83376761698025,3.9970850797384148,40.28997581218256,0.0071610210183005625
2.0,9e596c95363281b8,ok,fhn_standard,fhn,fhn,fhn,7,121,4,-253.99215356656612,-507.9846166081453,0.00865259577567095,0,2.814189454873315,654.4567064000003,4,-499.9846166081453,-499.6397890219384,-488.8014544257583,-488.81361445660906,-478.65387589602926,-468.4941373354495,-448.17466021429,-499.98968773489077,-467.34535289081316,3.997464436627261,40.63895424231907,0.00030947501307283955
2.0,9e596c95363281b8,ok,fhn_standard,fhn,fhn,fhn,8,121,4,-251.96055148782068,-503.92574310043744,0.001994159193462127,1,5.988073485195628,556.5446349999984,4,-495.92574310043744,-495.5809155142305,-484.74258091805046,-484.75445932951635,-474.5805001894996,-464.4065410494828,-444.0586227694493,-495.9306967827774,-463.2252664155743,3.997523158830037,40.69583656006703,0.004640124796058553
2.0,9e596c95363281b8,ok,fhn_standard,fhn,fhn,fhn,9,121,4,-245.4603340366674,-490.92184399589496,0.002084851552321839,0,0.21153431128755074,563.7550230000052,4,-482.92184399589496,-482.57701640968804,-471.738681813508,-471.7504919755403,-461.5730108638044,-451.3955297520685,-431.0405675285968,-482.92676921601037,-450.2107436263913,3.997537389942287,40.7099244469435,0.0011759225601278038
2.0,9e596c95363281b8,ok,fhn_standard,fhn,fhn,fhn,10,121,4,-252.58446551035473,-505.1689539633052,0.0002533631015951395,3,0.151387903946528,541.9536012000026,4,-497.1689539633052,-496.8241263770983,-485.98579178091825,-485.9982536804146,-475.8535146957283,-465.708775711042,-445.41929774166937,-497.1741509790539,-464.5899750819642,3.997401492125668,40.578955938745274,2.294259574802986e-05
2.0,9e596c95363281b8,ok,fhn_standard,fhn,fhn,fhn,11,121,4,-260.75664736160917,-521.5172022224172,0.0003266799909480807,0,0.04212944946419839,580.1572159000061,4,-513.5172022224172,-513.1723746362103,-502.3340400400302,-502.3455483601129,-492.15694212621213,-481.9683358923113,-461.59112342450976,-513.5220015646626,-480.75886978761514,3.997600328877316,40.75442493560317,0.003907499198814591
2.0,9e596c95363281b8,ok,fhn_standard,fhn,fhn,fhn,12,121,4,-246.61475633986217,-493.2317065160362,0.0018304116552993164,0,13.835617901859138,517.6201609999989,4,-485.2317065160362,-484.88687892982927,-474.0485443336492,-474.06088637249496,-463.92276555507874,-453.7846447376625,-433.50840310283,-485.23685354601105,-452.6770294100594,3.9974264850125545,40.55248326966492,0.0021938363118222367
2.0,9e596c95363281b8,ok,fhn_standard,fhn,fhn,fhn,13,121,4,-257.67788846518766,-515.3563929852886,0.002718944788260861,0,1.4442402504572271,540.4938088000054,4,-507.3563929852886,-507.0115653990817,-496.1732308029016,-496.18578941534645,-486.0364844901274,-475.88717956490837,-455.58856971447034,-507.3616303334694,-474.7585572294992,3.9973813259095903,40.59721970087611,0.0006160549133302038
2.0,9e596c95363281b8,ok,fhn_standard,fhn,fhn,fhn,14,121,4,-265.10878489737706,-530.2179078249603,0.00206305885927414,3,0.46142787732077295,425.74735659999715,4,-522.2179078249603,-521.8730802387535,-511.03474564257334,-511.0471817077455,-500.90330042321204,-490.75941913867854,-470.4716565696116,-522.223094066959,-489.6420446566202,3.997406879000677,40.575525138133905,0.000338030206162526
2.0,9e596c95363281b8,ok,fhn_standard,fhn,fhn,fhn,15,121,4,-272.8183409232542,-545.637157077298,0.0023240109233079744,3,0.2211927964913798,298.7496958999982,4,-537.637157077298,-537.2923294910911,-526.453994894911,-526.4662422891818,-516.2951638191996,-506.12408534921747,-485.7819284092531,-537.6422646374194,-504.95236796657974,3.9974462199392615,40.68431387992864,0.0004752307895136848
2.0,9e596c95363281b8,ok,fhn_standard,fhn,fhn,fhn,16,121,4,-253.11279822221599,-506.22967076791446,0.003503045098810496,2,0.694922278497728,332.1226269000035,4,-498.22967076791446,-497.88484318170754,-487.0465085855275,-487.05851556949926,-476.90555861044675,-466.7526016513943,-446.44668773328925,-498.234678069154,-465.61376860822196,3.9974963493802322,40.611827836210004,0.0040743234824876535
2.0,9e596c95363281b8,ok,fhn_standard,fhn,fhn,fhn,17,121,4,-246.47756196252388,-492.95960066767753,0.0008836149139525557,4,0.49391021722311734,481.8518836000003,4,-484.95960066767753,-484.6147730814706,-473.77643848529056,-473.78837818484527,-463.63693535560986,-453.48549252637446,-433.1826068679036,-484.96457990913575,-452.3493526081061,3.9975103792709055,40.60577131694168,0.004476742629754342
2.0,9e596c95363281b8,ok,fhn_standard,fhn,fhn,fhn,18,121,4,-259.4555001812842,-518.9137736127785,0.0066513113785084165,0,1.4171121306699206,540.2607390000048,4,-510.9137736127785,-510.5689460265716,-499.73061143039155,-499.742981420464,-489.57258832155446,-479.402195222645,-459.06140902482593,-510.9189322993203,-478.22942796693036,3.9974206567290995,40.68157239563804,0.0027732502100696133
2.0,9e596c95363281b8,ok,fhn_standard,fhn,fhn,fhn,19,121,4,-246.34539047516688,-492.69945650023215,0.00046623970709224675,0,8.53386396616591,536.6013299000042,4,-484.69945650023215,-484.3546289140252,-473.51629431784517,-473.52994069074924,-463.4152634809028,-453.3005862710563,-433.07123185136345,-484.7051474797586,-452.23207211094797,3.9971545102367787,40.45870883938579,0.00867554989837932
2.0,9e596c95363281b8,ok,fhn_standard,fhn,fhn,fhn,20,121,4,-253.3738195705635,-506.74820864546473,0.00459358435174816,1,5.2922365644331535,545.8255627000035,4,-498.74820864546473,-498.4033810592578,-487.56504646307775,-487.57754356550555,-477.4271189415065,-467.2766943175074,-446.97584506950926,-498.7534203419761,-466.14594064513074,3.997394151744329,40.601698495996274,0.0005695043377261827
2.0,9e596c95363281b8,ok,fhn_standard,fhn,fhn,fhn,21,121,4,-266.7407484732874,-533.4834752209082,0.00034643162765969604,0,17.74151928401659,529.3203369000112,4,-525.4834752209082,-525.1386476347013,-514.3003130385213,-514.3130574734747,-504.16197649925994,-494.01089552504516,-473.7087335766156,-525.4887900630941,-492.8771730497157,3.9973425789069967,40.60432389685913,0.0019782743333480817
2.0,9e596c95363281b8,ok,fhn_standard,fhn,fhn,fhn,22,121,4,-262.9764555315045,-525.9698873929236,0.0014676491551202323,0,2.316091994301928,552.7146423999948,4,-517.9698873929236,-517.6250598067168,-506.78672521053664,-506.7983824273208,-496.6401027013301,-486.48182297533936,-466.1652635233579,-517.9747488299165,-485.3197921590461,3.9975692815035826,40.63311890396291,0.016976329914690717
2.0,9e596c95363281b8,ok,fhn_standard,fhn,fhn,fhn,23,121,4,-264.17622820582255,-528.353028522588,0.000671941914711877,0,15.05650987671919,542.4028071999928,4,-520.353028522588,-520.0082009363812,-509.16986634020105,-509.1824226730423,-499.0363079915063,-488.89019330997024,-468.5979639468982,-520.3582649201004,-487.767997685501,3.9973818012438453,40.584458726144135,0.0005721109428705274
2.0,9e596c95363281b8,ok,fhn_standard,fhn,fhn,fhn,24,121,4,-246.21498105337812,-492.4350963988285,0.0036375200490805872,0,0.003550072309138841,559.0061306999996,4,-484.4350963988285,-484.09026881262156,-473.2519342164415,-473.26340351455644,-463.0815929825878,-452.8997824506191,-432.5361613866818,-484.4398794676493,-451.7027199788816,3.997608465589582,40.72724212787466,0.005134292072234102
2.0,9e596c95363281b8,ok,fhn_standard,fhn,fhn,fhn,25,121,4,-263.7548114564893,-527.5096919716619,0.0060175433195655695,4,1.082413419463478,545.9272132000042,4,-519.5096919716619,-519.1648643854551,-508.32652978927496,-508.338907772338,-498.1894381308375,-488.039968489337,-467.74102920633595,-519.5148539915398,-486.9117443469765,3.9974189900611017,40.597878566002045,6.905868338006497e-05
2.0,9e596c95363281b8,ok,fhn_standard,fhn,fhn,fhn,26,121,4,-247.97638713548628,-495.9546684284076,0.0020429002444514437,1,0.07160278793264752,529.4995583999989,4,-487.9546684284076,-487.6098408422007,-476.77150624602064,-476.7834248004762,-466.6243951780974,-456.4653655557186,-436.1473063109611,-487.9596388516745,-455.3166557814574,3.9975147883665376,40.63611848951514,0.0018941574350581465
2.0,9e596c95363281b8,ok,fhn_standard,fhn,fhn,fhn,27,121,4,-263.6904895070878,-527.3830689033983,0.0002657828793174128,4,0.014202050078438333,520.3073734000063,4,-519.3830689033983,-519.0382413171915,-508.19990672101136,-508.21235221120986,-498.0681845653762,-487.92401691954257,-467.6356816278753,-519.3882590759382,-486.80430843084105,3.9974049137300396,40.576670583334604,0.002089889222676709
2.0,9e596c95363281b8,ok,fhn_standard,fhn,fhn,fhn,28,121,4,-255.86049937015642,-511.72404065390384,0.0020124482462143753,0,2.8684242091564442,514.8087234999985,4,-503.72404065390384,-503.3792130676969,-492.54087847151686,-492.5534149791185,-482.42928736744443,-472.30515975577043,-452.0569045324224,-503.72926878364905,-471.22448829361673,3.997385935127401,40.49651044669612,0.0030419135909788638
2.0,9e596c95363281b8,ok,fhn_standard,fhn,fhn,fhn,29,121,4,-250.90695366249608,-501.8150920521622,0.005638878643688968,1,0.3529644869561821,379.5471916999959,4,-493.8150920521622,-493.47026446595527,-482.6319298697752,-482.6441407599475,-472.49175079082215,-462.3393608216968,-442.0345808834461,-493.82018438889213,-461.2043474484907,3.9974538316350214,40.609559876501436,0.0011847271700431723
2.0,9e596c95363281b8,ok,fhn_standard,fhn,fhn,neural_ode,0,121,14,6954.661210164316,13883.253351952742,164243.475779473,3,903.7006827828636,725.5484455999976,5,13911.253351952742,13915.215616103686,13950.394419591097,13924.35421535238,13947.71105264314,13971.067889933904,14017.781564515428,13900.393743305895,14002.74976949168,8.57019567657614,93.42734916304767,26.06906837588935
2.0,9e596c95363281b8,ok,fhn_standard,fhn,fhn,neural_ode,1,121,14,6406.528152739805,12511.979537947156,127698.15615244457,3,87.2109247683511,730.8552399999971,12,12539.979537947156,12543.9418020981,12579.120605585511,12547.830813299452,12563.64662438377,12579.462435468087,12611.094057636725,12526.930681042933,12876.319549816882,7.475571547888608,63.26324433727299,301.0767675324536
2.0,9e596c95363281b8,ok,fhn_standard,fhn,fhn,neural_ode,2,121,14,-118.98688037779772,-296.87971989799775,46885.5310536547,3,1176.2249166593565,689.0960657999967,12,-268.87971989799775,-264.91745574705436,-229.73865225964337,-256.1335214322378,-236.3828922671676,-216.6322631020974,-177.13100477195704,-279.8872353103749,-158.9712440953147,8.49624229381142,79.00251666028075,58.905959142402324
2.0,9e596c95363281b8,ok,fhn_standard,fhn,fhn,neural_ode,3,121,14,-79.70926714467137,-321.76699785361734,2431.2611727933745,3,780.8204661667341,687.9100160000016,13,-293.76699785361734,-289.80473370267396,-254.62593021526297,-284.29803526506737,-265.9532738881339,-247.6085125112004,-210.91898975733343,-306.14122678112875,-86.03948878160881,7.812885536244307,73.37904550773393,162.3484635642746
2.0,9e596c95363281b8,ok,fhn_standard,fhn,fhn,neural_ode,4,121,14,-127.09899746632266,-430.1723999126066,624.8668403638244,4,2868.7098777451665,667.5463603000098,13,-402.1723999126066,-398.2101357616632,-363.03133227425224,-392.64039923314266,-374.6361164942458,-356.631833755349,-320.6232682775553,-414.5203399143133,-182.18086397705798,7.826029999146637,72.01713095558732,175.97440497996126
2.0,9e596c95363281b8,ok,fhn_standard,fhn,fhn,neural_ode,5,121,14,7100.496919100905,14062.190879861313,16995.98911538498,3,130.0485598914729,664.2975887000066,10,14090.190879861313,14094.153144012256,14129.331947499668,14091.438056176576,14106.337073780047,14121.23609138352,14151.034126590463,14074.387899742474,14260.589908615697,6.09850994058031,59.59607041388711,138.80295834049767
2.0,9e596c95363281b8,ok,fhn_standard,fhn,fhn,neural_ode,6,121,14,-101.39692168839359,-267.2915388942881,6832.028511396856,2,4535.868964299839,844.5742262999993,13,-239.29153889428812,-235.32927474334474,-200.15047125593375,-224.43788600364607,-205.1230714907899,-185.8082569779337,-147.17862795222135,-249.4201775480391,-125.53458532536246,8.935680673124509,77.25925805142472,64.49769551750094
2.0,9e596c95363281b8,ok,fhn_standard,fhn,fhn,neural_ode,7,121,14,18.124932210908526,-118.27513833923155,11132.031908639168,0,3305.0271101870067,840.3343632000033,14,-90.27513833923155,-86.31287418828815,-51.134070700877174,-79.92800268884845,-62.0063460434869,-44.08468939812534,-8.241376107402232,-102.28314065468231,107.93649100326327,7.995998842274616,71.68662658144622,154.5250027610486
2.0,9e596c95363281b8,ok,fhn_standard,fhn,fhn,neural_ode,8,121,14,-14.729686216133487,-106.26633799030617,8123.364177797794,3,2280.9539006941623,835.4785191999981,14,-78.26633799030617,-74.30407383936277,-39.1252703519518,-59.58533155253184,-39.10091794137727,-18.616504330222696,22.35232289208645,-86.7988462414705,52.478282012351315,9.733745874417833,81.93765444461829,76.8069655580392
2.0,9e596c95363281b8,ok,fhn_standard,fhn,fhn,neural_ode,9,121,14,-120.16675098659672,-301.3317760577853,9485.117939592565,3,5290.4109568026715,847.2893499000056,13,-273.3317760577853,-269.3695119068419,-234.19070841943093,-258.89081038637653,-239.83251933677886,-220.7742282871812,-182.65764618798588,-283.63251864948336,-164.1003377748028,8.849628704150966,76.23316419839065,60.99827408459187
2.0,9e596c95363281b8,ok,fhn_standard,fhn,fhn,neural_ode,10,121,14,-112.8848588355126,-394.9173067381606,2793.7568063200238,1,6141.542279389863,791.3417122999963,14,-366.9173067381606,-362.95504258721724,-327.7762390998063,-356.3607705992436,-338.1938564638447,-320.02694232844584,-283.6931140576481,-378.8379822671127,-153.10206112942967,8.03966223552397,72.66765654159553,169.1475890671354
2.0,9e596c95363281b8,ok,fhn_standard,fhn,fhn,neural_ode,11,121,14,1278.2278320051466,2536.979194413531,117812750.20340021,2,3903.243150000013,796.5728882000112,8,2564.979194413531,2568.9414585644745,2604.120262051885,2580.233788525049,2604.070637772534,2627.9074870200193,2675.581185514989,2555.0177612359425,2651.8030610002334,9.019283411205738,95.34739698994012,19.476469596762314
2.0,9e596c95363281b8,ok,fhn_standard,fhn,fhn,neural_ode,12,121,14,-165.538958026626,-416.2431551709004,1487.083283573117,1,1843.7239956863268,778.802529099994,12,-388.2431551709004,-384.28089101995704,-349.1020875325461,-371.0762025141318,-351.4677661450706,-331.8593297760094,-292.64245703788697,-397.40707289110253,-252.6441705770072,9.41804113989896,78.43374547624481,85.16523911764844
2.0,9e596c95363281b8,ok,fhn_standard,fhn,fhn,neural_ode,13,121,14,3631.2981799865584,7253.4150536051375,4966774.0295687085,1,2069.04132140846,650.9901419999951,9,7281.4150536051375,7285.377317756081,7320.556121243492,7292.788947755008,7314.944031789963,7337.099115824919,7381.409283894829,7269.835242842143,7351.216696112938,8.210094618502875,88.6203361398212,9.181306367979044
2.0,9e596c95363281b8,ok,fhn_standard,fhn,fhn,neural_ode,14,121,14,3441.0637621221604,6868.4190574384775,16520688.950792205,4,1846.9959756958733,467.55701790000603,9,6896.4190574384775,6900.381321589421,6935.560125076832,6909.609084146476,6933.171735872234,6956.734387597992,7003.859691049509,6885.596632779342,6976.378131147354,8.588787670432499,94.25060690303332,13.70846680584332
2.0,9e596c95363281b8,ok,fhn_standard,fhn,fhn,neural_ode,15,121,14,2122.2562131799605,4230.289276404162,676788967.9449128,0,1540.5565152326762,491.36277320000227,5,4258.289276404162,4262.251540555105,4297.4303440425165,4280.883861052889,4308.91028697754,4336.93671290219,4392.98956475149,4251.3888570333365,4356.618130058522,10.549790314587595,112.10570369860126,14.22314995575931
2.0,9e596c95363281b8,ok,fhn_standard,fhn,fhn,neural_ode,16,121,14,146.0872238999699,32.04634820777494,1133.1044889771997,0,58.371511293093135,717.2385198999982,12,60.04634820777494,64.00861235871834,99.18741584612931,68.15591095833749,85.29978247897459,102.4436539996117,136.7313970408859,47.10520551492593,360.7499338824882,7.529428653575493,68.57548608254842,260.12809959216486
2.0,9e596c95363281b8,ok,fhn_standard,fhn,fhn,neural_ode,17,121,14,305.6229631880363,582.0358573830571,18283442.185366493,3,6671.2888343612085,819.926177699992,10,610.0358573830571,613.9981215340005,649.1769250214114,625.6442218903378,649.3247622638237,673.0053026373096,720.3663833842812,600.2219579196286,705.968087870016,9.093050268285744,94.72216149394346,29.21006899301547
2.0,9e596c95363281b8,ok,fhn_standard,fhn,fhn,neural_ode,18,121,14,6918.428111475024,13693.407705288273,1486.3440051091482,1,18.141086056242784,824.4963796000084,10,13721.407705288273,13725.369969439216,13760.548772926628,13720.872201010308,13735.782217473412,13750.692233936516,13780.512266862725,13704.861289618493,13896.496288802464,5.726792165110499,59.64006585241618,143.44851766177408
2.0,9e596c95363281b8,ok,fhn_standard,fhn,fhn,neural_ode,19,121,14,6628.736222122123,13216.596960136092,303624.55548735696,2,297.62036828802593,825.7330911999888,11,13244.596960136092,13248.559224287035,13283.738027774447,13253.024401728499,13269.31256991857,13285.60073810864,13318.177074488782,13231.78838321684,13322.625117004529,7.595711540374257,65.15267276028305,40.87548410815435
2.0,9e596c95363281b8,ok,fhn_standard,fhn,fhn,neural_ode,20,121,14,131.1849300143433,44.19292477162492,6452.813139256319,3,50.667596312223395,821.3238202999928,13,72.19292477162492,76.15518892256831,111.33399240997929,85.40131148840754,103.72583659323453,122.05036169806154,158.69941190771553,61.37815683085992,335.6679604479946,8.592616029617503,73.29810041930799,218.1769352570617
2.0,9e596c95363281b8,ok,fhn_standard,fhn,fhn,neural_ode,21,121,14,6798.879981280957,13470.764654606048,12793.930620827194,3,292.4456114162058,819.3100657999894,11,13498.764654606048,13502.726918756991,13537.905722244403,13498.6702580837,13513.704995815928,13528.739733548156,13558.809209012612,13482.402195158471,13657.898913490824,5.818770276211153,60.13895092891065,126.99530795586509
2.0,9e596c95363281b8,ok,fhn_standard,fhn,fhn,neural_ode,22,121,14,-147.15015631289248,-423.7325546434626,32902.30888237834,1,5846.522550157693,821.2894873000041,13,-395.7325546434626,-391.7702904925192,-356.5914870051082,-385.0558194005438,-366.1356462846169,-347.21547316869,-309.3751269368361,-407.6031032526257,-218.6196201620773,8.064725695418431,75.68069246370764,129.43224201767768
2.0,9e596c95363281b8,ok,fhn_standard,fhn,fhn,neural_ode,23,121,14,-79.43717051651173,-221.31558473675454,8568262.225718087,0,4783.6239545915105,839.089845999988,9,-193.31558473675454,-189.35332058581116,-154.17451709840017,-179.2189658219763,-157.34911688297774,-135.47926794397918,-91.73957006598206,-203.75993107984942,-71.39494527702922,8.777826828452566,87.47939575599423,62.44124370373109
2.0,9e596c95363281b8,ok,fhn_standard,fhn,fhn,neural_ode,24,121,14,2950.0965577409497,5884.064126426021,761648.948281641,1,3058.4066809021824,831.8699597000086,10,5912.064126426021,5916.026390576964,5951.205194064376,5925.288015945218,5947.2529017747065,5969.217787604196,6013.147559263174,5901.255823656021,5988.052658799856,8.595848614999845,87.85954331795602,16.12898905587781
2.0,9e596c95363281b8,ok,fhn_standard,fhn,fhn,neural_ode,25,121,14,2143.0199065888014,4174.851823018136,5612127.644868746,2,2.4959588284327765,829.6104440000054,11,4202.851823018136,4206.814087169079,4241.992890656491,4216.780791249465,4236.853320038484,4256.925848827502,4297.070906405539,4192.337560909599,4366.329928333676,8.742868945731292,80.29011515607321,111.18799015946655
2.0,9e596c95363281b8,ok,fhn_standard,fhn,fhn,neural_ode,26,121,14,-173.40267435333269,-442.5612306045684,9474.282502300997,2,3523.991231716074,826.9970239000104,12,-414.5612306045684,-410.598966453625,-375.420162966214,-401.4070416593145,-382.4659168008071,-363.5247919422997,-325.64254222528496,-425.39860077160387,-271.0408492726359,8.581314916482254,75.76449943402949,95.75588189790302
2.0,9e596c95363281b8,ok,fhn_standard,fhn,fhn,neural_ode,27,121,14,-61.05041633317685,-214.19332720165778,121802.60491898165,0,2527.3418610206536,801.7753737000021,13,-186.19332720165778,-182.2310630507144,-147.0522595633034,-173.1290786922586,-153.1888684981475,-133.24865830403647,-93.36823791581433,-197.0682054437435,-42.33999188990944,8.562560878957141,79.76084077644425,92.09249453530408
2.0,9e596c95363281b8,ok,fhn_standard,fhn,fhn,neural_ode,28,121,14,4024.5115777163965,8039.881187424163,170016.37310960496,1,1292.617006520526,623.6553099999874,10,8067.881187424163,8071.843451575106,8107.022255062518,8081.502087115539,8104.315618505323,8127.129149895108,8172.756212674676,8057.238450755686,8140.27728099193,8.678631665761742,91.25412555913653,9.141968008629913
2.0,9e596c95363281b8,ok,fhn_standard,fhn,fhn,neural_ode,29,121,14,6886.3414671320415,13728.215459400164,3452.2711188201956,4,2078.3568990513886,535.3890653999988,13,13756.215459400164,13760.177723551107,13795.356527038519,13760.191116754391,13776.521352812397,13792.851588870402,13825.512060986413,13741.55034425396,13838.003878496107,6.667442426897654,65.32094423202307,44.46747486391956
2.0,9e596c95363281b8,ok,fhn_standard,fhn,fhn,tv_fhn,0,121,6,-253.49963596314518,-507.04620011689394,8.494877594899481,2,34.496675109139915,717.7308005000014,6,-495.04620011689394,-494.30935801163076,-478.2714568433135,-479.98232731077644,-467.62975146490425,-455.27717561903205,-430.57202392728766,-495.75968851935716,-457.5889685428016,5.6432557987684016,49.410303383488795,0.04692819060358995
2.0,9e596c95363281b8,ok,fhn_standard,fhn,fhn,tv_fhn,1,121,6,-250.17326585693323,-500.40919585200135,92.5344495813371,0,3.248004960554738,719.5499654000014,6,-488.40919585200135,-487.67235374673817,-471.6344525784209,-473.0924441132583,-460.71579060086526,-448.3391370884722,-423.58583006368616,-489.0172255484509,-450.8399176642943,5.695985151775224,49.50661404957213,0.06266413813490185
2.0,9e596c95363281b8,ok,fhn_standard,fhn,fhn,tv_fhn,2,121,6,-249.94298875873176,-499.90775676227815,0.0013976094485707348,1,1.7567305198908514,797.3177094999992,6,-487.90775676227815,-487.170914657015,-471.1330134886977,-472.56197846187433,-460.15318737447814,-447.744396287082,-422.92681411228966,-488.5036814423035,-450.25081316787885,5.702037659987336,49.63516434958468,0.021779244814634075
2.0,9e596c95363281b8,ok,fhn_standard,fhn,fhn,tv_fhn,3,121,6,-245.66259019373683,-491.4190574805535,0.0031594058078854813,0,9.69837638933879,688.2882880999969,6,-479.4190574805535,-478.6822153752903,-462.64431420697304,-463.9714458888725,-451.51637824477154,-439.06131060067065,-414.1511753124688,-479.9725143795909,-441.50490981107,5.723271550481286,49.820270576403686,0.09387709307979492
2.0,9e596c95363281b8,ok,fhn_standard,fhn,fhn,tv_fhn,4,121,6,-257.81873177184576,-516.0786391789699,0.000993868975612358,4,2.2968806775158157,606.3530370999943,6,-504.07863917896987,-503.3417970737067,-487.3038959053894,-488.7551800884347,-476.25791200127003,-463.76064391410534,-438.766107739776,-504.6838716924614,-465.6483911950328,5.69738374325422,49.989072348658766,0.44117563527834697
2.0,9e596c95363281b8,ok,fhn_standard,fhn,fhn,tv_fhn,5,121,6,-261.40402051724374,-523.0902233164097,297.43742991754914,0,20.80852530820053,664.1727870000032,6,-511.0902233164097,-510.35338121114654,-494.3154800428293,-495.6147354708737,-483.0749371707744,-470.53513887067504,-445.4555422704764,-511.632054914638,-472.6488478340902,5.729084200885853,50.1591932003973,0.2821822819222163
2.0,9e596c95363281b8,ok,fhn_standard,fhn,fhn,tv_fhn,6,121,6,-265.2396658170311,-530.7825996687316,66.41995843191017,4,5.7350660725894045,784.8750913999975,6,-518.7825996687316,-518.0457575634684,-502.0078563951511,-503.4326807980074,-491.10432393338544,-478.7759670687635,-454.11925333951956,-519.3767975968144,-481.1659041755743,5.702901035958604,49.31342745848785,0.30326803466937485
2.0,9e596c95363281b8,ok,fhn_standard,fhn,fhn,tv_fhn,7,121,6,-254.16963290573094,-508.368805937303,107.20166451321906,3,5.8233056162949595,855.7714085999905,6,-496.368805937303,-495.63196383203984,-479.5940626637226,-481.0418584826933,-468.5989786404111,-456.1560987981288,-431.27033911356426,-496.9725836899824,-458.5677464423328,5.698111123660305,49.77151936912907,0.029540125841179363
2.0,9e596c95363281b8,ok,fhn_standard,fhn,fhn,tv_fhn,8,121,6,-252.3732443495443,-505.00302612000496,43.75442779577447,0,4.649496296788612,866.4441278000013,6,-493.00302612000496,-492.2661840147418,-476.2282828464245,-477.59575402580106,-465.1575384387789,-452.7193228517567,-427.84289167771243,-493.5733058961441,-454.993626351,5.714860111930432,49.75286234808864,0.2565374209163723
2.0,9e596c95363281b8,ok,fhn_standard,fhn,fhn,tv_fhn,9,121,6,-247.0782601168914,-494.414490280618,146.11652023676473,0,1.4249483507068703,862.3954498999956,6,-482.414490280618,-481.6776481753548,-465.63974700703756,-466.78185756094587,-454.3099226599511,-441.8379877589563,-416.8941179569667,-482.89078737618524,-444.26878062980364,5.761851452216367,49.88773960397916,0.25797004683517283
2.0,9e596c95363281b8,ok,fhn_standard,fhn,fhn,tv_fhn,10,121,6,-253.13413327344566,-506.3074217743871,1.2554417633765833,4,2.2503784913632785,864.8424896999932,6,-494.3074217743871,-493.5705796691239,-477.53267850080664,-479.1761003178646,-466.81995483876796,-454.46380935967136,-429.75151840147805,-494.99278190487354,-456.84368463050475,5.657319934756769,49.424581916386536,0.0391552274957789
2.0,9e596c95363281b8,ok,fhn_standard,fhn,fhn,tv_fhn,11,121,6,-262.81049188566897,-525.7623179194555,23.167383215426604,3,8.276505447461602,810.8680598000064,6,-513.7623179194555,-513.0254758141924,-496.9875746458751,-498.65680699134293,-486.26096844176993,-473.86512989219693,-449.07345279305093,-514.4584418763287,-476.03762957304593,5.651938021563421,49.583354198292014,0.1413341481175673
2.0,9e596c95363281b8,ok,fhn_standard,fhn,fhn,tv_fhn,12,121,6,-247.3495576740527,-494.80929162289175,19.827726433948172,0,7.500153624085897,760.3305120000005,6,-482.80929162289175,-482.07244951762857,-466.0345483493113,-467.4104106033055,-454.92977833649644,-442.44914606968734,-417.48788153606927,-483.3830707489453,-444.7765862808692,5.713110436973231,49.92252906723623,0.1101762747863615
2.0,9e596c95363281b8,ok,fhn_standard,fhn,fhn,tv_fhn,13,121,6,-257.8463147438118,-515.757550992046,0.00037566414694784284,0,2.776693106329816,668.2620733999938,6,-503.75755099204605,-503.02070888678287,-486.9828077184656,-488.38741049606637,-475.95048113918136,-463.5135517822963,-438.6396930685263,-504.34331584739004,-465.9449120600835,5.7071175723280065,49.74771742754008,0.06492150442247493
2.0,9e596c95363281b8,ok,fhn_standard,fhn,fhn,tv_fhn,14,121,6,-265.23697424435744,-530.4787737999718,0.000837537339424401,0,0.4254851591107922,516.5195074999938,6,-518.4787737999718,-517.7419316947087,-501.70403052639136,-503.1170539599899,-490.6960182095373,-478.2749824590848,-453.43291095817966,-519.0680503416239,-480.78980548690464,5.705361729173952,49.68414300181022,0.00482531125691215
2.0,9e596c95363281b8,ok,fhn_standard,fhn,fhn,tv_fhn,15,121,6,-272.98592587610506,-546.3827132449115,208.15331649383714,4,6.857653941996034,463.3903489999939,6,-534.3827132449115,-533.6458711396484,-517.607969971331,-519.068936305126,-506.6917257900723,-494.3145152750186,-469.56009424491117,-534.9919835288844,-496.46300969199524,5.695364858013594,49.508842060214874,0.4108614927013957
2.0,9e596c95363281b8,ok,fhn_standard,fhn,fhn,tv_fhn,16,121,6,-253.82853331942815,-507.6914871389515,0.0024279761267547956,0,18.12097147357693,579.3036802999995,6,-495.6914871389515,-494.95464503368834,-478.9167438653711,-480.22089907355536,-467.76051521951246,-455.3001313654695,-430.37936365738364,-496.235362104209,-457.81553122268457,5.7280625173712565,49.841535416171716,0.03442050009521692
2.0,9e596c95363281b8,ok,fhn_standard,fhn,fhn,tv_fhn,17,121,6,-247.90882115322802,-496.5634500103092,37.982680657899934,0,10.18788683157004,796.1290102000057,6,-484.5634500103092,-483.82660790504605,-467.7887067367288,-469.11832266343635,-456.5963809357835,-444.0744392081307,-419.030555752825,-485.11794291989986,-445.7298753958447,5.722753545204689,50.08776691061132,0.7458077038531818
2.0,9e596c95363281b8,ok,fhn_standard,fhn,fhn,tv_fhn,18,121,6,-259.90583260945607,-519.9908120369649,65.55679143034577,0,1.8334487014485887,837.5807401999919,6,-507.99081203696494,-507.25396993170176,-491.2160687633845,-492.663838405619,-480.18376153212006,-467.70368465862106,-442.74353091162317,-508.5945788730974,-469.8913577249163,5.6981165819337525,49.92030749399584,0.1791468180528108
2.0,9e596c95363281b8,ok,fhn_standard,fhn,fhn,tv_fhn,19,121,6,-247.0716475157421,-494.27661519854354,226.0388454980052,0,10.029676088983479,841.279715800003,6,-482.27661519854354,-481.53977309328036,-465.5018719249631,-467.1530830682438,-454.7960524806973,-442.4390218931509,-417.7249607180579,-482.96522373037226,-444.71517268129827,5.655695734085644,49.42812235018589,0.13332016705934477
2.0,9e596c95363281b8,ok,fhn_standard,fhn,fhn,tv_fhn,20,121,6,-253.78008546120586,-507.70944904791907,310.17785115116,4,9.36297097624896,836.4829092,6,-495.70944904791907,-494.9726069426559,-478.9347057743386,-480.2016776105747,-467.76161271671606,-455.3215478228574,-430.4414180351401,-496.23781734265174,-457.7999113469771,5.735815852633657,49.760259575434574,0.14927812550735103
2.0,9e596c95363281b8,ok,fhn_standard,fhn,fhn,tv_fhn,21,121,6,-266.9470630833698,-533.9498871856205,252.2046852398404,0,6.4136454221215615,843.0733374999982,6,-521.9498871856205,-521.2130450803573,-505.17514391204,-506.6577411598956,-494.2314345781891,-481.8051279964827,-456.9525148330698,-522.5681782614126,-484.18889983991386,5.690854462103892,49.70522632682576,0.05576101888082022
2.0,9e596c95363281b8,ok,fhn_standard,fhn,fhn,tv_fhn,22,121,6,-264.50397706022636,-529.1124913436288,0.00233076732740757,3,6.565455457334451,806.0803389999928,6,-517.1124913436288,-516.3756492383657,-500.33774807004835,-501.61056811839455,-489.09346044538904,-476.57635277238353,-451.5421374263725,-517.6432985322433,-478.9395234284307,5.734596405692732,50.06843069202207,0.1045372231760392
2.0,9e596c95363281b8,ok,fhn_standard,fhn,fhn,tv_fhn,23,121,6,-264.9395563421102,-529.8937620206584,177.75746382484232,4,2.86570229886064,843.9821307999955,6,-517.8937620206584,-517.1569199153953,-501.119018747078,-502.43084630040767,-489.96770124264486,-477.50455618488206,-452.57826606935646,-518.4408366023597,-480.02653245316924,5.726462709149347,49.852580231051206,0.01464933643802361
2.0,9e596c95363281b8,ok,fhn_standard,fhn,fhn,tv_fhn,24,121,6,-246.73481857925523,-493.75551122554134,31.87337286505398,0,16.417868051243687,839.2808979999973,6,-481.75551122554134,-481.01866912027816,-464.9807679519609,-466.34223913487415,-453.94633208984163,-441.5504250448092,-416.75861095474414,-482.32328880880686,-443.88600897838046,5.716111208367238,49.58362818013,0.28587406703089596
2.0,9e596c95363281b8,ok,fhn_standard,fhn,fhn,tv_fhn,25,121,6,-264.04080406372503,-528.100222278072,1.6029234841801385,0,15.46986851760576,834.849536099995,6,-516.100222278072,-515.3633801728089,-499.32547900449157,-500.9177534996497,-488.5255451429984,-476.13333678634706,-451.3489200730445,-516.7642523185916,-478.51277470084483,5.6679849797401864,49.56883342660521,0.018614150621922114
2.0,9e596c95363281b8,ok,fhn_standard,fhn,fhn,tv_fhn,26,121,6,-249.63236357739422,-499.52698492066,112.84667757653703,0,1.9719831911884285,835.2801260999986,6,-487.52698492066,-486.79014281539685,-470.7522416470796,-471.9354133573168,-459.49977977800876,-447.06414619870077,-422.1928790400847,-488.02040584844576,-449.5221928375563,5.753289536107129,49.74253431723211,0.2622577658716097
2.0,9e596c95363281b8,ok,fhn_standard,fhn,fhn,tv_fhn,27,121,6,-264.6398640913417,-529.3006614891069,115.64124239430161,4,28.96202882425854,836.6641738000035,6,-517.3006614891069,-516.5638193838438,-500.5259182155265,-501.7930674911861,-489.2804220780161,-476.76777666484617,-451.7424858385062,-517.8291037818268,-479.22914653000345,5.735778853640082,50.050581652679895,0.020933306423589804
2.0,9e596c95363281b8,ok,fhn_standard,fhn,fhn,tv_fhn,28,121,6,-256.38986897783946,-512.8155917236558,0.003258734612929012,0,8.924593940001557,701.7950511999952,6,-500.81559172365576,-500.0787496183926,-484.0408484500753,-485.71884821755737,-473.3585363167857,-460.99822441601407,-436.2776006144708,-501.5153719794981,-463.3384903525924,5.650109872078811,49.44124760308654,0.03585376797686327
2.0,9e596c95363281b8,ok,fhn_standard,fhn,fhn,tv_fhn,29,121,6,-251.40149543390172,-502.81204354836916,0.003743144889892687,1,1.4830339098689933,511.6452669999999,6,-490.81204354836916,-490.075201443106,-474.0373002747887,-475.65358321860185,-463.29631240992745,-450.93904160125305,-426.2244999839043,-491.4860858896458,-453.3739076331059,5.662978829361691,49.42908323469754,0.009052680565715811
2.0,9e596c95363281b8,ok,fhn_standard,fhn,fhn,ude_fhn,0,121,13,-252.2418551246259,-504.50649174662794,2.4773555457143455,0,13.119222960280354,1030.8802589000043,6,-478.50649174662794,-475.1046225877494,-442.1612146538703,-484.84199167764524,-474.657820987038,-464.4736502964308,-444.1053089152163,-496.30575825669786,-463.7470274868229,4.100366744965057,40.73668276242893,0.022781497376091243
2.0,9e596c95363281b8,ok,fhn_standard,fhn,fhn,ude_fhn,1,121,13,-250.19501093185073,-500.795133444999,7.634402969683817,0,2.1877476833271032,1021.2812208999967,8,-474.795133444999,-471.3932642861205,-438.44985635224134,-477.7602451806349,-467.2666782533009,-456.7731113259669,-435.7859774712989,-491.18883890592093,-458.41575415436546,4.803147269539038,41.97426770933601,0.40511158129754654
2.0,9e596c95363281b8,ok,fhn_standard,fhn,fhn,ude_fhn,2,121,13,-249.71306438618905,-499.68705926953197,0.9532838658430443,0,8.175971071446611,1007.1039384000032,9,-473.68705926953197,-470.28519011065345,-437.34178217677436,-477.2166371142919,-466.8426187935255,-456.4686004727591,-435.7205638312263,-490.31616538181987,-457.93005548931245,4.685446943856057,41.496073283065655,0.2609304971538798
2.0,9e596c95363281b8,ok,fhn_standard,fhn,fhn,ude_fhn,3,121,13,-245.46057388852492,-490.9297781000615,9.145711301492026,0,4.394893404295402,895.8910995000042,6,-464.9297781000615,-461.527908941183,-428.58450100730386,-471.66732048802794,-461.4484463042723,-451.22957212051665,-430.79182375300536,-482.89670933740695,-450.04565104202726,4.016534381327276,40.87549673502258,0.008630323011701274
2.0,9e596c95363281b8,ok,fhn_standard,fhn,fhn,ude_fhn,4,121,13,-256.4429399080421,-513.2947632965759,0.5161948055812953,0,3.1209397445252307,910.1983023999928,9,-487.29476329657587,-483.89289413769734,-450.9494862038182,-490.35240171615914,-479.7362697521406,-469.120137788122,-447.8878738600848,-503.7270553817749,-470.4213519600099,4.783853957400471,42.4645278560743,0.4088834804916783
2.0,9e596c95363281b8,ok,fhn_standard,fhn,fhn,ude_fhn,5,121,13,-260.9693013842793,-522.7472500519156,2.801862470513644,0,0.23775663304598993,978.269702199992,9,-496.74725005191556,-493.34538089303703,-460.4019729591579,-498.83740242221796,-488.0277417807779,-477.2180811393378,-455.5987598564576,-512.7760691163135,-478.6999602027982,4.985590467801062,43.23864256576034,0.8086472833569859
2.0,9e596c95363281b8,ok,fhn_standard,fhn,fhn,ude_fhn,6,121,13,-264.7165494628699,-529.8481564191574,9.058636085797769,0,0.21443807542402737,1135.9189827000082,9,-503.84815641915736,-500.44628726027884,-467.5028793263997,-506.8011493902849,-496.3816340193328,-485.96211864838074,-465.12308790647654,-520.2368079627353,-487.7550374419315,4.805674228211047,41.67806148380832,0.4150574934175223
2.0,9e596c95363281b8,ok,fhn_standard,fhn,fhn,ude_fhn,7,121,13,-254.0145939776427,-508.0862243608491,2.843235617485768,0,3.072453293073636,1159.5207738000026,8,-482.0862243608491,-478.68435520197056,-445.7409472680914,-487.30499846537987,-477.0325059462805,-466.76001342718115,-446.21502838898243,-499.4197800289341,-466.9392178788879,4.333222165957496,41.089970076397464,0.05703640556366135
2.0,9e596c95363281b8,ok,fhn_standard,fhn,fhn,ude_fhn,8,121,13,-252.1652463702663,-504.7817625630247,0.6068698593817123,0,8.28854063917916,1146.8407918000012,9,-478.7817625630247,-475.3798934041462,-442.43648547026703,-481.6506588401468,-471.10753145617844,-460.5644040722101,-439.4781493042734,-495.1353430611906,-462.1579832046592,4.823209750917039,42.172509535873345,0.4512698224921157
2.0,9e596c95363281b8,ok,fhn_standard,fhn,fhn,ude_fhn,9,121,13,-245.86145208927223,-492.4141638364904,13.207927985375122,0,0.9625735622072114,1161.6156693999947,9,-466.4141638364904,-463.01229467761186,-430.0688867437327,-469.0031893089163,-458.41019414551477,-447.8171989821132,-426.6312086553101,-482.65102914368407,-449.35092352493825,4.88156734640317,42.371980653606215,0.6912596579459029
2.0,9e596c95363281b8,ok,fhn_standard,fhn,fhn,ude_fhn,10,121,13,-252.58424816309318,-505.17003431480083,3.7757288834810305,0,2.7591040277043817,1099.6843980999984,6,-479.17003431480083,-475.7681651559223,-442.8247572220432,-485.9475364050562,-475.79462152958104,-465.64170665410586,-445.33587690315545,-497.15363004235246,-464.5568368242856,4.00820213622419,40.61165950190075,0.0015379886144580059
2.0,9e596c95363281b8,ok,fhn_standard,fhn,fhn,ude_fhn,11,121,13,-260.71956225733516,-521.5068338144022,19.078276279561102,2,1.683043259715589,1071.7234503000072,7,-495.50683381440217,-492.10496465552364,-459.1615567216445,-501.23850327823556,-490.98088773395256,-480.72327218966956,-460.20804110110356,-513.0542834607276,-480.4086623375383,4.226275176837325,41.030462177132,0.06770929973189317
2.0,9e596c95363281b8,ok,fhn_standard,fhn,fhn,ude_fhn,12,121,13,-246.75217710726025,-493.84438813768537,76.09751009111015,4,12.835000106375247,972.4825975999993,9,-467.84438813768537,-464.44251897880685,-431.49911104492776,-471.2512802013987,-460.7816662558697,-450.3120523103408,-429.37282441928284,-484.42233030530963,-451.62589843240465,4.711028916187883,41.878455782115836,0.3400339231648392
2.0,9e596c95363281b8,ok,fhn_standard,fhn,fhn,ude_fhn,13,121,13,-257.7572998328348,-516.0409255907675,20.84693620311939,0,5.119460250212427,825.1031984000001,9,-490.04092559076753,-486.639056431889,-453.69564849800986,-492.8166316873159,-482.29124789146675,-471.76586409561764,-450.7150965039193,-506.35564276507154,-473.413064482273,4.842641412847987,42.101535183396585,0.5263259250979478
2.0,9e596c95363281b8,ok,fhn_standard,fhn,fhn,ude_fhn,14,121,13,-265.1228400598191,-530.3677142211452,7.93499284139442,0,0.6579357939316424,704.3766450999974,9,-504.3677142211452,-500.9658450622667,-468.02243712838754,-508.70536332410177,-498.36273228108195,-488.0201012380622,-467.33483915202254,-521.33381222268,-488.875155947559,4.516950999232592,41.370524172079215,0.12203410150700254
2.0,9e596c95363281b8,ok,fhn_standard,fhn,fhn,ude_fhn,15,121,13,-272.8790057295709,-545.9949859889809,1.372564037516365,0,4.279730407497141,779.4826405000058,8,-519.9949859889809,-516.5931168301024,-483.6497088962233,-523.5090572833154,-513.0677405350019,-502.6264237866885,-481.7437902900616,-536.6176253674621,-503.992744465888,4.6886803107594,41.765266993253825,0.23697452983910364
2.0,9e596c95363281b8,ok,fhn_standard,fhn,fhn,ude_fhn,16,121,13,-253.10602722407305,-506.24024453608894,20.218959133824736,0,4.364571280532914,961.1291493000026,6,-480.24024453608894,-476.8383753772104,-443.8949674433313,-486.4592792233219,-476.2681431662912,-466.07700710926053,-445.6947349951991,-497.9909412670257,-465.4475102200233,4.124651634531644,40.7645442281228,0.028190087942835944
2.0,9e596c95363281b8,ok,fhn_standard,fhn,fhn,ude_fhn,17,121,13,-247.29687680547053,-495.4743789110132,5.557838571217525,0,1.332722971363097,1126.4100585999986,9,-469.4743789110132,-466.0725097521347,-433.12910181825555,-471.5976186810785,-460.7983411477389,-449.9990636143993,-428.4005085477201,-485.5169964928602,-451.3966434775827,4.9786912090765085,43.19711013335834,0.8806253000721654
2.0,9e596c95363281b8,ok,fhn_standard,fhn,fhn,ude_fhn,18,121,13,-259.4327560683862,-519.0193512058918,23.809437964084577,4,1.159322870793062,1135.3816230999946,8,-493.0193512058918,-489.61748204701325,-456.6740741131341,-498.2185233560799,-487.93299963091033,-477.6474759057407,-457.07642845540147,-510.3447322240807,-477.72341723609395,4.3373094909055485,41.142094900678444,0.15383906911943246
2.0,9e596c95363281b8,ok,fhn_standard,fhn,fhn,ude_fhn,19,121,13,-246.64462552427477,-493.841601523313,2.8739100492840874,0,1.1399613822352137,1137.5793697000045,9,-467.841601523313,-464.43973236443446,-431.4963244305553,-470.4851773757484,-459.9696616586049,-449.4541459414614,-428.4231145071743,-484.1012161059351,-451.2271881799755,4.870192708688946,42.06206286857405,0.5523504747634678
2.0,9e596c95363281b8,ok,fhn_standard,fhn,fhn,ude_fhn,20,121,13,-253.36863782500933,-506.74933365800985,5.050222130512667,3,1.0011018267244083,1137.0158854000038,6,-480.74933365800985,-477.3474644991313,-444.4040565652522,-487.21967487824753,-477.0447204155525,-466.8697659528575,-446.5198570274674,-498.604833353386,-466.03745779923855,4.072250152311903,40.69981785078011,0.012058007991179712
2.0,9e596c95363281b8,ok,fhn_standard,fhn,fhn,ude_fhn,21,121,13,-266.73438151288605,-533.481825942747,7.943715239846136,4,0.10523473837105257,1137.3485624000023,6,-507.48182594274704,-504.0799567838685,-471.13654884998937,-514.0256118793102,-503.85335532300985,-493.6810987667095,-473.3365856541089,-525.36795446381,-492.7797368005708,4.056935739468569,40.6890262252013,0.013062916974927334
2.0,9e596c95363281b8,ok,fhn_standard,fhn,fhn,ude_fhn,22,121,13,-262.9706478534958,-525.9753104837456,4.962142173272482,1,1.391739078570481,1134.3803329000075,6,-499.9753104837456,-496.5734413248671,-463.63003339098793,-506.447758023451,-496.264699837319,-486.081641651187,-465.715525278923,-517.8316885825665,-485.2090629624636,4.071810950589543,40.732232744528005,0.03401477675401136
2.0,9e596c95363281b8,ok,fhn_standard,fhn,fhn,ude_fhn,23,121,13,-264.3942383858979,-529.2837359418253,1.501731833702607,0,2.751699679359092,1135.9821701000037,9,-503.2837359418253,-499.88186678294676,-466.9384588490676,-506.0035945885697,-495.39875034517195,-484.79390610177416,-463.5842176149786,-519.5751629205826,-486.36909979820473,4.854286510621336,42.41937697359104,0.4952591700294426
2.0,9e596c95363281b8,ok,fhn_standard,fhn,fhn,ude_fhn,24,121,13,-246.30016190079516,-492.86257591564686,0.09080784836129116,0,11.630221452347229,1132.1307811000006,9,-466.86257591564686,-463.46070675676833,-430.5172988228892,-470.2700034778069,-459.80236935496504,-449.3347352321232,-428.3994669864395,-483.44074140346896,-450.72978731022295,4.710917256088957,41.87053649136736,0.26225211405651017
2.0,9e596c95363281b8,ok,fhn_standard,fhn,fhn,ude_fhn,25,121,13,-263.73554787896177,-527.5111090824312,25.17028061888746,4,1.247277921572504,1130.3626483999979,6,-501.5111090824312,-498.10923992355265,-465.1658319896735,-507.81962662758167,-497.63671404556555,-487.4538014635495,-467.0879762995173,-519.2991230635967,-486.7394454298592,4.105993009417242,40.73165032806437,0.040013324507616126
2.0,9e596c95363281b8,ok,fhn_standard,fhn,fhn,ude_fhn,26,121,13,-248.690881436841,-498.539273769032,47.97711294095239,0,13.22933515826108,1128.7097011000005,11,-472.539273769032,-469.13740461015345,-436.1939966762743,-474.8618452252854,-464.2309671186618,-453.6000890120382,-432.33833279879104,-488.6650191206566,-454.8582504471877,4.937127324187678,42.52351242649435,1.1575108953499331
2.0,9e596c95363281b8,ok,fhn_standard,fhn,fhn,ude_fhn,27,121,13,-263.6727594156258,-527.4053811888365,86.35080609782617,2,1.1199894159172459,1031.7200025000056,7,-501.4053811888365,-498.00351202995796,-465.0601040960788,-506.8938416523413,-496.6654123747402,-486.4369830971391,-465.98012454193685,-518.851404804139,-486.4318017208472,4.276988192348789,40.91371711040442,0.059862357584885346
2.0,9e596c95363281b8,ok,fhn_standard,fhn,fhn,ude_fhn,28,121,13,-255.89160806592182,-511.9626190931291,1.6984717723064333,0,22.254877743409764,854.7498190999904,9,-485.9626190931291,-482.56074993425057,-449.6173420003714,-489.83109866463747,-479.4485421054491,-469.0659855462608,-448.30087242788403,-502.73305820298066,-470.2529898950902,4.614780445074207,41.53022623675342,0.17940296128544744
2.0,9e596c95363281b8,ok,fhn_standard,fhn,fhn,ude_fhn,29,121,13,-250.90329224682097,-501.81916240259136,16.88851478301973,0,10.019507246359922,840.9540360999963,6,-475.81916240259136,-472.41729324371283,-439.4738853098337,-482.4677677583187,-472.29994037041166,-462.1321129825047,-441.79645820669066,-493.749004016696,-461.1352749420139,4.035079192947685,40.67130955162807,0.012577908949404798
2.0,bf25628f70157ee6,ok,fhn_ude,fhn,ude_fhn,fhn,0,121,4,-214.43216669920608,-431.47856142334024,0.11138453779116105,1,12.45634175284843,386.8348311999871,4,-423.47856142334024,-423.1337338371333,-412.29539924095326,-412.7397565260839,-403.7015493902134,-394.663342254343,-376.586927982602,-423.66387280460503,-392.71150485493024,3.9073443093675895,36.15282854348189,2.6142280249280607
2.0,bf25628f70157ee6,ok,fhn_ude,fhn,ude_fhn,fhn,1,121,4,-222.40434975486002,-446.5628763451646,0.0016463912055299308,2,9.816393346101108,555.0870809000044,4,-438.5628763451646,-438.2180487589577,-427.37971416277765,-427.738858676929,-418.625761874986,-409.51266507304297,-391.28647146915694,-438.7126512407681,-408.356312301948,3.925112552198279,36.45238720777208,1.7541768354445795
2.0,bf25628f70157ee6,ok,fhn_ude,fhn,ude_fhn,fhn,2,121,4,-230.72768398240154,-464.90212711158495,0.05747216121323825,0,18.155523043899052,551.435850400012,4,-456.90212711158495,-456.557299525378,-445.71896492919797,-446.3032506827511,-437.4010223395105,-428.4987939962699,-410.6943373097887,-457.14579319666433,-425.84645459184065,3.8781669574603055,35.608913372962434,3.446759146781835
2.0,bf25628f70157ee6,ok,fhn_ude,fhn,ude_fhn,fhn,3,121,4,-199.31488200128967,-402.69306257451024,0.014486759689676415,0,28.121428747484998,524.7428130000044,4,-394.69306257451024,-394.3482349883033,-383.50990039212326,-384.2019685227068,-375.3837666998983,-366.56556487708974,-348.9291612314726,-394.981677402036,-363.35695671134516,3.855692586237115,35.27280729123419,4.063298571930891
2.0,bf25628f70157ee6,ok,fhn_ude,fhn,ude_fhn,fhn,4,121,4,-223.87794276085907,-450.0277268873432,0.0019596424559984527,1,20.30054832015449,508.8753446999908,4,-442.0277268873432,-441.6828993011363,-430.8445647049562,-431.27429496898884,-422.23724932718557,-413.20020368538235,-395.1261124017758,-442.20693832702005,-411.60770295450516,3.9103942801615585,36.14818256721301,2.2718413656250633
2.0,bf25628f70157ee6,ok,fhn_ude,fhn,ude_fhn,fhn,5,121,4,-229.86339483223028,-462.7541524604112,267.66061370842283,4,9.71022135505018,519.51103899999,4,-454.7541524604112,-454.4093248742043,-443.5709902780242,-444.11460154066816,-435.18693936078887,-426.2592771809096,-408.403952821151,-454.98085596527676,-424.0161409449434,3.886648247567228,35.71064871951715,3.0273627959506584
2.0,bf25628f70157ee6,ok,fhn_ude,fhn,ude_fhn,fhn,6,121,4,-234.3458858151156,-471.67341940721116,0.0008975314101473665,3,3.15250683386526,342.6913348999951,4,-463.67341940721116,-463.32859182100424,-452.4902572248242,-453.00578430327255,-444.0465826369738,-435.08738097067516,-417.1689776380777,-463.88841089758046,-432.85496496503634,3.8925042548153606,35.836806665194835,2.981647776979978
2.0,bf25628f70157ee6,ok,fhn_ude,fhn,ude_fhn,fhn,7,121,4,-233.64930685034253,-469.74615603114717,332.22086160273,4,4.050680896843858,261.760486500003,4,-461.74615603114717,-461.40132844494025,-450.5629938487602,-451.0068394377469,-441.9796880432077,-432.9525366486685,-414.89823385959016,-461.9312540185454,-431.1900081225283,3.9074510063008794,36.108605578156784,2.4475423304621216
2.0,bf25628f70157ee6,ok,fhn_ude,fhn,ude_fhn,fhn,8,121,4,-224.71150677765087,-452.34678614358586,0.0033749848147740166,2,9.510634593256299,402.2287798999896,4,-444.34678614358586,-444.00195855737894,-433.1636239611989,-433.70036433319245,-424.76855601972795,-415.8367477062634,-397.9731310793344,-444.57062426449227,-413.6957803014437,3.8880809395467884,35.727233253858074,2.9237725882841406
2.0,bf25628f70157ee6,ok,fhn_ude,fhn,ude_fhn,fhn,9,121,4,-212.8010872170518,-430.63269484494526,0.38703026387868256,3,9.46103238598397,539.1190454000025,4,-422.63269484494526,-422.28786725873834,-411.4495326625583,-412.3027628132871,-403.5872504980472,-394.8717381828073,-377.44071355232745,-422.98851945513894,-390.74012517314395,3.822087694903158,34.86204926095961,5.030520410841682
2.0,bf25628f70157ee6,ok,fhn_ude,fhn,ude_fhn,fhn,10,121,4,-220.45495030507988,-443.15186637055194,0.004897517932989108,3,34.564948364520205,323.37919910000346,4,-435.15186637055194,-434.807038784345,-423.96870418816496,-424.3821429008128,-415.3216735190111,-406.26120413720935,-388.1402653736058,-435.32428370559484,-404.66802308295274,3.9137913324785534,36.24187752720701,2.2419657603921714
2.0,bf25628f70157ee6,ok,fhn_ude,fhn,ude_fhn,fhn,11,121,4,-229.55888268511384,-460.8047799100178,0.003633435605408644,1,25.01735983244035,304.0312309,4,-452.8047799100178,-452.4599523238109,-441.62161772763085,-441.96533449295345,-432.8255192028592,-423.685703912765,-405.4060733325765,-452.9481209346329,-422.55850420985075,3.9283294876924533,36.55926116037692,1.6870145397901588
2.0,bf25628f70157ee6,ok,fhn_ude,fhn,ude_fhn,fhn,12,121,4,-222.94410523602423,-448.46467248702413,0.0039125337809311446,3,10.190120064459194,242.99854619999996,4,-440.46467248702413,-440.1198449008172,-429.28151030463715,-429.7666031610907,-420.7908962499949,-411.81518933889913,-393.86377551670756,-440.6669719210138,-409.9853828276653,3.898850283005185,35.90282764438315,2.5764620149756516
2.0,bf25628f70157ee6,ok,fhn_ude,fhn,ude_fhn,fhn,13,121,4,-231.49914013902654,-466.4035381647859,0.003017152752265841,3,43.381212372015796,302.415214,4,-458.4035381647859,-458.058710578579,-447.22037598239893,-447.79941241875025,-438.891239274757,-429.98306613076386,-412.1667198427774,-458.64501511455927,-427.36558770208023,3.8792615251133173,35.63269257597284,3.4052578867328416
2.0,bf25628f70157ee6,ok,fhn_ude,fhn,ude_fhn,fhn,14,121,4,-235.29635658113955,-473.5303525942371,78.12423882292212,1,11.677529291146158,318.39885260000005,4,-465.5303525942371,-465.1855250080302,-454.34719041185014,-454.8652016415986,-445.91147154396174,-436.95774144632486,-419.0502812510511,-465.74638005616373,-434.7777927717316,3.891986269036691,35.8149203905475,2.937639431958
2.0,bf25628f70157ee6,ok,fhn_ude,fhn,ude_fhn,fhn,15,121,4,-249.20285434471845,-501.58248649990634,0.011628744720996731,2,35.27412672415238,251.48678919999998,4,-493.58248649990634,-493.2376589136994,-482.39932431751936,-482.9352499237621,-473.9876964864584,-465.04014304915466,-447.14503617454716,-493.80598483710327,-462.615494940222,3.8882508314015487,35.79021374921493,3.176777810469467
2.0,bf25628f70157ee6,ok,fhn_ude,fhn,ude_fhn,fhn,16,121,4,-211.23414294485966,-425.6482856638428,0.003243096764824462,1,19.910589974699462,285.34271550000017,4,-417.6482856638428,-417.30345807763587,-406.4651234814558,-407.04691335781166,-398.156360467663,-389.26580757751435,-371.484701797217,-417.8909108872859,-386.90607432912464,3.8786873882784545,35.56221156059467,3.179999774123489
2.0,bf25628f70157ee6,ok,fhn_ude,fhn,ude_fhn,fhn,17,121,4,-215.02147070591113,-431.9433152212057,0.0033055159578287805,1,16.523149940338016,274.06887840000013,4,-423.9433152212057,-423.5984876349988,-412.7601530388187,-413.1485540037906,-404.0747645277758,-395.000975051761,-376.8533960997314,-424.1052910044594,-393.7477835077631,3.919012108373151,36.29515790405919,1.900373809383411
2.0,bf25628f70157ee6,ok,fhn_ude,fhn,ude_fhn,fhn,18,121,4,-247.3602839580871,-497.63506672678636,0.0030645691440964813,3,4.947177633159328,273.9406709000002,4,-489.63506672678636,-489.29023914057944,-478.4519045443994,-478.9343216719074,-469.93072873464877,-460.92713579739006,-442.9199499228727,-489.836250295135,-458.7061961671395,3.8994082158256638,36.01437174903468,2.9144988106121192
2.0,bf25628f70157ee6,ok,fhn_ude,fhn,ude_fhn,fhn,19,121,4,-214.84112659391047,-433.65431654031966,55.64688043173833,2,10.158061749761004,272.32557289999977,4,-425.65431654031966,-425.30948895411274,-414.4711543579327,-415.10820795282416,-406.2351617509593,-397.36211554909454,-379.6160231453649,-425.91998852446267,-394.1900683803617,3.8671640079285003,35.492184807459246,3.9720633524987177
2.0,bf25628f70157ee6,ok,fhn_ude,fhn,ude_fhn,fhn,20,121,4,-218.86837353286373,-441.78190113072753,0.003170350376255066,4,35.475061615301996,345.30726779999986,4,-433.78190113072753,-433.4370735445206,-422.59873894834055,-423.25953839337177,-414.4095145596475,-405.5594907259232,-387.8594430584746,-434.0574759035407,-402.3366517308303,3.862212613593415,35.40009533489716,4.045154065000057
2.0,bf25628f70157ee6,ok,fhn_ude,fhn,ude_fhn,fhn,21,121,4,-234.1285766152975,-472.0737445819142,303.04339951178247,4,1.1070987497377587,541.7021611,4,-464.0737445819142,-463.72891699570727,-452.8905823995272,-453.5109822099725,-444.6271836194964,-435.7433850290204,-417.9757878480682,-464.33247139850334,-432.7219588686907,3.870636591705428,35.535194361904296,3.8165913513191807
2.0,bf25628f70157ee6,ok,fhn_ude,fhn,ude_fhn,fhn,22,121,4,-242.42729441929265,-487.1793240554024,0.003575892839892672,1,5.888062246005035,610.2212727000001,4,-479.1793240554024,-478.83449646919547,-467.9961618730154,-468.4880520998684,-459.54081045804855,-450.5935688162287,-432.69908553258904,-479.3844582130251,-449.0656222713059,3.897432921188645,35.78896656727939,2.3247352168171087
2.0,bf25628f70157ee6,ok,fhn_ude,fhn,ude_fhn,fhn,23,121,4,-234.71044439105347,-472.7389688866152,0.0883249394916266,2,60.95954709114463,407.30578639999976,4,-464.7389688866152,-464.3941413004083,-453.55580670422825,-454.1068595854925,-445.17029939762966,-436.2337392097668,-418.36061883404113,-464.9687757874901,-433.6746480306556,3.8850965495625767,35.746240751451374,3.3180801045082884
2.0,bf25628f70157ee6,ok,fhn_ude,fhn,ude_fhn,fhn,24,121,4,-221.3831048815954,-445.11874281951214,0.0022241344373459346,2,47.30227649715562,285.51661809999996,4,-437.11874281951214,-436.7739152333052,-425.93558063712516,-426.394425845161,-417.39896613522205,-408.4035064252831,-390.41258700540527,-437.31009613391285,-406.78437092343506,3.904323342799634,35.98183883975571,2.3525330563213505
2.0,bf25628f70157ee6,ok,fhn_ude,fhn,ude_fhn,fhn,25,121,4,-245.0027181692419,-491.76074424543685,0.0014804726235532134,2,23.929541258270945,303.57722669999976,4,-483.76074424543685,-483.41591665922994,-472.5775820630499,-472.91479992282865,-463.75598692632474,-454.5971739298208,-436.27954793681306,-483.90137501593136,-453.3701843524682,3.9296846147527464,36.63525198601562,1.7553079069530813
2.0,bf25628f70157ee6,ok,fhn_ude,fhn,ude_fhn,fhn,26,121,4,-209.79569142115915,-423.49533993726124,0.0033350684284861325,3,4.304608544376578,314.18120350000027,4,-415.49533993726124,-415.1505123510543,-404.31217775487426,-405.00606823720614,-396.1995295081033,-387.3929907790005,-369.77991332079483,-415.78471474449464,-384.365227925907,3.855312596383314,35.226154916411296,3.9039570949429323
2.0,bf25628f70157ee6,ok,fhn_ude,fhn,ude_fhn,fhn,27,121,4,-242.9891004768003,-488.8629345674867,0.40795978416322537,2,6.863628868165449,397.5504584999999,4,-480.8629345674867,-480.5181069812798,-469.67977238509974,-470.1898787586296,-461.2251485753847,-452.26041839213985,-434.33095802565003,-481.07566544832065,-450.119280220621,3.89363455958304,35.858920732979556,2.8847336138861372
2.0,bf25628f70157ee6,ok,fhn_ude,fhn,ude_fhn,fhn,28,121,4,-216.93258754653138,-435.75887763443876,0.1771157423022272,0,3.0011110766065485,514.5994039999996,4,-427.75887763443876,-427.41405004823184,-416.5757154520518,-416.96277930196277,-407.8864253226194,-398.81007134327604,-380.65736338458925,-427.920295797401,-397.55975917568924,3.91929091851888,36.30541591737351,1.8937025413759823
2.0,bf25628f70157ee6,ok,fhn_ude,fhn,ude_fhn,fhn,29,121,4,-214.65072665176342,-431.51545853533844,0.004176829803541643,3,40.4028081614851,570.1262320000005,4,-423.51545853533844,-423.1706309491315,-412.33229635295146,-412.7418126424516,-403.6791915304861,-394.61657041852055,-376.4913281945895,-423.68624009287583,-393.0509688556648,3.9146092212312964,36.250484447862036,2.2140052318116155
2.0,bf25628f70157ee6,ok,fhn_ude,fhn,ude_fhn,neural_ode,0,121,14,214.03343093888228,403.5166574218016,185577321.16973844,3,508.7696911317299,729.1328072000033,6,431.5166574218016,435.478921572745,470.65772506015594,442.3500916830336,463.9855117055171,485.62093172800064,528.8917717729677,419.71145737897945,514.6085419676987,8.097399978588921,86.54168008993409,24.55020445596295
2.0,bf25628f70157ee6,ok,fhn_ude,fhn,ude_fhn,neural_ode,1,121,14,802.5382926669456,1585.6045974652757,1914156317.7712555,4,443.3424787144909,791.3459614000021,3,1613.6045974652757,1617.566861616219,1652.74566510363,1627.0727703921277,1647.917100718644,1668.76143104516,1710.4500916981922,1602.898168788955,1688.4539066399557,8.646785661839646,83.37732130606456,19.471987868615557
2.0,bf25628f70157ee6,ok,fhn_ude,fhn,ude_fhn,neural_ode,2,121,14,76.47541573291932,112.55953527052156,624328776.5224243,3,367.0556429019357,739.0652566999925,4,140.55953527052156,144.52179942146495,179.70060290887594,149.13126842004806,169.37227276395015,189.61327710785224,230.09528579565642,127.81113260439798,233.914848841447,7.625798666938206,80.96401737560835,40.391296195317054
2.0,bf25628f70157ee6,ok,fhn_ude,fhn,ude_fhn,neural_ode,3,121,14,836.1907130419859,1640.5170057621299,143936343.72337747,3,206.5118350699115,769.2740633999929,5,1668.5170057621299,1672.4792699130733,1707.6580734004842,1671.7170245641546,1689.8987273031446,1708.0804300421346,1744.4438355201148,1653.5284242156197,1745.108237039932,6.50570922674489,72.72681095596018,31.864420321841973
2.0,bf25628f70157ee6,ok,fhn_ude,fhn,ude_fhn,neural_ode,4,121,14,-229.19315313728896,-508.3425861798364,334.6925358412007,2,2499.4229411036567,683.2586998999905,11,-480.3425861798364,-476.38032202889303,-441.2015185414821,-470.73889165040146,-454.37227875935133,-438.0056658683012,-405.27244008620096,-492.6606275238393,-392.9198547103774,7.840979327998561,65.4664515642005,49.95627990525851
2.0,bf25628f70157ee6,ok,fhn_ude,fhn,ude_fhn,neural_ode,5,121,14,1255.8564582623403,2496.363212318695,8597412.69934263,1,494.58917229424264,566.0302073000057,6,2524.363212318695,2528.3254764696385,2563.504279957049,2526.8143670177997,2545.198011875488,2563.5816567331767,2600.3489464485538,2509.062330184492,2585.2474959554347,6.349558932898666,73.53457943075401,15.349704205985525
2.0,bf25628f70157ee6,ok,fhn_ude,fhn,ude_fhn,neural_ode,6,121,14,565.1467885951954,1099.090340378389,17137918.3022391,3,202.56117391654766,416.03306069999235,8,1127.090340378389,1131.0526045293325,1166.2314080167434,1132.3122564608823,1149.610739045406,1166.90922162993,1201.5061867989778,1112.9449554899668,1199.4875075284863,6.927307555788882,69.1939303380954,31.203236812001716
2.0,bf25628f70157ee6,ok,fhn_ude,fhn,ude_fhn,neural_ode,7,121,14,507.9477290019975,995.5228794559708,580949978.943004,0,218.60782782272645,525.1775536999921,3,1023.5228794559708,1027.4851436069143,1062.6639470943253,1035.1187851788472,1055.966210392805,1076.8136356067625,1118.5084860346778,1012.035654710191,1099.2851588598257,8.256387627110078,83.38970085583068,20.372578548024208
2.0,bf25628f70157ee6,ok,fhn_ude,fhn,ude_fhn,neural_ode,8,121,14,830.9990489902865,1639.0772194120032,11327085.752201164,3,2110.859338153272,718.6882315999974,6,1667.0772194120032,1671.0394835629465,1706.2182870503575,1672.9651871204671,1691.3127758038247,1709.660364487182,1746.3555418538972,1653.2095996259716,1735.388452714003,7.066190106984168,73.39035473342994,22.920878568569915
2.0,bf25628f70157ee6,ok,fhn_ude,fhn,ude_fhn,neural_ode,9,121,14,-157.354627778051,-431.8879077570687,30829.602093277856,2,1100.2031145899387,560.2169334999926,13,-403.8879077570687,-399.92564360612533,-364.7468401187143,-395.94955555118247,-380.7057673988118,-365.46197924644116,-334.97440294169985,-416.9004507928011,-253.73410294661937,7.493728482133795,60.97515260948262,117.1786522009667
2.0,bf25628f70157ee6,ok,fhn_ude,fhn,ude_fhn,neural_ode,10,121,14,1025.179576909062,2026.6049132464377,1955841.5052212416,1,390.7375041763878,443.27392660000004,7,2054.6049132464377,2058.5671773973813,2093.745980884792,2056.660651441171,2073.324390424609,2089.988129408047,2123.3156073749233,2039.1391296218085,2117.0141097518763,6.267108187685352,66.65495593375208,23.754240571686115
2.0,bf25628f70157ee6,ok,fhn_ude,fhn,ude_fhn,neural_ode,11,121,14,574.2382621537823,1126.926778422583,954301124.0264475,2,624.2429555336189,449.13618600000007,3,1154.926778422583,1158.8890425735265,1194.0678460609374,1166.2315078975776,1187.68263926161,1209.133770625642,1252.0360333537064,1143.3181237498231,1234.2810497636935,8.195672663619993,85.80452545612891,21.54974588498156
2.0,bf25628f70157ee6,ok,fhn_ude,fhn,ude_fhn,neural_ode,12,121,14,1033.8807603816217,2045.6237279513498,108321693.46726583,2,270.28930403835466,427.74823449999997,6,2073.62372795135,2077.5859921022934,2112.764795589704,2077.2566606642754,2095.7900593546983,2114.323458045121,2151.390255425966,2058.8156855283833,2141.895115524934,6.595978788516771,74.13359476169096,22.137792811893487
2.0,bf25628f70157ee6,ok,fhn_ude,fhn,ude_fhn,neural_ode,13,121,14,422.9705217173395,821.2977698138153,1154215.1772205215,4,470.14750328938544,421.6967992,6,849.2977698138153,853.2600339647587,888.4388374521697,856.171440386224,874.7388557659343,893.3062711456446,930.4411019050651,835.8412200503683,920.2107049535201,7.271725118276484,74.26966151884108,24.64327362086371
2.0,bf25628f70157ee6,ok,fhn_ude,fhn,ude_fhn,neural_ode,14,121,14,-172.11220992739183,-483.57707198581676,14578.869619861865,1,1974.9546256351964,400.36322929999983,11,-455.57707198581676,-451.6148078348734,-416.43600434746236,-451.5309679050218,-438.58479272084617,-425.63861753667055,-399.7462671683193,-470.2128085651725,-292.4397191180812,6.682131710322111,51.784700736702476,139.3526521310331
2.0,bf25628f70157ee6,ok,fhn_ude,fhn,ude_fhn,neural_ode,15,121,14,-187.6899751622859,-501.361448529349,1609.7958521115968,1,130.31966803927116,399.3582268,12,-473.361448529349,-469.3991843784056,-434.22038089099465,-469.7371232235308,-456.57910163079083,-443.42108003805095,-417.10503685257106,-488.17308051988533,-322.74786395361207,6.594184004731837,52.63208637095969,125.98149820477721
2.0,bf25628f70157ee6,ok,fhn_ude,fhn,ude_fhn,neural_ode,16,121,14,444.5716520876743,843.0311963541664,11987737.147954058,4,724.9913071605965,384.01654629999985,6,871.0311963541664,874.9934605051097,910.1722639925207,875.3269517550928,893.0796237914841,910.8322958278754,946.3376399006581,856.4995724618672,960.1539923209139,6.73418805385042,71.01068814556533,46.112107821182214
2.0,bf25628f70157ee6,ok,fhn_ude,fhn,ude_fhn,neural_ode,17,121,14,656.0864488563057,1290.1000378451754,6115138505.953044,4,824.4171527875242,389.00383529999976,1,1318.1000378451754,1322.0623019961188,1357.2411054835297,1333.2031011929753,1361.2277740370025,1389.2524468810295,1445.301792569084,1308.0754114308193,1424.27158908872,8.987686792821878,112.09869137610869,22.072859867435927
2.0,bf25628f70157ee6,ok,fhn_ude,fhn,ude_fhn,neural_ode,18,121,14,526.6431973631603,1027.0878346650375,10150483.400039937,2,443.0851534522171,370.6822963999998,8,1055.0878346650375,1059.0500988159808,1094.2289023033918,1060.6509433997433,1077.6876262614987,1094.7243091232544,1128.7976748467654,1041.0847381643039,1121.4331261733428,6.998451749633197,68.14673144702218,26.198560061283253
2.0,bf25628f70157ee6,ok,fhn_ude,fhn,ude_fhn,neural_ode,19,121,14,-141.36006416792853,-373.3636440003513,1242.8603106376722,4,356.4873679861853,427.0551282000001,12,-345.3636440003513,-341.40137984940793,-306.22257636199697,-339.7392138900566,-326.47775519089123,-313.2162964917259,-286.6933790933952,-359.34116750117767,-229.6742935391957,7.0112382495868175,53.04583479666136,90.64351566449426
2.0,bf25628f70157ee6,ok,fhn_ude,fhn,ude_fhn,neural_ode,20,121,14,575.8552776033399,1122.8802235372955,111573296.06522234,2,1929.3823200088907,701.2529415999998,5,1150.8802235372955,1154.8424876882389,1190.0212911756498,1155.4233443259263,1173.714046843977,1192.0047493620277,1228.586154398129,1136.4517590241862,1224.8733652788826,6.785767743445409,73.16281007220275,28.830331669384286
2.0,bf25628f70157ee6,ok,fhn_ude,fhn,ude_fhn,neural_ode,21,121,14,1566.1024616784337,3117.0748061283443,37956596.459078625,0,62.45518252711463,836.7916824000004,6,3145.0748061283443,3149.037070279288,3184.2158737666987,3147.6668359614914,3166.044458610186,3184.4220812588815,3221.1773265562715,3129.8326734881834,3205.7154139516474,6.3789336799196015,73.51049059478001,15.130117228522945
2.0,bf25628f70157ee6,ok,fhn_ude,fhn,ude_fhn,neural_ode,22,121,14,203.07679774908019,386.87210264495593,1287554.589692722,3,1155.412181405731,618.0311624000001,9,414.87210264495593,418.8343667958993,454.0131702833103,425.31320036110367,444.84806930665565,464.3829382522077,503.4526761433117,402.9032855544941,484.2930712803684,8.015591454769108,78.139475782208,19.281492853204455
2.0,bf25628f70157ee6,ok,fhn_ude,fhn,ude_fhn,neural_ode,23,121,14,701.3966861920806,1378.5332394233974,915820910.4560302,2,47.36357998639778,439.53660020000007,1,1406.5332394233974,1410.4955035743408,1445.6743070617517,1421.5948704437592,1450.325536956154,1479.056203468549,1536.517536493339,1396.4913343864473,1517.716038433741,8.979047481524992,114.92266604957985,24.260132960763723
2.0,bf25628f70157ee6,ok,fhn_ude,fhn,ude_fhn,neural_ode,24,121,14,372.178895029916,726.3378593424378,6904276.283775636,4,1125.4075612561815,431.16452709999976,10,754.3378593424378,758.3001234933812,793.4789269807922,765.1294210852361,784.9755885619848,804.8217560387335,844.5140909922309,742.5151971031182,823.7424599668268,8.088668880340236,79.3846699069947,18.0199307173942
2.0,bf25628f70157ee6,ok,fhn_ude,fhn,ude_fhn,neural_ode,25,121,14,-164.6012820808487,-443.9985045440036,20440.975787385425,0,522.0406951851592,435.66517950000025,12,-415.9985045440036,-412.0362403930602,-376.85743690564925,-410.05461846736233,-396.3088489682627,-382.56307946916303,-355.0715404709637,-429.8428045592297,-274.2194861652988,7.077849992386941,54.98307799639861,114.79594038230617
2.0,bf25628f70157ee6,ok,fhn_ude,fhn,ude_fhn,neural_ode,26,121,14,-160.15971001798312,-447.39141877835596,1144.4168517880469,2,1615.0732892838587,500.8180839000006,12,-419.39141877835596,-415.4291546274126,-380.2503511400016,-416.1858321612679,-402.76660977933557,-389.3473873974032,-362.50894263353854,-434.3776783656353,-266.64253050823686,6.506870206360346,53.67688952772939,127.0719987423897
2.0,bf25628f70157ee6,ok,fhn_ude,fhn,ude_fhn,neural_ode,27,121,14,-157.54043935708978,-449.3937128489918,2178.0755023220613,2,2250.8605821770675,668.7160696000001,12,-421.3937128489918,-417.4314486980484,-382.2526452106374,-417.1623456026738,-403.7581856026075,-390.35402560254124,-363.54570560240876,-435.95218868738664,-261.46423871391454,6.720762080802572,53.61664000026504,134.31283413481225
2.0,bf25628f70157ee6,ok,fhn_ude,fhn,ude_fhn,neural_ode,28,121,14,927.8171382581677,1838.8438745245694,29926764.18412874,4,33.937202243746924,802.7417249,4,1866.8438745245694,1870.8061386755128,1905.9849421629237,1876.2525843630697,1895.8830228536256,1915.5134613441815,1954.7743383252932,1854.444518248615,1934.156030478559,7.800321862022768,78.52175396222364,16.790401991765933
2.0,bf25628f70157ee6,ok,fhn_ude,fhn,ude_fhn,neural_ode,29,121,14,859.2951140724435,1696.4150230519203,4132053.5942764916,1,572.582381718018,823.3685329,8,1724.4150230519203,1728.3772872028637,1763.5560906902747,1728.2291802041236,1745.4651872070094,1762.7011942098952,1797.1732082156668,1709.6825570902504,1787.5342561564303,6.633767019165076,68.94402801154321,22.175205092966642
2.0,bf25628f70157ee6,ok,fhn_ude,fhn,ude_fhn,tv_fhn,0,121,6,-226.05505794461791,-457.2636537160382,3617.7261172506855,0,1.7852407802374444,628.2337681000063,6,-445.2636537160382,-444.52681161077504,-428.4889104424578,-434.43000066088274,-422.84985119873903,-411.26970173659527,-388.1094028123078,-447.7412807774952,-405.7895180406609,4.761186469271519,46.320597848574934,5.153537826802387
2.0,bf25628f70157ee6,ok,fhn_ude,fhn,ude_fhn,tv_fhn,1,121,6,-232.17466238031892,-469.54865437876776,3837.5219533107565,4,6.6854426374518425,785.257551600007,6,-457.54865437876776,-456.8118122735046,-440.7739111051873,-447.08043764053747,-435.5550162844603,-424.02959492838306,-400.9787522162287,-460.1786802213853,-418.2476393363291,4.684987078691232,46.10168542430876,5.199329618129914
2.0,bf25628f70157ee6,ok,fhn_ude,fhn,ude_fhn,tv_fhn,2,121,6,-240.6302186368451,-483.75956511122,1762.3904688348189,4,6.628442999214116,773.4158590000006,6,-471.75956511122,-471.02272300595683,-454.9848218376396,-458.78727706781876,-446.8045239320567,-434.8217707962947,-410.8562645247706,-473.3453121091453,-433.329424730642,5.207126501037362,47.93101254304814,2.4991278375298345
2.0,bf25628f70157ee6,ok,fhn_ude,fhn,ude_fhn,tv_fhn,3,121,6,-218.81552767320733,-440.3480370533078,2673.001744958541,0,10.994171244852353,722.3437625000079,6,-428.3480370533078,-427.6111949480446,-411.57329377972735,-415.4672444691923,-403.4752670387821,-391.4832896083719,-367.49933474755153,-429.97194062142347,-389.6631456247739,5.188048215942171,47.96790972164077,2.716981706893121
2.0,bf25628f70157ee6,ok,fhn_ude,fhn,ude_fhn,tv_fhn,4,121,6,-242.4952158702453,-488.30928304364176,748.5795452685735,4,32.262524172815546,756.4523181999975,6,-476.30928304364176,-475.5724409383786,-459.5345397700613,-463.7427910224826,-451.7301916452521,-439.7175922680215,-415.6923935135605,-478.0642601271531,-436.94003423156846,5.1225114582443325,48.05039750892214,3.3188513031511904
2.0,bf25628f70157ee6,ok,fhn_ude,fhn,ude_fhn,tv_fhn,5,121,6,-237.75939141583996,-477.8060946905655,220.6349342368701,0,44.061441649168046,639.9884533000004,6,-465.8060946905655,-465.0692525853023,-449.03135141698505,-452.5106119209231,-440.47214598737787,-428.4336800538327,-404.35674818674227,-467.2570590189107,-427.36491909749907,5.274517835827394,48.15386373418085,2.287311858885585
2.0,bf25628f70157ee6,ok,fhn_ude,fhn,ude_fhn,tv_fhn,6,121,6,-244.8642216655817,-493.21209734337083,1477.2814384530225,3,72.03642213723623,425.94752689999586,6,-481.21209734337083,-480.47525523810765,-464.4373540697904,-469.3474189685569,-457.6258798201152,-445.9043406716734,-422.46126237478995,-483.25975345015166,-442.8422867373965,4.976171946609571,46.88615659376693,3.48365401220739
2.0,bf25628f70157ee6,ok,fhn_ude,fhn,ude_fhn,tv_fhn,7,121,6,-242.22344157527846,-487.06751621820547,2723.1331324670055,4,9.392850938344424,441.9979134000023,6,-475.06751621820547,-474.3306741129423,-458.292772944625,-462.6511931797779,-450.8283048497968,-439.00541651981564,-415.35963985985336,-476.8851186317031,-437.15532983063235,5.091198793251182,47.29155331992453,2.6206330676485354
2.0,bf25628f70157ee6,ok,fhn_ude,fhn,ude_fhn,tv_fhn,8,121,6,-237.0657301785817,-478.4907927607922,1630.5362535425609,1,13.31275955577135,657.4371338000055,6,-466.4907927607922,-465.753950655529,-449.71604948721176,-454.8295981003466,-443.05059914067544,-431.2716001810043,-407.713602261662,-468.623308167592,-427.01546451847884,4.933742296600127,47.115995838684555,4.3593324036287715
2.0,bf25628f70157ee6,ok,fhn_ude,fhn,ude_fhn,tv_fhn,9,121,6,-224.29562085589782,-454.65574597043076,2830.9236143600933,3,2.0897299049915716,614.9958320000005,6,-442.65574597043076,-441.9189038651676,-425.8810026968503,-431.15644649232354,-419.4772097935624,-407.7979730948013,-384.439499697279,-444.85577691228116,-401.8742949167511,4.899984529074797,46.71694679504451,6.0645042586350995
2.0,bf25628f70157ee6,ok,fhn_ude,fhn,ude_fhn,tv_fhn,10,121,6,-232.5236257444103,-467.2721127082508,3865.8892035324675,4,43.23230457914087,374.7417993,6,-455.2721127082508,-454.5352706029876,-438.49736943467036,-442.07837219373084,-430.02429327856765,-417.97021436340447,-393.8620565330781,-456.76550685255864,-416.83093582816787,5.253302927846088,48.21631566065277,2.2248612194301676
2.0,bf25628f70157ee6,ok,fhn_ude,fhn,ude_fhn,tv_fhn,11,121,6,-246.61434068443097,-495.5251590023144,47.90255345585923,1,2.484799622108028,390.2768884000001,6,-483.5251590023144,-482.78831689705123,-466.75041572873397,-471.10750126550283,-459.26436596474326,-447.42123066398375,-423.7349600624646,-485.3422048033531,-445.8561401658237,5.091477099480636,47.37254120303821,2.2964776334524495
2.0,bf25628f70157ee6,ok,fhn_ude,fhn,ude_fhn,tv_fhn,12,121,6,-228.9290134219108,-459.87353439519893,776.4434709804999,4,1.5565503306443986,424.82190249999996,6,-447.87353439519893,-447.13669228993575,-431.0987911216185,-434.8074446728715,-422.8456431400085,-410.8838416071456,-386.9602385414197,-449.420163054642,-410.0108207123698,5.226685670278469,47.84720613145181,2.015507551377333
2.0,bf25628f70157ee6,ok,fhn_ude,fhn,ude_fhn,tv_fhn,13,121,6,-240.98621887437338,-486.5973891579744,901.3609271904306,3,23.659838000830888,358.03420859999983,6,-474.5973891579744,-473.86054705271124,-457.822645884394,-463.2372476457331,-451.5671282026222,-439.8970087595113,-416.5567698732896,-476.8554534791156,-435.2919599763033,4.870967839429409,46.680477772443474,4.624951409227657
2.0,bf25628f70157ee6,ok,fhn_ude,fhn,ude_fhn,tv_fhn,14,121,6,-243.43515782400814,-489.5750150383615,1971.5817496671475,1,42.40108732334852,414.0495251,6,-477.5750150383615,-476.83817293309835,-460.8002717647811,-465.37197337310846,-453.5758810000664,-441.77978862702423,-418.18760388094006,-479.4815626929604,-439.6859461558479,5.046726172700582,47.1843694921684,2.704699390345224
2.0,bf25628f70157ee6,ok,fhn_ude,fhn,ude_fhn,tv_fhn,15,121,6,-259.8320146089573,-525.3867722497093,3985.5709201085174,2,13.21319051394454,359.55355410000016,6,-513.3867722497093,-512.6499301444462,-496.6120289761289,-502.06220486622766,-490.37984655819594,-478.6974882501642,-455.3327716341007,-515.65967213484,-472.9345959857877,4.863550057434669,46.72943323212692,5.722743031794692
2.0,bf25628f70157ee6,ok,fhn_ude,fhn,ude_fhn,tv_fhn,16,121,6,-218.87437940100796,-444.74360417533927,960.5649984912138,0,40.63869039411426,392.33121800000026,6,-432.74360417533927,-432.0067620700761,-415.96886090175883,-421.94825919398596,-410.3754086386395,-398.802558083293,-375.6568569726,-435.2372069444248,-391.45735658062995,4.753198615457226,46.29140222138595,6.994845373323368
2.0,bf25628f70157ee6,ok,fhn_ude,fhn,ude_fhn,tv_fhn,17,121,6,-224.36939281279072,-450.93464886008184,3015.4359556035984,4,11.147758178837961,374.0030283999997,6,-438.93464886008184,-438.19780675481866,-422.1599055865014,-426.7726173605672,-414.99523304629383,-403.2178487320204,-379.66308010347365,-440.8582990821713,-401.6292483684879,5.038174888955279,47.10953725709357,2.1958632345003903
2.0,bf25628f70157ee6,ok,fhn_ude,fhn,ude_fhn,tv_fhn,18,121,6,-256.03593053078976,-514.3018475124541,476.6250653165143,2,21.759884951477233,376.73514479999994,6,-502.30184751245406,-501.5650054071909,-485.5271042388736,-488.95900843748785,-476.8822300685436,-464.80545169959936,-440.65189496171087,-503.73306272754104,-463.7647475858025,5.284392392456497,48.30711347577699,2.229986450874596
2.0,bf25628f70157ee6,ok,fhn_ude,fhn,ude_fhn,tv_fhn,19,121,6,-230.48280368075413,-465.8982841252637,2679.404409061122,2,26.953310127403398,380.70498670000006,6,-453.8982841252637,-453.1614420200005,-437.12354085168323,-441.9317104288525,-430.07888588985713,-418.2260613508617,-394.52041227287094,-455.9034465824039,-413.5543092055267,4.9974187714298886,47.411298155981584,4.932676763755419
2.0,bf25628f70157ee6,ok,fhn_ude,fhn,ude_fhn,tv_fhn,20,121,6,-227.24852237112177,-456.67417637048726,2488.297174866994,0,7.032858388032025,596.4228223,6,-444.67417637048726,-443.9373342652241,-427.8994330969068,-431.3699739338419,-419.35836069925574,-407.34674746466953,-383.32352099549723,-446.1215043152498,-406.4505918038989,5.276336027618729,48.04645293834467,2.177131628243714
2.0,bf25628f70157ee6,ok,fhn_ude,fhn,ude_fhn,tv_fhn,21,121,6,-247.85508931936542,-500.2364909689698,1113.6184260000396,2,8.178881804126547,807.4250201999998,6,-488.2364909689698,-487.4996488637066,-471.46174769538936,-476.6550655555295,-464.9303826852338,-453.20569981493804,-429.7563340743466,-490.4022727356103,-448.81144715754795,4.917109116679745,46.8987314811829,4.526312330238962
2.0,bf25628f70157ee6,ok,fhn_ude,fhn,ude_fhn,tv_fhn,22,121,6,-246.53232758699448,-497.53742067287504,7.284939082512267,0,0.5776822248295446,714.6104961000001,6,-485.53742067287504,-484.80057856761186,-468.7626773992946,-474.3870386426349,-462.8145978756166,-451.2421571085983,-428.09727557456176,-487.8829614924191,-446.77489210591585,4.827229590227977,46.28976306807313,4.472765498886077
2.0,bf25628f70157ee6,ok,fhn_ude,fhn,ude_fhn,tv_fhn,23,121,6,-242.1774319808285,-489.68591055811225,1174.0083299414025,3,5.540335508192271,510.2410081000003,6,-477.68591055811225,-476.9490684528491,-460.9111672845318,-466.38786921584347,-454.72440620685893,-443.06094319787434,-419.7340171799052,-479.96987266164496,-437.7010119257187,4.858018948233653,46.65385203593823,5.33104659645527
2.0,bf25628f70157ee6,ok,fhn_ude,fhn,ude_fhn,tv_fhn,24,121,6,-234.4813146947254,-471.9040965605669,1797.9890784230197,3,18.303618728388017,427.69717930000024,6,-459.9040965605669,-459.16725445530375,-443.1293532869865,-447.96410793917386,-436.2428993990333,-424.5216908588927,-401.07927377861165,-461.9203458551181,-422.0777952288886,4.9918753527244,46.884834160562235,2.941467171116139
2.0,bf25628f70157ee6,ok,fhn_ude,fhn,ude_fhn,tv_fhn,25,121,6,-254.88636096247208,-512.3044648334608,1651.1223083871998,1,30.969417008542592,438.08389529999977,6,-500.30446483346077,-499.5676227281976,-483.52972155988033,-488.0748045637607,-476.27644618962125,-464.4780878154818,-440.8813710672029,-502.19991166779073,-462.57928842838635,5.052276582835032,47.19343349655782,2.531742908516629
2.0,bf25628f70157ee6,ok,fhn_ude,fhn,ude_fhn,tv_fhn,26,121,6,-221.30208206652247,-447.2684809661129,1702.4547886731486,1,12.468900573880205,498.0007633000005,6,-435.2684809661129,-434.53163886084974,-418.4937376925325,-423.9767582318994,-412.3769677766053,-400.7771773213111,-377.5775964107229,-437.5550781338734,-396.20500231186844,4.856701416119773,46.399161821176506,4.664316833067978
2.0,bf25628f70157ee6,ok,fhn_ude,fhn,ude_fhn,tv_fhn,27,121,6,-244.99172328790712,-491.53665168689287,4065.561860810749,4,6.301763718828681,628.3702155999999,6,-479.53665168689287,-478.7998095816297,-462.7619084133124,-465.8403646923563,-453.72933509914026,-441.6183055059242,-417.3962463194921,-480.8204676708375,-441.53932820295006,5.358092008027674,48.44411837286415,1.553205111078607
2.0,bf25628f70157ee6,ok,fhn_ude,fhn,ude_fhn,tv_fhn,28,121,6,-229.99996676025003,-462.2756057485965,2491.7766547495344,4,3.1988194625766084,749.2663423000004,6,-450.2756057485965,-449.5387636433333,-433.50086247501605,-438.18691382008063,-426.4455438450561,-414.7041738700316,-391.2214339199825,-452.2298409473656,-413.0344536204019,5.022882400615449,46.96547990009813,2.2756722280964166
2.0,bf25628f70157ee6,ok,fhn_ude,fhn,ude_fhn,tv_fhn,29,121,6,-230.68488896203712,-463.69761852312377,2374.910863090068,3,19.073650689835517,823.4494072999996,6,-451.69761852312377,-450.9607764178606,-434.9228752495433,-438.53107579748587,-426.49070179226726,-414.4503277870486,-390.3695797766114,-453.2023550263705,-413.20828190319975,5.247631748376621,48.16149602087451,2.3278405990495052
2.0,bf25628f70157ee6,ok,fhn_ude,fhn,ude_fhn,ude_fhn,0,121,13,-236.57682646944716,-491.956495848145,4527.271215335914,2,24.712179868293163,968.7664101999981,9,-465.956495848145,-462.55462668926646,-429.6112187553873,-465.03034693250453,-453.79917905727393,-442.5680111820434,-420.1056754315822,-480.72741957401007,-428.228981437972,5.614538137067461,44.92467150092231,18.802842909250664
2.0,bf25628f70157ee6,ok,fhn_ude,fhn,ude_fhn,ude_fhn,1,121,13,-239.91522770333043,-488.979795229527,88.97029112457813,1,8.223240736216923,1072.6344232999982,10,-462.979795229527,-459.57792607064846,-426.6345181367693,-463.34025767480165,-452.0705432409345,-440.80082880706743,-418.2613999393332,-478.28727756806813,-434.7515976711924,5.346258830729434,45.07885773546843,9.149339822866132
2.0,bf25628f70157ee6,ok,fhn_ude,fhn,ude_fhn,ude_fhn,2,121,13,-244.76303249071503,-497.24018995268784,1491.4645015243007,0,17.672423302351376,1014.0926802999893,10,-471.24018995268784,-467.8383207938093,-434.8949128599302,-471.24176484534337,-460.5608101509927,-449.8798554566421,-428.5179460679408,-486.3980045569078,-446.8022462040275,5.421092697890022,42.7238187774026,7.714124971257748
2.0,bf25628f70157ee6,ok,fhn_ude,fhn,ude_fhn,ude_fhn,3,121,13,-240.2919016197814,-493.8042898124742,1937.0426583937292,0,51.58985848094285,1036.967974500003,10,-467.8042898124742,-464.4024206535957,-431.4590127197166,-465.5712874947967,-453.6064181952238,-441.64154889565094,-417.7118102965052,-482.03021333884686,-432.7243260412713,5.887038236813671,47.85947719829153,13.220486572911426
2.0,bf25628f70157ee6,ok,fhn_ude,fhn,ude_fhn,ude_fhn,4,121,13,-248.02932942544174,-511.21107066508966,358.4974305304035,2,32.552787860335684,907.5713433000055,10,-485.21107066508966,-481.80920150621114,-448.865793572332,-483.51617863528054,-471.53357299130624,-459.550967347332,-435.58575605938347,-499.6614036116621,-448.1282362749864,5.774833526713804,47.93042257589708,15.15241181420615
2.0,bf25628f70157ee6,ok,fhn_ude,fhn,ude_fhn,ude_fhn,5,121,13,-253.4302736985706,-518.2628066214813,3530.0637544652873,3,5.262764307096461,723.8510251999978,9,-492.26280662148133,-488.8609374626028,-455.91752952872366,-493.071676746193,-481.83418269993797,-470.596688653683,-448.12170056117293,-507.7572894869111,-461.9105712121211,5.25275856728513,44.94997618502009,11.402259224340138
2.0,bf25628f70157ee6,ok,fhn_ude,fhn,ude_fhn,ude_fhn,6,121,13,-254.79896849772624,-522.2642510865655,188.1234561275921,3,50.22454253554318,661.0572346999979,11,-496.26425108656554,-492.862381927687,-459.91897399380787,-495.4035025115687,-484.60700153254527,-473.81050055352176,-452.2174985954748,-511.0624488728892,-466.41193307935856,5.600901106838165,43.186003916093895,12.666314091113088
2.0,bf25628f70157ee6,ok,fhn_ude,fhn,ude_fhn,ude_fhn,7,121,13,-246.6376141387722,-501.4856533891744,152.85464512669307,0,0.5516670440756286,805.8055964999949,11,-475.4856533891744,-472.08378423029586,-439.1403762964168,-476.0115755311709,-465.00896857469075,-454.00636161821063,-432.00114770525033,-490.86213778072374,-449.26480045162384,5.311757804225322,44.010427825920516,8.210425111629995
2.0,bf25628f70157ee6,ok,fhn_ude,fhn,ude_fhn,ude_fhn,8,121,13,-244.85415756172054,-499.8197875358662,741.9150472865194,1,12.800885620690593,859.2751919999864,11,-473.8197875358662,-470.4179183769877,-437.47451044310856,-473.05581006008066,-461.83017929872125,-450.60454853736184,-428.153287014643,-488.6583420051147,-444.80579207800344,5.58072276537576,44.902523045437654,10.111472412425128
2.0,bf25628f70157ee6,ok,fhn_ude,fhn,ude_fhn,ude_fhn,9,121,13,-240.62313364897898,-494.19467799400985,105.61531587408213,2,35.112594032654584,596.2769085000001,11,-468.19467799400985,-464.7928088351313,-431.84940090125224,-466.3322803552538,-454.71251358142683,-443.09274680759984,-419.85321325994596,-482.5751556759061,-434.76720020265014,5.809761159051865,46.47906709530781,12.948410696051877
2.0,bf25628f70157ee6,ok,fhn_ude,fhn,ude_fhn,ude_fhn,10,121,13,-245.40717909902628,-502.05724098466874,14.47695334886241,2,56.192829124607584,601.5252857,12,-476.05724098466874,-472.6553718257902,-439.71196389191107,-474.0476373130167,-462.36512495264094,-450.68261259226523,-427.31758787151375,-490.37632898263433,-444.0843087565496,5.840456001017195,46.730049441502985,11.242882786616196
2.0,bf25628f70157ee6,ok,fhn_ude,fhn,ude_fhn,ude_fhn,11,121,13,-253.88442081361256,-522.2776906713425,1450.4854375928783,1,7.818083150965066,599.928892,10,-496.2776906713425,-492.875821512464,-459.93241357858483,-493.397769122006,-481.60475182503075,-469.8117345280555,-446.22569993410497,-510.2338279234781,-460.59677243932407,6.02193137393221,47.17206918790105,14.508849044117344
2.0,bf25628f70157ee6,ok,fhn_ude,fhn,ude_fhn,ude_fhn,12,121,13,-235.34879633759473,-477.7059701131344,1246.8799454917228,0,16.29605451000242,516.2575736,11,-451.7059701131344,-448.3041009542559,-415.36069302037674,-453.2690291017221,-442.6097044117114,-431.9503797217007,-410.6317303416794,-467.51497416405186,-428.06029391514676,5.095497974541262,42.637298760042725,7.0083774379449295
2.0,bf25628f70157ee6,ok,fhn_ude,fhn,ude_fhn,ude_fhn,13,121,13,-250.5554147633459,-512.2399943109612,83.7130610320149,3,49.41497523808249,583.5077051999999,11,-486.23999431096115,-482.8381251520826,-449.8947172182035,-487.0198364886464,-476.0495918340006,-465.07934717935484,-443.1388578700633,-501.7223715822243,-457.22985090810874,5.258811364368417,43.88097861858307,11.129164784269342
2.0,bf25628f70157ee6,ok,fhn_ude,fhn,ude_fhn,ude_fhn,14,121,13,-255.1573110749621,-523.5149679063574,862.9986516861493,2,17.48877408821889,569.9625596000001,10,-497.51496790635736,-494.11309874747883,-461.1696908135997,-495.99055218267733,-484.96838117109564,-473.946210159514,-451.9018681363507,-512.036394994556,-466.22593810359757,5.739286455900704,44.08868404632666,13.20034575643314
2.0,bf25628f70157ee6,ok,fhn_ude,fhn,ude_fhn,ude_fhn,15,121,13,-255.6926152213198,-526.4641703238917,1130.3427920193,3,12.186994072618262,559.0427090999999,10,-500.4641703238917,-497.0623011650132,-464.11889323113405,-503.0058099464415,-493.0324525713531,-483.05909519626465,-463.11238044608774,-516.6812741967918,-471.49180094228586,4.891448063549927,39.89342950035373,15.07893988125207
2.0,bf25628f70157ee6,ok,fhn_ude,fhn,ude_fhn,ude_fhn,16,121,13,-237.8338652962445,-492.65772325999535,4260.183364327891,0,30.71939669720348,535.8418206000001,11,-466.65772325999535,-463.2558541011168,-430.3124461672377,-465.3381438360895,-454.2318817011255,-443.1256195661615,-420.9130952962335,-481.26457372013925,-431.24268205263303,5.69657476992804,44.425048539856014,16.989992667506325
2.0,bf25628f70157ee6,ok,fhn_ude,fhn,ude_fhn,ude_fhn,17,121,13,-233.76551373008905,-479.53763916914517,1370.1200219068437,0,6.7946683980751175,520.0138405999999,10,-453.53763916914517,-450.13577001026664,-417.19236207638755,-454.02758705426174,-443.25880081931075,-432.49001458435976,-410.95244211445777,-468.8991211303182,-424.45588252037413,5.319259019413489,43.075144939804,12.006611708967052
2.0,bf25628f70157ee6,ok,fhn_ude,fhn,ude_fhn,ude_fhn,18,121,13,-257.3951503807388,-524.8115948083725,424.4453612751191,3,3.0056706348536295,534.1261067,10,-498.81159480837255,-495.409725649494,-462.4663177156149,-500.80058551994046,-490.4519271182608,-480.1032687165811,-459.4059519132218,-514.798226184308,-473.395667154759,5.006684312032316,41.39463360671865,10.021294046894926
2.0,bf25628f70157ee6,ok,fhn_ude,fhn,ude_fhn,ude_fhn,19,121,13,-241.9035770420971,-494.59322706551643,2.051881197635667,3,0.36789118192172054,668.3106232999999,11,-468.59322706551643,-465.1913579066379,-432.24794997275876,-468.0865843724137,-456.72606241358574,-445.36554045475776,-422.6444965371018,-483.5390984745838,-438.36506624888233,5.527064295466324,45.442087835311874,10.786072981322182
2.0,bf25628f70157ee6,ok,fhn_ude,fhn,ude_fhn,ude_fhn,20,121,13,-247.02014553463152,-506.3798963170591,649.0076266318049,3,16.429784222933108,964.7070369999997,12,-480.3798963170591,-476.97802715818057,-444.0346192243014,-478.14851384556925,-466.5713731612787,-454.9942324769882,-431.8399511084071,-494.6064953717611,-447.7317283321009,5.886700472648972,46.308562737162156,12.339605247796039
2.0,bf25628f70157ee6,ok,fhn_ude,fhn,ude_fhn,ude_fhn,21,121,13,-258.51883782763014,-530.8799379245576,2416.7945003788295,4,13.143749582014038,1002.7804756,11,-504.87993792455757,-501.47806876567904,-468.5346608317999,-502.17044444887523,-490.7786543902935,-479.3868643317118,-456.6032842145484,-518.9071492038149,-471.47051542093345,5.986394360371298,45.56716023432683,13.84226226929732
2.0,bf25628f70157ee6,ok,fhn_ude,fhn,ude_fhn,ude_fhn,22,121,13,-255.98184280468098,-520.044907067729,201.91147631387528,2,20.043362569326746,833.6953030999998,11,-494.044907067729,-490.6430379088505,-457.69962997497134,-494.1121196690517,-483.14326006905094,-472.1744004690501,-450.2366812690485,-509.23009472256206,-468.08824720935877,5.407406172583472,43.87543840000319,8.081221458367066
2.0,bf25628f70157ee6,ok,fhn_ude,fhn,ude_fhn,ude_fhn,23,121,13,-244.52566566755144,-517.1091321286481,458.2931667933621,2,32.38792196676104,635.6404176000005,10,-491.10913212864807,-487.70726296976954,-454.7638550358904,-490.5650915270563,-479.29810806415963,-468.031124601263,-445.4971576754697,-506.03940739850395,-443.9833974835162,5.534862365072048,45.06793385158667,28.057800793545177
2.0,bf25628f70157ee6,ok,fhn_ude,fhn,ude_fhn,ude_fhn,24,121,13,-221.3452034311151,-451.3567197664321,823.4429851288144,1,27.42159981271513,599.1005925,10,-425.3567197664321,-421.95485060755357,-389.0114426736744,-428.9891170411987,-419.49330682508247,-409.99749660896623,-391.0058761767337,-442.02870491150054,-404.7071659977652,4.664007427465779,37.983240864465,8.666312904201929
2.0,bf25628f70157ee6,ok,fhn_ude,fhn,ude_fhn,ude_fhn,25,121,13,-259.4929275616937,-526.510403315739,2302.026045779254,0,1.527564945226942,665.8432321999999,10,-500.51040331573904,-497.1085341568605,-464.16512622298137,-500.14787761542163,-489.18020169521765,-478.21252577501366,-456.2771739346056,-515.5163761789526,-475.1151514425714,5.497013568393259,43.87070368081601,7.524548192351622
2.0,bf25628f70157ee6,ok,fhn_ude,fhn,ude_fhn,ude_fhn,26,121,13,-234.19216171349632,-487.77228539248256,84.11942326232136,0,27.93961324190937,784.2539998000002,12,-461.77228539248256,-458.37041623360403,-425.4270082997249,-458.8524817684108,-446.83883704415865,-434.82519231990653,-410.79790287140224,-475.7117905276163,-420.32974452998405,6.030247432433115,48.0545788970086,19.38796196548993
2.0,bf25628f70157ee6,ok,fhn_ude,fhn,ude_fhn,ude_fhn,27,121,13,-257.0115678849412,-522.4824672927288,64.46098390847894,4,16.56206891750321,986.9901828000002,11,-496.48246729272876,-493.08059813385023,-460.1371901999711,-496.88881463158395,-485.8370587325392,-474.7853028334945,-452.68179103540507,-511.80908511817,-469.8161121737035,5.336691087279377,44.207023596178885,8.45933152284632
2.0,bf25628f70157ee6,ok,fhn_ude,fhn,ude_fhn,ude_fhn,28,121,13,-245.5770915092949,-514.1914104910285,171.68477768421852,1,2.748553356096636,1090.5851927000003,12,-488.1914104910285,-484.78954133214995,-451.8461333982708,-485.3046712089378,-472.9360996525065,-460.5675280960753,-435.8303849832128,-502.1447045277695,-441.6798967928648,6.023352981629499,49.474286225724995,23.037227472438694
2.0,bf25628f70157ee6,ok,fhn_ude,fhn,ude_fhn,ude_fhn,29,121,13,-239.5537052836886,-495.76401469689074,692.9384867657755,1,3.3421575028248753,1167.7605340999999,11,-469.76401469689074,-466.3621455380122,-433.41873760413307,-466.97077557791675,-455.5111285597825,-444.05148154164823,-421.13218750537965,-483.75630133025487,-433.2688224948401,6.003856683317938,45.83858807253709,16.656604129513525
