scenario,seed,method,mse,log_score,coverage90,mean_width90,within_variance,between_variance,weight_sir,weight_tv_sir,weight_ude_sir_h2,weight_neural_ode_h2
early_seir_infected_only,0,equal,0.00014443818555785303,1.9544018711809423,1.0,0.18595286974701983,0.0020708733770348356,0.0013699423149747087,0.25,0.25,0.25,0.25
early_seir_infected_only,0,aic,6.564166611099753e-05,2.2768070638709004,1.0,0.14001018519792416,0.0019334091268279092,6.718197300694018e-05,0.7240802663941643,0.2757499803085124,0.0001660520127380505,3.701284585302734e-06
early_seir_infected_only,0,bic,7.830590342247725e-05,2.3212716004200025,1.0,0.13312036943861252,0.0017659977768674333,4.274209083760029e-05,0.8504272278744266,0.14956670151344115,6.028440849779151e-06,4.217128262902934e-08
early_seir_infected_only,0,gic_eff,0.00010127666051951377,2.0960693263753853,1.0,0.16804129999193138,0.0023025734083233227,0.0005855616882673617,0.4098520180913778,0.13359632154653323,0.38637492658014555,0.07017673378194347
early_seir_infected_only,0,gic_vol_050,0.00010867699164357195,2.1325900091224486,1.0,0.16142566810187323,0.002128551190985154,0.0005358860068092812,0.5404068763604675,0.03607211586273025,0.3566548386807592,0.06686616909604311
early_seir_infected_only,0,stacking,1.1932386229852815e-05,2.2449543052931773,1.0,0.14336360552790353,0.0014845561969729524,0.0005434311372701487,0.9098432483779286,4.31769262154464e-29,1.9931818361284513e-06,0.0901547584402353
early_seir_infected_only,0,hard_gic,0.00010721534107267204,2.379117885568975,1.0,0.12364656176542449,0.0015678548544716907,0.0,1.0,0.0,0.0,0.0
early_seir_infected_only,1,equal,0.00036656233875351864,1.9057694827246985,1.0,0.18574712288077266,0.0021460502310521657,0.001311537067736421,0.25,0.25,0.25,0.25
early_seir_infected_only,1,aic,6.382768859255094e-05,2.266450978476762,1.0,0.13792069280211797,0.0018614049604746003,7.023358871953881e-05,0.6182616102442625,0.3814736836608401,0.0002578019174843037,6.904177413056442e-06
early_seir_infected_only,1,bic,2.8654289876267982e-05,2.339661726941167,1.0,0.13006047351876618,0.0016579301536670792,5.124464092886367e-05,0.7782354582382501,0.221754426661017,1.0030793552930135e-05,8.430718010610297e-08
early_seir_infected_only,1,gic_eff,6.553290254209578e-05,2.006847135327672,1.0,0.18282256851132173,0.00259739764216139,0.0008409078767298725,0.303330135593959,0.15439676243557898,0.4331873887112709,0.10908571325919107
early_seir_infected_only,1,gic_vol_050,4.361665891830447e-05,2.0439906115647632,1.0,0.17646746071405472,0.0023288987959896915,0.0008518589288653046,0.45173633161286303,0.046837942487904065,0.38397855858282054,0.11744716731641251
early_seir_infected_only,1,stacking,0.0006879278271523763,1.7258157034319017,1.0,0.21632820191961247,0.002406973569814321,0.00228810551678726,1.1174981005605596e-07,7.611150702015713e-33,0.5382462253342946,0.46175366291589537
early_seir_infected_only,1,hard_gic,0.00048662594612265713,1.9925261480463705,1.0,0.1887700773164177,0.003930077023667528,0.0,0.0,0.0,1.0,0.0
early_seir_infected_only,2,equal,5.970788891177986e-05,1.911642674039132,1.0,0.19935115763018274,0.002462628216297561,0.0015181375286985972,0.25,0.25,0.25,0.25
early_seir_infected_only,2,aic,5.726454294146183e-05,2.178428218963651,1.0,0.1557102506237805,0.0023742901990575055,0.00014067419330713902,0.5164846403916302,0.4832923674474649,0.0002153032202633132,7.688940641632573e-06
early_seir_infected_only,2,bic,0.00013528792343619437,2.2238839584180203,1.0,0.1454059633892634,0.0020646623308601306,0.00011858120708980092,0.6982508405769918,0.3017400612247142,8.997357919034658e-06,1.0084037489807063e-07
early_seir_infected_only,2,gic_eff,6.359486740249532e-05,1.9547116302860965,1.0,0.19518572248660312,0.0028938314284450255,0.0010248565541101844,0.2798937284216499,0.2088829326901109,0.38630534994299615,0.124917988945243
early_seir_infected_only,2,gic_vol_050,8.598666819612819e-05,1.9783888699756915,1.0,0.1889838056090762,0.002523723252021642,0.001109071278560264,0.4467924139988046,0.059879786107392065,0.3509485191206028,0.1423792807732006
early_seir_infected_only,2,stacking,0.001734645958171927,1.6463483242492198,1.0,0.1968855975594265,0.001739937890339844,0.002077391082390092,3.3616719350376036e-07,2.5667683456823754e-74,0.29122606733251205,0.7087735965002944
early_seir_infected_only,2,hard_gic,0.0009298613746739087,1.8739855240963588,1.0,0.1989224887487329,0.004398831329209054,0.0,0.0,0.0,1.0,0.0
early_seir_infected_only,3,equal,0.004318520982841003,1.3060064617956677,1.0,0.14981981209025783,0.0017684987868592777,0.00037829420288715444,0.25,0.25,0.25,0.25
early_seir_infected_only,3,aic,0.003072793341020347,1.6292618256893474,1.0,0.14086195339248045,0.001971830836528623,6.604863853066126e-06,0.833854851138631,0.1660405562756534,0.00010290348224921345,1.6891034662949038e-06
early_seir_infected_only,3,bic,0.0030382207590067376,1.6252655124430841,1.0,0.13714546918727297,0.0018787823459206264,3.6767823588116836e-06,0.9157823572487043,0.08421413140385775,3.4933516050495264e-06,1.7995832940256282e-08
early_seir_infected_only,3,gic_eff,0.003336185842431737,1.5447591607883906,1.0,0.1417690752432562,0.0018570743453688,0.00012170450534926555,0.40504714431875616,0.12916251597745573,0.4031517082442768,0.06263863145951122
early_seir_infected_only,3,gic_vol_050,0.0034058066073977163,1.50277542207756,1.0,0.13826125441519532,0.0017216314310009619,0.0001583055755195431,0.4435016796509745,0.034878460848844495,0.43532244588796165,0.08629741361221945
early_seir_infected_only,3,stacking,0.0030026773153034383,1.6192436127528322,1.0,0.13338603321546136,0.0017890268105658514,8.593381419423911e-13,1.4336149256380526e-08,8.650751021310728e-11,0.9999999851475458,4.297971927966535e-10
early_seir_infected_only,3,hard_gic,0.0030033132902545587,1.6182294689362655,1.0,0.13317941227657382,0.0017830172368136679,0.0,1.0,0.0,0.0,0.0
early_seir_infected_only,4,equal,0.0002822125272579443,1.9764543112676167,1.0,0.18027536121972002,0.0019605752878530144,0.0012020192488951791,0.25,0.25,0.25,0.25
early_seir_infected_only,4,aic,6.979985764344917e-05,2.1782450261287827,1.0,0.1531410560730998,0.0023561203346234376,9.132528417407297e-05,0.7165628728586463,0.2833476870162984,8.856053037404281e-05,8.795946812296969e-07
early_seir_infected_only,4,bic,7.174938001254661e-05,2.212732235379134,1.0,0.1476140089820945,0.0022239103814820876,5.871974621732683e-05,0.8455816180053769,0.15441514155843514,3.230366924470982e-06,1.0069263650191553e-08
early_seir_infected_only,4,gic_eff,5.1590302204701265e-05,2.1868097889214244,1.0,0.1524033014270054,0.0022076452408313703,0.00019532220961304158,0.4057954709682534,0.16665728153716505,0.40639691567945146,0.021150331815130118
early_seir_infected_only,4,gic_vol_050,6.088753485024515e-05,2.222110782514472,1.0,0.14666335186621168,0.002079595884988471,0.00015170481838157977,0.4722114273718833,0.04033511109036705,0.46713658558467,0.020316875953079582
early_seir_infected_only,4,stacking,0.0016590560498610685,1.7566783246914726,1.0,0.1796199851646305,0.0018819834628692716,0.001155550622616159,6.399571027628111e-11,0.5115845032460838,6.4063179309988e-11,0.4884154966258573
early_seir_infected_only,4,hard_gic,9.6162065097061e-05,2.2559083013480383,1.0,0.14031059658439746,0.0020701171926931212,0.0,0.0,0.0,1.0,0.0
early_seir_infected_only,5,equal,0.002254622196366211,1.6788594173802622,1.0,0.15552664558633725,0.0015998302763989773,0.0007605523302624567,0.25,0.25,0.25,0.25
early_seir_infected_only,5,aic,0.0008988236815699,2.079582943202101,1.0,0.13308833905965756,0.001788698418852805,2.4244842246185024e-05,0.8319903032306409,0.16790301321837345,0.00010282831624576503,3.855234739894372e-06
early_seir_infected_only,5,bic,0.0008362361937675868,2.1083558737605577,1.0,0.1299177498315571,0.0017155544998156828,1.3524287628821591e-05,0.9147436704921593,0.0852527937336839,3.49465484279191e-06,4.11193141399788e-08
early_seir_infected_only,5,gic_eff,0.0011589558098816389,1.9713711113382029,1.0,0.13991760782051474,0.0016299629987511146,0.0003273411116130552,0.4191399398677892,0.08137034061920728,0.4198789985149762,0.07961072099802734
early_seir_infected_only,5,gic_vol_050,0.0010876115266284148,1.9966696841883191,1.0,0.1374442226086025,0.001578760690417755,0.0003111573909680056,0.4549921365084535,0.0187486240360068,0.4505724479381085,0.07568679151743127
early_seir_infected_only,5,stacking,0.0007741746310594336,2.1395022100374947,1.0,0.1264754711756788,0.001640103592469263,1.854983337647358e-12,0.9999999951471557,1.0174907145642217e-10,4.3359068755709875e-09,4.151883044823046e-10
early_seir_infected_only,5,hard_gic,0.000765157433409054,2.141570547742983,1.0,0.12658044426103796,0.0016434152381755139,0.0,0.0,0.0,1.0,0.0
early_seir_infected_only,6,equal,0.0010774526347445447,1.8595132921575759,1.0,0.1722580291458381,0.0019057524640345939,0.0010334941712895284,0.25,0.25,0.25,0.25
early_seir_infected_only,6,aic,0.0005705207416620816,2.1123977088064785,1.0,0.14810016093088255,0.002094727007372473,0.00016476109909387571,0.4415563285962067,0.5583281770038302,0.0001121419571742511,3.3524427887993557e-06
early_seir_infected_only,6,bic,0.0003654644945748485,2.195929661271482,1.0,0.14027913507079473,0.0018692261828230875,0.0001554699830739142,0.6313316428490253,0.36866335443832987,4.956213313749275e-06,4.649933108747031e-08
early_seir_infected_only,6,gic_eff,0.00044574744809582653,2.038110685837527,1.0,0.1634406136139307,0.002199738290031801,0.0005363008883592026,0.3080178916046949,0.3007245536360435,0.31072318081336,0.08053437394590164
early_seir_infected_only,6,gic_vol_050,0.00029365765897293407,2.0887268115641535,1.0,0.15780452398899522,0.001957003013906135,0.000567330778722623,0.4873906724237435,0.08093097198715736,0.33264454560239326,0.09903380998670595
early_seir_infected_only,6,stacking,0.0011980377163748035,1.9515965394936812,1.0,0.15959590551586467,0.0025951066198122803,1.3328141364441154e-05,0.020365993944007336,0.9796326442947746,1.3617612181867754e-06,6.563630576007631e-51
early_seir_infected_only,6,hard_gic,2.824884933348271e-05,2.1398552384511955,1.0,0.16563017786305095,0.0029693089807997695,0.0,0.0,0.0,1.0,0.0
early_seir_infected_only,7,equal,0.0038558192545249115,1.2580993167594965,1.0,0.14134235107950563,0.0014177036927454777,0.0005186698856307527,0.25,0.25,0.25,0.25
early_seir_infected_only,7,aic,0.00236123011225632,1.6184785829669817,1.0,0.12666416993857602,0.0016261536758073087,1.1780114963974158e-06,0.8745408891676959,0.1253497922509517,0.00010800507555600413,1.3135057964968978e-06
early_seir_infected_only,7,bic,0.002342535668683655,1.6184943902291147,1.0,0.1256628579598807,0.0016035360699210317,6.237167240293409e-07,0.9379130668848996,0.06208333900418066,3.580445330793059e-06,1.3665588758769968e-08
early_seir_infected_only,7,gic_eff,0.002512087672684405,1.5759057378267707,1.0,0.12876836979457004,0.0015749062148846945,9.290805043086823e-05,0.4473918666278165,0.07137312821026,0.44760072887853924,0.03363427628338425
early_seir_infected_only,7,gic_vol_050,0.002498926426596555,1.5753423618656646,1.0,0.12803645122865107,0.0015560257664038164,9.437919265276924e-05,0.4755047616226468,0.019805420714974778,0.47050492095204705,0.034184896710331265
early_seir_infected_only,7,stacking,0.0023242790192666445,1.6182557353110674,1.0,0.12466850670309926,0.0015813406400165889,3.6421123118862533e-13,0.9999999966660964,1.2300351089832433e-10,3.083594510481483e-09,1.273054396061849e-10
early_seir_infected_only,7,hard_gic,0.002308361099583379,1.6232026506240864,1.0,0.1248366876706608,0.0015863864408971855,0.0,0.0,0.0,1.0,0.0
early_seir_infected_only,8,equal,0.001003112235843002,1.9107709173407628,1.0,0.1681289935188491,0.0018467707336661358,0.0009145692181329886,0.25,0.25,0.25,0.25
early_seir_infected_only,8,aic,0.00017107547288172783,2.248644913475298,1.0,0.1426065437639352,0.002083276936324246,2.5772094042582952e-05,0.8376430308184715,0.16225196805524378,0.00010350129605739785,1.4998302273959372e-06
early_seir_infected_only,8,bic,0.00014371865389172355,2.2771193159655554,1.0,0.13926919317583888,0.0020014301872292657,1.4285721672094525e-05,0.9178877112638302,0.0821087669954482,3.505797115097019e-06,1.5943606421947812e-08
early_seir_infected_only,8,gic_eff,0.00020483491562039603,2.215915575502772,1.0,0.1449900374253549,0.0019656708656501337,0.00018522989131345788,0.4381553795280382,0.08892317017144637,0.43862848090193646,0.034292969398579044
early_seir_infected_only,8,gic_vol_050,0.0001750411956228696,2.2422736961147467,1.0,0.14196318546122808,0.0018991397414338813,0.00016688970600399955,0.47616425503342663,0.020758818552031356,0.47101529835571965,0.0320616280588224
early_seir_infected_only,8,stacking,0.00011821827618441494,2.30801329815732,1.0,0.13568527413749448,0.0019175746150334302,8.144805701261904e-13,0.9999999961916102,2.0645905738936027e-10,3.4550958364219218e-09,1.4683500049415262e-10
early_seir_infected_only,8,hard_gic,0.00011460639906670288,2.3079298774403676,1.0,0.1358331194032649,0.0019225608961767596,0.0,0.0,0.0,1.0,0.0
early_seir_infected_only,9,equal,0.00674416903396614,0.4954016723942611,0.16666666666666666,0.1346663172781569,0.001436899224843624,0.0002966968518028357,0.25,0.25,0.25,0.25
early_seir_infected_only,9,aic,0.005525187417026417,0.9206844292881674,0.3333333333333333,0.13458986076722126,0.001737664721792481,5.578441631108154e-05,0.6411933321266547,0.3587271369259718,7.911059990020558e-05,4.2034747324357816e-07
early_seir_infected_only,9,bic,0.005286908243041569,0.9104201128947906,0.3333333333333333,0.13193994859638483,0.0016960734081392273,3.956643328748872e-05,0.7946756178888259,0.20532134633613522,3.030721178746469e-06,5.053860137686594e-09
early_seir_infected_only,9,gic_eff,0.005457876897073446,0.8943941365084779,0.3333333333333333,0.13347262729175438,0.0016950335958364415,7.003983167427942e-05,0.3623563894075775,0.2598048348627322,0.3605168141884747,0.01732196154121569
early_seir_infected_only,9,gic_vol_050,0.005220385328895985,0.8586206681166922,0.16666666666666666,0.13011755107826087,0.0016358855450409214,5.2817631556590376e-05,0.45453116340169464,0.07308807562332659,0.44658007004802747,0.025800690926951204
early_seir_infected_only,9,stacking,0.004978292122770178,0.8770150931558346,0.16666666666666666,0.12796484840406072,0.0016491066293173563,2.7553128138095956e-13,1.0915242468931207e-08,1.626506466222492e-10,0.9999999887626264,1.59480320169113e-10
early_seir_infected_only,9,hard_gic,0.004985853515239674,0.8706785398764157,0.16666666666666666,0.12766027949800415,0.001640407027782398,0.0,1.0,0.0,0.0,0.0
early_seir_infected_only,10,equal,0.0021703305931133096,1.6867874128376723,1.0,0.15147984195513756,0.0015246779867389667,0.0007103492366261512,0.25,0.25,0.25,0.25
early_seir_infected_only,10,aic,0.0009198388713861962,2.078349683035772,1.0,0.1297231226564092,0.001716824774600441,3.5618960790839655e-06,0.8708922605913048,0.12899846574336882,0.00010763267802521829,1.6409873012388707e-06
early_seir_infected_only,10,bic,0.0008987786759705376,2.0917965045553495,1.0,0.12813603439979826,0.0016787651656012205,1.8963833049436216e-06,0.9359711189135728,0.06402528834767476,3.5756300479980445e-06,1.7108704453306592e-08
early_seir_infected_only,10,gic_eff,0.0010400983798084466,2.0264434524752777,1.0,0.1330207373443453,0.001643737072474372,0.00014348978434813577,0.44658895534154114,0.06876903319544125,0.44738870145143633,0.03725331001158135
early_seir_infected_only,10,gic_vol_050,0.0010126688931307761,2.0402617917560875,1.0,0.13157688199599027,0.001616524153984315,0.0001344609923869239,0.4759304182443929,0.017849280666198213,0.4713681822756233,0.03485211881378566
early_seir_infected_only,10,stacking,0.0008942381850688196,2.0947614020832477,1.0,0.1277867335632271,0.0016704935750526345,1.5003966289570857e-06,0.9500949157229949,0.04990499899329952,8.522015428721812e-08,6.355151578750993e-11
early_seir_infected_only,10,hard_gic,0.0008682858109372915,2.1077365966807933,1.0,0.1266462917397542,0.001644643791714268,0.0,0.0,0.0,1.0,0.0
early_seir_infected_only,11,equal,0.0011324756931601553,1.8797604977482798,1.0,0.17199945129820926,0.0019101047200669897,0.0009888375311632978,0.25,0.25,0.25,0.25
early_seir_infected_only,11,aic,0.00022635490446379055,2.1928334681111914,1.0,0.14998647296718112,0.0022098175890752675,0.00012169206292617721,0.7636173694135059,0.23628469879605965,9.436524423883076e-05,3.566546195507661e-06
early_seir_infected_only,11,bic,0.00014814614617984017,2.2496559859597336,1.0,0.14333072116260936,0.0020605899086173305,7.376405524296785e-05,0.8749650980734637,0.1250315200442858,3.342238323106084e-06,3.964392735549844e-08
early_seir_infected_only,11,gic_eff,0.00029708845185028986,2.135149275276246,1.0,0.1539621477674805,0.0019583990102939766,0.0004376989859181627,0.4035835600602228,0.11812135409333777,0.40409995340604704,0.07419513244039222
early_seir_infected_only,11,gic_vol_050,0.00021268454477588205,2.1832045604763364,1.0,0.1484634309126487,0.0018364635256700333,0.0003925147894212839,0.45495552666846406,0.023984578909159053,0.4500984608824264,0.07096143353995034
early_seir_infected_only,11,stacking,0.0012137397370487466,1.9005972942451788,1.0,0.17892994751098865,0.003234247178241261,1.6093155102915684e-13,6.095894004561949e-11,0.9999999998505744,6.105531828360189e-11,2.7411114458799135e-11
early_seir_infected_only,11,hard_gic,7.72886502244251e-05,2.3215761810785485,1.0,0.1349702116152324,0.0018973875845440325,0.0,0.0,0.0,1.0,0.0
early_seir_infected_only,12,equal,0.0034317025549698336,1.5286750940574316,1.0,0.15631821903526513,0.0019438647373574804,0.00036951499312195846,0.25,0.25,0.25,0.25
early_seir_infected_only,12,aic,0.0025154612386166504,1.7881848852347855,1.0,0.14160818779470183,0.001956687698562974,3.4800175789738217e-06,0.848071977614186,0.1518213181460789,0.00010467460407425138,2.0296356608933146e-06
early_seir_infected_only,12,bic,0.0025115413023229054,1.7923770150197529,1.0,0.1347779844217095,0.0017786460749585576,1.9039775325627906e-06,0.9236357772372776,0.07636067744984057,3.5238691679988593e-06,2.1443713963233722e-08
early_seir_infected_only,12,gic_eff,0.0027414206282768117,1.711323272012194,1.0,0.1425492430100099,0.0018397791450993012,0.00012264482770126607,0.4016710666388547,0.1300730716210346,0.4004861114998761,0.06776975024023452
early_seir_infected_only,12,gic_vol_050,0.0028577766997879886,1.6619731217741889,1.0,0.13509948260808072,0.0015853891242264635,0.00017107905273134702,0.43502090035843977,0.0362065019946991,0.4273528712633847,0.10141972638347645
early_seir_infected_only,12,stacking,0.00250789431323217,1.7920406513440676,1.0,0.12747164038910797,0.0015984791369932077,1.9912199636600708e-13,0.9999999968880005,6.577920472704698e-11,2.9399792383010913e-09,1.0624126216718798e-10
early_seir_infected_only,12,hard_gic,0.002507894312875678,1.7920406514921134,1.0,0.12747164037681016,0.0015984791369361613,0.0,1.0,0.0,0.0,0.0
early_seir_infected_only,13,equal,0.0033985463572278325,1.5100937038398712,1.0,0.15755704670262075,0.0019582113475027185,0.00045135752087788937,0.25,0.25,0.25,0.25
early_seir_infected_only,13,aic,0.002255651706353539,1.7922769899044313,1.0,0.15144726537744244,0.0022838469555324036,1.767615725816851e-05,0.736909388125688,0.26298480838074245,9.094069641219433e-05,1.4862797157544031e-05
early_seir_infected_only,13,bic,0.002325552724736599,1.7964770624374697,1.0,0.14386655469719997,0.00206773534516008,1.1056751564256866e-05,0.8585055996058572,0.14149095752192992,3.2748976653015646e-06,1.6797454772412282e-07
early_seir_infected_only,13,gic_eff,0.004088684446138339,1.3319392201141018,1.0,0.15090611828121903,0.0016391462550774429,0.0005453305906920253,0.24206394747006257,0.1503393227523695,0.2410153497704948,0.36658138000707324
early_seir_infected_only,13,gic_vol_050,0.004763350762654105,1.0937842015167225,0.6666666666666666,0.1412132376106837,0.0013224755865742215,0.0005687724127483958,0.2467968730044245,0.04215052922158199,0.2422925363866718,0.4687600613873217
early_seir_infected_only,13,stacking,0.007235336908400663,-0.07174961151828223,0.0,0.1225215586772221,0.0010888564170205251,0.0003454697685437965,3.526619148994963e-10,0.16312985558040838,3.52207619747733e-10,0.8368701437147221
early_seir_infected_only,13,hard_gic,0.008690342809408053,-4.1634064477264054,0.0,0.08004848020697648,0.0006003448579014176,0.0,0.0,0.0,0.0,1.0
early_seir_infected_only,14,equal,0.0007551916067539307,1.9191065978908552,1.0,0.18083666462477077,0.0022435027805903186,0.0009429901011019165,0.25,0.25,0.25,0.25
early_seir_infected_only,14,aic,0.00016352861170147826,2.1464980196444925,1.0,0.15831527354921934,0.002550388837479779,4.369259285747486e-05,0.8127823951162962,0.1871158095525764,0.00010032917484643,1.4661562809083844e-06
early_seir_infected_only,14,bic,0.00013234163978273283,2.184096299019298,1.0,0.1529546971991789,0.0024080619606041288,2.4948254599205602e-05,0.9038964332882604,0.09610010198279631,3.448911418123319e-06,1.5817525256659173e-08
early_seir_infected_only,14,gic_eff,0.00017414815924082005,2.1322161109026094,1.0,0.1600562737998895,0.002396531087688622,0.00022078293898028915,0.41838386212517015,0.12606701823565797,0.4174847844100489,0.038064335229123114
early_seir_infected_only,14,gic_vol_050,0.00013920972976003563,2.1685586069328306,1.0,0.1549196804961648,0.002242150015263401,0.00021666993152349512,0.4684751748342157,0.02959010969159213,0.46147968756700963,0.04045502790718263
early_seir_infected_only,14,stacking,0.00010457796724287737,2.2269965487196663,1.0,0.14693349188382424,0.0022577826942542455,3.8097689165372226e-13,0.9999999674351177,4.8740271630876545e-11,3.244856221144865e-08,6.757988014898271e-11
early_seir_infected_only,14,hard_gic,0.000104577967250777,2.226996548864103,1.0,0.14693349186135612,0.002257782694005428,0.0,1.0,0.0,0.0,0.0
early_seir_infected_only,15,equal,0.0007787044906191681,1.9044376107684744,1.0,0.1779594298768259,0.0020351313709161883,0.0010856942944469752,0.25,0.25,0.25,0.25
early_seir_infected_only,15,aic,3.847272661335896e-05,2.2326791794867753,1.0,0.14828171076249008,0.0021853935805647698,8.803776140597355e-05,0.8341163380900225,0.16577057692232866,0.00010310874497802837,9.976242671007903e-06
early_seir_infected_only,15,bic,1.9308401864053033e-05,2.2830756246243804,1.0,0.14164167824685522,0.0020318684998409126,4.898604238172426e-05,0.9159318318991255,0.0840645620355626,3.4997936637175474e-06,1.0627164821376113e-07
early_seir_infected_only,15,gic_eff,0.00027322777170513053,2.0607963272581236,1.0,0.1648623270480085,0.0018040080454045386,0.0008887331389167121,0.3822396294047491,0.07039097568982994,0.38295540247205906,0.1644139924333619
early_seir_infected_only,15,gic_vol_050,0.0001890419176548571,2.106093030704273,1.0,0.1598921521581965,0.0017196858641074094,0.0008172834866102917,0.4214937040378645,0.014116647725624674,0.41719083825159325,0.14719880998491763
early_seir_infected_only,15,stacking,8.381596485317299e-06,2.334475660229596,1.0,0.13488043620952594,0.00187373681744905,1.8962972490320778e-05,4.641221586643976e-08,2.1816709057252445e-10,0.9970826265409444,0.002917326828672637
early_seir_infected_only,15,hard_gic,7.759241404995027e-06,2.340316784283608,1.0,0.13421498041667831,0.001877357592846663,0.0,0.0,0.0,1.0,0.0
early_seir_infected_only,16,equal,0.0034144640847839475,1.431233269959374,1.0,0.1522912326672462,0.0016357128233808187,0.0006331328877211818,0.25,0.25,0.25,0.25
early_seir_infected_only,16,aic,0.0018534261919449305,1.8157889949371337,1.0,0.13442263821421516,0.0018422429905490447,4.1261113609087375e-06,0.8745922008063711,0.1252901300776669,0.00010797334711721699,9.695768844731503e-06
early_seir_infected_only,16,bic,0.001823998011326364,1.8264931439277137,1.0,0.13262512334098228,0.0017987141322337561,2.1737017050861943e-06,0.9379441168050389,0.06205220302168764,3.5793020002396983e-06,1.0087127339238633e-07
early_seir_infected_only,16,gic_eff,0.0029618144272941845,1.5297971776604609,1.0,0.14727391766231407,0.001565657121627222,0.0005656536782401585,0.36925105873162073,0.061725065005912634,0.36891924944632676,0.20010462681613994
early_seir_infected_only,16,gic_vol_050,0.0029870114579572233,1.5231331482204649,1.0,0.14670005239005046,0.0015245414158012577,0.0005878736310078873,0.39026878075048055,0.015926560280665816,0.38545545937071934,0.20834919959813425
early_seir_infected_only,16,stacking,0.0017827130024328233,1.8402939509245007,1.0,0.13105234835552101,0.0017631794267649336,2.91943676785642e-13,4.756565882192436e-09,2.2521659133239907e-10,0.9999999949392144,7.900302349374058e-11
early_seir_infected_only,16,hard_gic,0.0017954576707141668,1.837069680169863,1.0,0.13082165002512544,0.0017559911986165687,0.0,1.0,0.0,0.0,0.0
early_seir_infected_only,17,equal,0.0027045305695221765,1.4855909989380602,1.0,0.1401770753796985,0.0012672562130510484,0.0006381026600320193,0.25,0.25,0.25,0.25
early_seir_infected_only,17,aic,0.0013575019006010084,1.8800116892914744,1.0,0.11904994572902367,0.0014072232946732502,1.156546117385336e-05,0.8119901898763529,0.1879065736459008,0.00010048202337003361,2.7544543762847324e-06
early_seir_infected_only,17,bic,0.0013230198533463204,1.9024677575706983,1.0,0.11651511777977279,0.0013513067177620692,6.605905439593323e-06,0.9034444374581941,0.0965520770046639,3.4558067839730928e-06,2.973035781672728e-08
early_seir_infected_only,17,gic_eff,0.0015701368051238573,1.8168301772994564,1.0,0.12330946558687277,0.0013074300170713045,0.0001915873104779774,0.4259307990749047,0.09029981336120214,0.4274361904311986,0.05633319713269449
early_seir_infected_only,17,gic_vol_050,0.0015168215106815149,1.8409213100392563,1.0,0.12096677460927147,0.001270621358305837,0.00017183251829784346,0.4646903622049048,0.023602343615936452,0.46100886368729765,0.050698430491861235
early_seir_infected_only,17,stacking,0.0012879613284612977,1.926199395653925,1.0,0.11368448515211166,0.0012922067729872146,5.646547110888755e-13,0.9999999920442776,1.8108483740136983e-10,7.61914978041595e-09,1.55487733318815e-10
early_seir_infected_only,17,hard_gic,0.0012775074515252074,1.929744889192791,1.0,0.11368569741254135,0.0012923531018028385,0.0,0.0,0.0,1.0,0.0
early_seir_infected_only,18,equal,0.002388803022716169,1.6488324393614768,1.0,0.15155541035965453,0.0015054395322079176,0.0007254497019330515,0.25,0.25,0.25,0.25
early_seir_infected_only,18,aic,0.0011501107079443823,2.006664987628464,1.0,0.13537797132634324,0.0017880870654656865,8.462270868382166e-05,0.6939519133684404,0.3059602323408704,8.580561485128934e-05,2.048675837898196e-06
early_seir_infected_only,18,bic,0.0009845827584993828,2.0594245196851593,1.0,0.1299419717246185,0.0016684059305202492,5.6005469918895276e-05,0.8308294758964913,0.1691673248348037,3.1754745848688466e-06,2.3794120171781967e-08
early_seir_infected_only,18,gic_eff,0.0011586986254064604,1.9844548694169102,1.0,0.13515621765802843,0.0016098643551862146,0.00022580127090398553,0.39975186882817,0.1521179209464776,0.4007565023259397,0.047373707899412594
early_seir_infected_only,18,gic_vol_050,0.0010132283635318224,2.030876102237928,1.0,0.130359223500034,0.0015067419735238802,0.00019698487885575248,0.4620250055487952,0.03340615398637246,0.45787265908483854,0.04669618137999379
early_seir_infected_only,18,stacking,0.001388791335592909,1.9425332213000548,1.0,0.14152445417765955,0.001944434144643013,9.952462063642423e-05,0.5153428725424604,0.48465689542045365,2.320370860144328e-07,3.3659575593133236e-75
early_seir_infected_only,18,hard_gic,0.0007917315184378611,2.1331704740911506,1.0,0.1222637407829797,0.0015222601810913558,0.0,0.0,0.0,1.0,0.0
early_seir_infected_only,19,equal,0.0015188497491131546,1.8130723864992264,1.0,0.16248597512320787,0.0017910200762536385,0.0008068613633454429,0.25,0.25,0.25,0.25
early_seir_infected_only,19,aic,0.0004601112910787707,2.1695304747857844,1.0,0.1410239845571983,0.002022857004203092,2.2506413548251973e-05,0.82380813357113,0.1760862871006669,0.00010178339200945758,3.7959361935773625e-06
early_seir_infected_only,19,bic,0.0004265308911810928,2.205175420323706,1.0,0.13735874360186673,0.0019339892858948723,1.2676045670542198e-05,0.9101537032434845,0.0898427801028757,3.475969844865348e-06,4.068379484135759e-08
early_seir_infected_only,19,gic_eff,0.000690154076415569,2.0677042819283504,1.0,0.1478573427442853,0.0018341597589815375,0.00036208148262890043,0.41083941314559463,0.09294420921132421,0.4112625042196148,0.08495387342346628
early_seir_infected_only,19,gic_vol_050,0.0006453163289308482,2.0961303489449925,1.0,0.1450328701763148,0.0017657532751721354,0.00034962821144255335,0.45002939855493435,0.022781448165116586,0.4452454480176925,0.08194370526225657
early_seir_infected_only,19,stacking,0.0006138980963648358,2.1122830853695738,1.0,0.14372389061573654,0.0017508753332382964,0.0003301242259218454,3.090822972476981e-07,1.4090876939198638e-17,0.9230646846891772,0.07693500622852552
early_seir_infected_only,19,hard_gic,0.0003872173609601555,2.246019335896881,1.0,0.1334486520531965,0.0018464349730202398,0.0,0.0,0.0,1.0,0.0
early_seir_infected_only,20,equal,0.0008112230947151536,1.7459391107809032,1.0,0.19667039619717494,0.002399944410957145,0.0015498469445060893,0.25,0.25,0.25,0.25
early_seir_infected_only,20,aic,0.001050611590535598,1.8113073557678012,1.0,0.14241816478935246,0.001930558995231508,0.00016080382590156225,0.23575315471878916,0.7639781128276748,0.0002600877544501324,8.644699085885937e-06
early_seir_infected_only,20,bic,0.0007847064138818052,1.9445706877232982,1.0,0.13978200358941575,0.0017671426660767697,0.00021354815543182535,0.40054659671059645,0.5994396015891003,1.3659218533698825e-05,1.4248176964746248e-07
early_seir_infected_only,20,gic_eff,0.0005166705440177475,1.759940129634769,1.0,0.21073098847048055,0.0032298869508361173,0.0013867402938574202,0.12566754920484863,0.3201830457849263,0.4079823525679665,0.14616705244225864
early_seir_infected_only,20,gic_vol_050,0.00041250760770186306,1.7767895248291523,1.0,0.21210591589635927,0.00300555063284963,0.0016522537137049337,0.2516307218263999,0.13299650594052773,0.4067335440529523,0.20863922818012018
early_seir_infected_only,20,stacking,0.0015165672907792233,1.5197964905727692,0.6666666666666666,0.14203148971171115,0.002162248258213557,1.008436990512733e-12,2.3637712453008224e-10,0.9999999994704267,2.365744483951973e-10,5.6621690782763954e-11
early_seir_infected_only,20,hard_gic,0.0010069076967752348,1.8113833448039551,1.0,0.22437108378467244,0.005632029645115053,0.0,0.0,0.0,1.0,0.0
early_seir_infected_only,21,equal,0.0011834394862394802,1.885978474792372,1.0,0.1661098931472875,0.0018528802339501979,0.0008455000347620732,0.25,0.25,0.25,0.25
early_seir_infected_only,21,aic,0.0002997723622224995,2.2258548020474236,1.0,0.14206969758516377,0.002090061022635374,2.8869223642008697e-06,0.8796361356615501,0.12025364639435397,0.00010864064025662402,1.5773038393416346e-06
early_seir_infected_only,21,bic,0.00028972427236529107,2.241806751524772,1.0,0.140151064647443,0.002039909343153229,1.5204951595481978e-06,0.9406116953043049,0.05938469737801787,3.590955670802451e-06,1.6362006456953698e-08
early_seir_infected_only,21,gic_eff,0.0003796576331536752,2.174656223417152,1.0,0.14592139259889716,0.0019996720893368475,0.00017622398611206989,0.44453013301560607,0.07209368545370522,0.4445259841979951,0.038850197332693535
early_seir_infected_only,21,gic_vol_050,0.00036590785006161106,2.189395351160351,1.0,0.144169548133224,0.0019576563215628093,0.00017030108214218184,0.4748160798528831,0.01855496647884946,0.46917393160930615,0.037455022058961236
early_seir_infected_only,21,stacking,0.0008743521964746061,1.9822859817005305,1.0,0.1581756028783384,0.0017193465683871412,0.0007438269585789684,0.803614105363866,2.8997748980408173e-12,8.472672548852156e-08,0.19638580990650872
early_seir_infected_only,21,hard_gic,0.0002801183064737372,2.2579107575082213,1.0,0.13824339837616353,0.0019909791710393887,0.0,1.0,0.0,0.0,0.0
early_seir_infected_only,22,equal,0.0030687894686159452,1.5631809320112404,1.0,0.1541050573111349,0.0017681728377042993,0.0005221874672897389,0.25,0.25,0.25,0.25
early_seir_infected_only,22,aic,0.0018161372148626307,1.8952128616837178,1.0,0.1430671128349804,0.00206436363313351,1.6852910019715525e-05,0.8081291671709547,0.19177044534009446,9.972326525104623e-05,6.642236996974715e-07
early_seir_infected_only,22,bic,0.001756330744935121,1.9076795268099271,1.0,0.14029434251261153,0.00200059471762909,9.6773285682429e-06,0.9012308997946908,0.09876565536509664,3.4376542732913473e-06,7.185939328844989e-09
early_seir_infected_only,22,gic_eff,0.0018697171125060536,1.8716590291827673,1.0,0.14310267737596707,0.0019993671080010714,7.328177466843496e-05,0.42173731224326383,0.13559484102500158,0.42029002963842266,0.022377817093311988
early_seir_infected_only,22,gic_vol_050,0.0018243781003906077,1.8775638274504676,1.0,0.1404436615323238,0.0019257611426146128,7.70280567173693e-05,0.4721870243045881,0.0363415625563415,0.4646938279671229,0.02677758517194759
early_seir_infected_only,22,stacking,0.0016869938283376022,1.9217242737162117,1.0,0.1375013441954673,0.001941939553613658,4.811830546060581e-13,1.896193625013448e-09,1.3664260918665592e-10,0.9999999978024585,1.6470506660274943e-10
early_seir_infected_only,22,hard_gic,0.0016948810129550028,1.9202351313487698,1.0,0.13721566515171338,0.0019328758144707963,0.0,1.0,0.0,0.0,0.0
early_seir_infected_only,23,equal,0.0022817368733096762,1.6546214639316232,1.0,0.1506339372907005,0.0014845160299278217,0.0007246105093005007,0.25,0.25,0.25,0.25
early_seir_infected_only,23,aic,0.0009548671118542345,2.0574821015159555,1.0,0.1282748964732163,0.0016557212542241274,1.804232270832799e-05,0.8210321855107483,0.1788633270773333,0.00010152306398165073,2.9643479367636912e-06
early_seir_infected_only,23,bic,0.0008969992181234171,2.0859371186216262,1.0,0.1251735804558243,0.001583555512452202,1.0196275975644207e-05,0.9085859843325826,0.09141051103417405,3.4728096720273286e-06,3.182357126016405e-08
early_seir_infected_only,23,gic_eff,0.0011402304444030206,1.98011853634528,1.0,0.1330707356047417,0.0015232404317996535,0.0002443163027138168,0.42594357960838836,0.0857808514619363,0.4270511154461115,0.061224453483563694
early_seir_infected_only,23,gic_vol_050,0.0010731229511213704,2.0071680866155823,1.0,0.13045552817605346,0.0014734106520002677,0.00022596014139885835,0.4635787368660079,0.020266228181673986,0.45946532435686693,0.05668971059545112
early_seir_infected_only,23,stacking,0.0010854140472238269,1.9989105387859458,1.0,0.13479357210348816,0.0018192016604560452,2.962001403470613e-05,1.9632700783247455e-07,0.3756499619629251,0.6243498417100671,7.277619249169812e-35
early_seir_infected_only,23,hard_gic,0.0008294458177521697,2.119567133062343,1.0,0.12181968784506982,0.001509858356309687,0.0,0.0,0.0,1.0,0.0
early_seir_infected_only,24,equal,0.0010601030738495408,1.8788907112284103,1.0,0.16943438706894356,0.0018379486594334866,0.000986050067545872,0.25,0.25,0.25,0.25
early_seir_infected_only,24,aic,0.00015702943883809435,2.2429990797210517,1.0,0.14121750192475402,0.0019776424136680225,7.203867963650425e-05,0.8089852603146009,0.190904252212332,0.00010376200012372208,6.725472943249197e-06
early_seir_infected_only,24,bic,0.0001113007371373745,2.298458579300633,1.0,0.13499099929306282,0.0018336685741720425,4.130798045260469e-05,0.9017268051821293,0.0982695470367495,3.57505823805268e-06,7.272288304259535e-08
early_seir_infected_only,24,gic_eff,0.000363470139525771,2.0972053521494782,1.0,0.15418229043941753,0.0017363949548670576,0.0006305943502560098,0.4090969097764199,0.08490763185711345,0.3848898884562421,0.12110556991022461
early_seir_infected_only,24,gic_vol_050,0.00027984709451358024,2.1439759081843572,1.0,0.14944044898517342,0.0016479411876885186,0.0005774513209302274,0.46001793227648624,0.01779219605235634,0.41250524985281695,0.10968462181834049
early_seir_infected_only,24,stacking,0.0003415886712856658,2.0966872584066087,1.0,0.15475861518311818,0.0016445511649301563,0.0007329090461604893,1.0261577065044459e-07,8.95202913953303e-25,0.8566181717030803,0.143381725681149
early_seir_infected_only,24,hard_gic,7.15462912186129e-05,2.3645109684873034,1.0,0.12769189715178114,0.0016809434722043586,0.0,1.0,0.0,0.0,0.0
early_seir_infected_only,25,equal,0.008118070588485946,0.1730376337763789,0.3333333333333333,0.13588719386276993,0.0013669476115314222,0.0003571041389805064,0.25,0.25,0.25,0.25
early_seir_infected_only,25,aic,0.009280772932480296,-0.6778419724659122,0.3333333333333333,0.11807169286058716,0.001137343785131871,0.0001695295977780652,0.8800705657011709,0.11982038821533367,0.00010865985412812572,3.8622936732962024e-07
early_seir_infected_only,25,bic,0.009731739442608573,-1.4402675763802792,0.16666666666666666,0.10777756616964317,0.0009970197666828767,8.946618780913577e-05,0.9408404863629669,0.05915591894051308,3.5906910112508483e-06,4.005508717560252e-09
early_seir_infected_only,25,gic_eff,0.009189272963391575,-0.5837053596368609,0.3333333333333333,0.11970774660795752,0.0011547513809502866,0.00018816709661952273,0.42461208290892116,0.13000986667206194,0.4242365421294411,0.021141508289575856
early_seir_infected_only,25,gic_vol_050,0.009682717828142486,-1.4377285087260823,0.16666666666666666,0.1079454212073452,0.0009845591300476839,0.00010411873234584575,0.44944472449481826,0.05981999041189743,0.44219704240730134,0.04853824268598318
early_seir_infected_only,25,stacking,0.010149034017150442,-2.678153355181219,0.16666666666666666,0.0960652779303532,0.0008506276539831723,9.498958436063386e-06,0.9665573099672561,2.4794052943874264e-12,1.495287073353469e-07,0.03344254050155712
early_seir_infected_only,25,hard_gic,0.010182886298267399,-2.67941398015909,0.16666666666666666,0.09603944848296153,0.0008601850683829407,0.0,1.0,0.0,0.0,0.0
early_seir_infected_only,26,equal,0.001915652889768859,1.7330724850283283,1.0,0.15280229799480124,0.001516932960514766,0.0007599471329353186,0.25,0.25,0.25,0.25
early_seir_infected_only,26,aic,0.0006990601789566954,2.1382317627757916,1.0,0.12884963636732552,0.0016787723311112192,1.3200606765488626e-05,0.8407272238897671,0.15916627085441643,0.00010396150235660167,2.54375345986067e-06
early_seir_infected_only,26,bic,0.0006594700484333607,2.1653643610562714,1.0,0.12605410192742658,0.0016127397837952884,7.287000481192018e-06,0.9195954105408068,0.08040104747299776,3.5149944735873436e-06,2.699172177408907e-08
early_seir_infected_only,26,gic_eff,0.0008431967716248434,2.070016151538282,1.0,0.13334009321038323,0.0015610195888823937,0.00022021116246749564,0.43441321148653267,0.07752431338232532,0.4355575957118938,0.052504879419248425
early_seir_infected_only,26,gic_vol_050,0.0007920102761776103,2.096941903217631,1.0,0.13081741114181022,0.001516348790232534,0.0001997449682602525,0.46897680126890634,0.018618822709405736,0.46478821551846833,0.04761616050321963
early_seir_infected_only,26,stacking,0.0006203269465163639,2.194378440135663,1.0,0.12307418340965608,0.0015453335989889193,1.5151672986304548e-12,0.9999999835527436,1.4475772806099157e-10,1.595991674696147e-08,3.425819097425576e-10
early_seir_infected_only,26,hard_gic,0.0006124568225201648,2.1964288988977074,1.0,0.12312911960442681,0.0015470958048300438,0.0,0.0,0.0,1.0,0.0
early_seir_infected_only,27,equal,0.0017273744761306749,1.700354903015693,1.0,0.16028796635287348,0.0016654992784925474,0.0008821344349677866,0.25,0.25,0.25,0.25
early_seir_infected_only,27,aic,0.0008861264660774952,1.9855133362511672,1.0,0.13306158748273192,0.0016904722789416156,8.526176224869896e-05,0.6325582574885802,0.3672996099590651,0.00013457978096674195,7.5527713879022235e-06
early_seir_infected_only,27,bic,0.0007499514151068777,2.077888469205829,1.0,0.12552453588694132,0.0015119994295315251,6.113657571548611e-05,0.7885418207083373,0.21145290217102128,5.185784128311077e-06,9.133651317895498e-08
early_seir_infected_only,27,gic_eff,0.001057048565061918,1.882141546550514,1.0,0.15460936728657013,0.0017375726981776942,0.0006476933068883208,0.35093088216221024,0.16581289364529722,0.3387320540712077,0.14452417012128488
early_seir_infected_only,27,gic_vol_050,0.0009593401377544354,1.9332499905147433,1.0,0.15052714682368631,0.0015973338685729343,0.0006532012675140221,0.46649594414807233,0.04483750179083685,0.3397494287560882,0.14891712530500265
early_seir_infected_only,27,stacking,0.008020768058166525,-4.009321780040856,0.0,0.0799921831208217,0.000602802396275544,5.647706862961645e-13,4.496000677362391e-11,3.942624221147329e-11,4.494474876944861e-11,0.999999999870669
early_seir_infected_only,27,hard_gic,0.0005936002479269852,2.218850963433168,1.0,0.1127725220211833,0.0012700289050388278,0.0,1.0,0.0,0.0,0.0
early_seir_infected_only,28,equal,0.0002834276546205806,1.9572171015627327,1.0,0.18123647017708353,0.001991277394988868,0.001263767036699813,0.25,0.25,0.25,0.25
early_seir_infected_only,28,aic,8.89964219537467e-06,2.302414081896042,1.0,0.13825765559223815,0.0019235125159394455,4.09558154314118e-05,0.7934845349761581,0.20636973612225815,0.00014086401807926686,4.864883504378796e-06
early_seir_infected_only,28,bic,1.8081683853214838e-05,2.3401554619007174,1.0,0.13277399494623596,0.0017888325732701028,2.391263673690863e-05,0.8927656217971949,0.10722942608092309,4.8990230067611165e-06,5.3098875443143684e-08
early_seir_infected_only,28,gic_eff,4.952252199000106e-06,2.1301312496149016,1.0,0.16316333302504282,0.002073505908745992,0.0006236654781399791,0.4392455320297542,0.10107706169819054,0.3690434979298033,0.09063390834225207
early_seir_infected_only,28,gic_vol_050,4.631097143703144e-06,2.162091479465451,1.0,0.15816084890852958,0.0019571919433901412,0.0005764307420784901,0.5409897009106424,0.025384602128767732,0.3496009444386135,0.08402475252197639
early_seir_infected_only,28,stacking,0.004919143357962417,0.35799397380017856,0.0,0.11227716149506455,0.000714312020497446,0.00047975403097258516,0.07691122195201133,5.567961861850788e-23,7.414844179915828e-08,0.9230887038995469
early_seir_infected_only,28,hard_gic,3.3544946147448253e-05,2.38432439081743,1.0,0.12629144923722083,0.001643306573311648,0.0,1.0,0.0,0.0,0.0
early_seir_infected_only,29,equal,0.0013895793060205908,1.787473870038176,1.0,0.1759199259015426,0.0020770677690559783,0.001023833716815709,0.25,0.25,0.25,0.25
early_seir_infected_only,29,aic,0.0018098488489916877,1.8811574831214293,1.0,0.150434453736491,0.0022055000395004476,0.000101114563806923,0.09434742681235365,0.9055852841505637,6.471886078499767e-05,2.5701762976551913e-06
early_seir_infected_only,29,bic,0.001562152353895887,1.926582171705492,1.0,0.14944178872090244,0.002110674661529797,0.00017755814309542586,0.18406982987600987,0.8159262185224104,3.902957571746354e-06,4.8644008096492363e-08
early_seir_infected_only,29,gic_eff,0.0014099774729707422,1.8577129295633714,1.0,0.1696859887821631,0.002428438518700034,0.0005383857331279269,0.09536985923818193,0.6219674158509028,0.19874107598634366,0.08392164892457155
early_seir_infected_only,29,gic_vol_050,0.0010288132130812388,1.8566550798261197,1.0,0.17601913244491518,0.0022582032296009392,0.0008922135620088855,0.2712128698600989,0.25146510972838404,0.2964598751163642,0.18086214529515282
early_seir_infected_only,29,stacking,0.0020912738043400623,1.8309114917557938,1.0,0.15088454751949187,0.0023049847548169094,3.493438250544128e-13,4.661112191086686e-11,0.9999999998065712,4.655706058622582e-11,1.0026068915856795e-10
early_seir_infected_only,29,hard_gic,0.002091273804350552,1.830911491816485,1.0,0.15088454751114763,0.002304984754950857,0.0,0.0,1.0,0.0,0.0
early_seir_infected_only,30,equal,0.0005768660767117067,1.8489181171087166,1.0,0.1872573942327335,0.002298058608014946,0.0012448402274806453,0.25,0.25,0.25,0.25
early_seir_infected_only,30,aic,0.00028591961673119447,2.138466076989531,1.0,0.1415897001181539,0.0019870966208567578,6.69410839253777e-05,0.3751697019504697,0.6244467085497678,0.0003720270393247775,1.1562460437629901e-05
early_seir_infected_only,30,bic,0.00018973013524828584,2.2269221266770716,1.0,0.134382535062703,0.0017569497194492335,6.982060685237329e-05,0.5653885862961877,0.43459391444122314,1.733022494734505e-05,1.6903764181029287e-07
early_seir_infected_only,30,gic_eff,0.00022199940180625468,1.8725729344895565,1.0,0.2005855675584963,0.0031136058331500895,0.0010710432397061942,0.1610864114192782,0.21438483155818672,0.46874236845401884,0.1557863885685162
early_seir_infected_only,30,gic_vol_050,0.0002462931451983339,1.8777252262523285,1.0,0.19815621632907612,0.0027707275812029787,0.0012578553401503421,0.29175275344489177,0.0778226727007534,0.4278414402595899,0.2025831335947649
early_seir_infected_only,30,stacking,0.000536843588706945,1.9560922034304067,1.0,0.15148305081705485,0.002438445027586431,4.569366596203077e-13,1.8109779081061622e-10,0.9999999995826023,1.815832065484269e-10,5.471667766306456e-11
early_seir_infected_only,30,hard_gic,0.0004030929211782484,1.9090582083067902,1.0,0.20933107586477293,0.004895758024467258,0.0,0.0,0.0,1.0,0.0
early_seir_infected_only,31,equal,0.002631400416198628,1.6366614040316867,1.0,0.15627890848704015,0.0017589152616889062,0.0006131178243278329,0.25,0.25,0.25,0.25
early_seir_infected_only,31,aic,0.00134341411081704,1.9871317884854822,1.0,0.1404213377918049,0.002015299889745491,7.143385391256072e-06,0.8546557850980193,0.14523742117947328,0.0001054916856934695,1.302036813854182e-06
early_seir_infected_only,31,bic,0.0013086958991087225,1.9992693231904648,1.0,0.13832837631653983,0.0019643659965084014,3.880178154496339e-06,0.9272280473181244,0.07276840125415997,3.537724185097124e-06,1.3703530597519109e-08
early_seir_infected_only,31,gic_eff,0.0014671451753166325,1.9400502566352644,1.0,0.14238023203741576,0.0019327394817343505,0.000124604116934065,0.435623825919421,0.0925408948279914,0.4347783385642176,0.037056940688369996
early_seir_infected_only,31,gic_vol_050,0.0014453822244222339,1.9460595566730678,1.0,0.14073085182764414,0.0018809398093876262,0.0001317888800948788,0.47125807215316373,0.024023325801785747,0.4647279053051674,0.03999069673988301
early_seir_infected_only,31,stacking,0.0015609736741590593,1.9070478461659597,1.0,0.14220849132635338,0.0018224420049990774,0.0002167532571441316,0.9316734596053905,1.1531101556125876e-10,1.0898216103778133e-07,0.06832643129713732
early_seir_infected_only,31,hard_gic,0.0012744462371331309,2.011559823946573,1.0,0.1361740328235952,0.001913220830002097,0.0,1.0,0.0,0.0,0.0
early_seir_infected_only,32,equal,0.000857879691876427,1.9271846842191913,1.0,0.1648885298419659,0.0016948620763765244,0.0009673321856449039,0.25,0.25,0.25,0.25
early_seir_infected_only,32,aic,0.00011264023084697532,2.3050920814046694,1.0,0.13337020399661723,0.0018053228669133437,2.067272955382932e-05,0.8180040140010669,0.18188266908902512,0.00011110824875018813,2.2086611577503714e-06
early_seir_infected_only,32,bic,9.201431195111318e-05,2.338203287826134,1.0,0.129737010149216,0.001716651651297701,1.1725305403368307e-05,0.9068742460746259,0.09312192259749981,3.8075739911464583e-06,2.3753883077923413e-08
early_seir_infected_only,32,gic_eff,0.00014674031172708693,2.228792860226182,1.0,0.1420926749198452,0.0017916611297610502,0.0002562316307489311,0.4548172087499609,0.09358788938139564,0.4050216466197308,0.04657325524891277
early_seir_infected_only,32,gic_vol_050,0.0001195440514130776,2.2587167202552183,1.0,0.13888467647499123,0.0017299015944464494,0.00022912738504548557,0.5158685842066673,0.02289798765659418,0.4191739225036011,0.04205950563313741
early_seir_infected_only,32,stacking,0.00011224641145818661,2.22857436310042,1.0,0.14511792215046002,0.0021425471263586235,4.1796836972924315e-05,7.313051106125694e-08,0.31260555002074497,0.6873943768487438,1.4946832613724463e-49
early_seir_infected_only,32,hard_gic,7.27248305623873e-05,2.3753735040401733,1.0,0.12570907848337767,0.001623654064267261,0.0,1.0,0.0,0.0,0.0
early_seir_infected_only,33,equal,0.0005088017454294612,1.857510328878183,1.0,0.19316000422260268,0.002374349779227591,0.0013764288143299965,0.25,0.25,0.25,0.25
early_seir_infected_only,33,aic,0.00012518362427309606,2.1242991005945835,1.0,0.15764448603244216,0.002319678678564425,0.00021142968194825683,0.5773695184409292,0.4223861748321544,0.0002157383533911484,2.8568373525151562e-05
early_seir_infected_only,33,bic,4.074325766459691e-05,2.2330884850568125,1.0,0.14463965133752574,0.0019555264411086756,0.0001633771479957189,0.7474608396383216,0.2525301683656785,8.633211233833282e-06,3.587847661023889e-07
early_seir_infected_only,33,gic_eff,0.0006279473921060039,1.81859523189308,1.0,0.19768029668519715,0.0021776479263279406,0.001722388108595799,0.23447286533750827,0.12824339741577725,0.30240284443151644,0.33488089281519795
early_seir_infected_only,33,gic_vol_050,0.0006057001451597415,1.8437193911560275,1.0,0.19263629388141715,0.0018600260710489825,0.0018052487469070878,0.3453462061285773,0.03111423962502066,0.2652210485598196,0.35831850568658247
early_seir_infected_only,33,stacking,0.0003631373036569819,2.0082354453304037,1.0,0.18747746388519923,0.003880087572068336,2.6900355800752886e-12,5.717018703441544e-09,9.934622575611093e-11,0.9999999940879309,9.5704044307199e-11
early_seir_infected_only,33,hard_gic,0.0063842254760561315,-2.351311742740503,0.0,0.08255122257732837,0.0006466300882731505,0.0,0.0,0.0,0.0,1.0
early_seir_infected_only,34,equal,0.0025071238520155714,1.6170980453428354,1.0,0.15450163566364924,0.0016356395022333436,0.0007048811710817935,0.25,0.25,0.25,0.25
early_seir_infected_only,34,aic,0.0011394262391009704,2.0071455404443697,1.0,0.13429626147519036,0.001839245127368632,7.894523284682813e-06,0.8629741080585169,0.13691422263429692,0.00010659653418381684,5.0727730023366855e-06
early_seir_infected_only,34,bic,0.001110753498720336,2.0260047924160656,1.0,0.13218292477545943,0.001788910391168714,4.239025335842489e-06,0.9317295714414404,0.06826681792136657,3.5575057723876044e-06,5.3131420780353676e-08
early_seir_infected_only,34,gic_eff,0.0016115311688036018,1.8510687235172938,1.0,0.14362278522943353,0.001665879419246441,0.000389281989649875,0.40930450738906154,0.07078773993767791,0.4095541765386213,0.11035357613463928
early_seir_infected_only,34,gic_vol_050,0.0015780678321545571,1.8646007566347749,1.0,0.14223259471965796,0.0016288877097113414,0.000387233444431329,0.43877690599194485,0.018123264754790997,0.4340459547367279,0.10905387451653634
early_seir_infected_only,34,stacking,0.0021610410271763456,1.7089868528294325,1.0,0.1487279880334475,0.001487730349920201,0.000678924371559301,0.7819212635210125,7.734738442483367e-21,1.1241799551498698e-07,0.21807862406099188
early_seir_infected_only,34,hard_gic,0.0010719057187062256,2.047741131856007,1.0,0.13018012593854536,0.0017442050224061101,0.0,0.0,0.0,1.0,0.0
early_seir_infected_only,35,equal,0.0014815472039338077,1.8206960403034926,1.0,0.16275455687153065,0.0017076600734387815,0.000888117429983686,0.25,0.25,0.25,0.25
early_seir_infected_only,35,aic,0.00044706033740084944,2.1762652530913393,1.0,0.13959170685920816,0.0019167300111863482,8.33541823565305e-05,0.7400012031478432,0.2598974297112997,9.773561056443857e-05,3.6315302925555317e-06
early_seir_infected_only,35,bic,0.00034915556693931236,2.2377468545240293,1.0,0.13321918425245585,0.0017688148719746432,5.2026212966841556e-05,0.8604374480396026,0.1395589982242205,3.512773301225596e-06,4.0962875526257015e-08
early_seir_infected_only,35,gic_eff,0.0005428507243613573,2.1014948123586015,1.0,0.14608962324897892,0.0017559501085498048,0.0003895686664878676,0.4166668403256463,0.12592957526965048,0.3820097271694829,0.07539385723522044
early_seir_infected_only,35,gic_vol_050,0.00044170697746366317,2.150650562442783,1.0,0.1412204769504696,0.0016448322482948577,0.0003579594521496609,0.4855620343738937,0.027169053925348782,0.4152906670390732,0.07197824466168436
early_seir_infected_only,35,stacking,0.00021215657836960302,2.288050226279148,1.0,0.13183837757087116,0.0018036214677476469,5.747131555585517e-13,3.272431509089561e-09,1.3080150431344615e-10,0.9999999965025614,9.420562680459793e-11
early_seir_infected_only,35,hard_gic,0.0002513343934318119,2.3184910566650494,1.0,0.12484448458652282,0.0015972923118653954,0.0,1.0,0.0,0.0,0.0
early_seir_infected_only,36,equal,0.0018670397324666345,1.6715242000719888,1.0,0.16019830854134168,0.001718382072897683,0.0008305533237421761,0.25,0.25,0.25,0.25
early_seir_infected_only,36,aic,0.0010768304375737981,1.9453175179020912,1.0,0.126999619966682,0.0015958232506650255,3.00676282794701e-05,0.5172199213189489,0.4825679252997544,0.00020619379884273818,5.959582454130747e-06
early_seir_infected_only,36,bic,0.000965229365444059,2.0119226913612667,1.0,0.12101864369059916,0.0014399674617792911,2.5275800118164992e-05,0.6988665610245317,0.3011247488378436,8.612020052573796e-06,7.811757210932036e-08
early_seir_infected_only,36,gic_eff,0.0010585501059086153,1.858451693686202,1.0,0.1585714124486406,0.002044784890984627,0.0005191403099504475,0.2770746746634826,0.2123431583914485,0.3977802376314603,0.11280192931360852
early_seir_infected_only,36,gic_vol_050,0.0010615740657619903,1.875607783538041,1.0,0.15587113604248684,0.0018725542271375774,0.0005815664942394059,0.4212463415191125,0.06757947998853506,0.3784123017386029,0.1327618767537495
early_seir_infected_only,36,stacking,0.008251236394465915,-4.360029850352556,0.0,0.07931508110684832,0.0005917210028223949,5.974398772509284e-13,5.6321074757585344e-11,2.0012919398980134e-11,5.6249999624522034e-11,0.9999999998674161
early_seir_infected_only,36,hard_gic,0.000302849515230995,2.0115279212611816,1.0,0.16781527322937648,0.003061051811472366,0.0,0.0,0.0,1.0,0.0
early_seir_infected_only,37,equal,0.0011875951882920675,1.837317395080185,1.0,0.16435027636984836,0.0017020025297285,0.0009669502519325087,0.25,0.25,0.25,0.25
early_seir_infected_only,37,aic,0.0003626197149941405,2.2286023947159936,1.0,0.1279756642103717,0.0016308627287699475,2.680124701381143e-05,0.7398637615187863,0.25997917067874676,0.00015186591679726953,5.201885669742828e-06
early_seir_infected_only,37,bic,0.0003149578357122922,2.2801400753200194,1.0,0.12309605990229455,0.001513788498343436,1.670799562635027e-05,0.8603756809866125,0.13961880140588243,5.458924673725145e-06,5.868283137501317e-08
early_seir_infected_only,37,gic_eff,0.00045856861939743717,2.0626701209783156,1.0,0.15254214213677086,0.001831645135197021,0.0005129934563169537,0.4039077400870291,0.12269793792199266,0.3745622116189782,0.09883211037200008
early_seir_infected_only,37,gic_vol_050,0.00041964873576967143,2.094212954646627,1.0,0.14894394035717945,0.0017264753194180576,0.000502596067883832,0.5123128997129329,0.03340289215275861,0.35680140221740697,0.09748280591690156
early_seir_infected_only,37,stacking,0.00026468162563175404,2.3459613220384736,1.0,0.11688647836651737,0.0013781572836248463,1.2350158691984775e-12,0.9999999946292157,1.091465824867112e-10,5.11309499047521e-09,1.4854243642568983e-10
early_seir_infected_only,37,hard_gic,0.0002646816266933938,2.345961323366965,1.0,0.11688647810085055,0.00137815727802812,0.0,1.0,0.0,0.0,0.0
early_seir_infected_only,38,equal,0.00023988399658318046,1.9403357819696667,1.0,0.1844584561521775,0.002048711729255399,0.001343342544029952,0.25,0.25,0.25,0.25
early_seir_infected_only,38,aic,3.0364174548370582e-05,2.2965357561456377,1.0,0.13732907521761742,0.001854339763919231,6.405405245317686e-05,0.7065627695454788,0.29324341525256836,0.00018892572413168907,4.889477821150285e-06
early_seir_infected_only,38,bic,2.3753886205433396e-05,2.3505020071675715,1.0,0.13054446543277978,0.0016899277202365459,4.1651512944612293e-05,0.8391549995485923,0.16083800837548587,6.935742283113631e-06,5.633363869916616e-08
early_seir_infected_only,38,gic_eff,4.903576892987754e-05,2.079252800941264,1.0,0.17145805462160124,0.0023156984986704284,0.000687772831300433,0.3814956805813553,0.13451765412143937,0.39705386461756453,0.08693280067964078
early_seir_infected_only,38,gic_vol_050,3.8198740727660154e-05,2.1181848248568316,1.0,0.16515041688078738,0.0021297358804996808,0.0006501810305939056,0.5164324270743241,0.03776974816511806,0.3604874718438353,0.08531035291672252
early_seir_infected_only,38,stacking,3.030210892303556e-05,2.4253074783448727,1.0,0.12092648323124526,0.0014906000593616026,1.2801107550070772e-11,0.9999999923122841,2.983548518019637e-10,5.654854392674221e-09,1.734506705135829e-09
early_seir_infected_only,38,hard_gic,0.0005337242962486262,2.04125227941258,1.0,0.1748465457149937,0.003335225257748296,0.0,0.0,0.0,1.0,0.0
early_seir_infected_only,39,equal,0.0032605551873763935,1.5218111157125473,1.0,0.1526174584585208,0.0017581830281339615,0.00048740929501853565,0.25,0.25,0.25,0.25
early_seir_infected_only,39,aic,0.002151092322871226,1.8238240581605554,1.0,0.1403419784891799,0.0019913892338270576,3.2016031946368747e-06,0.8721711274954294,0.12772007889644243,0.00010762018625124112,1.1734218770382284e-06
early_seir_infected_only,39,bic,0.002176042047691609,1.8182093450563743,1.0,0.13838025524464007,0.0019425742574184096,1.7035442543420246e-06,0.9366524935419275,0.06334392166157717,3.5725716082976726e-06,1.2224887065660286e-08
early_seir_infected_only,39,gic_eff,0.002333247856272719,1.766156877948869,1.0,0.14198499842615606,0.0019199205999731112,9.98178541446223e-05,0.4301005171735326,0.10034801771799032,0.42823087836259055,0.041320586745886484
early_seir_infected_only,39,gic_vol_050,0.002404434556445727,1.7451101688884292,1.0,0.1403149214341225,0.0018542778290658868,0.00011806627713341648,0.4632860720542235,0.030395629370177195,0.4552262370201042,0.05109206155549491
early_seir_infected_only,39,stacking,0.0022008281345072037,1.811735815417219,1.0,0.13640747962344746,0.001894541325082355,2.911498243451087e-13,0.9999999962159696,1.0286993910504818e-10,3.5610500486949156e-09,1.2011025843079966e-10
early_seir_infected_only,39,hard_gic,0.002200828134066257,1.8117358155726775,1.0,0.13640747961176028,0.0018945413251328631,0.0,1.0,0.0,0.0,0.0
missing_neural_feedback,0,equal,1.0688136580813938e-05,3.0253303860881453,1.0,0.06303170322138282,0.00023603882223132485,0.0001335920069103392,0.25,0.25,0.25,0.25
missing_neural_feedback,0,aic,3.098238336490801e-05,3.196882248612835,1.0,0.0503228476037004,0.00022960105626921012,4.438706336279079e-06,3.50499088822077e-38,0.9781546506492281,0.011921719322100309,0.009923630028671438
missing_neural_feedback,0,bic,3.391810111080746e-05,3.198109793977778,1.0,0.04981994866588539,0.00022933705780422487,1.5869416748335475e-08,1.7942042901374813e-37,0.9999533999084884,4.337769483801289e-05,3.222396673396085e-06
missing_neural_feedback,0,gic_eff,6.979585903176599e-07,3.169755670616215,1.0,0.05516328517375799,0.00024133782327455375,4.071382823275536e-05,2.7087295259932383e-39,0.01881618438059985,0.19803933861819373,0.7831444770012065
missing_neural_feedback,0,gic_vol_050,7.676557640057154e-07,3.1983475398711407,1.0,0.053550479142870096,0.00024148223168202285,2.3966130304811192e-05,1.560368901286641e-38,0.009738591929548636,0.10504966123831672,0.8852117468321347
missing_neural_feedback,0,stacking,1.2669381847741876e-05,3.2219982387976462,1.0,0.05103266229344217,0.00023700925792330686,3.7826674329668977e-06,1.6493330452351233e-11,0.376326161171503,1.0653634300138318e-11,0.6236738388013501
missing_neural_feedback,0,hard_gic,5.907254614164935e-06,3.233298130700995,1.0,0.05112727095106771,0.0002416390170061058,0.0,0.0,0.0,0.0,1.0
missing_neural_feedback,1,equal,1.249267749533084e-05,3.055052747868581,1.0,0.06098907581280367,0.0002361486692219557,0.00010954110673532684,0.25,0.25,0.25,0.25
missing_neural_feedback,1,aic,1.5302979982616005e-05,3.238604226442123,1.0,0.04980035917436969,0.00022898788594368394,1.8416713078560004e-07,1.028943643241659e-35,0.9992424204893248,0.0007449107960321815,1.2668714642877517e-05
missing_neural_feedback,1,bic,1.5389131449386052e-05,3.2387791549609637,1.0,0.04977969098091155,0.0002289804799927151,6.56193671195892e-10,5.15623060069596e-35,0.9999973426653217,2.6533075382266123e-06,4.0271400755668435e-09
missing_neural_feedback,1,gic_eff,8.985068394681296e-06,3.1392388614438453,1.0,0.05616737214587822,0.00023327031398187587,6.0594574636329144e-05,2.0781393715986008e-35,0.5706191179621617,0.4108151979060012,0.018565684131837092
missing_neural_feedback,1,gic_vol_050,1.1001083037721922e-05,3.1327330850611443,1.0,0.056365933549485776,0.00023379276300881236,6.228106343951342e-05,1.8167864429497698e-34,0.5287122285581192,0.4357047804839702,0.03558299095791054
missing_neural_feedback,1,stacking,6.88352896556338e-05,2.9929609993689965,1.0,0.05993327422306859,0.00023771339044823122,9.572659057798869e-05,0.13300812144111895,2.603396094010864e-10,0.8669918782985242,1.7373358252421474e-14
missing_neural_feedback,1,hard_gic,1.5389440705740403e-05,3.23877977622422,1.0,0.049779617125871714,0.00022898045420042653,0.0,0.0,1.0,0.0,0.0
missing_neural_feedback,2,equal,5.5280014299222545e-05,2.9776521825733115,1.0,0.062371530400551815,0.0002369659090412487,0.00012434246447589562,0.25,0.25,0.25,0.25
missing_neural_feedback,2,aic,6.146843178421921e-05,3.1364174506070652,1.0,0.050080715674260506,0.0002315897323333338,1.8915701942872874e-07,6.762477382953108e-39,0.9992996455328288,0.0006850578642840409,1.5296602887117315e-05
missing_neural_feedback,2,bic,6.164225284438786e-05,3.1362601469129863,1.0,0.05005994127248244,0.00023158438096154593,6.737983413389186e-10,3.3886115808398966e-38,0.9999975551604021,2.4399773801564585e-06,4.862217652680688e-09
missing_neural_feedback,2,gic_eff,4.418395451605451e-06,3.139191034271678,1.0,0.0567546530711025,0.0002347164336673531,6.580233579246183e-05,1.2397703588540646e-38,0.5994919550639566,0.3808166387313463,0.019691406204697167
missing_neural_feedback,2,gic_vol_050,3.737462696283715e-06,3.137173374069822,1.0,0.05692440388757915,0.0002350335302748755,6.734729182398943e-05,9.788663393317563e-38,0.5685272583668347,0.39686720278281706,0.03460553885034827
missing_neural_feedback,2,stacking,0.00012346595494143865,2.964681122612188,1.0,0.05382809066895618,0.0002378320755602674,2.9920808475626593e-05,0.18094731391851296,0.3551939133413434,2.3518528301281193e-10,0.46385877250495844
missing_neural_feedback,2,hard_gic,6.164287601033068e-05,3.1362595774230906,1.0,0.05005986705299266,0.00023158436248779145,0.0,0.0,1.0,0.0,0.0
missing_neural_feedback,3,equal,2.7995842896616977e-05,3.0537766670077966,1.0,0.05945574149257333,0.00023497291843538207,9.266399657268449e-05,0.25,0.25,0.25,0.25
missing_neural_feedback,3,aic,2.6725811964125627e-05,3.2122222931397766,1.0,0.049904199327927584,0.00022969907928294583,4.3464401785479335e-07,2.366250142194248e-25,0.9973650467111543,0.0021854206604646352,0.00044953262838106755
missing_neural_feedback,3,bic,2.7032432041652482e-05,3.212354951208394,1.0,0.04985493350605255,0.0002296759149389366,1.5298395342953632e-09,1.187998302521245e-24,0.9999920579441027,7.798889919056878e-06,1.4316597821563333e-07
missing_neural_feedback,3,gic_eff,5.912359886108468e-07,3.1448880543857904,1.0,0.05655732240895273,0.0002371954121612698,5.9201322827131256e-05,1.6066498323503329e-25,0.20160922269163742,0.4449314780072564,0.3534592993011062
missing_neural_feedback,3,gic_vol_050,2.0044579618151404e-06,3.142868151751615,1.0,0.05649951655714898,0.00023815176103984993,5.744268373510893e-05,9.284328644922507e-25,0.1296197569157166,0.3591747761169715,0.5112054669673118
missing_neural_feedback,3,stacking,6.4450471283154156e-06,3.0579653961119586,1.0,0.06131611109659406,0.00023603166972351494,0.00011320363619325542,0.18761716784746302,0.10592362337072186,0.7064592087017534,8.006176109189199e-11
missing_neural_feedback,3,hard_gic,7.966855616600442e-05,3.0889118909805506,1.0,0.05075468474139649,0.00023811536170060028,0.0,0.0,0.0,1.0,0.0
missing_neural_feedback,4,equal,2.0721587970283156e-05,3.0228046542162996,1.0,0.06242446428389374,0.0002373679727649536,0.0001254052510185697,0.25,0.25,0.25,0.25
missing_neural_feedback,4,aic,4.6200762610040904e-05,3.170977072666389,1.0,0.049861253411298274,0.000229200152802054,5.351632181614417e-07,5.810650748287127e-37,0.9984761835197593,0.0014521248129102757,7.169166733046686e-05
missing_neural_feedback,4,bic,4.6576046042037705e-05,3.1709547755389482,1.0,0.04980126210485988,0.00022917860521224,1.9101827734354273e-09,2.9140537955243953e-36,0.9999948008946151,5.176298555591041e-06,2.2806829268027193e-08
missing_neural_feedback,4,gic_eff,2.1063120154619586e-05,3.0756085316402815,1.0,0.05909301779874444,0.00023851867298011587,8.854100783820565e-05,8.290473922317019e-37,0.348539106177033,0.5811521784397742,0.07030871538319272
missing_neural_feedback,4,gic_vol_050,2.116625145918237e-05,3.075531443509223,1.0,0.059088174576138255,0.00023938870416674948,8.766718721488479e-05,7.993109629030126e-36,0.2961553784539539,0.5791432588806356,0.12470136266541038
missing_neural_feedback,4,stacking,4.010425668198887e-05,3.05794696540824,1.0,0.05844199276944421,0.00023870474755348497,8.071017340959664e-05,1.4917839294432617e-11,0.3231208734297719,0.6768791265397491,1.5560970907064378e-11
missing_neural_feedback,4,hard_gic,0.0001562528661416519,2.9320100714129342,1.0,0.05128511582598347,0.0002432522641986889,0.0,0.0,0.0,1.0,0.0
missing_neural_feedback,5,equal,9.091105664422123e-05,2.9321566149953635,1.0,0.06199618681760864,0.00023645994850730122,0.0001200753941763212,0.25,0.25,0.25,0.25
missing_neural_feedback,5,aic,0.00010014444277248137,3.053707350761091,1.0,0.050142432740302535,0.0002317232115828582,6.299808821241002e-07,6.97856380895687e-32,0.9976102957106503,0.002338140603349353,5.156368600042858e-05
missing_neural_feedback,5,bic,0.00010090539280340528,3.052468481225219,1.0,0.050073157007403044,0.00023170429214075503,2.249595173426467e-09,3.5027912936749786e-31,0.9999916417507292,8.341831446600088e-06,1.641782420998901e-08
missing_neural_feedback,5,gic_eff,1.302789608560463e-06,3.1393855673542514,1.0,0.0568945488952926,0.00023738771609037917,6.38772325647605e-05,6.58964719733763e-32,0.2968133923304765,0.6453482464604153,0.05783836120910812
missing_neural_feedback,5,gic_vol_050,7.138659234569522e-07,3.134693848427246,1.0,0.057205348440819564,0.00023780649105780888,6.64989370164456e-05,4.917217026825669e-31,0.25824296274894293,0.6336137078036158,0.10814332944744123
missing_neural_feedback,5,stacking,1.0989444605796675e-06,3.1083437713150173,1.0,0.05860663446451082,0.00024055602717688252,7.769802663957752e-05,4.581458715843992e-11,1.9622878556216384e-11,0.5789645757424134,0.42103542419214923
missing_neural_feedback,5,hard_gic,4.31318875064045e-05,3.1612107169997308,1.0,0.050910452024497545,0.00023959992298613517,0.0,0.0,0.0,1.0,0.0
missing_neural_feedback,6,equal,2.14263510417307e-05,3.005968407875256,1.0,0.0634889422269852,0.00023592228878803868,0.00013910473249448407,0.25,0.25,0.25,0.25
missing_neural_feedback,6,aic,2.8654901390301952e-05,3.208586148254084,1.0,0.04988833923787196,0.00022898998364913803,9.971921377753557e-07,9.813960388974954e-47,0.9967347637029369,0.0032149450304401316,5.029126662293251e-05
missing_neural_feedback,6,bic,2.9227583382680065e-05,3.2090053345941127,1.0,0.04977759304550651,0.00022895872394713867,3.5717577906104758e-09,4.9302899701129355e-46,0.9999885039097418,1.1480063555702319e-05,1.602670245592341e-08
missing_neural_feedback,6,gic_eff,6.1996040456466e-05,3.048096703246673,1.0,0.05663063056208328,0.000236303641082188,6.29357332606659e-05,8.595048252192533e-47,0.2455656925630941,0.7264958843003472,0.027938423136558612
missing_neural_feedback,6,gic_vol_050,5.87314163323302e-05,3.0502475734048295,1.0,0.056850096233245814,0.00023652077278202228,6.514230319672492e-05,7.824473641624456e-46,0.23550162103611255,0.7161757595641034,0.04832261939978416
missing_neural_feedback,6,stacking,0.00010145609674698684,2.9631236226484137,1.0,0.058425245831251645,0.00023794486667034107,7.871941555168489e-05,0.07961427747940057,4.172092760738101e-11,0.9203857224074407,7.143784349075527e-11
missing_neural_feedback,6,hard_gic,0.00016040297361434374,2.9236825039963183,1.0,0.05078871448656831,0.0002384739284749364,0.0,0.0,0.0,1.0,0.0
missing_neural_feedback,7,equal,2.4116524792391442e-05,3.0060561561804544,1.0,0.06327374339725839,0.00023725616245282374,0.0001351877386174553,0.25,0.25,0.25,0.25
missing_neural_feedback,7,aic,3.3246937301722714e-05,3.199621988651293,1.0,0.04982084219612844,0.00022914662035141396,2.1456494168853208e-07,3.549037296578237e-44,0.9992905959029286,0.000689127987334694,2.0276109736578013e-05
missing_neural_feedback,7,bic,3.3380116837444764e-05,3.1996798497126595,1.0,0.0497967210466813,0.00022913746434231465,7.645762828723607e-10,1.7784041143849022e-43,0.9999975390587592,2.4544961660653408e-06,6.445074807585466e-09
missing_neural_feedback,7,gic_eff,4.355602291676763e-06,3.125208961378075,1.0,0.057479279784993134,0.00023452931860623653,7.423122497533644e-05,7.644972034177102e-44,0.5887805533723584,0.382031463071078,0.029187983556563605
missing_neural_feedback,7,gic_vol_050,4.385329825077307e-06,3.123234729604605,1.0,0.05759827499505862,0.00023501525844368086,7.510607191444607e-05,7.146560654776263e-43,0.5588286139262395,0.38527110398380093,0.05590028208995968
missing_neural_feedback,7,stacking,5.7528111438448064e-05,3.096130134791078,1.0,0.05309075696555246,0.00022958687700109712,3.0896686315714245e-05,0.14991344080442304,0.8500865577186761,1.4760084486106615e-09,8.925368435558437e-13
missing_neural_feedback,7,hard_gic,3.3380594536745765e-05,3.1996800502608056,1.0,0.0497966348723209,0.0002291374327123884,0.0,0.0,1.0,0.0,0.0
missing_neural_feedback,8,equal,2.383451232038124e-05,3.002337993297241,1.0,0.06358562228371528,0.000238351550072979,0.0001381478622284717,0.25,0.25,0.25,0.25
missing_neural_feedback,8,aic,4.665372855300319e-05,3.169769919411271,1.0,0.04987957626781136,0.00022948705336881114,4.166820821370522e-07,1.1741135024388134e-39,0.9987748345449797,0.001095604703189022,0.0001295607518312558
missing_neural_feedback,8,bic,4.6939322247628164e-05,3.169752151313401,1.0,0.049832756489422286,0.0002294690485157234,1.486033358386616e-09,5.886451065983363e-39,0.9999960545252007,3.904270706783254e-06,4.120409250659569e-08
missing_neural_feedback,8,gic_eff,7.198622961973427e-06,3.087440475473296,1.0,0.059576600483652056,0.00023857965260546725,9.446862178545231e-05,1.8835780161584772e-39,0.40354137065033424,0.4592959589787489,0.13716267037091678
missing_neural_feedback,8,gic_vol_050,5.315035378124025e-06,3.0903228281609287,1.0,0.059582688549124595,0.0002400550360882562,9.323626234060443e-05,1.6936839735722329e-38,0.3306711858217031,0.4309050162629215,0.23842379791537563
missing_neural_feedback,8,stacking,6.586218833544996e-06,3.082073598393236,1.0,0.06001541391693872,0.00024618963342116097,9.29866127053759e-05,1.9757900359996923e-11,1.1242500207709878e-11,0.4327772460711793,0.5672227538978203
missing_neural_feedback,8,hard_gic,0.00016536779281333108,2.9130072465799914,1.0,0.05133682726991848,0.0002437575892877513,0.0,0.0,0.0,1.0,0.0
missing_neural_feedback,9,equal,6.7133471128228e-06,3.0868887743276527,1.0,0.05939303705469644,0.00023526396181223935,9.19420815607288e-05,0.25,0.25,0.25,0.25
missing_neural_feedback,9,aic,9.107397194625144e-06,3.250937668507267,1.0,0.049852362047949045,0.00022908046725057907,5.707985951737032e-07,2.4290691111819024e-26,0.9965085930362231,0.002633654315351835,0.0008577526484250116
missing_neural_feedback,9,bic,9.334021398824037e-06,3.2516762435143542,1.0,0.04978646515103736,0.00022904045332279197,2.024239198034722e-09,1.220583176387658e-25,0.999990320073594,9.406517275207995e-06,2.73409130898507e-07
missing_neural_feedback,9,gic_eff,7.636950142237465e-06,3.1391727784838843,1.0,0.05628605653123553,0.0002388274356664676,5.488003376869009e-05,1.1855873881477768e-26,0.1314475172195914,0.3952851324100241,0.4732673503703844
missing_neural_feedback,9,gic_vol_050,2.1050431843011144e-06,3.158495138548454,1.0,0.05565361040545025,0.0002393596855980809,4.7555429065733695e-05,6.75310590123675e-26,0.07546292539377848,0.2894785341620858,0.6350585404441357
missing_neural_feedback,9,stacking,3.264216099664218e-05,3.10963863694262,1.0,0.05566056530019085,0.00023588179095762317,5.216292224168931e-05,2.6325842305999032e-11,0.41413482084207687,0.5858651791129857,1.8611434964551038e-11
missing_neural_feedback,9,hard_gic,1.4114644601345495e-05,3.21913417259561,1.0,0.05095402965110611,0.00023996682084171796,0.0,0.0,0.0,0.0,1.0
missing_neural_feedback,10,equal,9.7994848817351e-06,3.055879511676086,1.0,0.06108739063733119,0.00023482897397060588,0.00011165305669591939,0.25,0.25,0.25,0.25
missing_neural_feedback,10,aic,1.2917481106785677e-05,3.2432838683047907,1.0,0.04982730819871632,0.00022897013293742815,4.510990479568033e-07,8.202127416509568e-36,0.9980639118167817,0.0018452978010185506,9.079038219988192e-05
missing_neural_feedback,10,bic,1.3108089386567804e-05,3.2437758511857946,1.0,0.049776547645773515,0.00022895053108210403,1.6092120628093212e-09,4.115077784781094e-35,0.9999933905799651,6.580525559049374e-06,2.8894475805020543e-08
missing_neural_feedback,10,gic_eff,2.9970843046029666e-05,3.0975151660694586,1.0,0.05669423330248917,0.00023591933313669815,6.32934176994076e-05,9.316756421202594e-36,0.3191707948018611,0.5640970815560351,0.11673212364210377
missing_neural_feedback,10,gic_vol_050,2.128104406528425e-05,3.10523589219416,1.0,0.05706863749615042,0.0002365561364619021,6.645152192719339e-05,7.274973430412714e-35,0.26251991663441954,0.5186941130001801,0.2187859703654005
missing_neural_feedback,10,stacking,4.589757479786036e-05,3.066135753718344,1.0,0.057135349330732374,0.00023928487809903742,6.382120594953295e-05,2.2428358287271234e-11,3.0096231848926505e-10,0.6686898974787311,0.3313101021978784
missing_neural_feedback,10,hard_gic,0.00015349602071385173,2.9376925896667365,1.0,0.05085357638880832,0.0002390806071480993,0.0,0.0,0.0,1.0,0.0
missing_neural_feedback,11,equal,5.671340656343792e-05,2.9793045841678323,1.0,0.06214026918403622,0.0002394806252402072,0.00011964004307886918,0.25,0.25,0.25,0.25
missing_neural_feedback,11,aic,9.096218805634705e-05,3.073993713117991,1.0,0.04987866955464381,0.00022959876525383425,2.961481718090656e-07,3.2839269133825673e-31,0.9990436453127004,0.0008425203739647104,0.00011383431333490191
missing_neural_feedback,11,bic,9.126252413029575e-05,3.0736081856751576,1.0,0.04984465793321653,0.00022957924529029528,1.0557878620862185e-09,1.6459644926760387e-30,0.9999969622267563,3.001580324892707e-06,3.6192918916871885e-08
missing_neural_feedback,11,gic_eff,8.005987559828741e-07,3.1015605878080947,1.0,0.059310231328908516,0.00024197779788539896,8.701642673968774e-05,5.132374475584101e-31,0.37848116748701804,0.4790423815233361,0.14247645098964598
missing_neural_feedback,11,gic_vol_050,9.686023808294349e-07,3.100441896446599,1.0,0.05937362294130866,0.0002434928822194013,8.628053586058581e-05,4.443439954507754e-30,0.2822851881883663,0.4689681378987922,0.2487466739128414
missing_neural_feedback,11,stacking,9.126359648808528e-05,3.073606799795004,1.0,0.04984453684180826,0.00022957918152443502,1.0072878679284823e-14,1.2806678727069593e-11,0.9999999999541582,2.3174484536700436e-11,9.860623752598995e-12
missing_neural_feedback,11,hard_gic,8.581194557393397e-05,3.063405822438909,1.0,0.052042480397702824,0.0002506275342346324,0.0,0.0,0.0,1.0,0.0
missing_neural_feedback,12,equal,2.9023649263318334e-05,3.000174107231651,1.0,0.06316414333008849,0.00023635278925618155,0.00013459767446711318,0.25,0.25,0.25,0.25
missing_neural_feedback,12,aic,4.2527993918982336e-05,3.1777833777190643,1.0,0.04994809781191312,0.0002293203084602785,1.2187484251688953e-06,6.355780125932866e-39,0.9946510700056772,0.0037298836580657592,0.0016190463362570884
missing_neural_feedback,12,bic,4.3390984183364054e-05,3.1777521989273003,1.0,0.0498099975939768,0.00022925590362142106,4.36447148634302e-09,3.1996674978529315e-38,0.9999861362679906,1.3346698487310223e-05,5.170335221910765e-07
missing_neural_feedback,12,gic_eff,2.3372152497338617e-06,3.1061058373565844,1.0,0.058804505988660494,0.00024049790551605968,8.2076167335348e-05,2.843393782998758e-39,0.11718131941643102,0.43341246441002446,0.4494062161735445
missing_neural_feedback,12,gic_vol_050,5.364965580635899e-07,3.118581670198376,1.0,0.05822316136269787,0.00024135636306369187,7.447019713366144e-05,1.9933426837415702e-38,0.07966354460692171,0.33362340106874866,0.5867130543243295
missing_neural_feedback,12,stacking,7.729696578334567e-05,2.98718686767387,1.0,0.05935686242669315,0.00023960578691007648,8.735550288673693e-05,0.09177007319768996,2.4838881663512826e-11,0.9082299267530254,2.444565473219126e-11
missing_neural_feedback,12,hard_gic,4.3550290981431016e-05,3.1549127511536446,1.0,0.05132854025051019,0.00024357122562136088,0.0,0.0,0.0,0.0,1.0
missing_neural_feedback,13,equal,3.169053069758825e-05,2.984351458450465,1.0,0.0640573192756163,0.0002375616237077309,0.00014427740889352825,0.25,0.25,0.25,0.25
missing_neural_feedback,13,aic,5.969476236371582e-05,3.1404845912239807,1.0,0.05000006470934551,0.00022956066679889306,1.4610583843624961e-06,7.186080121555905e-40,0.9958678374371709,0.0037875170367739474,0.00034464552605525185
missing_neural_feedback,13,bic,6.083634283760362e-05,3.1397804943529195,1.0,0.04983594571423153,0.00022949487545900359,5.234831035170294e-09,3.613243101418651e-39,0.9999863537011772,1.3536372624046358e-05,1.0992619884450216e-07
missing_neural_feedback,13,gic_eff,2.4107608792701697e-05,3.0704502727140146,1.0,0.05905628925309126,0.0002424590646679628,8.333214846479262e-05,4.486073290707868e-40,0.15700599686565872,0.6128565037383032,0.23013749939603795
missing_neural_feedback,13,gic_vol_050,7.534280691816636e-06,3.091354478641729,1.0,0.05924659501661714,0.00024262551252366918,8.50237435427482e-05,3.578448253894153e-39,0.11443546984845793,0.4885679571805395,0.3969965729710025
missing_neural_feedback,13,stacking,6.0840421909983736e-05,3.139777887394707,1.0,0.049835355688017016,0.00022949465422175233,1.2421720596506386e-14,8.649683646465156e-12,0.9999999999533815,2.699671015003849e-11,1.0972118361172661e-11
missing_neural_feedback,13,hard_gic,0.0001464281783409156,2.9492749196638277,1.0,0.05153916451233956,0.00024573228728903444,0.0,0.0,0.0,1.0,0.0
missing_neural_feedback,14,equal,2.9199864517781662e-05,3.02815442909291,1.0,0.06111178902657166,0.00023526388401513907,0.00011126932829918047,0.25,0.25,0.25,0.25
missing_neural_feedback,14,aic,3.425386555891645e-05,3.1958541459335854,1.0,0.04992865694936058,0.00022970355422377169,6.57431399275761e-07,6.211176230983967e-32,0.9972675498373057,0.0026716336570652083,6.081650562922312e-05
missing_neural_feedback,14,bic,3.4732744358926e-05,3.1958941011513904,1.0,0.04985532937907063,0.00022967894205564148,2.3502551158522197e-09,3.1186797107644296e-31,0.9999904457236289,9.534905826654315e-06,1.93705443130474e-08
missing_neural_feedback,14,gic_eff,2.392503366410715e-05,3.1164424419880628,1.0,0.05607108226881309,0.00023642203791632394,5.590061929308868e-05,5.515390396985554e-32,0.2641097175898294,0.6729670063456077,0.06292327606456279
missing_neural_feedback,14,gic_vol_050,2.080864746235234e-05,3.1163310067245225,1.0,0.05638759952380791,0.00023688735174735943,5.858095271154257e-05,4.221699924946373e-31,0.22460639450893527,0.656583923077156,0.11880968241390875
missing_neural_feedback,14,stacking,1.947331622412657e-05,3.097659086859647,1.0,0.05747714159154459,0.00023949908257762167,6.661950454844956e-05,0.08521191279390773,5.151878942341417e-11,0.2091233055318088,0.7056647816227647
missing_neural_feedback,14,hard_gic,0.00010066054554464773,3.0452175624872093,1.0,0.05081223062631908,0.00023867388374264293,0.0,0.0,0.0,1.0,0.0
missing_neural_feedback,15,equal,8.767219238000058e-06,3.070862729759954,1.0,0.060278171955563495,0.00023579770485186545,0.00010165225574498917,0.25,0.25,0.25,0.25
missing_neural_feedback,15,aic,1.2073829551023391e-05,3.245055203569996,1.0,0.04982665193932288,0.0002290446081162421,3.6978450486721695e-07,7.3890498469673745e-31,0.9984105890950418,0.001550786923717709,3.8623981240557373e-05
missing_neural_feedback,15,bic,1.2232015588026794e-05,3.245463096649509,1.0,0.049785225185962435,0.0002290303459748339,1.3197960034187634e-09,3.7058665136776595e-30,0.9999944593574775,5.528354509748446e-06,1.2288012696919093e-08
missing_neural_feedback,15,gic_eff,3.337667628792795e-05,3.0999943083877017,1.0,0.056205825430341555,0.0002348346227809173,5.92879681342696e-05,9.886757245372518e-31,0.37338997840687865,0.5882081225352702,0.03840189905785111
missing_neural_feedback,15,gic_vol_050,3.724246153945043e-05,3.0929199669980747,1.0,0.05627361629375622,0.00023554064571898253,5.933622203506934e-05,8.04658365896985e-30,0.317684021199145,0.6133650595370574,0.06895091926379741
missing_neural_feedback,15,stacking,6.87345315359113e-05,2.9960666065149777,1.0,0.05970975049832941,0.00023696007705263148,9.39226758296675e-05,0.14050866892735003,3.063864936638045e-11,0.8594913309994198,4.259160497581828e-11
missing_neural_feedback,15,hard_gic,0.0001479027292724232,2.949515834194707,1.0,0.05072667289915719,0.00023786420240648677,0.0,0.0,0.0,1.0,0.0
missing_neural_feedback,16,equal,5.9241084771279546e-05,2.9648436628901513,1.0,0.06284802696065447,0.00023621410769242537,0.00013054782397336473,0.25,0.25,0.25,0.25
missing_neural_feedback,16,aic,6.627282975995314e-05,3.1253701365457895,1.0,0.0501584486402683,0.00023078858777653583,1.7150273987319955e-06,1.211149183818612e-37,0.9936367882500716,0.00598228772567834,0.0003809240242499066
missing_neural_feedback,16,bic,6.78956469946191e-05,3.1237198016866943,1.0,0.04996964560638553,0.00023073690027524492,6.16592168681553e-09,6.1034217303228716e-37,0.9999784500345493,2.1428196225974518e-05,1.2176922471058333e-07
missing_neural_feedback,16,gic_eff,2.3972890237920074e-05,3.1128653983910906,1.0,0.05624997697071321,0.00023803923971542245,5.600297359022729e-05,5.132739076417456e-38,0.1319584790510619,0.7630341777970393,0.10500734315189868
missing_neural_feedback,16,gic_vol_050,1.798553161728412e-05,3.1120068976071193,1.0,0.056902471116514516,0.00023841039871288317,6.252838084253601e-05,3.812580569244428e-37,0.11354563902823081,0.7289640319570295,0.15749032901473958
missing_neural_feedback,16,stacking,5.833590206967986e-07,3.048299765505369,1.0,0.06241548903693203,0.00023933585515980966,0.0001229454967112633,0.09213263597657628,8.161879005224898e-11,0.613599025260631,0.29426833868117397
missing_neural_feedback,16,hard_gic,8.113275638373944e-05,3.0848390062275657,1.0,0.05080741878201337,0.0002386288001742894,0.0,0.0,0.0,1.0,0.0
missing_neural_feedback,17,equal,1.491637940997343e-05,3.044001971104147,1.0,0.06151309788788209,0.00023793775902800695,0.00011409284962906302,0.25,0.25,0.25,0.25
missing_neural_feedback,17,aic,3.4110795646371505e-05,3.1970418073682696,1.0,0.04985154937945843,0.00022941311452715914,2.313402656698247e-07,9.397426212725176e-33,0.9992803589616578,0.0006917659003162395,2.7875138026145008e-05
missing_neural_feedback,17,bic,3.425664834646145e-05,3.197121825282694,1.0,0.04982540239115318,0.00022940187315402248,8.244226075467865e-10,4.709049540538841e-32,0.9999975272224224,2.463916943508246e-06,8.860634042923442e-09
missing_neural_feedback,17,gic_eff,6.57040173738733e-06,3.105598045233803,1.0,0.058498618336731784,0.00023712392646665171,8.27230196233007e-05,1.945558878363315e-32,0.5086235323652716,0.44778583582093645,0.04359063181379197
missing_neural_feedback,17,gic_vol_050,1.0172538296852685e-05,3.0976777940205937,1.0,0.0586669806661893,0.0002383873305757563,8.350874124076906e-05,1.8607344698247469e-31,0.43011015594782115,0.4830130478136507,0.0868767962385281
missing_neural_feedback,17,stacking,2.6092797682415452e-05,3.067883285624618,1.0,0.0591039617809993,0.00023889489495692296,8.743776139326212e-05,0.01999064403605725,0.3757668702993604,0.6042424856106565,5.392590039190449e-11
missing_neural_feedback,17,hard_gic,3.425717027224447e-05,3.1971221070575004,1.0,0.04982530900474995,0.00022940183446501747,0.0,0.0,1.0,0.0,0.0
missing_neural_feedback,18,equal,4.9256572180848394e-05,3.007833620241777,1.0,0.06051639560105346,0.0002354671582906042,0.0001041370459700734,0.25,0.25,0.25,0.25
missing_neural_feedback,18,aic,5.477917995754216e-05,3.1510731508988123,1.0,0.0499784576115605,0.00022988615823655472,9.363361188343535e-07,2.20925328378261e-27,0.9956721789323879,0.004027323142751707,0.0003004979248602721
missing_neural_feedback,18,bic,5.568113272183789e-05,3.150402828415027,1.0,0.0498736872232015,0.00022984740466328675,3.3454740988965478e-09,1.1110551155978399e-26,0.9999855078937139,1.4396242404525669e-05,9.586388157842755e-08
missing_neural_feedback,18,gic_eff,5.885049736723826e-06,3.140295324180359,1.0,0.05635263982767965,0.00023771377597757524,5.6736419413605415e-05,1.234424320251292e-27,0.16329908845997607,0.6479886129804396,0.1887122985595843
missing_neural_feedback,18,gic_vol_050,1.8572234239518227e-06,3.136691902446544,1.0,0.056916691508942546,0.0002383795270817569,6.182391948952622e-05,8.356754383778005e-27,0.12132158288632297,0.5791985028352239,0.2994799142784531
missing_neural_feedback,18,stacking,8.370862015746968e-05,3.0609151735918707,1.0,0.05203587038184968,0.00024070032306944213,9.617820195109055e-06,0.06703854604830428,4.710806159453898e-11,2.5199229078585443e-11,0.9329614538793884
missing_neural_feedback,18,hard_gic,6.239092570378342e-05,3.123557703482596,1.0,0.050810168378484406,0.00023864550978134263,0.0,0.0,0.0,1.0,0.0
missing_neural_feedback,19,equal,4.5376621922844164e-05,3.007716093188004,1.0,0.060934736216137826,0.00023570610007774142,0.00010868307648324558,0.25,0.25,0.25,0.25
missing_neural_feedback,19,aic,5.1633811354907235e-05,3.1580870359970934,1.0,0.049969146146892296,0.00023013223563731275,6.048556143403295e-07,1.4397969168593312e-29,0.9973146017102976,0.0025102706469850087,0.00017512764271741135
missing_neural_feedback,19,bic,5.218632704651761e-05,3.157732034780679,1.0,0.049901516428453266,0.00023010726184023877,2.155038681995835e-09,7.228994710824767e-29,0.9999909856302934,8.958592750642267e-06,5.577695586714178e-08
missing_neural_feedback,19,gic_eff,4.02214721165681e-06,3.137193431916773,1.0,0.05672814773644167,0.00023735102646614661,6.146829313904556e-05,1.1851772180187161e-29,0.24710240499738254,0.5887998602264619,0.1640977347761555
missing_neural_feedback,19,gic_vol_050,1.119764070251607e-06,3.1347156646402343,1.0,0.057119721074268284,0.00023805248121062537,6.462438877438502e-05,8.276631348200842e-29,0.19349917731020844,0.5330698108805267,0.2734310118092649
missing_neural_feedback,19,stacking,1.4294195997649528e-05,3.124641409089207,1.0,0.05644017836156494,0.00023986502456665646,5.505224236483298e-05,1.5648067789879427e-10,1.3415060435125592e-10,0.7102471181905503,0.28975288151881845
missing_neural_feedback,19,hard_gic,7.140376820158899e-05,3.1042008227107014,1.0,0.050880030226959035,0.00023931393901095876,0.0,0.0,0.0,1.0,0.0
missing_neural_feedback,20,equal,8.185659668678855e-06,3.041106788333121,1.0,0.06216750489560964,0.00023450129839000855,0.0001245101654035058,0.25,0.25,0.25,0.25
missing_neural_feedback,20,aic,1.4377246611970192e-05,3.2358173764381326,1.0,0.050081264715351834,0.00022951885776419594,2.2650479912054348e-06,3.2431663211562295e-39,0.9913701210726061,0.008401394888637453,0.00022848403875649852
missing_neural_feedback,20,bic,1.5318969647423415e-05,3.2381406047302765,1.0,0.04983140226696836,0.00022945288370290504,8.188744381024895e-09,1.6380721438563633e-38,0.9999697649581547,3.0161836446673302e-05,7.320539847105331e-08
missing_neural_feedback,20,gic_eff,9.986976058502598e-05,3.007875125040316,1.0,0.05480150337601053,0.00023647131433141027,4.209285389631798e-05,1.124306014687706e-39,0.10649717918808264,0.8071968321338593,0.08630598867805797
missing_neural_feedback,20,gic_vol_050,8.260106116239546e-05,3.026849997570727,1.0,0.05563889431421166,0.00023672448333247366,5.0431609853197895e-05,8.810673288762224e-39,0.09600527172736749,0.7515076175226071,0.1524871107500254
missing_neural_feedback,20,stacking,0.00012420862026134326,2.9481532493622242,1.0,0.05644061851672952,0.0002367185486078491,5.8430717067117504e-05,0.0642643030001933,1.7010692204396575e-10,0.9357356967668214,6.287830881002742e-11
missing_neural_feedback,20,hard_gic,0.00017249724341836695,2.898883735470944,1.0,0.05064044445420034,0.00023705477982327716,0.0,0.0,0.0,1.0,0.0
missing_neural_feedback,21,equal,1.3324302904595091e-05,3.0293681082746278,1.0,0.06249625783412505,0.00023512963493948978,0.00012775897677567456,0.25,0.25,0.25,0.25
missing_neural_feedback,21,aic,1.8070786888078055e-05,3.208684880331177,1.0,0.05122076212929186,0.00023003659088012383,1.2548358101885028e-05,1.0723861344945814e-38,0.9138661673169131,0.043011858816980726,0.04312197386610631
missing_neural_feedback,21,bic,2.5620179487758456e-05,3.2163191231652055,1.0,0.04980111094278569,0.00022912890929456127,4.9601392830648565e-08,5.874921889806472e-38,0.9998175272111027,0.00016748722888664482,1.4985560010796702e-05
missing_neural_feedback,21,gic_eff,8.570755682704927e-07,3.165018315633218,1.0,0.05538487911493231,0.00024048313573743873,4.359089813942935e-05,2.7621999369616053e-40,0.006238646220187865,0.22739768593075008,0.766363667849062
missing_neural_feedback,21,gic_vol_050,1.8918996615146616e-06,3.1849719901409306,1.0,0.05414947481494708,0.00024078052050498886,3.0574962545200956e-05,1.7227996266990226e-39,0.0038087168666742495,0.14407902797746044,0.8521122551558653
missing_neural_feedback,21,stacking,9.494664190952733e-05,3.0194743754840094,1.0,0.054533241445881536,0.00023664858935409206,3.9550994364144e-05,2.4885758773219566e-10,0.15945872754597443,0.8405412719725773,2.3259062897879046e-10
missing_neural_feedback,21,hard_gic,1.1753954704859774e-05,3.2216428973546036,1.0,0.051092538046214116,0.00024128999101545012,0.0,0.0,0.0,0.0,1.0
missing_neural_feedback,22,equal,7.944372024477343e-05,2.958080984360948,1.0,0.061050619275990835,0.00023593740906781706,0.00010953994524192005,0.25,0.25,0.25,0.25
missing_neural_feedback,22,aic,7.606258240671829e-05,3.103684453567131,1.0,0.050203911276709486,0.00023042076166697356,2.504063669379386e-06,3.938415426827065e-30,0.9861681045679609,0.011285827358471966,0.0025460680735670516
missing_neural_feedback,22,bic,7.89548997217276e-05,3.100071109025244,1.0,0.04992179363330909,0.00023028829374323206,8.936158225113042e-09,1.999702025457659e-29,0.9999584494556607,4.0730500232206526e-05,8.200441071624658e-07
missing_neural_feedback,22,gic_eff,6.173069082771162e-06,3.117326556842182,1.0,0.05755885846414955,0.0002400001490015145,6.658635996840749e-05,6.8119364935298805e-31,0.05104986766019652,0.4772271527507853,0.4717229795890182
missing_neural_feedback,22,gic_vol_050,2.0857124826695706e-05,3.1003122007896096,1.0,0.05711935049342795,0.00024046099758867027,6.137216561683704e-05,3.884722527252461e-30,0.03249454758585857,0.35190960951618,0.6155958428979614
missing_neural_feedback,22,stacking,1.4975201337429889e-05,3.0054199965868653,1.0,0.06392807204112308,0.00023696841639629472,0.0001426601539993342,0.21781601583298432,0.13120918559687514,0.5475975490387296,0.10337724953141095
missing_neural_feedback,22,hard_gic,3.7016540550674845e-05,3.173834639241462,1.0,0.050902904667010605,0.00023952236844552768,0.0,0.0,0.0,1.0,0.0
missing_neural_feedback,23,equal,2.5483050206211767e-05,3.0491212273662294,1.0,0.060117120089741974,0.00023628769595831898,9.920676799334402e-05,0.25,0.25,0.25,0.25
missing_neural_feedback,23,aic,3.134297947683155e-05,3.2033129124847872,1.0,0.04982889847777559,0.00022912795266569902,3.06425328108094e-07,5.076734964598124e-29,0.9986614334692114,0.0012755772513264577,6.298927946215076e-05
missing_neural_feedback,23,bic,3.1561043375288094e-05,3.2033824778666657,1.0,0.04979405718897077,0.00022911147316968008,1.0928854842816828e-09,2.545522791941177e-28,0.999995433835392,4.546129920278328e-06,2.00346877239632e-08
missing_neural_feedback,23,gic_eff,8.803576705193781e-06,3.132781876367044,1.0,0.056598098032503416,0.0002368433926949308,6.130756954493425e-05,7.370162219488799e-29,0.3800709510326123,0.5511172518980814,0.06881179706930632
missing_neural_feedback,23,gic_vol_050,1.0294044951719957e-05,3.127650155198808,1.0,0.05676774010835762,0.0002378234472683719,6.212990395841054e-05,6.135972282264932e-28,0.30790218021504356,0.5723882356018418,0.11970958418311461
missing_neural_feedback,23,stacking,6.55374348010575e-05,3.0887280546229237,1.0,0.052666905962664,0.0002333127457182389,2.3012419571888323e-05,0.1822427640269048,0.5502087981931589,1.7452968192415083e-09,0.2675484360346394
missing_neural_feedback,23,hard_gic,9.937429342264049e-05,3.045967389409254,1.0,0.051094720554188594,0.0002413768737362943,0.0,0.0,0.0,1.0,0.0
missing_neural_feedback,24,equal,1.6008993218741674e-05,3.036132036660924,1.0,0.06192422802107874,0.0002367051197899289,0.00011981783755463342,0.25,0.25,0.25,0.25
missing_neural_feedback,24,aic,2.215780495306951e-05,3.223769889293181,1.0,0.04980233810259666,0.00022903227983472578,1.576766115591317e-07,9.797294905845084e-40,0.9994041596381452,0.000568221918493096,2.761844336154053e-05
missing_neural_feedback,24,bic,2.2242142883706607e-05,3.2238777255382347,1.0,0.049784555064351595,0.0002290251304523919,5.615649694034457e-10,4.908817720757182e-39,0.9999979675912214,2.0236308233730343e-06,8.777955208772237e-09
missing_neural_feedback,24,gic_eff,3.3405440320694263e-06,3.143476450979036,1.0,0.05647638876507466,0.0002337727420444537,6.354261055122208e-05,2.230578797877815e-39,0.6144682080144448,0.34346954682439373,0.04206224516116159
missing_neural_feedback,24,gic_vol_050,3.7328865210572272e-06,3.138752748385343,1.0,0.05672029997889884,0.00023452637814411738,6.55255999878787e-05,2.03875999878272e-38,0.5645024210264422,0.35644824516895957,0.07904933380459818
missing_neural_feedback,24,stacking,1.5476760523869445e-05,3.074678619922065,1.0,0.05963271493915428,0.00024246533154486234,8.844531758540177e-05,0.13687959867007832,6.108282891777928e-11,0.2111080835437316,0.6520123177251071
missing_neural_feedback,24,hard_gic,2.2242446086949302e-05,3.223878104117646,1.0,0.049784491643273074,0.00022902510635842952,0.0,0.0,1.0,0.0,0.0
missing_neural_feedback,25,equal,2.6834612968690716e-05,3.0085045485823,1.0,0.06293384993231113,0.00023742507194544424,0.00013126888057355863,0.25,0.25,0.25,0.25
missing_neural_feedback,25,aic,3.458100405267669e-05,3.1962022257097806,1.0,0.049853391883984535,0.00022914495690145404,5.171339338828543e-07,5.829162859702222e-40,0.9982846258868666,0.0016599747719510866,5.5399341182311206e-05
missing_neural_feedback,25,bic,3.491338946294043e-05,3.1963141510075284,1.0,0.04979575547817694,0.00022912732208024965,1.8452399226655171e-09,2.9238964544106837e-39,0.9999940640333934,5.9183393860237695e-06,1.762722053378959e-08
missing_neural_feedback,25,gic_eff,2.2483453953257635e-05,3.0890921195163332,1.0,0.05799622864265884,0.00023603623499614997,7.864686778069771e-05,7.657276068678598e-40,0.36154785531544026,0.5870078685540587,0.0514442761305012
missing_neural_feedback,25,gic_vol_050,2.189677146874354e-05,3.0860818594218604,1.0,0.05825359409933861,0.00023685948304186783,8.095511385593561e-05,6.613532413837674e-39,0.32091758682489246,0.5877912852327721,0.09129112794233553
missing_neural_feedback,25,stacking,5.221636395399625e-06,3.0817515314570088,1.0,0.06032285599100784,0.0002453295565512759,9.844273826855857e-05,3.194183176218375e-11,3.0879898283823155e-11,0.40636465637471647,0.5936353435624618
missing_neural_feedback,25,hard_gic,0.00014411850985767604,2.9566535898600965,1.0,0.05085547012386981,0.00023910363383807762,0.0,0.0,0.0,1.0,0.0
missing_neural_feedback,26,equal,9.725953369726989e-05,2.9409421929139787,1.0,0.060515622133149545,0.0002367977588321984,0.00010278553457824048,0.25,0.25,0.25,0.25
missing_neural_feedback,26,aic,9.953787160102952e-05,3.055257921112425,1.0,0.04993167202409329,0.0002300067899222499,3.798260971016676e-07,3.185215829420259e-25,0.9983578797339216,0.0016270832525200165,1.5037013558227591e-05
missing_neural_feedback,26,bic,0.0001000309761509402,3.0544791049583684,1.0,0.04988878082757501,0.00022998785828320792,1.3557401373255097e-09,1.597580880316772e-24,0.999994194570065,5.80064573846994e-06,4.784196606762479e-09
missing_neural_feedback,26,gic_eff,8.750889979693216e-07,3.1519752736330777,1.0,0.056219711435715615,0.000237401602739318,5.6455445024062686e-05,4.0803034772541134e-25,0.36160691658783134,0.6160514213617477,0.022341662050421058
missing_neural_feedback,26,gic_vol_050,4.3849655737795576e-07,3.152771893166831,1.0,0.05619493393001751,0.00023815302864212996,5.531867967035005e-05,3.208298881324604e-24,0.29992645260113987,0.6547660424293609,0.045307504969499375
missing_neural_feedback,26,stacking,1.5831624328266493e-06,3.151994715050331,1.0,0.056170210623746934,0.00023677214877065026,5.665234086014823e-05,1.7581177208746136e-11,0.4128220286325492,0.5871779713355793,1.4290382550884055e-11
missing_neural_feedback,26,hard_gic,2.8849486139333597e-05,3.1872373476489457,1.0,0.05111439466125966,0.00024154196710980113,0.0,0.0,0.0,1.0,0.0
missing_neural_feedback,27,equal,2.6637618316508033e-05,3.0479569386666414,1.0,0.06003180053979646,0.0002367376495502771,9.763601866451022e-05,0.25,0.25,0.25,0.25
missing_neural_feedback,27,aic,3.3703915335444816e-05,3.197483446869783,1.0,0.049873443327033744,0.0002293026887898772,5.430384375956047e-07,2.467536866834812e-26,0.9975912643090876,0.0022892654025916444,0.00011947028832085453
missing_neural_feedback,27,bic,3.4109333279674564e-05,3.1975617035041113,1.0,0.049810990003066005,0.00022926653054701257,1.9401339957825903e-09,1.2385690093539612e-25,0.999991794344587,8.167615465711456e-06,3.803994753965393e-08
missing_neural_feedback,27,gic_eff,1.7719011233066707e-05,3.120088206205056,1.0,0.056496189035291626,0.00024066957160449092,5.596910839915959e-05,2.130037993639583e-26,0.22655254497329874,0.6519595187537529,0.12148793627294828
missing_neural_feedback,27,gic_vol_050,1.2984550554258834e-05,3.120714309684435,1.0,0.056908379822697364,0.00024133303550698991,5.95688580178553e-05,1.584491922510437e-25,0.16400438293340194,0.6177327943353215,0.21826282273127662
missing_neural_feedback,27,stacking,2.3962142641876492e-05,3.1069965402039235,1.0,0.05667606442809751,0.00024360087349513382,5.446755758412199e-05,2.3854743297178508e-11,5.094889597546356e-11,0.7055184140843361,0.2944815858408602
missing_neural_feedback,27,hard_gic,9.311242778715986e-05,3.0553451274925156,1.0,0.05141664084259253,0.0002444770418251216,0.0,0.0,0.0,1.0,0.0
missing_neural_feedback,28,equal,1.9536310813794922e-05,3.035484139339032,1.0,0.06154042932137841,0.00023551612132085659,0.00011603672325969062,0.25,0.25,0.25,0.25
missing_neural_feedback,28,aic,2.6233736433103163e-05,3.211055492401267,1.0,0.0500720782741736,0.00023140827882161042,2.918913401969257e-07,4.882872690522018e-37,0.998840538271409,0.001137484386703851,2.1977341887102484e-05
missing_neural_feedback,28,bic,2.6409108640130137e-05,3.211178107822321,1.0,0.0500401017372963,0.00023140077194327746,1.040412936946312e-09,2.447880643183667e-36,0.999995939765986,4.0532450397798234e-06,6.988974237599351e-09
missing_neural_feedback,28,gic_eff,1.14351619658885e-05,3.1266053110054077,1.0,0.05667126615116305,0.00023479181636666425,6.479446382498419e-05,7.033019773253967e-37,0.48572077818964693,0.48753325422843374,0.02674596758191935
missing_neural_feedback,28,gic_vol_050,1.14095316031575e-05,3.1253521771655923,1.0,0.05675060441672011,0.00023501008909081837,6.533025985668504e-05,5.4279561995661514e-36,0.46141296906442986,0.4907772649263212,0.047809766009248925
missing_neural_feedback,28,stacking,1.9338536943056707e-06,3.1199120265136884,1.0,0.0579272216596913,0.0002395493819974686,7.189311973602403e-05,1.86787601956527e-11,2.8576077698490574e-11,0.4171438655521301,0.5828561344006151
missing_neural_feedback,28,hard_gic,0.00012812811262395801,2.989458025178841,1.0,0.05072449197038021,0.00023784225498731985,0.0,0.0,0.0,1.0,0.0
missing_neural_feedback,29,equal,8.040402203196313e-07,3.059009906017061,1.0,0.061713633535611864,0.00023382898528230632,0.0001200885518284039,0.25,0.25,0.25,0.25
missing_neural_feedback,29,aic,5.570990204202936e-06,3.2594218922045473,1.0,0.04979810402352442,0.00022882081587605202,3.328925922810787e-07,9.848336533312938e-46,0.9986078503249642,0.001350340112066671,4.180956296926978e-05
missing_neural_feedback,29,bic,5.554401952942059e-06,3.260191918506161,1.0,0.049760960128103555,0.00022880909806862322,1.1867716336462118e-09,4.9383125025651836e-45,0.9999951738609981,4.812840131427479e-06,1.3298870432848425e-08
missing_neural_feedback,29,gic_eff,7.093113643710004e-05,3.0371727166107965,1.0,0.05635011510186069,0.00023358546022772642,6.254597558127063e-05,1.3876326215584052e-45,0.43858885585318735,0.49516317349970035,0.06624797064711224
missing_neural_feedback,29,gic_vol_050,5.923801590026589e-05,3.054907394025141,1.0,0.05641085009786392,0.000233801794781446,6.2724072776232e-05,1.1428755032784622e-44,0.4181985901303947,0.4519210487164215,0.12988036115318363
missing_neural_feedback,29,stacking,0.00011826195888368915,2.969054849800685,1.0,0.055794124965087,0.00023429672623436864,5.599292655308917e-05,1.8357620037683064e-11,0.3486641568015879,0.6513358431626499,1.7404390923690635e-11
missing_neural_feedback,29,hard_gic,0.000264561342955645,2.7105089621501346,1.0,0.05065811472958569,0.00023723430973719375,0.0,0.0,0.0,1.0,0.0
missing_neural_feedback,30,equal,4.9136571119461324e-06,3.040222559944493,1.0,0.06266301602538961,0.0002394634909950663,0.0001264111710254991,0.25,0.25,0.25,0.25
missing_neural_feedback,30,aic,1.9962123120274748e-05,3.228248502512737,1.0,0.04981958293616024,0.000229278335960829,7.171152554874672e-08,1.1819654351323683e-42,0.9997595225666782,0.00019774816419331102,4.272926912849567e-05
missing_neural_feedback,30,bic,1.9993706592087974e-05,3.2283178006015945,1.0,0.049811352511797316,0.00022927369913688806,2.542947461188277e-10,5.919999576042764e-42,0.9999992824253567,7.039988316983611e-07,1.3575811589574449e-08
missing_neural_feedback,30,gic_eff,3.313049944587664e-06,3.1598770090872437,1.0,0.05558087204735563,0.00023431869855435698,5.319457808067854e-05,3.5302798512274584e-42,0.7389207566928165,0.1777215077458184,0.08335773556136489
missing_neural_feedback,30,gic_vol_050,3.9009493289074455e-06,3.1551284937507833,1.0,0.05581136609633085,0.00023593696476474272,5.420078675131786e-05,3.503887525656579e-41,0.6548621035784403,0.1807228118087779,0.16441508461278176
missing_neural_feedback,30,stacking,8.771266392951078e-05,2.9595977771195163,1.0,0.060856789722066734,0.0002441161256158749,0.0001016925521971928,0.07722392104742906,0.16468064936781768,0.758095429449578,1.3517538768017151e-10
missing_neural_feedback,30,hard_gic,1.9993820132289497e-05,3.228318039880295,1.0,0.049811323501112476,0.00022927368524662385,0.0,0.0,1.0,0.0,0.0
missing_neural_feedback,31,equal,4.2302708402105296e-07,3.0543176145804223,1.0,0.06205605275053624,0.00023505834196003875,0.00012316546443293065,0.25,0.25,0.25,0.25
missing_neural_feedback,31,aic,6.362323827196977e-06,3.256212099309669,1.0,0.04988883279428872,0.00022897705000568617,1.0140313062580746e-06,2.052478290956547e-41,0.9967120197329782,0.003251222129397181,3.675813762460895e-05
missing_neural_feedback,31,bic,6.5851409346770295e-06,3.257871010702241,1.0,0.04977570399317703,0.00022894081495336641,3.632494652818575e-09,1.0311375197530857e-40,0.9999883784188989,1.1609866838612961e-05,1.1714262596915486e-08
missing_neural_feedback,31,gic_eff,0.0001240261221429028,2.9545797827314244,1.0,0.05652821297123857,0.00023743687185507646,6.053998914552263e-05,1.8111984369737255e-41,0.23158183069548458,0.7326977646733505,0.0357204046311649
missing_neural_feedback,31,gic_vol_050,0.00011572060108612903,2.964995650401831,1.0,0.05677193196712956,0.00023763358109193998,6.295708607048585e-05,1.7110029624333846e-40,0.21349674984856934,0.709388612914027,0.07711463723740368
missing_neural_feedback,31,stacking,0.0001426479522377307,2.908650962363807,1.0,0.05821013642709342,0.00023949529072782983,7.547360968843524e-05,0.05745608608365728,9.938650517843157e-11,0.8182455808343422,0.12429833298261402
missing_neural_feedback,31,hard_gic,0.00024975619203597746,2.7439808396843355,1.0,0.05094686583424632,0.0002400011358084979,0.0,0.0,0.0,1.0,0.0
missing_neural_feedback,32,equal,8.424975591631081e-05,2.9362450885390974,1.0,0.062492378313398045,0.0002370672361671307,0.00012546832179200661,0.25,0.25,0.25,0.25
missing_neural_feedback,32,aic,9.65559285435393e-05,3.0619184489266007,1.0,0.04992086521113518,0.0002296292134363035,6.564493076590807e-07,2.429817075026872e-32,0.9976703451580272,0.002253085765264274,7.656907670855865e-05
missing_neural_feedback,32,bic,9.73051204480723e-05,3.060755249007798,1.0,0.04984684537421876,0.00022959805088413005,2.345093012325711e-09,1.2195392296650489e-31,0.9999919377238108,8.037898134798435e-06,2.4378054529873387e-08
missing_neural_feedback,32,gic_eff,1.6508846987162196e-06,3.1262741095104856,1.0,0.05763609837025639,0.00023927477355783876,7.012336219543131e-05,2.494636687764902e-32,0.27855354103927754,0.6315532078240508,0.08989325113667172
missing_neural_feedback,32,gic_vol_050,5.812568220266245e-07,3.1204257385496725,1.0,0.05807156807265698,0.00023998990848384932,7.391253996218005e-05,1.9994288955299925e-31,0.22462834983025526,0.602566113176546,0.17280553699319878
missing_neural_feedback,32,stacking,0.00010324485016281529,3.039008289554693,1.0,0.0507053684970802,0.00023556562024012456,2.0296285430080696e-06,6.270012683525884e-12,0.5519506814739441,5.063103747494898e-10,0.4480493180134754
missing_neural_feedback,32,hard_gic,5.434716086041301e-05,3.1334824380368524,1.0,0.051266054592242497,0.00024302439790452888,0.0,0.0,0.0,1.0,0.0
missing_neural_feedback,33,equal,3.025372697769422e-05,3.0224367353391535,1.0,0.06143065684530288,0.00023615455248205298,0.00011420250892507007,0.25,0.25,0.25,0.25
missing_neural_feedback,33,aic,3.7752710158367815e-05,3.1887709949460836,1.0,0.0498859736805965,0.00022923595005527297,7.268629827896215e-07,2.1514960187017195e-32,0.9970430297062965,0.002751686978152991,0.0002052833155505508
missing_neural_feedback,33,bic,3.82928844125923e-05,3.188778438648036,1.0,0.04980355124445186,0.00022919793913302118,2.5972742263833667e-09,1.0805257248552913e-31,0.9999901117812393,9.822819678220023e-06,6.539908256815952e-08
missing_neural_feedback,33,gic_eff,1.3731278802453588e-05,3.1131099557368547,1.0,0.05729564046376926,0.00023924159533594028,6.612368318072624e-05,1.7049661909210209e-32,0.21268119334992908,0.6039396213594156,0.18337918529065536
missing_neural_feedback,33,gic_vol_050,5.4661575666682555e-06,3.1182065658319686,1.0,0.057746727674912166,0.0002398385107596162,7.018595393427948e-05,1.2657916613813466e-31,0.1577888574168996,0.5262611603655662,0.3159499822175341
missing_neural_feedback,33,stacking,3.942677122930165e-05,3.1757082254387794,1.0,0.05045740201979851,0.00023368643682056576,1.5834541147108107e-06,2.9064574062135996e-11,0.6288906399054554,2.607822524016184e-11,0.37110936003940176
missing_neural_feedback,33,hard_gic,0.00010488816256703377,3.0338347157050745,1.0,0.05117478867945505,0.00024215570298833305,0.0,0.0,0.0,1.0,0.0
missing_neural_feedback,34,equal,2.1855675969936767e-05,3.0331007788628375,1.0,0.06148575699298686,0.0002352632016518688,0.00011566036753548245,0.25,0.25,0.25,0.25
missing_neural_feedback,34,aic,2.7020800877362494e-05,3.2108053381747217,1.0,0.049973831880186816,0.00023039304014852737,3.9001125341739547e-07,7.602626015901022e-35,0.9984709918172205,0.001513190365352518,1.5817817426987885e-05
missing_neural_feedback,34,bic,2.726088914972954e-05,3.2109582308142732,1.0,0.04993070240693276,0.00023038080440223983,1.3916965984128966e-09,3.81275229289374e-34,0.9999946009658679,5.394002081858714e-06,5.032050146891388e-09
missing_neural_feedback,34,gic_eff,1.8355163742596223e-05,3.115404304935386,1.0,0.0566874355493195,0.00023512513276081396,6.449994120150552e-05,9.877669623687103e-35,0.4135603026410635,0.5611041471646471,0.025335550194289434
missing_neural_feedback,34,gic_vol_050,1.7785982058492053e-05,3.1141313572952773,1.0,0.0568244074586811,0.00023540664502563627,6.555817103894504e-05,7.816842761482351e-34,0.38485554329848826,0.5613160439768003,0.05382841272471138
missing_neural_feedback,34,stacking,3.2735174723932355e-05,3.1834539657701515,1.0,0.05082569251122667,0.00023554794061201302,3.172766717171866e-06,2.4416139643683743e-11,0.47383817180057136,1.1998721983449395e-11,0.5261618281630138
missing_neural_feedback,34,hard_gic,0.00012559826537270792,2.9943835614126546,1.0,0.050782240661847854,0.00023839275592889715,0.0,0.0,0.0,1.0,0.0
missing_neural_feedback,35,equal,3.0355348364755957e-05,3.0500959761260833,1.0,0.05953005255689027,0.00023600569777355713,9.264036387505019e-05,0.25,0.25,0.25,0.25
missing_neural_feedback,35,aic,3.4050590414679814e-05,3.197108888156969,1.0,0.0498518592945333,0.00022933610774849048,3.1077233377236717e-07,2.8643670980165983e-25,0.9984580540922056,0.0014496989907035291,9.224691709095114e-05
missing_neural_feedback,35,bic,3.4294677596745715e-05,3.1971195071152403,1.0,0.049816533381017214,0.00022931924937804186,1.1079337729072644e-09,1.436512320344273e-24,0.9999948029083023,5.1677452204467495e-06,2.9346477378032525e-08
missing_neural_feedback,35,gic_eff,5.223171970647438e-06,3.1476474182577334,1.0,0.056033839397594466,0.0002365456196891791,5.5208498144359743e-05,3.653140772444434e-25,0.3540073276319678,0.5550097885400681,0.0909828838279642
missing_neural_feedback,35,gic_vol_050,5.814197875006631e-06,3.1431071478491863,1.0,0.05624082602679516,0.00023752395910321374,5.6325486003002945e-05,2.767386628139669e-24,0.2783666636283301,0.5706203389692363,0.15101299740243357
missing_neural_feedback,35,stacking,3.940580156931444e-05,3.114525432806275,1.0,0.05451653725549489,0.00024056237069940758,3.47692070646803e-05,1.5647731612185344e-11,1.2889482811264455e-10,0.8380030795561662,0.16199692029929125
missing_neural_feedback,35,hard_gic,7.861174677623693e-05,3.0888671032925195,1.0,0.05096577891112334,0.00024012870444317238,0.0,0.0,0.0,1.0,0.0
missing_neural_feedback,36,equal,1.9343784072263317e-05,3.0443426919817793,1.0,0.060914023996746045,0.0002348564978178098,0.00010943841029589454,0.25,0.25,0.25,0.25
missing_neural_feedback,36,aic,2.4164705605178325e-05,3.2154497225860674,1.0,0.05004794608766597,0.00022946126763896305,2.007358206948536e-06,1.5698808393341847e-30,0.9864704172353744,0.008073460582587814,0.005456122182037895
missing_neural_feedback,36,bic,2.5454699245235197e-05,3.216401033663943,1.0,0.049818458023377504,0.0002293327700900762,6.985142625649936e-09,7.968598946405239e-30,0.9999691147337197,2.9128464323964595e-05,1.7568019563910687e-06
missing_neural_feedback,36,gic_eff,3.0083523462337286e-06,3.155678443634567,1.0,0.055655959564089114,0.00023941980282969494,4.715926992112162e-05,1.895652463561914e-31,0.03485596668656447,0.27195891302164005,0.6931851202917955
missing_neural_feedback,36,gic_vol_050,7.010748746050204e-06,3.1675183354001955,1.0,0.054560738339714004,0.0002398485582838735,3.5466532281187025e-05,1.0160712958769366e-30,0.020436257831300972,0.18233394327223218,0.7972297988964668
missing_neural_feedback,36,stacking,3.877622582943156e-05,3.0855973458967907,1.0,0.056099315147645226,0.00023881060305312333,5.259267706536267e-05,0.17751517239527656,1.0058485464782065e-10,0.08344972576795186,0.7390351017361867
missing_neural_feedback,36,hard_gic,2.6819863593162905e-05,3.191067112214369,1.0,0.051024448370082166,0.0002406203681632833,0.0,0.0,0.0,0.0,1.0
missing_neural_feedback,37,equal,6.899943923278807e-05,2.936097231368597,1.0,0.06402394436677264,0.00023653687858543577,0.00014417690027382411,0.25,0.25,0.25,0.25
missing_neural_feedback,37,aic,8.681592926666152e-05,3.0818948699203905,1.0,0.05023471058549332,0.00023182788804973714,1.3906620978675607e-06,1.1789435645296203e-40,0.9937869361500817,0.004234282528221463,0.00197878132169674
missing_neural_feedback,37,bic,8.827494156913282e-05,3.0798080386539555,1.0,0.05008087051552878,0.0002317748505932358,4.805247538729879e-09,5.940262437179568e-40,0.9999842027967928,1.5164742052189268e-05,6.324611550571086e-07
missing_neural_feedback,37,gic_eff,9.099465408276317e-06,3.10896324697976,1.0,0.05778868769372701,0.00024026984116347496,6.898161241435964e-05,3.3078104985074524e-41,0.09120211186189996,0.3294900334072176,0.5793078547308825
missing_neural_feedback,37,gic_vol_050,2.3323670645792447e-05,3.106213391320113,1.0,0.05650609040719741,0.000240814843966121,5.4648084031866056e-05,1.904873114970047e-40,0.06298299294299409,0.22635218271459454,0.7106648243424114
missing_neural_feedback,37,stacking,2.144343953183648e-06,3.1108662994326814,1.0,0.05835276523392866,0.00024062093352943752,7.454349291325608e-05,1.6734397830154154e-09,4.5423515360626515e-15,0.564698871494593,0.43530112683196265
missing_neural_feedback,37,hard_gic,7.77207226352356e-05,3.083739153881221,1.0,0.05117210554114175,0.00024202171494439387,0.0,0.0,0.0,0.0,1.0
missing_neural_feedback,38,equal,1.803088546472333e-05,3.0480984917634304,1.0,0.060943118390767534,0.00023695665417381887,0.00010820961071462516,0.25,0.25,0.25,0.25
missing_neural_feedback,38,aic,2.5532285354719453e-05,3.2157896239820847,1.0,0.04983632691235241,0.00022920837016588013,2.9461629996546784e-07,2.109526306915242e-31,0.9988932212237346,0.00109162153869171,1.5157237573689461e-05
missing_neural_feedback,38,bic,2.570971899445177e-05,3.2159429565800606,1.0,0.0498031781122998,0.00022919566510040977,1.0507279565759783e-09,1.0574916544216973e-30,0.999996105564576,3.8896155521082445e-06,4.81987193661406e-09
missing_neural_feedback,38,gic_eff,1.4213449030032962e-05,3.1166362413781963,1.0,0.05706427820247184,0.00023555709180591108,6.799142246068644e-05,3.6295442761624215e-31,0.4537777115640528,0.5266832049272998,0.019539083508647383
missing_neural_feedback,38,gic_vol_050,1.920840432380116e-05,3.108351517263858,1.0,0.05710323438586148,0.0002363370143686558,6.767897947961829e-05,3.231914843718808e-30,0.3949482369055204,0.5668948301694959,0.038156932924983705
missing_neural_feedback,38,stacking,2.1948032964663426e-05,3.082757034215006,1.0,0.05851706202192509,0.00024282284802654974,7.788507963265282e-05,1.2635648824510086e-10,1.3183214210158265e-11,0.6190816472839437,0.3809183525765165
missing_neural_feedback,38,hard_gic,0.0001321752442146858,2.9803766068797426,1.0,0.05101662612138301,0.00024063662103249089,0.0,0.0,0.0,1.0,0.0
missing_neural_feedback,39,equal,8.419393117131077e-05,2.9744040263999008,1.0,0.05928302217641371,0.00023755624798823714,8.809578607787337e-05,0.25,0.25,0.25,0.25
missing_neural_feedback,39,aic,8.487854855183157e-05,3.0830237849611093,1.0,0.05047012344539898,0.00023468605497382327,7.486245893613714e-07,4.19357701443745e-25,0.9959987045744676,0.003820682973185209,0.00018061245234705017
missing_neural_feedback,39,bic,8.585308872416868e-05,3.0816865648505054,1.0,0.050388876527968814,0.00023466607586271858,2.6784405142615407e-09,2.1083011970831827e-24,0.9999862892896644,1.3653110776474107e-05,5.7599559232672157e-08
missing_neural_feedback,39,gic_eff,9.835504051285955e-07,3.169206742897148,1.0,0.05517547503461905,0.00023886241863176267,4.3593304866964316e-05,2.47707168628052e-25,0.19921201485547044,0.7219344284355498,0.07885355670897992
missing_neural_feedback,39,gic_vol_050,9.619841485075974e-07,3.1663838808005633,1.0,0.05532834620644726,0.00023923689377744272,4.469409388653506e-05,1.5414486396179821e-24,0.15375433686573833,0.731406468180534,0.11483919495372759
missing_neural_feedback,39,stacking,0.00019450192369906187,2.839483401783923,1.0,0.052938074527809374,0.00024086264245419406,1.8161539595594983e-05,0.2551565029148027,1.8645334519957164e-11,2.2051504112688253e-10,0.7448434968460369
missing_neural_feedback,39,hard_gic,2.3611997329000196e-05,3.2013536136786462,1.0,0.050900448046080966,0.00023948053054559528,0.0,0.0,0.0,1.0,0.0
